-- The C compiler identification is GNU 11.4.0
-- The CXX compiler identification is GNU 11.4.0
-- Detecting C compiler ABI info
-- Detecting C compiler ABI info - done
-- Check for working C compiler: /usr/bin/cc - skipped
-- Detecting C compile features
-- Detecting C compile features - done
-- Detecting CXX compiler ABI info
-- Detecting CXX compiler ABI info - done
-- Check for working CXX compiler: /usr/bin/c++ - skipped
-- Detecting CXX compile features
-- Detecting CXX compile features - done
-- Found ament_cmake: 1.3.12 (/opt/ros/humble/share/ament_cmake/cmake)
-- Found Python3: /usr/bin/python3 (found version "3.10.12") found components: Interpreter 
-- Found rosidl_default_generators: 1.2.0 (/opt/ros/humble/share/rosidl_default_generators/cmake)
-- Using all available rosidl_typesupport_c: rosidl_typesupport_fastrtps_c;rosidl_typesupport_introspection_c
-- Found rosidl_adapter: 3.1.7 (/opt/ros/humble/share/rosidl_adapter/cmake)
-- Using all available rosidl_typesupport_cpp: rosidl_typesupport_fastrtps_cpp;rosidl_typesupport_introspection_cpp
-- Found std_msgs: 4.9.0 (/opt/ros/humble/share/std_msgs/cmake)
-- Found geometry_msgs: 4.9.0 (/opt/ros/humble/share/geometry_msgs/cmake)
-- Found sensor_msgs: 4.9.0 (/opt/ros/humble/share/sensor_msgs/cmake)
-- Found ament_cmake_ros: 0.10.0 (/opt/ros/humble/share/ament_cmake_ros/cmake)
-- Using all available rosidl_typesupport_c: rosidl_typesupport_fastrtps_c;rosidl_typesupport_introspection_c
-- Using all available rosidl_typesupport_cpp: rosidl_typesupport_fastrtps_cpp;rosidl_typesupport_introspection_cpp
-- Found PythonInterp: /usr/bin/python3 (found suitable version "3.10.12", minimum required is "3.6") 
-- Found python_cmake_module: 0.10.0 (/opt/ros/humble/share/python_cmake_module/cmake)
-- Found PythonLibs: /usr/lib/x86_64-linux-gnu/libpython3.10.so (found suitable version "3.10.12", minimum required is "3.5") 
-- Using PYTHON_EXECUTABLE: /usr/bin/python3
-- Using PYTHON_INCLUDE_DIRS: /usr/include/python3.10
-- Using PYTHON_LIBRARIES: /usr/lib/x86_64-linux-gnu/libpython3.10.so
-- Found PythonExtra: .so  
-- Configuring done
-- Generating done
-- Build files have been written to: /home/gera/Desktop/EUFS_FORK_CONTAINERIZED/eufs-f1-sim/ws/build/eufs_msgs
[  0%] Generating C code for ROS interfaces
[  0%] Generating C++ code for ROS interfaces
[  0%] Built target ament_cmake_python_copy_eufs_msgs
running egg_info
creating eufs_msgs.egg-info
writing eufs_msgs.egg-info/PKG-INFO
writing dependency_links to eufs_msgs.egg-info/dependency_links.txt
writing top-level names to eufs_msgs.egg-info/top_level.txt
writing manifest file 'eufs_msgs.egg-info/SOURCES.txt'
reading manifest file 'eufs_msgs.egg-info/SOURCES.txt'
writing manifest file 'eufs_msgs.egg-info/SOURCES.txt'
[  0%] Built target ament_cmake_python_build_eufs_msgs_egg
[  0%] Built target eufs_msgs__cpp
[  0%] Generating C++ type support for eProsima Fast-RTPS
[  0%] Generating C++ type support dispatch for ROS interfaces
[  0%] Generating C++ introspection for ROS interfaces
[  0%] Building C object CMakeFiles/eufs_msgs__rosidl_generator_c.dir/rosidl_generator_c/eufs_msgs/msg/detail/car_forces__functions.c.o
[  0%] Building C object CMakeFiles/eufs_msgs__rosidl_generator_c.dir/rosidl_generator_c/eufs_msgs/msg/detail/chassis_state__functions.c.o
[  1%] Building C object CMakeFiles/eufs_msgs__rosidl_generator_c.dir/rosidl_generator_c/eufs_msgs/msg/detail/car_state__functions.c.o
[  1%] Building C object CMakeFiles/eufs_msgs__rosidl_generator_c.dir/rosidl_generator_c/eufs_msgs/msg/detail/cone_array__functions.c.o
[  1%] Building C object CMakeFiles/eufs_msgs__rosidl_generator_c.dir/rosidl_generator_c/eufs_msgs/msg/detail/bounding_box__functions.c.o
[  1%] Building C object CMakeFiles/eufs_msgs__rosidl_generator_c.dir/rosidl_generator_c/eufs_msgs/msg/detail/bounding_boxes__functions.c.o
[  1%] Building C object CMakeFiles/eufs_msgs__rosidl_generator_c.dir/rosidl_generator_c/eufs_msgs/msg/detail/cone_array_with_covariance__functions.c.o
[  2%] Building C object CMakeFiles/eufs_msgs__rosidl_generator_c.dir/rosidl_generator_c/eufs_msgs/msg/detail/can_state__functions.c.o
[  2%] Building C object CMakeFiles/eufs_msgs__rosidl_generator_c.dir/rosidl_generator_c/eufs_msgs/msg/detail/cone_with_color_probability_array__functions.c.o
[  2%] Building C object CMakeFiles/eufs_msgs__rosidl_generator_c.dir/rosidl_generator_c/eufs_msgs/msg/detail/chassis_command__functions.c.o
[  3%] Building C object CMakeFiles/eufs_msgs__rosidl_generator_c.dir/rosidl_generator_c/eufs_msgs/msg/detail/cone_with_covariance__functions.c.o
[  3%] Building C object CMakeFiles/eufs_msgs__rosidl_generator_c.dir/rosidl_generator_c/eufs_msgs/msg/detail/cone_association_array__functions.c.o
[  3%] Building C object CMakeFiles/eufs_msgs__rosidl_generator_c.dir/rosidl_generator_c/eufs_msgs/msg/detail/cone_with_color_probability__functions.c.o
[  3%] Building C object CMakeFiles/eufs_msgs__rosidl_generator_c.dir/rosidl_generator_c/eufs_msgs/msg/detail/cone_association_array_array_stamped__functions.c.o
[  3%] Building C object CMakeFiles/eufs_msgs__rosidl_generator_c.dir/rosidl_generator_c/eufs_msgs/msg/detail/cone_association__functions.c.o
[  3%] Building C object CMakeFiles/eufs_msgs__rosidl_generator_c.dir/rosidl_generator_c/eufs_msgs/msg/detail/cone_association_array_stamped__functions.c.o
[  3%] Building C object CMakeFiles/eufs_msgs__rosidl_generator_c.dir/rosidl_generator_c/eufs_msgs/msg/detail/costmap__functions.c.o
[  4%] Building C object CMakeFiles/eufs_msgs__rosidl_generator_c.dir/rosidl_generator_c/eufs_msgs/msg/detail/cpu_usage__functions.c.o
[  4%] Building C object CMakeFiles/eufs_msgs__rosidl_generator_c.dir/rosidl_generator_c/eufs_msgs/msg/detail/ekf_state__functions.c.o
[  4%] Building C object CMakeFiles/eufs_msgs__rosidl_generator_c.dir/rosidl_generator_c/eufs_msgs/msg/detail/cpu_status__functions.c.o
[  4%] Building C object CMakeFiles/eufs_msgs__rosidl_generator_c.dir/rosidl_generator_c/eufs_msgs/msg/detail/full_state__functions.c.o
[  4%] Building C object CMakeFiles/eufs_msgs__rosidl_generator_c.dir/rosidl_generator_c/eufs_msgs/msg/detail/ekf_err__functions.c.o
[  4%] Building C object CMakeFiles/eufs_msgs__rosidl_generator_c.dir/rosidl_generator_c/eufs_msgs/msg/detail/mpc_state__functions.c.o
[  4%] Building C object CMakeFiles/eufs_msgs__rosidl_generator_c.dir/rosidl_generator_c/eufs_msgs/msg/detail/integration_err__functions.c.o
[  4%] Building C object CMakeFiles/eufs_msgs__rosidl_generator_c.dir/rosidl_generator_c/eufs_msgs/msg/detail/heartbeat__functions.c.o
[  5%] Building C object CMakeFiles/eufs_msgs__rosidl_generator_c.dir/rosidl_generator_c/eufs_msgs/msg/detail/lap_stats__functions.c.o
[  5%] Building C object CMakeFiles/eufs_msgs__rosidl_generator_c.dir/rosidl_generator_c/eufs_msgs/msg/detail/node_state_array__functions.c.o
[  5%] Building C object CMakeFiles/eufs_msgs__rosidl_generator_c.dir/rosidl_generator_c/eufs_msgs/msg/detail/oss__functions.c.o
[  6%] Building C object CMakeFiles/eufs_msgs__rosidl_generator_c.dir/rosidl_generator_c/eufs_msgs/msg/detail/particle_slam_stamped__functions.c.o
[  6%] Building C object CMakeFiles/eufs_msgs__rosidl_generator_c.dir/rosidl_generator_c/eufs_msgs/msg/detail/particle_slam__functions.c.o
[  6%] Building C object CMakeFiles/eufs_msgs__rosidl_generator_c.dir/rosidl_generator_c/eufs_msgs/msg/detail/particle__functions.c.o
[  6%] Building C object CMakeFiles/eufs_msgs__rosidl_generator_c.dir/rosidl_generator_c/eufs_msgs/msg/detail/node_state__functions.c.o
[  6%] Building C object CMakeFiles/eufs_msgs__rosidl_generator_c.dir/rosidl_generator_c/eufs_msgs/msg/detail/particle_stamped__functions.c.o
[  6%] Building C object CMakeFiles/eufs_msgs__rosidl_generator_c.dir/rosidl_generator_c/eufs_msgs/msg/detail/path_integral_params__functions.c.o
[  6%] Building C object CMakeFiles/eufs_msgs__rosidl_generator_c.dir/rosidl_generator_c/eufs_msgs/msg/detail/path_integral_stats__functions.c.o
[  6%] Building C object CMakeFiles/eufs_msgs__rosidl_generator_c.dir/rosidl_generator_c/eufs_msgs/msg/detail/path_integral_timing__functions.c.o
[  6%] Building C object CMakeFiles/eufs_msgs__rosidl_generator_c.dir/rosidl_generator_c/eufs_msgs/msg/detail/planning_mode__functions.c.o
[  7%] Building C object CMakeFiles/eufs_msgs__rosidl_generator_c.dir/rosidl_generator_c/eufs_msgs/msg/detail/path_integral_status__functions.c.o
[  8%] Building C object CMakeFiles/eufs_msgs__rosidl_generator_c.dir/rosidl_generator_c/eufs_msgs/msg/detail/pure_pursuit_checkpoint__functions.c.o
[  8%] Building C object CMakeFiles/eufs_msgs__rosidl_generator_c.dir/rosidl_generator_c/eufs_msgs/msg/detail/point_array_stamped__functions.c.o
[  8%] Building C object CMakeFiles/eufs_msgs__rosidl_generator_c.dir/rosidl_generator_c/eufs_msgs/msg/detail/point_array__functions.c.o
[  8%] Building C object CMakeFiles/eufs_msgs__rosidl_generator_c.dir/rosidl_generator_c/eufs_msgs/msg/detail/pure_pursuit_checkpoint_array_stamped__functions.c.o
[  8%] Building C object CMakeFiles/eufs_msgs__rosidl_generator_c.dir/rosidl_generator_c/eufs_msgs/msg/detail/runstop__functions.c.o
[  8%] Building C object CMakeFiles/eufs_msgs__rosidl_generator_c.dir/rosidl_generator_c/eufs_msgs/msg/detail/slam_err__functions.c.o
[  8%] Building C object CMakeFiles/eufs_msgs__rosidl_generator_c.dir/rosidl_generator_c/eufs_msgs/msg/detail/slam_state__functions.c.o
[  9%] Building C object CMakeFiles/eufs_msgs__rosidl_generator_c.dir/rosidl_generator_c/eufs_msgs/msg/detail/state_machine_state__functions.c.o
[  9%] Building C object CMakeFiles/eufs_msgs__rosidl_generator_c.dir/rosidl_generator_c/eufs_msgs/msg/detail/stereo_image__functions.c.o
[  9%] Building C object CMakeFiles/eufs_msgs__rosidl_generator_c.dir/rosidl_generator_c/eufs_msgs/msg/detail/system_status__functions.c.o
[  9%] Building C object CMakeFiles/eufs_msgs__rosidl_generator_c.dir/rosidl_generator_c/eufs_msgs/msg/detail/topic_status__functions.c.o
[  9%] Building C object CMakeFiles/eufs_msgs__rosidl_generator_c.dir/rosidl_generator_c/eufs_msgs/msg/detail/vehicle_commands__functions.c.o
[  9%] Building C object CMakeFiles/eufs_msgs__rosidl_generator_c.dir/rosidl_generator_c/eufs_msgs/msg/detail/vehicle_commands_stamped__functions.c.o
[ 10%] Building C object CMakeFiles/eufs_msgs__rosidl_generator_c.dir/rosidl_generator_c/eufs_msgs/msg/detail/waypoint__functions.c.o
[ 10%] Building C object CMakeFiles/eufs_msgs__rosidl_generator_c.dir/rosidl_generator_c/eufs_msgs/msg/detail/waypoint_array_stamped__functions.c.o
[ 10%] Building C object CMakeFiles/eufs_msgs__rosidl_generator_c.dir/rosidl_generator_c/eufs_msgs/msg/detail/wheel_odometry_err__functions.c.o
[ 10%] Building C object CMakeFiles/eufs_msgs__rosidl_generator_c.dir/rosidl_generator_c/eufs_msgs/msg/detail/wheel_speeds__functions.c.o
[ 10%] Building C object CMakeFiles/eufs_msgs__rosidl_generator_c.dir/rosidl_generator_c/eufs_msgs/msg/detail/wheel_speeds_stamped__functions.c.o
[ 11%] Building C object CMakeFiles/eufs_msgs__rosidl_generator_c.dir/rosidl_generator_c/eufs_msgs/action/detail/check_for_objects__functions.c.o
[ 11%] Building C object CMakeFiles/eufs_msgs__rosidl_generator_c.dir/rosidl_generator_c/eufs_msgs/srv/detail/record_start__functions.c.o
[ 11%] Building C object CMakeFiles/eufs_msgs__rosidl_generator_c.dir/rosidl_generator_c/eufs_msgs/srv/detail/set_can_state__functions.c.o
[ 11%] Building C object CMakeFiles/eufs_msgs__rosidl_generator_c.dir/rosidl_generator_c/eufs_msgs/srv/detail/register__functions.c.o
[ 11%] Building C object CMakeFiles/eufs_msgs__rosidl_generator_c.dir/rosidl_generator_c/eufs_msgs/srv/detail/record_stop__functions.c.o
[ 11%] Building C object CMakeFiles/eufs_msgs__rosidl_generator_c.dir/rosidl_generator_c/eufs_msgs/srv/detail/set_string__functions.c.o
[ 12%] Building C object CMakeFiles/eufs_msgs__rosidl_generator_c.dir/rosidl_generator_c/eufs_msgs/srv/detail/set_track__functions.c.o
[ 12%] Building C object CMakeFiles/eufs_msgs__rosidl_generator_c.dir/rosidl_generator_c/eufs_msgs/srv/detail/set_mission__functions.c.o
[ 12%] Building C object CMakeFiles/eufs_msgs__rosidl_generator_c.dir/rosidl_generator_c/eufs_msgs/srv/detail/get_map__functions.c.o
[ 12%] Linking C shared library libeufs_msgs__rosidl_generator_c.so
[ 12%] Built target eufs_msgs__rosidl_generator_c
[ 13%] Generating C type support dispatch for ROS interfaces
[ 14%] Generating C type support for eProsima Fast-RTPS
[ 15%] Generating C introspection for ROS interfaces
[ 15%] Building CXX object CMakeFiles/eufs_msgs__rosidl_typesupport_cpp.dir/rosidl_typesupport_cpp/eufs_msgs/msg/chassis_command__type_support.cpp.o
[ 15%] Building CXX object CMakeFiles/eufs_msgs__rosidl_typesupport_cpp.dir/rosidl_typesupport_cpp/eufs_msgs/msg/car_state__type_support.cpp.o
[ 15%] Building CXX object CMakeFiles/eufs_msgs__rosidl_typesupport_cpp.dir/rosidl_typesupport_cpp/eufs_msgs/msg/can_state__type_support.cpp.o
[ 15%] Building CXX object CMakeFiles/eufs_msgs__rosidl_typesupport_cpp.dir/rosidl_typesupport_cpp/eufs_msgs/msg/car_forces__type_support.cpp.o
[ 15%] Building CXX object CMakeFiles/eufs_msgs__rosidl_typesupport_cpp.dir/rosidl_typesupport_cpp/eufs_msgs/msg/bounding_box__type_support.cpp.o
[ 16%] Building CXX object CMakeFiles/eufs_msgs__rosidl_typesupport_cpp.dir/rosidl_typesupport_cpp/eufs_msgs/msg/chassis_state__type_support.cpp.o
[ 17%] Building CXX object CMakeFiles/eufs_msgs__rosidl_typesupport_cpp.dir/rosidl_typesupport_cpp/eufs_msgs/msg/bounding_boxes__type_support.cpp.o
[ 17%] Building CXX object CMakeFiles/eufs_msgs__rosidl_typesupport_cpp.dir/rosidl_typesupport_cpp/eufs_msgs/msg/cone_array_with_covariance__type_support.cpp.o
[ 17%] Building CXX object CMakeFiles/eufs_msgs__rosidl_typesupport_cpp.dir/rosidl_typesupport_cpp/eufs_msgs/msg/cone_with_covariance__type_support.cpp.o
[ 17%] Building CXX object CMakeFiles/eufs_msgs__rosidl_typesupport_cpp.dir/rosidl_typesupport_cpp/eufs_msgs/msg/cone_array__type_support.cpp.o
[ 17%] Building CXX object CMakeFiles/eufs_msgs__rosidl_typesupport_cpp.dir/rosidl_typesupport_cpp/eufs_msgs/msg/cone_association_array__type_support.cpp.o
[ 17%] Building CXX object CMakeFiles/eufs_msgs__rosidl_typesupport_cpp.dir/rosidl_typesupport_cpp/eufs_msgs/msg/cone_with_color_probability__type_support.cpp.o
[ 18%] Building CXX object CMakeFiles/eufs_msgs__rosidl_typesupport_cpp.dir/rosidl_typesupport_cpp/eufs_msgs/msg/cone_association__type_support.cpp.o
[ 18%] Building CXX object CMakeFiles/eufs_msgs__rosidl_typesupport_cpp.dir/rosidl_typesupport_cpp/eufs_msgs/msg/cone_with_color_probability_array__type_support.cpp.o
[ 18%] Building CXX object CMakeFiles/eufs_msgs__rosidl_typesupport_cpp.dir/rosidl_typesupport_cpp/eufs_msgs/msg/cone_association_array_array_stamped__type_support.cpp.o
[ 18%] Building CXX object CMakeFiles/eufs_msgs__rosidl_typesupport_cpp.dir/rosidl_typesupport_cpp/eufs_msgs/msg/cone_association_array_stamped__type_support.cpp.o
[ 19%] Building CXX object CMakeFiles/eufs_msgs__rosidl_typesupport_cpp.dir/rosidl_typesupport_cpp/eufs_msgs/msg/cpu_status__type_support.cpp.o
[ 19%] Building CXX object CMakeFiles/eufs_msgs__rosidl_typesupport_cpp.dir/rosidl_typesupport_cpp/eufs_msgs/msg/costmap__type_support.cpp.o
[ 19%] Building CXX object CMakeFiles/eufs_msgs__rosidl_typesupport_cpp.dir/rosidl_typesupport_cpp/eufs_msgs/msg/cpu_usage__type_support.cpp.o
[ 19%] Building CXX object CMakeFiles/eufs_msgs__rosidl_typesupport_cpp.dir/rosidl_typesupport_cpp/eufs_msgs/msg/ekf_state__type_support.cpp.o
[ 19%] Building CXX object CMakeFiles/eufs_msgs__rosidl_typesupport_cpp.dir/rosidl_typesupport_cpp/eufs_msgs/msg/full_state__type_support.cpp.o
[ 19%] Building CXX object CMakeFiles/eufs_msgs__rosidl_typesupport_cpp.dir/rosidl_typesupport_cpp/eufs_msgs/msg/ekf_err__type_support.cpp.o
[ 19%] Building CXX object CMakeFiles/eufs_msgs__rosidl_typesupport_cpp.dir/rosidl_typesupport_cpp/eufs_msgs/msg/heartbeat__type_support.cpp.o
[ 20%] Building CXX object CMakeFiles/eufs_msgs__rosidl_typesupport_cpp.dir/rosidl_typesupport_cpp/eufs_msgs/msg/integration_err__type_support.cpp.o
[ 20%] Building CXX object CMakeFiles/eufs_msgs__rosidl_typesupport_cpp.dir/rosidl_typesupport_cpp/eufs_msgs/msg/lap_stats__type_support.cpp.o
[ 20%] Building CXX object CMakeFiles/eufs_msgs__rosidl_typesupport_cpp.dir/rosidl_typesupport_cpp/eufs_msgs/msg/mpc_state__type_support.cpp.o
[ 20%] Building CXX object CMakeFiles/eufs_msgs__rosidl_typesupport_cpp.dir/rosidl_typesupport_cpp/eufs_msgs/msg/node_state__type_support.cpp.o
[ 20%] Building CXX object CMakeFiles/eufs_msgs__rosidl_typesupport_cpp.dir/rosidl_typesupport_cpp/eufs_msgs/msg/node_state_array__type_support.cpp.o
[ 21%] Building CXX object CMakeFiles/eufs_msgs__rosidl_typesupport_cpp.dir/rosidl_typesupport_cpp/eufs_msgs/msg/oss__type_support.cpp.o
[ 21%] Building CXX object CMakeFiles/eufs_msgs__rosidl_typesupport_cpp.dir/rosidl_typesupport_cpp/eufs_msgs/msg/particle__type_support.cpp.o
[ 21%] Building CXX object CMakeFiles/eufs_msgs__rosidl_typesupport_cpp.dir/rosidl_typesupport_cpp/eufs_msgs/msg/particle_slam__type_support.cpp.o
[ 21%] Building CXX object CMakeFiles/eufs_msgs__rosidl_typesupport_cpp.dir/rosidl_typesupport_cpp/eufs_msgs/msg/particle_stamped__type_support.cpp.o
[ 21%] Building CXX object CMakeFiles/eufs_msgs__rosidl_typesupport_cpp.dir/rosidl_typesupport_cpp/eufs_msgs/msg/particle_slam_stamped__type_support.cpp.o
[ 22%] Building CXX object CMakeFiles/eufs_msgs__rosidl_typesupport_cpp.dir/rosidl_typesupport_cpp/eufs_msgs/msg/path_integral_params__type_support.cpp.o
[ 22%] Building CXX object CMakeFiles/eufs_msgs__rosidl_typesupport_cpp.dir/rosidl_typesupport_cpp/eufs_msgs/msg/path_integral_stats__type_support.cpp.o
[ 22%] Building CXX object CMakeFiles/eufs_msgs__rosidl_typesupport_cpp.dir/rosidl_typesupport_cpp/eufs_msgs/msg/path_integral_status__type_support.cpp.o
[ 22%] Building CXX object CMakeFiles/eufs_msgs__rosidl_typesupport_cpp.dir/rosidl_typesupport_cpp/eufs_msgs/msg/path_integral_timing__type_support.cpp.o
[ 23%] Building CXX object CMakeFiles/eufs_msgs__rosidl_typesupport_cpp.dir/rosidl_typesupport_cpp/eufs_msgs/msg/point_array_stamped__type_support.cpp.o
[ 23%] Building CXX object CMakeFiles/eufs_msgs__rosidl_typesupport_cpp.dir/rosidl_typesupport_cpp/eufs_msgs/msg/point_array__type_support.cpp.o
[ 23%] Building CXX object CMakeFiles/eufs_msgs__rosidl_typesupport_cpp.dir/rosidl_typesupport_cpp/eufs_msgs/msg/pure_pursuit_checkpoint__type_support.cpp.o
[ 23%] Building CXX object CMakeFiles/eufs_msgs__rosidl_typesupport_cpp.dir/rosidl_typesupport_cpp/eufs_msgs/msg/pure_pursuit_checkpoint_array_stamped__type_support.cpp.o
[ 23%] Building CXX object CMakeFiles/eufs_msgs__rosidl_typesupport_cpp.dir/rosidl_typesupport_cpp/eufs_msgs/msg/runstop__type_support.cpp.o
[ 23%] Building CXX object CMakeFiles/eufs_msgs__rosidl_typesupport_cpp.dir/rosidl_typesupport_cpp/eufs_msgs/msg/planning_mode__type_support.cpp.o
[ 23%] Building CXX object CMakeFiles/eufs_msgs__rosidl_typesupport_cpp.dir/rosidl_typesupport_cpp/eufs_msgs/msg/slam_err__type_support.cpp.o
[ 24%] Building CXX object CMakeFiles/eufs_msgs__rosidl_typesupport_cpp.dir/rosidl_typesupport_cpp/eufs_msgs/msg/slam_state__type_support.cpp.o
[ 24%] Building CXX object CMakeFiles/eufs_msgs__rosidl_typesupport_cpp.dir/rosidl_typesupport_cpp/eufs_msgs/msg/state_machine_state__type_support.cpp.o
[ 24%] Building CXX object CMakeFiles/eufs_msgs__rosidl_typesupport_cpp.dir/rosidl_typesupport_cpp/eufs_msgs/msg/stereo_image__type_support.cpp.o
[ 24%] Building CXX object CMakeFiles/eufs_msgs__rosidl_typesupport_cpp.dir/rosidl_typesupport_cpp/eufs_msgs/msg/system_status__type_support.cpp.o
[ 24%] Building CXX object CMakeFiles/eufs_msgs__rosidl_typesupport_cpp.dir/rosidl_typesupport_cpp/eufs_msgs/msg/topic_status__type_support.cpp.o
[ 24%] Building CXX object CMakeFiles/eufs_msgs__rosidl_typesupport_cpp.dir/rosidl_typesupport_cpp/eufs_msgs/msg/vehicle_commands__type_support.cpp.o
[ 25%] Building CXX object CMakeFiles/eufs_msgs__rosidl_typesupport_cpp.dir/rosidl_typesupport_cpp/eufs_msgs/msg/vehicle_commands_stamped__type_support.cpp.o
[ 25%] Building CXX object CMakeFiles/eufs_msgs__rosidl_typesupport_cpp.dir/rosidl_typesupport_cpp/eufs_msgs/msg/waypoint__type_support.cpp.o
[ 25%] Building CXX object CMakeFiles/eufs_msgs__rosidl_typesupport_cpp.dir/rosidl_typesupport_cpp/eufs_msgs/msg/waypoint_array_stamped__type_support.cpp.o
[ 25%] Building CXX object CMakeFiles/eufs_msgs__rosidl_typesupport_cpp.dir/rosidl_typesupport_cpp/eufs_msgs/msg/wheel_odometry_err__type_support.cpp.o
[ 25%] Building CXX object CMakeFiles/eufs_msgs__rosidl_typesupport_cpp.dir/rosidl_typesupport_cpp/eufs_msgs/msg/wheel_speeds__type_support.cpp.o
[ 26%] Building CXX object CMakeFiles/eufs_msgs__rosidl_typesupport_cpp.dir/rosidl_typesupport_cpp/eufs_msgs/msg/wheel_speeds_stamped__type_support.cpp.o
[ 26%] Building CXX object CMakeFiles/eufs_msgs__rosidl_typesupport_cpp.dir/rosidl_typesupport_cpp/eufs_msgs/action/check_for_objects__type_support.cpp.o
[ 26%] Building CXX object CMakeFiles/eufs_msgs__rosidl_typesupport_cpp.dir/rosidl_typesupport_cpp/eufs_msgs/srv/record_start__type_support.cpp.o
[ 26%] Building CXX object CMakeFiles/eufs_msgs__rosidl_typesupport_cpp.dir/rosidl_typesupport_cpp/eufs_msgs/srv/record_stop__type_support.cpp.o
[ 26%] Building CXX object CMakeFiles/eufs_msgs__rosidl_typesupport_cpp.dir/rosidl_typesupport_cpp/eufs_msgs/srv/register__type_support.cpp.o
[ 26%] Building CXX object CMakeFiles/eufs_msgs__rosidl_typesupport_cpp.dir/rosidl_typesupport_cpp/eufs_msgs/srv/set_can_state__type_support.cpp.o
[ 27%] Building CXX object CMakeFiles/eufs_msgs__rosidl_typesupport_cpp.dir/rosidl_typesupport_cpp/eufs_msgs/srv/set_string__type_support.cpp.o
[ 27%] Building CXX object CMakeFiles/eufs_msgs__rosidl_typesupport_cpp.dir/rosidl_typesupport_cpp/eufs_msgs/srv/set_track__type_support.cpp.o
[ 27%] Building CXX object CMakeFiles/eufs_msgs__rosidl_typesupport_cpp.dir/rosidl_typesupport_cpp/eufs_msgs/srv/set_mission__type_support.cpp.o
[ 27%] Building CXX object CMakeFiles/eufs_msgs__rosidl_typesupport_cpp.dir/rosidl_typesupport_cpp/eufs_msgs/srv/get_map__type_support.cpp.o
[ 27%] Building CXX object CMakeFiles/eufs_msgs__rosidl_typesupport_c.dir/rosidl_typesupport_c/eufs_msgs/msg/bounding_box__type_support.cpp.o
[ 27%] Building CXX object CMakeFiles/eufs_msgs__rosidl_typesupport_c.dir/rosidl_typesupport_c/eufs_msgs/msg/bounding_boxes__type_support.cpp.o
[ 27%] Building CXX object CMakeFiles/eufs_msgs__rosidl_typesupport_c.dir/rosidl_typesupport_c/eufs_msgs/msg/can_state__type_support.cpp.o
[ 27%] Building CXX object CMakeFiles/eufs_msgs__rosidl_typesupport_c.dir/rosidl_typesupport_c/eufs_msgs/msg/car_forces__type_support.cpp.o
[ 27%] Building CXX object CMakeFiles/eufs_msgs__rosidl_typesupport_c.dir/rosidl_typesupport_c/eufs_msgs/msg/car_state__type_support.cpp.o
[ 28%] Building CXX object CMakeFiles/eufs_msgs__rosidl_typesupport_c.dir/rosidl_typesupport_c/eufs_msgs/msg/chassis_command__type_support.cpp.o
[ 28%] Building CXX object CMakeFiles/eufs_msgs__rosidl_typesupport_c.dir/rosidl_typesupport_c/eufs_msgs/msg/chassis_state__type_support.cpp.o
[ 28%] Building CXX object CMakeFiles/eufs_msgs__rosidl_typesupport_c.dir/rosidl_typesupport_c/eufs_msgs/msg/cone_array__type_support.cpp.o
[ 28%] Building CXX object CMakeFiles/eufs_msgs__rosidl_typesupport_c.dir/rosidl_typesupport_c/eufs_msgs/msg/cone_array_with_covariance__type_support.cpp.o
[ 28%] Building CXX object CMakeFiles/eufs_msgs__rosidl_typesupport_c.dir/rosidl_typesupport_c/eufs_msgs/msg/cone_with_color_probability__type_support.cpp.o
[ 29%] Building CXX object CMakeFiles/eufs_msgs__rosidl_typesupport_c.dir/rosidl_typesupport_c/eufs_msgs/msg/cone_with_color_probability_array__type_support.cpp.o
[ 29%] Building CXX object CMakeFiles/eufs_msgs__rosidl_typesupport_c.dir/rosidl_typesupport_c/eufs_msgs/msg/cone_with_covariance__type_support.cpp.o
[ 29%] Building CXX object CMakeFiles/eufs_msgs__rosidl_typesupport_c.dir/rosidl_typesupport_c/eufs_msgs/msg/cone_association__type_support.cpp.o
[ 29%] Building CXX object CMakeFiles/eufs_msgs__rosidl_typesupport_c.dir/rosidl_typesupport_c/eufs_msgs/msg/cone_association_array__type_support.cpp.o
[ 29%] Building CXX object CMakeFiles/eufs_msgs__rosidl_typesupport_c.dir/rosidl_typesupport_c/eufs_msgs/msg/cone_association_array_array_stamped__type_support.cpp.o
[ 29%] Building CXX object CMakeFiles/eufs_msgs__rosidl_typesupport_c.dir/rosidl_typesupport_c/eufs_msgs/msg/cone_association_array_stamped__type_support.cpp.o
[ 30%] Building CXX object CMakeFiles/eufs_msgs__rosidl_typesupport_c.dir/rosidl_typesupport_c/eufs_msgs/msg/costmap__type_support.cpp.o
[ 30%] Building CXX object CMakeFiles/eufs_msgs__rosidl_typesupport_c.dir/rosidl_typesupport_c/eufs_msgs/msg/cpu_usage__type_support.cpp.o
[ 30%] Building CXX object CMakeFiles/eufs_msgs__rosidl_typesupport_c.dir/rosidl_typesupport_c/eufs_msgs/msg/cpu_status__type_support.cpp.o
[ 30%] Building CXX object CMakeFiles/eufs_msgs__rosidl_typesupport_c.dir/rosidl_typesupport_c/eufs_msgs/msg/ekf_err__type_support.cpp.o
[ 30%] Building CXX object CMakeFiles/eufs_msgs__rosidl_typesupport_c.dir/rosidl_typesupport_c/eufs_msgs/msg/ekf_state__type_support.cpp.o
[ 31%] Building CXX object CMakeFiles/eufs_msgs__rosidl_typesupport_c.dir/rosidl_typesupport_c/eufs_msgs/msg/full_state__type_support.cpp.o
[ 31%] Building CXX object CMakeFiles/eufs_msgs__rosidl_typesupport_c.dir/rosidl_typesupport_c/eufs_msgs/msg/heartbeat__type_support.cpp.o
[ 31%] Building CXX object CMakeFiles/eufs_msgs__rosidl_typesupport_c.dir/rosidl_typesupport_c/eufs_msgs/msg/lap_stats__type_support.cpp.o
[ 31%] Building CXX object CMakeFiles/eufs_msgs__rosidl_typesupport_c.dir/rosidl_typesupport_c/eufs_msgs/msg/integration_err__type_support.cpp.o
[ 31%] Building CXX object CMakeFiles/eufs_msgs__rosidl_typesupport_c.dir/rosidl_typesupport_c/eufs_msgs/msg/node_state_array__type_support.cpp.o
[ 32%] Building CXX object CMakeFiles/eufs_msgs__rosidl_typesupport_c.dir/rosidl_typesupport_c/eufs_msgs/msg/mpc_state__type_support.cpp.o
[ 32%] Building CXX object CMakeFiles/eufs_msgs__rosidl_typesupport_c.dir/rosidl_typesupport_c/eufs_msgs/msg/node_state__type_support.cpp.o
[ 32%] Building CXX object CMakeFiles/eufs_msgs__rosidl_typesupport_c.dir/rosidl_typesupport_c/eufs_msgs/msg/oss__type_support.cpp.o
[ 32%] Building CXX object CMakeFiles/eufs_msgs__rosidl_typesupport_c.dir/rosidl_typesupport_c/eufs_msgs/msg/particle__type_support.cpp.o
[ 32%] Building CXX object CMakeFiles/eufs_msgs__rosidl_typesupport_c.dir/rosidl_typesupport_c/eufs_msgs/msg/particle_slam__type_support.cpp.o
[ 32%] Building CXX object CMakeFiles/eufs_msgs__rosidl_typesupport_c.dir/rosidl_typesupport_c/eufs_msgs/msg/particle_slam_stamped__type_support.cpp.o
[ 33%] Building CXX object CMakeFiles/eufs_msgs__rosidl_typesupport_c.dir/rosidl_typesupport_c/eufs_msgs/msg/particle_stamped__type_support.cpp.o
[ 33%] Building CXX object CMakeFiles/eufs_msgs__rosidl_typesupport_c.dir/rosidl_typesupport_c/eufs_msgs/msg/path_integral_status__type_support.cpp.o
[ 33%] Building CXX object CMakeFiles/eufs_msgs__rosidl_typesupport_c.dir/rosidl_typesupport_c/eufs_msgs/msg/path_integral_params__type_support.cpp.o
[ 33%] Building CXX object CMakeFiles/eufs_msgs__rosidl_typesupport_c.dir/rosidl_typesupport_c/eufs_msgs/msg/path_integral_timing__type_support.cpp.o
[ 34%] Building CXX object CMakeFiles/eufs_msgs__rosidl_typesupport_c.dir/rosidl_typesupport_c/eufs_msgs/msg/planning_mode__type_support.cpp.o
[ 34%] Building CXX object CMakeFiles/eufs_msgs__rosidl_typesupport_c.dir/rosidl_typesupport_c/eufs_msgs/msg/path_integral_stats__type_support.cpp.o
[ 34%] Building CXX object CMakeFiles/eufs_msgs__rosidl_typesupport_c.dir/rosidl_typesupport_c/eufs_msgs/msg/point_array__type_support.cpp.o
[ 34%] Building CXX object CMakeFiles/eufs_msgs__rosidl_typesupport_c.dir/rosidl_typesupport_c/eufs_msgs/msg/point_array_stamped__type_support.cpp.o
[ 34%] Building CXX object CMakeFiles/eufs_msgs__rosidl_typesupport_c.dir/rosidl_typesupport_c/eufs_msgs/msg/pure_pursuit_checkpoint_array_stamped__type_support.cpp.o
[ 34%] Building CXX object CMakeFiles/eufs_msgs__rosidl_typesupport_c.dir/rosidl_typesupport_c/eufs_msgs/msg/pure_pursuit_checkpoint__type_support.cpp.o
[ 34%] Building CXX object CMakeFiles/eufs_msgs__rosidl_typesupport_c.dir/rosidl_typesupport_c/eufs_msgs/msg/runstop__type_support.cpp.o
[ 34%] Building CXX object CMakeFiles/eufs_msgs__rosidl_typesupport_c.dir/rosidl_typesupport_c/eufs_msgs/msg/slam_state__type_support.cpp.o
[ 35%] Building CXX object CMakeFiles/eufs_msgs__rosidl_typesupport_c.dir/rosidl_typesupport_c/eufs_msgs/msg/slam_err__type_support.cpp.o
[ 36%] Building CXX object CMakeFiles/eufs_msgs__rosidl_typesupport_introspection_cpp.dir/rosidl_typesupport_introspection_cpp/eufs_msgs/msg/detail/bounding_box__type_support.cpp.o
[ 36%] Building CXX object CMakeFiles/eufs_msgs__rosidl_typesupport_c.dir/rosidl_typesupport_c/eufs_msgs/msg/state_machine_state__type_support.cpp.o
[ 36%] Building CXX object CMakeFiles/eufs_msgs__rosidl_typesupport_c.dir/rosidl_typesupport_c/eufs_msgs/msg/stereo_image__type_support.cpp.o
[ 36%] Building CXX object CMakeFiles/eufs_msgs__rosidl_typesupport_c.dir/rosidl_typesupport_c/eufs_msgs/msg/system_status__type_support.cpp.o
[ 36%] Building CXX object CMakeFiles/eufs_msgs__rosidl_typesupport_introspection_cpp.dir/rosidl_typesupport_introspection_cpp/eufs_msgs/msg/detail/bounding_boxes__type_support.cpp.o
[ 37%] Building CXX object CMakeFiles/eufs_msgs__rosidl_typesupport_c.dir/rosidl_typesupport_c/eufs_msgs/msg/topic_status__type_support.cpp.o
[ 37%] Building CXX object CMakeFiles/eufs_msgs__rosidl_typesupport_c.dir/rosidl_typesupport_c/eufs_msgs/msg/vehicle_commands__type_support.cpp.o
[ 37%] Building CXX object CMakeFiles/eufs_msgs__rosidl_typesupport_introspection_cpp.dir/rosidl_typesupport_introspection_cpp/eufs_msgs/msg/detail/car_forces__type_support.cpp.o
[ 37%] Building CXX object CMakeFiles/eufs_msgs__rosidl_typesupport_introspection_cpp.dir/rosidl_typesupport_introspection_cpp/eufs_msgs/msg/detail/can_state__type_support.cpp.o
[ 37%] Building CXX object CMakeFiles/eufs_msgs__rosidl_typesupport_c.dir/rosidl_typesupport_c/eufs_msgs/msg/vehicle_commands_stamped__type_support.cpp.o
[ 37%] Building CXX object CMakeFiles/eufs_msgs__rosidl_typesupport_c.dir/rosidl_typesupport_c/eufs_msgs/msg/waypoint__type_support.cpp.o
[ 37%] Building CXX object CMakeFiles/eufs_msgs__rosidl_typesupport_c.dir/rosidl_typesupport_c/eufs_msgs/msg/waypoint_array_stamped__type_support.cpp.o
[ 37%] Building CXX object CMakeFiles/eufs_msgs__rosidl_typesupport_introspection_cpp.dir/rosidl_typesupport_introspection_cpp/eufs_msgs/msg/detail/car_state__type_support.cpp.o
[ 37%] Building CXX object CMakeFiles/eufs_msgs__rosidl_typesupport_introspection_cpp.dir/rosidl_typesupport_introspection_cpp/eufs_msgs/msg/detail/chassis_command__type_support.cpp.o
[ 37%] Building CXX object CMakeFiles/eufs_msgs__rosidl_typesupport_c.dir/rosidl_typesupport_c/eufs_msgs/msg/wheel_odometry_err__type_support.cpp.o
[ 38%] Building CXX object CMakeFiles/eufs_msgs__rosidl_typesupport_c.dir/rosidl_typesupport_c/eufs_msgs/msg/wheel_speeds__type_support.cpp.o
[ 39%] Building CXX object CMakeFiles/eufs_msgs__rosidl_typesupport_introspection_cpp.dir/rosidl_typesupport_introspection_cpp/eufs_msgs/msg/detail/chassis_state__type_support.cpp.o
[ 39%] Building CXX object CMakeFiles/eufs_msgs__rosidl_typesupport_introspection_cpp.dir/rosidl_typesupport_introspection_cpp/eufs_msgs/msg/detail/cone_array__type_support.cpp.o
[ 39%] Building CXX object CMakeFiles/eufs_msgs__rosidl_typesupport_c.dir/rosidl_typesupport_c/eufs_msgs/action/check_for_objects__type_support.cpp.o
[ 39%] Building CXX object CMakeFiles/eufs_msgs__rosidl_typesupport_introspection_cpp.dir/rosidl_typesupport_introspection_cpp/eufs_msgs/msg/detail/cone_array_with_covariance__type_support.cpp.o
[ 39%] Building CXX object CMakeFiles/eufs_msgs__rosidl_typesupport_c.dir/rosidl_typesupport_c/eufs_msgs/srv/record_start__type_support.cpp.o
[ 39%] Building CXX object CMakeFiles/eufs_msgs__rosidl_typesupport_c.dir/rosidl_typesupport_c/eufs_msgs/srv/record_stop__type_support.cpp.o
[ 39%] Building CXX object CMakeFiles/eufs_msgs__rosidl_typesupport_introspection_cpp.dir/rosidl_typesupport_introspection_cpp/eufs_msgs/msg/detail/cone_with_color_probability__type_support.cpp.o
[ 39%] Building CXX object CMakeFiles/eufs_msgs__rosidl_typesupport_c.dir/rosidl_typesupport_c/eufs_msgs/msg/wheel_speeds_stamped__type_support.cpp.o
[ 40%] Building CXX object CMakeFiles/eufs_msgs__rosidl_typesupport_c.dir/rosidl_typesupport_c/eufs_msgs/srv/register__type_support.cpp.o
[ 40%] Building CXX object CMakeFiles/eufs_msgs__rosidl_typesupport_c.dir/rosidl_typesupport_c/eufs_msgs/srv/set_can_state__type_support.cpp.o
[ 40%] Building CXX object CMakeFiles/eufs_msgs__rosidl_typesupport_c.dir/rosidl_typesupport_c/eufs_msgs/srv/set_string__type_support.cpp.o
[ 40%] Building CXX object CMakeFiles/eufs_msgs__rosidl_typesupport_c.dir/rosidl_typesupport_c/eufs_msgs/srv/set_track__type_support.cpp.o
[ 41%] Building CXX object CMakeFiles/eufs_msgs__rosidl_typesupport_c.dir/rosidl_typesupport_c/eufs_msgs/srv/set_mission__type_support.cpp.o
[ 41%] Building CXX object CMakeFiles/eufs_msgs__rosidl_typesupport_c.dir/rosidl_typesupport_c/eufs_msgs/srv/get_map__type_support.cpp.o
[ 41%] Building CXX object CMakeFiles/eufs_msgs__rosidl_typesupport_introspection_cpp.dir/rosidl_typesupport_introspection_cpp/eufs_msgs/msg/detail/cone_with_color_probability_array__type_support.cpp.o
[ 41%] Linking CXX shared library libeufs_msgs__rosidl_typesupport_cpp.so
[ 41%] Building CXX object CMakeFiles/eufs_msgs__rosidl_typesupport_introspection_cpp.dir/rosidl_typesupport_introspection_cpp/eufs_msgs/msg/detail/cone_association__type_support.cpp.o
[ 42%] Building CXX object CMakeFiles/eufs_msgs__rosidl_typesupport_introspection_cpp.dir/rosidl_typesupport_introspection_cpp/eufs_msgs/msg/detail/cone_with_covariance__type_support.cpp.o
[ 42%] Building CXX object CMakeFiles/eufs_msgs__rosidl_typesupport_introspection_cpp.dir/rosidl_typesupport_introspection_cpp/eufs_msgs/msg/detail/cone_association_array__type_support.cpp.o
[ 42%] Building CXX object CMakeFiles/eufs_msgs__rosidl_typesupport_introspection_cpp.dir/rosidl_typesupport_introspection_cpp/eufs_msgs/msg/detail/cone_association_array_array_stamped__type_support.cpp.o
[ 42%] Linking CXX shared library libeufs_msgs__rosidl_typesupport_c.so
[ 42%] Built target eufs_msgs__rosidl_typesupport_c
[ 42%] Building CXX object CMakeFiles/eufs_msgs__rosidl_typesupport_introspection_cpp.dir/rosidl_typesupport_introspection_cpp/eufs_msgs/msg/detail/cone_association_array_stamped__type_support.cpp.o
[ 42%] Built target eufs_msgs__rosidl_typesupport_cpp
[ 42%] Building CXX object CMakeFiles/eufs_msgs__rosidl_typesupport_introspection_cpp.dir/rosidl_typesupport_introspection_cpp/eufs_msgs/msg/detail/costmap__type_support.cpp.o
[ 43%] Building CXX object CMakeFiles/eufs_msgs__rosidl_typesupport_introspection_cpp.dir/rosidl_typesupport_introspection_cpp/eufs_msgs/msg/detail/cpu_status__type_support.cpp.o
[ 43%] Building CXX object CMakeFiles/eufs_msgs__rosidl_typesupport_introspection_cpp.dir/rosidl_typesupport_introspection_cpp/eufs_msgs/msg/detail/cpu_usage__type_support.cpp.o
[ 43%] Building CXX object CMakeFiles/eufs_msgs__rosidl_typesupport_introspection_cpp.dir/rosidl_typesupport_introspection_cpp/eufs_msgs/msg/detail/ekf_err__type_support.cpp.o
[ 43%] Building CXX object CMakeFiles/eufs_msgs__rosidl_typesupport_introspection_cpp.dir/rosidl_typesupport_introspection_cpp/eufs_msgs/msg/detail/ekf_state__type_support.cpp.o
[ 43%] Building CXX object CMakeFiles/eufs_msgs__rosidl_typesupport_introspection_cpp.dir/rosidl_typesupport_introspection_cpp/eufs_msgs/msg/detail/full_state__type_support.cpp.o
[ 44%] Building CXX object CMakeFiles/eufs_msgs__rosidl_typesupport_introspection_cpp.dir/rosidl_typesupport_introspection_cpp/eufs_msgs/msg/detail/heartbeat__type_support.cpp.o
[ 44%] Building CXX object CMakeFiles/eufs_msgs__rosidl_typesupport_introspection_cpp.dir/rosidl_typesupport_introspection_cpp/eufs_msgs/msg/detail/integration_err__type_support.cpp.o
[ 44%] Building CXX object CMakeFiles/eufs_msgs__rosidl_typesupport_introspection_cpp.dir/rosidl_typesupport_introspection_cpp/eufs_msgs/msg/detail/mpc_state__type_support.cpp.o
[ 44%] Building CXX object CMakeFiles/eufs_msgs__rosidl_typesupport_introspection_cpp.dir/rosidl_typesupport_introspection_cpp/eufs_msgs/msg/detail/lap_stats__type_support.cpp.o
[ 44%] Building CXX object CMakeFiles/eufs_msgs__rosidl_typesupport_introspection_cpp.dir/rosidl_typesupport_introspection_cpp/eufs_msgs/msg/detail/node_state__type_support.cpp.o
[ 45%] Building CXX object CMakeFiles/eufs_msgs__rosidl_typesupport_introspection_cpp.dir/rosidl_typesupport_introspection_cpp/eufs_msgs/msg/detail/node_state_array__type_support.cpp.o
[ 45%] Building CXX object CMakeFiles/eufs_msgs__rosidl_typesupport_introspection_cpp.dir/rosidl_typesupport_introspection_cpp/eufs_msgs/msg/detail/oss__type_support.cpp.o
[ 45%] Building CXX object CMakeFiles/eufs_msgs__rosidl_typesupport_introspection_cpp.dir/rosidl_typesupport_introspection_cpp/eufs_msgs/msg/detail/particle__type_support.cpp.o
[ 45%] Building CXX object CMakeFiles/eufs_msgs__rosidl_typesupport_introspection_cpp.dir/rosidl_typesupport_introspection_cpp/eufs_msgs/msg/detail/particle_slam__type_support.cpp.o
[ 45%] Building CXX object CMakeFiles/eufs_msgs__rosidl_typesupport_introspection_cpp.dir/rosidl_typesupport_introspection_cpp/eufs_msgs/msg/detail/particle_slam_stamped__type_support.cpp.o
[ 45%] Building CXX object CMakeFiles/eufs_msgs__rosidl_typesupport_introspection_cpp.dir/rosidl_typesupport_introspection_cpp/eufs_msgs/msg/detail/particle_stamped__type_support.cpp.o
[ 46%] Building CXX object CMakeFiles/eufs_msgs__rosidl_typesupport_introspection_cpp.dir/rosidl_typesupport_introspection_cpp/eufs_msgs/msg/detail/path_integral_params__type_support.cpp.o
[ 46%] Building CXX object CMakeFiles/eufs_msgs__rosidl_typesupport_introspection_cpp.dir/rosidl_typesupport_introspection_cpp/eufs_msgs/msg/detail/path_integral_stats__type_support.cpp.o
[ 46%] Building CXX object CMakeFiles/eufs_msgs__rosidl_typesupport_introspection_cpp.dir/rosidl_typesupport_introspection_cpp/eufs_msgs/msg/detail/path_integral_status__type_support.cpp.o
[ 46%] Building CXX object CMakeFiles/eufs_msgs__rosidl_typesupport_introspection_cpp.dir/rosidl_typesupport_introspection_cpp/eufs_msgs/msg/detail/path_integral_timing__type_support.cpp.o
[ 47%] Building CXX object CMakeFiles/eufs_msgs__rosidl_typesupport_introspection_cpp.dir/rosidl_typesupport_introspection_cpp/eufs_msgs/msg/detail/point_array__type_support.cpp.o
[ 47%] Building CXX object CMakeFiles/eufs_msgs__rosidl_typesupport_introspection_cpp.dir/rosidl_typesupport_introspection_cpp/eufs_msgs/msg/detail/planning_mode__type_support.cpp.o
[ 47%] Building CXX object CMakeFiles/eufs_msgs__rosidl_typesupport_introspection_cpp.dir/rosidl_typesupport_introspection_cpp/eufs_msgs/msg/detail/point_array_stamped__type_support.cpp.o
[ 47%] Building CXX object CMakeFiles/eufs_msgs__rosidl_typesupport_introspection_cpp.dir/rosidl_typesupport_introspection_cpp/eufs_msgs/msg/detail/pure_pursuit_checkpoint__type_support.cpp.o
[ 47%] Building CXX object CMakeFiles/eufs_msgs__rosidl_typesupport_introspection_cpp.dir/rosidl_typesupport_introspection_cpp/eufs_msgs/msg/detail/pure_pursuit_checkpoint_array_stamped__type_support.cpp.o
[ 47%] Building CXX object CMakeFiles/eufs_msgs__rosidl_typesupport_introspection_cpp.dir/rosidl_typesupport_introspection_cpp/eufs_msgs/msg/detail/runstop__type_support.cpp.o
[ 47%] Building CXX object CMakeFiles/eufs_msgs__rosidl_typesupport_introspection_cpp.dir/rosidl_typesupport_introspection_cpp/eufs_msgs/msg/detail/slam_err__type_support.cpp.o
[ 48%] Building CXX object CMakeFiles/eufs_msgs__rosidl_typesupport_introspection_cpp.dir/rosidl_typesupport_introspection_cpp/eufs_msgs/msg/detail/slam_state__type_support.cpp.o
[ 48%] Building CXX object CMakeFiles/eufs_msgs__rosidl_typesupport_introspection_cpp.dir/rosidl_typesupport_introspection_cpp/eufs_msgs/msg/detail/state_machine_state__type_support.cpp.o
[ 48%] Building CXX object CMakeFiles/eufs_msgs__rosidl_typesupport_introspection_cpp.dir/rosidl_typesupport_introspection_cpp/eufs_msgs/msg/detail/system_status__type_support.cpp.o
[ 48%] Building CXX object CMakeFiles/eufs_msgs__rosidl_typesupport_introspection_cpp.dir/rosidl_typesupport_introspection_cpp/eufs_msgs/msg/detail/stereo_image__type_support.cpp.o
[ 48%] Building CXX object CMakeFiles/eufs_msgs__rosidl_typesupport_introspection_cpp.dir/rosidl_typesupport_introspection_cpp/eufs_msgs/msg/detail/topic_status__type_support.cpp.o
[ 49%] Building CXX object CMakeFiles/eufs_msgs__rosidl_typesupport_introspection_cpp.dir/rosidl_typesupport_introspection_cpp/eufs_msgs/msg/detail/vehicle_commands__type_support.cpp.o
[ 49%] Building CXX object CMakeFiles/eufs_msgs__rosidl_typesupport_introspection_cpp.dir/rosidl_typesupport_introspection_cpp/eufs_msgs/msg/detail/vehicle_commands_stamped__type_support.cpp.o
[ 49%] Building CXX object CMakeFiles/eufs_msgs__rosidl_typesupport_introspection_cpp.dir/rosidl_typesupport_introspection_cpp/eufs_msgs/msg/detail/waypoint__type_support.cpp.o
[ 49%] Building CXX object CMakeFiles/eufs_msgs__rosidl_typesupport_introspection_cpp.dir/rosidl_typesupport_introspection_cpp/eufs_msgs/msg/detail/waypoint_array_stamped__type_support.cpp.o
[ 49%] Building CXX object CMakeFiles/eufs_msgs__rosidl_typesupport_introspection_cpp.dir/rosidl_typesupport_introspection_cpp/eufs_msgs/msg/detail/wheel_odometry_err__type_support.cpp.o
[ 49%] Building CXX object CMakeFiles/eufs_msgs__rosidl_typesupport_introspection_cpp.dir/rosidl_typesupport_introspection_cpp/eufs_msgs/msg/detail/wheel_speeds__type_support.cpp.o
[ 50%] Building CXX object CMakeFiles/eufs_msgs__rosidl_typesupport_introspection_cpp.dir/rosidl_typesupport_introspection_cpp/eufs_msgs/msg/detail/wheel_speeds_stamped__type_support.cpp.o
[ 50%] Building CXX object CMakeFiles/eufs_msgs__rosidl_typesupport_introspection_cpp.dir/rosidl_typesupport_introspection_cpp/eufs_msgs/action/detail/check_for_objects__type_support.cpp.o
[ 50%] Building CXX object CMakeFiles/eufs_msgs__rosidl_typesupport_introspection_cpp.dir/rosidl_typesupport_introspection_cpp/eufs_msgs/srv/detail/record_start__type_support.cpp.o
[ 50%] Building CXX object CMakeFiles/eufs_msgs__rosidl_typesupport_introspection_cpp.dir/rosidl_typesupport_introspection_cpp/eufs_msgs/srv/detail/register__type_support.cpp.o
[ 50%] Building CXX object CMakeFiles/eufs_msgs__rosidl_typesupport_introspection_cpp.dir/rosidl_typesupport_introspection_cpp/eufs_msgs/srv/detail/record_stop__type_support.cpp.o
[ 51%] Building CXX object CMakeFiles/eufs_msgs__rosidl_typesupport_introspection_cpp.dir/rosidl_typesupport_introspection_cpp/eufs_msgs/srv/detail/set_can_state__type_support.cpp.o
[ 51%] Building CXX object CMakeFiles/eufs_msgs__rosidl_typesupport_introspection_cpp.dir/rosidl_typesupport_introspection_cpp/eufs_msgs/srv/detail/set_string__type_support.cpp.o
[ 52%] Building CXX object CMakeFiles/eufs_msgs__rosidl_typesupport_fastrtps_cpp.dir/rosidl_typesupport_fastrtps_cpp/eufs_msgs/msg/detail/dds_fastrtps/bounding_boxes__type_support.cpp.o
[ 52%] Building CXX object CMakeFiles/eufs_msgs__rosidl_typesupport_fastrtps_cpp.dir/rosidl_typesupport_fastrtps_cpp/eufs_msgs/msg/detail/dds_fastrtps/bounding_box__type_support.cpp.o
[ 52%] Building CXX object CMakeFiles/eufs_msgs__rosidl_typesupport_fastrtps_cpp.dir/rosidl_typesupport_fastrtps_cpp/eufs_msgs/msg/detail/dds_fastrtps/can_state__type_support.cpp.o
[ 52%] Building CXX object CMakeFiles/eufs_msgs__rosidl_typesupport_introspection_cpp.dir/rosidl_typesupport_introspection_cpp/eufs_msgs/srv/detail/set_track__type_support.cpp.o
[ 52%] Building CXX object CMakeFiles/eufs_msgs__rosidl_typesupport_introspection_cpp.dir/rosidl_typesupport_introspection_cpp/eufs_msgs/srv/detail/set_mission__type_support.cpp.o
[ 52%] Building CXX object CMakeFiles/eufs_msgs__rosidl_typesupport_fastrtps_cpp.dir/rosidl_typesupport_fastrtps_cpp/eufs_msgs/msg/detail/dds_fastrtps/car_forces__type_support.cpp.o
[ 52%] Building CXX object CMakeFiles/eufs_msgs__rosidl_typesupport_fastrtps_cpp.dir/rosidl_typesupport_fastrtps_cpp/eufs_msgs/msg/detail/dds_fastrtps/car_state__type_support.cpp.o
[ 52%] Building CXX object CMakeFiles/eufs_msgs__rosidl_typesupport_fastrtps_cpp.dir/rosidl_typesupport_fastrtps_cpp/eufs_msgs/msg/detail/dds_fastrtps/chassis_command__type_support.cpp.o
[ 52%] Building CXX object CMakeFiles/eufs_msgs__rosidl_typesupport_introspection_cpp.dir/rosidl_typesupport_introspection_cpp/eufs_msgs/srv/detail/get_map__type_support.cpp.o
[ 53%] Building CXX object CMakeFiles/eufs_msgs__rosidl_typesupport_fastrtps_cpp.dir/rosidl_typesupport_fastrtps_cpp/eufs_msgs/msg/detail/dds_fastrtps/chassis_state__type_support.cpp.o
[ 53%] Building CXX object CMakeFiles/eufs_msgs__rosidl_typesupport_fastrtps_cpp.dir/rosidl_typesupport_fastrtps_cpp/eufs_msgs/msg/detail/dds_fastrtps/cone_array__type_support.cpp.o
[ 53%] Building CXX object CMakeFiles/eufs_msgs__rosidl_typesupport_fastrtps_c.dir/rosidl_typesupport_fastrtps_c/eufs_msgs/msg/detail/bounding_box__type_support_c.cpp.o
[ 53%] Building CXX object CMakeFiles/eufs_msgs__rosidl_typesupport_fastrtps_cpp.dir/rosidl_typesupport_fastrtps_cpp/eufs_msgs/msg/detail/dds_fastrtps/cone_array_with_covariance__type_support.cpp.o
[ 53%] Building CXX object CMakeFiles/eufs_msgs__rosidl_typesupport_fastrtps_cpp.dir/rosidl_typesupport_fastrtps_cpp/eufs_msgs/msg/detail/dds_fastrtps/cone_with_color_probability__type_support.cpp.o
[ 53%] Building CXX object CMakeFiles/eufs_msgs__rosidl_typesupport_fastrtps_c.dir/rosidl_typesupport_fastrtps_c/eufs_msgs/msg/detail/bounding_boxes__type_support_c.cpp.o
[ 53%] Building CXX object CMakeFiles/eufs_msgs__rosidl_typesupport_fastrtps_cpp.dir/rosidl_typesupport_fastrtps_cpp/eufs_msgs/msg/detail/dds_fastrtps/cone_with_color_probability_array__type_support.cpp.o
[ 53%] Building CXX object CMakeFiles/eufs_msgs__rosidl_typesupport_fastrtps_c.dir/rosidl_typesupport_fastrtps_c/eufs_msgs/msg/detail/can_state__type_support_c.cpp.o
[ 54%] Building CXX object CMakeFiles/eufs_msgs__rosidl_typesupport_fastrtps_cpp.dir/rosidl_typesupport_fastrtps_cpp/eufs_msgs/msg/detail/dds_fastrtps/cone_with_covariance__type_support.cpp.o
[ 54%] Building CXX object CMakeFiles/eufs_msgs__rosidl_typesupport_fastrtps_c.dir/rosidl_typesupport_fastrtps_c/eufs_msgs/msg/detail/car_forces__type_support_c.cpp.o
[ 55%] Building CXX object CMakeFiles/eufs_msgs__rosidl_typesupport_fastrtps_c.dir/rosidl_typesupport_fastrtps_c/eufs_msgs/msg/detail/car_state__type_support_c.cpp.o
[ 55%] Building CXX object CMakeFiles/eufs_msgs__rosidl_typesupport_fastrtps_c.dir/rosidl_typesupport_fastrtps_c/eufs_msgs/msg/detail/chassis_command__type_support_c.cpp.o
[ 55%] Building CXX object CMakeFiles/eufs_msgs__rosidl_typesupport_fastrtps_c.dir/rosidl_typesupport_fastrtps_c/eufs_msgs/msg/detail/chassis_state__type_support_c.cpp.o
[ 55%] Building CXX object CMakeFiles/eufs_msgs__rosidl_typesupport_fastrtps_cpp.dir/rosidl_typesupport_fastrtps_cpp/eufs_msgs/msg/detail/dds_fastrtps/cone_association__type_support.cpp.o
[ 55%] Building CXX object CMakeFiles/eufs_msgs__rosidl_typesupport_fastrtps_cpp.dir/rosidl_typesupport_fastrtps_cpp/eufs_msgs/msg/detail/dds_fastrtps/cone_association_array__type_support.cpp.o
[ 55%] Building CXX object CMakeFiles/eufs_msgs__rosidl_typesupport_fastrtps_c.dir/rosidl_typesupport_fastrtps_c/eufs_msgs/msg/detail/cone_array__type_support_c.cpp.o
[ 55%] Building CXX object CMakeFiles/eufs_msgs__rosidl_typesupport_fastrtps_c.dir/rosidl_typesupport_fastrtps_c/eufs_msgs/msg/detail/cone_with_color_probability__type_support_c.cpp.o
[ 56%] Building CXX object CMakeFiles/eufs_msgs__rosidl_typesupport_fastrtps_c.dir/rosidl_typesupport_fastrtps_c/eufs_msgs/msg/detail/cone_with_color_probability_array__type_support_c.cpp.o
[ 56%] Building CXX object CMakeFiles/eufs_msgs__rosidl_typesupport_fastrtps_c.dir/rosidl_typesupport_fastrtps_c/eufs_msgs/msg/detail/cone_array_with_covariance__type_support_c.cpp.o
[ 56%] Building CXX object CMakeFiles/eufs_msgs__rosidl_typesupport_fastrtps_cpp.dir/rosidl_typesupport_fastrtps_cpp/eufs_msgs/msg/detail/dds_fastrtps/cone_association_array_array_stamped__type_support.cpp.o
[ 56%] Building CXX object CMakeFiles/eufs_msgs__rosidl_typesupport_fastrtps_c.dir/rosidl_typesupport_fastrtps_c/eufs_msgs/msg/detail/cone_with_covariance__type_support_c.cpp.o
[ 57%] Building CXX object CMakeFiles/eufs_msgs__rosidl_typesupport_fastrtps_c.dir/rosidl_typesupport_fastrtps_c/eufs_msgs/msg/detail/cone_association__type_support_c.cpp.o
[ 57%] Linking CXX shared library libeufs_msgs__rosidl_typesupport_introspection_cpp.so
[ 57%] Building CXX object CMakeFiles/eufs_msgs__rosidl_typesupport_fastrtps_cpp.dir/rosidl_typesupport_fastrtps_cpp/eufs_msgs/msg/detail/dds_fastrtps/cone_association_array_stamped__type_support.cpp.o
[ 57%] Building CXX object CMakeFiles/eufs_msgs__rosidl_typesupport_fastrtps_c.dir/rosidl_typesupport_fastrtps_c/eufs_msgs/msg/detail/cone_association_array__type_support_c.cpp.o
[ 57%] Building CXX object CMakeFiles/eufs_msgs__rosidl_typesupport_fastrtps_cpp.dir/rosidl_typesupport_fastrtps_cpp/eufs_msgs/msg/detail/dds_fastrtps/costmap__type_support.cpp.o
[ 58%] Building CXX object CMakeFiles/eufs_msgs__rosidl_typesupport_fastrtps_cpp.dir/rosidl_typesupport_fastrtps_cpp/eufs_msgs/msg/detail/dds_fastrtps/cpu_usage__type_support.cpp.o
[ 58%] Building CXX object CMakeFiles/eufs_msgs__rosidl_typesupport_fastrtps_cpp.dir/rosidl_typesupport_fastrtps_cpp/eufs_msgs/msg/detail/dds_fastrtps/cpu_status__type_support.cpp.o
[ 58%] Built target eufs_msgs__rosidl_typesupport_introspection_cpp
[ 58%] Building CXX object CMakeFiles/eufs_msgs__rosidl_typesupport_fastrtps_c.dir/rosidl_typesupport_fastrtps_c/eufs_msgs/msg/detail/cone_association_array_array_stamped__type_support_c.cpp.o
[ 58%] Building C object CMakeFiles/eufs_msgs__rosidl_typesupport_introspection_c.dir/rosidl_typesupport_introspection_c/eufs_msgs/msg/detail/bounding_box__type_support.c.o
[ 58%] Building C object CMakeFiles/eufs_msgs__rosidl_typesupport_introspection_c.dir/rosidl_typesupport_introspection_c/eufs_msgs/msg/detail/bounding_boxes__type_support.c.o
[ 58%] Building C object CMakeFiles/eufs_msgs__rosidl_typesupport_introspection_c.dir/rosidl_typesupport_introspection_c/eufs_msgs/msg/detail/can_state__type_support.c.o
[ 58%] Building CXX object CMakeFiles/eufs_msgs__rosidl_typesupport_fastrtps_cpp.dir/rosidl_typesupport_fastrtps_cpp/eufs_msgs/msg/detail/dds_fastrtps/ekf_err__type_support.cpp.o
[ 58%] Building CXX object CMakeFiles/eufs_msgs__rosidl_typesupport_fastrtps_cpp.dir/rosidl_typesupport_fastrtps_cpp/eufs_msgs/msg/detail/dds_fastrtps/ekf_state__type_support.cpp.o
[ 58%] Building C object CMakeFiles/eufs_msgs__rosidl_typesupport_introspection_c.dir/rosidl_typesupport_introspection_c/eufs_msgs/msg/detail/car_forces__type_support.c.o
[ 59%] Building C object CMakeFiles/eufs_msgs__rosidl_typesupport_introspection_c.dir/rosidl_typesupport_introspection_c/eufs_msgs/msg/detail/car_state__type_support.c.o
[ 59%] Building CXX object CMakeFiles/eufs_msgs__rosidl_typesupport_fastrtps_cpp.dir/rosidl_typesupport_fastrtps_cpp/eufs_msgs/msg/detail/dds_fastrtps/full_state__type_support.cpp.o
[ 60%] Building CXX object CMakeFiles/eufs_msgs__rosidl_typesupport_fastrtps_c.dir/rosidl_typesupport_fastrtps_c/eufs_msgs/msg/detail/cone_association_array_stamped__type_support_c.cpp.o
[ 61%] Building CXX object CMakeFiles/eufs_msgs__rosidl_typesupport_fastrtps_cpp.dir/rosidl_typesupport_fastrtps_cpp/eufs_msgs/msg/detail/dds_fastrtps/heartbeat__type_support.cpp.o
[ 61%] Building CXX object CMakeFiles/eufs_msgs__rosidl_typesupport_fastrtps_c.dir/rosidl_typesupport_fastrtps_c/eufs_msgs/msg/detail/costmap__type_support_c.cpp.o
[ 61%] Building CXX object CMakeFiles/eufs_msgs__rosidl_typesupport_fastrtps_c.dir/rosidl_typesupport_fastrtps_c/eufs_msgs/msg/detail/cpu_status__type_support_c.cpp.o
[ 61%] Building C object CMakeFiles/eufs_msgs__rosidl_typesupport_introspection_c.dir/rosidl_typesupport_introspection_c/eufs_msgs/msg/detail/chassis_command__type_support.c.o
[ 61%] Building C object CMakeFiles/eufs_msgs__rosidl_typesupport_introspection_c.dir/rosidl_typesupport_introspection_c/eufs_msgs/msg/detail/chassis_state__type_support.c.o
[ 61%] Building CXX object CMakeFiles/eufs_msgs__rosidl_typesupport_fastrtps_cpp.dir/rosidl_typesupport_fastrtps_cpp/eufs_msgs/msg/detail/dds_fastrtps/integration_err__type_support.cpp.o
[ 61%] Building C object CMakeFiles/eufs_msgs__rosidl_typesupport_introspection_c.dir/rosidl_typesupport_introspection_c/eufs_msgs/msg/detail/cone_array__type_support.c.o
[ 61%] Building CXX object CMakeFiles/eufs_msgs__rosidl_typesupport_fastrtps_c.dir/rosidl_typesupport_fastrtps_c/eufs_msgs/msg/detail/cpu_usage__type_support_c.cpp.o
[ 61%] Building CXX object CMakeFiles/eufs_msgs__rosidl_typesupport_fastrtps_cpp.dir/rosidl_typesupport_fastrtps_cpp/eufs_msgs/msg/detail/dds_fastrtps/lap_stats__type_support.cpp.o
[ 61%] Building CXX object CMakeFiles/eufs_msgs__rosidl_typesupport_fastrtps_cpp.dir/rosidl_typesupport_fastrtps_cpp/eufs_msgs/msg/detail/dds_fastrtps/mpc_state__type_support.cpp.o
[ 61%] Building C object CMakeFiles/eufs_msgs__rosidl_typesupport_introspection_c.dir/rosidl_typesupport_introspection_c/eufs_msgs/msg/detail/cone_array_with_covariance__type_support.c.o
[ 61%] Building C object CMakeFiles/eufs_msgs__rosidl_typesupport_introspection_c.dir/rosidl_typesupport_introspection_c/eufs_msgs/msg/detail/cone_with_color_probability__type_support.c.o
[ 61%] Building CXX object CMakeFiles/eufs_msgs__rosidl_typesupport_fastrtps_c.dir/rosidl_typesupport_fastrtps_c/eufs_msgs/msg/detail/ekf_err__type_support_c.cpp.o
[ 62%] Building C object CMakeFiles/eufs_msgs__rosidl_typesupport_introspection_c.dir/rosidl_typesupport_introspection_c/eufs_msgs/msg/detail/cone_with_color_probability_array__type_support.c.o
[ 62%] Building C object CMakeFiles/eufs_msgs__rosidl_typesupport_introspection_c.dir/rosidl_typesupport_introspection_c/eufs_msgs/msg/detail/cone_with_covariance__type_support.c.o
[ 62%] Building C object CMakeFiles/eufs_msgs__rosidl_typesupport_introspection_c.dir/rosidl_typesupport_introspection_c/eufs_msgs/msg/detail/cone_association__type_support.c.o
[ 62%] Building C object CMakeFiles/eufs_msgs__rosidl_typesupport_introspection_c.dir/rosidl_typesupport_introspection_c/eufs_msgs/msg/detail/cone_association_array__type_support.c.o
[ 62%] Building CXX object CMakeFiles/eufs_msgs__rosidl_typesupport_fastrtps_cpp.dir/rosidl_typesupport_fastrtps_cpp/eufs_msgs/msg/detail/dds_fastrtps/node_state__type_support.cpp.o
[ 62%] Building CXX object CMakeFiles/eufs_msgs__rosidl_typesupport_fastrtps_c.dir/rosidl_typesupport_fastrtps_c/eufs_msgs/msg/detail/ekf_state__type_support_c.cpp.o
[ 62%] Building C object CMakeFiles/eufs_msgs__rosidl_typesupport_introspection_c.dir/rosidl_typesupport_introspection_c/eufs_msgs/msg/detail/cone_association_array_array_stamped__type_support.c.o
[ 62%] Building CXX object CMakeFiles/eufs_msgs__rosidl_typesupport_fastrtps_cpp.dir/rosidl_typesupport_fastrtps_cpp/eufs_msgs/msg/detail/dds_fastrtps/node_state_array__type_support.cpp.o
[ 63%] Building CXX object CMakeFiles/eufs_msgs__rosidl_typesupport_fastrtps_c.dir/rosidl_typesupport_fastrtps_c/eufs_msgs/msg/detail/full_state__type_support_c.cpp.o
[ 64%] Building C object CMakeFiles/eufs_msgs__rosidl_typesupport_introspection_c.dir/rosidl_typesupport_introspection_c/eufs_msgs/msg/detail/cone_association_array_stamped__type_support.c.o
[ 64%] Building CXX object CMakeFiles/eufs_msgs__rosidl_typesupport_fastrtps_c.dir/rosidl_typesupport_fastrtps_c/eufs_msgs/msg/detail/heartbeat__type_support_c.cpp.o
[ 64%] Building CXX object CMakeFiles/eufs_msgs__rosidl_typesupport_fastrtps_c.dir/rosidl_typesupport_fastrtps_c/eufs_msgs/msg/detail/integration_err__type_support_c.cpp.o
[ 64%] Building CXX object CMakeFiles/eufs_msgs__rosidl_typesupport_fastrtps_c.dir/rosidl_typesupport_fastrtps_c/eufs_msgs/msg/detail/lap_stats__type_support_c.cpp.o
[ 64%] Building C object CMakeFiles/eufs_msgs__rosidl_typesupport_introspection_c.dir/rosidl_typesupport_introspection_c/eufs_msgs/msg/detail/costmap__type_support.c.o
[ 64%] Building C object CMakeFiles/eufs_msgs__rosidl_typesupport_introspection_c.dir/rosidl_typesupport_introspection_c/eufs_msgs/msg/detail/cpu_status__type_support.c.o
[ 64%] Building C object CMakeFiles/eufs_msgs__rosidl_typesupport_introspection_c.dir/rosidl_typesupport_introspection_c/eufs_msgs/msg/detail/cpu_usage__type_support.c.o
[ 64%] Building CXX object CMakeFiles/eufs_msgs__rosidl_typesupport_fastrtps_c.dir/rosidl_typesupport_fastrtps_c/eufs_msgs/msg/detail/mpc_state__type_support_c.cpp.o
[ 64%] Building C object CMakeFiles/eufs_msgs__rosidl_typesupport_introspection_c.dir/rosidl_typesupport_introspection_c/eufs_msgs/msg/detail/ekf_err__type_support.c.o
[ 65%] Building CXX object CMakeFiles/eufs_msgs__rosidl_typesupport_fastrtps_cpp.dir/rosidl_typesupport_fastrtps_cpp/eufs_msgs/msg/detail/dds_fastrtps/oss__type_support.cpp.o
[ 66%] Building C object CMakeFiles/eufs_msgs__rosidl_typesupport_introspection_c.dir/rosidl_typesupport_introspection_c/eufs_msgs/msg/detail/ekf_state__type_support.c.o
[ 66%] Building CXX object CMakeFiles/eufs_msgs__rosidl_typesupport_fastrtps_c.dir/rosidl_typesupport_fastrtps_c/eufs_msgs/msg/detail/node_state_array__type_support_c.cpp.o
[ 67%] Building CXX object CMakeFiles/eufs_msgs__rosidl_typesupport_fastrtps_c.dir/rosidl_typesupport_fastrtps_c/eufs_msgs/msg/detail/node_state__type_support_c.cpp.o
[ 67%] Building C object CMakeFiles/eufs_msgs__rosidl_typesupport_introspection_c.dir/rosidl_typesupport_introspection_c/eufs_msgs/msg/detail/full_state__type_support.c.o
[ 67%] Building CXX object CMakeFiles/eufs_msgs__rosidl_typesupport_fastrtps_cpp.dir/rosidl_typesupport_fastrtps_cpp/eufs_msgs/msg/detail/dds_fastrtps/particle__type_support.cpp.o
[ 67%] Building C object CMakeFiles/eufs_msgs__rosidl_typesupport_introspection_c.dir/rosidl_typesupport_introspection_c/eufs_msgs/msg/detail/heartbeat__type_support.c.o
[ 67%] Building CXX object CMakeFiles/eufs_msgs__rosidl_typesupport_fastrtps_cpp.dir/rosidl_typesupport_fastrtps_cpp/eufs_msgs/msg/detail/dds_fastrtps/particle_slam__type_support.cpp.o
[ 67%] Building CXX object CMakeFiles/eufs_msgs__rosidl_typesupport_fastrtps_cpp.dir/rosidl_typesupport_fastrtps_cpp/eufs_msgs/msg/detail/dds_fastrtps/particle_slam_stamped__type_support.cpp.o
[ 67%] Building CXX object CMakeFiles/eufs_msgs__rosidl_typesupport_fastrtps_cpp.dir/rosidl_typesupport_fastrtps_cpp/eufs_msgs/msg/detail/dds_fastrtps/particle_stamped__type_support.cpp.o
[ 67%] Building C object CMakeFiles/eufs_msgs__rosidl_typesupport_introspection_c.dir/rosidl_typesupport_introspection_c/eufs_msgs/msg/detail/integration_err__type_support.c.o
[ 67%] Building C object CMakeFiles/eufs_msgs__rosidl_typesupport_introspection_c.dir/rosidl_typesupport_introspection_c/eufs_msgs/msg/detail/lap_stats__type_support.c.o
[ 67%] Building CXX object CMakeFiles/eufs_msgs__rosidl_typesupport_fastrtps_c.dir/rosidl_typesupport_fastrtps_c/eufs_msgs/msg/detail/oss__type_support_c.cpp.o
[ 67%] Building CXX object CMakeFiles/eufs_msgs__rosidl_typesupport_fastrtps_c.dir/rosidl_typesupport_fastrtps_c/eufs_msgs/msg/detail/particle__type_support_c.cpp.o
[ 67%] Building C object CMakeFiles/eufs_msgs__rosidl_typesupport_introspection_c.dir/rosidl_typesupport_introspection_c/eufs_msgs/msg/detail/mpc_state__type_support.c.o
[ 67%] Building CXX object CMakeFiles/eufs_msgs__rosidl_typesupport_fastrtps_c.dir/rosidl_typesupport_fastrtps_c/eufs_msgs/msg/detail/particle_slam__type_support_c.cpp.o
[ 68%] Building C object CMakeFiles/eufs_msgs__rosidl_typesupport_introspection_c.dir/rosidl_typesupport_introspection_c/eufs_msgs/msg/detail/node_state__type_support.c.o
[ 68%] Building CXX object CMakeFiles/eufs_msgs__rosidl_typesupport_fastrtps_c.dir/rosidl_typesupport_fastrtps_c/eufs_msgs/msg/detail/particle_slam_stamped__type_support_c.cpp.o
[ 68%] Building C object CMakeFiles/eufs_msgs__rosidl_typesupport_introspection_c.dir/rosidl_typesupport_introspection_c/eufs_msgs/msg/detail/node_state_array__type_support.c.o
[ 68%] Building C object CMakeFiles/eufs_msgs__rosidl_typesupport_introspection_c.dir/rosidl_typesupport_introspection_c/eufs_msgs/msg/detail/oss__type_support.c.o
[ 69%] Building CXX object CMakeFiles/eufs_msgs__rosidl_typesupport_fastrtps_cpp.dir/rosidl_typesupport_fastrtps_cpp/eufs_msgs/msg/detail/dds_fastrtps/path_integral_params__type_support.cpp.o
[ 70%] Building CXX object CMakeFiles/eufs_msgs__rosidl_typesupport_fastrtps_cpp.dir/rosidl_typesupport_fastrtps_cpp/eufs_msgs/msg/detail/dds_fastrtps/path_integral_stats__type_support.cpp.o
[ 70%] Building CXX object CMakeFiles/eufs_msgs__rosidl_typesupport_fastrtps_c.dir/rosidl_typesupport_fastrtps_c/eufs_msgs/msg/detail/particle_stamped__type_support_c.cpp.o
[ 70%] Building CXX object CMakeFiles/eufs_msgs__rosidl_typesupport_fastrtps_cpp.dir/rosidl_typesupport_fastrtps_cpp/eufs_msgs/msg/detail/dds_fastrtps/path_integral_status__type_support.cpp.o
[ 70%] Building CXX object CMakeFiles/eufs_msgs__rosidl_typesupport_fastrtps_c.dir/rosidl_typesupport_fastrtps_c/eufs_msgs/msg/detail/path_integral_params__type_support_c.cpp.o
[ 70%] Building C object CMakeFiles/eufs_msgs__rosidl_typesupport_introspection_c.dir/rosidl_typesupport_introspection_c/eufs_msgs/msg/detail/particle__type_support.c.o
[ 70%] Building CXX object CMakeFiles/eufs_msgs__rosidl_typesupport_fastrtps_c.dir/rosidl_typesupport_fastrtps_c/eufs_msgs/msg/detail/path_integral_stats__type_support_c.cpp.o
[ 70%] Building CXX object CMakeFiles/eufs_msgs__rosidl_typesupport_fastrtps_cpp.dir/rosidl_typesupport_fastrtps_cpp/eufs_msgs/msg/detail/dds_fastrtps/path_integral_timing__type_support.cpp.o
[ 70%] Building C object CMakeFiles/eufs_msgs__rosidl_typesupport_introspection_c.dir/rosidl_typesupport_introspection_c/eufs_msgs/msg/detail/particle_slam__type_support.c.o
[ 71%] Building C object CMakeFiles/eufs_msgs__rosidl_typesupport_introspection_c.dir/rosidl_typesupport_introspection_c/eufs_msgs/msg/detail/particle_slam_stamped__type_support.c.o
[ 71%] Building CXX object CMakeFiles/eufs_msgs__rosidl_typesupport_fastrtps_c.dir/rosidl_typesupport_fastrtps_c/eufs_msgs/msg/detail/path_integral_status__type_support_c.cpp.o
[ 71%] Building C object CMakeFiles/eufs_msgs__rosidl_typesupport_introspection_c.dir/rosidl_typesupport_introspection_c/eufs_msgs/msg/detail/particle_stamped__type_support.c.o
[ 71%] Building C object CMakeFiles/eufs_msgs__rosidl_typesupport_introspection_c.dir/rosidl_typesupport_introspection_c/eufs_msgs/msg/detail/path_integral_params__type_support.c.o
[ 71%] Building CXX object CMakeFiles/eufs_msgs__rosidl_typesupport_fastrtps_c.dir/rosidl_typesupport_fastrtps_c/eufs_msgs/msg/detail/path_integral_timing__type_support_c.cpp.o
[ 71%] Building CXX object CMakeFiles/eufs_msgs__rosidl_typesupport_fastrtps_cpp.dir/rosidl_typesupport_fastrtps_cpp/eufs_msgs/msg/detail/dds_fastrtps/point_array__type_support.cpp.o
[ 71%] Building CXX object CMakeFiles/eufs_msgs__rosidl_typesupport_fastrtps_cpp.dir/rosidl_typesupport_fastrtps_cpp/eufs_msgs/msg/detail/dds_fastrtps/planning_mode__type_support.cpp.o
[ 72%] Building CXX object CMakeFiles/eufs_msgs__rosidl_typesupport_fastrtps_c.dir/rosidl_typesupport_fastrtps_c/eufs_msgs/msg/detail/planning_mode__type_support_c.cpp.o
[ 72%] Building CXX object CMakeFiles/eufs_msgs__rosidl_typesupport_fastrtps_c.dir/rosidl_typesupport_fastrtps_c/eufs_msgs/msg/detail/point_array__type_support_c.cpp.o
[ 72%] Building C object CMakeFiles/eufs_msgs__rosidl_typesupport_introspection_c.dir/rosidl_typesupport_introspection_c/eufs_msgs/msg/detail/path_integral_stats__type_support.c.o
[ 72%] Building CXX object CMakeFiles/eufs_msgs__rosidl_typesupport_fastrtps_cpp.dir/rosidl_typesupport_fastrtps_cpp/eufs_msgs/msg/detail/dds_fastrtps/pure_pursuit_checkpoint__type_support.cpp.o
[ 73%] Building CXX object CMakeFiles/eufs_msgs__rosidl_typesupport_fastrtps_cpp.dir/rosidl_typesupport_fastrtps_cpp/eufs_msgs/msg/detail/dds_fastrtps/point_array_stamped__type_support.cpp.o
[ 73%] Building CXX object CMakeFiles/eufs_msgs__rosidl_typesupport_fastrtps_cpp.dir/rosidl_typesupport_fastrtps_cpp/eufs_msgs/msg/detail/dds_fastrtps/pure_pursuit_checkpoint_array_stamped__type_support.cpp.o
[ 73%] Building CXX object CMakeFiles/eufs_msgs__rosidl_typesupport_fastrtps_c.dir/rosidl_typesupport_fastrtps_c/eufs_msgs/msg/detail/point_array_stamped__type_support_c.cpp.o
[ 73%] Building CXX object CMakeFiles/eufs_msgs__rosidl_typesupport_fastrtps_c.dir/rosidl_typesupport_fastrtps_c/eufs_msgs/msg/detail/pure_pursuit_checkpoint__type_support_c.cpp.o
[ 73%] Building C object CMakeFiles/eufs_msgs__rosidl_typesupport_introspection_c.dir/rosidl_typesupport_introspection_c/eufs_msgs/msg/detail/path_integral_status__type_support.c.o
[ 73%] Building C object CMakeFiles/eufs_msgs__rosidl_typesupport_introspection_c.dir/rosidl_typesupport_introspection_c/eufs_msgs/msg/detail/path_integral_timing__type_support.c.o
[ 73%] Building CXX object CMakeFiles/eufs_msgs__rosidl_typesupport_fastrtps_cpp.dir/rosidl_typesupport_fastrtps_cpp/eufs_msgs/msg/detail/dds_fastrtps/runstop__type_support.cpp.o
[ 74%] Building C object CMakeFiles/eufs_msgs__rosidl_typesupport_introspection_c.dir/rosidl_typesupport_introspection_c/eufs_msgs/msg/detail/point_array__type_support.c.o
[ 74%] Building C object CMakeFiles/eufs_msgs__rosidl_typesupport_introspection_c.dir/rosidl_typesupport_introspection_c/eufs_msgs/msg/detail/planning_mode__type_support.c.o
[ 74%] Building CXX object CMakeFiles/eufs_msgs__rosidl_typesupport_fastrtps_cpp.dir/rosidl_typesupport_fastrtps_cpp/eufs_msgs/msg/detail/dds_fastrtps/slam_err__type_support.cpp.o
[ 75%] Building CXX object CMakeFiles/eufs_msgs__rosidl_typesupport_fastrtps_cpp.dir/rosidl_typesupport_fastrtps_cpp/eufs_msgs/msg/detail/dds_fastrtps/slam_state__type_support.cpp.o
[ 75%] Building CXX object CMakeFiles/eufs_msgs__rosidl_typesupport_fastrtps_cpp.dir/rosidl_typesupport_fastrtps_cpp/eufs_msgs/msg/detail/dds_fastrtps/state_machine_state__type_support.cpp.o
[ 75%] Building CXX object CMakeFiles/eufs_msgs__rosidl_typesupport_fastrtps_cpp.dir/rosidl_typesupport_fastrtps_cpp/eufs_msgs/msg/detail/dds_fastrtps/stereo_image__type_support.cpp.o
[ 75%] Building CXX object CMakeFiles/eufs_msgs__rosidl_typesupport_fastrtps_cpp.dir/rosidl_typesupport_fastrtps_cpp/eufs_msgs/msg/detail/dds_fastrtps/system_status__type_support.cpp.o
[ 75%] Building C object CMakeFiles/eufs_msgs__rosidl_typesupport_introspection_c.dir/rosidl_typesupport_introspection_c/eufs_msgs/msg/detail/point_array_stamped__type_support.c.o
[ 75%] Building CXX object CMakeFiles/eufs_msgs__rosidl_typesupport_fastrtps_c.dir/rosidl_typesupport_fastrtps_c/eufs_msgs/msg/detail/pure_pursuit_checkpoint_array_stamped__type_support_c.cpp.o
[ 75%] Building CXX object CMakeFiles/eufs_msgs__rosidl_typesupport_fastrtps_cpp.dir/rosidl_typesupport_fastrtps_cpp/eufs_msgs/msg/detail/dds_fastrtps/topic_status__type_support.cpp.o
[ 75%] Building C object CMakeFiles/eufs_msgs__rosidl_typesupport_introspection_c.dir/rosidl_typesupport_introspection_c/eufs_msgs/msg/detail/pure_pursuit_checkpoint__type_support.c.o
[ 75%] Building C object CMakeFiles/eufs_msgs__rosidl_typesupport_introspection_c.dir/rosidl_typesupport_introspection_c/eufs_msgs/msg/detail/pure_pursuit_checkpoint_array_stamped__type_support.c.o
[ 76%] Building C object CMakeFiles/eufs_msgs__rosidl_typesupport_introspection_c.dir/rosidl_typesupport_introspection_c/eufs_msgs/msg/detail/runstop__type_support.c.o
[ 76%] Building C object CMakeFiles/eufs_msgs__rosidl_typesupport_introspection_c.dir/rosidl_typesupport_introspection_c/eufs_msgs/msg/detail/slam_err__type_support.c.o
[ 77%] Building CXX object CMakeFiles/eufs_msgs__rosidl_typesupport_fastrtps_c.dir/rosidl_typesupport_fastrtps_c/eufs_msgs/msg/detail/runstop__type_support_c.cpp.o
[ 77%] Building C object CMakeFiles/eufs_msgs__rosidl_typesupport_introspection_c.dir/rosidl_typesupport_introspection_c/eufs_msgs/msg/detail/slam_state__type_support.c.o
[ 77%] Building C object CMakeFiles/eufs_msgs__rosidl_typesupport_introspection_c.dir/rosidl_typesupport_introspection_c/eufs_msgs/msg/detail/state_machine_state__type_support.c.o
[ 77%] Building C object CMakeFiles/eufs_msgs__rosidl_typesupport_introspection_c.dir/rosidl_typesupport_introspection_c/eufs_msgs/msg/detail/stereo_image__type_support.c.o
[ 78%] Building CXX object CMakeFiles/eufs_msgs__rosidl_typesupport_fastrtps_cpp.dir/rosidl_typesupport_fastrtps_cpp/eufs_msgs/msg/detail/dds_fastrtps/vehicle_commands__type_support.cpp.o
[ 78%] Building CXX object CMakeFiles/eufs_msgs__rosidl_typesupport_fastrtps_c.dir/rosidl_typesupport_fastrtps_c/eufs_msgs/msg/detail/slam_err__type_support_c.cpp.o
[ 78%] Building C object CMakeFiles/eufs_msgs__rosidl_typesupport_introspection_c.dir/rosidl_typesupport_introspection_c/eufs_msgs/msg/detail/system_status__type_support.c.o
[ 79%] Building C object CMakeFiles/eufs_msgs__rosidl_typesupport_introspection_c.dir/rosidl_typesupport_introspection_c/eufs_msgs/msg/detail/topic_status__type_support.c.o
[ 79%] Building C object CMakeFiles/eufs_msgs__rosidl_typesupport_introspection_c.dir/rosidl_typesupport_introspection_c/eufs_msgs/msg/detail/vehicle_commands__type_support.c.o
[ 79%] Building C object CMakeFiles/eufs_msgs__rosidl_typesupport_introspection_c.dir/rosidl_typesupport_introspection_c/eufs_msgs/msg/detail/vehicle_commands_stamped__type_support.c.o
[ 79%] Building C object CMakeFiles/eufs_msgs__rosidl_typesupport_introspection_c.dir/rosidl_typesupport_introspection_c/eufs_msgs/msg/detail/waypoint__type_support.c.o
[ 79%] Building C object CMakeFiles/eufs_msgs__rosidl_typesupport_introspection_c.dir/rosidl_typesupport_introspection_c/eufs_msgs/msg/detail/waypoint_array_stamped__type_support.c.o
[ 80%] Building C object CMakeFiles/eufs_msgs__rosidl_typesupport_introspection_c.dir/rosidl_typesupport_introspection_c/eufs_msgs/msg/detail/wheel_odometry_err__type_support.c.o
[ 80%] Building CXX object CMakeFiles/eufs_msgs__rosidl_typesupport_fastrtps_c.dir/rosidl_typesupport_fastrtps_c/eufs_msgs/msg/detail/slam_state__type_support_c.cpp.o
[ 80%] Building CXX object CMakeFiles/eufs_msgs__rosidl_typesupport_fastrtps_cpp.dir/rosidl_typesupport_fastrtps_cpp/eufs_msgs/msg/detail/dds_fastrtps/vehicle_commands_stamped__type_support.cpp.o
[ 80%] Building C object CMakeFiles/eufs_msgs__rosidl_typesupport_introspection_c.dir/rosidl_typesupport_introspection_c/eufs_msgs/msg/detail/wheel_speeds__type_support.c.o
[ 80%] Building CXX object CMakeFiles/eufs_msgs__rosidl_typesupport_fastrtps_c.dir/rosidl_typesupport_fastrtps_c/eufs_msgs/msg/detail/state_machine_state__type_support_c.cpp.o
[ 80%] Building CXX object CMakeFiles/eufs_msgs__rosidl_typesupport_fastrtps_cpp.dir/rosidl_typesupport_fastrtps_cpp/eufs_msgs/msg/detail/dds_fastrtps/waypoint__type_support.cpp.o
[ 80%] Building CXX object CMakeFiles/eufs_msgs__rosidl_typesupport_fastrtps_c.dir/rosidl_typesupport_fastrtps_c/eufs_msgs/msg/detail/stereo_image__type_support_c.cpp.o
[ 80%] Building CXX object CMakeFiles/eufs_msgs__rosidl_typesupport_fastrtps_cpp.dir/rosidl_typesupport_fastrtps_cpp/eufs_msgs/msg/detail/dds_fastrtps/waypoint_array_stamped__type_support.cpp.o
[ 80%] Building C object CMakeFiles/eufs_msgs__rosidl_typesupport_introspection_c.dir/rosidl_typesupport_introspection_c/eufs_msgs/msg/detail/wheel_speeds_stamped__type_support.c.o
[ 80%] Building CXX object CMakeFiles/eufs_msgs__rosidl_typesupport_fastrtps_cpp.dir/rosidl_typesupport_fastrtps_cpp/eufs_msgs/msg/detail/dds_fastrtps/wheel_odometry_err__type_support.cpp.o
[ 81%] Building CXX object CMakeFiles/eufs_msgs__rosidl_typesupport_fastrtps_c.dir/rosidl_typesupport_fastrtps_c/eufs_msgs/msg/detail/topic_status__type_support_c.cpp.o
[ 81%] Building CXX object CMakeFiles/eufs_msgs__rosidl_typesupport_fastrtps_cpp.dir/rosidl_typesupport_fastrtps_cpp/eufs_msgs/msg/detail/dds_fastrtps/wheel_speeds__type_support.cpp.o
[ 81%] Building CXX object CMakeFiles/eufs_msgs__rosidl_typesupport_fastrtps_c.dir/rosidl_typesupport_fastrtps_c/eufs_msgs/msg/detail/system_status__type_support_c.cpp.o
[ 81%] Building CXX object CMakeFiles/eufs_msgs__rosidl_typesupport_fastrtps_c.dir/rosidl_typesupport_fastrtps_c/eufs_msgs/msg/detail/vehicle_commands__type_support_c.cpp.o
[ 81%] Building C object CMakeFiles/eufs_msgs__rosidl_typesupport_introspection_c.dir/rosidl_typesupport_introspection_c/eufs_msgs/action/detail/check_for_objects__type_support.c.o
[ 82%] Building CXX object CMakeFiles/eufs_msgs__rosidl_typesupport_fastrtps_cpp.dir/rosidl_typesupport_fastrtps_cpp/eufs_msgs/msg/detail/dds_fastrtps/wheel_speeds_stamped__type_support.cpp.o
[ 82%] Building C object CMakeFiles/eufs_msgs__rosidl_typesupport_introspection_c.dir/rosidl_typesupport_introspection_c/eufs_msgs/srv/detail/record_start__type_support.c.o
[ 82%] Building CXX object CMakeFiles/eufs_msgs__rosidl_typesupport_fastrtps_c.dir/rosidl_typesupport_fastrtps_c/eufs_msgs/msg/detail/vehicle_commands_stamped__type_support_c.cpp.o
[ 83%] Building C object CMakeFiles/eufs_msgs__rosidl_typesupport_introspection_c.dir/rosidl_typesupport_introspection_c/eufs_msgs/srv/detail/record_stop__type_support.c.o
[ 83%] Building CXX object CMakeFiles/eufs_msgs__rosidl_typesupport_fastrtps_c.dir/rosidl_typesupport_fastrtps_c/eufs_msgs/msg/detail/waypoint__type_support_c.cpp.o
[ 83%] Building CXX object CMakeFiles/eufs_msgs__rosidl_typesupport_fastrtps_c.dir/rosidl_typesupport_fastrtps_c/eufs_msgs/msg/detail/waypoint_array_stamped__type_support_c.cpp.o
[ 83%] Building C object CMakeFiles/eufs_msgs__rosidl_typesupport_introspection_c.dir/rosidl_typesupport_introspection_c/eufs_msgs/srv/detail/register__type_support.c.o
[ 83%] Building C object CMakeFiles/eufs_msgs__rosidl_typesupport_introspection_c.dir/rosidl_typesupport_introspection_c/eufs_msgs/srv/detail/set_can_state__type_support.c.o
[ 83%] Building CXX object CMakeFiles/eufs_msgs__rosidl_typesupport_fastrtps_cpp.dir/rosidl_typesupport_fastrtps_cpp/eufs_msgs/action/detail/dds_fastrtps/check_for_objects__type_support.cpp.o
[ 83%] Building C object CMakeFiles/eufs_msgs__rosidl_typesupport_introspection_c.dir/rosidl_typesupport_introspection_c/eufs_msgs/srv/detail/set_string__type_support.c.o
[ 84%] Building CXX object CMakeFiles/eufs_msgs__rosidl_typesupport_fastrtps_c.dir/rosidl_typesupport_fastrtps_c/eufs_msgs/msg/detail/wheel_odometry_err__type_support_c.cpp.o
[ 84%] Building CXX object CMakeFiles/eufs_msgs__rosidl_typesupport_fastrtps_cpp.dir/rosidl_typesupport_fastrtps_cpp/eufs_msgs/srv/detail/dds_fastrtps/record_start__type_support.cpp.o
[ 84%] Building C object CMakeFiles/eufs_msgs__rosidl_typesupport_introspection_c.dir/rosidl_typesupport_introspection_c/eufs_msgs/srv/detail/set_track__type_support.c.o
[ 84%] Building C object CMakeFiles/eufs_msgs__rosidl_typesupport_introspection_c.dir/rosidl_typesupport_introspection_c/eufs_msgs/srv/detail/set_mission__type_support.c.o
[ 85%] Building C object CMakeFiles/eufs_msgs__rosidl_typesupport_introspection_c.dir/rosidl_typesupport_introspection_c/eufs_msgs/srv/detail/get_map__type_support.c.o
[ 85%] Building CXX object CMakeFiles/eufs_msgs__rosidl_typesupport_fastrtps_c.dir/rosidl_typesupport_fastrtps_c/eufs_msgs/msg/detail/wheel_speeds__type_support_c.cpp.o
[ 85%] Linking C shared library libeufs_msgs__rosidl_typesupport_introspection_c.so
[ 85%] Building CXX object CMakeFiles/eufs_msgs__rosidl_typesupport_fastrtps_cpp.dir/rosidl_typesupport_fastrtps_cpp/eufs_msgs/srv/detail/dds_fastrtps/record_stop__type_support.cpp.o
[ 85%] Building CXX object CMakeFiles/eufs_msgs__rosidl_typesupport_fastrtps_c.dir/rosidl_typesupport_fastrtps_c/eufs_msgs/msg/detail/wheel_speeds_stamped__type_support_c.cpp.o
[ 85%] Building CXX object CMakeFiles/eufs_msgs__rosidl_typesupport_fastrtps_cpp.dir/rosidl_typesupport_fastrtps_cpp/eufs_msgs/srv/detail/dds_fastrtps/register__type_support.cpp.o
[ 85%] Building CXX object CMakeFiles/eufs_msgs__rosidl_typesupport_fastrtps_c.dir/rosidl_typesupport_fastrtps_c/eufs_msgs/action/detail/check_for_objects__type_support_c.cpp.o
[ 86%] Building CXX object CMakeFiles/eufs_msgs__rosidl_typesupport_fastrtps_cpp.dir/rosidl_typesupport_fastrtps_cpp/eufs_msgs/srv/detail/dds_fastrtps/set_can_state__type_support.cpp.o
[ 86%] Building CXX object CMakeFiles/eufs_msgs__rosidl_typesupport_fastrtps_c.dir/rosidl_typesupport_fastrtps_c/eufs_msgs/srv/detail/record_start__type_support_c.cpp.o
[ 86%] Building CXX object CMakeFiles/eufs_msgs__rosidl_typesupport_fastrtps_cpp.dir/rosidl_typesupport_fastrtps_cpp/eufs_msgs/srv/detail/dds_fastrtps/set_string__type_support.cpp.o
[ 86%] Building CXX object CMakeFiles/eufs_msgs__rosidl_typesupport_fastrtps_c.dir/rosidl_typesupport_fastrtps_c/eufs_msgs/srv/detail/record_stop__type_support_c.cpp.o
[ 87%] Building CXX object CMakeFiles/eufs_msgs__rosidl_typesupport_fastrtps_c.dir/rosidl_typesupport_fastrtps_c/eufs_msgs/srv/detail/register__type_support_c.cpp.o
[ 87%] Building CXX object CMakeFiles/eufs_msgs__rosidl_typesupport_fastrtps_c.dir/rosidl_typesupport_fastrtps_c/eufs_msgs/srv/detail/set_can_state__type_support_c.cpp.o
[ 87%] Built target eufs_msgs__rosidl_typesupport_introspection_c
[ 87%] Building CXX object CMakeFiles/eufs_msgs__rosidl_typesupport_fastrtps_c.dir/rosidl_typesupport_fastrtps_c/eufs_msgs/srv/detail/set_string__type_support_c.cpp.o
[ 87%] Building CXX object CMakeFiles/eufs_msgs__rosidl_typesupport_fastrtps_c.dir/rosidl_typesupport_fastrtps_c/eufs_msgs/srv/detail/set_track__type_support_c.cpp.o
[ 87%] Building CXX object CMakeFiles/eufs_msgs__rosidl_typesupport_fastrtps_c.dir/rosidl_typesupport_fastrtps_c/eufs_msgs/srv/detail/set_mission__type_support_c.cpp.o
[ 88%] Building CXX object CMakeFiles/eufs_msgs__rosidl_typesupport_fastrtps_c.dir/rosidl_typesupport_fastrtps_c/eufs_msgs/srv/detail/get_map__type_support_c.cpp.o
[ 88%] Building CXX object CMakeFiles/eufs_msgs__rosidl_typesupport_fastrtps_cpp.dir/rosidl_typesupport_fastrtps_cpp/eufs_msgs/srv/detail/dds_fastrtps/set_track__type_support.cpp.o
[ 88%] Building CXX object CMakeFiles/eufs_msgs__rosidl_typesupport_fastrtps_cpp.dir/rosidl_typesupport_fastrtps_cpp/eufs_msgs/srv/detail/dds_fastrtps/set_mission__type_support.cpp.o
[ 88%] Building CXX object CMakeFiles/eufs_msgs__rosidl_typesupport_fastrtps_cpp.dir/rosidl_typesupport_fastrtps_cpp/eufs_msgs/srv/detail/dds_fastrtps/get_map__type_support.cpp.o
[ 88%] Linking CXX shared library libeufs_msgs__rosidl_typesupport_fastrtps_c.so
[ 88%] Built target eufs_msgs__rosidl_typesupport_fastrtps_c
[ 88%] Linking CXX shared library libeufs_msgs__rosidl_typesupport_fastrtps_cpp.so
[ 88%] Built target eufs_msgs__rosidl_typesupport_fastrtps_cpp
[ 88%] Built target eufs_msgs
[ 88%] Generating Python code for ROS interfaces
[ 88%] Built target eufs_msgs__py
[ 88%] Building C object CMakeFiles/eufs_msgs__rosidl_generator_py.dir/rosidl_generator_py/eufs_msgs/msg/_bounding_box_s.c.o
[ 89%] Building C object CMakeFiles/eufs_msgs__rosidl_generator_py.dir/rosidl_generator_py/eufs_msgs/msg/_can_state_s.c.o
[ 89%] Building C object CMakeFiles/eufs_msgs__rosidl_generator_py.dir/rosidl_generator_py/eufs_msgs/msg/_bounding_boxes_s.c.o
[ 89%] Building C object CMakeFiles/eufs_msgs__rosidl_generator_py.dir/rosidl_generator_py/eufs_msgs/msg/_car_forces_s.c.o
[ 89%] Building C object CMakeFiles/eufs_msgs__rosidl_generator_py.dir/rosidl_generator_py/eufs_msgs/msg/_car_state_s.c.o
[ 89%] Building C object CMakeFiles/eufs_msgs__rosidl_generator_py.dir/rosidl_generator_py/eufs_msgs/msg/_chassis_state_s.c.o
[ 90%] Building C object CMakeFiles/eufs_msgs__rosidl_generator_py.dir/rosidl_generator_py/eufs_msgs/msg/_cone_array_s.c.o
[ 90%] Building C object CMakeFiles/eufs_msgs__rosidl_generator_py.dir/rosidl_generator_py/eufs_msgs/msg/_cone_array_with_covariance_s.c.o
[ 90%] Building C object CMakeFiles/eufs_msgs__rosidl_generator_py.dir/rosidl_generator_py/eufs_msgs/msg/_cone_with_color_probability_s.c.o
[ 90%] Building C object CMakeFiles/eufs_msgs__rosidl_generator_py.dir/rosidl_generator_py/eufs_msgs/msg/_cone_with_color_probability_array_s.c.o
[ 90%] Building C object CMakeFiles/eufs_msgs__rosidl_generator_py.dir/rosidl_generator_py/eufs_msgs/msg/_cone_with_covariance_s.c.o
[ 90%] Building C object CMakeFiles/eufs_msgs__rosidl_generator_py.dir/rosidl_generator_py/eufs_msgs/msg/_cone_association_array_stamped_s.c.o
[ 91%] Building C object CMakeFiles/eufs_msgs__rosidl_generator_py.dir/rosidl_generator_py/eufs_msgs/msg/_cone_association_s.c.o
[ 91%] Building C object CMakeFiles/eufs_msgs__rosidl_generator_py.dir/rosidl_generator_py/eufs_msgs/msg/_cone_association_array_array_stamped_s.c.o
[ 91%] Building C object CMakeFiles/eufs_msgs__rosidl_generator_py.dir/rosidl_generator_py/eufs_msgs/msg/_cone_association_array_s.c.o
[ 91%] Building C object CMakeFiles/eufs_msgs__rosidl_generator_py.dir/rosidl_generator_py/eufs_msgs/msg/_costmap_s.c.o
[ 91%] Building C object CMakeFiles/eufs_msgs__rosidl_generator_py.dir/rosidl_generator_py/eufs_msgs/msg/_chassis_command_s.c.o
[ 91%] Building C object CMakeFiles/eufs_msgs__rosidl_generator_py.dir/rosidl_generator_py/eufs_msgs/msg/_cpu_usage_s.c.o
[ 91%] Building C object CMakeFiles/eufs_msgs__rosidl_generator_py.dir/rosidl_generator_py/eufs_msgs/msg/_ekf_err_s.c.o
[ 92%] Building C object CMakeFiles/eufs_msgs__rosidl_generator_py.dir/rosidl_generator_py/eufs_msgs/msg/_cpu_status_s.c.o
[ 92%] Building C object CMakeFiles/eufs_msgs__rosidl_generator_py.dir/rosidl_generator_py/eufs_msgs/msg/_full_state_s.c.o
[ 92%] Building C object CMakeFiles/eufs_msgs__rosidl_generator_py.dir/rosidl_generator_py/eufs_msgs/msg/_ekf_state_s.c.o
[ 93%] Building C object CMakeFiles/eufs_msgs__rosidl_generator_py.dir/rosidl_generator_py/eufs_msgs/msg/_lap_stats_s.c.o
[ 93%] Building C object CMakeFiles/eufs_msgs__rosidl_generator_py.dir/rosidl_generator_py/eufs_msgs/msg/_integration_err_s.c.o
[ 93%] Building C object CMakeFiles/eufs_msgs__rosidl_generator_py.dir/rosidl_generator_py/eufs_msgs/msg/_heartbeat_s.c.o
[ 93%] Building C object CMakeFiles/eufs_msgs__rosidl_generator_py.dir/rosidl_generator_py/eufs_msgs/msg/_mpc_state_s.c.o
[ 94%] Building C object CMakeFiles/eufs_msgs__rosidl_generator_py.dir/rosidl_generator_py/eufs_msgs/msg/_oss_s.c.o
[ 94%] Building C object CMakeFiles/eufs_msgs__rosidl_generator_py.dir/rosidl_generator_py/eufs_msgs/msg/_node_state_s.c.o
[ 94%] Building C object CMakeFiles/eufs_msgs__rosidl_generator_py.dir/rosidl_generator_py/eufs_msgs/msg/_particle_slam_s.c.o
[ 94%] Building C object CMakeFiles/eufs_msgs__rosidl_generator_py.dir/rosidl_generator_py/eufs_msgs/msg/_node_state_array_s.c.o
[ 94%] Building C object CMakeFiles/eufs_msgs__rosidl_generator_py.dir/rosidl_generator_py/eufs_msgs/msg/_path_integral_params_s.c.o
[ 94%] Building C object CMakeFiles/eufs_msgs__rosidl_generator_py.dir/rosidl_generator_py/eufs_msgs/msg/_particle_s.c.o
[ 95%] Building C object CMakeFiles/eufs_msgs__rosidl_generator_py.dir/rosidl_generator_py/eufs_msgs/msg/_path_integral_stats_s.c.o
[ 95%] Building C object CMakeFiles/eufs_msgs__rosidl_generator_py.dir/rosidl_generator_py/eufs_msgs/msg/_particle_slam_stamped_s.c.o
[ 95%] Building C object CMakeFiles/eufs_msgs__rosidl_generator_py.dir/rosidl_generator_py/eufs_msgs/msg/_path_integral_status_s.c.o
[ 95%] Building C object CMakeFiles/eufs_msgs__rosidl_generator_py.dir/rosidl_generator_py/eufs_msgs/msg/_particle_stamped_s.c.o
[ 95%] Building C object CMakeFiles/eufs_msgs__rosidl_generator_py.dir/rosidl_generator_py/eufs_msgs/msg/_path_integral_timing_s.c.o
[ 95%] Building C object CMakeFiles/eufs_msgs__rosidl_generator_py.dir/rosidl_generator_py/eufs_msgs/msg/_planning_mode_s.c.o
[ 95%] Building C object CMakeFiles/eufs_msgs__rosidl_generator_py.dir/rosidl_generator_py/eufs_msgs/msg/_point_array_s.c.o
[ 96%] Building C object CMakeFiles/eufs_msgs__rosidl_generator_py.dir/rosidl_generator_py/eufs_msgs/msg/_point_array_stamped_s.c.o
[ 96%] Building C object CMakeFiles/eufs_msgs__rosidl_generator_py.dir/rosidl_generator_py/eufs_msgs/msg/_pure_pursuit_checkpoint_s.c.o
[ 96%] Building C object CMakeFiles/eufs_msgs__rosidl_generator_py.dir/rosidl_generator_py/eufs_msgs/msg/_pure_pursuit_checkpoint_array_stamped_s.c.o
[ 96%] Building C object CMakeFiles/eufs_msgs__rosidl_generator_py.dir/rosidl_generator_py/eufs_msgs/msg/_slam_err_s.c.o
[ 96%] Building C object CMakeFiles/eufs_msgs__rosidl_generator_py.dir/rosidl_generator_py/eufs_msgs/msg/_slam_state_s.c.o
[ 97%] Building C object CMakeFiles/eufs_msgs__rosidl_generator_py.dir/rosidl_generator_py/eufs_msgs/msg/_state_machine_state_s.c.o
[ 97%] Building C object CMakeFiles/eufs_msgs__rosidl_generator_py.dir/rosidl_generator_py/eufs_msgs/msg/_runstop_s.c.o
[ 97%] Building C object CMakeFiles/eufs_msgs__rosidl_generator_py.dir/rosidl_generator_py/eufs_msgs/msg/_stereo_image_s.c.o
[ 97%] Building C object CMakeFiles/eufs_msgs__rosidl_generator_py.dir/rosidl_generator_py/eufs_msgs/msg/_topic_status_s.c.o
[ 97%] Building C object CMakeFiles/eufs_msgs__rosidl_generator_py.dir/rosidl_generator_py/eufs_msgs/msg/_system_status_s.c.o
[ 97%] Building C object CMakeFiles/eufs_msgs__rosidl_generator_py.dir/rosidl_generator_py/eufs_msgs/msg/_waypoint_s.c.o
[ 97%] Building C object CMakeFiles/eufs_msgs__rosidl_generator_py.dir/rosidl_generator_py/eufs_msgs/msg/_vehicle_commands_s.c.o
[ 98%] Building C object CMakeFiles/eufs_msgs__rosidl_generator_py.dir/rosidl_generator_py/eufs_msgs/msg/_vehicle_commands_stamped_s.c.o
[ 98%] Building C object CMakeFiles/eufs_msgs__rosidl_generator_py.dir/rosidl_generator_py/eufs_msgs/msg/_waypoint_array_stamped_s.c.o
[ 98%] Building C object CMakeFiles/eufs_msgs__rosidl_generator_py.dir/rosidl_generator_py/eufs_msgs/msg/_wheel_odometry_err_s.c.o
[ 99%] Building C object CMakeFiles/eufs_msgs__rosidl_generator_py.dir/rosidl_generator_py/eufs_msgs/msg/_wheel_speeds_stamped_s.c.o
[ 99%] Building C object CMakeFiles/eufs_msgs__rosidl_generator_py.dir/rosidl_generator_py/eufs_msgs/msg/_wheel_speeds_s.c.o
[ 99%] Building C object CMakeFiles/eufs_msgs__rosidl_generator_py.dir/rosidl_generator_py/eufs_msgs/action/_check_for_objects_s.c.o
[ 99%] Building C object CMakeFiles/eufs_msgs__rosidl_generator_py.dir/rosidl_generator_py/eufs_msgs/srv/_record_stop_s.c.o
[ 99%] Building C object CMakeFiles/eufs_msgs__rosidl_generator_py.dir/rosidl_generator_py/eufs_msgs/srv/_record_start_s.c.o
[ 99%] Building C object CMakeFiles/eufs_msgs__rosidl_generator_py.dir/rosidl_generator_py/eufs_msgs/srv/_register_s.c.o
[ 99%] Building C object CMakeFiles/eufs_msgs__rosidl_generator_py.dir/rosidl_generator_py/eufs_msgs/srv/_get_map_s.c.o
[ 99%] Building C object CMakeFiles/eufs_msgs__rosidl_generator_py.dir/rosidl_generator_py/eufs_msgs/srv/_set_mission_s.c.o
[ 99%] Building C object CMakeFiles/eufs_msgs__rosidl_generator_py.dir/rosidl_generator_py/eufs_msgs/srv/_set_track_s.c.o
[100%] Building C object CMakeFiles/eufs_msgs__rosidl_generator_py.dir/rosidl_generator_py/eufs_msgs/srv/_set_string_s.c.o
[100%] Building C object CMakeFiles/eufs_msgs__rosidl_generator_py.dir/rosidl_generator_py/eufs_msgs/srv/_set_can_state_s.c.o
[100%] Linking C shared library rosidl_generator_py/eufs_msgs/libeufs_msgs__rosidl_generator_py.so
[100%] Built target eufs_msgs__rosidl_generator_py
[100%] Building C object CMakeFiles/eufs_msgs__rosidl_typesupport_c__pyext.dir/rosidl_generator_py/eufs_msgs/_eufs_msgs_s.ep.rosidl_typesupport_c.c.o
[100%] Building C object CMakeFiles/eufs_msgs__rosidl_typesupport_introspection_c__pyext.dir/rosidl_generator_py/eufs_msgs/_eufs_msgs_s.ep.rosidl_typesupport_introspection_c.c.o
[100%] Building C object CMakeFiles/eufs_msgs__rosidl_typesupport_fastrtps_c__pyext.dir/rosidl_generator_py/eufs_msgs/_eufs_msgs_s.ep.rosidl_typesupport_fastrtps_c.c.o
[100%] Linking C shared library rosidl_generator_py/eufs_msgs/eufs_msgs_s__rosidl_typesupport_introspection_c.cpython-310-x86_64-linux-gnu.so
[100%] Linking C shared library rosidl_generator_py/eufs_msgs/eufs_msgs_s__rosidl_typesupport_fastrtps_c.cpython-310-x86_64-linux-gnu.so
[100%] Linking C shared library rosidl_generator_py/eufs_msgs/eufs_msgs_s__rosidl_typesupport_c.cpython-310-x86_64-linux-gnu.so
[100%] Built target eufs_msgs__rosidl_typesupport_introspection_c__pyext
[100%] Built target eufs_msgs__rosidl_typesupport_fastrtps_c__pyext
[100%] Built target eufs_msgs__rosidl_typesupport_c__pyext
-- Install configuration: ""
-- Installing: /home/gera/Desktop/EUFS_FORK_CONTAINERIZED/eufs-f1-sim/ws/install/eufs_msgs/share/ament_index/resource_index/rosidl_interfaces/eufs_msgs
-- Installing: /home/gera/Desktop/EUFS_FORK_CONTAINERIZED/eufs-f1-sim/ws/install/eufs_msgs/include/eufs_msgs/eufs_msgs
-- Installing: /home/gera/Desktop/EUFS_FORK_CONTAINERIZED/eufs-f1-sim/ws/install/eufs_msgs/include/eufs_msgs/eufs_msgs/action
-- Installing: /home/gera/Desktop/EUFS_FORK_CONTAINERIZED/eufs-f1-sim/ws/install/eufs_msgs/include/eufs_msgs/eufs_msgs/action/detail
-- Installing: /home/gera/Desktop/EUFS_FORK_CONTAINERIZED/eufs-f1-sim/ws/install/eufs_msgs/include/eufs_msgs/eufs_msgs/action/detail/check_for_objects__type_support.h
-- Installing: /home/gera/Desktop/EUFS_FORK_CONTAINERIZED/eufs-f1-sim/ws/install/eufs_msgs/include/eufs_msgs/eufs_msgs/action/detail/check_for_objects__functions.c
-- Installing: /home/gera/Desktop/EUFS_FORK_CONTAINERIZED/eufs-f1-sim/ws/install/eufs_msgs/include/eufs_msgs/eufs_msgs/action/detail/check_for_objects__struct.h
-- Installing: /home/gera/Desktop/EUFS_FORK_CONTAINERIZED/eufs-f1-sim/ws/install/eufs_msgs/include/eufs_msgs/eufs_msgs/action/detail/check_for_objects__functions.h
-- Installing: /home/gera/Desktop/EUFS_FORK_CONTAINERIZED/eufs-f1-sim/ws/install/eufs_msgs/include/eufs_msgs/eufs_msgs/action/check_for_objects.h
-- Installing: /home/gera/Desktop/EUFS_FORK_CONTAINERIZED/eufs-f1-sim/ws/install/eufs_msgs/include/eufs_msgs/eufs_msgs/srv
-- Installing: /home/gera/Desktop/EUFS_FORK_CONTAINERIZED/eufs-f1-sim/ws/install/eufs_msgs/include/eufs_msgs/eufs_msgs/srv/set_mission.h
-- Installing: /home/gera/Desktop/EUFS_FORK_CONTAINERIZED/eufs-f1-sim/ws/install/eufs_msgs/include/eufs_msgs/eufs_msgs/srv/detail
-- Installing: /home/gera/Desktop/EUFS_FORK_CONTAINERIZED/eufs-f1-sim/ws/install/eufs_msgs/include/eufs_msgs/eufs_msgs/srv/detail/get_map__type_support.h
-- Installing: /home/gera/Desktop/EUFS_FORK_CONTAINERIZED/eufs-f1-sim/ws/install/eufs_msgs/include/eufs_msgs/eufs_msgs/srv/detail/record_start__struct.h
-- Installing: /home/gera/Desktop/EUFS_FORK_CONTAINERIZED/eufs-f1-sim/ws/install/eufs_msgs/include/eufs_msgs/eufs_msgs/srv/detail/record_stop__struct.h
-- Installing: /home/gera/Desktop/EUFS_FORK_CONTAINERIZED/eufs-f1-sim/ws/install/eufs_msgs/include/eufs_msgs/eufs_msgs/srv/detail/record_stop__type_support.h
-- Installing: /home/gera/Desktop/EUFS_FORK_CONTAINERIZED/eufs-f1-sim/ws/install/eufs_msgs/include/eufs_msgs/eufs_msgs/srv/detail/record_start__type_support.h
-- Installing: /home/gera/Desktop/EUFS_FORK_CONTAINERIZED/eufs-f1-sim/ws/install/eufs_msgs/include/eufs_msgs/eufs_msgs/srv/detail/set_track__type_support.h
-- Installing: /home/gera/Desktop/EUFS_FORK_CONTAINERIZED/eufs-f1-sim/ws/install/eufs_msgs/include/eufs_msgs/eufs_msgs/srv/detail/record_stop__functions.h
-- Installing: /home/gera/Desktop/EUFS_FORK_CONTAINERIZED/eufs-f1-sim/ws/install/eufs_msgs/include/eufs_msgs/eufs_msgs/srv/detail/record_stop__functions.c
-- Installing: /home/gera/Desktop/EUFS_FORK_CONTAINERIZED/eufs-f1-sim/ws/install/eufs_msgs/include/eufs_msgs/eufs_msgs/srv/detail/set_can_state__functions.c
-- Installing: /home/gera/Desktop/EUFS_FORK_CONTAINERIZED/eufs-f1-sim/ws/install/eufs_msgs/include/eufs_msgs/eufs_msgs/srv/detail/set_string__type_support.h
-- Installing: /home/gera/Desktop/EUFS_FORK_CONTAINERIZED/eufs-f1-sim/ws/install/eufs_msgs/include/eufs_msgs/eufs_msgs/srv/detail/get_map__functions.h
-- Installing: /home/gera/Desktop/EUFS_FORK_CONTAINERIZED/eufs-f1-sim/ws/install/eufs_msgs/include/eufs_msgs/eufs_msgs/srv/detail/record_start__functions.h
-- Installing: /home/gera/Desktop/EUFS_FORK_CONTAINERIZED/eufs-f1-sim/ws/install/eufs_msgs/include/eufs_msgs/eufs_msgs/srv/detail/set_track__struct.h
-- Installing: /home/gera/Desktop/EUFS_FORK_CONTAINERIZED/eufs-f1-sim/ws/install/eufs_msgs/include/eufs_msgs/eufs_msgs/srv/detail/set_mission__functions.h
-- Installing: /home/gera/Desktop/EUFS_FORK_CONTAINERIZED/eufs-f1-sim/ws/install/eufs_msgs/include/eufs_msgs/eufs_msgs/srv/detail/set_mission__type_support.h
-- Installing: /home/gera/Desktop/EUFS_FORK_CONTAINERIZED/eufs-f1-sim/ws/install/eufs_msgs/include/eufs_msgs/eufs_msgs/srv/detail/get_map__struct.h
-- Installing: /home/gera/Desktop/EUFS_FORK_CONTAINERIZED/eufs-f1-sim/ws/install/eufs_msgs/include/eufs_msgs/eufs_msgs/srv/detail/set_mission__functions.c
-- Installing: /home/gera/Desktop/EUFS_FORK_CONTAINERIZED/eufs-f1-sim/ws/install/eufs_msgs/include/eufs_msgs/eufs_msgs/srv/detail/record_start__functions.c
-- Installing: /home/gera/Desktop/EUFS_FORK_CONTAINERIZED/eufs-f1-sim/ws/install/eufs_msgs/include/eufs_msgs/eufs_msgs/srv/detail/get_map__functions.c
-- Installing: /home/gera/Desktop/EUFS_FORK_CONTAINERIZED/eufs-f1-sim/ws/install/eufs_msgs/include/eufs_msgs/eufs_msgs/srv/detail/set_track__functions.c
-- Installing: /home/gera/Desktop/EUFS_FORK_CONTAINERIZED/eufs-f1-sim/ws/install/eufs_msgs/include/eufs_msgs/eufs_msgs/srv/detail/set_string__functions.h
-- Installing: /home/gera/Desktop/EUFS_FORK_CONTAINERIZED/eufs-f1-sim/ws/install/eufs_msgs/include/eufs_msgs/eufs_msgs/srv/detail/register__functions.c
-- Installing: /home/gera/Desktop/EUFS_FORK_CONTAINERIZED/eufs-f1-sim/ws/install/eufs_msgs/include/eufs_msgs/eufs_msgs/srv/detail/register__type_support.h
-- Installing: /home/gera/Desktop/EUFS_FORK_CONTAINERIZED/eufs-f1-sim/ws/install/eufs_msgs/include/eufs_msgs/eufs_msgs/srv/detail/set_can_state__functions.h
-- Installing: /home/gera/Desktop/EUFS_FORK_CONTAINERIZED/eufs-f1-sim/ws/install/eufs_msgs/include/eufs_msgs/eufs_msgs/srv/detail/register__struct.h
-- Installing: /home/gera/Desktop/EUFS_FORK_CONTAINERIZED/eufs-f1-sim/ws/install/eufs_msgs/include/eufs_msgs/eufs_msgs/srv/detail/set_track__functions.h
-- Installing: /home/gera/Desktop/EUFS_FORK_CONTAINERIZED/eufs-f1-sim/ws/install/eufs_msgs/include/eufs_msgs/eufs_msgs/srv/detail/set_string__functions.c
-- Installing: /home/gera/Desktop/EUFS_FORK_CONTAINERIZED/eufs-f1-sim/ws/install/eufs_msgs/include/eufs_msgs/eufs_msgs/srv/detail/set_can_state__struct.h
-- Installing: /home/gera/Desktop/EUFS_FORK_CONTAINERIZED/eufs-f1-sim/ws/install/eufs_msgs/include/eufs_msgs/eufs_msgs/srv/detail/set_string__struct.h
-- Installing: /home/gera/Desktop/EUFS_FORK_CONTAINERIZED/eufs-f1-sim/ws/install/eufs_msgs/include/eufs_msgs/eufs_msgs/srv/detail/set_mission__struct.h
-- Installing: /home/gera/Desktop/EUFS_FORK_CONTAINERIZED/eufs-f1-sim/ws/install/eufs_msgs/include/eufs_msgs/eufs_msgs/srv/detail/register__functions.h
-- Installing: /home/gera/Desktop/EUFS_FORK_CONTAINERIZED/eufs-f1-sim/ws/install/eufs_msgs/include/eufs_msgs/eufs_msgs/srv/detail/set_can_state__type_support.h
-- Installing: /home/gera/Desktop/EUFS_FORK_CONTAINERIZED/eufs-f1-sim/ws/install/eufs_msgs/include/eufs_msgs/eufs_msgs/srv/set_can_state.h
-- Installing: /home/gera/Desktop/EUFS_FORK_CONTAINERIZED/eufs-f1-sim/ws/install/eufs_msgs/include/eufs_msgs/eufs_msgs/srv/record_start.h
-- Installing: /home/gera/Desktop/EUFS_FORK_CONTAINERIZED/eufs-f1-sim/ws/install/eufs_msgs/include/eufs_msgs/eufs_msgs/srv/set_string.h
-- Installing: /home/gera/Desktop/EUFS_FORK_CONTAINERIZED/eufs-f1-sim/ws/install/eufs_msgs/include/eufs_msgs/eufs_msgs/srv/set_track.h
-- Installing: /home/gera/Desktop/EUFS_FORK_CONTAINERIZED/eufs-f1-sim/ws/install/eufs_msgs/include/eufs_msgs/eufs_msgs/srv/record_stop.h
-- Installing: /home/gera/Desktop/EUFS_FORK_CONTAINERIZED/eufs-f1-sim/ws/install/eufs_msgs/include/eufs_msgs/eufs_msgs/srv/register.h
-- Installing: /home/gera/Desktop/EUFS_FORK_CONTAINERIZED/eufs-f1-sim/ws/install/eufs_msgs/include/eufs_msgs/eufs_msgs/srv/get_map.h
-- Installing: /home/gera/Desktop/EUFS_FORK_CONTAINERIZED/eufs-f1-sim/ws/install/eufs_msgs/include/eufs_msgs/eufs_msgs/msg
-- Installing: /home/gera/Desktop/EUFS_FORK_CONTAINERIZED/eufs-f1-sim/ws/install/eufs_msgs/include/eufs_msgs/eufs_msgs/msg/point_array_stamped.h
-- Installing: /home/gera/Desktop/EUFS_FORK_CONTAINERIZED/eufs-f1-sim/ws/install/eufs_msgs/include/eufs_msgs/eufs_msgs/msg/car_forces.h
-- Installing: /home/gera/Desktop/EUFS_FORK_CONTAINERIZED/eufs-f1-sim/ws/install/eufs_msgs/include/eufs_msgs/eufs_msgs/msg/oss.h
-- Installing: /home/gera/Desktop/EUFS_FORK_CONTAINERIZED/eufs-f1-sim/ws/install/eufs_msgs/include/eufs_msgs/eufs_msgs/msg/vehicle_commands.h
-- Installing: /home/gera/Desktop/EUFS_FORK_CONTAINERIZED/eufs-f1-sim/ws/install/eufs_msgs/include/eufs_msgs/eufs_msgs/msg/cone_association_array_stamped.h
-- Installing: /home/gera/Desktop/EUFS_FORK_CONTAINERIZED/eufs-f1-sim/ws/install/eufs_msgs/include/eufs_msgs/eufs_msgs/msg/particle_slam.h
-- Installing: /home/gera/Desktop/EUFS_FORK_CONTAINERIZED/eufs-f1-sim/ws/install/eufs_msgs/include/eufs_msgs/eufs_msgs/msg/slam_err.h
-- Installing: /home/gera/Desktop/EUFS_FORK_CONTAINERIZED/eufs-f1-sim/ws/install/eufs_msgs/include/eufs_msgs/eufs_msgs/msg/cone_with_covariance.h
-- Installing: /home/gera/Desktop/EUFS_FORK_CONTAINERIZED/eufs-f1-sim/ws/install/eufs_msgs/include/eufs_msgs/eufs_msgs/msg/wheel_speeds_stamped.h
-- Installing: /home/gera/Desktop/EUFS_FORK_CONTAINERIZED/eufs-f1-sim/ws/install/eufs_msgs/include/eufs_msgs/eufs_msgs/msg/path_integral_status.h
-- Installing: /home/gera/Desktop/EUFS_FORK_CONTAINERIZED/eufs-f1-sim/ws/install/eufs_msgs/include/eufs_msgs/eufs_msgs/msg/point_array.h
-- Installing: /home/gera/Desktop/EUFS_FORK_CONTAINERIZED/eufs-f1-sim/ws/install/eufs_msgs/include/eufs_msgs/eufs_msgs/msg/topic_status.h
-- Installing: /home/gera/Desktop/EUFS_FORK_CONTAINERIZED/eufs-f1-sim/ws/install/eufs_msgs/include/eufs_msgs/eufs_msgs/msg/cone_array.h
-- Installing: /home/gera/Desktop/EUFS_FORK_CONTAINERIZED/eufs-f1-sim/ws/install/eufs_msgs/include/eufs_msgs/eufs_msgs/msg/runstop.h
-- Installing: /home/gera/Desktop/EUFS_FORK_CONTAINERIZED/eufs-f1-sim/ws/install/eufs_msgs/include/eufs_msgs/eufs_msgs/msg/slam_state.h
-- Installing: /home/gera/Desktop/EUFS_FORK_CONTAINERIZED/eufs-f1-sim/ws/install/eufs_msgs/include/eufs_msgs/eufs_msgs/msg/wheel_speeds.h
-- Installing: /home/gera/Desktop/EUFS_FORK_CONTAINERIZED/eufs-f1-sim/ws/install/eufs_msgs/include/eufs_msgs/eufs_msgs/msg/chassis_command.h
-- Installing: /home/gera/Desktop/EUFS_FORK_CONTAINERIZED/eufs-f1-sim/ws/install/eufs_msgs/include/eufs_msgs/eufs_msgs/msg/cone_with_color_probability_array.h
-- Installing: /home/gera/Desktop/EUFS_FORK_CONTAINERIZED/eufs-f1-sim/ws/install/eufs_msgs/include/eufs_msgs/eufs_msgs/msg/ekf_err.h
-- Installing: /home/gera/Desktop/EUFS_FORK_CONTAINERIZED/eufs-f1-sim/ws/install/eufs_msgs/include/eufs_msgs/eufs_msgs/msg/stereo_image.h
-- Installing: /home/gera/Desktop/EUFS_FORK_CONTAINERIZED/eufs-f1-sim/ws/install/eufs_msgs/include/eufs_msgs/eufs_msgs/msg/path_integral_stats.h
-- Installing: /home/gera/Desktop/EUFS_FORK_CONTAINERIZED/eufs-f1-sim/ws/install/eufs_msgs/include/eufs_msgs/eufs_msgs/msg/path_integral_timing.h
-- Installing: /home/gera/Desktop/EUFS_FORK_CONTAINERIZED/eufs-f1-sim/ws/install/eufs_msgs/include/eufs_msgs/eufs_msgs/msg/cone_with_color_probability.h
-- Installing: /home/gera/Desktop/EUFS_FORK_CONTAINERIZED/eufs-f1-sim/ws/install/eufs_msgs/include/eufs_msgs/eufs_msgs/msg/ekf_state.h
-- Installing: /home/gera/Desktop/EUFS_FORK_CONTAINERIZED/eufs-f1-sim/ws/install/eufs_msgs/include/eufs_msgs/eufs_msgs/msg/cone_association_array_array_stamped.h
-- Installing: /home/gera/Desktop/EUFS_FORK_CONTAINERIZED/eufs-f1-sim/ws/install/eufs_msgs/include/eufs_msgs/eufs_msgs/msg/bounding_boxes.h
-- Installing: /home/gera/Desktop/EUFS_FORK_CONTAINERIZED/eufs-f1-sim/ws/install/eufs_msgs/include/eufs_msgs/eufs_msgs/msg/detail
-- Installing: /home/gera/Desktop/EUFS_FORK_CONTAINERIZED/eufs-f1-sim/ws/install/eufs_msgs/include/eufs_msgs/eufs_msgs/msg/detail/costmap__struct.h
-- Installing: /home/gera/Desktop/EUFS_FORK_CONTAINERIZED/eufs-f1-sim/ws/install/eufs_msgs/include/eufs_msgs/eufs_msgs/msg/detail/car_forces__functions.h
-- Installing: /home/gera/Desktop/EUFS_FORK_CONTAINERIZED/eufs-f1-sim/ws/install/eufs_msgs/include/eufs_msgs/eufs_msgs/msg/detail/wheel_speeds_stamped__functions.c
-- Installing: /home/gera/Desktop/EUFS_FORK_CONTAINERIZED/eufs-f1-sim/ws/install/eufs_msgs/include/eufs_msgs/eufs_msgs/msg/detail/ekf_state__type_support.h
-- Installing: /home/gera/Desktop/EUFS_FORK_CONTAINERIZED/eufs-f1-sim/ws/install/eufs_msgs/include/eufs_msgs/eufs_msgs/msg/detail/bounding_box__functions.h
-- Installing: /home/gera/Desktop/EUFS_FORK_CONTAINERIZED/eufs-f1-sim/ws/install/eufs_msgs/include/eufs_msgs/eufs_msgs/msg/detail/cone_association_array_stamped__functions.h
-- Installing: /home/gera/Desktop/EUFS_FORK_CONTAINERIZED/eufs-f1-sim/ws/install/eufs_msgs/include/eufs_msgs/eufs_msgs/msg/detail/heartbeat__functions.c
-- Installing: /home/gera/Desktop/EUFS_FORK_CONTAINERIZED/eufs-f1-sim/ws/install/eufs_msgs/include/eufs_msgs/eufs_msgs/msg/detail/path_integral_timing__struct.h
-- Installing: /home/gera/Desktop/EUFS_FORK_CONTAINERIZED/eufs-f1-sim/ws/install/eufs_msgs/include/eufs_msgs/eufs_msgs/msg/detail/costmap__functions.h
-- Installing: /home/gera/Desktop/EUFS_FORK_CONTAINERIZED/eufs-f1-sim/ws/install/eufs_msgs/include/eufs_msgs/eufs_msgs/msg/detail/particle_slam__struct.h
-- Installing: /home/gera/Desktop/EUFS_FORK_CONTAINERIZED/eufs-f1-sim/ws/install/eufs_msgs/include/eufs_msgs/eufs_msgs/msg/detail/cone_array_with_covariance__type_support.h
-- Installing: /home/gera/Desktop/EUFS_FORK_CONTAINERIZED/eufs-f1-sim/ws/install/eufs_msgs/include/eufs_msgs/eufs_msgs/msg/detail/cone_with_covariance__functions.h
-- Installing: /home/gera/Desktop/EUFS_FORK_CONTAINERIZED/eufs-f1-sim/ws/install/eufs_msgs/include/eufs_msgs/eufs_msgs/msg/detail/chassis_state__type_support.h
-- Installing: /home/gera/Desktop/EUFS_FORK_CONTAINERIZED/eufs-f1-sim/ws/install/eufs_msgs/include/eufs_msgs/eufs_msgs/msg/detail/ekf_err__struct.h
-- Installing: /home/gera/Desktop/EUFS_FORK_CONTAINERIZED/eufs-f1-sim/ws/install/eufs_msgs/include/eufs_msgs/eufs_msgs/msg/detail/cone_association__functions.c
-- Installing: /home/gera/Desktop/EUFS_FORK_CONTAINERIZED/eufs-f1-sim/ws/install/eufs_msgs/include/eufs_msgs/eufs_msgs/msg/detail/mpc_state__functions.c
-- Installing: /home/gera/Desktop/EUFS_FORK_CONTAINERIZED/eufs-f1-sim/ws/install/eufs_msgs/include/eufs_msgs/eufs_msgs/msg/detail/slam_state__struct.h
-- Installing: /home/gera/Desktop/EUFS_FORK_CONTAINERIZED/eufs-f1-sim/ws/install/eufs_msgs/include/eufs_msgs/eufs_msgs/msg/detail/pure_pursuit_checkpoint_array_stamped__struct.h
-- Installing: /home/gera/Desktop/EUFS_FORK_CONTAINERIZED/eufs-f1-sim/ws/install/eufs_msgs/include/eufs_msgs/eufs_msgs/msg/detail/path_integral_timing__functions.c
-- Installing: /home/gera/Desktop/EUFS_FORK_CONTAINERIZED/eufs-f1-sim/ws/install/eufs_msgs/include/eufs_msgs/eufs_msgs/msg/detail/pure_pursuit_checkpoint__functions.h
-- Installing: /home/gera/Desktop/EUFS_FORK_CONTAINERIZED/eufs-f1-sim/ws/install/eufs_msgs/include/eufs_msgs/eufs_msgs/msg/detail/vehicle_commands_stamped__struct.h
-- Installing: /home/gera/Desktop/EUFS_FORK_CONTAINERIZED/eufs-f1-sim/ws/install/eufs_msgs/include/eufs_msgs/eufs_msgs/msg/detail/pure_pursuit_checkpoint_array_stamped__type_support.h
-- Installing: /home/gera/Desktop/EUFS_FORK_CONTAINERIZED/eufs-f1-sim/ws/install/eufs_msgs/include/eufs_msgs/eufs_msgs/msg/detail/cpu_status__functions.h
-- Installing: /home/gera/Desktop/EUFS_FORK_CONTAINERIZED/eufs-f1-sim/ws/install/eufs_msgs/include/eufs_msgs/eufs_msgs/msg/detail/oss__struct.h
-- Installing: /home/gera/Desktop/EUFS_FORK_CONTAINERIZED/eufs-f1-sim/ws/install/eufs_msgs/include/eufs_msgs/eufs_msgs/msg/detail/integration_err__functions.c
-- Installing: /home/gera/Desktop/EUFS_FORK_CONTAINERIZED/eufs-f1-sim/ws/install/eufs_msgs/include/eufs_msgs/eufs_msgs/msg/detail/particle_slam__functions.h
-- Installing: /home/gera/Desktop/EUFS_FORK_CONTAINERIZED/eufs-f1-sim/ws/install/eufs_msgs/include/eufs_msgs/eufs_msgs/msg/detail/particle_stamped__functions.h
-- Installing: /home/gera/Desktop/EUFS_FORK_CONTAINERIZED/eufs-f1-sim/ws/install/eufs_msgs/include/eufs_msgs/eufs_msgs/msg/detail/car_forces__struct.h
-- Installing: /home/gera/Desktop/EUFS_FORK_CONTAINERIZED/eufs-f1-sim/ws/install/eufs_msgs/include/eufs_msgs/eufs_msgs/msg/detail/lap_stats__struct.h
-- Installing: /home/gera/Desktop/EUFS_FORK_CONTAINERIZED/eufs-f1-sim/ws/install/eufs_msgs/include/eufs_msgs/eufs_msgs/msg/detail/vehicle_commands__type_support.h
-- Installing: /home/gera/Desktop/EUFS_FORK_CONTAINERIZED/eufs-f1-sim/ws/install/eufs_msgs/include/eufs_msgs/eufs_msgs/msg/detail/waypoint__struct.h
-- Installing: /home/gera/Desktop/EUFS_FORK_CONTAINERIZED/eufs-f1-sim/ws/install/eufs_msgs/include/eufs_msgs/eufs_msgs/msg/detail/vehicle_commands__functions.h
-- Installing: /home/gera/Desktop/EUFS_FORK_CONTAINERIZED/eufs-f1-sim/ws/install/eufs_msgs/include/eufs_msgs/eufs_msgs/msg/detail/vehicle_commands_stamped__functions.h
-- Installing: /home/gera/Desktop/EUFS_FORK_CONTAINERIZED/eufs-f1-sim/ws/install/eufs_msgs/include/eufs_msgs/eufs_msgs/msg/detail/ekf_err__functions.h
-- Installing: /home/gera/Desktop/EUFS_FORK_CONTAINERIZED/eufs-f1-sim/ws/install/eufs_msgs/include/eufs_msgs/eufs_msgs/msg/detail/cone_array__functions.h
-- Installing: /home/gera/Desktop/EUFS_FORK_CONTAINERIZED/eufs-f1-sim/ws/install/eufs_msgs/include/eufs_msgs/eufs_msgs/msg/detail/path_integral_stats__type_support.h
-- Installing: /home/gera/Desktop/EUFS_FORK_CONTAINERIZED/eufs-f1-sim/ws/install/eufs_msgs/include/eufs_msgs/eufs_msgs/msg/detail/cone_array__functions.c
-- Installing: /home/gera/Desktop/EUFS_FORK_CONTAINERIZED/eufs-f1-sim/ws/install/eufs_msgs/include/eufs_msgs/eufs_msgs/msg/detail/node_state__struct.h
-- Installing: /home/gera/Desktop/EUFS_FORK_CONTAINERIZED/eufs-f1-sim/ws/install/eufs_msgs/include/eufs_msgs/eufs_msgs/msg/detail/cone_association__functions.h
-- Installing: /home/gera/Desktop/EUFS_FORK_CONTAINERIZED/eufs-f1-sim/ws/install/eufs_msgs/include/eufs_msgs/eufs_msgs/msg/detail/wheel_speeds_stamped__struct.h
-- Installing: /home/gera/Desktop/EUFS_FORK_CONTAINERIZED/eufs-f1-sim/ws/install/eufs_msgs/include/eufs_msgs/eufs_msgs/msg/detail/slam_state__functions.h
-- Installing: /home/gera/Desktop/EUFS_FORK_CONTAINERIZED/eufs-f1-sim/ws/install/eufs_msgs/include/eufs_msgs/eufs_msgs/msg/detail/slam_err__type_support.h
-- Installing: /home/gera/Desktop/EUFS_FORK_CONTAINERIZED/eufs-f1-sim/ws/install/eufs_msgs/include/eufs_msgs/eufs_msgs/msg/detail/ekf_state__struct.h
-- Installing: /home/gera/Desktop/EUFS_FORK_CONTAINERIZED/eufs-f1-sim/ws/install/eufs_msgs/include/eufs_msgs/eufs_msgs/msg/detail/particle_stamped__struct.h
-- Installing: /home/gera/Desktop/EUFS_FORK_CONTAINERIZED/eufs-f1-sim/ws/install/eufs_msgs/include/eufs_msgs/eufs_msgs/msg/detail/path_integral_status__struct.h
-- Installing: /home/gera/Desktop/EUFS_FORK_CONTAINERIZED/eufs-f1-sim/ws/install/eufs_msgs/include/eufs_msgs/eufs_msgs/msg/detail/point_array__functions.h
-- Installing: /home/gera/Desktop/EUFS_FORK_CONTAINERIZED/eufs-f1-sim/ws/install/eufs_msgs/include/eufs_msgs/eufs_msgs/msg/detail/state_machine_state__type_support.h
-- Installing: /home/gera/Desktop/EUFS_FORK_CONTAINERIZED/eufs-f1-sim/ws/install/eufs_msgs/include/eufs_msgs/eufs_msgs/msg/detail/stereo_image__functions.h
-- Installing: /home/gera/Desktop/EUFS_FORK_CONTAINERIZED/eufs-f1-sim/ws/install/eufs_msgs/include/eufs_msgs/eufs_msgs/msg/detail/path_integral_params__functions.c
-- Installing: /home/gera/Desktop/EUFS_FORK_CONTAINERIZED/eufs-f1-sim/ws/install/eufs_msgs/include/eufs_msgs/eufs_msgs/msg/detail/cpu_status__type_support.h
-- Installing: /home/gera/Desktop/EUFS_FORK_CONTAINERIZED/eufs-f1-sim/ws/install/eufs_msgs/include/eufs_msgs/eufs_msgs/msg/detail/costmap__functions.c
-- Installing: /home/gera/Desktop/EUFS_FORK_CONTAINERIZED/eufs-f1-sim/ws/install/eufs_msgs/include/eufs_msgs/eufs_msgs/msg/detail/wheel_speeds__struct.h
-- Installing: /home/gera/Desktop/EUFS_FORK_CONTAINERIZED/eufs-f1-sim/ws/install/eufs_msgs/include/eufs_msgs/eufs_msgs/msg/detail/can_state__functions.h
-- Installing: /home/gera/Desktop/EUFS_FORK_CONTAINERIZED/eufs-f1-sim/ws/install/eufs_msgs/include/eufs_msgs/eufs_msgs/msg/detail/heartbeat__struct.h
-- Installing: /home/gera/Desktop/EUFS_FORK_CONTAINERIZED/eufs-f1-sim/ws/install/eufs_msgs/include/eufs_msgs/eufs_msgs/msg/detail/oss__functions.c
-- Installing: /home/gera/Desktop/EUFS_FORK_CONTAINERIZED/eufs-f1-sim/ws/install/eufs_msgs/include/eufs_msgs/eufs_msgs/msg/detail/cpu_status__functions.c
-- Installing: /home/gera/Desktop/EUFS_FORK_CONTAINERIZED/eufs-f1-sim/ws/install/eufs_msgs/include/eufs_msgs/eufs_msgs/msg/detail/runstop__functions.h
-- Installing: /home/gera/Desktop/EUFS_FORK_CONTAINERIZED/eufs-f1-sim/ws/install/eufs_msgs/include/eufs_msgs/eufs_msgs/msg/detail/planning_mode__type_support.h
-- Installing: /home/gera/Desktop/EUFS_FORK_CONTAINERIZED/eufs-f1-sim/ws/install/eufs_msgs/include/eufs_msgs/eufs_msgs/msg/detail/cone_association__struct.h
-- Installing: /home/gera/Desktop/EUFS_FORK_CONTAINERIZED/eufs-f1-sim/ws/install/eufs_msgs/include/eufs_msgs/eufs_msgs/msg/detail/vehicle_commands_stamped__functions.c
-- Installing: /home/gera/Desktop/EUFS_FORK_CONTAINERIZED/eufs-f1-sim/ws/install/eufs_msgs/include/eufs_msgs/eufs_msgs/msg/detail/node_state__type_support.h
-- Installing: /home/gera/Desktop/EUFS_FORK_CONTAINERIZED/eufs-f1-sim/ws/install/eufs_msgs/include/eufs_msgs/eufs_msgs/msg/detail/cone_with_color_probability_array__type_support.h
-- Installing: /home/gera/Desktop/EUFS_FORK_CONTAINERIZED/eufs-f1-sim/ws/install/eufs_msgs/include/eufs_msgs/eufs_msgs/msg/detail/waypoint_array_stamped__functions.c
-- Installing: /home/gera/Desktop/EUFS_FORK_CONTAINERIZED/eufs-f1-sim/ws/install/eufs_msgs/include/eufs_msgs/eufs_msgs/msg/detail/car_state__functions.c
-- Installing: /home/gera/Desktop/EUFS_FORK_CONTAINERIZED/eufs-f1-sim/ws/install/eufs_msgs/include/eufs_msgs/eufs_msgs/msg/detail/cone_with_covariance__functions.c
-- Installing: /home/gera/Desktop/EUFS_FORK_CONTAINERIZED/eufs-f1-sim/ws/install/eufs_msgs/include/eufs_msgs/eufs_msgs/msg/detail/runstop__struct.h
-- Installing: /home/gera/Desktop/EUFS_FORK_CONTAINERIZED/eufs-f1-sim/ws/install/eufs_msgs/include/eufs_msgs/eufs_msgs/msg/detail/can_state__functions.c
-- Installing: /home/gera/Desktop/EUFS_FORK_CONTAINERIZED/eufs-f1-sim/ws/install/eufs_msgs/include/eufs_msgs/eufs_msgs/msg/detail/particle__struct.h
-- Installing: /home/gera/Desktop/EUFS_FORK_CONTAINERIZED/eufs-f1-sim/ws/install/eufs_msgs/include/eufs_msgs/eufs_msgs/msg/detail/slam_state__functions.c
-- Installing: /home/gera/Desktop/EUFS_FORK_CONTAINERIZED/eufs-f1-sim/ws/install/eufs_msgs/include/eufs_msgs/eufs_msgs/msg/detail/heartbeat__functions.h
-- Installing: /home/gera/Desktop/EUFS_FORK_CONTAINERIZED/eufs-f1-sim/ws/install/eufs_msgs/include/eufs_msgs/eufs_msgs/msg/detail/particle_stamped__functions.c
-- Installing: /home/gera/Desktop/EUFS_FORK_CONTAINERIZED/eufs-f1-sim/ws/install/eufs_msgs/include/eufs_msgs/eufs_msgs/msg/detail/particle_slam__functions.c
-- Installing: /home/gera/Desktop/EUFS_FORK_CONTAINERIZED/eufs-f1-sim/ws/install/eufs_msgs/include/eufs_msgs/eufs_msgs/msg/detail/planning_mode__functions.c
-- Installing: /home/gera/Desktop/EUFS_FORK_CONTAINERIZED/eufs-f1-sim/ws/install/eufs_msgs/include/eufs_msgs/eufs_msgs/msg/detail/system_status__functions.h
-- Installing: /home/gera/Desktop/EUFS_FORK_CONTAINERIZED/eufs-f1-sim/ws/install/eufs_msgs/include/eufs_msgs/eufs_msgs/msg/detail/planning_mode__functions.h
-- Installing: /home/gera/Desktop/EUFS_FORK_CONTAINERIZED/eufs-f1-sim/ws/install/eufs_msgs/include/eufs_msgs/eufs_msgs/msg/detail/node_state__functions.c
-- Installing: /home/gera/Desktop/EUFS_FORK_CONTAINERIZED/eufs-f1-sim/ws/install/eufs_msgs/include/eufs_msgs/eufs_msgs/msg/detail/cone_association_array__functions.c
-- Installing: /home/gera/Desktop/EUFS_FORK_CONTAINERIZED/eufs-f1-sim/ws/install/eufs_msgs/include/eufs_msgs/eufs_msgs/msg/detail/vehicle_commands__struct.h
-- Installing: /home/gera/Desktop/EUFS_FORK_CONTAINERIZED/eufs-f1-sim/ws/install/eufs_msgs/include/eufs_msgs/eufs_msgs/msg/detail/full_state__struct.h
-- Installing: /home/gera/Desktop/EUFS_FORK_CONTAINERIZED/eufs-f1-sim/ws/install/eufs_msgs/include/eufs_msgs/eufs_msgs/msg/detail/cone_association_array__struct.h
-- Installing: /home/gera/Desktop/EUFS_FORK_CONTAINERIZED/eufs-f1-sim/ws/install/eufs_msgs/include/eufs_msgs/eufs_msgs/msg/detail/ekf_state__functions.h
-- Installing: /home/gera/Desktop/EUFS_FORK_CONTAINERIZED/eufs-f1-sim/ws/install/eufs_msgs/include/eufs_msgs/eufs_msgs/msg/detail/particle__functions.c
-- Installing: /home/gera/Desktop/EUFS_FORK_CONTAINERIZED/eufs-f1-sim/ws/install/eufs_msgs/include/eufs_msgs/eufs_msgs/msg/detail/pure_pursuit_checkpoint__type_support.h
-- Installing: /home/gera/Desktop/EUFS_FORK_CONTAINERIZED/eufs-f1-sim/ws/install/eufs_msgs/include/eufs_msgs/eufs_msgs/msg/detail/cone_with_color_probability_array__functions.c
-- Installing: /home/gera/Desktop/EUFS_FORK_CONTAINERIZED/eufs-f1-sim/ws/install/eufs_msgs/include/eufs_msgs/eufs_msgs/msg/detail/bounding_boxes__type_support.h
-- Installing: /home/gera/Desktop/EUFS_FORK_CONTAINERIZED/eufs-f1-sim/ws/install/eufs_msgs/include/eufs_msgs/eufs_msgs/msg/detail/particle__functions.h
-- Installing: /home/gera/Desktop/EUFS_FORK_CONTAINERIZED/eufs-f1-sim/ws/install/eufs_msgs/include/eufs_msgs/eufs_msgs/msg/detail/slam_err__functions.c
-- Installing: /home/gera/Desktop/EUFS_FORK_CONTAINERIZED/eufs-f1-sim/ws/install/eufs_msgs/include/eufs_msgs/eufs_msgs/msg/detail/cone_association_array_stamped__struct.h
-- Installing: /home/gera/Desktop/EUFS_FORK_CONTAINERIZED/eufs-f1-sim/ws/install/eufs_msgs/include/eufs_msgs/eufs_msgs/msg/detail/particle_slam_stamped__struct.h
-- Installing: /home/gera/Desktop/EUFS_FORK_CONTAINERIZED/eufs-f1-sim/ws/install/eufs_msgs/include/eufs_msgs/eufs_msgs/msg/detail/point_array_stamped__type_support.h
-- Installing: /home/gera/Desktop/EUFS_FORK_CONTAINERIZED/eufs-f1-sim/ws/install/eufs_msgs/include/eufs_msgs/eufs_msgs/msg/detail/slam_err__struct.h
-- Installing: /home/gera/Desktop/EUFS_FORK_CONTAINERIZED/eufs-f1-sim/ws/install/eufs_msgs/include/eufs_msgs/eufs_msgs/msg/detail/path_integral_status__type_support.h
-- Installing: /home/gera/Desktop/EUFS_FORK_CONTAINERIZED/eufs-f1-sim/ws/install/eufs_msgs/include/eufs_msgs/eufs_msgs/msg/detail/node_state_array__functions.h
-- Installing: /home/gera/Desktop/EUFS_FORK_CONTAINERIZED/eufs-f1-sim/ws/install/eufs_msgs/include/eufs_msgs/eufs_msgs/msg/detail/oss__type_support.h
-- Installing: /home/gera/Desktop/EUFS_FORK_CONTAINERIZED/eufs-f1-sim/ws/install/eufs_msgs/include/eufs_msgs/eufs_msgs/msg/detail/mpc_state__type_support.h
-- Installing: /home/gera/Desktop/EUFS_FORK_CONTAINERIZED/eufs-f1-sim/ws/install/eufs_msgs/include/eufs_msgs/eufs_msgs/msg/detail/cpu_usage__functions.c
-- Installing: /home/gera/Desktop/EUFS_FORK_CONTAINERIZED/eufs-f1-sim/ws/install/eufs_msgs/include/eufs_msgs/eufs_msgs/msg/detail/point_array__type_support.h
-- Installing: /home/gera/Desktop/EUFS_FORK_CONTAINERIZED/eufs-f1-sim/ws/install/eufs_msgs/include/eufs_msgs/eufs_msgs/msg/detail/path_integral_timing__functions.h
-- Installing: /home/gera/Desktop/EUFS_FORK_CONTAINERIZED/eufs-f1-sim/ws/install/eufs_msgs/include/eufs_msgs/eufs_msgs/msg/detail/cone_association_array_array_stamped__functions.c
-- Installing: /home/gera/Desktop/EUFS_FORK_CONTAINERIZED/eufs-f1-sim/ws/install/eufs_msgs/include/eufs_msgs/eufs_msgs/msg/detail/particle_slam_stamped__functions.c
-- Installing: /home/gera/Desktop/EUFS_FORK_CONTAINERIZED/eufs-f1-sim/ws/install/eufs_msgs/include/eufs_msgs/eufs_msgs/msg/detail/cone_with_color_probability__type_support.h
-- Installing: /home/gera/Desktop/EUFS_FORK_CONTAINERIZED/eufs-f1-sim/ws/install/eufs_msgs/include/eufs_msgs/eufs_msgs/msg/detail/can_state__struct.h
-- Installing: /home/gera/Desktop/EUFS_FORK_CONTAINERIZED/eufs-f1-sim/ws/install/eufs_msgs/include/eufs_msgs/eufs_msgs/msg/detail/cone_with_covariance__type_support.h
-- Installing: /home/gera/Desktop/EUFS_FORK_CONTAINERIZED/eufs-f1-sim/ws/install/eufs_msgs/include/eufs_msgs/eufs_msgs/msg/detail/chassis_command__functions.c
-- Installing: /home/gera/Desktop/EUFS_FORK_CONTAINERIZED/eufs-f1-sim/ws/install/eufs_msgs/include/eufs_msgs/eufs_msgs/msg/detail/path_integral_stats__struct.h
-- Installing: /home/gera/Desktop/EUFS_FORK_CONTAINERIZED/eufs-f1-sim/ws/install/eufs_msgs/include/eufs_msgs/eufs_msgs/msg/detail/bounding_box__struct.h
-- Installing: /home/gera/Desktop/EUFS_FORK_CONTAINERIZED/eufs-f1-sim/ws/install/eufs_msgs/include/eufs_msgs/eufs_msgs/msg/detail/particle_stamped__type_support.h
-- Installing: /home/gera/Desktop/EUFS_FORK_CONTAINERIZED/eufs-f1-sim/ws/install/eufs_msgs/include/eufs_msgs/eufs_msgs/msg/detail/point_array__functions.c
-- Installing: /home/gera/Desktop/EUFS_FORK_CONTAINERIZED/eufs-f1-sim/ws/install/eufs_msgs/include/eufs_msgs/eufs_msgs/msg/detail/cone_array__struct.h
-- Installing: /home/gera/Desktop/EUFS_FORK_CONTAINERIZED/eufs-f1-sim/ws/install/eufs_msgs/include/eufs_msgs/eufs_msgs/msg/detail/point_array__struct.h
-- Installing: /home/gera/Desktop/EUFS_FORK_CONTAINERIZED/eufs-f1-sim/ws/install/eufs_msgs/include/eufs_msgs/eufs_msgs/msg/detail/pure_pursuit_checkpoint__functions.c
-- Installing: /home/gera/Desktop/EUFS_FORK_CONTAINERIZED/eufs-f1-sim/ws/install/eufs_msgs/include/eufs_msgs/eufs_msgs/msg/detail/heartbeat__type_support.h
-- Installing: /home/gera/Desktop/EUFS_FORK_CONTAINERIZED/eufs-f1-sim/ws/install/eufs_msgs/include/eufs_msgs/eufs_msgs/msg/detail/pure_pursuit_checkpoint_array_stamped__functions.c
-- Installing: /home/gera/Desktop/EUFS_FORK_CONTAINERIZED/eufs-f1-sim/ws/install/eufs_msgs/include/eufs_msgs/eufs_msgs/msg/detail/cpu_status__struct.h
-- Installing: /home/gera/Desktop/EUFS_FORK_CONTAINERIZED/eufs-f1-sim/ws/install/eufs_msgs/include/eufs_msgs/eufs_msgs/msg/detail/costmap__type_support.h
-- Installing: /home/gera/Desktop/EUFS_FORK_CONTAINERIZED/eufs-f1-sim/ws/install/eufs_msgs/include/eufs_msgs/eufs_msgs/msg/detail/wheel_odometry_err__type_support.h
-- Installing: /home/gera/Desktop/EUFS_FORK_CONTAINERIZED/eufs-f1-sim/ws/install/eufs_msgs/include/eufs_msgs/eufs_msgs/msg/detail/slam_err__functions.h
-- Installing: /home/gera/Desktop/EUFS_FORK_CONTAINERIZED/eufs-f1-sim/ws/install/eufs_msgs/include/eufs_msgs/eufs_msgs/msg/detail/topic_status__type_support.h
-- Installing: /home/gera/Desktop/EUFS_FORK_CONTAINERIZED/eufs-f1-sim/ws/install/eufs_msgs/include/eufs_msgs/eufs_msgs/msg/detail/stereo_image__struct.h
-- Installing: /home/gera/Desktop/EUFS_FORK_CONTAINERIZED/eufs-f1-sim/ws/install/eufs_msgs/include/eufs_msgs/eufs_msgs/msg/detail/stereo_image__type_support.h
-- Installing: /home/gera/Desktop/EUFS_FORK_CONTAINERIZED/eufs-f1-sim/ws/install/eufs_msgs/include/eufs_msgs/eufs_msgs/msg/detail/cone_association_array_array_stamped__struct.h
-- Installing: /home/gera/Desktop/EUFS_FORK_CONTAINERIZED/eufs-f1-sim/ws/install/eufs_msgs/include/eufs_msgs/eufs_msgs/msg/detail/state_machine_state__struct.h
-- Installing: /home/gera/Desktop/EUFS_FORK_CONTAINERIZED/eufs-f1-sim/ws/install/eufs_msgs/include/eufs_msgs/eufs_msgs/msg/detail/path_integral_params__functions.h
-- Installing: /home/gera/Desktop/EUFS_FORK_CONTAINERIZED/eufs-f1-sim/ws/install/eufs_msgs/include/eufs_msgs/eufs_msgs/msg/detail/bounding_box__functions.c
-- Installing: /home/gera/Desktop/EUFS_FORK_CONTAINERIZED/eufs-f1-sim/ws/install/eufs_msgs/include/eufs_msgs/eufs_msgs/msg/detail/cone_array_with_covariance__functions.h
-- Installing: /home/gera/Desktop/EUFS_FORK_CONTAINERIZED/eufs-f1-sim/ws/install/eufs_msgs/include/eufs_msgs/eufs_msgs/msg/detail/integration_err__functions.h
-- Installing: /home/gera/Desktop/EUFS_FORK_CONTAINERIZED/eufs-f1-sim/ws/install/eufs_msgs/include/eufs_msgs/eufs_msgs/msg/detail/cone_association_array__type_support.h
-- Installing: /home/gera/Desktop/EUFS_FORK_CONTAINERIZED/eufs-f1-sim/ws/install/eufs_msgs/include/eufs_msgs/eufs_msgs/msg/detail/cone_association_array_stamped__type_support.h
-- Installing: /home/gera/Desktop/EUFS_FORK_CONTAINERIZED/eufs-f1-sim/ws/install/eufs_msgs/include/eufs_msgs/eufs_msgs/msg/detail/full_state__type_support.h
-- Installing: /home/gera/Desktop/EUFS_FORK_CONTAINERIZED/eufs-f1-sim/ws/install/eufs_msgs/include/eufs_msgs/eufs_msgs/msg/detail/runstop__functions.c
-- Installing: /home/gera/Desktop/EUFS_FORK_CONTAINERIZED/eufs-f1-sim/ws/install/eufs_msgs/include/eufs_msgs/eufs_msgs/msg/detail/cpu_usage__functions.h
-- Installing: /home/gera/Desktop/EUFS_FORK_CONTAINERIZED/eufs-f1-sim/ws/install/eufs_msgs/include/eufs_msgs/eufs_msgs/msg/detail/cone_array__type_support.h
-- Installing: /home/gera/Desktop/EUFS_FORK_CONTAINERIZED/eufs-f1-sim/ws/install/eufs_msgs/include/eufs_msgs/eufs_msgs/msg/detail/waypoint_array_stamped__struct.h
-- Installing: /home/gera/Desktop/EUFS_FORK_CONTAINERIZED/eufs-f1-sim/ws/install/eufs_msgs/include/eufs_msgs/eufs_msgs/msg/detail/waypoint_array_stamped__type_support.h
-- Installing: /home/gera/Desktop/EUFS_FORK_CONTAINERIZED/eufs-f1-sim/ws/install/eufs_msgs/include/eufs_msgs/eufs_msgs/msg/detail/topic_status__functions.c
-- Installing: /home/gera/Desktop/EUFS_FORK_CONTAINERIZED/eufs-f1-sim/ws/install/eufs_msgs/include/eufs_msgs/eufs_msgs/msg/detail/chassis_command__type_support.h
-- Installing: /home/gera/Desktop/EUFS_FORK_CONTAINERIZED/eufs-f1-sim/ws/install/eufs_msgs/include/eufs_msgs/eufs_msgs/msg/detail/chassis_state__functions.c
-- Installing: /home/gera/Desktop/EUFS_FORK_CONTAINERIZED/eufs-f1-sim/ws/install/eufs_msgs/include/eufs_msgs/eufs_msgs/msg/detail/integration_err__struct.h
-- Installing: /home/gera/Desktop/EUFS_FORK_CONTAINERIZED/eufs-f1-sim/ws/install/eufs_msgs/include/eufs_msgs/eufs_msgs/msg/detail/pure_pursuit_checkpoint__struct.h
-- Installing: /home/gera/Desktop/EUFS_FORK_CONTAINERIZED/eufs-f1-sim/ws/install/eufs_msgs/include/eufs_msgs/eufs_msgs/msg/detail/cone_association_array_stamped__functions.c
-- Installing: /home/gera/Desktop/EUFS_FORK_CONTAINERIZED/eufs-f1-sim/ws/install/eufs_msgs/include/eufs_msgs/eufs_msgs/msg/detail/bounding_boxes__functions.c
-- Installing: /home/gera/Desktop/EUFS_FORK_CONTAINERIZED/eufs-f1-sim/ws/install/eufs_msgs/include/eufs_msgs/eufs_msgs/msg/detail/car_state__type_support.h
-- Installing: /home/gera/Desktop/EUFS_FORK_CONTAINERIZED/eufs-f1-sim/ws/install/eufs_msgs/include/eufs_msgs/eufs_msgs/msg/detail/chassis_command__struct.h
-- Installing: /home/gera/Desktop/EUFS_FORK_CONTAINERIZED/eufs-f1-sim/ws/install/eufs_msgs/include/eufs_msgs/eufs_msgs/msg/detail/stereo_image__functions.c
-- Installing: /home/gera/Desktop/EUFS_FORK_CONTAINERIZED/eufs-f1-sim/ws/install/eufs_msgs/include/eufs_msgs/eufs_msgs/msg/detail/cone_array_with_covariance__functions.c
-- Installing: /home/gera/Desktop/EUFS_FORK_CONTAINERIZED/eufs-f1-sim/ws/install/eufs_msgs/include/eufs_msgs/eufs_msgs/msg/detail/path_integral_status__functions.c
-- Installing: /home/gera/Desktop/EUFS_FORK_CONTAINERIZED/eufs-f1-sim/ws/install/eufs_msgs/include/eufs_msgs/eufs_msgs/msg/detail/mpc_state__struct.h
-- Installing: /home/gera/Desktop/EUFS_FORK_CONTAINERIZED/eufs-f1-sim/ws/install/eufs_msgs/include/eufs_msgs/eufs_msgs/msg/detail/wheel_speeds_stamped__functions.h
-- Installing: /home/gera/Desktop/EUFS_FORK_CONTAINERIZED/eufs-f1-sim/ws/install/eufs_msgs/include/eufs_msgs/eufs_msgs/msg/detail/wheel_odometry_err__functions.h
-- Installing: /home/gera/Desktop/EUFS_FORK_CONTAINERIZED/eufs-f1-sim/ws/install/eufs_msgs/include/eufs_msgs/eufs_msgs/msg/detail/node_state__functions.h
-- Installing: /home/gera/Desktop/EUFS_FORK_CONTAINERIZED/eufs-f1-sim/ws/install/eufs_msgs/include/eufs_msgs/eufs_msgs/msg/detail/cone_array_with_covariance__struct.h
-- Installing: /home/gera/Desktop/EUFS_FORK_CONTAINERIZED/eufs-f1-sim/ws/install/eufs_msgs/include/eufs_msgs/eufs_msgs/msg/detail/particle_slam_stamped__functions.h
-- Installing: /home/gera/Desktop/EUFS_FORK_CONTAINERIZED/eufs-f1-sim/ws/install/eufs_msgs/include/eufs_msgs/eufs_msgs/msg/detail/wheel_odometry_err__functions.c
-- Installing: /home/gera/Desktop/EUFS_FORK_CONTAINERIZED/eufs-f1-sim/ws/install/eufs_msgs/include/eufs_msgs/eufs_msgs/msg/detail/car_forces__functions.c
-- Installing: /home/gera/Desktop/EUFS_FORK_CONTAINERIZED/eufs-f1-sim/ws/install/eufs_msgs/include/eufs_msgs/eufs_msgs/msg/detail/point_array_stamped__struct.h
-- Installing: /home/gera/Desktop/EUFS_FORK_CONTAINERIZED/eufs-f1-sim/ws/install/eufs_msgs/include/eufs_msgs/eufs_msgs/msg/detail/topic_status__functions.h
-- Installing: /home/gera/Desktop/EUFS_FORK_CONTAINERIZED/eufs-f1-sim/ws/install/eufs_msgs/include/eufs_msgs/eufs_msgs/msg/detail/runstop__type_support.h
-- Installing: /home/gera/Desktop/EUFS_FORK_CONTAINERIZED/eufs-f1-sim/ws/install/eufs_msgs/include/eufs_msgs/eufs_msgs/msg/detail/particle__type_support.h
-- Installing: /home/gera/Desktop/EUFS_FORK_CONTAINERIZED/eufs-f1-sim/ws/install/eufs_msgs/include/eufs_msgs/eufs_msgs/msg/detail/mpc_state__functions.h
-- Installing: /home/gera/Desktop/EUFS_FORK_CONTAINERIZED/eufs-f1-sim/ws/install/eufs_msgs/include/eufs_msgs/eufs_msgs/msg/detail/cpu_usage__struct.h
-- Installing: /home/gera/Desktop/EUFS_FORK_CONTAINERIZED/eufs-f1-sim/ws/install/eufs_msgs/include/eufs_msgs/eufs_msgs/msg/detail/lap_stats__functions.h
-- Installing: /home/gera/Desktop/EUFS_FORK_CONTAINERIZED/eufs-f1-sim/ws/install/eufs_msgs/include/eufs_msgs/eufs_msgs/msg/detail/path_integral_params__type_support.h
-- Installing: /home/gera/Desktop/EUFS_FORK_CONTAINERIZED/eufs-f1-sim/ws/install/eufs_msgs/include/eufs_msgs/eufs_msgs/msg/detail/wheel_speeds__functions.c
-- Installing: /home/gera/Desktop/EUFS_FORK_CONTAINERIZED/eufs-f1-sim/ws/install/eufs_msgs/include/eufs_msgs/eufs_msgs/msg/detail/car_state__struct.h
-- Installing: /home/gera/Desktop/EUFS_FORK_CONTAINERIZED/eufs-f1-sim/ws/install/eufs_msgs/include/eufs_msgs/eufs_msgs/msg/detail/path_integral_params__struct.h
-- Installing: /home/gera/Desktop/EUFS_FORK_CONTAINERIZED/eufs-f1-sim/ws/install/eufs_msgs/include/eufs_msgs/eufs_msgs/msg/detail/cone_with_color_probability_array__functions.h
-- Installing: /home/gera/Desktop/EUFS_FORK_CONTAINERIZED/eufs-f1-sim/ws/install/eufs_msgs/include/eufs_msgs/eufs_msgs/msg/detail/wheel_speeds__type_support.h
-- Installing: /home/gera/Desktop/EUFS_FORK_CONTAINERIZED/eufs-f1-sim/ws/install/eufs_msgs/include/eufs_msgs/eufs_msgs/msg/detail/state_machine_state__functions.c
-- Installing: /home/gera/Desktop/EUFS_FORK_CONTAINERIZED/eufs-f1-sim/ws/install/eufs_msgs/include/eufs_msgs/eufs_msgs/msg/detail/wheel_speeds__functions.h
-- Installing: /home/gera/Desktop/EUFS_FORK_CONTAINERIZED/eufs-f1-sim/ws/install/eufs_msgs/include/eufs_msgs/eufs_msgs/msg/detail/pure_pursuit_checkpoint_array_stamped__functions.h
-- Installing: /home/gera/Desktop/EUFS_FORK_CONTAINERIZED/eufs-f1-sim/ws/install/eufs_msgs/include/eufs_msgs/eufs_msgs/msg/detail/full_state__functions.c
-- Installing: /home/gera/Desktop/EUFS_FORK_CONTAINERIZED/eufs-f1-sim/ws/install/eufs_msgs/include/eufs_msgs/eufs_msgs/msg/detail/node_state_array__functions.c
-- Installing: /home/gera/Desktop/EUFS_FORK_CONTAINERIZED/eufs-f1-sim/ws/install/eufs_msgs/include/eufs_msgs/eufs_msgs/msg/detail/waypoint__type_support.h
-- Installing: /home/gera/Desktop/EUFS_FORK_CONTAINERIZED/eufs-f1-sim/ws/install/eufs_msgs/include/eufs_msgs/eufs_msgs/msg/detail/waypoint__functions.h
-- Installing: /home/gera/Desktop/EUFS_FORK_CONTAINERIZED/eufs-f1-sim/ws/install/eufs_msgs/include/eufs_msgs/eufs_msgs/msg/detail/waypoint_array_stamped__functions.h
-- Installing: /home/gera/Desktop/EUFS_FORK_CONTAINERIZED/eufs-f1-sim/ws/install/eufs_msgs/include/eufs_msgs/eufs_msgs/msg/detail/bounding_boxes__functions.h
-- Installing: /home/gera/Desktop/EUFS_FORK_CONTAINERIZED/eufs-f1-sim/ws/install/eufs_msgs/include/eufs_msgs/eufs_msgs/msg/detail/waypoint__functions.c
-- Installing: /home/gera/Desktop/EUFS_FORK_CONTAINERIZED/eufs-f1-sim/ws/install/eufs_msgs/include/eufs_msgs/eufs_msgs/msg/detail/cone_with_color_probability__functions.h
-- Installing: /home/gera/Desktop/EUFS_FORK_CONTAINERIZED/eufs-f1-sim/ws/install/eufs_msgs/include/eufs_msgs/eufs_msgs/msg/detail/can_state__type_support.h
-- Installing: /home/gera/Desktop/EUFS_FORK_CONTAINERIZED/eufs-f1-sim/ws/install/eufs_msgs/include/eufs_msgs/eufs_msgs/msg/detail/point_array_stamped__functions.h
-- Installing: /home/gera/Desktop/EUFS_FORK_CONTAINERIZED/eufs-f1-sim/ws/install/eufs_msgs/include/eufs_msgs/eufs_msgs/msg/detail/bounding_boxes__struct.h
-- Installing: /home/gera/Desktop/EUFS_FORK_CONTAINERIZED/eufs-f1-sim/ws/install/eufs_msgs/include/eufs_msgs/eufs_msgs/msg/detail/path_integral_stats__functions.c
-- Installing: /home/gera/Desktop/EUFS_FORK_CONTAINERIZED/eufs-f1-sim/ws/install/eufs_msgs/include/eufs_msgs/eufs_msgs/msg/detail/cone_association_array_array_stamped__functions.h
-- Installing: /home/gera/Desktop/EUFS_FORK_CONTAINERIZED/eufs-f1-sim/ws/install/eufs_msgs/include/eufs_msgs/eufs_msgs/msg/detail/wheel_speeds_stamped__type_support.h
-- Installing: /home/gera/Desktop/EUFS_FORK_CONTAINERIZED/eufs-f1-sim/ws/install/eufs_msgs/include/eufs_msgs/eufs_msgs/msg/detail/cone_association_array__functions.h
-- Installing: /home/gera/Desktop/EUFS_FORK_CONTAINERIZED/eufs-f1-sim/ws/install/eufs_msgs/include/eufs_msgs/eufs_msgs/msg/detail/path_integral_timing__type_support.h
-- Installing: /home/gera/Desktop/EUFS_FORK_CONTAINERIZED/eufs-f1-sim/ws/install/eufs_msgs/include/eufs_msgs/eufs_msgs/msg/detail/car_forces__type_support.h
-- Installing: /home/gera/Desktop/EUFS_FORK_CONTAINERIZED/eufs-f1-sim/ws/install/eufs_msgs/include/eufs_msgs/eufs_msgs/msg/detail/slam_state__type_support.h
-- Installing: /home/gera/Desktop/EUFS_FORK_CONTAINERIZED/eufs-f1-sim/ws/install/eufs_msgs/include/eufs_msgs/eufs_msgs/msg/detail/point_array_stamped__functions.c
-- Installing: /home/gera/Desktop/EUFS_FORK_CONTAINERIZED/eufs-f1-sim/ws/install/eufs_msgs/include/eufs_msgs/eufs_msgs/msg/detail/node_state_array__type_support.h
-- Installing: /home/gera/Desktop/EUFS_FORK_CONTAINERIZED/eufs-f1-sim/ws/install/eufs_msgs/include/eufs_msgs/eufs_msgs/msg/detail/cone_with_color_probability__functions.c
-- Installing: /home/gera/Desktop/EUFS_FORK_CONTAINERIZED/eufs-f1-sim/ws/install/eufs_msgs/include/eufs_msgs/eufs_msgs/msg/detail/integration_err__type_support.h
-- Installing: /home/gera/Desktop/EUFS_FORK_CONTAINERIZED/eufs-f1-sim/ws/install/eufs_msgs/include/eufs_msgs/eufs_msgs/msg/detail/cone_with_covariance__struct.h
-- Installing: /home/gera/Desktop/EUFS_FORK_CONTAINERIZED/eufs-f1-sim/ws/install/eufs_msgs/include/eufs_msgs/eufs_msgs/msg/detail/vehicle_commands_stamped__type_support.h
-- Installing: /home/gera/Desktop/EUFS_FORK_CONTAINERIZED/eufs-f1-sim/ws/install/eufs_msgs/include/eufs_msgs/eufs_msgs/msg/detail/path_integral_stats__functions.h
-- Installing: /home/gera/Desktop/EUFS_FORK_CONTAINERIZED/eufs-f1-sim/ws/install/eufs_msgs/include/eufs_msgs/eufs_msgs/msg/detail/lap_stats__type_support.h
-- Installing: /home/gera/Desktop/EUFS_FORK_CONTAINERIZED/eufs-f1-sim/ws/install/eufs_msgs/include/eufs_msgs/eufs_msgs/msg/detail/car_state__functions.h
-- Installing: /home/gera/Desktop/EUFS_FORK_CONTAINERIZED/eufs-f1-sim/ws/install/eufs_msgs/include/eufs_msgs/eufs_msgs/msg/detail/ekf_err__type_support.h
-- Installing: /home/gera/Desktop/EUFS_FORK_CONTAINERIZED/eufs-f1-sim/ws/install/eufs_msgs/include/eufs_msgs/eufs_msgs/msg/detail/oss__functions.h
-- Installing: /home/gera/Desktop/EUFS_FORK_CONTAINERIZED/eufs-f1-sim/ws/install/eufs_msgs/include/eufs_msgs/eufs_msgs/msg/detail/ekf_state__functions.c
-- Installing: /home/gera/Desktop/EUFS_FORK_CONTAINERIZED/eufs-f1-sim/ws/install/eufs_msgs/include/eufs_msgs/eufs_msgs/msg/detail/ekf_err__functions.c
-- Installing: /home/gera/Desktop/EUFS_FORK_CONTAINERIZED/eufs-f1-sim/ws/install/eufs_msgs/include/eufs_msgs/eufs_msgs/msg/detail/cone_association__type_support.h
-- Installing: /home/gera/Desktop/EUFS_FORK_CONTAINERIZED/eufs-f1-sim/ws/install/eufs_msgs/include/eufs_msgs/eufs_msgs/msg/detail/bounding_box__type_support.h
-- Installing: /home/gera/Desktop/EUFS_FORK_CONTAINERIZED/eufs-f1-sim/ws/install/eufs_msgs/include/eufs_msgs/eufs_msgs/msg/detail/path_integral_status__functions.h
-- Installing: /home/gera/Desktop/EUFS_FORK_CONTAINERIZED/eufs-f1-sim/ws/install/eufs_msgs/include/eufs_msgs/eufs_msgs/msg/detail/cpu_usage__type_support.h
-- Installing: /home/gera/Desktop/EUFS_FORK_CONTAINERIZED/eufs-f1-sim/ws/install/eufs_msgs/include/eufs_msgs/eufs_msgs/msg/detail/system_status__type_support.h
-- Installing: /home/gera/Desktop/EUFS_FORK_CONTAINERIZED/eufs-f1-sim/ws/install/eufs_msgs/include/eufs_msgs/eufs_msgs/msg/detail/particle_slam_stamped__type_support.h
-- Installing: /home/gera/Desktop/EUFS_FORK_CONTAINERIZED/eufs-f1-sim/ws/install/eufs_msgs/include/eufs_msgs/eufs_msgs/msg/detail/vehicle_commands__functions.c
-- Installing: /home/gera/Desktop/EUFS_FORK_CONTAINERIZED/eufs-f1-sim/ws/install/eufs_msgs/include/eufs_msgs/eufs_msgs/msg/detail/chassis_state__struct.h
-- Installing: /home/gera/Desktop/EUFS_FORK_CONTAINERIZED/eufs-f1-sim/ws/install/eufs_msgs/include/eufs_msgs/eufs_msgs/msg/detail/cone_with_color_probability_array__struct.h
-- Installing: /home/gera/Desktop/EUFS_FORK_CONTAINERIZED/eufs-f1-sim/ws/install/eufs_msgs/include/eufs_msgs/eufs_msgs/msg/detail/cone_with_color_probability__struct.h
-- Installing: /home/gera/Desktop/EUFS_FORK_CONTAINERIZED/eufs-f1-sim/ws/install/eufs_msgs/include/eufs_msgs/eufs_msgs/msg/detail/lap_stats__functions.c
-- Installing: /home/gera/Desktop/EUFS_FORK_CONTAINERIZED/eufs-f1-sim/ws/install/eufs_msgs/include/eufs_msgs/eufs_msgs/msg/detail/system_status__struct.h
-- Installing: /home/gera/Desktop/EUFS_FORK_CONTAINERIZED/eufs-f1-sim/ws/install/eufs_msgs/include/eufs_msgs/eufs_msgs/msg/detail/topic_status__struct.h
-- Installing: /home/gera/Desktop/EUFS_FORK_CONTAINERIZED/eufs-f1-sim/ws/install/eufs_msgs/include/eufs_msgs/eufs_msgs/msg/detail/particle_slam__type_support.h
-- Installing: /home/gera/Desktop/EUFS_FORK_CONTAINERIZED/eufs-f1-sim/ws/install/eufs_msgs/include/eufs_msgs/eufs_msgs/msg/detail/system_status__functions.c
-- Installing: /home/gera/Desktop/EUFS_FORK_CONTAINERIZED/eufs-f1-sim/ws/install/eufs_msgs/include/eufs_msgs/eufs_msgs/msg/detail/planning_mode__struct.h
-- Installing: /home/gera/Desktop/EUFS_FORK_CONTAINERIZED/eufs-f1-sim/ws/install/eufs_msgs/include/eufs_msgs/eufs_msgs/msg/detail/chassis_command__functions.h
-- Installing: /home/gera/Desktop/EUFS_FORK_CONTAINERIZED/eufs-f1-sim/ws/install/eufs_msgs/include/eufs_msgs/eufs_msgs/msg/detail/chassis_state__functions.h
-- Installing: /home/gera/Desktop/EUFS_FORK_CONTAINERIZED/eufs-f1-sim/ws/install/eufs_msgs/include/eufs_msgs/eufs_msgs/msg/detail/node_state_array__struct.h
-- Installing: /home/gera/Desktop/EUFS_FORK_CONTAINERIZED/eufs-f1-sim/ws/install/eufs_msgs/include/eufs_msgs/eufs_msgs/msg/detail/wheel_odometry_err__struct.h
-- Installing: /home/gera/Desktop/EUFS_FORK_CONTAINERIZED/eufs-f1-sim/ws/install/eufs_msgs/include/eufs_msgs/eufs_msgs/msg/detail/state_machine_state__functions.h
-- Installing: /home/gera/Desktop/EUFS_FORK_CONTAINERIZED/eufs-f1-sim/ws/install/eufs_msgs/include/eufs_msgs/eufs_msgs/msg/detail/cone_association_array_array_stamped__type_support.h
-- Installing: /home/gera/Desktop/EUFS_FORK_CONTAINERIZED/eufs-f1-sim/ws/install/eufs_msgs/include/eufs_msgs/eufs_msgs/msg/detail/full_state__functions.h
-- Installing: /home/gera/Desktop/EUFS_FORK_CONTAINERIZED/eufs-f1-sim/ws/install/eufs_msgs/include/eufs_msgs/eufs_msgs/msg/car_state.h
-- Installing: /home/gera/Desktop/EUFS_FORK_CONTAINERIZED/eufs-f1-sim/ws/install/eufs_msgs/include/eufs_msgs/eufs_msgs/msg/node_state.h
-- Installing: /home/gera/Desktop/EUFS_FORK_CONTAINERIZED/eufs-f1-sim/ws/install/eufs_msgs/include/eufs_msgs/eufs_msgs/msg/full_state.h
-- Installing: /home/gera/Desktop/EUFS_FORK_CONTAINERIZED/eufs-f1-sim/ws/install/eufs_msgs/include/eufs_msgs/eufs_msgs/msg/cpu_usage.h
-- Installing: /home/gera/Desktop/EUFS_FORK_CONTAINERIZED/eufs-f1-sim/ws/install/eufs_msgs/include/eufs_msgs/eufs_msgs/msg/integration_err.h
-- Installing: /home/gera/Desktop/EUFS_FORK_CONTAINERIZED/eufs-f1-sim/ws/install/eufs_msgs/include/eufs_msgs/eufs_msgs/msg/mpc_state.h
-- Installing: /home/gera/Desktop/EUFS_FORK_CONTAINERIZED/eufs-f1-sim/ws/install/eufs_msgs/include/eufs_msgs/eufs_msgs/msg/planning_mode.h
-- Installing: /home/gera/Desktop/EUFS_FORK_CONTAINERIZED/eufs-f1-sim/ws/install/eufs_msgs/include/eufs_msgs/eufs_msgs/msg/waypoint.h
-- Installing: /home/gera/Desktop/EUFS_FORK_CONTAINERIZED/eufs-f1-sim/ws/install/eufs_msgs/include/eufs_msgs/eufs_msgs/msg/can_state.h
-- Installing: /home/gera/Desktop/EUFS_FORK_CONTAINERIZED/eufs-f1-sim/ws/install/eufs_msgs/include/eufs_msgs/eufs_msgs/msg/chassis_state.h
-- Installing: /home/gera/Desktop/EUFS_FORK_CONTAINERIZED/eufs-f1-sim/ws/install/eufs_msgs/include/eufs_msgs/eufs_msgs/msg/wheel_odometry_err.h
-- Installing: /home/gera/Desktop/EUFS_FORK_CONTAINERIZED/eufs-f1-sim/ws/install/eufs_msgs/include/eufs_msgs/eufs_msgs/msg/state_machine_state.h
-- Installing: /home/gera/Desktop/EUFS_FORK_CONTAINERIZED/eufs-f1-sim/ws/install/eufs_msgs/include/eufs_msgs/eufs_msgs/msg/costmap.h
-- Installing: /home/gera/Desktop/EUFS_FORK_CONTAINERIZED/eufs-f1-sim/ws/install/eufs_msgs/include/eufs_msgs/eufs_msgs/msg/cpu_status.h
-- Installing: /home/gera/Desktop/EUFS_FORK_CONTAINERIZED/eufs-f1-sim/ws/install/eufs_msgs/include/eufs_msgs/eufs_msgs/msg/bounding_box.h
-- Installing: /home/gera/Desktop/EUFS_FORK_CONTAINERIZED/eufs-f1-sim/ws/install/eufs_msgs/include/eufs_msgs/eufs_msgs/msg/cone_association_array.h
-- Installing: /home/gera/Desktop/EUFS_FORK_CONTAINERIZED/eufs-f1-sim/ws/install/eufs_msgs/include/eufs_msgs/eufs_msgs/msg/lap_stats.h
-- Installing: /home/gera/Desktop/EUFS_FORK_CONTAINERIZED/eufs-f1-sim/ws/install/eufs_msgs/include/eufs_msgs/eufs_msgs/msg/system_status.h
-- Installing: /home/gera/Desktop/EUFS_FORK_CONTAINERIZED/eufs-f1-sim/ws/install/eufs_msgs/include/eufs_msgs/eufs_msgs/msg/particle.h
-- Installing: /home/gera/Desktop/EUFS_FORK_CONTAINERIZED/eufs-f1-sim/ws/install/eufs_msgs/include/eufs_msgs/eufs_msgs/msg/vehicle_commands_stamped.h
-- Installing: /home/gera/Desktop/EUFS_FORK_CONTAINERIZED/eufs-f1-sim/ws/install/eufs_msgs/include/eufs_msgs/eufs_msgs/msg/rosidl_generator_c__visibility_control.h
-- Installing: /home/gera/Desktop/EUFS_FORK_CONTAINERIZED/eufs-f1-sim/ws/install/eufs_msgs/include/eufs_msgs/eufs_msgs/msg/particle_slam_stamped.h
-- Installing: /home/gera/Desktop/EUFS_FORK_CONTAINERIZED/eufs-f1-sim/ws/install/eufs_msgs/include/eufs_msgs/eufs_msgs/msg/cone_association.h
-- Installing: /home/gera/Desktop/EUFS_FORK_CONTAINERIZED/eufs-f1-sim/ws/install/eufs_msgs/include/eufs_msgs/eufs_msgs/msg/path_integral_params.h
-- Installing: /home/gera/Desktop/EUFS_FORK_CONTAINERIZED/eufs-f1-sim/ws/install/eufs_msgs/include/eufs_msgs/eufs_msgs/msg/pure_pursuit_checkpoint_array_stamped.h
-- Installing: /home/gera/Desktop/EUFS_FORK_CONTAINERIZED/eufs-f1-sim/ws/install/eufs_msgs/include/eufs_msgs/eufs_msgs/msg/cone_array_with_covariance.h
-- Installing: /home/gera/Desktop/EUFS_FORK_CONTAINERIZED/eufs-f1-sim/ws/install/eufs_msgs/include/eufs_msgs/eufs_msgs/msg/heartbeat.h
-- Installing: /home/gera/Desktop/EUFS_FORK_CONTAINERIZED/eufs-f1-sim/ws/install/eufs_msgs/include/eufs_msgs/eufs_msgs/msg/pure_pursuit_checkpoint.h
-- Installing: /home/gera/Desktop/EUFS_FORK_CONTAINERIZED/eufs-f1-sim/ws/install/eufs_msgs/include/eufs_msgs/eufs_msgs/msg/node_state_array.h
-- Installing: /home/gera/Desktop/EUFS_FORK_CONTAINERIZED/eufs-f1-sim/ws/install/eufs_msgs/include/eufs_msgs/eufs_msgs/msg/waypoint_array_stamped.h
-- Installing: /home/gera/Desktop/EUFS_FORK_CONTAINERIZED/eufs-f1-sim/ws/install/eufs_msgs/include/eufs_msgs/eufs_msgs/msg/particle_stamped.h
-- Installing: /home/gera/Desktop/EUFS_FORK_CONTAINERIZED/eufs-f1-sim/ws/install/eufs_msgs/share/eufs_msgs/environment/library_path.sh
-- Installing: /home/gera/Desktop/EUFS_FORK_CONTAINERIZED/eufs-f1-sim/ws/install/eufs_msgs/share/eufs_msgs/environment/library_path.dsv
-- Installing: /home/gera/Desktop/EUFS_FORK_CONTAINERIZED/eufs-f1-sim/ws/install/eufs_msgs/lib/libeufs_msgs__rosidl_generator_c.so
-- Set runtime path of "/home/gera/Desktop/EUFS_FORK_CONTAINERIZED/eufs-f1-sim/ws/install/eufs_msgs/lib/libeufs_msgs__rosidl_generator_c.so" to ""
-- Up-to-date: /home/gera/Desktop/EUFS_FORK_CONTAINERIZED/eufs-f1-sim/ws/install/eufs_msgs/include/eufs_msgs/eufs_msgs
-- Up-to-date: /home/gera/Desktop/EUFS_FORK_CONTAINERIZED/eufs-f1-sim/ws/install/eufs_msgs/include/eufs_msgs/eufs_msgs/action
-- Up-to-date: /home/gera/Desktop/EUFS_FORK_CONTAINERIZED/eufs-f1-sim/ws/install/eufs_msgs/include/eufs_msgs/eufs_msgs/action/detail
-- Installing: /home/gera/Desktop/EUFS_FORK_CONTAINERIZED/eufs-f1-sim/ws/install/eufs_msgs/include/eufs_msgs/eufs_msgs/action/detail/check_for_objects__rosidl_typesupport_fastrtps_c.h
-- Up-to-date: /home/gera/Desktop/EUFS_FORK_CONTAINERIZED/eufs-f1-sim/ws/install/eufs_msgs/include/eufs_msgs/eufs_msgs/srv
-- Up-to-date: /home/gera/Desktop/EUFS_FORK_CONTAINERIZED/eufs-f1-sim/ws/install/eufs_msgs/include/eufs_msgs/eufs_msgs/srv/detail
-- Installing: /home/gera/Desktop/EUFS_FORK_CONTAINERIZED/eufs-f1-sim/ws/install/eufs_msgs/include/eufs_msgs/eufs_msgs/srv/detail/record_start__rosidl_typesupport_fastrtps_c.h
-- Installing: /home/gera/Desktop/EUFS_FORK_CONTAINERIZED/eufs-f1-sim/ws/install/eufs_msgs/include/eufs_msgs/eufs_msgs/srv/detail/set_can_state__rosidl_typesupport_fastrtps_c.h
-- Installing: /home/gera/Desktop/EUFS_FORK_CONTAINERIZED/eufs-f1-sim/ws/install/eufs_msgs/include/eufs_msgs/eufs_msgs/srv/detail/get_map__rosidl_typesupport_fastrtps_c.h
-- Installing: /home/gera/Desktop/EUFS_FORK_CONTAINERIZED/eufs-f1-sim/ws/install/eufs_msgs/include/eufs_msgs/eufs_msgs/srv/detail/set_mission__rosidl_typesupport_fastrtps_c.h
-- Installing: /home/gera/Desktop/EUFS_FORK_CONTAINERIZED/eufs-f1-sim/ws/install/eufs_msgs/include/eufs_msgs/eufs_msgs/srv/detail/set_track__rosidl_typesupport_fastrtps_c.h
-- Installing: /home/gera/Desktop/EUFS_FORK_CONTAINERIZED/eufs-f1-sim/ws/install/eufs_msgs/include/eufs_msgs/eufs_msgs/srv/detail/register__rosidl_typesupport_fastrtps_c.h
-- Installing: /home/gera/Desktop/EUFS_FORK_CONTAINERIZED/eufs-f1-sim/ws/install/eufs_msgs/include/eufs_msgs/eufs_msgs/srv/detail/record_stop__rosidl_typesupport_fastrtps_c.h
-- Installing: /home/gera/Desktop/EUFS_FORK_CONTAINERIZED/eufs-f1-sim/ws/install/eufs_msgs/include/eufs_msgs/eufs_msgs/srv/detail/set_string__rosidl_typesupport_fastrtps_c.h
-- Up-to-date: /home/gera/Desktop/EUFS_FORK_CONTAINERIZED/eufs-f1-sim/ws/install/eufs_msgs/include/eufs_msgs/eufs_msgs/msg
-- Installing: /home/gera/Desktop/EUFS_FORK_CONTAINERIZED/eufs-f1-sim/ws/install/eufs_msgs/include/eufs_msgs/eufs_msgs/msg/rosidl_typesupport_fastrtps_c__visibility_control.h
-- Up-to-date: /home/gera/Desktop/EUFS_FORK_CONTAINERIZED/eufs-f1-sim/ws/install/eufs_msgs/include/eufs_msgs/eufs_msgs/msg/detail
-- Installing: /home/gera/Desktop/EUFS_FORK_CONTAINERIZED/eufs-f1-sim/ws/install/eufs_msgs/include/eufs_msgs/eufs_msgs/msg/detail/bounding_box__rosidl_typesupport_fastrtps_c.h
-- Installing: /home/gera/Desktop/EUFS_FORK_CONTAINERIZED/eufs-f1-sim/ws/install/eufs_msgs/include/eufs_msgs/eufs_msgs/msg/detail/cone_association_array_stamped__rosidl_typesupport_fastrtps_c.h
-- Installing: /home/gera/Desktop/EUFS_FORK_CONTAINERIZED/eufs-f1-sim/ws/install/eufs_msgs/include/eufs_msgs/eufs_msgs/msg/detail/waypoint__rosidl_typesupport_fastrtps_c.h
-- Installing: /home/gera/Desktop/EUFS_FORK_CONTAINERIZED/eufs-f1-sim/ws/install/eufs_msgs/include/eufs_msgs/eufs_msgs/msg/detail/pure_pursuit_checkpoint_array_stamped__rosidl_typesupport_fastrtps_c.h
-- Installing: /home/gera/Desktop/EUFS_FORK_CONTAINERIZED/eufs-f1-sim/ws/install/eufs_msgs/include/eufs_msgs/eufs_msgs/msg/detail/car_state__rosidl_typesupport_fastrtps_c.h
-- Installing: /home/gera/Desktop/EUFS_FORK_CONTAINERIZED/eufs-f1-sim/ws/install/eufs_msgs/include/eufs_msgs/eufs_msgs/msg/detail/oss__rosidl_typesupport_fastrtps_c.h
-- Installing: /home/gera/Desktop/EUFS_FORK_CONTAINERIZED/eufs-f1-sim/ws/install/eufs_msgs/include/eufs_msgs/eufs_msgs/msg/detail/path_integral_params__rosidl_typesupport_fastrtps_c.h
-- Installing: /home/gera/Desktop/EUFS_FORK_CONTAINERIZED/eufs-f1-sim/ws/install/eufs_msgs/include/eufs_msgs/eufs_msgs/msg/detail/runstop__rosidl_typesupport_fastrtps_c.h
-- Installing: /home/gera/Desktop/EUFS_FORK_CONTAINERIZED/eufs-f1-sim/ws/install/eufs_msgs/include/eufs_msgs/eufs_msgs/msg/detail/node_state__rosidl_typesupport_fastrtps_c.h
-- Installing: /home/gera/Desktop/EUFS_FORK_CONTAINERIZED/eufs-f1-sim/ws/install/eufs_msgs/include/eufs_msgs/eufs_msgs/msg/detail/pure_pursuit_checkpoint__rosidl_typesupport_fastrtps_c.h
-- Installing: /home/gera/Desktop/EUFS_FORK_CONTAINERIZED/eufs-f1-sim/ws/install/eufs_msgs/include/eufs_msgs/eufs_msgs/msg/detail/bounding_boxes__rosidl_typesupport_fastrtps_c.h
-- Installing: /home/gera/Desktop/EUFS_FORK_CONTAINERIZED/eufs-f1-sim/ws/install/eufs_msgs/include/eufs_msgs/eufs_msgs/msg/detail/path_integral_timing__rosidl_typesupport_fastrtps_c.h
-- Installing: /home/gera/Desktop/EUFS_FORK_CONTAINERIZED/eufs-f1-sim/ws/install/eufs_msgs/include/eufs_msgs/eufs_msgs/msg/detail/cpu_usage__rosidl_typesupport_fastrtps_c.h
-- Installing: /home/gera/Desktop/EUFS_FORK_CONTAINERIZED/eufs-f1-sim/ws/install/eufs_msgs/include/eufs_msgs/eufs_msgs/msg/detail/cone_association__rosidl_typesupport_fastrtps_c.h
-- Installing: /home/gera/Desktop/EUFS_FORK_CONTAINERIZED/eufs-f1-sim/ws/install/eufs_msgs/include/eufs_msgs/eufs_msgs/msg/detail/planning_mode__rosidl_typesupport_fastrtps_c.h
-- Installing: /home/gera/Desktop/EUFS_FORK_CONTAINERIZED/eufs-f1-sim/ws/install/eufs_msgs/include/eufs_msgs/eufs_msgs/msg/detail/mpc_state__rosidl_typesupport_fastrtps_c.h
-- Installing: /home/gera/Desktop/EUFS_FORK_CONTAINERIZED/eufs-f1-sim/ws/install/eufs_msgs/include/eufs_msgs/eufs_msgs/msg/detail/wheel_speeds__rosidl_typesupport_fastrtps_c.h
-- Installing: /home/gera/Desktop/EUFS_FORK_CONTAINERIZED/eufs-f1-sim/ws/install/eufs_msgs/include/eufs_msgs/eufs_msgs/msg/detail/integration_err__rosidl_typesupport_fastrtps_c.h
-- Installing: /home/gera/Desktop/EUFS_FORK_CONTAINERIZED/eufs-f1-sim/ws/install/eufs_msgs/include/eufs_msgs/eufs_msgs/msg/detail/particle_slam__rosidl_typesupport_fastrtps_c.h
-- Installing: /home/gera/Desktop/EUFS_FORK_CONTAINERIZED/eufs-f1-sim/ws/install/eufs_msgs/include/eufs_msgs/eufs_msgs/msg/detail/vehicle_commands__rosidl_typesupport_fastrtps_c.h
-- Installing: /home/gera/Desktop/EUFS_FORK_CONTAINERIZED/eufs-f1-sim/ws/install/eufs_msgs/include/eufs_msgs/eufs_msgs/msg/detail/wheel_speeds_stamped__rosidl_typesupport_fastrtps_c.h
-- Installing: /home/gera/Desktop/EUFS_FORK_CONTAINERIZED/eufs-f1-sim/ws/install/eufs_msgs/include/eufs_msgs/eufs_msgs/msg/detail/particle_stamped__rosidl_typesupport_fastrtps_c.h
-- Installing: /home/gera/Desktop/EUFS_FORK_CONTAINERIZED/eufs-f1-sim/ws/install/eufs_msgs/include/eufs_msgs/eufs_msgs/msg/detail/car_forces__rosidl_typesupport_fastrtps_c.h
-- Installing: /home/gera/Desktop/EUFS_FORK_CONTAINERIZED/eufs-f1-sim/ws/install/eufs_msgs/include/eufs_msgs/eufs_msgs/msg/detail/point_array__rosidl_typesupport_fastrtps_c.h
-- Installing: /home/gera/Desktop/EUFS_FORK_CONTAINERIZED/eufs-f1-sim/ws/install/eufs_msgs/include/eufs_msgs/eufs_msgs/msg/detail/slam_err__rosidl_typesupport_fastrtps_c.h
-- Installing: /home/gera/Desktop/EUFS_FORK_CONTAINERIZED/eufs-f1-sim/ws/install/eufs_msgs/include/eufs_msgs/eufs_msgs/msg/detail/cone_with_color_probability_array__rosidl_typesupport_fastrtps_c.h
-- Installing: /home/gera/Desktop/EUFS_FORK_CONTAINERIZED/eufs-f1-sim/ws/install/eufs_msgs/include/eufs_msgs/eufs_msgs/msg/detail/ekf_err__rosidl_typesupport_fastrtps_c.h
-- Installing: /home/gera/Desktop/EUFS_FORK_CONTAINERIZED/eufs-f1-sim/ws/install/eufs_msgs/include/eufs_msgs/eufs_msgs/msg/detail/particle_slam_stamped__rosidl_typesupport_fastrtps_c.h
-- Installing: /home/gera/Desktop/EUFS_FORK_CONTAINERIZED/eufs-f1-sim/ws/install/eufs_msgs/include/eufs_msgs/eufs_msgs/msg/detail/stereo_image__rosidl_typesupport_fastrtps_c.h
-- Installing: /home/gera/Desktop/EUFS_FORK_CONTAINERIZED/eufs-f1-sim/ws/install/eufs_msgs/include/eufs_msgs/eufs_msgs/msg/detail/wheel_odometry_err__rosidl_typesupport_fastrtps_c.h
-- Installing: /home/gera/Desktop/EUFS_FORK_CONTAINERIZED/eufs-f1-sim/ws/install/eufs_msgs/include/eufs_msgs/eufs_msgs/msg/detail/heartbeat__rosidl_typesupport_fastrtps_c.h
-- Installing: /home/gera/Desktop/EUFS_FORK_CONTAINERIZED/eufs-f1-sim/ws/install/eufs_msgs/include/eufs_msgs/eufs_msgs/msg/detail/cone_association_array_array_stamped__rosidl_typesupport_fastrtps_c.h
-- Installing: /home/gera/Desktop/EUFS_FORK_CONTAINERIZED/eufs-f1-sim/ws/install/eufs_msgs/include/eufs_msgs/eufs_msgs/msg/detail/point_array_stamped__rosidl_typesupport_fastrtps_c.h
-- Installing: /home/gera/Desktop/EUFS_FORK_CONTAINERIZED/eufs-f1-sim/ws/install/eufs_msgs/include/eufs_msgs/eufs_msgs/msg/detail/full_state__rosidl_typesupport_fastrtps_c.h
-- Installing: /home/gera/Desktop/EUFS_FORK_CONTAINERIZED/eufs-f1-sim/ws/install/eufs_msgs/include/eufs_msgs/eufs_msgs/msg/detail/waypoint_array_stamped__rosidl_typesupport_fastrtps_c.h
-- Installing: /home/gera/Desktop/EUFS_FORK_CONTAINERIZED/eufs-f1-sim/ws/install/eufs_msgs/include/eufs_msgs/eufs_msgs/msg/detail/cone_array__rosidl_typesupport_fastrtps_c.h
-- Installing: /home/gera/Desktop/EUFS_FORK_CONTAINERIZED/eufs-f1-sim/ws/install/eufs_msgs/include/eufs_msgs/eufs_msgs/msg/detail/node_state_array__rosidl_typesupport_fastrtps_c.h
-- Installing: /home/gera/Desktop/EUFS_FORK_CONTAINERIZED/eufs-f1-sim/ws/install/eufs_msgs/include/eufs_msgs/eufs_msgs/msg/detail/cone_array_with_covariance__rosidl_typesupport_fastrtps_c.h
-- Installing: /home/gera/Desktop/EUFS_FORK_CONTAINERIZED/eufs-f1-sim/ws/install/eufs_msgs/include/eufs_msgs/eufs_msgs/msg/detail/cone_with_covariance__rosidl_typesupport_fastrtps_c.h
-- Installing: /home/gera/Desktop/EUFS_FORK_CONTAINERIZED/eufs-f1-sim/ws/install/eufs_msgs/include/eufs_msgs/eufs_msgs/msg/detail/vehicle_commands_stamped__rosidl_typesupport_fastrtps_c.h
-- Installing: /home/gera/Desktop/EUFS_FORK_CONTAINERIZED/eufs-f1-sim/ws/install/eufs_msgs/include/eufs_msgs/eufs_msgs/msg/detail/system_status__rosidl_typesupport_fastrtps_c.h
-- Installing: /home/gera/Desktop/EUFS_FORK_CONTAINERIZED/eufs-f1-sim/ws/install/eufs_msgs/include/eufs_msgs/eufs_msgs/msg/detail/chassis_command__rosidl_typesupport_fastrtps_c.h
-- Installing: /home/gera/Desktop/EUFS_FORK_CONTAINERIZED/eufs-f1-sim/ws/install/eufs_msgs/include/eufs_msgs/eufs_msgs/msg/detail/lap_stats__rosidl_typesupport_fastrtps_c.h
-- Installing: /home/gera/Desktop/EUFS_FORK_CONTAINERIZED/eufs-f1-sim/ws/install/eufs_msgs/include/eufs_msgs/eufs_msgs/msg/detail/path_integral_status__rosidl_typesupport_fastrtps_c.h
-- Installing: /home/gera/Desktop/EUFS_FORK_CONTAINERIZED/eufs-f1-sim/ws/install/eufs_msgs/include/eufs_msgs/eufs_msgs/msg/detail/cone_association_array__rosidl_typesupport_fastrtps_c.h
-- Installing: /home/gera/Desktop/EUFS_FORK_CONTAINERIZED/eufs-f1-sim/ws/install/eufs_msgs/include/eufs_msgs/eufs_msgs/msg/detail/cone_with_color_probability__rosidl_typesupport_fastrtps_c.h
-- Installing: /home/gera/Desktop/EUFS_FORK_CONTAINERIZED/eufs-f1-sim/ws/install/eufs_msgs/include/eufs_msgs/eufs_msgs/msg/detail/ekf_state__rosidl_typesupport_fastrtps_c.h
-- Installing: /home/gera/Desktop/EUFS_FORK_CONTAINERIZED/eufs-f1-sim/ws/install/eufs_msgs/include/eufs_msgs/eufs_msgs/msg/detail/cpu_status__rosidl_typesupport_fastrtps_c.h
-- Installing: /home/gera/Desktop/EUFS_FORK_CONTAINERIZED/eufs-f1-sim/ws/install/eufs_msgs/include/eufs_msgs/eufs_msgs/msg/detail/state_machine_state__rosidl_typesupport_fastrtps_c.h
-- Installing: /home/gera/Desktop/EUFS_FORK_CONTAINERIZED/eufs-f1-sim/ws/install/eufs_msgs/include/eufs_msgs/eufs_msgs/msg/detail/path_integral_stats__rosidl_typesupport_fastrtps_c.h
-- Installing: /home/gera/Desktop/EUFS_FORK_CONTAINERIZED/eufs-f1-sim/ws/install/eufs_msgs/include/eufs_msgs/eufs_msgs/msg/detail/slam_state__rosidl_typesupport_fastrtps_c.h
-- Installing: /home/gera/Desktop/EUFS_FORK_CONTAINERIZED/eufs-f1-sim/ws/install/eufs_msgs/include/eufs_msgs/eufs_msgs/msg/detail/topic_status__rosidl_typesupport_fastrtps_c.h
-- Installing: /home/gera/Desktop/EUFS_FORK_CONTAINERIZED/eufs-f1-sim/ws/install/eufs_msgs/include/eufs_msgs/eufs_msgs/msg/detail/can_state__rosidl_typesupport_fastrtps_c.h
-- Installing: /home/gera/Desktop/EUFS_FORK_CONTAINERIZED/eufs-f1-sim/ws/install/eufs_msgs/include/eufs_msgs/eufs_msgs/msg/detail/particle__rosidl_typesupport_fastrtps_c.h
-- Installing: /home/gera/Desktop/EUFS_FORK_CONTAINERIZED/eufs-f1-sim/ws/install/eufs_msgs/include/eufs_msgs/eufs_msgs/msg/detail/costmap__rosidl_typesupport_fastrtps_c.h
-- Installing: /home/gera/Desktop/EUFS_FORK_CONTAINERIZED/eufs-f1-sim/ws/install/eufs_msgs/include/eufs_msgs/eufs_msgs/msg/detail/chassis_state__rosidl_typesupport_fastrtps_c.h
-- Installing: /home/gera/Desktop/EUFS_FORK_CONTAINERIZED/eufs-f1-sim/ws/install/eufs_msgs/lib/libeufs_msgs__rosidl_typesupport_fastrtps_c.so
-- Set runtime path of "/home/gera/Desktop/EUFS_FORK_CONTAINERIZED/eufs-f1-sim/ws/install/eufs_msgs/lib/libeufs_msgs__rosidl_typesupport_fastrtps_c.so" to ""
-- Up-to-date: /home/gera/Desktop/EUFS_FORK_CONTAINERIZED/eufs-f1-sim/ws/install/eufs_msgs/include/eufs_msgs/eufs_msgs
-- Up-to-date: /home/gera/Desktop/EUFS_FORK_CONTAINERIZED/eufs-f1-sim/ws/install/eufs_msgs/include/eufs_msgs/eufs_msgs/action
-- Up-to-date: /home/gera/Desktop/EUFS_FORK_CONTAINERIZED/eufs-f1-sim/ws/install/eufs_msgs/include/eufs_msgs/eufs_msgs/action/detail
-- Installing: /home/gera/Desktop/EUFS_FORK_CONTAINERIZED/eufs-f1-sim/ws/install/eufs_msgs/include/eufs_msgs/eufs_msgs/action/detail/check_for_objects__type_support.c
-- Installing: /home/gera/Desktop/EUFS_FORK_CONTAINERIZED/eufs-f1-sim/ws/install/eufs_msgs/include/eufs_msgs/eufs_msgs/action/detail/check_for_objects__rosidl_typesupport_introspection_c.h
-- Up-to-date: /home/gera/Desktop/EUFS_FORK_CONTAINERIZED/eufs-f1-sim/ws/install/eufs_msgs/include/eufs_msgs/eufs_msgs/srv
-- Up-to-date: /home/gera/Desktop/EUFS_FORK_CONTAINERIZED/eufs-f1-sim/ws/install/eufs_msgs/include/eufs_msgs/eufs_msgs/srv/detail
-- Installing: /home/gera/Desktop/EUFS_FORK_CONTAINERIZED/eufs-f1-sim/ws/install/eufs_msgs/include/eufs_msgs/eufs_msgs/srv/detail/set_can_state__type_support.c
-- Installing: /home/gera/Desktop/EUFS_FORK_CONTAINERIZED/eufs-f1-sim/ws/install/eufs_msgs/include/eufs_msgs/eufs_msgs/srv/detail/set_mission__type_support.c
-- Installing: /home/gera/Desktop/EUFS_FORK_CONTAINERIZED/eufs-f1-sim/ws/install/eufs_msgs/include/eufs_msgs/eufs_msgs/srv/detail/set_mission__rosidl_typesupport_introspection_c.h
-- Installing: /home/gera/Desktop/EUFS_FORK_CONTAINERIZED/eufs-f1-sim/ws/install/eufs_msgs/include/eufs_msgs/eufs_msgs/srv/detail/set_can_state__rosidl_typesupport_introspection_c.h
-- Installing: /home/gera/Desktop/EUFS_FORK_CONTAINERIZED/eufs-f1-sim/ws/install/eufs_msgs/include/eufs_msgs/eufs_msgs/srv/detail/set_string__rosidl_typesupport_introspection_c.h
-- Installing: /home/gera/Desktop/EUFS_FORK_CONTAINERIZED/eufs-f1-sim/ws/install/eufs_msgs/include/eufs_msgs/eufs_msgs/srv/detail/get_map__rosidl_typesupport_introspection_c.h
-- Installing: /home/gera/Desktop/EUFS_FORK_CONTAINERIZED/eufs-f1-sim/ws/install/eufs_msgs/include/eufs_msgs/eufs_msgs/srv/detail/register__rosidl_typesupport_introspection_c.h
-- Installing: /home/gera/Desktop/EUFS_FORK_CONTAINERIZED/eufs-f1-sim/ws/install/eufs_msgs/include/eufs_msgs/eufs_msgs/srv/detail/set_track__rosidl_typesupport_introspection_c.h
-- Installing: /home/gera/Desktop/EUFS_FORK_CONTAINERIZED/eufs-f1-sim/ws/install/eufs_msgs/include/eufs_msgs/eufs_msgs/srv/detail/set_string__type_support.c
-- Installing: /home/gera/Desktop/EUFS_FORK_CONTAINERIZED/eufs-f1-sim/ws/install/eufs_msgs/include/eufs_msgs/eufs_msgs/srv/detail/record_start__type_support.c
-- Installing: /home/gera/Desktop/EUFS_FORK_CONTAINERIZED/eufs-f1-sim/ws/install/eufs_msgs/include/eufs_msgs/eufs_msgs/srv/detail/get_map__type_support.c
-- Installing: /home/gera/Desktop/EUFS_FORK_CONTAINERIZED/eufs-f1-sim/ws/install/eufs_msgs/include/eufs_msgs/eufs_msgs/srv/detail/record_stop__type_support.c
-- Installing: /home/gera/Desktop/EUFS_FORK_CONTAINERIZED/eufs-f1-sim/ws/install/eufs_msgs/include/eufs_msgs/eufs_msgs/srv/detail/record_stop__rosidl_typesupport_introspection_c.h
-- Installing: /home/gera/Desktop/EUFS_FORK_CONTAINERIZED/eufs-f1-sim/ws/install/eufs_msgs/include/eufs_msgs/eufs_msgs/srv/detail/register__type_support.c
-- Installing: /home/gera/Desktop/EUFS_FORK_CONTAINERIZED/eufs-f1-sim/ws/install/eufs_msgs/include/eufs_msgs/eufs_msgs/srv/detail/set_track__type_support.c
-- Installing: /home/gera/Desktop/EUFS_FORK_CONTAINERIZED/eufs-f1-sim/ws/install/eufs_msgs/include/eufs_msgs/eufs_msgs/srv/detail/record_start__rosidl_typesupport_introspection_c.h
-- Up-to-date: /home/gera/Desktop/EUFS_FORK_CONTAINERIZED/eufs-f1-sim/ws/install/eufs_msgs/include/eufs_msgs/eufs_msgs/msg
-- Up-to-date: /home/gera/Desktop/EUFS_FORK_CONTAINERIZED/eufs-f1-sim/ws/install/eufs_msgs/include/eufs_msgs/eufs_msgs/msg/detail
-- Installing: /home/gera/Desktop/EUFS_FORK_CONTAINERIZED/eufs-f1-sim/ws/install/eufs_msgs/include/eufs_msgs/eufs_msgs/msg/detail/wheel_speeds_stamped__type_support.c
-- Installing: /home/gera/Desktop/EUFS_FORK_CONTAINERIZED/eufs-f1-sim/ws/install/eufs_msgs/include/eufs_msgs/eufs_msgs/msg/detail/path_integral_status__rosidl_typesupport_introspection_c.h
-- Installing: /home/gera/Desktop/EUFS_FORK_CONTAINERIZED/eufs-f1-sim/ws/install/eufs_msgs/include/eufs_msgs/eufs_msgs/msg/detail/cone_association__rosidl_typesupport_introspection_c.h
-- Installing: /home/gera/Desktop/EUFS_FORK_CONTAINERIZED/eufs-f1-sim/ws/install/eufs_msgs/include/eufs_msgs/eufs_msgs/msg/detail/wheel_speeds_stamped__rosidl_typesupport_introspection_c.h
-- Installing: /home/gera/Desktop/EUFS_FORK_CONTAINERIZED/eufs-f1-sim/ws/install/eufs_msgs/include/eufs_msgs/eufs_msgs/msg/detail/point_array_stamped__type_support.c
-- Installing: /home/gera/Desktop/EUFS_FORK_CONTAINERIZED/eufs-f1-sim/ws/install/eufs_msgs/include/eufs_msgs/eufs_msgs/msg/detail/slam_state__type_support.c
-- Installing: /home/gera/Desktop/EUFS_FORK_CONTAINERIZED/eufs-f1-sim/ws/install/eufs_msgs/include/eufs_msgs/eufs_msgs/msg/detail/mpc_state__type_support.c
-- Installing: /home/gera/Desktop/EUFS_FORK_CONTAINERIZED/eufs-f1-sim/ws/install/eufs_msgs/include/eufs_msgs/eufs_msgs/msg/detail/cpu_status__rosidl_typesupport_introspection_c.h
-- Installing: /home/gera/Desktop/EUFS_FORK_CONTAINERIZED/eufs-f1-sim/ws/install/eufs_msgs/include/eufs_msgs/eufs_msgs/msg/detail/cone_with_color_probability__rosidl_typesupport_introspection_c.h
-- Installing: /home/gera/Desktop/EUFS_FORK_CONTAINERIZED/eufs-f1-sim/ws/install/eufs_msgs/include/eufs_msgs/eufs_msgs/msg/detail/particle_slam_stamped__rosidl_typesupport_introspection_c.h
-- Installing: /home/gera/Desktop/EUFS_FORK_CONTAINERIZED/eufs-f1-sim/ws/install/eufs_msgs/include/eufs_msgs/eufs_msgs/msg/detail/ekf_err__type_support.c
-- Installing: /home/gera/Desktop/EUFS_FORK_CONTAINERIZED/eufs-f1-sim/ws/install/eufs_msgs/include/eufs_msgs/eufs_msgs/msg/detail/node_state_array__type_support.c
-- Installing: /home/gera/Desktop/EUFS_FORK_CONTAINERIZED/eufs-f1-sim/ws/install/eufs_msgs/include/eufs_msgs/eufs_msgs/msg/detail/point_array_stamped__rosidl_typesupport_introspection_c.h
-- Installing: /home/gera/Desktop/EUFS_FORK_CONTAINERIZED/eufs-f1-sim/ws/install/eufs_msgs/include/eufs_msgs/eufs_msgs/msg/detail/cone_association_array_array_stamped__rosidl_typesupport_introspection_c.h
-- Installing: /home/gera/Desktop/EUFS_FORK_CONTAINERIZED/eufs-f1-sim/ws/install/eufs_msgs/include/eufs_msgs/eufs_msgs/msg/detail/ekf_err__rosidl_typesupport_introspection_c.h
-- Installing: /home/gera/Desktop/EUFS_FORK_CONTAINERIZED/eufs-f1-sim/ws/install/eufs_msgs/include/eufs_msgs/eufs_msgs/msg/detail/car_state__type_support.c
-- Installing: /home/gera/Desktop/EUFS_FORK_CONTAINERIZED/eufs-f1-sim/ws/install/eufs_msgs/include/eufs_msgs/eufs_msgs/msg/detail/pure_pursuit_checkpoint_array_stamped__type_support.c
-- Installing: /home/gera/Desktop/EUFS_FORK_CONTAINERIZED/eufs-f1-sim/ws/install/eufs_msgs/include/eufs_msgs/eufs_msgs/msg/detail/cone_array__rosidl_typesupport_introspection_c.h
-- Installing: /home/gera/Desktop/EUFS_FORK_CONTAINERIZED/eufs-f1-sim/ws/install/eufs_msgs/include/eufs_msgs/eufs_msgs/msg/detail/oss__rosidl_typesupport_introspection_c.h
-- Installing: /home/gera/Desktop/EUFS_FORK_CONTAINERIZED/eufs-f1-sim/ws/install/eufs_msgs/include/eufs_msgs/eufs_msgs/msg/detail/pure_pursuit_checkpoint__type_support.c
-- Installing: /home/gera/Desktop/EUFS_FORK_CONTAINERIZED/eufs-f1-sim/ws/install/eufs_msgs/include/eufs_msgs/eufs_msgs/msg/detail/cpu_status__type_support.c
-- Installing: /home/gera/Desktop/EUFS_FORK_CONTAINERIZED/eufs-f1-sim/ws/install/eufs_msgs/include/eufs_msgs/eufs_msgs/msg/detail/bounding_box__type_support.c
-- Installing: /home/gera/Desktop/EUFS_FORK_CONTAINERIZED/eufs-f1-sim/ws/install/eufs_msgs/include/eufs_msgs/eufs_msgs/msg/detail/particle__type_support.c
-- Installing: /home/gera/Desktop/EUFS_FORK_CONTAINERIZED/eufs-f1-sim/ws/install/eufs_msgs/include/eufs_msgs/eufs_msgs/msg/detail/point_array__rosidl_typesupport_introspection_c.h
-- Installing: /home/gera/Desktop/EUFS_FORK_CONTAINERIZED/eufs-f1-sim/ws/install/eufs_msgs/include/eufs_msgs/eufs_msgs/msg/detail/vehicle_commands__type_support.c
-- Installing: /home/gera/Desktop/EUFS_FORK_CONTAINERIZED/eufs-f1-sim/ws/install/eufs_msgs/include/eufs_msgs/eufs_msgs/msg/detail/integration_err__type_support.c
-- Installing: /home/gera/Desktop/EUFS_FORK_CONTAINERIZED/eufs-f1-sim/ws/install/eufs_msgs/include/eufs_msgs/eufs_msgs/msg/detail/lap_stats__rosidl_typesupport_introspection_c.h
-- Installing: /home/gera/Desktop/EUFS_FORK_CONTAINERIZED/eufs-f1-sim/ws/install/eufs_msgs/include/eufs_msgs/eufs_msgs/msg/detail/can_state__rosidl_typesupport_introspection_c.h
-- Installing: /home/gera/Desktop/EUFS_FORK_CONTAINERIZED/eufs-f1-sim/ws/install/eufs_msgs/include/eufs_msgs/eufs_msgs/msg/detail/stereo_image__rosidl_typesupport_introspection_c.h
-- Installing: /home/gera/Desktop/EUFS_FORK_CONTAINERIZED/eufs-f1-sim/ws/install/eufs_msgs/include/eufs_msgs/eufs_msgs/msg/detail/cone_with_color_probability__type_support.c
-- Installing: /home/gera/Desktop/EUFS_FORK_CONTAINERIZED/eufs-f1-sim/ws/install/eufs_msgs/include/eufs_msgs/eufs_msgs/msg/detail/wheel_odometry_err__type_support.c
-- Installing: /home/gera/Desktop/EUFS_FORK_CONTAINERIZED/eufs-f1-sim/ws/install/eufs_msgs/include/eufs_msgs/eufs_msgs/msg/detail/cone_array_with_covariance__type_support.c
-- Installing: /home/gera/Desktop/EUFS_FORK_CONTAINERIZED/eufs-f1-sim/ws/install/eufs_msgs/include/eufs_msgs/eufs_msgs/msg/detail/runstop__rosidl_typesupport_introspection_c.h
-- Installing: /home/gera/Desktop/EUFS_FORK_CONTAINERIZED/eufs-f1-sim/ws/install/eufs_msgs/include/eufs_msgs/eufs_msgs/msg/detail/bounding_boxes__type_support.c
-- Installing: /home/gera/Desktop/EUFS_FORK_CONTAINERIZED/eufs-f1-sim/ws/install/eufs_msgs/include/eufs_msgs/eufs_msgs/msg/detail/particle_stamped__rosidl_typesupport_introspection_c.h
-- Installing: /home/gera/Desktop/EUFS_FORK_CONTAINERIZED/eufs-f1-sim/ws/install/eufs_msgs/include/eufs_msgs/eufs_msgs/msg/detail/cone_array__type_support.c
-- Installing: /home/gera/Desktop/EUFS_FORK_CONTAINERIZED/eufs-f1-sim/ws/install/eufs_msgs/include/eufs_msgs/eufs_msgs/msg/detail/particle_slam_stamped__type_support.c
-- Installing: /home/gera/Desktop/EUFS_FORK_CONTAINERIZED/eufs-f1-sim/ws/install/eufs_msgs/include/eufs_msgs/eufs_msgs/msg/detail/path_integral_timing__type_support.c
-- Installing: /home/gera/Desktop/EUFS_FORK_CONTAINERIZED/eufs-f1-sim/ws/install/eufs_msgs/include/eufs_msgs/eufs_msgs/msg/detail/cone_association_array__rosidl_typesupport_introspection_c.h
-- Installing: /home/gera/Desktop/EUFS_FORK_CONTAINERIZED/eufs-f1-sim/ws/install/eufs_msgs/include/eufs_msgs/eufs_msgs/msg/detail/cpu_usage__rosidl_typesupport_introspection_c.h
-- Installing: /home/gera/Desktop/EUFS_FORK_CONTAINERIZED/eufs-f1-sim/ws/install/eufs_msgs/include/eufs_msgs/eufs_msgs/msg/detail/particle__rosidl_typesupport_introspection_c.h
-- Installing: /home/gera/Desktop/EUFS_FORK_CONTAINERIZED/eufs-f1-sim/ws/install/eufs_msgs/include/eufs_msgs/eufs_msgs/msg/detail/cone_array_with_covariance__rosidl_typesupport_introspection_c.h
-- Installing: /home/gera/Desktop/EUFS_FORK_CONTAINERIZED/eufs-f1-sim/ws/install/eufs_msgs/include/eufs_msgs/eufs_msgs/msg/detail/runstop__type_support.c
-- Installing: /home/gera/Desktop/EUFS_FORK_CONTAINERIZED/eufs-f1-sim/ws/install/eufs_msgs/include/eufs_msgs/eufs_msgs/msg/detail/ekf_state__rosidl_typesupport_introspection_c.h
-- Installing: /home/gera/Desktop/EUFS_FORK_CONTAINERIZED/eufs-f1-sim/ws/install/eufs_msgs/include/eufs_msgs/eufs_msgs/msg/detail/particle_slam__rosidl_typesupport_introspection_c.h
-- Installing: /home/gera/Desktop/EUFS_FORK_CONTAINERIZED/eufs-f1-sim/ws/install/eufs_msgs/include/eufs_msgs/eufs_msgs/msg/detail/pure_pursuit_checkpoint__rosidl_typesupport_introspection_c.h
-- Installing: /home/gera/Desktop/EUFS_FORK_CONTAINERIZED/eufs-f1-sim/ws/install/eufs_msgs/include/eufs_msgs/eufs_msgs/msg/detail/integration_err__rosidl_typesupport_introspection_c.h
-- Installing: /home/gera/Desktop/EUFS_FORK_CONTAINERIZED/eufs-f1-sim/ws/install/eufs_msgs/include/eufs_msgs/eufs_msgs/msg/detail/planning_mode__rosidl_typesupport_introspection_c.h
-- Installing: /home/gera/Desktop/EUFS_FORK_CONTAINERIZED/eufs-f1-sim/ws/install/eufs_msgs/include/eufs_msgs/eufs_msgs/msg/detail/mpc_state__rosidl_typesupport_introspection_c.h
-- Installing: /home/gera/Desktop/EUFS_FORK_CONTAINERIZED/eufs-f1-sim/ws/install/eufs_msgs/include/eufs_msgs/eufs_msgs/msg/detail/wheel_speeds__type_support.c
-- Installing: /home/gera/Desktop/EUFS_FORK_CONTAINERIZED/eufs-f1-sim/ws/install/eufs_msgs/include/eufs_msgs/eufs_msgs/msg/detail/costmap__rosidl_typesupport_introspection_c.h
-- Installing: /home/gera/Desktop/EUFS_FORK_CONTAINERIZED/eufs-f1-sim/ws/install/eufs_msgs/include/eufs_msgs/eufs_msgs/msg/detail/wheel_speeds__rosidl_typesupport_introspection_c.h
-- Installing: /home/gera/Desktop/EUFS_FORK_CONTAINERIZED/eufs-f1-sim/ws/install/eufs_msgs/include/eufs_msgs/eufs_msgs/msg/detail/heartbeat__rosidl_typesupport_introspection_c.h
-- Installing: /home/gera/Desktop/EUFS_FORK_CONTAINERIZED/eufs-f1-sim/ws/install/eufs_msgs/include/eufs_msgs/eufs_msgs/msg/detail/path_integral_params__type_support.c
-- Installing: /home/gera/Desktop/EUFS_FORK_CONTAINERIZED/eufs-f1-sim/ws/install/eufs_msgs/include/eufs_msgs/eufs_msgs/msg/detail/lap_stats__type_support.c
-- Installing: /home/gera/Desktop/EUFS_FORK_CONTAINERIZED/eufs-f1-sim/ws/install/eufs_msgs/include/eufs_msgs/eufs_msgs/msg/detail/cone_with_covariance__type_support.c
-- Installing: /home/gera/Desktop/EUFS_FORK_CONTAINERIZED/eufs-f1-sim/ws/install/eufs_msgs/include/eufs_msgs/eufs_msgs/msg/detail/topic_status__type_support.c
-- Installing: /home/gera/Desktop/EUFS_FORK_CONTAINERIZED/eufs-f1-sim/ws/install/eufs_msgs/include/eufs_msgs/eufs_msgs/msg/detail/cpu_usage__type_support.c
-- Installing: /home/gera/Desktop/EUFS_FORK_CONTAINERIZED/eufs-f1-sim/ws/install/eufs_msgs/include/eufs_msgs/eufs_msgs/msg/detail/cone_association_array_stamped__type_support.c
-- Installing: /home/gera/Desktop/EUFS_FORK_CONTAINERIZED/eufs-f1-sim/ws/install/eufs_msgs/include/eufs_msgs/eufs_msgs/msg/detail/costmap__type_support.c
-- Installing: /home/gera/Desktop/EUFS_FORK_CONTAINERIZED/eufs-f1-sim/ws/install/eufs_msgs/include/eufs_msgs/eufs_msgs/msg/detail/oss__type_support.c
-- Installing: /home/gera/Desktop/EUFS_FORK_CONTAINERIZED/eufs-f1-sim/ws/install/eufs_msgs/include/eufs_msgs/eufs_msgs/msg/detail/state_machine_state__type_support.c
-- Installing: /home/gera/Desktop/EUFS_FORK_CONTAINERIZED/eufs-f1-sim/ws/install/eufs_msgs/include/eufs_msgs/eufs_msgs/msg/detail/waypoint_array_stamped__type_support.c
-- Installing: /home/gera/Desktop/EUFS_FORK_CONTAINERIZED/eufs-f1-sim/ws/install/eufs_msgs/include/eufs_msgs/eufs_msgs/msg/detail/car_forces__type_support.c
-- Installing: /home/gera/Desktop/EUFS_FORK_CONTAINERIZED/eufs-f1-sim/ws/install/eufs_msgs/include/eufs_msgs/eufs_msgs/msg/detail/bounding_box__rosidl_typesupport_introspection_c.h
-- Installing: /home/gera/Desktop/EUFS_FORK_CONTAINERIZED/eufs-f1-sim/ws/install/eufs_msgs/include/eufs_msgs/eufs_msgs/msg/detail/car_state__rosidl_typesupport_introspection_c.h
-- Installing: /home/gera/Desktop/EUFS_FORK_CONTAINERIZED/eufs-f1-sim/ws/install/eufs_msgs/include/eufs_msgs/eufs_msgs/msg/detail/path_integral_status__type_support.c
-- Installing: /home/gera/Desktop/EUFS_FORK_CONTAINERIZED/eufs-f1-sim/ws/install/eufs_msgs/include/eufs_msgs/eufs_msgs/msg/detail/topic_status__rosidl_typesupport_introspection_c.h
-- Installing: /home/gera/Desktop/EUFS_FORK_CONTAINERIZED/eufs-f1-sim/ws/install/eufs_msgs/include/eufs_msgs/eufs_msgs/msg/detail/vehicle_commands_stamped__type_support.c
-- Installing: /home/gera/Desktop/EUFS_FORK_CONTAINERIZED/eufs-f1-sim/ws/install/eufs_msgs/include/eufs_msgs/eufs_msgs/msg/detail/system_status__type_support.c
-- Installing: /home/gera/Desktop/EUFS_FORK_CONTAINERIZED/eufs-f1-sim/ws/install/eufs_msgs/include/eufs_msgs/eufs_msgs/msg/detail/bounding_boxes__rosidl_typesupport_introspection_c.h
-- Installing: /home/gera/Desktop/EUFS_FORK_CONTAINERIZED/eufs-f1-sim/ws/install/eufs_msgs/include/eufs_msgs/eufs_msgs/msg/detail/wheel_odometry_err__rosidl_typesupport_introspection_c.h
-- Installing: /home/gera/Desktop/EUFS_FORK_CONTAINERIZED/eufs-f1-sim/ws/install/eufs_msgs/include/eufs_msgs/eufs_msgs/msg/detail/waypoint__rosidl_typesupport_introspection_c.h
-- Installing: /home/gera/Desktop/EUFS_FORK_CONTAINERIZED/eufs-f1-sim/ws/install/eufs_msgs/include/eufs_msgs/eufs_msgs/msg/detail/point_array__type_support.c
-- Installing: /home/gera/Desktop/EUFS_FORK_CONTAINERIZED/eufs-f1-sim/ws/install/eufs_msgs/include/eufs_msgs/eufs_msgs/msg/detail/can_state__type_support.c
-- Installing: /home/gera/Desktop/EUFS_FORK_CONTAINERIZED/eufs-f1-sim/ws/install/eufs_msgs/include/eufs_msgs/eufs_msgs/msg/detail/waypoint__type_support.c
-- Installing: /home/gera/Desktop/EUFS_FORK_CONTAINERIZED/eufs-f1-sim/ws/install/eufs_msgs/include/eufs_msgs/eufs_msgs/msg/detail/chassis_state__rosidl_typesupport_introspection_c.h
-- Installing: /home/gera/Desktop/EUFS_FORK_CONTAINERIZED/eufs-f1-sim/ws/install/eufs_msgs/include/eufs_msgs/eufs_msgs/msg/detail/cone_association_array__type_support.c
-- Installing: /home/gera/Desktop/EUFS_FORK_CONTAINERIZED/eufs-f1-sim/ws/install/eufs_msgs/include/eufs_msgs/eufs_msgs/msg/detail/cone_association__type_support.c
-- Installing: /home/gera/Desktop/EUFS_FORK_CONTAINERIZED/eufs-f1-sim/ws/install/eufs_msgs/include/eufs_msgs/eufs_msgs/msg/detail/path_integral_params__rosidl_typesupport_introspection_c.h
-- Installing: /home/gera/Desktop/EUFS_FORK_CONTAINERIZED/eufs-f1-sim/ws/install/eufs_msgs/include/eufs_msgs/eufs_msgs/msg/detail/slam_err__type_support.c
-- Installing: /home/gera/Desktop/EUFS_FORK_CONTAINERIZED/eufs-f1-sim/ws/install/eufs_msgs/include/eufs_msgs/eufs_msgs/msg/detail/car_forces__rosidl_typesupport_introspection_c.h
-- Installing: /home/gera/Desktop/EUFS_FORK_CONTAINERIZED/eufs-f1-sim/ws/install/eufs_msgs/include/eufs_msgs/eufs_msgs/msg/detail/vehicle_commands__rosidl_typesupport_introspection_c.h
-- Installing: /home/gera/Desktop/EUFS_FORK_CONTAINERIZED/eufs-f1-sim/ws/install/eufs_msgs/include/eufs_msgs/eufs_msgs/msg/detail/node_state__type_support.c
-- Installing: /home/gera/Desktop/EUFS_FORK_CONTAINERIZED/eufs-f1-sim/ws/install/eufs_msgs/include/eufs_msgs/eufs_msgs/msg/detail/path_integral_stats__rosidl_typesupport_introspection_c.h
-- Installing: /home/gera/Desktop/EUFS_FORK_CONTAINERIZED/eufs-f1-sim/ws/install/eufs_msgs/include/eufs_msgs/eufs_msgs/msg/detail/chassis_command__rosidl_typesupport_introspection_c.h
-- Installing: /home/gera/Desktop/EUFS_FORK_CONTAINERIZED/eufs-f1-sim/ws/install/eufs_msgs/include/eufs_msgs/eufs_msgs/msg/detail/particle_slam__type_support.c
-- Installing: /home/gera/Desktop/EUFS_FORK_CONTAINERIZED/eufs-f1-sim/ws/install/eufs_msgs/include/eufs_msgs/eufs_msgs/msg/detail/full_state__rosidl_typesupport_introspection_c.h
-- Installing: /home/gera/Desktop/EUFS_FORK_CONTAINERIZED/eufs-f1-sim/ws/install/eufs_msgs/include/eufs_msgs/eufs_msgs/msg/detail/system_status__rosidl_typesupport_introspection_c.h
-- Installing: /home/gera/Desktop/EUFS_FORK_CONTAINERIZED/eufs-f1-sim/ws/install/eufs_msgs/include/eufs_msgs/eufs_msgs/msg/detail/state_machine_state__rosidl_typesupport_introspection_c.h
-- Installing: /home/gera/Desktop/EUFS_FORK_CONTAINERIZED/eufs-f1-sim/ws/install/eufs_msgs/include/eufs_msgs/eufs_msgs/msg/detail/pure_pursuit_checkpoint_array_stamped__rosidl_typesupport_introspection_c.h
-- Installing: /home/gera/Desktop/EUFS_FORK_CONTAINERIZED/eufs-f1-sim/ws/install/eufs_msgs/include/eufs_msgs/eufs_msgs/msg/detail/stereo_image__type_support.c
-- Installing: /home/gera/Desktop/EUFS_FORK_CONTAINERIZED/eufs-f1-sim/ws/install/eufs_msgs/include/eufs_msgs/eufs_msgs/msg/detail/cone_with_color_probability_array__type_support.c
-- Installing: /home/gera/Desktop/EUFS_FORK_CONTAINERIZED/eufs-f1-sim/ws/install/eufs_msgs/include/eufs_msgs/eufs_msgs/msg/detail/node_state_array__rosidl_typesupport_introspection_c.h
-- Installing: /home/gera/Desktop/EUFS_FORK_CONTAINERIZED/eufs-f1-sim/ws/install/eufs_msgs/include/eufs_msgs/eufs_msgs/msg/detail/vehicle_commands_stamped__rosidl_typesupport_introspection_c.h
-- Installing: /home/gera/Desktop/EUFS_FORK_CONTAINERIZED/eufs-f1-sim/ws/install/eufs_msgs/include/eufs_msgs/eufs_msgs/msg/detail/slam_state__rosidl_typesupport_introspection_c.h
-- Installing: /home/gera/Desktop/EUFS_FORK_CONTAINERIZED/eufs-f1-sim/ws/install/eufs_msgs/include/eufs_msgs/eufs_msgs/msg/detail/waypoint_array_stamped__rosidl_typesupport_introspection_c.h
-- Installing: /home/gera/Desktop/EUFS_FORK_CONTAINERIZED/eufs-f1-sim/ws/install/eufs_msgs/include/eufs_msgs/eufs_msgs/msg/detail/heartbeat__type_support.c
-- Installing: /home/gera/Desktop/EUFS_FORK_CONTAINERIZED/eufs-f1-sim/ws/install/eufs_msgs/include/eufs_msgs/eufs_msgs/msg/detail/slam_err__rosidl_typesupport_introspection_c.h
-- Installing: /home/gera/Desktop/EUFS_FORK_CONTAINERIZED/eufs-f1-sim/ws/install/eufs_msgs/include/eufs_msgs/eufs_msgs/msg/detail/full_state__type_support.c
-- Installing: /home/gera/Desktop/EUFS_FORK_CONTAINERIZED/eufs-f1-sim/ws/install/eufs_msgs/include/eufs_msgs/eufs_msgs/msg/detail/path_integral_stats__type_support.c
-- Installing: /home/gera/Desktop/EUFS_FORK_CONTAINERIZED/eufs-f1-sim/ws/install/eufs_msgs/include/eufs_msgs/eufs_msgs/msg/detail/ekf_state__type_support.c
-- Installing: /home/gera/Desktop/EUFS_FORK_CONTAINERIZED/eufs-f1-sim/ws/install/eufs_msgs/include/eufs_msgs/eufs_msgs/msg/detail/cone_with_covariance__rosidl_typesupport_introspection_c.h
-- Installing: /home/gera/Desktop/EUFS_FORK_CONTAINERIZED/eufs-f1-sim/ws/install/eufs_msgs/include/eufs_msgs/eufs_msgs/msg/detail/cone_with_color_probability_array__rosidl_typesupport_introspection_c.h
-- Installing: /home/gera/Desktop/EUFS_FORK_CONTAINERIZED/eufs-f1-sim/ws/install/eufs_msgs/include/eufs_msgs/eufs_msgs/msg/detail/path_integral_timing__rosidl_typesupport_introspection_c.h
-- Installing: /home/gera/Desktop/EUFS_FORK_CONTAINERIZED/eufs-f1-sim/ws/install/eufs_msgs/include/eufs_msgs/eufs_msgs/msg/detail/cone_association_array_stamped__rosidl_typesupport_introspection_c.h
-- Installing: /home/gera/Desktop/EUFS_FORK_CONTAINERIZED/eufs-f1-sim/ws/install/eufs_msgs/include/eufs_msgs/eufs_msgs/msg/detail/particle_stamped__type_support.c
-- Installing: /home/gera/Desktop/EUFS_FORK_CONTAINERIZED/eufs-f1-sim/ws/install/eufs_msgs/include/eufs_msgs/eufs_msgs/msg/detail/node_state__rosidl_typesupport_introspection_c.h
-- Installing: /home/gera/Desktop/EUFS_FORK_CONTAINERIZED/eufs-f1-sim/ws/install/eufs_msgs/include/eufs_msgs/eufs_msgs/msg/detail/planning_mode__type_support.c
-- Installing: /home/gera/Desktop/EUFS_FORK_CONTAINERIZED/eufs-f1-sim/ws/install/eufs_msgs/include/eufs_msgs/eufs_msgs/msg/detail/chassis_command__type_support.c
-- Installing: /home/gera/Desktop/EUFS_FORK_CONTAINERIZED/eufs-f1-sim/ws/install/eufs_msgs/include/eufs_msgs/eufs_msgs/msg/detail/chassis_state__type_support.c
-- Installing: /home/gera/Desktop/EUFS_FORK_CONTAINERIZED/eufs-f1-sim/ws/install/eufs_msgs/include/eufs_msgs/eufs_msgs/msg/detail/cone_association_array_array_stamped__type_support.c
-- Installing: /home/gera/Desktop/EUFS_FORK_CONTAINERIZED/eufs-f1-sim/ws/install/eufs_msgs/include/eufs_msgs/eufs_msgs/msg/rosidl_typesupport_introspection_c__visibility_control.h
-- Installing: /home/gera/Desktop/EUFS_FORK_CONTAINERIZED/eufs-f1-sim/ws/install/eufs_msgs/lib/libeufs_msgs__rosidl_typesupport_introspection_c.so
-- Set runtime path of "/home/gera/Desktop/EUFS_FORK_CONTAINERIZED/eufs-f1-sim/ws/install/eufs_msgs/lib/libeufs_msgs__rosidl_typesupport_introspection_c.so" to ""
-- Installing: /home/gera/Desktop/EUFS_FORK_CONTAINERIZED/eufs-f1-sim/ws/install/eufs_msgs/lib/libeufs_msgs__rosidl_typesupport_c.so
-- Set runtime path of "/home/gera/Desktop/EUFS_FORK_CONTAINERIZED/eufs-f1-sim/ws/install/eufs_msgs/lib/libeufs_msgs__rosidl_typesupport_c.so" to ""
-- Up-to-date: /home/gera/Desktop/EUFS_FORK_CONTAINERIZED/eufs-f1-sim/ws/install/eufs_msgs/include/eufs_msgs/eufs_msgs
-- Up-to-date: /home/gera/Desktop/EUFS_FORK_CONTAINERIZED/eufs-f1-sim/ws/install/eufs_msgs/include/eufs_msgs/eufs_msgs/action
-- Installing: /home/gera/Desktop/EUFS_FORK_CONTAINERIZED/eufs-f1-sim/ws/install/eufs_msgs/include/eufs_msgs/eufs_msgs/action/check_for_objects.hpp
-- Up-to-date: /home/gera/Desktop/EUFS_FORK_CONTAINERIZED/eufs-f1-sim/ws/install/eufs_msgs/include/eufs_msgs/eufs_msgs/action/detail
-- Installing: /home/gera/Desktop/EUFS_FORK_CONTAINERIZED/eufs-f1-sim/ws/install/eufs_msgs/include/eufs_msgs/eufs_msgs/action/detail/check_for_objects__type_support.hpp
-- Installing: /home/gera/Desktop/EUFS_FORK_CONTAINERIZED/eufs-f1-sim/ws/install/eufs_msgs/include/eufs_msgs/eufs_msgs/action/detail/check_for_objects__traits.hpp
-- Installing: /home/gera/Desktop/EUFS_FORK_CONTAINERIZED/eufs-f1-sim/ws/install/eufs_msgs/include/eufs_msgs/eufs_msgs/action/detail/check_for_objects__builder.hpp
-- Installing: /home/gera/Desktop/EUFS_FORK_CONTAINERIZED/eufs-f1-sim/ws/install/eufs_msgs/include/eufs_msgs/eufs_msgs/action/detail/check_for_objects__struct.hpp
-- Up-to-date: /home/gera/Desktop/EUFS_FORK_CONTAINERIZED/eufs-f1-sim/ws/install/eufs_msgs/include/eufs_msgs/eufs_msgs/srv
-- Installing: /home/gera/Desktop/EUFS_FORK_CONTAINERIZED/eufs-f1-sim/ws/install/eufs_msgs/include/eufs_msgs/eufs_msgs/srv/record_start.hpp
-- Installing: /home/gera/Desktop/EUFS_FORK_CONTAINERIZED/eufs-f1-sim/ws/install/eufs_msgs/include/eufs_msgs/eufs_msgs/srv/set_mission.hpp
-- Installing: /home/gera/Desktop/EUFS_FORK_CONTAINERIZED/eufs-f1-sim/ws/install/eufs_msgs/include/eufs_msgs/eufs_msgs/srv/set_can_state.hpp
-- Installing: /home/gera/Desktop/EUFS_FORK_CONTAINERIZED/eufs-f1-sim/ws/install/eufs_msgs/include/eufs_msgs/eufs_msgs/srv/record_stop.hpp
-- Up-to-date: /home/gera/Desktop/EUFS_FORK_CONTAINERIZED/eufs-f1-sim/ws/install/eufs_msgs/include/eufs_msgs/eufs_msgs/srv/detail
-- Installing: /home/gera/Desktop/EUFS_FORK_CONTAINERIZED/eufs-f1-sim/ws/install/eufs_msgs/include/eufs_msgs/eufs_msgs/srv/detail/record_start__traits.hpp
-- Installing: /home/gera/Desktop/EUFS_FORK_CONTAINERIZED/eufs-f1-sim/ws/install/eufs_msgs/include/eufs_msgs/eufs_msgs/srv/detail/register__builder.hpp
-- Installing: /home/gera/Desktop/EUFS_FORK_CONTAINERIZED/eufs-f1-sim/ws/install/eufs_msgs/include/eufs_msgs/eufs_msgs/srv/detail/get_map__type_support.hpp
-- Installing: /home/gera/Desktop/EUFS_FORK_CONTAINERIZED/eufs-f1-sim/ws/install/eufs_msgs/include/eufs_msgs/eufs_msgs/srv/detail/set_mission__builder.hpp
-- Installing: /home/gera/Desktop/EUFS_FORK_CONTAINERIZED/eufs-f1-sim/ws/install/eufs_msgs/include/eufs_msgs/eufs_msgs/srv/detail/record_start__builder.hpp
-- Installing: /home/gera/Desktop/EUFS_FORK_CONTAINERIZED/eufs-f1-sim/ws/install/eufs_msgs/include/eufs_msgs/eufs_msgs/srv/detail/register__struct.hpp
-- Installing: /home/gera/Desktop/EUFS_FORK_CONTAINERIZED/eufs-f1-sim/ws/install/eufs_msgs/include/eufs_msgs/eufs_msgs/srv/detail/get_map__builder.hpp
-- Installing: /home/gera/Desktop/EUFS_FORK_CONTAINERIZED/eufs-f1-sim/ws/install/eufs_msgs/include/eufs_msgs/eufs_msgs/srv/detail/set_mission__traits.hpp
-- Installing: /home/gera/Desktop/EUFS_FORK_CONTAINERIZED/eufs-f1-sim/ws/install/eufs_msgs/include/eufs_msgs/eufs_msgs/srv/detail/set_string__struct.hpp
-- Installing: /home/gera/Desktop/EUFS_FORK_CONTAINERIZED/eufs-f1-sim/ws/install/eufs_msgs/include/eufs_msgs/eufs_msgs/srv/detail/record_stop__type_support.hpp
-- Installing: /home/gera/Desktop/EUFS_FORK_CONTAINERIZED/eufs-f1-sim/ws/install/eufs_msgs/include/eufs_msgs/eufs_msgs/srv/detail/register__type_support.hpp
-- Installing: /home/gera/Desktop/EUFS_FORK_CONTAINERIZED/eufs-f1-sim/ws/install/eufs_msgs/include/eufs_msgs/eufs_msgs/srv/detail/set_can_state__type_support.hpp
-- Installing: /home/gera/Desktop/EUFS_FORK_CONTAINERIZED/eufs-f1-sim/ws/install/eufs_msgs/include/eufs_msgs/eufs_msgs/srv/detail/set_can_state__struct.hpp
-- Installing: /home/gera/Desktop/EUFS_FORK_CONTAINERIZED/eufs-f1-sim/ws/install/eufs_msgs/include/eufs_msgs/eufs_msgs/srv/detail/set_string__traits.hpp
-- Installing: /home/gera/Desktop/EUFS_FORK_CONTAINERIZED/eufs-f1-sim/ws/install/eufs_msgs/include/eufs_msgs/eufs_msgs/srv/detail/get_map__traits.hpp
-- Installing: /home/gera/Desktop/EUFS_FORK_CONTAINERIZED/eufs-f1-sim/ws/install/eufs_msgs/include/eufs_msgs/eufs_msgs/srv/detail/set_track__traits.hpp
-- Installing: /home/gera/Desktop/EUFS_FORK_CONTAINERIZED/eufs-f1-sim/ws/install/eufs_msgs/include/eufs_msgs/eufs_msgs/srv/detail/record_start__struct.hpp
-- Installing: /home/gera/Desktop/EUFS_FORK_CONTAINERIZED/eufs-f1-sim/ws/install/eufs_msgs/include/eufs_msgs/eufs_msgs/srv/detail/record_stop__traits.hpp
-- Installing: /home/gera/Desktop/EUFS_FORK_CONTAINERIZED/eufs-f1-sim/ws/install/eufs_msgs/include/eufs_msgs/eufs_msgs/srv/detail/get_map__struct.hpp
-- Installing: /home/gera/Desktop/EUFS_FORK_CONTAINERIZED/eufs-f1-sim/ws/install/eufs_msgs/include/eufs_msgs/eufs_msgs/srv/detail/set_track__type_support.hpp
-- Installing: /home/gera/Desktop/EUFS_FORK_CONTAINERIZED/eufs-f1-sim/ws/install/eufs_msgs/include/eufs_msgs/eufs_msgs/srv/detail/record_start__type_support.hpp
-- Installing: /home/gera/Desktop/EUFS_FORK_CONTAINERIZED/eufs-f1-sim/ws/install/eufs_msgs/include/eufs_msgs/eufs_msgs/srv/detail/record_stop__struct.hpp
-- Installing: /home/gera/Desktop/EUFS_FORK_CONTAINERIZED/eufs-f1-sim/ws/install/eufs_msgs/include/eufs_msgs/eufs_msgs/srv/detail/register__traits.hpp
-- Installing: /home/gera/Desktop/EUFS_FORK_CONTAINERIZED/eufs-f1-sim/ws/install/eufs_msgs/include/eufs_msgs/eufs_msgs/srv/detail/set_string__builder.hpp
-- Installing: /home/gera/Desktop/EUFS_FORK_CONTAINERIZED/eufs-f1-sim/ws/install/eufs_msgs/include/eufs_msgs/eufs_msgs/srv/detail/set_track__builder.hpp
-- Installing: /home/gera/Desktop/EUFS_FORK_CONTAINERIZED/eufs-f1-sim/ws/install/eufs_msgs/include/eufs_msgs/eufs_msgs/srv/detail/set_string__type_support.hpp
-- Installing: /home/gera/Desktop/EUFS_FORK_CONTAINERIZED/eufs-f1-sim/ws/install/eufs_msgs/include/eufs_msgs/eufs_msgs/srv/detail/set_mission__type_support.hpp
-- Installing: /home/gera/Desktop/EUFS_FORK_CONTAINERIZED/eufs-f1-sim/ws/install/eufs_msgs/include/eufs_msgs/eufs_msgs/srv/detail/set_mission__struct.hpp
-- Installing: /home/gera/Desktop/EUFS_FORK_CONTAINERIZED/eufs-f1-sim/ws/install/eufs_msgs/include/eufs_msgs/eufs_msgs/srv/detail/set_track__struct.hpp
-- Installing: /home/gera/Desktop/EUFS_FORK_CONTAINERIZED/eufs-f1-sim/ws/install/eufs_msgs/include/eufs_msgs/eufs_msgs/srv/detail/record_stop__builder.hpp
-- Installing: /home/gera/Desktop/EUFS_FORK_CONTAINERIZED/eufs-f1-sim/ws/install/eufs_msgs/include/eufs_msgs/eufs_msgs/srv/detail/set_can_state__traits.hpp
-- Installing: /home/gera/Desktop/EUFS_FORK_CONTAINERIZED/eufs-f1-sim/ws/install/eufs_msgs/include/eufs_msgs/eufs_msgs/srv/detail/set_can_state__builder.hpp
-- Installing: /home/gera/Desktop/EUFS_FORK_CONTAINERIZED/eufs-f1-sim/ws/install/eufs_msgs/include/eufs_msgs/eufs_msgs/srv/get_map.hpp
-- Installing: /home/gera/Desktop/EUFS_FORK_CONTAINERIZED/eufs-f1-sim/ws/install/eufs_msgs/include/eufs_msgs/eufs_msgs/srv/set_track.hpp
-- Installing: /home/gera/Desktop/EUFS_FORK_CONTAINERIZED/eufs-f1-sim/ws/install/eufs_msgs/include/eufs_msgs/eufs_msgs/srv/register.hpp
-- Installing: /home/gera/Desktop/EUFS_FORK_CONTAINERIZED/eufs-f1-sim/ws/install/eufs_msgs/include/eufs_msgs/eufs_msgs/srv/set_string.hpp
-- Up-to-date: /home/gera/Desktop/EUFS_FORK_CONTAINERIZED/eufs-f1-sim/ws/install/eufs_msgs/include/eufs_msgs/eufs_msgs/msg
-- Installing: /home/gera/Desktop/EUFS_FORK_CONTAINERIZED/eufs-f1-sim/ws/install/eufs_msgs/include/eufs_msgs/eufs_msgs/msg/cone_with_color_probability.hpp
-- Installing: /home/gera/Desktop/EUFS_FORK_CONTAINERIZED/eufs-f1-sim/ws/install/eufs_msgs/include/eufs_msgs/eufs_msgs/msg/state_machine_state.hpp
-- Installing: /home/gera/Desktop/EUFS_FORK_CONTAINERIZED/eufs-f1-sim/ws/install/eufs_msgs/include/eufs_msgs/eufs_msgs/msg/path_integral_stats.hpp
-- Installing: /home/gera/Desktop/EUFS_FORK_CONTAINERIZED/eufs-f1-sim/ws/install/eufs_msgs/include/eufs_msgs/eufs_msgs/msg/stereo_image.hpp
-- Installing: /home/gera/Desktop/EUFS_FORK_CONTAINERIZED/eufs-f1-sim/ws/install/eufs_msgs/include/eufs_msgs/eufs_msgs/msg/costmap.hpp
-- Installing: /home/gera/Desktop/EUFS_FORK_CONTAINERIZED/eufs-f1-sim/ws/install/eufs_msgs/include/eufs_msgs/eufs_msgs/msg/oss.hpp
-- Installing: /home/gera/Desktop/EUFS_FORK_CONTAINERIZED/eufs-f1-sim/ws/install/eufs_msgs/include/eufs_msgs/eufs_msgs/msg/planning_mode.hpp
-- Installing: /home/gera/Desktop/EUFS_FORK_CONTAINERIZED/eufs-f1-sim/ws/install/eufs_msgs/include/eufs_msgs/eufs_msgs/msg/pure_pursuit_checkpoint.hpp
-- Installing: /home/gera/Desktop/EUFS_FORK_CONTAINERIZED/eufs-f1-sim/ws/install/eufs_msgs/include/eufs_msgs/eufs_msgs/msg/can_state.hpp
-- Installing: /home/gera/Desktop/EUFS_FORK_CONTAINERIZED/eufs-f1-sim/ws/install/eufs_msgs/include/eufs_msgs/eufs_msgs/msg/particle_slam_stamped.hpp
-- Installing: /home/gera/Desktop/EUFS_FORK_CONTAINERIZED/eufs-f1-sim/ws/install/eufs_msgs/include/eufs_msgs/eufs_msgs/msg/path_integral_timing.hpp
-- Installing: /home/gera/Desktop/EUFS_FORK_CONTAINERIZED/eufs-f1-sim/ws/install/eufs_msgs/include/eufs_msgs/eufs_msgs/msg/cone_with_color_probability_array.hpp
-- Installing: /home/gera/Desktop/EUFS_FORK_CONTAINERIZED/eufs-f1-sim/ws/install/eufs_msgs/include/eufs_msgs/eufs_msgs/msg/wheel_speeds.hpp
-- Installing: /home/gera/Desktop/EUFS_FORK_CONTAINERIZED/eufs-f1-sim/ws/install/eufs_msgs/include/eufs_msgs/eufs_msgs/msg/system_status.hpp
-- Installing: /home/gera/Desktop/EUFS_FORK_CONTAINERIZED/eufs-f1-sim/ws/install/eufs_msgs/include/eufs_msgs/eufs_msgs/msg/node_state_array.hpp
-- Installing: /home/gera/Desktop/EUFS_FORK_CONTAINERIZED/eufs-f1-sim/ws/install/eufs_msgs/include/eufs_msgs/eufs_msgs/msg/waypoint.hpp
-- Installing: /home/gera/Desktop/EUFS_FORK_CONTAINERIZED/eufs-f1-sim/ws/install/eufs_msgs/include/eufs_msgs/eufs_msgs/msg/runstop.hpp
-- Installing: /home/gera/Desktop/EUFS_FORK_CONTAINERIZED/eufs-f1-sim/ws/install/eufs_msgs/include/eufs_msgs/eufs_msgs/msg/ekf_err.hpp
-- Installing: /home/gera/Desktop/EUFS_FORK_CONTAINERIZED/eufs-f1-sim/ws/install/eufs_msgs/include/eufs_msgs/eufs_msgs/msg/cone_association.hpp
-- Installing: /home/gera/Desktop/EUFS_FORK_CONTAINERIZED/eufs-f1-sim/ws/install/eufs_msgs/include/eufs_msgs/eufs_msgs/msg/full_state.hpp
-- Installing: /home/gera/Desktop/EUFS_FORK_CONTAINERIZED/eufs-f1-sim/ws/install/eufs_msgs/include/eufs_msgs/eufs_msgs/msg/particle_stamped.hpp
-- Up-to-date: /home/gera/Desktop/EUFS_FORK_CONTAINERIZED/eufs-f1-sim/ws/install/eufs_msgs/include/eufs_msgs/eufs_msgs/msg/detail
-- Installing: /home/gera/Desktop/EUFS_FORK_CONTAINERIZED/eufs-f1-sim/ws/install/eufs_msgs/include/eufs_msgs/eufs_msgs/msg/detail/cone_array_with_covariance__struct.hpp
-- Installing: /home/gera/Desktop/EUFS_FORK_CONTAINERIZED/eufs-f1-sim/ws/install/eufs_msgs/include/eufs_msgs/eufs_msgs/msg/detail/bounding_box__builder.hpp
-- Installing: /home/gera/Desktop/EUFS_FORK_CONTAINERIZED/eufs-f1-sim/ws/install/eufs_msgs/include/eufs_msgs/eufs_msgs/msg/detail/runstop__struct.hpp
-- Installing: /home/gera/Desktop/EUFS_FORK_CONTAINERIZED/eufs-f1-sim/ws/install/eufs_msgs/include/eufs_msgs/eufs_msgs/msg/detail/cone_with_color_probability__struct.hpp
-- Installing: /home/gera/Desktop/EUFS_FORK_CONTAINERIZED/eufs-f1-sim/ws/install/eufs_msgs/include/eufs_msgs/eufs_msgs/msg/detail/vehicle_commands__traits.hpp
-- Installing: /home/gera/Desktop/EUFS_FORK_CONTAINERIZED/eufs-f1-sim/ws/install/eufs_msgs/include/eufs_msgs/eufs_msgs/msg/detail/vehicle_commands__struct.hpp
-- Installing: /home/gera/Desktop/EUFS_FORK_CONTAINERIZED/eufs-f1-sim/ws/install/eufs_msgs/include/eufs_msgs/eufs_msgs/msg/detail/node_state__builder.hpp
-- Installing: /home/gera/Desktop/EUFS_FORK_CONTAINERIZED/eufs-f1-sim/ws/install/eufs_msgs/include/eufs_msgs/eufs_msgs/msg/detail/wheel_odometry_err__type_support.hpp
-- Installing: /home/gera/Desktop/EUFS_FORK_CONTAINERIZED/eufs-f1-sim/ws/install/eufs_msgs/include/eufs_msgs/eufs_msgs/msg/detail/cone_with_color_probability_array__struct.hpp
-- Installing: /home/gera/Desktop/EUFS_FORK_CONTAINERIZED/eufs-f1-sim/ws/install/eufs_msgs/include/eufs_msgs/eufs_msgs/msg/detail/cpu_status__builder.hpp
-- Installing: /home/gera/Desktop/EUFS_FORK_CONTAINERIZED/eufs-f1-sim/ws/install/eufs_msgs/include/eufs_msgs/eufs_msgs/msg/detail/cone_association_array_stamped__struct.hpp
-- Installing: /home/gera/Desktop/EUFS_FORK_CONTAINERIZED/eufs-f1-sim/ws/install/eufs_msgs/include/eufs_msgs/eufs_msgs/msg/detail/planning_mode__type_support.hpp
-- Installing: /home/gera/Desktop/EUFS_FORK_CONTAINERIZED/eufs-f1-sim/ws/install/eufs_msgs/include/eufs_msgs/eufs_msgs/msg/detail/heartbeat__traits.hpp
-- Installing: /home/gera/Desktop/EUFS_FORK_CONTAINERIZED/eufs-f1-sim/ws/install/eufs_msgs/include/eufs_msgs/eufs_msgs/msg/detail/oss__traits.hpp
-- Installing: /home/gera/Desktop/EUFS_FORK_CONTAINERIZED/eufs-f1-sim/ws/install/eufs_msgs/include/eufs_msgs/eufs_msgs/msg/detail/runstop__builder.hpp
-- Installing: /home/gera/Desktop/EUFS_FORK_CONTAINERIZED/eufs-f1-sim/ws/install/eufs_msgs/include/eufs_msgs/eufs_msgs/msg/detail/bounding_boxes__builder.hpp
-- Installing: /home/gera/Desktop/EUFS_FORK_CONTAINERIZED/eufs-f1-sim/ws/install/eufs_msgs/include/eufs_msgs/eufs_msgs/msg/detail/integration_err__traits.hpp
-- Installing: /home/gera/Desktop/EUFS_FORK_CONTAINERIZED/eufs-f1-sim/ws/install/eufs_msgs/include/eufs_msgs/eufs_msgs/msg/detail/integration_err__builder.hpp
-- Installing: /home/gera/Desktop/EUFS_FORK_CONTAINERIZED/eufs-f1-sim/ws/install/eufs_msgs/include/eufs_msgs/eufs_msgs/msg/detail/chassis_state__type_support.hpp
-- Installing: /home/gera/Desktop/EUFS_FORK_CONTAINERIZED/eufs-f1-sim/ws/install/eufs_msgs/include/eufs_msgs/eufs_msgs/msg/detail/ekf_state__builder.hpp
-- Installing: /home/gera/Desktop/EUFS_FORK_CONTAINERIZED/eufs-f1-sim/ws/install/eufs_msgs/include/eufs_msgs/eufs_msgs/msg/detail/waypoint__traits.hpp
-- Installing: /home/gera/Desktop/EUFS_FORK_CONTAINERIZED/eufs-f1-sim/ws/install/eufs_msgs/include/eufs_msgs/eufs_msgs/msg/detail/costmap__struct.hpp
-- Installing: /home/gera/Desktop/EUFS_FORK_CONTAINERIZED/eufs-f1-sim/ws/install/eufs_msgs/include/eufs_msgs/eufs_msgs/msg/detail/wheel_speeds_stamped__traits.hpp
-- Installing: /home/gera/Desktop/EUFS_FORK_CONTAINERIZED/eufs-f1-sim/ws/install/eufs_msgs/include/eufs_msgs/eufs_msgs/msg/detail/particle_slam__type_support.hpp
-- Installing: /home/gera/Desktop/EUFS_FORK_CONTAINERIZED/eufs-f1-sim/ws/install/eufs_msgs/include/eufs_msgs/eufs_msgs/msg/detail/cone_with_color_probability_array__type_support.hpp
-- Installing: /home/gera/Desktop/EUFS_FORK_CONTAINERIZED/eufs-f1-sim/ws/install/eufs_msgs/include/eufs_msgs/eufs_msgs/msg/detail/cone_association_array_array_stamped__struct.hpp
-- Installing: /home/gera/Desktop/EUFS_FORK_CONTAINERIZED/eufs-f1-sim/ws/install/eufs_msgs/include/eufs_msgs/eufs_msgs/msg/detail/cone_array__builder.hpp
-- Installing: /home/gera/Desktop/EUFS_FORK_CONTAINERIZED/eufs-f1-sim/ws/install/eufs_msgs/include/eufs_msgs/eufs_msgs/msg/detail/bounding_boxes__struct.hpp
-- Installing: /home/gera/Desktop/EUFS_FORK_CONTAINERIZED/eufs-f1-sim/ws/install/eufs_msgs/include/eufs_msgs/eufs_msgs/msg/detail/can_state__type_support.hpp
-- Installing: /home/gera/Desktop/EUFS_FORK_CONTAINERIZED/eufs-f1-sim/ws/install/eufs_msgs/include/eufs_msgs/eufs_msgs/msg/detail/stereo_image__builder.hpp
-- Installing: /home/gera/Desktop/EUFS_FORK_CONTAINERIZED/eufs-f1-sim/ws/install/eufs_msgs/include/eufs_msgs/eufs_msgs/msg/detail/particle__struct.hpp
-- Installing: /home/gera/Desktop/EUFS_FORK_CONTAINERIZED/eufs-f1-sim/ws/install/eufs_msgs/include/eufs_msgs/eufs_msgs/msg/detail/path_integral_timing__builder.hpp
-- Installing: /home/gera/Desktop/EUFS_FORK_CONTAINERIZED/eufs-f1-sim/ws/install/eufs_msgs/include/eufs_msgs/eufs_msgs/msg/detail/slam_state__type_support.hpp
-- Installing: /home/gera/Desktop/EUFS_FORK_CONTAINERIZED/eufs-f1-sim/ws/install/eufs_msgs/include/eufs_msgs/eufs_msgs/msg/detail/point_array__traits.hpp
-- Installing: /home/gera/Desktop/EUFS_FORK_CONTAINERIZED/eufs-f1-sim/ws/install/eufs_msgs/include/eufs_msgs/eufs_msgs/msg/detail/stereo_image__struct.hpp
-- Installing: /home/gera/Desktop/EUFS_FORK_CONTAINERIZED/eufs-f1-sim/ws/install/eufs_msgs/include/eufs_msgs/eufs_msgs/msg/detail/state_machine_state__traits.hpp
-- Installing: /home/gera/Desktop/EUFS_FORK_CONTAINERIZED/eufs-f1-sim/ws/install/eufs_msgs/include/eufs_msgs/eufs_msgs/msg/detail/node_state__traits.hpp
-- Installing: /home/gera/Desktop/EUFS_FORK_CONTAINERIZED/eufs-f1-sim/ws/install/eufs_msgs/include/eufs_msgs/eufs_msgs/msg/detail/cone_array_with_covariance__builder.hpp
-- Installing: /home/gera/Desktop/EUFS_FORK_CONTAINERIZED/eufs-f1-sim/ws/install/eufs_msgs/include/eufs_msgs/eufs_msgs/msg/detail/vehicle_commands__builder.hpp
-- Installing: /home/gera/Desktop/EUFS_FORK_CONTAINERIZED/eufs-f1-sim/ws/install/eufs_msgs/include/eufs_msgs/eufs_msgs/msg/detail/wheel_speeds__traits.hpp
-- Installing: /home/gera/Desktop/EUFS_FORK_CONTAINERIZED/eufs-f1-sim/ws/install/eufs_msgs/include/eufs_msgs/eufs_msgs/msg/detail/slam_err__builder.hpp
-- Installing: /home/gera/Desktop/EUFS_FORK_CONTAINERIZED/eufs-f1-sim/ws/install/eufs_msgs/include/eufs_msgs/eufs_msgs/msg/detail/path_integral_params__type_support.hpp
-- Installing: /home/gera/Desktop/EUFS_FORK_CONTAINERIZED/eufs-f1-sim/ws/install/eufs_msgs/include/eufs_msgs/eufs_msgs/msg/detail/slam_state__builder.hpp
-- Installing: /home/gera/Desktop/EUFS_FORK_CONTAINERIZED/eufs-f1-sim/ws/install/eufs_msgs/include/eufs_msgs/eufs_msgs/msg/detail/wheel_odometry_err__builder.hpp
-- Installing: /home/gera/Desktop/EUFS_FORK_CONTAINERIZED/eufs-f1-sim/ws/install/eufs_msgs/include/eufs_msgs/eufs_msgs/msg/detail/wheel_odometry_err__struct.hpp
-- Installing: /home/gera/Desktop/EUFS_FORK_CONTAINERIZED/eufs-f1-sim/ws/install/eufs_msgs/include/eufs_msgs/eufs_msgs/msg/detail/point_array_stamped__struct.hpp
-- Installing: /home/gera/Desktop/EUFS_FORK_CONTAINERIZED/eufs-f1-sim/ws/install/eufs_msgs/include/eufs_msgs/eufs_msgs/msg/detail/lap_stats__builder.hpp
-- Installing: /home/gera/Desktop/EUFS_FORK_CONTAINERIZED/eufs-f1-sim/ws/install/eufs_msgs/include/eufs_msgs/eufs_msgs/msg/detail/mpc_state__struct.hpp
-- Installing: /home/gera/Desktop/EUFS_FORK_CONTAINERIZED/eufs-f1-sim/ws/install/eufs_msgs/include/eufs_msgs/eufs_msgs/msg/detail/wheel_odometry_err__traits.hpp
-- Installing: /home/gera/Desktop/EUFS_FORK_CONTAINERIZED/eufs-f1-sim/ws/install/eufs_msgs/include/eufs_msgs/eufs_msgs/msg/detail/cone_with_covariance__struct.hpp
-- Installing: /home/gera/Desktop/EUFS_FORK_CONTAINERIZED/eufs-f1-sim/ws/install/eufs_msgs/include/eufs_msgs/eufs_msgs/msg/detail/chassis_command__type_support.hpp
-- Installing: /home/gera/Desktop/EUFS_FORK_CONTAINERIZED/eufs-f1-sim/ws/install/eufs_msgs/include/eufs_msgs/eufs_msgs/msg/detail/cone_association_array_array_stamped__traits.hpp
-- Installing: /home/gera/Desktop/EUFS_FORK_CONTAINERIZED/eufs-f1-sim/ws/install/eufs_msgs/include/eufs_msgs/eufs_msgs/msg/detail/cone_association__type_support.hpp
-- Installing: /home/gera/Desktop/EUFS_FORK_CONTAINERIZED/eufs-f1-sim/ws/install/eufs_msgs/include/eufs_msgs/eufs_msgs/msg/detail/can_state__builder.hpp
-- Installing: /home/gera/Desktop/EUFS_FORK_CONTAINERIZED/eufs-f1-sim/ws/install/eufs_msgs/include/eufs_msgs/eufs_msgs/msg/detail/slam_err__struct.hpp
-- Installing: /home/gera/Desktop/EUFS_FORK_CONTAINERIZED/eufs-f1-sim/ws/install/eufs_msgs/include/eufs_msgs/eufs_msgs/msg/detail/path_integral_status__struct.hpp
-- Installing: /home/gera/Desktop/EUFS_FORK_CONTAINERIZED/eufs-f1-sim/ws/install/eufs_msgs/include/eufs_msgs/eufs_msgs/msg/detail/path_integral_timing__struct.hpp
-- Installing: /home/gera/Desktop/EUFS_FORK_CONTAINERIZED/eufs-f1-sim/ws/install/eufs_msgs/include/eufs_msgs/eufs_msgs/msg/detail/cone_with_color_probability__traits.hpp
-- Installing: /home/gera/Desktop/EUFS_FORK_CONTAINERIZED/eufs-f1-sim/ws/install/eufs_msgs/include/eufs_msgs/eufs_msgs/msg/detail/cone_association_array_array_stamped__builder.hpp
-- Installing: /home/gera/Desktop/EUFS_FORK_CONTAINERIZED/eufs-f1-sim/ws/install/eufs_msgs/include/eufs_msgs/eufs_msgs/msg/detail/point_array_stamped__type_support.hpp
-- Installing: /home/gera/Desktop/EUFS_FORK_CONTAINERIZED/eufs-f1-sim/ws/install/eufs_msgs/include/eufs_msgs/eufs_msgs/msg/detail/ekf_state__type_support.hpp
-- Installing: /home/gera/Desktop/EUFS_FORK_CONTAINERIZED/eufs-f1-sim/ws/install/eufs_msgs/include/eufs_msgs/eufs_msgs/msg/detail/slam_err__traits.hpp
-- Installing: /home/gera/Desktop/EUFS_FORK_CONTAINERIZED/eufs-f1-sim/ws/install/eufs_msgs/include/eufs_msgs/eufs_msgs/msg/detail/full_state__builder.hpp
-- Installing: /home/gera/Desktop/EUFS_FORK_CONTAINERIZED/eufs-f1-sim/ws/install/eufs_msgs/include/eufs_msgs/eufs_msgs/msg/detail/ekf_state__traits.hpp
-- Installing: /home/gera/Desktop/EUFS_FORK_CONTAINERIZED/eufs-f1-sim/ws/install/eufs_msgs/include/eufs_msgs/eufs_msgs/msg/detail/cone_with_covariance__builder.hpp
-- Installing: /home/gera/Desktop/EUFS_FORK_CONTAINERIZED/eufs-f1-sim/ws/install/eufs_msgs/include/eufs_msgs/eufs_msgs/msg/detail/chassis_command__traits.hpp
-- Installing: /home/gera/Desktop/EUFS_FORK_CONTAINERIZED/eufs-f1-sim/ws/install/eufs_msgs/include/eufs_msgs/eufs_msgs/msg/detail/node_state_array__struct.hpp
-- Installing: /home/gera/Desktop/EUFS_FORK_CONTAINERIZED/eufs-f1-sim/ws/install/eufs_msgs/include/eufs_msgs/eufs_msgs/msg/detail/point_array__struct.hpp
-- Installing: /home/gera/Desktop/EUFS_FORK_CONTAINERIZED/eufs-f1-sim/ws/install/eufs_msgs/include/eufs_msgs/eufs_msgs/msg/detail/chassis_state__builder.hpp
-- Installing: /home/gera/Desktop/EUFS_FORK_CONTAINERIZED/eufs-f1-sim/ws/install/eufs_msgs/include/eufs_msgs/eufs_msgs/msg/detail/particle_stamped__type_support.hpp
-- Installing: /home/gera/Desktop/EUFS_FORK_CONTAINERIZED/eufs-f1-sim/ws/install/eufs_msgs/include/eufs_msgs/eufs_msgs/msg/detail/oss__builder.hpp
-- Installing: /home/gera/Desktop/EUFS_FORK_CONTAINERIZED/eufs-f1-sim/ws/install/eufs_msgs/include/eufs_msgs/eufs_msgs/msg/detail/oss__type_support.hpp
-- Installing: /home/gera/Desktop/EUFS_FORK_CONTAINERIZED/eufs-f1-sim/ws/install/eufs_msgs/include/eufs_msgs/eufs_msgs/msg/detail/cone_association_array_stamped__type_support.hpp
-- Installing: /home/gera/Desktop/EUFS_FORK_CONTAINERIZED/eufs-f1-sim/ws/install/eufs_msgs/include/eufs_msgs/eufs_msgs/msg/detail/path_integral_params__builder.hpp
-- Installing: /home/gera/Desktop/EUFS_FORK_CONTAINERIZED/eufs-f1-sim/ws/install/eufs_msgs/include/eufs_msgs/eufs_msgs/msg/detail/heartbeat__builder.hpp
-- Installing: /home/gera/Desktop/EUFS_FORK_CONTAINERIZED/eufs-f1-sim/ws/install/eufs_msgs/include/eufs_msgs/eufs_msgs/msg/detail/stereo_image__type_support.hpp
-- Installing: /home/gera/Desktop/EUFS_FORK_CONTAINERIZED/eufs-f1-sim/ws/install/eufs_msgs/include/eufs_msgs/eufs_msgs/msg/detail/ekf_err__type_support.hpp
-- Installing: /home/gera/Desktop/EUFS_FORK_CONTAINERIZED/eufs-f1-sim/ws/install/eufs_msgs/include/eufs_msgs/eufs_msgs/msg/detail/integration_err__struct.hpp
-- Installing: /home/gera/Desktop/EUFS_FORK_CONTAINERIZED/eufs-f1-sim/ws/install/eufs_msgs/include/eufs_msgs/eufs_msgs/msg/detail/vehicle_commands_stamped__traits.hpp
-- Installing: /home/gera/Desktop/EUFS_FORK_CONTAINERIZED/eufs-f1-sim/ws/install/eufs_msgs/include/eufs_msgs/eufs_msgs/msg/detail/waypoint__type_support.hpp
-- Installing: /home/gera/Desktop/EUFS_FORK_CONTAINERIZED/eufs-f1-sim/ws/install/eufs_msgs/include/eufs_msgs/eufs_msgs/msg/detail/cone_association__struct.hpp
-- Installing: /home/gera/Desktop/EUFS_FORK_CONTAINERIZED/eufs-f1-sim/ws/install/eufs_msgs/include/eufs_msgs/eufs_msgs/msg/detail/car_forces__builder.hpp
-- Installing: /home/gera/Desktop/EUFS_FORK_CONTAINERIZED/eufs-f1-sim/ws/install/eufs_msgs/include/eufs_msgs/eufs_msgs/msg/detail/pure_pursuit_checkpoint__struct.hpp
-- Installing: /home/gera/Desktop/EUFS_FORK_CONTAINERIZED/eufs-f1-sim/ws/install/eufs_msgs/include/eufs_msgs/eufs_msgs/msg/detail/slam_err__type_support.hpp
-- Installing: /home/gera/Desktop/EUFS_FORK_CONTAINERIZED/eufs-f1-sim/ws/install/eufs_msgs/include/eufs_msgs/eufs_msgs/msg/detail/chassis_state__struct.hpp
-- Installing: /home/gera/Desktop/EUFS_FORK_CONTAINERIZED/eufs-f1-sim/ws/install/eufs_msgs/include/eufs_msgs/eufs_msgs/msg/detail/particle_stamped__builder.hpp
-- Installing: /home/gera/Desktop/EUFS_FORK_CONTAINERIZED/eufs-f1-sim/ws/install/eufs_msgs/include/eufs_msgs/eufs_msgs/msg/detail/oss__struct.hpp
-- Installing: /home/gera/Desktop/EUFS_FORK_CONTAINERIZED/eufs-f1-sim/ws/install/eufs_msgs/include/eufs_msgs/eufs_msgs/msg/detail/wheel_speeds_stamped__builder.hpp
-- Installing: /home/gera/Desktop/EUFS_FORK_CONTAINERIZED/eufs-f1-sim/ws/install/eufs_msgs/include/eufs_msgs/eufs_msgs/msg/detail/system_status__struct.hpp
-- Installing: /home/gera/Desktop/EUFS_FORK_CONTAINERIZED/eufs-f1-sim/ws/install/eufs_msgs/include/eufs_msgs/eufs_msgs/msg/detail/path_integral_stats__builder.hpp
-- Installing: /home/gera/Desktop/EUFS_FORK_CONTAINERIZED/eufs-f1-sim/ws/install/eufs_msgs/include/eufs_msgs/eufs_msgs/msg/detail/cpu_usage__traits.hpp
-- Installing: /home/gera/Desktop/EUFS_FORK_CONTAINERIZED/eufs-f1-sim/ws/install/eufs_msgs/include/eufs_msgs/eufs_msgs/msg/detail/wheel_speeds__struct.hpp
-- Installing: /home/gera/Desktop/EUFS_FORK_CONTAINERIZED/eufs-f1-sim/ws/install/eufs_msgs/include/eufs_msgs/eufs_msgs/msg/detail/state_machine_state__builder.hpp
-- Installing: /home/gera/Desktop/EUFS_FORK_CONTAINERIZED/eufs-f1-sim/ws/install/eufs_msgs/include/eufs_msgs/eufs_msgs/msg/detail/ekf_state__struct.hpp
-- Installing: /home/gera/Desktop/EUFS_FORK_CONTAINERIZED/eufs-f1-sim/ws/install/eufs_msgs/include/eufs_msgs/eufs_msgs/msg/detail/cone_array__traits.hpp
-- Installing: /home/gera/Desktop/EUFS_FORK_CONTAINERIZED/eufs-f1-sim/ws/install/eufs_msgs/include/eufs_msgs/eufs_msgs/msg/detail/mpc_state__type_support.hpp
-- Installing: /home/gera/Desktop/EUFS_FORK_CONTAINERIZED/eufs-f1-sim/ws/install/eufs_msgs/include/eufs_msgs/eufs_msgs/msg/detail/chassis_command__struct.hpp
-- Installing: /home/gera/Desktop/EUFS_FORK_CONTAINERIZED/eufs-f1-sim/ws/install/eufs_msgs/include/eufs_msgs/eufs_msgs/msg/detail/pure_pursuit_checkpoint__traits.hpp
-- Installing: /home/gera/Desktop/EUFS_FORK_CONTAINERIZED/eufs-f1-sim/ws/install/eufs_msgs/include/eufs_msgs/eufs_msgs/msg/detail/particle__builder.hpp
-- Installing: /home/gera/Desktop/EUFS_FORK_CONTAINERIZED/eufs-f1-sim/ws/install/eufs_msgs/include/eufs_msgs/eufs_msgs/msg/detail/node_state_array__type_support.hpp
-- Installing: /home/gera/Desktop/EUFS_FORK_CONTAINERIZED/eufs-f1-sim/ws/install/eufs_msgs/include/eufs_msgs/eufs_msgs/msg/detail/chassis_state__traits.hpp
-- Installing: /home/gera/Desktop/EUFS_FORK_CONTAINERIZED/eufs-f1-sim/ws/install/eufs_msgs/include/eufs_msgs/eufs_msgs/msg/detail/path_integral_params__struct.hpp
-- Installing: /home/gera/Desktop/EUFS_FORK_CONTAINERIZED/eufs-f1-sim/ws/install/eufs_msgs/include/eufs_msgs/eufs_msgs/msg/detail/vehicle_commands_stamped__builder.hpp
-- Installing: /home/gera/Desktop/EUFS_FORK_CONTAINERIZED/eufs-f1-sim/ws/install/eufs_msgs/include/eufs_msgs/eufs_msgs/msg/detail/costmap__builder.hpp
-- Installing: /home/gera/Desktop/EUFS_FORK_CONTAINERIZED/eufs-f1-sim/ws/install/eufs_msgs/include/eufs_msgs/eufs_msgs/msg/detail/path_integral_stats__type_support.hpp
-- Installing: /home/gera/Desktop/EUFS_FORK_CONTAINERIZED/eufs-f1-sim/ws/install/eufs_msgs/include/eufs_msgs/eufs_msgs/msg/detail/car_state__builder.hpp
-- Installing: /home/gera/Desktop/EUFS_FORK_CONTAINERIZED/eufs-f1-sim/ws/install/eufs_msgs/include/eufs_msgs/eufs_msgs/msg/detail/path_integral_status__traits.hpp
-- Installing: /home/gera/Desktop/EUFS_FORK_CONTAINERIZED/eufs-f1-sim/ws/install/eufs_msgs/include/eufs_msgs/eufs_msgs/msg/detail/chassis_command__builder.hpp
-- Installing: /home/gera/Desktop/EUFS_FORK_CONTAINERIZED/eufs-f1-sim/ws/install/eufs_msgs/include/eufs_msgs/eufs_msgs/msg/detail/cpu_status__traits.hpp
-- Installing: /home/gera/Desktop/EUFS_FORK_CONTAINERIZED/eufs-f1-sim/ws/install/eufs_msgs/include/eufs_msgs/eufs_msgs/msg/detail/wheel_speeds__builder.hpp
-- Installing: /home/gera/Desktop/EUFS_FORK_CONTAINERIZED/eufs-f1-sim/ws/install/eufs_msgs/include/eufs_msgs/eufs_msgs/msg/detail/system_status__builder.hpp
-- Installing: /home/gera/Desktop/EUFS_FORK_CONTAINERIZED/eufs-f1-sim/ws/install/eufs_msgs/include/eufs_msgs/eufs_msgs/msg/detail/cpu_usage__type_support.hpp
-- Installing: /home/gera/Desktop/EUFS_FORK_CONTAINERIZED/eufs-f1-sim/ws/install/eufs_msgs/include/eufs_msgs/eufs_msgs/msg/detail/path_integral_status__type_support.hpp
-- Installing: /home/gera/Desktop/EUFS_FORK_CONTAINERIZED/eufs-f1-sim/ws/install/eufs_msgs/include/eufs_msgs/eufs_msgs/msg/detail/path_integral_stats__traits.hpp
-- Installing: /home/gera/Desktop/EUFS_FORK_CONTAINERIZED/eufs-f1-sim/ws/install/eufs_msgs/include/eufs_msgs/eufs_msgs/msg/detail/system_status__type_support.hpp
-- Installing: /home/gera/Desktop/EUFS_FORK_CONTAINERIZED/eufs-f1-sim/ws/install/eufs_msgs/include/eufs_msgs/eufs_msgs/msg/detail/cpu_usage__struct.hpp
-- Installing: /home/gera/Desktop/EUFS_FORK_CONTAINERIZED/eufs-f1-sim/ws/install/eufs_msgs/include/eufs_msgs/eufs_msgs/msg/detail/bounding_box__struct.hpp
-- Installing: /home/gera/Desktop/EUFS_FORK_CONTAINERIZED/eufs-f1-sim/ws/install/eufs_msgs/include/eufs_msgs/eufs_msgs/msg/detail/path_integral_status__builder.hpp
-- Installing: /home/gera/Desktop/EUFS_FORK_CONTAINERIZED/eufs-f1-sim/ws/install/eufs_msgs/include/eufs_msgs/eufs_msgs/msg/detail/lap_stats__struct.hpp
-- Installing: /home/gera/Desktop/EUFS_FORK_CONTAINERIZED/eufs-f1-sim/ws/install/eufs_msgs/include/eufs_msgs/eufs_msgs/msg/detail/waypoint_array_stamped__type_support.hpp
-- Installing: /home/gera/Desktop/EUFS_FORK_CONTAINERIZED/eufs-f1-sim/ws/install/eufs_msgs/include/eufs_msgs/eufs_msgs/msg/detail/node_state__type_support.hpp
-- Installing: /home/gera/Desktop/EUFS_FORK_CONTAINERIZED/eufs-f1-sim/ws/install/eufs_msgs/include/eufs_msgs/eufs_msgs/msg/detail/cone_association_array_stamped__traits.hpp
-- Installing: /home/gera/Desktop/EUFS_FORK_CONTAINERIZED/eufs-f1-sim/ws/install/eufs_msgs/include/eufs_msgs/eufs_msgs/msg/detail/node_state_array__traits.hpp
-- Installing: /home/gera/Desktop/EUFS_FORK_CONTAINERIZED/eufs-f1-sim/ws/install/eufs_msgs/include/eufs_msgs/eufs_msgs/msg/detail/heartbeat__struct.hpp
-- Installing: /home/gera/Desktop/EUFS_FORK_CONTAINERIZED/eufs-f1-sim/ws/install/eufs_msgs/include/eufs_msgs/eufs_msgs/msg/detail/bounding_boxes__type_support.hpp
-- Installing: /home/gera/Desktop/EUFS_FORK_CONTAINERIZED/eufs-f1-sim/ws/install/eufs_msgs/include/eufs_msgs/eufs_msgs/msg/detail/waypoint_array_stamped__traits.hpp
-- Installing: /home/gera/Desktop/EUFS_FORK_CONTAINERIZED/eufs-f1-sim/ws/install/eufs_msgs/include/eufs_msgs/eufs_msgs/msg/detail/cone_array_with_covariance__traits.hpp
-- Installing: /home/gera/Desktop/EUFS_FORK_CONTAINERIZED/eufs-f1-sim/ws/install/eufs_msgs/include/eufs_msgs/eufs_msgs/msg/detail/integration_err__type_support.hpp
-- Installing: /home/gera/Desktop/EUFS_FORK_CONTAINERIZED/eufs-f1-sim/ws/install/eufs_msgs/include/eufs_msgs/eufs_msgs/msg/detail/vehicle_commands__type_support.hpp
-- Installing: /home/gera/Desktop/EUFS_FORK_CONTAINERIZED/eufs-f1-sim/ws/install/eufs_msgs/include/eufs_msgs/eufs_msgs/msg/detail/point_array_stamped__traits.hpp
-- Installing: /home/gera/Desktop/EUFS_FORK_CONTAINERIZED/eufs-f1-sim/ws/install/eufs_msgs/include/eufs_msgs/eufs_msgs/msg/detail/can_state__struct.hpp
-- Installing: /home/gera/Desktop/EUFS_FORK_CONTAINERIZED/eufs-f1-sim/ws/install/eufs_msgs/include/eufs_msgs/eufs_msgs/msg/detail/path_integral_params__traits.hpp
-- Installing: /home/gera/Desktop/EUFS_FORK_CONTAINERIZED/eufs-f1-sim/ws/install/eufs_msgs/include/eufs_msgs/eufs_msgs/msg/detail/point_array_stamped__builder.hpp
-- Installing: /home/gera/Desktop/EUFS_FORK_CONTAINERIZED/eufs-f1-sim/ws/install/eufs_msgs/include/eufs_msgs/eufs_msgs/msg/detail/ekf_err__traits.hpp
-- Installing: /home/gera/Desktop/EUFS_FORK_CONTAINERIZED/eufs-f1-sim/ws/install/eufs_msgs/include/eufs_msgs/eufs_msgs/msg/detail/cone_with_color_probability__type_support.hpp
-- Installing: /home/gera/Desktop/EUFS_FORK_CONTAINERIZED/eufs-f1-sim/ws/install/eufs_msgs/include/eufs_msgs/eufs_msgs/msg/detail/car_forces__struct.hpp
-- Installing: /home/gera/Desktop/EUFS_FORK_CONTAINERIZED/eufs-f1-sim/ws/install/eufs_msgs/include/eufs_msgs/eufs_msgs/msg/detail/cone_with_color_probability_array__builder.hpp
-- Installing: /home/gera/Desktop/EUFS_FORK_CONTAINERIZED/eufs-f1-sim/ws/install/eufs_msgs/include/eufs_msgs/eufs_msgs/msg/detail/cone_association__builder.hpp
-- Installing: /home/gera/Desktop/EUFS_FORK_CONTAINERIZED/eufs-f1-sim/ws/install/eufs_msgs/include/eufs_msgs/eufs_msgs/msg/detail/cone_with_covariance__traits.hpp
-- Installing: /home/gera/Desktop/EUFS_FORK_CONTAINERIZED/eufs-f1-sim/ws/install/eufs_msgs/include/eufs_msgs/eufs_msgs/msg/detail/vehicle_commands_stamped__struct.hpp
-- Installing: /home/gera/Desktop/EUFS_FORK_CONTAINERIZED/eufs-f1-sim/ws/install/eufs_msgs/include/eufs_msgs/eufs_msgs/msg/detail/car_state__type_support.hpp
-- Installing: /home/gera/Desktop/EUFS_FORK_CONTAINERIZED/eufs-f1-sim/ws/install/eufs_msgs/include/eufs_msgs/eufs_msgs/msg/detail/cone_association__traits.hpp
-- Installing: /home/gera/Desktop/EUFS_FORK_CONTAINERIZED/eufs-f1-sim/ws/install/eufs_msgs/include/eufs_msgs/eufs_msgs/msg/detail/node_state_array__builder.hpp
-- Installing: /home/gera/Desktop/EUFS_FORK_CONTAINERIZED/eufs-f1-sim/ws/install/eufs_msgs/include/eufs_msgs/eufs_msgs/msg/detail/wheel_speeds_stamped__struct.hpp
-- Installing: /home/gera/Desktop/EUFS_FORK_CONTAINERIZED/eufs-f1-sim/ws/install/eufs_msgs/include/eufs_msgs/eufs_msgs/msg/detail/heartbeat__type_support.hpp
-- Installing: /home/gera/Desktop/EUFS_FORK_CONTAINERIZED/eufs-f1-sim/ws/install/eufs_msgs/include/eufs_msgs/eufs_msgs/msg/detail/waypoint__struct.hpp
-- Installing: /home/gera/Desktop/EUFS_FORK_CONTAINERIZED/eufs-f1-sim/ws/install/eufs_msgs/include/eufs_msgs/eufs_msgs/msg/detail/state_machine_state__struct.hpp
-- Installing: /home/gera/Desktop/EUFS_FORK_CONTAINERIZED/eufs-f1-sim/ws/install/eufs_msgs/include/eufs_msgs/eufs_msgs/msg/detail/slam_state__traits.hpp
-- Installing: /home/gera/Desktop/EUFS_FORK_CONTAINERIZED/eufs-f1-sim/ws/install/eufs_msgs/include/eufs_msgs/eufs_msgs/msg/detail/cpu_usage__builder.hpp
-- Installing: /home/gera/Desktop/EUFS_FORK_CONTAINERIZED/eufs-f1-sim/ws/install/eufs_msgs/include/eufs_msgs/eufs_msgs/msg/detail/particle__traits.hpp
-- Installing: /home/gera/Desktop/EUFS_FORK_CONTAINERIZED/eufs-f1-sim/ws/install/eufs_msgs/include/eufs_msgs/eufs_msgs/msg/detail/vehicle_commands_stamped__type_support.hpp
-- Installing: /home/gera/Desktop/EUFS_FORK_CONTAINERIZED/eufs-f1-sim/ws/install/eufs_msgs/include/eufs_msgs/eufs_msgs/msg/detail/cone_association_array__struct.hpp
-- Installing: /home/gera/Desktop/EUFS_FORK_CONTAINERIZED/eufs-f1-sim/ws/install/eufs_msgs/include/eufs_msgs/eufs_msgs/msg/detail/point_array__type_support.hpp
-- Installing: /home/gera/Desktop/EUFS_FORK_CONTAINERIZED/eufs-f1-sim/ws/install/eufs_msgs/include/eufs_msgs/eufs_msgs/msg/detail/cone_association_array__builder.hpp
-- Installing: /home/gera/Desktop/EUFS_FORK_CONTAINERIZED/eufs-f1-sim/ws/install/eufs_msgs/include/eufs_msgs/eufs_msgs/msg/detail/particle_slam_stamped__traits.hpp
-- Installing: /home/gera/Desktop/EUFS_FORK_CONTAINERIZED/eufs-f1-sim/ws/install/eufs_msgs/include/eufs_msgs/eufs_msgs/msg/detail/pure_pursuit_checkpoint_array_stamped__type_support.hpp
-- Installing: /home/gera/Desktop/EUFS_FORK_CONTAINERIZED/eufs-f1-sim/ws/install/eufs_msgs/include/eufs_msgs/eufs_msgs/msg/detail/full_state__type_support.hpp
-- Installing: /home/gera/Desktop/EUFS_FORK_CONTAINERIZED/eufs-f1-sim/ws/install/eufs_msgs/include/eufs_msgs/eufs_msgs/msg/detail/particle_slam_stamped__type_support.hpp
-- Installing: /home/gera/Desktop/EUFS_FORK_CONTAINERIZED/eufs-f1-sim/ws/install/eufs_msgs/include/eufs_msgs/eufs_msgs/msg/detail/pure_pursuit_checkpoint__builder.hpp
-- Installing: /home/gera/Desktop/EUFS_FORK_CONTAINERIZED/eufs-f1-sim/ws/install/eufs_msgs/include/eufs_msgs/eufs_msgs/msg/detail/particle_slam_stamped__builder.hpp
-- Installing: /home/gera/Desktop/EUFS_FORK_CONTAINERIZED/eufs-f1-sim/ws/install/eufs_msgs/include/eufs_msgs/eufs_msgs/msg/detail/bounding_box__traits.hpp
-- Installing: /home/gera/Desktop/EUFS_FORK_CONTAINERIZED/eufs-f1-sim/ws/install/eufs_msgs/include/eufs_msgs/eufs_msgs/msg/detail/waypoint_array_stamped__struct.hpp
-- Installing: /home/gera/Desktop/EUFS_FORK_CONTAINERIZED/eufs-f1-sim/ws/install/eufs_msgs/include/eufs_msgs/eufs_msgs/msg/detail/path_integral_stats__struct.hpp
-- Installing: /home/gera/Desktop/EUFS_FORK_CONTAINERIZED/eufs-f1-sim/ws/install/eufs_msgs/include/eufs_msgs/eufs_msgs/msg/detail/pure_pursuit_checkpoint_array_stamped__struct.hpp
-- Installing: /home/gera/Desktop/EUFS_FORK_CONTAINERIZED/eufs-f1-sim/ws/install/eufs_msgs/include/eufs_msgs/eufs_msgs/msg/detail/particle_slam_stamped__struct.hpp
-- Installing: /home/gera/Desktop/EUFS_FORK_CONTAINERIZED/eufs-f1-sim/ws/install/eufs_msgs/include/eufs_msgs/eufs_msgs/msg/detail/cone_association_array_stamped__builder.hpp
-- Installing: /home/gera/Desktop/EUFS_FORK_CONTAINERIZED/eufs-f1-sim/ws/install/eufs_msgs/include/eufs_msgs/eufs_msgs/msg/detail/car_state__struct.hpp
-- Installing: /home/gera/Desktop/EUFS_FORK_CONTAINERIZED/eufs-f1-sim/ws/install/eufs_msgs/include/eufs_msgs/eufs_msgs/msg/detail/topic_status__type_support.hpp
-- Installing: /home/gera/Desktop/EUFS_FORK_CONTAINERIZED/eufs-f1-sim/ws/install/eufs_msgs/include/eufs_msgs/eufs_msgs/msg/detail/bounding_boxes__traits.hpp
-- Installing: /home/gera/Desktop/EUFS_FORK_CONTAINERIZED/eufs-f1-sim/ws/install/eufs_msgs/include/eufs_msgs/eufs_msgs/msg/detail/runstop__traits.hpp
-- Installing: /home/gera/Desktop/EUFS_FORK_CONTAINERIZED/eufs-f1-sim/ws/install/eufs_msgs/include/eufs_msgs/eufs_msgs/msg/detail/particle_stamped__struct.hpp
-- Installing: /home/gera/Desktop/EUFS_FORK_CONTAINERIZED/eufs-f1-sim/ws/install/eufs_msgs/include/eufs_msgs/eufs_msgs/msg/detail/waypoint_array_stamped__builder.hpp
-- Installing: /home/gera/Desktop/EUFS_FORK_CONTAINERIZED/eufs-f1-sim/ws/install/eufs_msgs/include/eufs_msgs/eufs_msgs/msg/detail/ekf_err__struct.hpp
-- Installing: /home/gera/Desktop/EUFS_FORK_CONTAINERIZED/eufs-f1-sim/ws/install/eufs_msgs/include/eufs_msgs/eufs_msgs/msg/detail/particle__type_support.hpp
-- Installing: /home/gera/Desktop/EUFS_FORK_CONTAINERIZED/eufs-f1-sim/ws/install/eufs_msgs/include/eufs_msgs/eufs_msgs/msg/detail/costmap__type_support.hpp
-- Installing: /home/gera/Desktop/EUFS_FORK_CONTAINERIZED/eufs-f1-sim/ws/install/eufs_msgs/include/eufs_msgs/eufs_msgs/msg/detail/pure_pursuit_checkpoint_array_stamped__builder.hpp
-- Installing: /home/gera/Desktop/EUFS_FORK_CONTAINERIZED/eufs-f1-sim/ws/install/eufs_msgs/include/eufs_msgs/eufs_msgs/msg/detail/system_status__traits.hpp
-- Installing: /home/gera/Desktop/EUFS_FORK_CONTAINERIZED/eufs-f1-sim/ws/install/eufs_msgs/include/eufs_msgs/eufs_msgs/msg/detail/bounding_box__type_support.hpp
-- Installing: /home/gera/Desktop/EUFS_FORK_CONTAINERIZED/eufs-f1-sim/ws/install/eufs_msgs/include/eufs_msgs/eufs_msgs/msg/detail/particle_slam__traits.hpp
-- Installing: /home/gera/Desktop/EUFS_FORK_CONTAINERIZED/eufs-f1-sim/ws/install/eufs_msgs/include/eufs_msgs/eufs_msgs/msg/detail/topic_status__traits.hpp
-- Installing: /home/gera/Desktop/EUFS_FORK_CONTAINERIZED/eufs-f1-sim/ws/install/eufs_msgs/include/eufs_msgs/eufs_msgs/msg/detail/mpc_state__builder.hpp
-- Installing: /home/gera/Desktop/EUFS_FORK_CONTAINERIZED/eufs-f1-sim/ws/install/eufs_msgs/include/eufs_msgs/eufs_msgs/msg/detail/particle_stamped__traits.hpp
-- Installing: /home/gera/Desktop/EUFS_FORK_CONTAINERIZED/eufs-f1-sim/ws/install/eufs_msgs/include/eufs_msgs/eufs_msgs/msg/detail/costmap__traits.hpp
-- Installing: /home/gera/Desktop/EUFS_FORK_CONTAINERIZED/eufs-f1-sim/ws/install/eufs_msgs/include/eufs_msgs/eufs_msgs/msg/detail/cone_association_array__traits.hpp
-- Installing: /home/gera/Desktop/EUFS_FORK_CONTAINERIZED/eufs-f1-sim/ws/install/eufs_msgs/include/eufs_msgs/eufs_msgs/msg/detail/point_array__builder.hpp
-- Installing: /home/gera/Desktop/EUFS_FORK_CONTAINERIZED/eufs-f1-sim/ws/install/eufs_msgs/include/eufs_msgs/eufs_msgs/msg/detail/ekf_err__builder.hpp
-- Installing: /home/gera/Desktop/EUFS_FORK_CONTAINERIZED/eufs-f1-sim/ws/install/eufs_msgs/include/eufs_msgs/eufs_msgs/msg/detail/full_state__struct.hpp
-- Installing: /home/gera/Desktop/EUFS_FORK_CONTAINERIZED/eufs-f1-sim/ws/install/eufs_msgs/include/eufs_msgs/eufs_msgs/msg/detail/topic_status__builder.hpp
-- Installing: /home/gera/Desktop/EUFS_FORK_CONTAINERIZED/eufs-f1-sim/ws/install/eufs_msgs/include/eufs_msgs/eufs_msgs/msg/detail/cone_array_with_covariance__type_support.hpp
-- Installing: /home/gera/Desktop/EUFS_FORK_CONTAINERIZED/eufs-f1-sim/ws/install/eufs_msgs/include/eufs_msgs/eufs_msgs/msg/detail/path_integral_timing__traits.hpp
-- Installing: /home/gera/Desktop/EUFS_FORK_CONTAINERIZED/eufs-f1-sim/ws/install/eufs_msgs/include/eufs_msgs/eufs_msgs/msg/detail/lap_stats__type_support.hpp
-- Installing: /home/gera/Desktop/EUFS_FORK_CONTAINERIZED/eufs-f1-sim/ws/install/eufs_msgs/include/eufs_msgs/eufs_msgs/msg/detail/wheel_speeds_stamped__type_support.hpp
-- Installing: /home/gera/Desktop/EUFS_FORK_CONTAINERIZED/eufs-f1-sim/ws/install/eufs_msgs/include/eufs_msgs/eufs_msgs/msg/detail/runstop__type_support.hpp
-- Installing: /home/gera/Desktop/EUFS_FORK_CONTAINERIZED/eufs-f1-sim/ws/install/eufs_msgs/include/eufs_msgs/eufs_msgs/msg/detail/lap_stats__traits.hpp
-- Installing: /home/gera/Desktop/EUFS_FORK_CONTAINERIZED/eufs-f1-sim/ws/install/eufs_msgs/include/eufs_msgs/eufs_msgs/msg/detail/cone_association_array_array_stamped__type_support.hpp
-- Installing: /home/gera/Desktop/EUFS_FORK_CONTAINERIZED/eufs-f1-sim/ws/install/eufs_msgs/include/eufs_msgs/eufs_msgs/msg/detail/mpc_state__traits.hpp
-- Installing: /home/gera/Desktop/EUFS_FORK_CONTAINERIZED/eufs-f1-sim/ws/install/eufs_msgs/include/eufs_msgs/eufs_msgs/msg/detail/node_state__struct.hpp
-- Installing: /home/gera/Desktop/EUFS_FORK_CONTAINERIZED/eufs-f1-sim/ws/install/eufs_msgs/include/eufs_msgs/eufs_msgs/msg/detail/particle_slam__builder.hpp
-- Installing: /home/gera/Desktop/EUFS_FORK_CONTAINERIZED/eufs-f1-sim/ws/install/eufs_msgs/include/eufs_msgs/eufs_msgs/msg/detail/pure_pursuit_checkpoint_array_stamped__traits.hpp
-- Installing: /home/gera/Desktop/EUFS_FORK_CONTAINERIZED/eufs-f1-sim/ws/install/eufs_msgs/include/eufs_msgs/eufs_msgs/msg/detail/cone_array__struct.hpp
-- Installing: /home/gera/Desktop/EUFS_FORK_CONTAINERIZED/eufs-f1-sim/ws/install/eufs_msgs/include/eufs_msgs/eufs_msgs/msg/detail/wheel_speeds__type_support.hpp
-- Installing: /home/gera/Desktop/EUFS_FORK_CONTAINERIZED/eufs-f1-sim/ws/install/eufs_msgs/include/eufs_msgs/eufs_msgs/msg/detail/cpu_status__type_support.hpp
-- Installing: /home/gera/Desktop/EUFS_FORK_CONTAINERIZED/eufs-f1-sim/ws/install/eufs_msgs/include/eufs_msgs/eufs_msgs/msg/detail/slam_state__struct.hpp
-- Installing: /home/gera/Desktop/EUFS_FORK_CONTAINERIZED/eufs-f1-sim/ws/install/eufs_msgs/include/eufs_msgs/eufs_msgs/msg/detail/car_forces__type_support.hpp
-- Installing: /home/gera/Desktop/EUFS_FORK_CONTAINERIZED/eufs-f1-sim/ws/install/eufs_msgs/include/eufs_msgs/eufs_msgs/msg/detail/cone_association_array__type_support.hpp
-- Installing: /home/gera/Desktop/EUFS_FORK_CONTAINERIZED/eufs-f1-sim/ws/install/eufs_msgs/include/eufs_msgs/eufs_msgs/msg/detail/stereo_image__traits.hpp
-- Installing: /home/gera/Desktop/EUFS_FORK_CONTAINERIZED/eufs-f1-sim/ws/install/eufs_msgs/include/eufs_msgs/eufs_msgs/msg/detail/state_machine_state__type_support.hpp
-- Installing: /home/gera/Desktop/EUFS_FORK_CONTAINERIZED/eufs-f1-sim/ws/install/eufs_msgs/include/eufs_msgs/eufs_msgs/msg/detail/car_forces__traits.hpp
-- Installing: /home/gera/Desktop/EUFS_FORK_CONTAINERIZED/eufs-f1-sim/ws/install/eufs_msgs/include/eufs_msgs/eufs_msgs/msg/detail/planning_mode__traits.hpp
-- Installing: /home/gera/Desktop/EUFS_FORK_CONTAINERIZED/eufs-f1-sim/ws/install/eufs_msgs/include/eufs_msgs/eufs_msgs/msg/detail/cpu_status__struct.hpp
-- Installing: /home/gera/Desktop/EUFS_FORK_CONTAINERIZED/eufs-f1-sim/ws/install/eufs_msgs/include/eufs_msgs/eufs_msgs/msg/detail/cone_array__type_support.hpp
-- Installing: /home/gera/Desktop/EUFS_FORK_CONTAINERIZED/eufs-f1-sim/ws/install/eufs_msgs/include/eufs_msgs/eufs_msgs/msg/detail/cone_with_color_probability_array__traits.hpp
-- Installing: /home/gera/Desktop/EUFS_FORK_CONTAINERIZED/eufs-f1-sim/ws/install/eufs_msgs/include/eufs_msgs/eufs_msgs/msg/detail/cone_with_color_probability__builder.hpp
-- Installing: /home/gera/Desktop/EUFS_FORK_CONTAINERIZED/eufs-f1-sim/ws/install/eufs_msgs/include/eufs_msgs/eufs_msgs/msg/detail/path_integral_timing__type_support.hpp
-- Installing: /home/gera/Desktop/EUFS_FORK_CONTAINERIZED/eufs-f1-sim/ws/install/eufs_msgs/include/eufs_msgs/eufs_msgs/msg/detail/cone_with_covariance__type_support.hpp
-- Installing: /home/gera/Desktop/EUFS_FORK_CONTAINERIZED/eufs-f1-sim/ws/install/eufs_msgs/include/eufs_msgs/eufs_msgs/msg/detail/can_state__traits.hpp
-- Installing: /home/gera/Desktop/EUFS_FORK_CONTAINERIZED/eufs-f1-sim/ws/install/eufs_msgs/include/eufs_msgs/eufs_msgs/msg/detail/topic_status__struct.hpp
-- Installing: /home/gera/Desktop/EUFS_FORK_CONTAINERIZED/eufs-f1-sim/ws/install/eufs_msgs/include/eufs_msgs/eufs_msgs/msg/detail/waypoint__builder.hpp
-- Installing: /home/gera/Desktop/EUFS_FORK_CONTAINERIZED/eufs-f1-sim/ws/install/eufs_msgs/include/eufs_msgs/eufs_msgs/msg/detail/full_state__traits.hpp
-- Installing: /home/gera/Desktop/EUFS_FORK_CONTAINERIZED/eufs-f1-sim/ws/install/eufs_msgs/include/eufs_msgs/eufs_msgs/msg/detail/car_state__traits.hpp
-- Installing: /home/gera/Desktop/EUFS_FORK_CONTAINERIZED/eufs-f1-sim/ws/install/eufs_msgs/include/eufs_msgs/eufs_msgs/msg/detail/planning_mode__builder.hpp
-- Installing: /home/gera/Desktop/EUFS_FORK_CONTAINERIZED/eufs-f1-sim/ws/install/eufs_msgs/include/eufs_msgs/eufs_msgs/msg/detail/pure_pursuit_checkpoint__type_support.hpp
-- Installing: /home/gera/Desktop/EUFS_FORK_CONTAINERIZED/eufs-f1-sim/ws/install/eufs_msgs/include/eufs_msgs/eufs_msgs/msg/detail/planning_mode__struct.hpp
-- Installing: /home/gera/Desktop/EUFS_FORK_CONTAINERIZED/eufs-f1-sim/ws/install/eufs_msgs/include/eufs_msgs/eufs_msgs/msg/detail/particle_slam__struct.hpp
-- Installing: /home/gera/Desktop/EUFS_FORK_CONTAINERIZED/eufs-f1-sim/ws/install/eufs_msgs/include/eufs_msgs/eufs_msgs/msg/chassis_state.hpp
-- Installing: /home/gera/Desktop/EUFS_FORK_CONTAINERIZED/eufs-f1-sim/ws/install/eufs_msgs/include/eufs_msgs/eufs_msgs/msg/cone_array.hpp
-- Installing: /home/gera/Desktop/EUFS_FORK_CONTAINERIZED/eufs-f1-sim/ws/install/eufs_msgs/include/eufs_msgs/eufs_msgs/msg/point_array.hpp
-- Installing: /home/gera/Desktop/EUFS_FORK_CONTAINERIZED/eufs-f1-sim/ws/install/eufs_msgs/include/eufs_msgs/eufs_msgs/msg/lap_stats.hpp
-- Installing: /home/gera/Desktop/EUFS_FORK_CONTAINERIZED/eufs-f1-sim/ws/install/eufs_msgs/include/eufs_msgs/eufs_msgs/msg/topic_status.hpp
-- Installing: /home/gera/Desktop/EUFS_FORK_CONTAINERIZED/eufs-f1-sim/ws/install/eufs_msgs/include/eufs_msgs/eufs_msgs/msg/cpu_status.hpp
-- Installing: /home/gera/Desktop/EUFS_FORK_CONTAINERIZED/eufs-f1-sim/ws/install/eufs_msgs/include/eufs_msgs/eufs_msgs/msg/waypoint_array_stamped.hpp
-- Installing: /home/gera/Desktop/EUFS_FORK_CONTAINERIZED/eufs-f1-sim/ws/install/eufs_msgs/include/eufs_msgs/eufs_msgs/msg/wheel_odometry_err.hpp
-- Installing: /home/gera/Desktop/EUFS_FORK_CONTAINERIZED/eufs-f1-sim/ws/install/eufs_msgs/include/eufs_msgs/eufs_msgs/msg/node_state.hpp
-- Installing: /home/gera/Desktop/EUFS_FORK_CONTAINERIZED/eufs-f1-sim/ws/install/eufs_msgs/include/eufs_msgs/eufs_msgs/msg/particle.hpp
-- Installing: /home/gera/Desktop/EUFS_FORK_CONTAINERIZED/eufs-f1-sim/ws/install/eufs_msgs/include/eufs_msgs/eufs_msgs/msg/cpu_usage.hpp
-- Installing: /home/gera/Desktop/EUFS_FORK_CONTAINERIZED/eufs-f1-sim/ws/install/eufs_msgs/include/eufs_msgs/eufs_msgs/msg/pure_pursuit_checkpoint_array_stamped.hpp
-- Installing: /home/gera/Desktop/EUFS_FORK_CONTAINERIZED/eufs-f1-sim/ws/install/eufs_msgs/include/eufs_msgs/eufs_msgs/msg/cone_association_array.hpp
-- Installing: /home/gera/Desktop/EUFS_FORK_CONTAINERIZED/eufs-f1-sim/ws/install/eufs_msgs/include/eufs_msgs/eufs_msgs/msg/slam_state.hpp
-- Installing: /home/gera/Desktop/EUFS_FORK_CONTAINERIZED/eufs-f1-sim/ws/install/eufs_msgs/include/eufs_msgs/eufs_msgs/msg/ekf_state.hpp
-- Installing: /home/gera/Desktop/EUFS_FORK_CONTAINERIZED/eufs-f1-sim/ws/install/eufs_msgs/include/eufs_msgs/eufs_msgs/msg/slam_err.hpp
-- Installing: /home/gera/Desktop/EUFS_FORK_CONTAINERIZED/eufs-f1-sim/ws/install/eufs_msgs/include/eufs_msgs/eufs_msgs/msg/path_integral_status.hpp
-- Installing: /home/gera/Desktop/EUFS_FORK_CONTAINERIZED/eufs-f1-sim/ws/install/eufs_msgs/include/eufs_msgs/eufs_msgs/msg/cone_association_array_array_stamped.hpp
-- Installing: /home/gera/Desktop/EUFS_FORK_CONTAINERIZED/eufs-f1-sim/ws/install/eufs_msgs/include/eufs_msgs/eufs_msgs/msg/integration_err.hpp
-- Installing: /home/gera/Desktop/EUFS_FORK_CONTAINERIZED/eufs-f1-sim/ws/install/eufs_msgs/include/eufs_msgs/eufs_msgs/msg/particle_slam.hpp
-- Installing: /home/gera/Desktop/EUFS_FORK_CONTAINERIZED/eufs-f1-sim/ws/install/eufs_msgs/include/eufs_msgs/eufs_msgs/msg/point_array_stamped.hpp
-- Installing: /home/gera/Desktop/EUFS_FORK_CONTAINERIZED/eufs-f1-sim/ws/install/eufs_msgs/include/eufs_msgs/eufs_msgs/msg/wheel_speeds_stamped.hpp
-- Installing: /home/gera/Desktop/EUFS_FORK_CONTAINERIZED/eufs-f1-sim/ws/install/eufs_msgs/include/eufs_msgs/eufs_msgs/msg/bounding_boxes.hpp
-- Installing: /home/gera/Desktop/EUFS_FORK_CONTAINERIZED/eufs-f1-sim/ws/install/eufs_msgs/include/eufs_msgs/eufs_msgs/msg/heartbeat.hpp
-- Installing: /home/gera/Desktop/EUFS_FORK_CONTAINERIZED/eufs-f1-sim/ws/install/eufs_msgs/include/eufs_msgs/eufs_msgs/msg/chassis_command.hpp
-- Installing: /home/gera/Desktop/EUFS_FORK_CONTAINERIZED/eufs-f1-sim/ws/install/eufs_msgs/include/eufs_msgs/eufs_msgs/msg/cone_association_array_stamped.hpp
-- Installing: /home/gera/Desktop/EUFS_FORK_CONTAINERIZED/eufs-f1-sim/ws/install/eufs_msgs/include/eufs_msgs/eufs_msgs/msg/rosidl_generator_cpp__visibility_control.hpp
-- Installing: /home/gera/Desktop/EUFS_FORK_CONTAINERIZED/eufs-f1-sim/ws/install/eufs_msgs/include/eufs_msgs/eufs_msgs/msg/car_state.hpp
-- Installing: /home/gera/Desktop/EUFS_FORK_CONTAINERIZED/eufs-f1-sim/ws/install/eufs_msgs/include/eufs_msgs/eufs_msgs/msg/car_forces.hpp
-- Installing: /home/gera/Desktop/EUFS_FORK_CONTAINERIZED/eufs-f1-sim/ws/install/eufs_msgs/include/eufs_msgs/eufs_msgs/msg/vehicle_commands_stamped.hpp
-- Installing: /home/gera/Desktop/EUFS_FORK_CONTAINERIZED/eufs-f1-sim/ws/install/eufs_msgs/include/eufs_msgs/eufs_msgs/msg/vehicle_commands.hpp
-- Installing: /home/gera/Desktop/EUFS_FORK_CONTAINERIZED/eufs-f1-sim/ws/install/eufs_msgs/include/eufs_msgs/eufs_msgs/msg/cone_array_with_covariance.hpp
-- Installing: /home/gera/Desktop/EUFS_FORK_CONTAINERIZED/eufs-f1-sim/ws/install/eufs_msgs/include/eufs_msgs/eufs_msgs/msg/bounding_box.hpp
-- Installing: /home/gera/Desktop/EUFS_FORK_CONTAINERIZED/eufs-f1-sim/ws/install/eufs_msgs/include/eufs_msgs/eufs_msgs/msg/path_integral_params.hpp
-- Installing: /home/gera/Desktop/EUFS_FORK_CONTAINERIZED/eufs-f1-sim/ws/install/eufs_msgs/include/eufs_msgs/eufs_msgs/msg/cone_with_covariance.hpp
-- Installing: /home/gera/Desktop/EUFS_FORK_CONTAINERIZED/eufs-f1-sim/ws/install/eufs_msgs/include/eufs_msgs/eufs_msgs/msg/mpc_state.hpp
-- Up-to-date: /home/gera/Desktop/EUFS_FORK_CONTAINERIZED/eufs-f1-sim/ws/install/eufs_msgs/include/eufs_msgs/eufs_msgs
-- Up-to-date: /home/gera/Desktop/EUFS_FORK_CONTAINERIZED/eufs-f1-sim/ws/install/eufs_msgs/include/eufs_msgs/eufs_msgs/action
-- Up-to-date: /home/gera/Desktop/EUFS_FORK_CONTAINERIZED/eufs-f1-sim/ws/install/eufs_msgs/include/eufs_msgs/eufs_msgs/action/detail
-- Installing: /home/gera/Desktop/EUFS_FORK_CONTAINERIZED/eufs-f1-sim/ws/install/eufs_msgs/include/eufs_msgs/eufs_msgs/action/detail/check_for_objects__rosidl_typesupport_fastrtps_cpp.hpp
-- Installing: /home/gera/Desktop/EUFS_FORK_CONTAINERIZED/eufs-f1-sim/ws/install/eufs_msgs/include/eufs_msgs/eufs_msgs/action/detail/dds_fastrtps
-- Up-to-date: /home/gera/Desktop/EUFS_FORK_CONTAINERIZED/eufs-f1-sim/ws/install/eufs_msgs/include/eufs_msgs/eufs_msgs/srv
-- Up-to-date: /home/gera/Desktop/EUFS_FORK_CONTAINERIZED/eufs-f1-sim/ws/install/eufs_msgs/include/eufs_msgs/eufs_msgs/srv/detail
-- Installing: /home/gera/Desktop/EUFS_FORK_CONTAINERIZED/eufs-f1-sim/ws/install/eufs_msgs/include/eufs_msgs/eufs_msgs/srv/detail/set_string__rosidl_typesupport_fastrtps_cpp.hpp
-- Installing: /home/gera/Desktop/EUFS_FORK_CONTAINERIZED/eufs-f1-sim/ws/install/eufs_msgs/include/eufs_msgs/eufs_msgs/srv/detail/record_stop__rosidl_typesupport_fastrtps_cpp.hpp
-- Installing: /home/gera/Desktop/EUFS_FORK_CONTAINERIZED/eufs-f1-sim/ws/install/eufs_msgs/include/eufs_msgs/eufs_msgs/srv/detail/register__rosidl_typesupport_fastrtps_cpp.hpp
-- Installing: /home/gera/Desktop/EUFS_FORK_CONTAINERIZED/eufs-f1-sim/ws/install/eufs_msgs/include/eufs_msgs/eufs_msgs/srv/detail/set_track__rosidl_typesupport_fastrtps_cpp.hpp
-- Installing: /home/gera/Desktop/EUFS_FORK_CONTAINERIZED/eufs-f1-sim/ws/install/eufs_msgs/include/eufs_msgs/eufs_msgs/srv/detail/record_start__rosidl_typesupport_fastrtps_cpp.hpp
-- Installing: /home/gera/Desktop/EUFS_FORK_CONTAINERIZED/eufs-f1-sim/ws/install/eufs_msgs/include/eufs_msgs/eufs_msgs/srv/detail/set_mission__rosidl_typesupport_fastrtps_cpp.hpp
-- Installing: /home/gera/Desktop/EUFS_FORK_CONTAINERIZED/eufs-f1-sim/ws/install/eufs_msgs/include/eufs_msgs/eufs_msgs/srv/detail/get_map__rosidl_typesupport_fastrtps_cpp.hpp
-- Installing: /home/gera/Desktop/EUFS_FORK_CONTAINERIZED/eufs-f1-sim/ws/install/eufs_msgs/include/eufs_msgs/eufs_msgs/srv/detail/set_can_state__rosidl_typesupport_fastrtps_cpp.hpp
-- Installing: /home/gera/Desktop/EUFS_FORK_CONTAINERIZED/eufs-f1-sim/ws/install/eufs_msgs/include/eufs_msgs/eufs_msgs/srv/detail/dds_fastrtps
-- Up-to-date: /home/gera/Desktop/EUFS_FORK_CONTAINERIZED/eufs-f1-sim/ws/install/eufs_msgs/include/eufs_msgs/eufs_msgs/msg
-- Installing: /home/gera/Desktop/EUFS_FORK_CONTAINERIZED/eufs-f1-sim/ws/install/eufs_msgs/include/eufs_msgs/eufs_msgs/msg/rosidl_typesupport_fastrtps_cpp__visibility_control.h
-- Up-to-date: /home/gera/Desktop/EUFS_FORK_CONTAINERIZED/eufs-f1-sim/ws/install/eufs_msgs/include/eufs_msgs/eufs_msgs/msg/detail
-- Installing: /home/gera/Desktop/EUFS_FORK_CONTAINERIZED/eufs-f1-sim/ws/install/eufs_msgs/include/eufs_msgs/eufs_msgs/msg/detail/heartbeat__rosidl_typesupport_fastrtps_cpp.hpp
-- Installing: /home/gera/Desktop/EUFS_FORK_CONTAINERIZED/eufs-f1-sim/ws/install/eufs_msgs/include/eufs_msgs/eufs_msgs/msg/detail/slam_err__rosidl_typesupport_fastrtps_cpp.hpp
-- Installing: /home/gera/Desktop/EUFS_FORK_CONTAINERIZED/eufs-f1-sim/ws/install/eufs_msgs/include/eufs_msgs/eufs_msgs/msg/detail/wheel_speeds__rosidl_typesupport_fastrtps_cpp.hpp
-- Installing: /home/gera/Desktop/EUFS_FORK_CONTAINERIZED/eufs-f1-sim/ws/install/eufs_msgs/include/eufs_msgs/eufs_msgs/msg/detail/cone_array_with_covariance__rosidl_typesupport_fastrtps_cpp.hpp
-- Installing: /home/gera/Desktop/EUFS_FORK_CONTAINERIZED/eufs-f1-sim/ws/install/eufs_msgs/include/eufs_msgs/eufs_msgs/msg/detail/node_state__rosidl_typesupport_fastrtps_cpp.hpp
-- Installing: /home/gera/Desktop/EUFS_FORK_CONTAINERIZED/eufs-f1-sim/ws/install/eufs_msgs/include/eufs_msgs/eufs_msgs/msg/detail/path_integral_stats__rosidl_typesupport_fastrtps_cpp.hpp
-- Installing: /home/gera/Desktop/EUFS_FORK_CONTAINERIZED/eufs-f1-sim/ws/install/eufs_msgs/include/eufs_msgs/eufs_msgs/msg/detail/cone_association__rosidl_typesupport_fastrtps_cpp.hpp
-- Installing: /home/gera/Desktop/EUFS_FORK_CONTAINERIZED/eufs-f1-sim/ws/install/eufs_msgs/include/eufs_msgs/eufs_msgs/msg/detail/path_integral_timing__rosidl_typesupport_fastrtps_cpp.hpp
-- Installing: /home/gera/Desktop/EUFS_FORK_CONTAINERIZED/eufs-f1-sim/ws/install/eufs_msgs/include/eufs_msgs/eufs_msgs/msg/detail/vehicle_commands__rosidl_typesupport_fastrtps_cpp.hpp
-- Installing: /home/gera/Desktop/EUFS_FORK_CONTAINERIZED/eufs-f1-sim/ws/install/eufs_msgs/include/eufs_msgs/eufs_msgs/msg/detail/pure_pursuit_checkpoint__rosidl_typesupport_fastrtps_cpp.hpp
-- Installing: /home/gera/Desktop/EUFS_FORK_CONTAINERIZED/eufs-f1-sim/ws/install/eufs_msgs/include/eufs_msgs/eufs_msgs/msg/detail/lap_stats__rosidl_typesupport_fastrtps_cpp.hpp
-- Installing: /home/gera/Desktop/EUFS_FORK_CONTAINERIZED/eufs-f1-sim/ws/install/eufs_msgs/include/eufs_msgs/eufs_msgs/msg/detail/state_machine_state__rosidl_typesupport_fastrtps_cpp.hpp
-- Installing: /home/gera/Desktop/EUFS_FORK_CONTAINERIZED/eufs-f1-sim/ws/install/eufs_msgs/include/eufs_msgs/eufs_msgs/msg/detail/pure_pursuit_checkpoint_array_stamped__rosidl_typesupport_fastrtps_cpp.hpp
-- Installing: /home/gera/Desktop/EUFS_FORK_CONTAINERIZED/eufs-f1-sim/ws/install/eufs_msgs/include/eufs_msgs/eufs_msgs/msg/detail/bounding_box__rosidl_typesupport_fastrtps_cpp.hpp
-- Installing: /home/gera/Desktop/EUFS_FORK_CONTAINERIZED/eufs-f1-sim/ws/install/eufs_msgs/include/eufs_msgs/eufs_msgs/msg/detail/waypoint__rosidl_typesupport_fastrtps_cpp.hpp
-- Installing: /home/gera/Desktop/EUFS_FORK_CONTAINERIZED/eufs-f1-sim/ws/install/eufs_msgs/include/eufs_msgs/eufs_msgs/msg/detail/path_integral_status__rosidl_typesupport_fastrtps_cpp.hpp
-- Installing: /home/gera/Desktop/EUFS_FORK_CONTAINERIZED/eufs-f1-sim/ws/install/eufs_msgs/include/eufs_msgs/eufs_msgs/msg/detail/path_integral_params__rosidl_typesupport_fastrtps_cpp.hpp
-- Installing: /home/gera/Desktop/EUFS_FORK_CONTAINERIZED/eufs-f1-sim/ws/install/eufs_msgs/include/eufs_msgs/eufs_msgs/msg/detail/system_status__rosidl_typesupport_fastrtps_cpp.hpp
-- Installing: /home/gera/Desktop/EUFS_FORK_CONTAINERIZED/eufs-f1-sim/ws/install/eufs_msgs/include/eufs_msgs/eufs_msgs/msg/detail/node_state_array__rosidl_typesupport_fastrtps_cpp.hpp
-- Installing: /home/gera/Desktop/EUFS_FORK_CONTAINERIZED/eufs-f1-sim/ws/install/eufs_msgs/include/eufs_msgs/eufs_msgs/msg/detail/runstop__rosidl_typesupport_fastrtps_cpp.hpp
-- Installing: /home/gera/Desktop/EUFS_FORK_CONTAINERIZED/eufs-f1-sim/ws/install/eufs_msgs/include/eufs_msgs/eufs_msgs/msg/detail/cone_association_array_stamped__rosidl_typesupport_fastrtps_cpp.hpp
-- Installing: /home/gera/Desktop/EUFS_FORK_CONTAINERIZED/eufs-f1-sim/ws/install/eufs_msgs/include/eufs_msgs/eufs_msgs/msg/detail/waypoint_array_stamped__rosidl_typesupport_fastrtps_cpp.hpp
-- Installing: /home/gera/Desktop/EUFS_FORK_CONTAINERIZED/eufs-f1-sim/ws/install/eufs_msgs/include/eufs_msgs/eufs_msgs/msg/detail/mpc_state__rosidl_typesupport_fastrtps_cpp.hpp
-- Installing: /home/gera/Desktop/EUFS_FORK_CONTAINERIZED/eufs-f1-sim/ws/install/eufs_msgs/include/eufs_msgs/eufs_msgs/msg/detail/topic_status__rosidl_typesupport_fastrtps_cpp.hpp
-- Installing: /home/gera/Desktop/EUFS_FORK_CONTAINERIZED/eufs-f1-sim/ws/install/eufs_msgs/include/eufs_msgs/eufs_msgs/msg/detail/particle_stamped__rosidl_typesupport_fastrtps_cpp.hpp
-- Installing: /home/gera/Desktop/EUFS_FORK_CONTAINERIZED/eufs-f1-sim/ws/install/eufs_msgs/include/eufs_msgs/eufs_msgs/msg/detail/ekf_state__rosidl_typesupport_fastrtps_cpp.hpp
-- Installing: /home/gera/Desktop/EUFS_FORK_CONTAINERIZED/eufs-f1-sim/ws/install/eufs_msgs/include/eufs_msgs/eufs_msgs/msg/detail/can_state__rosidl_typesupport_fastrtps_cpp.hpp
-- Installing: /home/gera/Desktop/EUFS_FORK_CONTAINERIZED/eufs-f1-sim/ws/install/eufs_msgs/include/eufs_msgs/eufs_msgs/msg/detail/bounding_boxes__rosidl_typesupport_fastrtps_cpp.hpp
-- Installing: /home/gera/Desktop/EUFS_FORK_CONTAINERIZED/eufs-f1-sim/ws/install/eufs_msgs/include/eufs_msgs/eufs_msgs/msg/detail/cone_with_color_probability__rosidl_typesupport_fastrtps_cpp.hpp
-- Installing: /home/gera/Desktop/EUFS_FORK_CONTAINERIZED/eufs-f1-sim/ws/install/eufs_msgs/include/eufs_msgs/eufs_msgs/msg/detail/costmap__rosidl_typesupport_fastrtps_cpp.hpp
-- Installing: /home/gera/Desktop/EUFS_FORK_CONTAINERIZED/eufs-f1-sim/ws/install/eufs_msgs/include/eufs_msgs/eufs_msgs/msg/detail/chassis_command__rosidl_typesupport_fastrtps_cpp.hpp
-- Installing: /home/gera/Desktop/EUFS_FORK_CONTAINERIZED/eufs-f1-sim/ws/install/eufs_msgs/include/eufs_msgs/eufs_msgs/msg/detail/chassis_state__rosidl_typesupport_fastrtps_cpp.hpp
-- Installing: /home/gera/Desktop/EUFS_FORK_CONTAINERIZED/eufs-f1-sim/ws/install/eufs_msgs/include/eufs_msgs/eufs_msgs/msg/detail/point_array__rosidl_typesupport_fastrtps_cpp.hpp
-- Installing: /home/gera/Desktop/EUFS_FORK_CONTAINERIZED/eufs-f1-sim/ws/install/eufs_msgs/include/eufs_msgs/eufs_msgs/msg/detail/cpu_status__rosidl_typesupport_fastrtps_cpp.hpp
-- Installing: /home/gera/Desktop/EUFS_FORK_CONTAINERIZED/eufs-f1-sim/ws/install/eufs_msgs/include/eufs_msgs/eufs_msgs/msg/detail/ekf_err__rosidl_typesupport_fastrtps_cpp.hpp
-- Installing: /home/gera/Desktop/EUFS_FORK_CONTAINERIZED/eufs-f1-sim/ws/install/eufs_msgs/include/eufs_msgs/eufs_msgs/msg/detail/integration_err__rosidl_typesupport_fastrtps_cpp.hpp
-- Installing: /home/gera/Desktop/EUFS_FORK_CONTAINERIZED/eufs-f1-sim/ws/install/eufs_msgs/include/eufs_msgs/eufs_msgs/msg/detail/particle_slam__rosidl_typesupport_fastrtps_cpp.hpp
-- Installing: /home/gera/Desktop/EUFS_FORK_CONTAINERIZED/eufs-f1-sim/ws/install/eufs_msgs/include/eufs_msgs/eufs_msgs/msg/detail/cone_association_array_array_stamped__rosidl_typesupport_fastrtps_cpp.hpp
-- Installing: /home/gera/Desktop/EUFS_FORK_CONTAINERIZED/eufs-f1-sim/ws/install/eufs_msgs/include/eufs_msgs/eufs_msgs/msg/detail/cone_array__rosidl_typesupport_fastrtps_cpp.hpp
-- Installing: /home/gera/Desktop/EUFS_FORK_CONTAINERIZED/eufs-f1-sim/ws/install/eufs_msgs/include/eufs_msgs/eufs_msgs/msg/detail/car_forces__rosidl_typesupport_fastrtps_cpp.hpp
-- Installing: /home/gera/Desktop/EUFS_FORK_CONTAINERIZED/eufs-f1-sim/ws/install/eufs_msgs/include/eufs_msgs/eufs_msgs/msg/detail/vehicle_commands_stamped__rosidl_typesupport_fastrtps_cpp.hpp
-- Installing: /home/gera/Desktop/EUFS_FORK_CONTAINERIZED/eufs-f1-sim/ws/install/eufs_msgs/include/eufs_msgs/eufs_msgs/msg/detail/car_state__rosidl_typesupport_fastrtps_cpp.hpp
-- Installing: /home/gera/Desktop/EUFS_FORK_CONTAINERIZED/eufs-f1-sim/ws/install/eufs_msgs/include/eufs_msgs/eufs_msgs/msg/detail/full_state__rosidl_typesupport_fastrtps_cpp.hpp
-- Installing: /home/gera/Desktop/EUFS_FORK_CONTAINERIZED/eufs-f1-sim/ws/install/eufs_msgs/include/eufs_msgs/eufs_msgs/msg/detail/particle_slam_stamped__rosidl_typesupport_fastrtps_cpp.hpp
-- Installing: /home/gera/Desktop/EUFS_FORK_CONTAINERIZED/eufs-f1-sim/ws/install/eufs_msgs/include/eufs_msgs/eufs_msgs/msg/detail/cone_association_array__rosidl_typesupport_fastrtps_cpp.hpp
-- Installing: /home/gera/Desktop/EUFS_FORK_CONTAINERIZED/eufs-f1-sim/ws/install/eufs_msgs/include/eufs_msgs/eufs_msgs/msg/detail/cone_with_color_probability_array__rosidl_typesupport_fastrtps_cpp.hpp
-- Installing: /home/gera/Desktop/EUFS_FORK_CONTAINERIZED/eufs-f1-sim/ws/install/eufs_msgs/include/eufs_msgs/eufs_msgs/msg/detail/cone_with_covariance__rosidl_typesupport_fastrtps_cpp.hpp
-- Installing: /home/gera/Desktop/EUFS_FORK_CONTAINERIZED/eufs-f1-sim/ws/install/eufs_msgs/include/eufs_msgs/eufs_msgs/msg/detail/particle__rosidl_typesupport_fastrtps_cpp.hpp
-- Installing: /home/gera/Desktop/EUFS_FORK_CONTAINERIZED/eufs-f1-sim/ws/install/eufs_msgs/include/eufs_msgs/eufs_msgs/msg/detail/wheel_odometry_err__rosidl_typesupport_fastrtps_cpp.hpp
-- Installing: /home/gera/Desktop/EUFS_FORK_CONTAINERIZED/eufs-f1-sim/ws/install/eufs_msgs/include/eufs_msgs/eufs_msgs/msg/detail/cpu_usage__rosidl_typesupport_fastrtps_cpp.hpp
-- Installing: /home/gera/Desktop/EUFS_FORK_CONTAINERIZED/eufs-f1-sim/ws/install/eufs_msgs/include/eufs_msgs/eufs_msgs/msg/detail/wheel_speeds_stamped__rosidl_typesupport_fastrtps_cpp.hpp
-- Installing: /home/gera/Desktop/EUFS_FORK_CONTAINERIZED/eufs-f1-sim/ws/install/eufs_msgs/include/eufs_msgs/eufs_msgs/msg/detail/dds_fastrtps
-- Installing: /home/gera/Desktop/EUFS_FORK_CONTAINERIZED/eufs-f1-sim/ws/install/eufs_msgs/include/eufs_msgs/eufs_msgs/msg/detail/oss__rosidl_typesupport_fastrtps_cpp.hpp
-- Installing: /home/gera/Desktop/EUFS_FORK_CONTAINERIZED/eufs-f1-sim/ws/install/eufs_msgs/include/eufs_msgs/eufs_msgs/msg/detail/planning_mode__rosidl_typesupport_fastrtps_cpp.hpp
-- Installing: /home/gera/Desktop/EUFS_FORK_CONTAINERIZED/eufs-f1-sim/ws/install/eufs_msgs/include/eufs_msgs/eufs_msgs/msg/detail/point_array_stamped__rosidl_typesupport_fastrtps_cpp.hpp
-- Installing: /home/gera/Desktop/EUFS_FORK_CONTAINERIZED/eufs-f1-sim/ws/install/eufs_msgs/include/eufs_msgs/eufs_msgs/msg/detail/slam_state__rosidl_typesupport_fastrtps_cpp.hpp
-- Installing: /home/gera/Desktop/EUFS_FORK_CONTAINERIZED/eufs-f1-sim/ws/install/eufs_msgs/include/eufs_msgs/eufs_msgs/msg/detail/stereo_image__rosidl_typesupport_fastrtps_cpp.hpp
-- Installing: /home/gera/Desktop/EUFS_FORK_CONTAINERIZED/eufs-f1-sim/ws/install/eufs_msgs/lib/libeufs_msgs__rosidl_typesupport_fastrtps_cpp.so
-- Set runtime path of "/home/gera/Desktop/EUFS_FORK_CONTAINERIZED/eufs-f1-sim/ws/install/eufs_msgs/lib/libeufs_msgs__rosidl_typesupport_fastrtps_cpp.so" to ""
-- Up-to-date: /home/gera/Desktop/EUFS_FORK_CONTAINERIZED/eufs-f1-sim/ws/install/eufs_msgs/include/eufs_msgs/eufs_msgs
-- Up-to-date: /home/gera/Desktop/EUFS_FORK_CONTAINERIZED/eufs-f1-sim/ws/install/eufs_msgs/include/eufs_msgs/eufs_msgs/action
-- Up-to-date: /home/gera/Desktop/EUFS_FORK_CONTAINERIZED/eufs-f1-sim/ws/install/eufs_msgs/include/eufs_msgs/eufs_msgs/action/detail
-- Installing: /home/gera/Desktop/EUFS_FORK_CONTAINERIZED/eufs-f1-sim/ws/install/eufs_msgs/include/eufs_msgs/eufs_msgs/action/detail/check_for_objects__rosidl_typesupport_introspection_cpp.hpp
-- Installing: /home/gera/Desktop/EUFS_FORK_CONTAINERIZED/eufs-f1-sim/ws/install/eufs_msgs/include/eufs_msgs/eufs_msgs/action/detail/check_for_objects__type_support.cpp
-- Up-to-date: /home/gera/Desktop/EUFS_FORK_CONTAINERIZED/eufs-f1-sim/ws/install/eufs_msgs/include/eufs_msgs/eufs_msgs/srv
-- Up-to-date: /home/gera/Desktop/EUFS_FORK_CONTAINERIZED/eufs-f1-sim/ws/install/eufs_msgs/include/eufs_msgs/eufs_msgs/srv/detail
-- Installing: /home/gera/Desktop/EUFS_FORK_CONTAINERIZED/eufs-f1-sim/ws/install/eufs_msgs/include/eufs_msgs/eufs_msgs/srv/detail/set_can_state__rosidl_typesupport_introspection_cpp.hpp
-- Installing: /home/gera/Desktop/EUFS_FORK_CONTAINERIZED/eufs-f1-sim/ws/install/eufs_msgs/include/eufs_msgs/eufs_msgs/srv/detail/record_start__rosidl_typesupport_introspection_cpp.hpp
-- Installing: /home/gera/Desktop/EUFS_FORK_CONTAINERIZED/eufs-f1-sim/ws/install/eufs_msgs/include/eufs_msgs/eufs_msgs/srv/detail/register__rosidl_typesupport_introspection_cpp.hpp
-- Installing: /home/gera/Desktop/EUFS_FORK_CONTAINERIZED/eufs-f1-sim/ws/install/eufs_msgs/include/eufs_msgs/eufs_msgs/srv/detail/set_track__type_support.cpp
-- Installing: /home/gera/Desktop/EUFS_FORK_CONTAINERIZED/eufs-f1-sim/ws/install/eufs_msgs/include/eufs_msgs/eufs_msgs/srv/detail/get_map__rosidl_typesupport_introspection_cpp.hpp
-- Installing: /home/gera/Desktop/EUFS_FORK_CONTAINERIZED/eufs-f1-sim/ws/install/eufs_msgs/include/eufs_msgs/eufs_msgs/srv/detail/set_string__type_support.cpp
-- Installing: /home/gera/Desktop/EUFS_FORK_CONTAINERIZED/eufs-f1-sim/ws/install/eufs_msgs/include/eufs_msgs/eufs_msgs/srv/detail/set_mission__rosidl_typesupport_introspection_cpp.hpp
-- Installing: /home/gera/Desktop/EUFS_FORK_CONTAINERIZED/eufs-f1-sim/ws/install/eufs_msgs/include/eufs_msgs/eufs_msgs/srv/detail/set_string__rosidl_typesupport_introspection_cpp.hpp
-- Installing: /home/gera/Desktop/EUFS_FORK_CONTAINERIZED/eufs-f1-sim/ws/install/eufs_msgs/include/eufs_msgs/eufs_msgs/srv/detail/get_map__type_support.cpp
-- Installing: /home/gera/Desktop/EUFS_FORK_CONTAINERIZED/eufs-f1-sim/ws/install/eufs_msgs/include/eufs_msgs/eufs_msgs/srv/detail/set_can_state__type_support.cpp
-- Installing: /home/gera/Desktop/EUFS_FORK_CONTAINERIZED/eufs-f1-sim/ws/install/eufs_msgs/include/eufs_msgs/eufs_msgs/srv/detail/set_mission__type_support.cpp
-- Installing: /home/gera/Desktop/EUFS_FORK_CONTAINERIZED/eufs-f1-sim/ws/install/eufs_msgs/include/eufs_msgs/eufs_msgs/srv/detail/register__type_support.cpp
-- Installing: /home/gera/Desktop/EUFS_FORK_CONTAINERIZED/eufs-f1-sim/ws/install/eufs_msgs/include/eufs_msgs/eufs_msgs/srv/detail/record_start__type_support.cpp
-- Installing: /home/gera/Desktop/EUFS_FORK_CONTAINERIZED/eufs-f1-sim/ws/install/eufs_msgs/include/eufs_msgs/eufs_msgs/srv/detail/record_stop__rosidl_typesupport_introspection_cpp.hpp
-- Installing: /home/gera/Desktop/EUFS_FORK_CONTAINERIZED/eufs-f1-sim/ws/install/eufs_msgs/include/eufs_msgs/eufs_msgs/srv/detail/set_track__rosidl_typesupport_introspection_cpp.hpp
-- Installing: /home/gera/Desktop/EUFS_FORK_CONTAINERIZED/eufs-f1-sim/ws/install/eufs_msgs/include/eufs_msgs/eufs_msgs/srv/detail/record_stop__type_support.cpp
-- Up-to-date: /home/gera/Desktop/EUFS_FORK_CONTAINERIZED/eufs-f1-sim/ws/install/eufs_msgs/include/eufs_msgs/eufs_msgs/msg
-- Up-to-date: /home/gera/Desktop/EUFS_FORK_CONTAINERIZED/eufs-f1-sim/ws/install/eufs_msgs/include/eufs_msgs/eufs_msgs/msg/detail
-- Installing: /home/gera/Desktop/EUFS_FORK_CONTAINERIZED/eufs-f1-sim/ws/install/eufs_msgs/include/eufs_msgs/eufs_msgs/msg/detail/cone_array_with_covariance__rosidl_typesupport_introspection_cpp.hpp
-- Installing: /home/gera/Desktop/EUFS_FORK_CONTAINERIZED/eufs-f1-sim/ws/install/eufs_msgs/include/eufs_msgs/eufs_msgs/msg/detail/costmap__rosidl_typesupport_introspection_cpp.hpp
-- Installing: /home/gera/Desktop/EUFS_FORK_CONTAINERIZED/eufs-f1-sim/ws/install/eufs_msgs/include/eufs_msgs/eufs_msgs/msg/detail/path_integral_timing__type_support.cpp
-- Installing: /home/gera/Desktop/EUFS_FORK_CONTAINERIZED/eufs-f1-sim/ws/install/eufs_msgs/include/eufs_msgs/eufs_msgs/msg/detail/chassis_command__rosidl_typesupport_introspection_cpp.hpp
-- Installing: /home/gera/Desktop/EUFS_FORK_CONTAINERIZED/eufs-f1-sim/ws/install/eufs_msgs/include/eufs_msgs/eufs_msgs/msg/detail/node_state__type_support.cpp
-- Installing: /home/gera/Desktop/EUFS_FORK_CONTAINERIZED/eufs-f1-sim/ws/install/eufs_msgs/include/eufs_msgs/eufs_msgs/msg/detail/wheel_odometry_err__rosidl_typesupport_introspection_cpp.hpp
-- Installing: /home/gera/Desktop/EUFS_FORK_CONTAINERIZED/eufs-f1-sim/ws/install/eufs_msgs/include/eufs_msgs/eufs_msgs/msg/detail/ekf_state__rosidl_typesupport_introspection_cpp.hpp
-- Installing: /home/gera/Desktop/EUFS_FORK_CONTAINERIZED/eufs-f1-sim/ws/install/eufs_msgs/include/eufs_msgs/eufs_msgs/msg/detail/cone_with_color_probability__type_support.cpp
-- Installing: /home/gera/Desktop/EUFS_FORK_CONTAINERIZED/eufs-f1-sim/ws/install/eufs_msgs/include/eufs_msgs/eufs_msgs/msg/detail/state_machine_state__rosidl_typesupport_introspection_cpp.hpp
-- Installing: /home/gera/Desktop/EUFS_FORK_CONTAINERIZED/eufs-f1-sim/ws/install/eufs_msgs/include/eufs_msgs/eufs_msgs/msg/detail/pure_pursuit_checkpoint_array_stamped__type_support.cpp
-- Installing: /home/gera/Desktop/EUFS_FORK_CONTAINERIZED/eufs-f1-sim/ws/install/eufs_msgs/include/eufs_msgs/eufs_msgs/msg/detail/cone_with_covariance__type_support.cpp
-- Installing: /home/gera/Desktop/EUFS_FORK_CONTAINERIZED/eufs-f1-sim/ws/install/eufs_msgs/include/eufs_msgs/eufs_msgs/msg/detail/system_status__type_support.cpp
-- Installing: /home/gera/Desktop/EUFS_FORK_CONTAINERIZED/eufs-f1-sim/ws/install/eufs_msgs/include/eufs_msgs/eufs_msgs/msg/detail/mpc_state__rosidl_typesupport_introspection_cpp.hpp
-- Installing: /home/gera/Desktop/EUFS_FORK_CONTAINERIZED/eufs-f1-sim/ws/install/eufs_msgs/include/eufs_msgs/eufs_msgs/msg/detail/path_integral_params__rosidl_typesupport_introspection_cpp.hpp
-- Installing: /home/gera/Desktop/EUFS_FORK_CONTAINERIZED/eufs-f1-sim/ws/install/eufs_msgs/include/eufs_msgs/eufs_msgs/msg/detail/particle_slam__rosidl_typesupport_introspection_cpp.hpp
-- Installing: /home/gera/Desktop/EUFS_FORK_CONTAINERIZED/eufs-f1-sim/ws/install/eufs_msgs/include/eufs_msgs/eufs_msgs/msg/detail/cone_with_covariance__rosidl_typesupport_introspection_cpp.hpp
-- Installing: /home/gera/Desktop/EUFS_FORK_CONTAINERIZED/eufs-f1-sim/ws/install/eufs_msgs/include/eufs_msgs/eufs_msgs/msg/detail/cone_with_color_probability_array__rosidl_typesupport_introspection_cpp.hpp
-- Installing: /home/gera/Desktop/EUFS_FORK_CONTAINERIZED/eufs-f1-sim/ws/install/eufs_msgs/include/eufs_msgs/eufs_msgs/msg/detail/cpu_status__rosidl_typesupport_introspection_cpp.hpp
-- Installing: /home/gera/Desktop/EUFS_FORK_CONTAINERIZED/eufs-f1-sim/ws/install/eufs_msgs/include/eufs_msgs/eufs_msgs/msg/detail/chassis_state__type_support.cpp
-- Installing: /home/gera/Desktop/EUFS_FORK_CONTAINERIZED/eufs-f1-sim/ws/install/eufs_msgs/include/eufs_msgs/eufs_msgs/msg/detail/node_state_array__type_support.cpp
-- Installing: /home/gera/Desktop/EUFS_FORK_CONTAINERIZED/eufs-f1-sim/ws/install/eufs_msgs/include/eufs_msgs/eufs_msgs/msg/detail/bounding_boxes__rosidl_typesupport_introspection_cpp.hpp
-- Installing: /home/gera/Desktop/EUFS_FORK_CONTAINERIZED/eufs-f1-sim/ws/install/eufs_msgs/include/eufs_msgs/eufs_msgs/msg/detail/cone_array__type_support.cpp
-- Installing: /home/gera/Desktop/EUFS_FORK_CONTAINERIZED/eufs-f1-sim/ws/install/eufs_msgs/include/eufs_msgs/eufs_msgs/msg/detail/cone_array_with_covariance__type_support.cpp
-- Installing: /home/gera/Desktop/EUFS_FORK_CONTAINERIZED/eufs-f1-sim/ws/install/eufs_msgs/include/eufs_msgs/eufs_msgs/msg/detail/waypoint__rosidl_typesupport_introspection_cpp.hpp
-- Installing: /home/gera/Desktop/EUFS_FORK_CONTAINERIZED/eufs-f1-sim/ws/install/eufs_msgs/include/eufs_msgs/eufs_msgs/msg/detail/cone_association_array__type_support.cpp
-- Installing: /home/gera/Desktop/EUFS_FORK_CONTAINERIZED/eufs-f1-sim/ws/install/eufs_msgs/include/eufs_msgs/eufs_msgs/msg/detail/point_array__rosidl_typesupport_introspection_cpp.hpp
-- Installing: /home/gera/Desktop/EUFS_FORK_CONTAINERIZED/eufs-f1-sim/ws/install/eufs_msgs/include/eufs_msgs/eufs_msgs/msg/detail/wheel_speeds_stamped__type_support.cpp
-- Installing: /home/gera/Desktop/EUFS_FORK_CONTAINERIZED/eufs-f1-sim/ws/install/eufs_msgs/include/eufs_msgs/eufs_msgs/msg/detail/can_state__type_support.cpp
-- Installing: /home/gera/Desktop/EUFS_FORK_CONTAINERIZED/eufs-f1-sim/ws/install/eufs_msgs/include/eufs_msgs/eufs_msgs/msg/detail/costmap__type_support.cpp
-- Installing: /home/gera/Desktop/EUFS_FORK_CONTAINERIZED/eufs-f1-sim/ws/install/eufs_msgs/include/eufs_msgs/eufs_msgs/msg/detail/wheel_speeds__rosidl_typesupport_introspection_cpp.hpp
-- Installing: /home/gera/Desktop/EUFS_FORK_CONTAINERIZED/eufs-f1-sim/ws/install/eufs_msgs/include/eufs_msgs/eufs_msgs/msg/detail/planning_mode__rosidl_typesupport_introspection_cpp.hpp
-- Installing: /home/gera/Desktop/EUFS_FORK_CONTAINERIZED/eufs-f1-sim/ws/install/eufs_msgs/include/eufs_msgs/eufs_msgs/msg/detail/runstop__rosidl_typesupport_introspection_cpp.hpp
-- Installing: /home/gera/Desktop/EUFS_FORK_CONTAINERIZED/eufs-f1-sim/ws/install/eufs_msgs/include/eufs_msgs/eufs_msgs/msg/detail/point_array__type_support.cpp
-- Installing: /home/gera/Desktop/EUFS_FORK_CONTAINERIZED/eufs-f1-sim/ws/install/eufs_msgs/include/eufs_msgs/eufs_msgs/msg/detail/node_state_array__rosidl_typesupport_introspection_cpp.hpp
-- Installing: /home/gera/Desktop/EUFS_FORK_CONTAINERIZED/eufs-f1-sim/ws/install/eufs_msgs/include/eufs_msgs/eufs_msgs/msg/detail/point_array_stamped__type_support.cpp
-- Installing: /home/gera/Desktop/EUFS_FORK_CONTAINERIZED/eufs-f1-sim/ws/install/eufs_msgs/include/eufs_msgs/eufs_msgs/msg/detail/particle_slam__type_support.cpp
-- Installing: /home/gera/Desktop/EUFS_FORK_CONTAINERIZED/eufs-f1-sim/ws/install/eufs_msgs/include/eufs_msgs/eufs_msgs/msg/detail/point_array_stamped__rosidl_typesupport_introspection_cpp.hpp
-- Installing: /home/gera/Desktop/EUFS_FORK_CONTAINERIZED/eufs-f1-sim/ws/install/eufs_msgs/include/eufs_msgs/eufs_msgs/msg/detail/wheel_odometry_err__type_support.cpp
-- Installing: /home/gera/Desktop/EUFS_FORK_CONTAINERIZED/eufs-f1-sim/ws/install/eufs_msgs/include/eufs_msgs/eufs_msgs/msg/detail/cone_association_array_stamped__type_support.cpp
-- Installing: /home/gera/Desktop/EUFS_FORK_CONTAINERIZED/eufs-f1-sim/ws/install/eufs_msgs/include/eufs_msgs/eufs_msgs/msg/detail/node_state__rosidl_typesupport_introspection_cpp.hpp
-- Installing: /home/gera/Desktop/EUFS_FORK_CONTAINERIZED/eufs-f1-sim/ws/install/eufs_msgs/include/eufs_msgs/eufs_msgs/msg/detail/particle__type_support.cpp
-- Installing: /home/gera/Desktop/EUFS_FORK_CONTAINERIZED/eufs-f1-sim/ws/install/eufs_msgs/include/eufs_msgs/eufs_msgs/msg/detail/integration_err__rosidl_typesupport_introspection_cpp.hpp
-- Installing: /home/gera/Desktop/EUFS_FORK_CONTAINERIZED/eufs-f1-sim/ws/install/eufs_msgs/include/eufs_msgs/eufs_msgs/msg/detail/lap_stats__type_support.cpp
-- Installing: /home/gera/Desktop/EUFS_FORK_CONTAINERIZED/eufs-f1-sim/ws/install/eufs_msgs/include/eufs_msgs/eufs_msgs/msg/detail/pure_pursuit_checkpoint_array_stamped__rosidl_typesupport_introspection_cpp.hpp
-- Installing: /home/gera/Desktop/EUFS_FORK_CONTAINERIZED/eufs-f1-sim/ws/install/eufs_msgs/include/eufs_msgs/eufs_msgs/msg/detail/car_state__rosidl_typesupport_introspection_cpp.hpp
-- Installing: /home/gera/Desktop/EUFS_FORK_CONTAINERIZED/eufs-f1-sim/ws/install/eufs_msgs/include/eufs_msgs/eufs_msgs/msg/detail/system_status__rosidl_typesupport_introspection_cpp.hpp
-- Installing: /home/gera/Desktop/EUFS_FORK_CONTAINERIZED/eufs-f1-sim/ws/install/eufs_msgs/include/eufs_msgs/eufs_msgs/msg/detail/heartbeat__rosidl_typesupport_introspection_cpp.hpp
-- Installing: /home/gera/Desktop/EUFS_FORK_CONTAINERIZED/eufs-f1-sim/ws/install/eufs_msgs/include/eufs_msgs/eufs_msgs/msg/detail/oss__rosidl_typesupport_introspection_cpp.hpp
-- Installing: /home/gera/Desktop/EUFS_FORK_CONTAINERIZED/eufs-f1-sim/ws/install/eufs_msgs/include/eufs_msgs/eufs_msgs/msg/detail/car_forces__type_support.cpp
-- Installing: /home/gera/Desktop/EUFS_FORK_CONTAINERIZED/eufs-f1-sim/ws/install/eufs_msgs/include/eufs_msgs/eufs_msgs/msg/detail/chassis_state__rosidl_typesupport_introspection_cpp.hpp
-- Installing: /home/gera/Desktop/EUFS_FORK_CONTAINERIZED/eufs-f1-sim/ws/install/eufs_msgs/include/eufs_msgs/eufs_msgs/msg/detail/path_integral_timing__rosidl_typesupport_introspection_cpp.hpp
-- Installing: /home/gera/Desktop/EUFS_FORK_CONTAINERIZED/eufs-f1-sim/ws/install/eufs_msgs/include/eufs_msgs/eufs_msgs/msg/detail/cone_association_array_array_stamped__rosidl_typesupport_introspection_cpp.hpp
-- Installing: /home/gera/Desktop/EUFS_FORK_CONTAINERIZED/eufs-f1-sim/ws/install/eufs_msgs/include/eufs_msgs/eufs_msgs/msg/detail/state_machine_state__type_support.cpp
-- Installing: /home/gera/Desktop/EUFS_FORK_CONTAINERIZED/eufs-f1-sim/ws/install/eufs_msgs/include/eufs_msgs/eufs_msgs/msg/detail/particle__rosidl_typesupport_introspection_cpp.hpp
-- Installing: /home/gera/Desktop/EUFS_FORK_CONTAINERIZED/eufs-f1-sim/ws/install/eufs_msgs/include/eufs_msgs/eufs_msgs/msg/detail/cpu_usage__type_support.cpp
-- Installing: /home/gera/Desktop/EUFS_FORK_CONTAINERIZED/eufs-f1-sim/ws/install/eufs_msgs/include/eufs_msgs/eufs_msgs/msg/detail/car_state__type_support.cpp
-- Installing: /home/gera/Desktop/EUFS_FORK_CONTAINERIZED/eufs-f1-sim/ws/install/eufs_msgs/include/eufs_msgs/eufs_msgs/msg/detail/cone_with_color_probability_array__type_support.cpp
-- Installing: /home/gera/Desktop/EUFS_FORK_CONTAINERIZED/eufs-f1-sim/ws/install/eufs_msgs/include/eufs_msgs/eufs_msgs/msg/detail/ekf_err__type_support.cpp
-- Installing: /home/gera/Desktop/EUFS_FORK_CONTAINERIZED/eufs-f1-sim/ws/install/eufs_msgs/include/eufs_msgs/eufs_msgs/msg/detail/can_state__rosidl_typesupport_introspection_cpp.hpp
-- Installing: /home/gera/Desktop/EUFS_FORK_CONTAINERIZED/eufs-f1-sim/ws/install/eufs_msgs/include/eufs_msgs/eufs_msgs/msg/detail/ekf_state__type_support.cpp
-- Installing: /home/gera/Desktop/EUFS_FORK_CONTAINERIZED/eufs-f1-sim/ws/install/eufs_msgs/include/eufs_msgs/eufs_msgs/msg/detail/wheel_speeds__type_support.cpp
-- Installing: /home/gera/Desktop/EUFS_FORK_CONTAINERIZED/eufs-f1-sim/ws/install/eufs_msgs/include/eufs_msgs/eufs_msgs/msg/detail/topic_status__type_support.cpp
-- Installing: /home/gera/Desktop/EUFS_FORK_CONTAINERIZED/eufs-f1-sim/ws/install/eufs_msgs/include/eufs_msgs/eufs_msgs/msg/detail/cone_association__rosidl_typesupport_introspection_cpp.hpp
-- Installing: /home/gera/Desktop/EUFS_FORK_CONTAINERIZED/eufs-f1-sim/ws/install/eufs_msgs/include/eufs_msgs/eufs_msgs/msg/detail/waypoint_array_stamped__type_support.cpp
-- Installing: /home/gera/Desktop/EUFS_FORK_CONTAINERIZED/eufs-f1-sim/ws/install/eufs_msgs/include/eufs_msgs/eufs_msgs/msg/detail/slam_err__type_support.cpp
-- Installing: /home/gera/Desktop/EUFS_FORK_CONTAINERIZED/eufs-f1-sim/ws/install/eufs_msgs/include/eufs_msgs/eufs_msgs/msg/detail/path_integral_stats__type_support.cpp
-- Installing: /home/gera/Desktop/EUFS_FORK_CONTAINERIZED/eufs-f1-sim/ws/install/eufs_msgs/include/eufs_msgs/eufs_msgs/msg/detail/runstop__type_support.cpp
-- Installing: /home/gera/Desktop/EUFS_FORK_CONTAINERIZED/eufs-f1-sim/ws/install/eufs_msgs/include/eufs_msgs/eufs_msgs/msg/detail/vehicle_commands_stamped__rosidl_typesupport_introspection_cpp.hpp
-- Installing: /home/gera/Desktop/EUFS_FORK_CONTAINERIZED/eufs-f1-sim/ws/install/eufs_msgs/include/eufs_msgs/eufs_msgs/msg/detail/full_state__rosidl_typesupport_introspection_cpp.hpp
-- Installing: /home/gera/Desktop/EUFS_FORK_CONTAINERIZED/eufs-f1-sim/ws/install/eufs_msgs/include/eufs_msgs/eufs_msgs/msg/detail/pure_pursuit_checkpoint__rosidl_typesupport_introspection_cpp.hpp
-- Installing: /home/gera/Desktop/EUFS_FORK_CONTAINERIZED/eufs-f1-sim/ws/install/eufs_msgs/include/eufs_msgs/eufs_msgs/msg/detail/integration_err__type_support.cpp
-- Installing: /home/gera/Desktop/EUFS_FORK_CONTAINERIZED/eufs-f1-sim/ws/install/eufs_msgs/include/eufs_msgs/eufs_msgs/msg/detail/cone_array__rosidl_typesupport_introspection_cpp.hpp
-- Installing: /home/gera/Desktop/EUFS_FORK_CONTAINERIZED/eufs-f1-sim/ws/install/eufs_msgs/include/eufs_msgs/eufs_msgs/msg/detail/stereo_image__type_support.cpp
-- Installing: /home/gera/Desktop/EUFS_FORK_CONTAINERIZED/eufs-f1-sim/ws/install/eufs_msgs/include/eufs_msgs/eufs_msgs/msg/detail/cone_association_array__rosidl_typesupport_introspection_cpp.hpp
-- Installing: /home/gera/Desktop/EUFS_FORK_CONTAINERIZED/eufs-f1-sim/ws/install/eufs_msgs/include/eufs_msgs/eufs_msgs/msg/detail/particle_slam_stamped__type_support.cpp
-- Installing: /home/gera/Desktop/EUFS_FORK_CONTAINERIZED/eufs-f1-sim/ws/install/eufs_msgs/include/eufs_msgs/eufs_msgs/msg/detail/full_state__type_support.cpp
-- Installing: /home/gera/Desktop/EUFS_FORK_CONTAINERIZED/eufs-f1-sim/ws/install/eufs_msgs/include/eufs_msgs/eufs_msgs/msg/detail/bounding_box__rosidl_typesupport_introspection_cpp.hpp
-- Installing: /home/gera/Desktop/EUFS_FORK_CONTAINERIZED/eufs-f1-sim/ws/install/eufs_msgs/include/eufs_msgs/eufs_msgs/msg/detail/wheel_speeds_stamped__rosidl_typesupport_introspection_cpp.hpp
-- Installing: /home/gera/Desktop/EUFS_FORK_CONTAINERIZED/eufs-f1-sim/ws/install/eufs_msgs/include/eufs_msgs/eufs_msgs/msg/detail/stereo_image__rosidl_typesupport_introspection_cpp.hpp
-- Installing: /home/gera/Desktop/EUFS_FORK_CONTAINERIZED/eufs-f1-sim/ws/install/eufs_msgs/include/eufs_msgs/eufs_msgs/msg/detail/path_integral_status__type_support.cpp
-- Installing: /home/gera/Desktop/EUFS_FORK_CONTAINERIZED/eufs-f1-sim/ws/install/eufs_msgs/include/eufs_msgs/eufs_msgs/msg/detail/bounding_box__type_support.cpp
-- Installing: /home/gera/Desktop/EUFS_FORK_CONTAINERIZED/eufs-f1-sim/ws/install/eufs_msgs/include/eufs_msgs/eufs_msgs/msg/detail/cone_association_array_stamped__rosidl_typesupport_introspection_cpp.hpp
-- Installing: /home/gera/Desktop/EUFS_FORK_CONTAINERIZED/eufs-f1-sim/ws/install/eufs_msgs/include/eufs_msgs/eufs_msgs/msg/detail/slam_state__type_support.cpp
-- Installing: /home/gera/Desktop/EUFS_FORK_CONTAINERIZED/eufs-f1-sim/ws/install/eufs_msgs/include/eufs_msgs/eufs_msgs/msg/detail/planning_mode__type_support.cpp
-- Installing: /home/gera/Desktop/EUFS_FORK_CONTAINERIZED/eufs-f1-sim/ws/install/eufs_msgs/include/eufs_msgs/eufs_msgs/msg/detail/cone_association__type_support.cpp
-- Installing: /home/gera/Desktop/EUFS_FORK_CONTAINERIZED/eufs-f1-sim/ws/install/eufs_msgs/include/eufs_msgs/eufs_msgs/msg/detail/lap_stats__rosidl_typesupport_introspection_cpp.hpp
-- Installing: /home/gera/Desktop/EUFS_FORK_CONTAINERIZED/eufs-f1-sim/ws/install/eufs_msgs/include/eufs_msgs/eufs_msgs/msg/detail/waypoint__type_support.cpp
-- Installing: /home/gera/Desktop/EUFS_FORK_CONTAINERIZED/eufs-f1-sim/ws/install/eufs_msgs/include/eufs_msgs/eufs_msgs/msg/detail/cone_association_array_array_stamped__type_support.cpp
-- Installing: /home/gera/Desktop/EUFS_FORK_CONTAINERIZED/eufs-f1-sim/ws/install/eufs_msgs/include/eufs_msgs/eufs_msgs/msg/detail/particle_slam_stamped__rosidl_typesupport_introspection_cpp.hpp
-- Installing: /home/gera/Desktop/EUFS_FORK_CONTAINERIZED/eufs-f1-sim/ws/install/eufs_msgs/include/eufs_msgs/eufs_msgs/msg/detail/particle_stamped__type_support.cpp
-- Installing: /home/gera/Desktop/EUFS_FORK_CONTAINERIZED/eufs-f1-sim/ws/install/eufs_msgs/include/eufs_msgs/eufs_msgs/msg/detail/car_forces__rosidl_typesupport_introspection_cpp.hpp
-- Installing: /home/gera/Desktop/EUFS_FORK_CONTAINERIZED/eufs-f1-sim/ws/install/eufs_msgs/include/eufs_msgs/eufs_msgs/msg/detail/slam_err__rosidl_typesupport_introspection_cpp.hpp
-- Installing: /home/gera/Desktop/EUFS_FORK_CONTAINERIZED/eufs-f1-sim/ws/install/eufs_msgs/include/eufs_msgs/eufs_msgs/msg/detail/cpu_status__type_support.cpp
-- Installing: /home/gera/Desktop/EUFS_FORK_CONTAINERIZED/eufs-f1-sim/ws/install/eufs_msgs/include/eufs_msgs/eufs_msgs/msg/detail/cpu_usage__rosidl_typesupport_introspection_cpp.hpp
-- Installing: /home/gera/Desktop/EUFS_FORK_CONTAINERIZED/eufs-f1-sim/ws/install/eufs_msgs/include/eufs_msgs/eufs_msgs/msg/detail/cone_with_color_probability__rosidl_typesupport_introspection_cpp.hpp
-- Installing: /home/gera/Desktop/EUFS_FORK_CONTAINERIZED/eufs-f1-sim/ws/install/eufs_msgs/include/eufs_msgs/eufs_msgs/msg/detail/mpc_state__type_support.cpp
-- Installing: /home/gera/Desktop/EUFS_FORK_CONTAINERIZED/eufs-f1-sim/ws/install/eufs_msgs/include/eufs_msgs/eufs_msgs/msg/detail/bounding_boxes__type_support.cpp
-- Installing: /home/gera/Desktop/EUFS_FORK_CONTAINERIZED/eufs-f1-sim/ws/install/eufs_msgs/include/eufs_msgs/eufs_msgs/msg/detail/heartbeat__type_support.cpp
-- Installing: /home/gera/Desktop/EUFS_FORK_CONTAINERIZED/eufs-f1-sim/ws/install/eufs_msgs/include/eufs_msgs/eufs_msgs/msg/detail/vehicle_commands__type_support.cpp
-- Installing: /home/gera/Desktop/EUFS_FORK_CONTAINERIZED/eufs-f1-sim/ws/install/eufs_msgs/include/eufs_msgs/eufs_msgs/msg/detail/slam_state__rosidl_typesupport_introspection_cpp.hpp
-- Installing: /home/gera/Desktop/EUFS_FORK_CONTAINERIZED/eufs-f1-sim/ws/install/eufs_msgs/include/eufs_msgs/eufs_msgs/msg/detail/topic_status__rosidl_typesupport_introspection_cpp.hpp
-- Installing: /home/gera/Desktop/EUFS_FORK_CONTAINERIZED/eufs-f1-sim/ws/install/eufs_msgs/include/eufs_msgs/eufs_msgs/msg/detail/waypoint_array_stamped__rosidl_typesupport_introspection_cpp.hpp
-- Installing: /home/gera/Desktop/EUFS_FORK_CONTAINERIZED/eufs-f1-sim/ws/install/eufs_msgs/include/eufs_msgs/eufs_msgs/msg/detail/pure_pursuit_checkpoint__type_support.cpp
-- Installing: /home/gera/Desktop/EUFS_FORK_CONTAINERIZED/eufs-f1-sim/ws/install/eufs_msgs/include/eufs_msgs/eufs_msgs/msg/detail/particle_stamped__rosidl_typesupport_introspection_cpp.hpp
-- Installing: /home/gera/Desktop/EUFS_FORK_CONTAINERIZED/eufs-f1-sim/ws/install/eufs_msgs/include/eufs_msgs/eufs_msgs/msg/detail/ekf_err__rosidl_typesupport_introspection_cpp.hpp
-- Installing: /home/gera/Desktop/EUFS_FORK_CONTAINERIZED/eufs-f1-sim/ws/install/eufs_msgs/include/eufs_msgs/eufs_msgs/msg/detail/path_integral_stats__rosidl_typesupport_introspection_cpp.hpp
-- Installing: /home/gera/Desktop/EUFS_FORK_CONTAINERIZED/eufs-f1-sim/ws/install/eufs_msgs/include/eufs_msgs/eufs_msgs/msg/detail/path_integral_status__rosidl_typesupport_introspection_cpp.hpp
-- Installing: /home/gera/Desktop/EUFS_FORK_CONTAINERIZED/eufs-f1-sim/ws/install/eufs_msgs/include/eufs_msgs/eufs_msgs/msg/detail/chassis_command__type_support.cpp
-- Installing: /home/gera/Desktop/EUFS_FORK_CONTAINERIZED/eufs-f1-sim/ws/install/eufs_msgs/include/eufs_msgs/eufs_msgs/msg/detail/path_integral_params__type_support.cpp
-- Installing: /home/gera/Desktop/EUFS_FORK_CONTAINERIZED/eufs-f1-sim/ws/install/eufs_msgs/include/eufs_msgs/eufs_msgs/msg/detail/oss__type_support.cpp
-- Installing: /home/gera/Desktop/EUFS_FORK_CONTAINERIZED/eufs-f1-sim/ws/install/eufs_msgs/include/eufs_msgs/eufs_msgs/msg/detail/vehicle_commands_stamped__type_support.cpp
-- Installing: /home/gera/Desktop/EUFS_FORK_CONTAINERIZED/eufs-f1-sim/ws/install/eufs_msgs/include/eufs_msgs/eufs_msgs/msg/detail/vehicle_commands__rosidl_typesupport_introspection_cpp.hpp
-- Installing: /home/gera/Desktop/EUFS_FORK_CONTAINERIZED/eufs-f1-sim/ws/install/eufs_msgs/lib/libeufs_msgs__rosidl_typesupport_introspection_cpp.so
-- Set runtime path of "/home/gera/Desktop/EUFS_FORK_CONTAINERIZED/eufs-f1-sim/ws/install/eufs_msgs/lib/libeufs_msgs__rosidl_typesupport_introspection_cpp.so" to ""
-- Installing: /home/gera/Desktop/EUFS_FORK_CONTAINERIZED/eufs-f1-sim/ws/install/eufs_msgs/lib/libeufs_msgs__rosidl_typesupport_cpp.so
-- Set runtime path of "/home/gera/Desktop/EUFS_FORK_CONTAINERIZED/eufs-f1-sim/ws/install/eufs_msgs/lib/libeufs_msgs__rosidl_typesupport_cpp.so" to ""
-- Installing: /home/gera/Desktop/EUFS_FORK_CONTAINERIZED/eufs-f1-sim/ws/install/eufs_msgs/share/eufs_msgs/environment/pythonpath.sh
-- Installing: /home/gera/Desktop/EUFS_FORK_CONTAINERIZED/eufs-f1-sim/ws/install/eufs_msgs/share/eufs_msgs/environment/pythonpath.dsv
-- Installing: /home/gera/Desktop/EUFS_FORK_CONTAINERIZED/eufs-f1-sim/ws/install/eufs_msgs/local/lib/python3.10/dist-packages/eufs_msgs-2.0.0-py3.10.egg-info
-- Installing: /home/gera/Desktop/EUFS_FORK_CONTAINERIZED/eufs-f1-sim/ws/install/eufs_msgs/local/lib/python3.10/dist-packages/eufs_msgs-2.0.0-py3.10.egg-info/dependency_links.txt
-- Installing: /home/gera/Desktop/EUFS_FORK_CONTAINERIZED/eufs-f1-sim/ws/install/eufs_msgs/local/lib/python3.10/dist-packages/eufs_msgs-2.0.0-py3.10.egg-info/PKG-INFO
-- Installing: /home/gera/Desktop/EUFS_FORK_CONTAINERIZED/eufs-f1-sim/ws/install/eufs_msgs/local/lib/python3.10/dist-packages/eufs_msgs-2.0.0-py3.10.egg-info/top_level.txt
-- Installing: /home/gera/Desktop/EUFS_FORK_CONTAINERIZED/eufs-f1-sim/ws/install/eufs_msgs/local/lib/python3.10/dist-packages/eufs_msgs-2.0.0-py3.10.egg-info/SOURCES.txt
-- Installing: /home/gera/Desktop/EUFS_FORK_CONTAINERIZED/eufs-f1-sim/ws/install/eufs_msgs/local/lib/python3.10/dist-packages/eufs_msgs
-- Installing: /home/gera/Desktop/EUFS_FORK_CONTAINERIZED/eufs-f1-sim/ws/install/eufs_msgs/local/lib/python3.10/dist-packages/eufs_msgs/_eufs_msgs_s.ep.rosidl_typesupport_introspection_c.c
-- Installing: /home/gera/Desktop/EUFS_FORK_CONTAINERIZED/eufs-f1-sim/ws/install/eufs_msgs/local/lib/python3.10/dist-packages/eufs_msgs/action
-- Installing: /home/gera/Desktop/EUFS_FORK_CONTAINERIZED/eufs-f1-sim/ws/install/eufs_msgs/local/lib/python3.10/dist-packages/eufs_msgs/action/__init__.py
-- Installing: /home/gera/Desktop/EUFS_FORK_CONTAINERIZED/eufs-f1-sim/ws/install/eufs_msgs/local/lib/python3.10/dist-packages/eufs_msgs/action/_check_for_objects_s.c
-- Installing: /home/gera/Desktop/EUFS_FORK_CONTAINERIZED/eufs-f1-sim/ws/install/eufs_msgs/local/lib/python3.10/dist-packages/eufs_msgs/action/_check_for_objects.py
-- Installing: /home/gera/Desktop/EUFS_FORK_CONTAINERIZED/eufs-f1-sim/ws/install/eufs_msgs/local/lib/python3.10/dist-packages/eufs_msgs/eufs_msgs_s__rosidl_typesupport_c.cpython-310-x86_64-linux-gnu.so
-- Installing: /home/gera/Desktop/EUFS_FORK_CONTAINERIZED/eufs-f1-sim/ws/install/eufs_msgs/local/lib/python3.10/dist-packages/eufs_msgs/eufs_msgs_s__rosidl_typesupport_introspection_c.cpython-310-x86_64-linux-gnu.so
-- Installing: /home/gera/Desktop/EUFS_FORK_CONTAINERIZED/eufs-f1-sim/ws/install/eufs_msgs/local/lib/python3.10/dist-packages/eufs_msgs/srv
-- Installing: /home/gera/Desktop/EUFS_FORK_CONTAINERIZED/eufs-f1-sim/ws/install/eufs_msgs/local/lib/python3.10/dist-packages/eufs_msgs/srv/_record_stop_s.c
-- Installing: /home/gera/Desktop/EUFS_FORK_CONTAINERIZED/eufs-f1-sim/ws/install/eufs_msgs/local/lib/python3.10/dist-packages/eufs_msgs/srv/_register_s.c
-- Installing: /home/gera/Desktop/EUFS_FORK_CONTAINERIZED/eufs-f1-sim/ws/install/eufs_msgs/local/lib/python3.10/dist-packages/eufs_msgs/srv/_set_string.py
-- Installing: /home/gera/Desktop/EUFS_FORK_CONTAINERIZED/eufs-f1-sim/ws/install/eufs_msgs/local/lib/python3.10/dist-packages/eufs_msgs/srv/_set_track_s.c
-- Installing: /home/gera/Desktop/EUFS_FORK_CONTAINERIZED/eufs-f1-sim/ws/install/eufs_msgs/local/lib/python3.10/dist-packages/eufs_msgs/srv/_set_can_state_s.c
-- Installing: /home/gera/Desktop/EUFS_FORK_CONTAINERIZED/eufs-f1-sim/ws/install/eufs_msgs/local/lib/python3.10/dist-packages/eufs_msgs/srv/_set_mission.py
-- Installing: /home/gera/Desktop/EUFS_FORK_CONTAINERIZED/eufs-f1-sim/ws/install/eufs_msgs/local/lib/python3.10/dist-packages/eufs_msgs/srv/_get_map.py
-- Installing: /home/gera/Desktop/EUFS_FORK_CONTAINERIZED/eufs-f1-sim/ws/install/eufs_msgs/local/lib/python3.10/dist-packages/eufs_msgs/srv/_record_start_s.c
-- Installing: /home/gera/Desktop/EUFS_FORK_CONTAINERIZED/eufs-f1-sim/ws/install/eufs_msgs/local/lib/python3.10/dist-packages/eufs_msgs/srv/_set_can_state.py
-- Installing: /home/gera/Desktop/EUFS_FORK_CONTAINERIZED/eufs-f1-sim/ws/install/eufs_msgs/local/lib/python3.10/dist-packages/eufs_msgs/srv/_set_track.py
-- Installing: /home/gera/Desktop/EUFS_FORK_CONTAINERIZED/eufs-f1-sim/ws/install/eufs_msgs/local/lib/python3.10/dist-packages/eufs_msgs/srv/_record_stop.py
-- Installing: /home/gera/Desktop/EUFS_FORK_CONTAINERIZED/eufs-f1-sim/ws/install/eufs_msgs/local/lib/python3.10/dist-packages/eufs_msgs/srv/_record_start.py
-- Installing: /home/gera/Desktop/EUFS_FORK_CONTAINERIZED/eufs-f1-sim/ws/install/eufs_msgs/local/lib/python3.10/dist-packages/eufs_msgs/srv/_get_map_s.c
-- Installing: /home/gera/Desktop/EUFS_FORK_CONTAINERIZED/eufs-f1-sim/ws/install/eufs_msgs/local/lib/python3.10/dist-packages/eufs_msgs/srv/__init__.py
-- Installing: /home/gera/Desktop/EUFS_FORK_CONTAINERIZED/eufs-f1-sim/ws/install/eufs_msgs/local/lib/python3.10/dist-packages/eufs_msgs/srv/_register.py
-- Installing: /home/gera/Desktop/EUFS_FORK_CONTAINERIZED/eufs-f1-sim/ws/install/eufs_msgs/local/lib/python3.10/dist-packages/eufs_msgs/srv/_set_mission_s.c
-- Installing: /home/gera/Desktop/EUFS_FORK_CONTAINERIZED/eufs-f1-sim/ws/install/eufs_msgs/local/lib/python3.10/dist-packages/eufs_msgs/srv/_set_string_s.c
-- Installing: /home/gera/Desktop/EUFS_FORK_CONTAINERIZED/eufs-f1-sim/ws/install/eufs_msgs/local/lib/python3.10/dist-packages/eufs_msgs/libeufs_msgs__rosidl_generator_py.so
-- Installing: /home/gera/Desktop/EUFS_FORK_CONTAINERIZED/eufs-f1-sim/ws/install/eufs_msgs/local/lib/python3.10/dist-packages/eufs_msgs/eufs_msgs_s__rosidl_typesupport_fastrtps_c.cpython-310-x86_64-linux-gnu.so
-- Installing: /home/gera/Desktop/EUFS_FORK_CONTAINERIZED/eufs-f1-sim/ws/install/eufs_msgs/local/lib/python3.10/dist-packages/eufs_msgs/_eufs_msgs_s.ep.rosidl_typesupport_c.c
-- Installing: /home/gera/Desktop/EUFS_FORK_CONTAINERIZED/eufs-f1-sim/ws/install/eufs_msgs/local/lib/python3.10/dist-packages/eufs_msgs/__init__.py
-- Installing: /home/gera/Desktop/EUFS_FORK_CONTAINERIZED/eufs-f1-sim/ws/install/eufs_msgs/local/lib/python3.10/dist-packages/eufs_msgs/_eufs_msgs_s.ep.rosidl_typesupport_fastrtps_c.c
-- Installing: /home/gera/Desktop/EUFS_FORK_CONTAINERIZED/eufs-f1-sim/ws/install/eufs_msgs/local/lib/python3.10/dist-packages/eufs_msgs/msg
-- Installing: /home/gera/Desktop/EUFS_FORK_CONTAINERIZED/eufs-f1-sim/ws/install/eufs_msgs/local/lib/python3.10/dist-packages/eufs_msgs/msg/_waypoint_s.c
-- Installing: /home/gera/Desktop/EUFS_FORK_CONTAINERIZED/eufs-f1-sim/ws/install/eufs_msgs/local/lib/python3.10/dist-packages/eufs_msgs/msg/_slam_err.py
-- Installing: /home/gera/Desktop/EUFS_FORK_CONTAINERIZED/eufs-f1-sim/ws/install/eufs_msgs/local/lib/python3.10/dist-packages/eufs_msgs/msg/_node_state.py
-- Installing: /home/gera/Desktop/EUFS_FORK_CONTAINERIZED/eufs-f1-sim/ws/install/eufs_msgs/local/lib/python3.10/dist-packages/eufs_msgs/msg/_cone_association.py
-- Installing: /home/gera/Desktop/EUFS_FORK_CONTAINERIZED/eufs-f1-sim/ws/install/eufs_msgs/local/lib/python3.10/dist-packages/eufs_msgs/msg/_cpu_status.py
-- Installing: /home/gera/Desktop/EUFS_FORK_CONTAINERIZED/eufs-f1-sim/ws/install/eufs_msgs/local/lib/python3.10/dist-packages/eufs_msgs/msg/_integration_err.py
-- Installing: /home/gera/Desktop/EUFS_FORK_CONTAINERIZED/eufs-f1-sim/ws/install/eufs_msgs/local/lib/python3.10/dist-packages/eufs_msgs/msg/_chassis_command.py
-- Installing: /home/gera/Desktop/EUFS_FORK_CONTAINERIZED/eufs-f1-sim/ws/install/eufs_msgs/local/lib/python3.10/dist-packages/eufs_msgs/msg/_wheel_speeds_stamped.py
-- Installing: /home/gera/Desktop/EUFS_FORK_CONTAINERIZED/eufs-f1-sim/ws/install/eufs_msgs/local/lib/python3.10/dist-packages/eufs_msgs/msg/_node_state_array_s.c
-- Installing: /home/gera/Desktop/EUFS_FORK_CONTAINERIZED/eufs-f1-sim/ws/install/eufs_msgs/local/lib/python3.10/dist-packages/eufs_msgs/msg/_point_array_stamped.py
-- Installing: /home/gera/Desktop/EUFS_FORK_CONTAINERIZED/eufs-f1-sim/ws/install/eufs_msgs/local/lib/python3.10/dist-packages/eufs_msgs/msg/_chassis_command_s.c
-- Installing: /home/gera/Desktop/EUFS_FORK_CONTAINERIZED/eufs-f1-sim/ws/install/eufs_msgs/local/lib/python3.10/dist-packages/eufs_msgs/msg/_ekf_err.py
-- Installing: /home/gera/Desktop/EUFS_FORK_CONTAINERIZED/eufs-f1-sim/ws/install/eufs_msgs/local/lib/python3.10/dist-packages/eufs_msgs/msg/_path_integral_status_s.c
-- Installing: /home/gera/Desktop/EUFS_FORK_CONTAINERIZED/eufs-f1-sim/ws/install/eufs_msgs/local/lib/python3.10/dist-packages/eufs_msgs/msg/_node_state_s.c
-- Installing: /home/gera/Desktop/EUFS_FORK_CONTAINERIZED/eufs-f1-sim/ws/install/eufs_msgs/local/lib/python3.10/dist-packages/eufs_msgs/msg/_planning_mode.py
-- Installing: /home/gera/Desktop/EUFS_FORK_CONTAINERIZED/eufs-f1-sim/ws/install/eufs_msgs/local/lib/python3.10/dist-packages/eufs_msgs/msg/_topic_status_s.c
-- Installing: /home/gera/Desktop/EUFS_FORK_CONTAINERIZED/eufs-f1-sim/ws/install/eufs_msgs/local/lib/python3.10/dist-packages/eufs_msgs/msg/_vehicle_commands_s.c
-- Installing: /home/gera/Desktop/EUFS_FORK_CONTAINERIZED/eufs-f1-sim/ws/install/eufs_msgs/local/lib/python3.10/dist-packages/eufs_msgs/msg/_bounding_box_s.c
-- Installing: /home/gera/Desktop/EUFS_FORK_CONTAINERIZED/eufs-f1-sim/ws/install/eufs_msgs/local/lib/python3.10/dist-packages/eufs_msgs/msg/_mpc_state.py
-- Installing: /home/gera/Desktop/EUFS_FORK_CONTAINERIZED/eufs-f1-sim/ws/install/eufs_msgs/local/lib/python3.10/dist-packages/eufs_msgs/msg/_waypoint_array_stamped_s.c
-- Installing: /home/gera/Desktop/EUFS_FORK_CONTAINERIZED/eufs-f1-sim/ws/install/eufs_msgs/local/lib/python3.10/dist-packages/eufs_msgs/msg/_cone_with_covariance_s.c
-- Installing: /home/gera/Desktop/EUFS_FORK_CONTAINERIZED/eufs-f1-sim/ws/install/eufs_msgs/local/lib/python3.10/dist-packages/eufs_msgs/msg/_particle_s.c
-- Installing: /home/gera/Desktop/EUFS_FORK_CONTAINERIZED/eufs-f1-sim/ws/install/eufs_msgs/local/lib/python3.10/dist-packages/eufs_msgs/msg/_cpu_status_s.c
-- Installing: /home/gera/Desktop/EUFS_FORK_CONTAINERIZED/eufs-f1-sim/ws/install/eufs_msgs/local/lib/python3.10/dist-packages/eufs_msgs/msg/_path_integral_params.py
-- Installing: /home/gera/Desktop/EUFS_FORK_CONTAINERIZED/eufs-f1-sim/ws/install/eufs_msgs/local/lib/python3.10/dist-packages/eufs_msgs/msg/_cpu_usage_s.c
-- Installing: /home/gera/Desktop/EUFS_FORK_CONTAINERIZED/eufs-f1-sim/ws/install/eufs_msgs/local/lib/python3.10/dist-packages/eufs_msgs/msg/_point_array.py
-- Installing: /home/gera/Desktop/EUFS_FORK_CONTAINERIZED/eufs-f1-sim/ws/install/eufs_msgs/local/lib/python3.10/dist-packages/eufs_msgs/msg/_vehicle_commands_stamped_s.c
-- Installing: /home/gera/Desktop/EUFS_FORK_CONTAINERIZED/eufs-f1-sim/ws/install/eufs_msgs/local/lib/python3.10/dist-packages/eufs_msgs/msg/_full_state.py
-- Installing: /home/gera/Desktop/EUFS_FORK_CONTAINERIZED/eufs-f1-sim/ws/install/eufs_msgs/local/lib/python3.10/dist-packages/eufs_msgs/msg/_ekf_state_s.c
-- Installing: /home/gera/Desktop/EUFS_FORK_CONTAINERIZED/eufs-f1-sim/ws/install/eufs_msgs/local/lib/python3.10/dist-packages/eufs_msgs/msg/_particle_slam_s.c
-- Installing: /home/gera/Desktop/EUFS_FORK_CONTAINERIZED/eufs-f1-sim/ws/install/eufs_msgs/local/lib/python3.10/dist-packages/eufs_msgs/msg/_path_integral_params_s.c
-- Installing: /home/gera/Desktop/EUFS_FORK_CONTAINERIZED/eufs-f1-sim/ws/install/eufs_msgs/local/lib/python3.10/dist-packages/eufs_msgs/msg/_mpc_state_s.c
-- Installing: /home/gera/Desktop/EUFS_FORK_CONTAINERIZED/eufs-f1-sim/ws/install/eufs_msgs/local/lib/python3.10/dist-packages/eufs_msgs/msg/_cone_with_color_probability_array_s.c
-- Installing: /home/gera/Desktop/EUFS_FORK_CONTAINERIZED/eufs-f1-sim/ws/install/eufs_msgs/local/lib/python3.10/dist-packages/eufs_msgs/msg/_costmap.py
-- Installing: /home/gera/Desktop/EUFS_FORK_CONTAINERIZED/eufs-f1-sim/ws/install/eufs_msgs/local/lib/python3.10/dist-packages/eufs_msgs/msg/_cone_with_color_probability_array.py
-- Installing: /home/gera/Desktop/EUFS_FORK_CONTAINERIZED/eufs-f1-sim/ws/install/eufs_msgs/local/lib/python3.10/dist-packages/eufs_msgs/msg/_lap_stats.py
-- Installing: /home/gera/Desktop/EUFS_FORK_CONTAINERIZED/eufs-f1-sim/ws/install/eufs_msgs/local/lib/python3.10/dist-packages/eufs_msgs/msg/_vehicle_commands.py
-- Installing: /home/gera/Desktop/EUFS_FORK_CONTAINERIZED/eufs-f1-sim/ws/install/eufs_msgs/local/lib/python3.10/dist-packages/eufs_msgs/msg/_planning_mode_s.c
-- Installing: /home/gera/Desktop/EUFS_FORK_CONTAINERIZED/eufs-f1-sim/ws/install/eufs_msgs/local/lib/python3.10/dist-packages/eufs_msgs/msg/_cone_association_array.py
-- Installing: /home/gera/Desktop/EUFS_FORK_CONTAINERIZED/eufs-f1-sim/ws/install/eufs_msgs/local/lib/python3.10/dist-packages/eufs_msgs/msg/_system_status.py
-- Installing: /home/gera/Desktop/EUFS_FORK_CONTAINERIZED/eufs-f1-sim/ws/install/eufs_msgs/local/lib/python3.10/dist-packages/eufs_msgs/msg/_topic_status.py
-- Installing: /home/gera/Desktop/EUFS_FORK_CONTAINERIZED/eufs-f1-sim/ws/install/eufs_msgs/local/lib/python3.10/dist-packages/eufs_msgs/msg/_car_state_s.c
-- Installing: /home/gera/Desktop/EUFS_FORK_CONTAINERIZED/eufs-f1-sim/ws/install/eufs_msgs/local/lib/python3.10/dist-packages/eufs_msgs/msg/_point_array_s.c
-- Installing: /home/gera/Desktop/EUFS_FORK_CONTAINERIZED/eufs-f1-sim/ws/install/eufs_msgs/local/lib/python3.10/dist-packages/eufs_msgs/msg/_cone_array.py
-- Installing: /home/gera/Desktop/EUFS_FORK_CONTAINERIZED/eufs-f1-sim/ws/install/eufs_msgs/local/lib/python3.10/dist-packages/eufs_msgs/msg/_particle.py
-- Installing: /home/gera/Desktop/EUFS_FORK_CONTAINERIZED/eufs-f1-sim/ws/install/eufs_msgs/local/lib/python3.10/dist-packages/eufs_msgs/msg/_integration_err_s.c
-- Installing: /home/gera/Desktop/EUFS_FORK_CONTAINERIZED/eufs-f1-sim/ws/install/eufs_msgs/local/lib/python3.10/dist-packages/eufs_msgs/msg/_pure_pursuit_checkpoint_array_stamped.py
-- Installing: /home/gera/Desktop/EUFS_FORK_CONTAINERIZED/eufs-f1-sim/ws/install/eufs_msgs/local/lib/python3.10/dist-packages/eufs_msgs/msg/_bounding_boxes.py
-- Installing: /home/gera/Desktop/EUFS_FORK_CONTAINERIZED/eufs-f1-sim/ws/install/eufs_msgs/local/lib/python3.10/dist-packages/eufs_msgs/msg/_full_state_s.c
-- Installing: /home/gera/Desktop/EUFS_FORK_CONTAINERIZED/eufs-f1-sim/ws/install/eufs_msgs/local/lib/python3.10/dist-packages/eufs_msgs/msg/_slam_err_s.c
-- Installing: /home/gera/Desktop/EUFS_FORK_CONTAINERIZED/eufs-f1-sim/ws/install/eufs_msgs/local/lib/python3.10/dist-packages/eufs_msgs/msg/_cone_with_color_probability.py
-- Installing: /home/gera/Desktop/EUFS_FORK_CONTAINERIZED/eufs-f1-sim/ws/install/eufs_msgs/local/lib/python3.10/dist-packages/eufs_msgs/msg/_particle_stamped.py
-- Installing: /home/gera/Desktop/EUFS_FORK_CONTAINERIZED/eufs-f1-sim/ws/install/eufs_msgs/local/lib/python3.10/dist-packages/eufs_msgs/msg/_cone_with_color_probability_s.c
-- Installing: /home/gera/Desktop/EUFS_FORK_CONTAINERIZED/eufs-f1-sim/ws/install/eufs_msgs/local/lib/python3.10/dist-packages/eufs_msgs/msg/_slam_state.py
-- Installing: /home/gera/Desktop/EUFS_FORK_CONTAINERIZED/eufs-f1-sim/ws/install/eufs_msgs/local/lib/python3.10/dist-packages/eufs_msgs/msg/_waypoint.py
-- Installing: /home/gera/Desktop/EUFS_FORK_CONTAINERIZED/eufs-f1-sim/ws/install/eufs_msgs/local/lib/python3.10/dist-packages/eufs_msgs/msg/_car_state.py
-- Installing: /home/gera/Desktop/EUFS_FORK_CONTAINERIZED/eufs-f1-sim/ws/install/eufs_msgs/local/lib/python3.10/dist-packages/eufs_msgs/msg/_cone_association_array_stamped_s.c
-- Installing: /home/gera/Desktop/EUFS_FORK_CONTAINERIZED/eufs-f1-sim/ws/install/eufs_msgs/local/lib/python3.10/dist-packages/eufs_msgs/msg/_wheel_speeds_stamped_s.c
-- Installing: /home/gera/Desktop/EUFS_FORK_CONTAINERIZED/eufs-f1-sim/ws/install/eufs_msgs/local/lib/python3.10/dist-packages/eufs_msgs/msg/_chassis_state_s.c
-- Installing: /home/gera/Desktop/EUFS_FORK_CONTAINERIZED/eufs-f1-sim/ws/install/eufs_msgs/local/lib/python3.10/dist-packages/eufs_msgs/msg/_node_state_array.py
-- Installing: /home/gera/Desktop/EUFS_FORK_CONTAINERIZED/eufs-f1-sim/ws/install/eufs_msgs/local/lib/python3.10/dist-packages/eufs_msgs/msg/_bounding_boxes_s.c
-- Installing: /home/gera/Desktop/EUFS_FORK_CONTAINERIZED/eufs-f1-sim/ws/install/eufs_msgs/local/lib/python3.10/dist-packages/eufs_msgs/msg/_runstop_s.c
-- Installing: /home/gera/Desktop/EUFS_FORK_CONTAINERIZED/eufs-f1-sim/ws/install/eufs_msgs/local/lib/python3.10/dist-packages/eufs_msgs/msg/_path_integral_stats.py
-- Installing: /home/gera/Desktop/EUFS_FORK_CONTAINERIZED/eufs-f1-sim/ws/install/eufs_msgs/local/lib/python3.10/dist-packages/eufs_msgs/msg/_wheel_odometry_err.py
-- Installing: /home/gera/Desktop/EUFS_FORK_CONTAINERIZED/eufs-f1-sim/ws/install/eufs_msgs/local/lib/python3.10/dist-packages/eufs_msgs/msg/_particle_slam_stamped_s.c
-- Installing: /home/gera/Desktop/EUFS_FORK_CONTAINERIZED/eufs-f1-sim/ws/install/eufs_msgs/local/lib/python3.10/dist-packages/eufs_msgs/msg/_cpu_usage.py
-- Installing: /home/gera/Desktop/EUFS_FORK_CONTAINERIZED/eufs-f1-sim/ws/install/eufs_msgs/local/lib/python3.10/dist-packages/eufs_msgs/msg/_path_integral_timing.py
-- Installing: /home/gera/Desktop/EUFS_FORK_CONTAINERIZED/eufs-f1-sim/ws/install/eufs_msgs/local/lib/python3.10/dist-packages/eufs_msgs/msg/_ekf_state.py
-- Installing: /home/gera/Desktop/EUFS_FORK_CONTAINERIZED/eufs-f1-sim/ws/install/eufs_msgs/local/lib/python3.10/dist-packages/eufs_msgs/msg/_particle_slam_stamped.py
-- Installing: /home/gera/Desktop/EUFS_FORK_CONTAINERIZED/eufs-f1-sim/ws/install/eufs_msgs/local/lib/python3.10/dist-packages/eufs_msgs/msg/_cone_with_covariance.py
-- Installing: /home/gera/Desktop/EUFS_FORK_CONTAINERIZED/eufs-f1-sim/ws/install/eufs_msgs/local/lib/python3.10/dist-packages/eufs_msgs/msg/_can_state_s.c
-- Installing: /home/gera/Desktop/EUFS_FORK_CONTAINERIZED/eufs-f1-sim/ws/install/eufs_msgs/local/lib/python3.10/dist-packages/eufs_msgs/msg/_cone_association_array_stamped.py
-- Installing: /home/gera/Desktop/EUFS_FORK_CONTAINERIZED/eufs-f1-sim/ws/install/eufs_msgs/local/lib/python3.10/dist-packages/eufs_msgs/msg/_wheel_speeds_s.c
-- Installing: /home/gera/Desktop/EUFS_FORK_CONTAINERIZED/eufs-f1-sim/ws/install/eufs_msgs/local/lib/python3.10/dist-packages/eufs_msgs/msg/_state_machine_state.py
-- Installing: /home/gera/Desktop/EUFS_FORK_CONTAINERIZED/eufs-f1-sim/ws/install/eufs_msgs/local/lib/python3.10/dist-packages/eufs_msgs/msg/_pure_pursuit_checkpoint.py
-- Installing: /home/gera/Desktop/EUFS_FORK_CONTAINERIZED/eufs-f1-sim/ws/install/eufs_msgs/local/lib/python3.10/dist-packages/eufs_msgs/msg/_heartbeat_s.c
-- Installing: /home/gera/Desktop/EUFS_FORK_CONTAINERIZED/eufs-f1-sim/ws/install/eufs_msgs/local/lib/python3.10/dist-packages/eufs_msgs/msg/_car_forces.py
-- Installing: /home/gera/Desktop/EUFS_FORK_CONTAINERIZED/eufs-f1-sim/ws/install/eufs_msgs/local/lib/python3.10/dist-packages/eufs_msgs/msg/_chassis_state.py
-- Installing: /home/gera/Desktop/EUFS_FORK_CONTAINERIZED/eufs-f1-sim/ws/install/eufs_msgs/local/lib/python3.10/dist-packages/eufs_msgs/msg/__init__.py
-- Installing: /home/gera/Desktop/EUFS_FORK_CONTAINERIZED/eufs-f1-sim/ws/install/eufs_msgs/local/lib/python3.10/dist-packages/eufs_msgs/msg/_wheel_speeds.py
-- Installing: /home/gera/Desktop/EUFS_FORK_CONTAINERIZED/eufs-f1-sim/ws/install/eufs_msgs/local/lib/python3.10/dist-packages/eufs_msgs/msg/_point_array_stamped_s.c
-- Installing: /home/gera/Desktop/EUFS_FORK_CONTAINERIZED/eufs-f1-sim/ws/install/eufs_msgs/local/lib/python3.10/dist-packages/eufs_msgs/msg/_can_state.py
-- Installing: /home/gera/Desktop/EUFS_FORK_CONTAINERIZED/eufs-f1-sim/ws/install/eufs_msgs/local/lib/python3.10/dist-packages/eufs_msgs/msg/_cone_association_s.c
-- Installing: /home/gera/Desktop/EUFS_FORK_CONTAINERIZED/eufs-f1-sim/ws/install/eufs_msgs/local/lib/python3.10/dist-packages/eufs_msgs/msg/_bounding_box.py
-- Installing: /home/gera/Desktop/EUFS_FORK_CONTAINERIZED/eufs-f1-sim/ws/install/eufs_msgs/local/lib/python3.10/dist-packages/eufs_msgs/msg/_cone_array_s.c
-- Installing: /home/gera/Desktop/EUFS_FORK_CONTAINERIZED/eufs-f1-sim/ws/install/eufs_msgs/local/lib/python3.10/dist-packages/eufs_msgs/msg/_cone_association_array_array_stamped_s.c
-- Installing: /home/gera/Desktop/EUFS_FORK_CONTAINERIZED/eufs-f1-sim/ws/install/eufs_msgs/local/lib/python3.10/dist-packages/eufs_msgs/msg/_heartbeat.py
-- Installing: /home/gera/Desktop/EUFS_FORK_CONTAINERIZED/eufs-f1-sim/ws/install/eufs_msgs/local/lib/python3.10/dist-packages/eufs_msgs/msg/_path_integral_stats_s.c
-- Installing: /home/gera/Desktop/EUFS_FORK_CONTAINERIZED/eufs-f1-sim/ws/install/eufs_msgs/local/lib/python3.10/dist-packages/eufs_msgs/msg/_cone_array_with_covariance.py
-- Installing: /home/gera/Desktop/EUFS_FORK_CONTAINERIZED/eufs-f1-sim/ws/install/eufs_msgs/local/lib/python3.10/dist-packages/eufs_msgs/msg/_oss.py
-- Installing: /home/gera/Desktop/EUFS_FORK_CONTAINERIZED/eufs-f1-sim/ws/install/eufs_msgs/local/lib/python3.10/dist-packages/eufs_msgs/msg/_particle_stamped_s.c
-- Installing: /home/gera/Desktop/EUFS_FORK_CONTAINERIZED/eufs-f1-sim/ws/install/eufs_msgs/local/lib/python3.10/dist-packages/eufs_msgs/msg/_path_integral_timing_s.c
-- Installing: /home/gera/Desktop/EUFS_FORK_CONTAINERIZED/eufs-f1-sim/ws/install/eufs_msgs/local/lib/python3.10/dist-packages/eufs_msgs/msg/_lap_stats_s.c
-- Installing: /home/gera/Desktop/EUFS_FORK_CONTAINERIZED/eufs-f1-sim/ws/install/eufs_msgs/local/lib/python3.10/dist-packages/eufs_msgs/msg/_state_machine_state_s.c
-- Installing: /home/gera/Desktop/EUFS_FORK_CONTAINERIZED/eufs-f1-sim/ws/install/eufs_msgs/local/lib/python3.10/dist-packages/eufs_msgs/msg/_path_integral_status.py
-- Installing: /home/gera/Desktop/EUFS_FORK_CONTAINERIZED/eufs-f1-sim/ws/install/eufs_msgs/local/lib/python3.10/dist-packages/eufs_msgs/msg/_slam_state_s.c
-- Installing: /home/gera/Desktop/EUFS_FORK_CONTAINERIZED/eufs-f1-sim/ws/install/eufs_msgs/local/lib/python3.10/dist-packages/eufs_msgs/msg/_waypoint_array_stamped.py
-- Installing: /home/gera/Desktop/EUFS_FORK_CONTAINERIZED/eufs-f1-sim/ws/install/eufs_msgs/local/lib/python3.10/dist-packages/eufs_msgs/msg/_oss_s.c
-- Installing: /home/gera/Desktop/EUFS_FORK_CONTAINERIZED/eufs-f1-sim/ws/install/eufs_msgs/local/lib/python3.10/dist-packages/eufs_msgs/msg/_particle_slam.py
-- Installing: /home/gera/Desktop/EUFS_FORK_CONTAINERIZED/eufs-f1-sim/ws/install/eufs_msgs/local/lib/python3.10/dist-packages/eufs_msgs/msg/_ekf_err_s.c
-- Installing: /home/gera/Desktop/EUFS_FORK_CONTAINERIZED/eufs-f1-sim/ws/install/eufs_msgs/local/lib/python3.10/dist-packages/eufs_msgs/msg/_car_forces_s.c
-- Installing: /home/gera/Desktop/EUFS_FORK_CONTAINERIZED/eufs-f1-sim/ws/install/eufs_msgs/local/lib/python3.10/dist-packages/eufs_msgs/msg/_system_status_s.c
-- Installing: /home/gera/Desktop/EUFS_FORK_CONTAINERIZED/eufs-f1-sim/ws/install/eufs_msgs/local/lib/python3.10/dist-packages/eufs_msgs/msg/_stereo_image_s.c
-- Installing: /home/gera/Desktop/EUFS_FORK_CONTAINERIZED/eufs-f1-sim/ws/install/eufs_msgs/local/lib/python3.10/dist-packages/eufs_msgs/msg/_cone_association_array_array_stamped.py
-- Installing: /home/gera/Desktop/EUFS_FORK_CONTAINERIZED/eufs-f1-sim/ws/install/eufs_msgs/local/lib/python3.10/dist-packages/eufs_msgs/msg/_pure_pursuit_checkpoint_array_stamped_s.c
-- Installing: /home/gera/Desktop/EUFS_FORK_CONTAINERIZED/eufs-f1-sim/ws/install/eufs_msgs/local/lib/python3.10/dist-packages/eufs_msgs/msg/_pure_pursuit_checkpoint_s.c
-- Installing: /home/gera/Desktop/EUFS_FORK_CONTAINERIZED/eufs-f1-sim/ws/install/eufs_msgs/local/lib/python3.10/dist-packages/eufs_msgs/msg/_cone_association_array_s.c
-- Installing: /home/gera/Desktop/EUFS_FORK_CONTAINERIZED/eufs-f1-sim/ws/install/eufs_msgs/local/lib/python3.10/dist-packages/eufs_msgs/msg/_cone_array_with_covariance_s.c
-- Installing: /home/gera/Desktop/EUFS_FORK_CONTAINERIZED/eufs-f1-sim/ws/install/eufs_msgs/local/lib/python3.10/dist-packages/eufs_msgs/msg/_wheel_odometry_err_s.c
-- Installing: /home/gera/Desktop/EUFS_FORK_CONTAINERIZED/eufs-f1-sim/ws/install/eufs_msgs/local/lib/python3.10/dist-packages/eufs_msgs/msg/_runstop.py
-- Installing: /home/gera/Desktop/EUFS_FORK_CONTAINERIZED/eufs-f1-sim/ws/install/eufs_msgs/local/lib/python3.10/dist-packages/eufs_msgs/msg/_vehicle_commands_stamped.py
-- Installing: /home/gera/Desktop/EUFS_FORK_CONTAINERIZED/eufs-f1-sim/ws/install/eufs_msgs/local/lib/python3.10/dist-packages/eufs_msgs/msg/_costmap_s.c
-- Installing: /home/gera/Desktop/EUFS_FORK_CONTAINERIZED/eufs-f1-sim/ws/install/eufs_msgs/local/lib/python3.10/dist-packages/eufs_msgs/msg/_stereo_image.py
Listing '/home/gera/Desktop/EUFS_FORK_CONTAINERIZED/eufs-f1-sim/ws/install/eufs_msgs/local/lib/python3.10/dist-packages/eufs_msgs'...
Compiling '/home/gera/Desktop/EUFS_FORK_CONTAINERIZED/eufs-f1-sim/ws/install/eufs_msgs/local/lib/python3.10/dist-packages/eufs_msgs/__init__.py'...
Listing '/home/gera/Desktop/EUFS_FORK_CONTAINERIZED/eufs-f1-sim/ws/install/eufs_msgs/local/lib/python3.10/dist-packages/eufs_msgs/action'...
Compiling '/home/gera/Desktop/EUFS_FORK_CONTAINERIZED/eufs-f1-sim/ws/install/eufs_msgs/local/lib/python3.10/dist-packages/eufs_msgs/action/__init__.py'...
Compiling '/home/gera/Desktop/EUFS_FORK_CONTAINERIZED/eufs-f1-sim/ws/install/eufs_msgs/local/lib/python3.10/dist-packages/eufs_msgs/action/_check_for_objects.py'...
Listing '/home/gera/Desktop/EUFS_FORK_CONTAINERIZED/eufs-f1-sim/ws/install/eufs_msgs/local/lib/python3.10/dist-packages/eufs_msgs/msg'...
Compiling '/home/gera/Desktop/EUFS_FORK_CONTAINERIZED/eufs-f1-sim/ws/install/eufs_msgs/local/lib/python3.10/dist-packages/eufs_msgs/msg/__init__.py'...
Compiling '/home/gera/Desktop/EUFS_FORK_CONTAINERIZED/eufs-f1-sim/ws/install/eufs_msgs/local/lib/python3.10/dist-packages/eufs_msgs/msg/_bounding_box.py'...
Compiling '/home/gera/Desktop/EUFS_FORK_CONTAINERIZED/eufs-f1-sim/ws/install/eufs_msgs/local/lib/python3.10/dist-packages/eufs_msgs/msg/_bounding_boxes.py'...
Compiling '/home/gera/Desktop/EUFS_FORK_CONTAINERIZED/eufs-f1-sim/ws/install/eufs_msgs/local/lib/python3.10/dist-packages/eufs_msgs/msg/_can_state.py'...
Compiling '/home/gera/Desktop/EUFS_FORK_CONTAINERIZED/eufs-f1-sim/ws/install/eufs_msgs/local/lib/python3.10/dist-packages/eufs_msgs/msg/_car_forces.py'...
Compiling '/home/gera/Desktop/EUFS_FORK_CONTAINERIZED/eufs-f1-sim/ws/install/eufs_msgs/local/lib/python3.10/dist-packages/eufs_msgs/msg/_car_state.py'...
Compiling '/home/gera/Desktop/EUFS_FORK_CONTAINERIZED/eufs-f1-sim/ws/install/eufs_msgs/local/lib/python3.10/dist-packages/eufs_msgs/msg/_chassis_command.py'...
Compiling '/home/gera/Desktop/EUFS_FORK_CONTAINERIZED/eufs-f1-sim/ws/install/eufs_msgs/local/lib/python3.10/dist-packages/eufs_msgs/msg/_chassis_state.py'...
Compiling '/home/gera/Desktop/EUFS_FORK_CONTAINERIZED/eufs-f1-sim/ws/install/eufs_msgs/local/lib/python3.10/dist-packages/eufs_msgs/msg/_cone_array.py'...
Compiling '/home/gera/Desktop/EUFS_FORK_CONTAINERIZED/eufs-f1-sim/ws/install/eufs_msgs/local/lib/python3.10/dist-packages/eufs_msgs/msg/_cone_array_with_covariance.py'...
Compiling '/home/gera/Desktop/EUFS_FORK_CONTAINERIZED/eufs-f1-sim/ws/install/eufs_msgs/local/lib/python3.10/dist-packages/eufs_msgs/msg/_cone_association.py'...
Compiling '/home/gera/Desktop/EUFS_FORK_CONTAINERIZED/eufs-f1-sim/ws/install/eufs_msgs/local/lib/python3.10/dist-packages/eufs_msgs/msg/_cone_association_array.py'...
Compiling '/home/gera/Desktop/EUFS_FORK_CONTAINERIZED/eufs-f1-sim/ws/install/eufs_msgs/local/lib/python3.10/dist-packages/eufs_msgs/msg/_cone_association_array_array_stamped.py'...
Compiling '/home/gera/Desktop/EUFS_FORK_CONTAINERIZED/eufs-f1-sim/ws/install/eufs_msgs/local/lib/python3.10/dist-packages/eufs_msgs/msg/_cone_association_array_stamped.py'...
Compiling '/home/gera/Desktop/EUFS_FORK_CONTAINERIZED/eufs-f1-sim/ws/install/eufs_msgs/local/lib/python3.10/dist-packages/eufs_msgs/msg/_cone_with_color_probability.py'...
Compiling '/home/gera/Desktop/EUFS_FORK_CONTAINERIZED/eufs-f1-sim/ws/install/eufs_msgs/local/lib/python3.10/dist-packages/eufs_msgs/msg/_cone_with_color_probability_array.py'...
Compiling '/home/gera/Desktop/EUFS_FORK_CONTAINERIZED/eufs-f1-sim/ws/install/eufs_msgs/local/lib/python3.10/dist-packages/eufs_msgs/msg/_cone_with_covariance.py'...
Compiling '/home/gera/Desktop/EUFS_FORK_CONTAINERIZED/eufs-f1-sim/ws/install/eufs_msgs/local/lib/python3.10/dist-packages/eufs_msgs/msg/_costmap.py'...
Compiling '/home/gera/Desktop/EUFS_FORK_CONTAINERIZED/eufs-f1-sim/ws/install/eufs_msgs/local/lib/python3.10/dist-packages/eufs_msgs/msg/_cpu_status.py'...
Compiling '/home/gera/Desktop/EUFS_FORK_CONTAINERIZED/eufs-f1-sim/ws/install/eufs_msgs/local/lib/python3.10/dist-packages/eufs_msgs/msg/_cpu_usage.py'...
Compiling '/home/gera/Desktop/EUFS_FORK_CONTAINERIZED/eufs-f1-sim/ws/install/eufs_msgs/local/lib/python3.10/dist-packages/eufs_msgs/msg/_ekf_err.py'...
Compiling '/home/gera/Desktop/EUFS_FORK_CONTAINERIZED/eufs-f1-sim/ws/install/eufs_msgs/local/lib/python3.10/dist-packages/eufs_msgs/msg/_ekf_state.py'...
Compiling '/home/gera/Desktop/EUFS_FORK_CONTAINERIZED/eufs-f1-sim/ws/install/eufs_msgs/local/lib/python3.10/dist-packages/eufs_msgs/msg/_full_state.py'...
Compiling '/home/gera/Desktop/EUFS_FORK_CONTAINERIZED/eufs-f1-sim/ws/install/eufs_msgs/local/lib/python3.10/dist-packages/eufs_msgs/msg/_heartbeat.py'...
Compiling '/home/gera/Desktop/EUFS_FORK_CONTAINERIZED/eufs-f1-sim/ws/install/eufs_msgs/local/lib/python3.10/dist-packages/eufs_msgs/msg/_integration_err.py'...
Compiling '/home/gera/Desktop/EUFS_FORK_CONTAINERIZED/eufs-f1-sim/ws/install/eufs_msgs/local/lib/python3.10/dist-packages/eufs_msgs/msg/_lap_stats.py'...
Compiling '/home/gera/Desktop/EUFS_FORK_CONTAINERIZED/eufs-f1-sim/ws/install/eufs_msgs/local/lib/python3.10/dist-packages/eufs_msgs/msg/_mpc_state.py'...
Compiling '/home/gera/Desktop/EUFS_FORK_CONTAINERIZED/eufs-f1-sim/ws/install/eufs_msgs/local/lib/python3.10/dist-packages/eufs_msgs/msg/_node_state.py'...
Compiling '/home/gera/Desktop/EUFS_FORK_CONTAINERIZED/eufs-f1-sim/ws/install/eufs_msgs/local/lib/python3.10/dist-packages/eufs_msgs/msg/_node_state_array.py'...
Compiling '/home/gera/Desktop/EUFS_FORK_CONTAINERIZED/eufs-f1-sim/ws/install/eufs_msgs/local/lib/python3.10/dist-packages/eufs_msgs/msg/_oss.py'...
Compiling '/home/gera/Desktop/EUFS_FORK_CONTAINERIZED/eufs-f1-sim/ws/install/eufs_msgs/local/lib/python3.10/dist-packages/eufs_msgs/msg/_particle.py'...
Compiling '/home/gera/Desktop/EUFS_FORK_CONTAINERIZED/eufs-f1-sim/ws/install/eufs_msgs/local/lib/python3.10/dist-packages/eufs_msgs/msg/_particle_slam.py'...
Compiling '/home/gera/Desktop/EUFS_FORK_CONTAINERIZED/eufs-f1-sim/ws/install/eufs_msgs/local/lib/python3.10/dist-packages/eufs_msgs/msg/_particle_slam_stamped.py'...
Compiling '/home/gera/Desktop/EUFS_FORK_CONTAINERIZED/eufs-f1-sim/ws/install/eufs_msgs/local/lib/python3.10/dist-packages/eufs_msgs/msg/_particle_stamped.py'...
Compiling '/home/gera/Desktop/EUFS_FORK_CONTAINERIZED/eufs-f1-sim/ws/install/eufs_msgs/local/lib/python3.10/dist-packages/eufs_msgs/msg/_path_integral_params.py'...
Compiling '/home/gera/Desktop/EUFS_FORK_CONTAINERIZED/eufs-f1-sim/ws/install/eufs_msgs/local/lib/python3.10/dist-packages/eufs_msgs/msg/_path_integral_stats.py'...
Compiling '/home/gera/Desktop/EUFS_FORK_CONTAINERIZED/eufs-f1-sim/ws/install/eufs_msgs/local/lib/python3.10/dist-packages/eufs_msgs/msg/_path_integral_status.py'...
Compiling '/home/gera/Desktop/EUFS_FORK_CONTAINERIZED/eufs-f1-sim/ws/install/eufs_msgs/local/lib/python3.10/dist-packages/eufs_msgs/msg/_path_integral_timing.py'...
Compiling '/home/gera/Desktop/EUFS_FORK_CONTAINERIZED/eufs-f1-sim/ws/install/eufs_msgs/local/lib/python3.10/dist-packages/eufs_msgs/msg/_planning_mode.py'...
Compiling '/home/gera/Desktop/EUFS_FORK_CONTAINERIZED/eufs-f1-sim/ws/install/eufs_msgs/local/lib/python3.10/dist-packages/eufs_msgs/msg/_point_array.py'...
Compiling '/home/gera/Desktop/EUFS_FORK_CONTAINERIZED/eufs-f1-sim/ws/install/eufs_msgs/local/lib/python3.10/dist-packages/eufs_msgs/msg/_point_array_stamped.py'...
Compiling '/home/gera/Desktop/EUFS_FORK_CONTAINERIZED/eufs-f1-sim/ws/install/eufs_msgs/local/lib/python3.10/dist-packages/eufs_msgs/msg/_pure_pursuit_checkpoint.py'...
Compiling '/home/gera/Desktop/EUFS_FORK_CONTAINERIZED/eufs-f1-sim/ws/install/eufs_msgs/local/lib/python3.10/dist-packages/eufs_msgs/msg/_pure_pursuit_checkpoint_array_stamped.py'...
Compiling '/home/gera/Desktop/EUFS_FORK_CONTAINERIZED/eufs-f1-sim/ws/install/eufs_msgs/local/lib/python3.10/dist-packages/eufs_msgs/msg/_runstop.py'...
Compiling '/home/gera/Desktop/EUFS_FORK_CONTAINERIZED/eufs-f1-sim/ws/install/eufs_msgs/local/lib/python3.10/dist-packages/eufs_msgs/msg/_slam_err.py'...
Compiling '/home/gera/Desktop/EUFS_FORK_CONTAINERIZED/eufs-f1-sim/ws/install/eufs_msgs/local/lib/python3.10/dist-packages/eufs_msgs/msg/_slam_state.py'...
Compiling '/home/gera/Desktop/EUFS_FORK_CONTAINERIZED/eufs-f1-sim/ws/install/eufs_msgs/local/lib/python3.10/dist-packages/eufs_msgs/msg/_state_machine_state.py'...
Compiling '/home/gera/Desktop/EUFS_FORK_CONTAINERIZED/eufs-f1-sim/ws/install/eufs_msgs/local/lib/python3.10/dist-packages/eufs_msgs/msg/_stereo_image.py'...
Compiling '/home/gera/Desktop/EUFS_FORK_CONTAINERIZED/eufs-f1-sim/ws/install/eufs_msgs/local/lib/python3.10/dist-packages/eufs_msgs/msg/_system_status.py'...
Compiling '/home/gera/Desktop/EUFS_FORK_CONTAINERIZED/eufs-f1-sim/ws/install/eufs_msgs/local/lib/python3.10/dist-packages/eufs_msgs/msg/_topic_status.py'...
Compiling '/home/gera/Desktop/EUFS_FORK_CONTAINERIZED/eufs-f1-sim/ws/install/eufs_msgs/local/lib/python3.10/dist-packages/eufs_msgs/msg/_vehicle_commands.py'...
Compiling '/home/gera/Desktop/EUFS_FORK_CONTAINERIZED/eufs-f1-sim/ws/install/eufs_msgs/local/lib/python3.10/dist-packages/eufs_msgs/msg/_vehicle_commands_stamped.py'...
Compiling '/home/gera/Desktop/EUFS_FORK_CONTAINERIZED/eufs-f1-sim/ws/install/eufs_msgs/local/lib/python3.10/dist-packages/eufs_msgs/msg/_waypoint.py'...
Compiling '/home/gera/Desktop/EUFS_FORK_CONTAINERIZED/eufs-f1-sim/ws/install/eufs_msgs/local/lib/python3.10/dist-packages/eufs_msgs/msg/_waypoint_array_stamped.py'...
Compiling '/home/gera/Desktop/EUFS_FORK_CONTAINERIZED/eufs-f1-sim/ws/install/eufs_msgs/local/lib/python3.10/dist-packages/eufs_msgs/msg/_wheel_odometry_err.py'...
Compiling '/home/gera/Desktop/EUFS_FORK_CONTAINERIZED/eufs-f1-sim/ws/install/eufs_msgs/local/lib/python3.10/dist-packages/eufs_msgs/msg/_wheel_speeds.py'...
Compiling '/home/gera/Desktop/EUFS_FORK_CONTAINERIZED/eufs-f1-sim/ws/install/eufs_msgs/local/lib/python3.10/dist-packages/eufs_msgs/msg/_wheel_speeds_stamped.py'...
Listing '/home/gera/Desktop/EUFS_FORK_CONTAINERIZED/eufs-f1-sim/ws/install/eufs_msgs/local/lib/python3.10/dist-packages/eufs_msgs/srv'...
Compiling '/home/gera/Desktop/EUFS_FORK_CONTAINERIZED/eufs-f1-sim/ws/install/eufs_msgs/local/lib/python3.10/dist-packages/eufs_msgs/srv/__init__.py'...
Compiling '/home/gera/Desktop/EUFS_FORK_CONTAINERIZED/eufs-f1-sim/ws/install/eufs_msgs/local/lib/python3.10/dist-packages/eufs_msgs/srv/_get_map.py'...
Compiling '/home/gera/Desktop/EUFS_FORK_CONTAINERIZED/eufs-f1-sim/ws/install/eufs_msgs/local/lib/python3.10/dist-packages/eufs_msgs/srv/_record_start.py'...
Compiling '/home/gera/Desktop/EUFS_FORK_CONTAINERIZED/eufs-f1-sim/ws/install/eufs_msgs/local/lib/python3.10/dist-packages/eufs_msgs/srv/_record_stop.py'...
Compiling '/home/gera/Desktop/EUFS_FORK_CONTAINERIZED/eufs-f1-sim/ws/install/eufs_msgs/local/lib/python3.10/dist-packages/eufs_msgs/srv/_register.py'...
Compiling '/home/gera/Desktop/EUFS_FORK_CONTAINERIZED/eufs-f1-sim/ws/install/eufs_msgs/local/lib/python3.10/dist-packages/eufs_msgs/srv/_set_can_state.py'...
Compiling '/home/gera/Desktop/EUFS_FORK_CONTAINERIZED/eufs-f1-sim/ws/install/eufs_msgs/local/lib/python3.10/dist-packages/eufs_msgs/srv/_set_mission.py'...
Compiling '/home/gera/Desktop/EUFS_FORK_CONTAINERIZED/eufs-f1-sim/ws/install/eufs_msgs/local/lib/python3.10/dist-packages/eufs_msgs/srv/_set_string.py'...
Compiling '/home/gera/Desktop/EUFS_FORK_CONTAINERIZED/eufs-f1-sim/ws/install/eufs_msgs/local/lib/python3.10/dist-packages/eufs_msgs/srv/_set_track.py'...
-- Installing: /home/gera/Desktop/EUFS_FORK_CONTAINERIZED/eufs-f1-sim/ws/install/eufs_msgs/local/lib/python3.10/dist-packages/eufs_msgs/eufs_msgs_s__rosidl_typesupport_fastrtps_c.cpython-310-x86_64-linux-gnu.so
-- Set runtime path of "/home/gera/Desktop/EUFS_FORK_CONTAINERIZED/eufs-f1-sim/ws/install/eufs_msgs/local/lib/python3.10/dist-packages/eufs_msgs/eufs_msgs_s__rosidl_typesupport_fastrtps_c.cpython-310-x86_64-linux-gnu.so" to ""
-- Installing: /home/gera/Desktop/EUFS_FORK_CONTAINERIZED/eufs-f1-sim/ws/install/eufs_msgs/local/lib/python3.10/dist-packages/eufs_msgs/eufs_msgs_s__rosidl_typesupport_introspection_c.cpython-310-x86_64-linux-gnu.so
-- Set runtime path of "/home/gera/Desktop/EUFS_FORK_CONTAINERIZED/eufs-f1-sim/ws/install/eufs_msgs/local/lib/python3.10/dist-packages/eufs_msgs/eufs_msgs_s__rosidl_typesupport_introspection_c.cpython-310-x86_64-linux-gnu.so" to ""
-- Installing: /home/gera/Desktop/EUFS_FORK_CONTAINERIZED/eufs-f1-sim/ws/install/eufs_msgs/local/lib/python3.10/dist-packages/eufs_msgs/eufs_msgs_s__rosidl_typesupport_c.cpython-310-x86_64-linux-gnu.so
-- Set runtime path of "/home/gera/Desktop/EUFS_FORK_CONTAINERIZED/eufs-f1-sim/ws/install/eufs_msgs/local/lib/python3.10/dist-packages/eufs_msgs/eufs_msgs_s__rosidl_typesupport_c.cpython-310-x86_64-linux-gnu.so" to ""
-- Installing: /home/gera/Desktop/EUFS_FORK_CONTAINERIZED/eufs-f1-sim/ws/install/eufs_msgs/lib/libeufs_msgs__rosidl_generator_py.so
-- Set runtime path of "/home/gera/Desktop/EUFS_FORK_CONTAINERIZED/eufs-f1-sim/ws/install/eufs_msgs/lib/libeufs_msgs__rosidl_generator_py.so" to ""
-- Installing: /home/gera/Desktop/EUFS_FORK_CONTAINERIZED/eufs-f1-sim/ws/install/eufs_msgs/share/eufs_msgs/msg/BoundingBox.idl
-- Installing: /home/gera/Desktop/EUFS_FORK_CONTAINERIZED/eufs-f1-sim/ws/install/eufs_msgs/share/eufs_msgs/msg/BoundingBoxes.idl
-- Installing: /home/gera/Desktop/EUFS_FORK_CONTAINERIZED/eufs-f1-sim/ws/install/eufs_msgs/share/eufs_msgs/msg/CanState.idl
-- Installing: /home/gera/Desktop/EUFS_FORK_CONTAINERIZED/eufs-f1-sim/ws/install/eufs_msgs/share/eufs_msgs/msg/CarForces.idl
-- Installing: /home/gera/Desktop/EUFS_FORK_CONTAINERIZED/eufs-f1-sim/ws/install/eufs_msgs/share/eufs_msgs/msg/CarState.idl
-- Installing: /home/gera/Desktop/EUFS_FORK_CONTAINERIZED/eufs-f1-sim/ws/install/eufs_msgs/share/eufs_msgs/msg/ChassisCommand.idl
-- Installing: /home/gera/Desktop/EUFS_FORK_CONTAINERIZED/eufs-f1-sim/ws/install/eufs_msgs/share/eufs_msgs/msg/ChassisState.idl
-- Installing: /home/gera/Desktop/EUFS_FORK_CONTAINERIZED/eufs-f1-sim/ws/install/eufs_msgs/share/eufs_msgs/msg/ConeArray.idl
-- Installing: /home/gera/Desktop/EUFS_FORK_CONTAINERIZED/eufs-f1-sim/ws/install/eufs_msgs/share/eufs_msgs/msg/ConeArrayWithCovariance.idl
-- Installing: /home/gera/Desktop/EUFS_FORK_CONTAINERIZED/eufs-f1-sim/ws/install/eufs_msgs/share/eufs_msgs/msg/ConeWithColorProbability.idl
-- Installing: /home/gera/Desktop/EUFS_FORK_CONTAINERIZED/eufs-f1-sim/ws/install/eufs_msgs/share/eufs_msgs/msg/ConeWithColorProbabilityArray.idl
-- Installing: /home/gera/Desktop/EUFS_FORK_CONTAINERIZED/eufs-f1-sim/ws/install/eufs_msgs/share/eufs_msgs/msg/ConeWithCovariance.idl
-- Installing: /home/gera/Desktop/EUFS_FORK_CONTAINERIZED/eufs-f1-sim/ws/install/eufs_msgs/share/eufs_msgs/msg/ConeAssociation.idl
-- Installing: /home/gera/Desktop/EUFS_FORK_CONTAINERIZED/eufs-f1-sim/ws/install/eufs_msgs/share/eufs_msgs/msg/ConeAssociationArray.idl
-- Installing: /home/gera/Desktop/EUFS_FORK_CONTAINERIZED/eufs-f1-sim/ws/install/eufs_msgs/share/eufs_msgs/msg/ConeAssociationArrayArrayStamped.idl
-- Installing: /home/gera/Desktop/EUFS_FORK_CONTAINERIZED/eufs-f1-sim/ws/install/eufs_msgs/share/eufs_msgs/msg/ConeAssociationArrayStamped.idl
-- Installing: /home/gera/Desktop/EUFS_FORK_CONTAINERIZED/eufs-f1-sim/ws/install/eufs_msgs/share/eufs_msgs/msg/Costmap.idl
-- Installing: /home/gera/Desktop/EUFS_FORK_CONTAINERIZED/eufs-f1-sim/ws/install/eufs_msgs/share/eufs_msgs/msg/CpuStatus.idl
-- Installing: /home/gera/Desktop/EUFS_FORK_CONTAINERIZED/eufs-f1-sim/ws/install/eufs_msgs/share/eufs_msgs/msg/CpuUsage.idl
-- Installing: /home/gera/Desktop/EUFS_FORK_CONTAINERIZED/eufs-f1-sim/ws/install/eufs_msgs/share/eufs_msgs/msg/EKFErr.idl
-- Installing: /home/gera/Desktop/EUFS_FORK_CONTAINERIZED/eufs-f1-sim/ws/install/eufs_msgs/share/eufs_msgs/msg/EKFState.idl
-- Installing: /home/gera/Desktop/EUFS_FORK_CONTAINERIZED/eufs-f1-sim/ws/install/eufs_msgs/share/eufs_msgs/msg/FullState.idl
-- Installing: /home/gera/Desktop/EUFS_FORK_CONTAINERIZED/eufs-f1-sim/ws/install/eufs_msgs/share/eufs_msgs/msg/Heartbeat.idl
-- Installing: /home/gera/Desktop/EUFS_FORK_CONTAINERIZED/eufs-f1-sim/ws/install/eufs_msgs/share/eufs_msgs/msg/IntegrationErr.idl
-- Installing: /home/gera/Desktop/EUFS_FORK_CONTAINERIZED/eufs-f1-sim/ws/install/eufs_msgs/share/eufs_msgs/msg/LapStats.idl
-- Installing: /home/gera/Desktop/EUFS_FORK_CONTAINERIZED/eufs-f1-sim/ws/install/eufs_msgs/share/eufs_msgs/msg/MPCState.idl
-- Installing: /home/gera/Desktop/EUFS_FORK_CONTAINERIZED/eufs-f1-sim/ws/install/eufs_msgs/share/eufs_msgs/msg/NodeState.idl
-- Installing: /home/gera/Desktop/EUFS_FORK_CONTAINERIZED/eufs-f1-sim/ws/install/eufs_msgs/share/eufs_msgs/msg/NodeStateArray.idl
-- Installing: /home/gera/Desktop/EUFS_FORK_CONTAINERIZED/eufs-f1-sim/ws/install/eufs_msgs/share/eufs_msgs/msg/OSS.idl
-- Installing: /home/gera/Desktop/EUFS_FORK_CONTAINERIZED/eufs-f1-sim/ws/install/eufs_msgs/share/eufs_msgs/msg/Particle.idl
-- Installing: /home/gera/Desktop/EUFS_FORK_CONTAINERIZED/eufs-f1-sim/ws/install/eufs_msgs/share/eufs_msgs/msg/ParticleSLAM.idl
-- Installing: /home/gera/Desktop/EUFS_FORK_CONTAINERIZED/eufs-f1-sim/ws/install/eufs_msgs/share/eufs_msgs/msg/ParticleSLAMStamped.idl
-- Installing: /home/gera/Desktop/EUFS_FORK_CONTAINERIZED/eufs-f1-sim/ws/install/eufs_msgs/share/eufs_msgs/msg/ParticleStamped.idl
-- Installing: /home/gera/Desktop/EUFS_FORK_CONTAINERIZED/eufs-f1-sim/ws/install/eufs_msgs/share/eufs_msgs/msg/PathIntegralParams.idl
-- Installing: /home/gera/Desktop/EUFS_FORK_CONTAINERIZED/eufs-f1-sim/ws/install/eufs_msgs/share/eufs_msgs/msg/PathIntegralStats.idl
-- Installing: /home/gera/Desktop/EUFS_FORK_CONTAINERIZED/eufs-f1-sim/ws/install/eufs_msgs/share/eufs_msgs/msg/PathIntegralStatus.idl
-- Installing: /home/gera/Desktop/EUFS_FORK_CONTAINERIZED/eufs-f1-sim/ws/install/eufs_msgs/share/eufs_msgs/msg/PathIntegralTiming.idl
-- Installing: /home/gera/Desktop/EUFS_FORK_CONTAINERIZED/eufs-f1-sim/ws/install/eufs_msgs/share/eufs_msgs/msg/PlanningMode.idl
-- Installing: /home/gera/Desktop/EUFS_FORK_CONTAINERIZED/eufs-f1-sim/ws/install/eufs_msgs/share/eufs_msgs/msg/PointArray.idl
-- Installing: /home/gera/Desktop/EUFS_FORK_CONTAINERIZED/eufs-f1-sim/ws/install/eufs_msgs/share/eufs_msgs/msg/PointArrayStamped.idl
-- Installing: /home/gera/Desktop/EUFS_FORK_CONTAINERIZED/eufs-f1-sim/ws/install/eufs_msgs/share/eufs_msgs/msg/PurePursuitCheckpoint.idl
-- Installing: /home/gera/Desktop/EUFS_FORK_CONTAINERIZED/eufs-f1-sim/ws/install/eufs_msgs/share/eufs_msgs/msg/PurePursuitCheckpointArrayStamped.idl
-- Installing: /home/gera/Desktop/EUFS_FORK_CONTAINERIZED/eufs-f1-sim/ws/install/eufs_msgs/share/eufs_msgs/msg/Runstop.idl
-- Installing: /home/gera/Desktop/EUFS_FORK_CONTAINERIZED/eufs-f1-sim/ws/install/eufs_msgs/share/eufs_msgs/msg/SLAMErr.idl
-- Installing: /home/gera/Desktop/EUFS_FORK_CONTAINERIZED/eufs-f1-sim/ws/install/eufs_msgs/share/eufs_msgs/msg/SLAMState.idl
-- Installing: /home/gera/Desktop/EUFS_FORK_CONTAINERIZED/eufs-f1-sim/ws/install/eufs_msgs/share/eufs_msgs/msg/StateMachineState.idl
-- Installing: /home/gera/Desktop/EUFS_FORK_CONTAINERIZED/eufs-f1-sim/ws/install/eufs_msgs/share/eufs_msgs/msg/StereoImage.idl
-- Installing: /home/gera/Desktop/EUFS_FORK_CONTAINERIZED/eufs-f1-sim/ws/install/eufs_msgs/share/eufs_msgs/msg/SystemStatus.idl
-- Installing: /home/gera/Desktop/EUFS_FORK_CONTAINERIZED/eufs-f1-sim/ws/install/eufs_msgs/share/eufs_msgs/msg/TopicStatus.idl
-- Installing: /home/gera/Desktop/EUFS_FORK_CONTAINERIZED/eufs-f1-sim/ws/install/eufs_msgs/share/eufs_msgs/msg/VehicleCommands.idl
-- Installing: /home/gera/Desktop/EUFS_FORK_CONTAINERIZED/eufs-f1-sim/ws/install/eufs_msgs/share/eufs_msgs/msg/VehicleCommandsStamped.idl
-- Installing: /home/gera/Desktop/EUFS_FORK_CONTAINERIZED/eufs-f1-sim/ws/install/eufs_msgs/share/eufs_msgs/msg/Waypoint.idl
-- Installing: /home/gera/Desktop/EUFS_FORK_CONTAINERIZED/eufs-f1-sim/ws/install/eufs_msgs/share/eufs_msgs/msg/WaypointArrayStamped.idl
-- Installing: /home/gera/Desktop/EUFS_FORK_CONTAINERIZED/eufs-f1-sim/ws/install/eufs_msgs/share/eufs_msgs/msg/WheelOdometryErr.idl
-- Installing: /home/gera/Desktop/EUFS_FORK_CONTAINERIZED/eufs-f1-sim/ws/install/eufs_msgs/share/eufs_msgs/msg/WheelSpeeds.idl
-- Installing: /home/gera/Desktop/EUFS_FORK_CONTAINERIZED/eufs-f1-sim/ws/install/eufs_msgs/share/eufs_msgs/msg/WheelSpeedsStamped.idl
-- Installing: /home/gera/Desktop/EUFS_FORK_CONTAINERIZED/eufs-f1-sim/ws/install/eufs_msgs/share/eufs_msgs/action/CheckForObjects.idl
-- Installing: /home/gera/Desktop/EUFS_FORK_CONTAINERIZED/eufs-f1-sim/ws/install/eufs_msgs/share/eufs_msgs/srv/RecordStart.idl
-- Installing: /home/gera/Desktop/EUFS_FORK_CONTAINERIZED/eufs-f1-sim/ws/install/eufs_msgs/share/eufs_msgs/srv/RecordStop.idl
-- Installing: /home/gera/Desktop/EUFS_FORK_CONTAINERIZED/eufs-f1-sim/ws/install/eufs_msgs/share/eufs_msgs/srv/Register.idl
-- Installing: /home/gera/Desktop/EUFS_FORK_CONTAINERIZED/eufs-f1-sim/ws/install/eufs_msgs/share/eufs_msgs/srv/SetCanState.idl
-- Installing: /home/gera/Desktop/EUFS_FORK_CONTAINERIZED/eufs-f1-sim/ws/install/eufs_msgs/share/eufs_msgs/srv/SetString.idl
-- Installing: /home/gera/Desktop/EUFS_FORK_CONTAINERIZED/eufs-f1-sim/ws/install/eufs_msgs/share/eufs_msgs/srv/SetTrack.idl
-- Installing: /home/gera/Desktop/EUFS_FORK_CONTAINERIZED/eufs-f1-sim/ws/install/eufs_msgs/share/eufs_msgs/srv/SetMission.idl
-- Installing: /home/gera/Desktop/EUFS_FORK_CONTAINERIZED/eufs-f1-sim/ws/install/eufs_msgs/share/eufs_msgs/srv/GetMap.idl
-- Installing: /home/gera/Desktop/EUFS_FORK_CONTAINERIZED/eufs-f1-sim/ws/install/eufs_msgs/share/eufs_msgs/msg/BoundingBox.msg
-- Installing: /home/gera/Desktop/EUFS_FORK_CONTAINERIZED/eufs-f1-sim/ws/install/eufs_msgs/share/eufs_msgs/msg/BoundingBoxes.msg
-- Installing: /home/gera/Desktop/EUFS_FORK_CONTAINERIZED/eufs-f1-sim/ws/install/eufs_msgs/share/eufs_msgs/msg/CanState.msg
-- Installing: /home/gera/Desktop/EUFS_FORK_CONTAINERIZED/eufs-f1-sim/ws/install/eufs_msgs/share/eufs_msgs/msg/CarForces.msg
-- Installing: /home/gera/Desktop/EUFS_FORK_CONTAINERIZED/eufs-f1-sim/ws/install/eufs_msgs/share/eufs_msgs/msg/CarState.msg
-- Installing: /home/gera/Desktop/EUFS_FORK_CONTAINERIZED/eufs-f1-sim/ws/install/eufs_msgs/share/eufs_msgs/msg/ChassisCommand.msg
-- Installing: /home/gera/Desktop/EUFS_FORK_CONTAINERIZED/eufs-f1-sim/ws/install/eufs_msgs/share/eufs_msgs/msg/ChassisState.msg
-- Installing: /home/gera/Desktop/EUFS_FORK_CONTAINERIZED/eufs-f1-sim/ws/install/eufs_msgs/share/eufs_msgs/msg/ConeArray.msg
-- Installing: /home/gera/Desktop/EUFS_FORK_CONTAINERIZED/eufs-f1-sim/ws/install/eufs_msgs/share/eufs_msgs/msg/ConeArrayWithCovariance.msg
-- Installing: /home/gera/Desktop/EUFS_FORK_CONTAINERIZED/eufs-f1-sim/ws/install/eufs_msgs/share/eufs_msgs/msg/ConeWithColorProbability.msg
-- Installing: /home/gera/Desktop/EUFS_FORK_CONTAINERIZED/eufs-f1-sim/ws/install/eufs_msgs/share/eufs_msgs/msg/ConeWithColorProbabilityArray.msg
-- Installing: /home/gera/Desktop/EUFS_FORK_CONTAINERIZED/eufs-f1-sim/ws/install/eufs_msgs/share/eufs_msgs/msg/ConeWithCovariance.msg
-- Installing: /home/gera/Desktop/EUFS_FORK_CONTAINERIZED/eufs-f1-sim/ws/install/eufs_msgs/share/eufs_msgs/msg/ConeAssociation.msg
-- Installing: /home/gera/Desktop/EUFS_FORK_CONTAINERIZED/eufs-f1-sim/ws/install/eufs_msgs/share/eufs_msgs/msg/ConeAssociationArray.msg
-- Installing: /home/gera/Desktop/EUFS_FORK_CONTAINERIZED/eufs-f1-sim/ws/install/eufs_msgs/share/eufs_msgs/msg/ConeAssociationArrayArrayStamped.msg
-- Installing: /home/gera/Desktop/EUFS_FORK_CONTAINERIZED/eufs-f1-sim/ws/install/eufs_msgs/share/eufs_msgs/msg/ConeAssociationArrayStamped.msg
-- Installing: /home/gera/Desktop/EUFS_FORK_CONTAINERIZED/eufs-f1-sim/ws/install/eufs_msgs/share/eufs_msgs/msg/Costmap.msg
-- Installing: /home/gera/Desktop/EUFS_FORK_CONTAINERIZED/eufs-f1-sim/ws/install/eufs_msgs/share/eufs_msgs/msg/CpuStatus.msg
-- Installing: /home/gera/Desktop/EUFS_FORK_CONTAINERIZED/eufs-f1-sim/ws/install/eufs_msgs/share/eufs_msgs/msg/CpuUsage.msg
-- Installing: /home/gera/Desktop/EUFS_FORK_CONTAINERIZED/eufs-f1-sim/ws/install/eufs_msgs/share/eufs_msgs/msg/EKFErr.msg
-- Installing: /home/gera/Desktop/EUFS_FORK_CONTAINERIZED/eufs-f1-sim/ws/install/eufs_msgs/share/eufs_msgs/msg/EKFState.msg
-- Installing: /home/gera/Desktop/EUFS_FORK_CONTAINERIZED/eufs-f1-sim/ws/install/eufs_msgs/share/eufs_msgs/msg/FullState.msg
-- Installing: /home/gera/Desktop/EUFS_FORK_CONTAINERIZED/eufs-f1-sim/ws/install/eufs_msgs/share/eufs_msgs/msg/Heartbeat.msg
-- Installing: /home/gera/Desktop/EUFS_FORK_CONTAINERIZED/eufs-f1-sim/ws/install/eufs_msgs/share/eufs_msgs/msg/IntegrationErr.msg
-- Installing: /home/gera/Desktop/EUFS_FORK_CONTAINERIZED/eufs-f1-sim/ws/install/eufs_msgs/share/eufs_msgs/msg/LapStats.msg
-- Installing: /home/gera/Desktop/EUFS_FORK_CONTAINERIZED/eufs-f1-sim/ws/install/eufs_msgs/share/eufs_msgs/msg/MPCState.msg
-- Installing: /home/gera/Desktop/EUFS_FORK_CONTAINERIZED/eufs-f1-sim/ws/install/eufs_msgs/share/eufs_msgs/msg/NodeState.msg
-- Installing: /home/gera/Desktop/EUFS_FORK_CONTAINERIZED/eufs-f1-sim/ws/install/eufs_msgs/share/eufs_msgs/msg/NodeStateArray.msg
-- Installing: /home/gera/Desktop/EUFS_FORK_CONTAINERIZED/eufs-f1-sim/ws/install/eufs_msgs/share/eufs_msgs/msg/OSS.msg
-- Installing: /home/gera/Desktop/EUFS_FORK_CONTAINERIZED/eufs-f1-sim/ws/install/eufs_msgs/share/eufs_msgs/msg/Particle.msg
-- Installing: /home/gera/Desktop/EUFS_FORK_CONTAINERIZED/eufs-f1-sim/ws/install/eufs_msgs/share/eufs_msgs/msg/ParticleSLAM.msg
-- Installing: /home/gera/Desktop/EUFS_FORK_CONTAINERIZED/eufs-f1-sim/ws/install/eufs_msgs/share/eufs_msgs/msg/ParticleSLAMStamped.msg
-- Installing: /home/gera/Desktop/EUFS_FORK_CONTAINERIZED/eufs-f1-sim/ws/install/eufs_msgs/share/eufs_msgs/msg/ParticleStamped.msg
-- Installing: /home/gera/Desktop/EUFS_FORK_CONTAINERIZED/eufs-f1-sim/ws/install/eufs_msgs/share/eufs_msgs/msg/PathIntegralParams.msg
-- Installing: /home/gera/Desktop/EUFS_FORK_CONTAINERIZED/eufs-f1-sim/ws/install/eufs_msgs/share/eufs_msgs/msg/PathIntegralStats.msg
-- Installing: /home/gera/Desktop/EUFS_FORK_CONTAINERIZED/eufs-f1-sim/ws/install/eufs_msgs/share/eufs_msgs/msg/PathIntegralStatus.msg
-- Installing: /home/gera/Desktop/EUFS_FORK_CONTAINERIZED/eufs-f1-sim/ws/install/eufs_msgs/share/eufs_msgs/msg/PathIntegralTiming.msg
-- Installing: /home/gera/Desktop/EUFS_FORK_CONTAINERIZED/eufs-f1-sim/ws/install/eufs_msgs/share/eufs_msgs/msg/PlanningMode.msg
-- Installing: /home/gera/Desktop/EUFS_FORK_CONTAINERIZED/eufs-f1-sim/ws/install/eufs_msgs/share/eufs_msgs/msg/PointArray.msg
-- Installing: /home/gera/Desktop/EUFS_FORK_CONTAINERIZED/eufs-f1-sim/ws/install/eufs_msgs/share/eufs_msgs/msg/PointArrayStamped.msg
-- Installing: /home/gera/Desktop/EUFS_FORK_CONTAINERIZED/eufs-f1-sim/ws/install/eufs_msgs/share/eufs_msgs/msg/PurePursuitCheckpoint.msg
-- Installing: /home/gera/Desktop/EUFS_FORK_CONTAINERIZED/eufs-f1-sim/ws/install/eufs_msgs/share/eufs_msgs/msg/PurePursuitCheckpointArrayStamped.msg
-- Installing: /home/gera/Desktop/EUFS_FORK_CONTAINERIZED/eufs-f1-sim/ws/install/eufs_msgs/share/eufs_msgs/msg/Runstop.msg
-- Installing: /home/gera/Desktop/EUFS_FORK_CONTAINERIZED/eufs-f1-sim/ws/install/eufs_msgs/share/eufs_msgs/msg/SLAMErr.msg
-- Installing: /home/gera/Desktop/EUFS_FORK_CONTAINERIZED/eufs-f1-sim/ws/install/eufs_msgs/share/eufs_msgs/msg/SLAMState.msg
-- Installing: /home/gera/Desktop/EUFS_FORK_CONTAINERIZED/eufs-f1-sim/ws/install/eufs_msgs/share/eufs_msgs/msg/StateMachineState.msg
-- Installing: /home/gera/Desktop/EUFS_FORK_CONTAINERIZED/eufs-f1-sim/ws/install/eufs_msgs/share/eufs_msgs/msg/StereoImage.msg
-- Installing: /home/gera/Desktop/EUFS_FORK_CONTAINERIZED/eufs-f1-sim/ws/install/eufs_msgs/share/eufs_msgs/msg/SystemStatus.msg
-- Installing: /home/gera/Desktop/EUFS_FORK_CONTAINERIZED/eufs-f1-sim/ws/install/eufs_msgs/share/eufs_msgs/msg/TopicStatus.msg
-- Installing: /home/gera/Desktop/EUFS_FORK_CONTAINERIZED/eufs-f1-sim/ws/install/eufs_msgs/share/eufs_msgs/msg/VehicleCommands.msg
-- Installing: /home/gera/Desktop/EUFS_FORK_CONTAINERIZED/eufs-f1-sim/ws/install/eufs_msgs/share/eufs_msgs/msg/VehicleCommandsStamped.msg
-- Installing: /home/gera/Desktop/EUFS_FORK_CONTAINERIZED/eufs-f1-sim/ws/install/eufs_msgs/share/eufs_msgs/msg/Waypoint.msg
-- Installing: /home/gera/Desktop/EUFS_FORK_CONTAINERIZED/eufs-f1-sim/ws/install/eufs_msgs/share/eufs_msgs/msg/WaypointArrayStamped.msg
-- Installing: /home/gera/Desktop/EUFS_FORK_CONTAINERIZED/eufs-f1-sim/ws/install/eufs_msgs/share/eufs_msgs/msg/WheelOdometryErr.msg
-- Installing: /home/gera/Desktop/EUFS_FORK_CONTAINERIZED/eufs-f1-sim/ws/install/eufs_msgs/share/eufs_msgs/msg/WheelSpeeds.msg
-- Installing: /home/gera/Desktop/EUFS_FORK_CONTAINERIZED/eufs-f1-sim/ws/install/eufs_msgs/share/eufs_msgs/msg/WheelSpeedsStamped.msg
-- Installing: /home/gera/Desktop/EUFS_FORK_CONTAINERIZED/eufs-f1-sim/ws/install/eufs_msgs/share/eufs_msgs/action/CheckForObjects.action
-- Installing: /home/gera/Desktop/EUFS_FORK_CONTAINERIZED/eufs-f1-sim/ws/install/eufs_msgs/share/eufs_msgs/srv/RecordStart.srv
-- Installing: /home/gera/Desktop/EUFS_FORK_CONTAINERIZED/eufs-f1-sim/ws/install/eufs_msgs/share/eufs_msgs/srv/RecordStart_Request.msg
-- Installing: /home/gera/Desktop/EUFS_FORK_CONTAINERIZED/eufs-f1-sim/ws/install/eufs_msgs/share/eufs_msgs/srv/RecordStart_Response.msg
-- Installing: /home/gera/Desktop/EUFS_FORK_CONTAINERIZED/eufs-f1-sim/ws/install/eufs_msgs/share/eufs_msgs/srv/RecordStop.srv
-- Installing: /home/gera/Desktop/EUFS_FORK_CONTAINERIZED/eufs-f1-sim/ws/install/eufs_msgs/share/eufs_msgs/srv/RecordStop_Request.msg
-- Installing: /home/gera/Desktop/EUFS_FORK_CONTAINERIZED/eufs-f1-sim/ws/install/eufs_msgs/share/eufs_msgs/srv/RecordStop_Response.msg
-- Installing: /home/gera/Desktop/EUFS_FORK_CONTAINERIZED/eufs-f1-sim/ws/install/eufs_msgs/share/eufs_msgs/srv/Register.srv
-- Installing: /home/gera/Desktop/EUFS_FORK_CONTAINERIZED/eufs-f1-sim/ws/install/eufs_msgs/share/eufs_msgs/srv/Register_Request.msg
-- Installing: /home/gera/Desktop/EUFS_FORK_CONTAINERIZED/eufs-f1-sim/ws/install/eufs_msgs/share/eufs_msgs/srv/Register_Response.msg
-- Installing: /home/gera/Desktop/EUFS_FORK_CONTAINERIZED/eufs-f1-sim/ws/install/eufs_msgs/share/eufs_msgs/srv/SetCanState.srv
-- Installing: /home/gera/Desktop/EUFS_FORK_CONTAINERIZED/eufs-f1-sim/ws/install/eufs_msgs/share/eufs_msgs/srv/SetCanState_Request.msg
-- Installing: /home/gera/Desktop/EUFS_FORK_CONTAINERIZED/eufs-f1-sim/ws/install/eufs_msgs/share/eufs_msgs/srv/SetCanState_Response.msg
-- Installing: /home/gera/Desktop/EUFS_FORK_CONTAINERIZED/eufs-f1-sim/ws/install/eufs_msgs/share/eufs_msgs/srv/SetString.srv
-- Installing: /home/gera/Desktop/EUFS_FORK_CONTAINERIZED/eufs-f1-sim/ws/install/eufs_msgs/share/eufs_msgs/srv/SetString_Request.msg
-- Installing: /home/gera/Desktop/EUFS_FORK_CONTAINERIZED/eufs-f1-sim/ws/install/eufs_msgs/share/eufs_msgs/srv/SetString_Response.msg
-- Installing: /home/gera/Desktop/EUFS_FORK_CONTAINERIZED/eufs-f1-sim/ws/install/eufs_msgs/share/eufs_msgs/srv/SetTrack.srv
-- Installing: /home/gera/Desktop/EUFS_FORK_CONTAINERIZED/eufs-f1-sim/ws/install/eufs_msgs/share/eufs_msgs/srv/SetTrack_Request.msg
-- Installing: /home/gera/Desktop/EUFS_FORK_CONTAINERIZED/eufs-f1-sim/ws/install/eufs_msgs/share/eufs_msgs/srv/SetTrack_Response.msg
-- Installing: /home/gera/Desktop/EUFS_FORK_CONTAINERIZED/eufs-f1-sim/ws/install/eufs_msgs/share/eufs_msgs/srv/SetMission.srv
-- Installing: /home/gera/Desktop/EUFS_FORK_CONTAINERIZED/eufs-f1-sim/ws/install/eufs_msgs/share/eufs_msgs/srv/SetMission_Request.msg
-- Installing: /home/gera/Desktop/EUFS_FORK_CONTAINERIZED/eufs-f1-sim/ws/install/eufs_msgs/share/eufs_msgs/srv/SetMission_Response.msg
-- Installing: /home/gera/Desktop/EUFS_FORK_CONTAINERIZED/eufs-f1-sim/ws/install/eufs_msgs/share/eufs_msgs/srv/GetMap.srv
-- Installing: /home/gera/Desktop/EUFS_FORK_CONTAINERIZED/eufs-f1-sim/ws/install/eufs_msgs/share/eufs_msgs/srv/GetMap_Request.msg
-- Installing: /home/gera/Desktop/EUFS_FORK_CONTAINERIZED/eufs-f1-sim/ws/install/eufs_msgs/share/eufs_msgs/srv/GetMap_Response.msg
-- Installing: /home/gera/Desktop/EUFS_FORK_CONTAINERIZED/eufs-f1-sim/ws/install/eufs_msgs/share/ament_index/resource_index/package_run_dependencies/eufs_msgs
-- Installing: /home/gera/Desktop/EUFS_FORK_CONTAINERIZED/eufs-f1-sim/ws/install/eufs_msgs/share/ament_index/resource_index/parent_prefix_path/eufs_msgs
-- Installing: /home/gera/Desktop/EUFS_FORK_CONTAINERIZED/eufs-f1-sim/ws/install/eufs_msgs/share/eufs_msgs/environment/ament_prefix_path.sh
-- Installing: /home/gera/Desktop/EUFS_FORK_CONTAINERIZED/eufs-f1-sim/ws/install/eufs_msgs/share/eufs_msgs/environment/ament_prefix_path.dsv
-- Installing: /home/gera/Desktop/EUFS_FORK_CONTAINERIZED/eufs-f1-sim/ws/install/eufs_msgs/share/eufs_msgs/environment/path.sh
-- Installing: /home/gera/Desktop/EUFS_FORK_CONTAINERIZED/eufs-f1-sim/ws/install/eufs_msgs/share/eufs_msgs/environment/path.dsv
-- Installing: /home/gera/Desktop/EUFS_FORK_CONTAINERIZED/eufs-f1-sim/ws/install/eufs_msgs/share/eufs_msgs/local_setup.bash
-- Installing: /home/gera/Desktop/EUFS_FORK_CONTAINERIZED/eufs-f1-sim/ws/install/eufs_msgs/share/eufs_msgs/local_setup.sh
-- Installing: /home/gera/Desktop/EUFS_FORK_CONTAINERIZED/eufs-f1-sim/ws/install/eufs_msgs/share/eufs_msgs/local_setup.zsh
-- Installing: /home/gera/Desktop/EUFS_FORK_CONTAINERIZED/eufs-f1-sim/ws/install/eufs_msgs/share/eufs_msgs/local_setup.dsv
-- Installing: /home/gera/Desktop/EUFS_FORK_CONTAINERIZED/eufs-f1-sim/ws/install/eufs_msgs/share/eufs_msgs/package.dsv
-- Installing: /home/gera/Desktop/EUFS_FORK_CONTAINERIZED/eufs-f1-sim/ws/install/eufs_msgs/share/ament_index/resource_index/packages/eufs_msgs
-- Installing: /home/gera/Desktop/EUFS_FORK_CONTAINERIZED/eufs-f1-sim/ws/install/eufs_msgs/share/eufs_msgs/cmake/export_eufs_msgs__rosidl_generator_cExport.cmake
-- Installing: /home/gera/Desktop/EUFS_FORK_CONTAINERIZED/eufs-f1-sim/ws/install/eufs_msgs/share/eufs_msgs/cmake/export_eufs_msgs__rosidl_generator_cExport-noconfig.cmake
-- Installing: /home/gera/Desktop/EUFS_FORK_CONTAINERIZED/eufs-f1-sim/ws/install/eufs_msgs/share/eufs_msgs/cmake/export_eufs_msgs__rosidl_typesupport_fastrtps_cExport.cmake
-- Installing: /home/gera/Desktop/EUFS_FORK_CONTAINERIZED/eufs-f1-sim/ws/install/eufs_msgs/share/eufs_msgs/cmake/export_eufs_msgs__rosidl_typesupport_fastrtps_cExport-noconfig.cmake
-- Installing: /home/gera/Desktop/EUFS_FORK_CONTAINERIZED/eufs-f1-sim/ws/install/eufs_msgs/share/eufs_msgs/cmake/eufs_msgs__rosidl_typesupport_introspection_cExport.cmake
-- Installing: /home/gera/Desktop/EUFS_FORK_CONTAINERIZED/eufs-f1-sim/ws/install/eufs_msgs/share/eufs_msgs/cmake/eufs_msgs__rosidl_typesupport_introspection_cExport-noconfig.cmake
-- Installing: /home/gera/Desktop/EUFS_FORK_CONTAINERIZED/eufs-f1-sim/ws/install/eufs_msgs/share/eufs_msgs/cmake/eufs_msgs__rosidl_typesupport_cExport.cmake
-- Installing: /home/gera/Desktop/EUFS_FORK_CONTAINERIZED/eufs-f1-sim/ws/install/eufs_msgs/share/eufs_msgs/cmake/eufs_msgs__rosidl_typesupport_cExport-noconfig.cmake
-- Installing: /home/gera/Desktop/EUFS_FORK_CONTAINERIZED/eufs-f1-sim/ws/install/eufs_msgs/share/eufs_msgs/cmake/export_eufs_msgs__rosidl_generator_cppExport.cmake
-- Installing: /home/gera/Desktop/EUFS_FORK_CONTAINERIZED/eufs-f1-sim/ws/install/eufs_msgs/share/eufs_msgs/cmake/export_eufs_msgs__rosidl_typesupport_fastrtps_cppExport.cmake
-- Installing: /home/gera/Desktop/EUFS_FORK_CONTAINERIZED/eufs-f1-sim/ws/install/eufs_msgs/share/eufs_msgs/cmake/export_eufs_msgs__rosidl_typesupport_fastrtps_cppExport-noconfig.cmake
-- Installing: /home/gera/Desktop/EUFS_FORK_CONTAINERIZED/eufs-f1-sim/ws/install/eufs_msgs/share/eufs_msgs/cmake/eufs_msgs__rosidl_typesupport_introspection_cppExport.cmake
-- Installing: /home/gera/Desktop/EUFS_FORK_CONTAINERIZED/eufs-f1-sim/ws/install/eufs_msgs/share/eufs_msgs/cmake/eufs_msgs__rosidl_typesupport_introspection_cppExport-noconfig.cmake
-- Installing: /home/gera/Desktop/EUFS_FORK_CONTAINERIZED/eufs-f1-sim/ws/install/eufs_msgs/share/eufs_msgs/cmake/eufs_msgs__rosidl_typesupport_cppExport.cmake
-- Installing: /home/gera/Desktop/EUFS_FORK_CONTAINERIZED/eufs-f1-sim/ws/install/eufs_msgs/share/eufs_msgs/cmake/eufs_msgs__rosidl_typesupport_cppExport-noconfig.cmake
-- Installing: /home/gera/Desktop/EUFS_FORK_CONTAINERIZED/eufs-f1-sim/ws/install/eufs_msgs/share/eufs_msgs/cmake/export_eufs_msgs__rosidl_generator_pyExport.cmake
-- Installing: /home/gera/Desktop/EUFS_FORK_CONTAINERIZED/eufs-f1-sim/ws/install/eufs_msgs/share/eufs_msgs/cmake/export_eufs_msgs__rosidl_generator_pyExport-noconfig.cmake
-- Installing: /home/gera/Desktop/EUFS_FORK_CONTAINERIZED/eufs-f1-sim/ws/install/eufs_msgs/share/eufs_msgs/cmake/rosidl_cmake-extras.cmake
-- Installing: /home/gera/Desktop/EUFS_FORK_CONTAINERIZED/eufs-f1-sim/ws/install/eufs_msgs/share/eufs_msgs/cmake/ament_cmake_export_dependencies-extras.cmake
-- Installing: /home/gera/Desktop/EUFS_FORK_CONTAINERIZED/eufs-f1-sim/ws/install/eufs_msgs/share/eufs_msgs/cmake/ament_cmake_export_include_directories-extras.cmake
-- Installing: /home/gera/Desktop/EUFS_FORK_CONTAINERIZED/eufs-f1-sim/ws/install/eufs_msgs/share/eufs_msgs/cmake/ament_cmake_export_libraries-extras.cmake
-- Installing: /home/gera/Desktop/EUFS_FORK_CONTAINERIZED/eufs-f1-sim/ws/install/eufs_msgs/share/eufs_msgs/cmake/ament_cmake_export_targets-extras.cmake
-- Installing: /home/gera/Desktop/EUFS_FORK_CONTAINERIZED/eufs-f1-sim/ws/install/eufs_msgs/share/eufs_msgs/cmake/rosidl_cmake_export_typesupport_targets-extras.cmake
-- Installing: /home/gera/Desktop/EUFS_FORK_CONTAINERIZED/eufs-f1-sim/ws/install/eufs_msgs/share/eufs_msgs/cmake/rosidl_cmake_export_typesupport_libraries-extras.cmake
-- Installing: /home/gera/Desktop/EUFS_FORK_CONTAINERIZED/eufs-f1-sim/ws/install/eufs_msgs/share/eufs_msgs/cmake/eufs_msgsConfig.cmake
-- Installing: /home/gera/Desktop/EUFS_FORK_CONTAINERIZED/eufs-f1-sim/ws/install/eufs_msgs/share/eufs_msgs/cmake/eufs_msgsConfig-version.cmake
-- Installing: /home/gera/Desktop/EUFS_FORK_CONTAINERIZED/eufs-f1-sim/ws/install/eufs_msgs/share/eufs_msgs/package.xml
