[0.008s] Invoking command in '/home/gera/Desktop/EUFS_FORK_CONTAINERIZED/eufs-f1-sim/ws/build/eufs_msgs': CMAKE_PREFIX_PATH=${CMAKE_PREFIX_PATH}:/home/gera/eufs_simulator/install/graph_slam:/home/gera/eufs_simulator/install/fmdv_monitor:/home/gera/eufs_simulator/install/fmdv_code:/home/gera/eufs_simulator/install/eufs_launcher:/home/gera/eufs_simulator/install/eufs_tracks:/home/gera/eufs_simulator/install/eufs_rqt:/home/gera/eufs_simulator/install/eufs_racecar:/opt/ros/humble /usr/bin/cmake /home/gera/Desktop/EUFS_FORK_CONTAINERIZED/eufs-f1-sim/ws/src/eufs_msgs -DCMAKE_INSTALL_PREFIX=/home/gera/Desktop/EUFS_FORK_CONTAINERIZED/eufs-f1-sim/ws/install/eufs_msgs
[0.237s] -- The C compiler identification is GNU 11.4.0
[0.381s] -- The CXX compiler identification is GNU 11.4.0
[0.398s] -- Detecting C compiler ABI info
[0.519s] -- Detecting C compiler ABI info - done
[0.531s] -- Check for working C compiler: /usr/bin/cc - skipped
[0.532s] -- Detecting C compile features
[0.533s] -- Detecting C compile features - done
[0.540s] -- Detecting CXX compiler ABI info
[0.681s] -- Detecting CXX compiler ABI info - done
[0.693s] -- Check for working CXX compiler: /usr/bin/c++ - skipped
[0.693s] -- Detecting CXX compile features
[0.694s] -- Detecting CXX compile features - done
[0.701s] -- Found ament_cmake: 1.3.12 (/opt/ros/humble/share/ament_cmake/cmake)
[0.919s] -- Found Python3: /usr/bin/python3 (found version "3.10.12") found components: Interpreter 
[1.066s] -- Found rosidl_default_generators: 1.2.0 (/opt/ros/humble/share/rosidl_default_generators/cmake)
[1.080s] -- Using all available rosidl_typesupport_c: rosidl_typesupport_fastrtps_c;rosidl_typesupport_introspection_c
[1.103s] -- Found rosidl_adapter: 3.1.7 (/opt/ros/humble/share/rosidl_adapter/cmake)
[1.198s] -- Using all available rosidl_typesupport_cpp: rosidl_typesupport_fastrtps_cpp;rosidl_typesupport_introspection_cpp
[1.270s] -- Found std_msgs: 4.9.0 (/opt/ros/humble/share/std_msgs/cmake)
[1.330s] -- Found geometry_msgs: 4.9.0 (/opt/ros/humble/share/geometry_msgs/cmake)
[1.357s] -- Found sensor_msgs: 4.9.0 (/opt/ros/humble/share/sensor_msgs/cmake)
[2.120s] -- Found ament_cmake_ros: 0.10.0 (/opt/ros/humble/share/ament_cmake_ros/cmake)
[2.633s] -- Using all available rosidl_typesupport_c: rosidl_typesupport_fastrtps_c;rosidl_typesupport_introspection_c
[3.295s] -- Using all available rosidl_typesupport_cpp: rosidl_typesupport_fastrtps_cpp;rosidl_typesupport_introspection_cpp
[3.340s] -- Found PythonInterp: /usr/bin/python3 (found suitable version "3.10.12", minimum required is "3.6") 
[3.348s] -- Found python_cmake_module: 0.10.0 (/opt/ros/humble/share/python_cmake_module/cmake)
[3.399s] -- Found PythonLibs: /usr/lib/x86_64-linux-gnu/libpython3.10.so (found suitable version "3.10.12", minimum required is "3.5") 
[3.399s] -- Using PYTHON_EXECUTABLE: /usr/bin/python3
[3.399s] -- Using PYTHON_INCLUDE_DIRS: /usr/include/python3.10
[3.400s] -- Using PYTHON_LIBRARIES: /usr/lib/x86_64-linux-gnu/libpython3.10.so
[3.440s] -- Found PythonExtra: .so  
[3.631s] -- Configuring done
[3.867s] -- Generating done
[3.900s] -- Build files have been written to: /home/gera/Desktop/EUFS_FORK_CONTAINERIZED/eufs-f1-sim/ws/build/eufs_msgs
[3.917s] Invoked command in '/home/gera/Desktop/EUFS_FORK_CONTAINERIZED/eufs-f1-sim/ws/build/eufs_msgs' returned '0': CMAKE_PREFIX_PATH=${CMAKE_PREFIX_PATH}:/home/gera/eufs_simulator/install/graph_slam:/home/gera/eufs_simulator/install/fmdv_monitor:/home/gera/eufs_simulator/install/fmdv_code:/home/gera/eufs_simulator/install/eufs_launcher:/home/gera/eufs_simulator/install/eufs_tracks:/home/gera/eufs_simulator/install/eufs_rqt:/home/gera/eufs_simulator/install/eufs_racecar:/opt/ros/humble /usr/bin/cmake /home/gera/Desktop/EUFS_FORK_CONTAINERIZED/eufs-f1-sim/ws/src/eufs_msgs -DCMAKE_INSTALL_PREFIX=/home/gera/Desktop/EUFS_FORK_CONTAINERIZED/eufs-f1-sim/ws/install/eufs_msgs
[3.918s] Invoking command in '/home/gera/Desktop/EUFS_FORK_CONTAINERIZED/eufs-f1-sim/ws/build/eufs_msgs': CMAKE_PREFIX_PATH=${CMAKE_PREFIX_PATH}:/home/gera/eufs_simulator/install/graph_slam:/home/gera/eufs_simulator/install/fmdv_monitor:/home/gera/eufs_simulator/install/fmdv_code:/home/gera/eufs_simulator/install/eufs_launcher:/home/gera/eufs_simulator/install/eufs_tracks:/home/gera/eufs_simulator/install/eufs_rqt:/home/gera/eufs_simulator/install/eufs_racecar:/opt/ros/humble /usr/bin/cmake --build /home/gera/Desktop/EUFS_FORK_CONTAINERIZED/eufs-f1-sim/ws/build/eufs_msgs -- -j20 -l20
[3.991s] [  0%] Generating C code for ROS interfaces
[4.019s] [  0%] Generating C++ code for ROS interfaces
[4.029s] [  0%] Built target ament_cmake_python_copy_eufs_msgs
[4.248s] running egg_info
[4.248s] creating eufs_msgs.egg-info
[4.249s] writing eufs_msgs.egg-info/PKG-INFO
[4.249s] writing dependency_links to eufs_msgs.egg-info/dependency_links.txt
[4.249s] writing top-level names to eufs_msgs.egg-info/top_level.txt
[4.249s] writing manifest file 'eufs_msgs.egg-info/SOURCES.txt'
[4.250s] reading manifest file 'eufs_msgs.egg-info/SOURCES.txt'
[4.250s] writing manifest file 'eufs_msgs.egg-info/SOURCES.txt'
[4.271s] [  0%] Built target ament_cmake_python_build_eufs_msgs_egg
[7.161s] [  0%] Built target eufs_msgs__cpp
[7.174s] [  0%] Generating C++ type support for eProsima Fast-RTPS
[7.175s] [  0%] Generating C++ type support dispatch for ROS interfaces
[7.175s] [  0%] Generating C++ introspection for ROS interfaces
[7.357s] [  0%] Building C object CMakeFiles/eufs_msgs__rosidl_generator_c.dir/rosidl_generator_c/eufs_msgs/msg/detail/car_forces__functions.c.o
[7.357s] [  0%] Building C object CMakeFiles/eufs_msgs__rosidl_generator_c.dir/rosidl_generator_c/eufs_msgs/msg/detail/chassis_state__functions.c.o
[7.357s] [  1%] Building C object CMakeFiles/eufs_msgs__rosidl_generator_c.dir/rosidl_generator_c/eufs_msgs/msg/detail/car_state__functions.c.o
[7.357s] [  1%] Building C object CMakeFiles/eufs_msgs__rosidl_generator_c.dir/rosidl_generator_c/eufs_msgs/msg/detail/cone_array__functions.c.o
[7.357s] [  1%] Building C object CMakeFiles/eufs_msgs__rosidl_generator_c.dir/rosidl_generator_c/eufs_msgs/msg/detail/bounding_box__functions.c.o
[7.357s] [  1%] Building C object CMakeFiles/eufs_msgs__rosidl_generator_c.dir/rosidl_generator_c/eufs_msgs/msg/detail/bounding_boxes__functions.c.o
[7.357s] [  1%] Building C object CMakeFiles/eufs_msgs__rosidl_generator_c.dir/rosidl_generator_c/eufs_msgs/msg/detail/cone_array_with_covariance__functions.c.o
[7.357s] [  2%] Building C object CMakeFiles/eufs_msgs__rosidl_generator_c.dir/rosidl_generator_c/eufs_msgs/msg/detail/can_state__functions.c.o
[7.358s] [  2%] Building C object CMakeFiles/eufs_msgs__rosidl_generator_c.dir/rosidl_generator_c/eufs_msgs/msg/detail/cone_with_color_probability_array__functions.c.o
[7.358s] [  2%] Building C object CMakeFiles/eufs_msgs__rosidl_generator_c.dir/rosidl_generator_c/eufs_msgs/msg/detail/chassis_command__functions.c.o
[7.358s] [  3%] Building C object CMakeFiles/eufs_msgs__rosidl_generator_c.dir/rosidl_generator_c/eufs_msgs/msg/detail/cone_with_covariance__functions.c.o
[7.358s] [  3%] Building C object CMakeFiles/eufs_msgs__rosidl_generator_c.dir/rosidl_generator_c/eufs_msgs/msg/detail/cone_association_array__functions.c.o
[7.358s] [  3%] Building C object CMakeFiles/eufs_msgs__rosidl_generator_c.dir/rosidl_generator_c/eufs_msgs/msg/detail/cone_with_color_probability__functions.c.o
[7.361s] [  3%] Building C object CMakeFiles/eufs_msgs__rosidl_generator_c.dir/rosidl_generator_c/eufs_msgs/msg/detail/cone_association_array_array_stamped__functions.c.o
[7.362s] [  3%] Building C object CMakeFiles/eufs_msgs__rosidl_generator_c.dir/rosidl_generator_c/eufs_msgs/msg/detail/cone_association__functions.c.o
[7.364s] [  3%] Building C object CMakeFiles/eufs_msgs__rosidl_generator_c.dir/rosidl_generator_c/eufs_msgs/msg/detail/cone_association_array_stamped__functions.c.o
[7.364s] [  3%] Building C object CMakeFiles/eufs_msgs__rosidl_generator_c.dir/rosidl_generator_c/eufs_msgs/msg/detail/costmap__functions.c.o
[7.433s] [  4%] Building C object CMakeFiles/eufs_msgs__rosidl_generator_c.dir/rosidl_generator_c/eufs_msgs/msg/detail/cpu_usage__functions.c.o
[7.433s] [  4%] Building C object CMakeFiles/eufs_msgs__rosidl_generator_c.dir/rosidl_generator_c/eufs_msgs/msg/detail/ekf_state__functions.c.o
[7.433s] [  4%] Building C object CMakeFiles/eufs_msgs__rosidl_generator_c.dir/rosidl_generator_c/eufs_msgs/msg/detail/cpu_status__functions.c.o
[7.433s] [  4%] Building C object CMakeFiles/eufs_msgs__rosidl_generator_c.dir/rosidl_generator_c/eufs_msgs/msg/detail/full_state__functions.c.o
[7.433s] [  4%] Building C object CMakeFiles/eufs_msgs__rosidl_generator_c.dir/rosidl_generator_c/eufs_msgs/msg/detail/ekf_err__functions.c.o
[7.436s] [  4%] Building C object CMakeFiles/eufs_msgs__rosidl_generator_c.dir/rosidl_generator_c/eufs_msgs/msg/detail/mpc_state__functions.c.o
[7.436s] [  4%] Building C object CMakeFiles/eufs_msgs__rosidl_generator_c.dir/rosidl_generator_c/eufs_msgs/msg/detail/integration_err__functions.c.o
[7.436s] [  4%] Building C object CMakeFiles/eufs_msgs__rosidl_generator_c.dir/rosidl_generator_c/eufs_msgs/msg/detail/heartbeat__functions.c.o
[7.436s] [  5%] Building C object CMakeFiles/eufs_msgs__rosidl_generator_c.dir/rosidl_generator_c/eufs_msgs/msg/detail/lap_stats__functions.c.o
[7.436s] [  5%] Building C object CMakeFiles/eufs_msgs__rosidl_generator_c.dir/rosidl_generator_c/eufs_msgs/msg/detail/node_state_array__functions.c.o
[7.437s] [  5%] Building C object CMakeFiles/eufs_msgs__rosidl_generator_c.dir/rosidl_generator_c/eufs_msgs/msg/detail/oss__functions.c.o
[7.439s] [  6%] Building C object CMakeFiles/eufs_msgs__rosidl_generator_c.dir/rosidl_generator_c/eufs_msgs/msg/detail/particle_slam_stamped__functions.c.o
[7.440s] [  6%] Building C object CMakeFiles/eufs_msgs__rosidl_generator_c.dir/rosidl_generator_c/eufs_msgs/msg/detail/particle_slam__functions.c.o
[7.440s] [  6%] Building C object CMakeFiles/eufs_msgs__rosidl_generator_c.dir/rosidl_generator_c/eufs_msgs/msg/detail/particle__functions.c.o
[7.441s] [  6%] Building C object CMakeFiles/eufs_msgs__rosidl_generator_c.dir/rosidl_generator_c/eufs_msgs/msg/detail/node_state__functions.c.o
[7.441s] [  6%] Building C object CMakeFiles/eufs_msgs__rosidl_generator_c.dir/rosidl_generator_c/eufs_msgs/msg/detail/particle_stamped__functions.c.o
[7.446s] [  6%] Building C object CMakeFiles/eufs_msgs__rosidl_generator_c.dir/rosidl_generator_c/eufs_msgs/msg/detail/path_integral_params__functions.c.o
[7.491s] [  6%] Building C object CMakeFiles/eufs_msgs__rosidl_generator_c.dir/rosidl_generator_c/eufs_msgs/msg/detail/path_integral_stats__functions.c.o
[7.491s] [  6%] Building C object CMakeFiles/eufs_msgs__rosidl_generator_c.dir/rosidl_generator_c/eufs_msgs/msg/detail/path_integral_timing__functions.c.o
[7.491s] [  6%] Building C object CMakeFiles/eufs_msgs__rosidl_generator_c.dir/rosidl_generator_c/eufs_msgs/msg/detail/planning_mode__functions.c.o
[7.491s] [  7%] Building C object CMakeFiles/eufs_msgs__rosidl_generator_c.dir/rosidl_generator_c/eufs_msgs/msg/detail/path_integral_status__functions.c.o
[7.496s] [  8%] Building C object CMakeFiles/eufs_msgs__rosidl_generator_c.dir/rosidl_generator_c/eufs_msgs/msg/detail/pure_pursuit_checkpoint__functions.c.o
[7.496s] [  8%] Building C object CMakeFiles/eufs_msgs__rosidl_generator_c.dir/rosidl_generator_c/eufs_msgs/msg/detail/point_array_stamped__functions.c.o
[7.501s] [  8%] Building C object CMakeFiles/eufs_msgs__rosidl_generator_c.dir/rosidl_generator_c/eufs_msgs/msg/detail/point_array__functions.c.o
[7.501s] [  8%] Building C object CMakeFiles/eufs_msgs__rosidl_generator_c.dir/rosidl_generator_c/eufs_msgs/msg/detail/pure_pursuit_checkpoint_array_stamped__functions.c.o
[7.501s] [  8%] Building C object CMakeFiles/eufs_msgs__rosidl_generator_c.dir/rosidl_generator_c/eufs_msgs/msg/detail/runstop__functions.c.o
[7.501s] [  8%] Building C object CMakeFiles/eufs_msgs__rosidl_generator_c.dir/rosidl_generator_c/eufs_msgs/msg/detail/slam_err__functions.c.o
[7.506s] [  8%] Building C object CMakeFiles/eufs_msgs__rosidl_generator_c.dir/rosidl_generator_c/eufs_msgs/msg/detail/slam_state__functions.c.o
[7.506s] [  9%] Building C object CMakeFiles/eufs_msgs__rosidl_generator_c.dir/rosidl_generator_c/eufs_msgs/msg/detail/state_machine_state__functions.c.o
[7.507s] [  9%] Building C object CMakeFiles/eufs_msgs__rosidl_generator_c.dir/rosidl_generator_c/eufs_msgs/msg/detail/stereo_image__functions.c.o
[7.516s] [  9%] Building C object CMakeFiles/eufs_msgs__rosidl_generator_c.dir/rosidl_generator_c/eufs_msgs/msg/detail/system_status__functions.c.o
[7.525s] [  9%] Building C object CMakeFiles/eufs_msgs__rosidl_generator_c.dir/rosidl_generator_c/eufs_msgs/msg/detail/topic_status__functions.c.o
[7.532s] [  9%] Building C object CMakeFiles/eufs_msgs__rosidl_generator_c.dir/rosidl_generator_c/eufs_msgs/msg/detail/vehicle_commands__functions.c.o
[7.541s] [  9%] Building C object CMakeFiles/eufs_msgs__rosidl_generator_c.dir/rosidl_generator_c/eufs_msgs/msg/detail/vehicle_commands_stamped__functions.c.o
[7.547s] [ 10%] Building C object CMakeFiles/eufs_msgs__rosidl_generator_c.dir/rosidl_generator_c/eufs_msgs/msg/detail/waypoint__functions.c.o
[7.550s] [ 10%] Building C object CMakeFiles/eufs_msgs__rosidl_generator_c.dir/rosidl_generator_c/eufs_msgs/msg/detail/waypoint_array_stamped__functions.c.o
[7.553s] [ 10%] Building C object CMakeFiles/eufs_msgs__rosidl_generator_c.dir/rosidl_generator_c/eufs_msgs/msg/detail/wheel_odometry_err__functions.c.o
[7.558s] [ 10%] Building C object CMakeFiles/eufs_msgs__rosidl_generator_c.dir/rosidl_generator_c/eufs_msgs/msg/detail/wheel_speeds__functions.c.o
[7.564s] [ 10%] Building C object CMakeFiles/eufs_msgs__rosidl_generator_c.dir/rosidl_generator_c/eufs_msgs/msg/detail/wheel_speeds_stamped__functions.c.o
[7.565s] [ 11%] Building C object CMakeFiles/eufs_msgs__rosidl_generator_c.dir/rosidl_generator_c/eufs_msgs/action/detail/check_for_objects__functions.c.o
[7.569s] [ 11%] Building C object CMakeFiles/eufs_msgs__rosidl_generator_c.dir/rosidl_generator_c/eufs_msgs/srv/detail/record_start__functions.c.o
[7.569s] [ 11%] Building C object CMakeFiles/eufs_msgs__rosidl_generator_c.dir/rosidl_generator_c/eufs_msgs/srv/detail/set_can_state__functions.c.o
[7.570s] [ 11%] Building C object CMakeFiles/eufs_msgs__rosidl_generator_c.dir/rosidl_generator_c/eufs_msgs/srv/detail/register__functions.c.o
[7.570s] [ 11%] Building C object CMakeFiles/eufs_msgs__rosidl_generator_c.dir/rosidl_generator_c/eufs_msgs/srv/detail/record_stop__functions.c.o
[7.570s] [ 11%] Building C object CMakeFiles/eufs_msgs__rosidl_generator_c.dir/rosidl_generator_c/eufs_msgs/srv/detail/set_string__functions.c.o
[7.585s] [ 12%] Building C object CMakeFiles/eufs_msgs__rosidl_generator_c.dir/rosidl_generator_c/eufs_msgs/srv/detail/set_track__functions.c.o
[7.586s] [ 12%] Building C object CMakeFiles/eufs_msgs__rosidl_generator_c.dir/rosidl_generator_c/eufs_msgs/srv/detail/set_mission__functions.c.o
[7.587s] [ 12%] Building C object CMakeFiles/eufs_msgs__rosidl_generator_c.dir/rosidl_generator_c/eufs_msgs/srv/detail/get_map__functions.c.o
[7.689s] [ 12%] Linking C shared library libeufs_msgs__rosidl_generator_c.so
[7.746s] [ 12%] Built target eufs_msgs__rosidl_generator_c
[7.757s] [ 13%] Generating C type support dispatch for ROS interfaces
[7.760s] [ 14%] Generating C type support for eProsima Fast-RTPS
[7.760s] [ 15%] Generating C introspection for ROS interfaces
[9.115s] [ 15%] Building CXX object CMakeFiles/eufs_msgs__rosidl_typesupport_cpp.dir/rosidl_typesupport_cpp/eufs_msgs/msg/chassis_command__type_support.cpp.o
[9.115s] [ 15%] Building CXX object CMakeFiles/eufs_msgs__rosidl_typesupport_cpp.dir/rosidl_typesupport_cpp/eufs_msgs/msg/car_state__type_support.cpp.o
[9.115s] [ 15%] Building CXX object CMakeFiles/eufs_msgs__rosidl_typesupport_cpp.dir/rosidl_typesupport_cpp/eufs_msgs/msg/can_state__type_support.cpp.o
[9.115s] [ 15%] Building CXX object CMakeFiles/eufs_msgs__rosidl_typesupport_cpp.dir/rosidl_typesupport_cpp/eufs_msgs/msg/car_forces__type_support.cpp.o
[9.115s] [ 15%] Building CXX object CMakeFiles/eufs_msgs__rosidl_typesupport_cpp.dir/rosidl_typesupport_cpp/eufs_msgs/msg/bounding_box__type_support.cpp.o
[9.115s] [ 16%] Building CXX object CMakeFiles/eufs_msgs__rosidl_typesupport_cpp.dir/rosidl_typesupport_cpp/eufs_msgs/msg/chassis_state__type_support.cpp.o
[9.115s] [ 17%] Building CXX object CMakeFiles/eufs_msgs__rosidl_typesupport_cpp.dir/rosidl_typesupport_cpp/eufs_msgs/msg/bounding_boxes__type_support.cpp.o
[9.115s] [ 17%] Building CXX object CMakeFiles/eufs_msgs__rosidl_typesupport_cpp.dir/rosidl_typesupport_cpp/eufs_msgs/msg/cone_array_with_covariance__type_support.cpp.o
[9.115s] [ 17%] Building CXX object CMakeFiles/eufs_msgs__rosidl_typesupport_cpp.dir/rosidl_typesupport_cpp/eufs_msgs/msg/cone_with_covariance__type_support.cpp.o
[9.115s] [ 17%] Building CXX object CMakeFiles/eufs_msgs__rosidl_typesupport_cpp.dir/rosidl_typesupport_cpp/eufs_msgs/msg/cone_array__type_support.cpp.o
[9.116s] [ 17%] Building CXX object CMakeFiles/eufs_msgs__rosidl_typesupport_cpp.dir/rosidl_typesupport_cpp/eufs_msgs/msg/cone_association_array__type_support.cpp.o
[9.116s] [ 17%] Building CXX object CMakeFiles/eufs_msgs__rosidl_typesupport_cpp.dir/rosidl_typesupport_cpp/eufs_msgs/msg/cone_with_color_probability__type_support.cpp.o
[9.116s] [ 18%] Building CXX object CMakeFiles/eufs_msgs__rosidl_typesupport_cpp.dir/rosidl_typesupport_cpp/eufs_msgs/msg/cone_association__type_support.cpp.o
[9.116s] [ 18%] Building CXX object CMakeFiles/eufs_msgs__rosidl_typesupport_cpp.dir/rosidl_typesupport_cpp/eufs_msgs/msg/cone_with_color_probability_array__type_support.cpp.o
[9.120s] [ 18%] Building CXX object CMakeFiles/eufs_msgs__rosidl_typesupport_cpp.dir/rosidl_typesupport_cpp/eufs_msgs/msg/cone_association_array_array_stamped__type_support.cpp.o
[9.497s] [ 18%] Building CXX object CMakeFiles/eufs_msgs__rosidl_typesupport_cpp.dir/rosidl_typesupport_cpp/eufs_msgs/msg/cone_association_array_stamped__type_support.cpp.o
[9.497s] [ 19%] Building CXX object CMakeFiles/eufs_msgs__rosidl_typesupport_cpp.dir/rosidl_typesupport_cpp/eufs_msgs/msg/cpu_status__type_support.cpp.o
[9.498s] [ 19%] Building CXX object CMakeFiles/eufs_msgs__rosidl_typesupport_cpp.dir/rosidl_typesupport_cpp/eufs_msgs/msg/costmap__type_support.cpp.o
[9.500s] [ 19%] Building CXX object CMakeFiles/eufs_msgs__rosidl_typesupport_cpp.dir/rosidl_typesupport_cpp/eufs_msgs/msg/cpu_usage__type_support.cpp.o
[9.510s] [ 19%] Building CXX object CMakeFiles/eufs_msgs__rosidl_typesupport_cpp.dir/rosidl_typesupport_cpp/eufs_msgs/msg/ekf_state__type_support.cpp.o
[9.518s] [ 19%] Building CXX object CMakeFiles/eufs_msgs__rosidl_typesupport_cpp.dir/rosidl_typesupport_cpp/eufs_msgs/msg/full_state__type_support.cpp.o
[9.519s] [ 19%] Building CXX object CMakeFiles/eufs_msgs__rosidl_typesupport_cpp.dir/rosidl_typesupport_cpp/eufs_msgs/msg/ekf_err__type_support.cpp.o
[9.540s] [ 19%] Building CXX object CMakeFiles/eufs_msgs__rosidl_typesupport_cpp.dir/rosidl_typesupport_cpp/eufs_msgs/msg/heartbeat__type_support.cpp.o
[9.547s] [ 20%] Building CXX object CMakeFiles/eufs_msgs__rosidl_typesupport_cpp.dir/rosidl_typesupport_cpp/eufs_msgs/msg/integration_err__type_support.cpp.o
[9.552s] [ 20%] Building CXX object CMakeFiles/eufs_msgs__rosidl_typesupport_cpp.dir/rosidl_typesupport_cpp/eufs_msgs/msg/lap_stats__type_support.cpp.o
[9.556s] [ 20%] Building CXX object CMakeFiles/eufs_msgs__rosidl_typesupport_cpp.dir/rosidl_typesupport_cpp/eufs_msgs/msg/mpc_state__type_support.cpp.o
[9.569s] [ 20%] Building CXX object CMakeFiles/eufs_msgs__rosidl_typesupport_cpp.dir/rosidl_typesupport_cpp/eufs_msgs/msg/node_state__type_support.cpp.o
[9.617s] [ 20%] Building CXX object CMakeFiles/eufs_msgs__rosidl_typesupport_cpp.dir/rosidl_typesupport_cpp/eufs_msgs/msg/node_state_array__type_support.cpp.o
[9.629s] [ 21%] Building CXX object CMakeFiles/eufs_msgs__rosidl_typesupport_cpp.dir/rosidl_typesupport_cpp/eufs_msgs/msg/oss__type_support.cpp.o
[9.640s] [ 21%] Building CXX object CMakeFiles/eufs_msgs__rosidl_typesupport_cpp.dir/rosidl_typesupport_cpp/eufs_msgs/msg/particle__type_support.cpp.o
[9.832s] [ 21%] Building CXX object CMakeFiles/eufs_msgs__rosidl_typesupport_cpp.dir/rosidl_typesupport_cpp/eufs_msgs/msg/particle_slam__type_support.cpp.o
[9.838s] [ 21%] Building CXX object CMakeFiles/eufs_msgs__rosidl_typesupport_cpp.dir/rosidl_typesupport_cpp/eufs_msgs/msg/particle_stamped__type_support.cpp.o
[9.838s] [ 21%] Building CXX object CMakeFiles/eufs_msgs__rosidl_typesupport_cpp.dir/rosidl_typesupport_cpp/eufs_msgs/msg/particle_slam_stamped__type_support.cpp.o
[9.845s] [ 22%] Building CXX object CMakeFiles/eufs_msgs__rosidl_typesupport_cpp.dir/rosidl_typesupport_cpp/eufs_msgs/msg/path_integral_params__type_support.cpp.o
[9.847s] [ 22%] Building CXX object CMakeFiles/eufs_msgs__rosidl_typesupport_cpp.dir/rosidl_typesupport_cpp/eufs_msgs/msg/path_integral_stats__type_support.cpp.o
[9.850s] [ 22%] Building CXX object CMakeFiles/eufs_msgs__rosidl_typesupport_cpp.dir/rosidl_typesupport_cpp/eufs_msgs/msg/path_integral_status__type_support.cpp.o
[9.859s] [ 22%] Building CXX object CMakeFiles/eufs_msgs__rosidl_typesupport_cpp.dir/rosidl_typesupport_cpp/eufs_msgs/msg/path_integral_timing__type_support.cpp.o
[9.940s] [ 23%] Building CXX object CMakeFiles/eufs_msgs__rosidl_typesupport_cpp.dir/rosidl_typesupport_cpp/eufs_msgs/msg/point_array_stamped__type_support.cpp.o
[9.945s] [ 23%] Building CXX object CMakeFiles/eufs_msgs__rosidl_typesupport_cpp.dir/rosidl_typesupport_cpp/eufs_msgs/msg/point_array__type_support.cpp.o
[9.945s] [ 23%] Building CXX object CMakeFiles/eufs_msgs__rosidl_typesupport_cpp.dir/rosidl_typesupport_cpp/eufs_msgs/msg/pure_pursuit_checkpoint__type_support.cpp.o
[9.959s] [ 23%] Building CXX object CMakeFiles/eufs_msgs__rosidl_typesupport_cpp.dir/rosidl_typesupport_cpp/eufs_msgs/msg/pure_pursuit_checkpoint_array_stamped__type_support.cpp.o
[9.961s] [ 23%] Building CXX object CMakeFiles/eufs_msgs__rosidl_typesupport_cpp.dir/rosidl_typesupport_cpp/eufs_msgs/msg/runstop__type_support.cpp.o
[9.977s] [ 23%] Building CXX object CMakeFiles/eufs_msgs__rosidl_typesupport_cpp.dir/rosidl_typesupport_cpp/eufs_msgs/msg/planning_mode__type_support.cpp.o
[9.995s] [ 23%] Building CXX object CMakeFiles/eufs_msgs__rosidl_typesupport_cpp.dir/rosidl_typesupport_cpp/eufs_msgs/msg/slam_err__type_support.cpp.o
[10.036s] [ 24%] Building CXX object CMakeFiles/eufs_msgs__rosidl_typesupport_cpp.dir/rosidl_typesupport_cpp/eufs_msgs/msg/slam_state__type_support.cpp.o
[10.148s] [ 24%] Building CXX object CMakeFiles/eufs_msgs__rosidl_typesupport_cpp.dir/rosidl_typesupport_cpp/eufs_msgs/msg/state_machine_state__type_support.cpp.o
[10.182s] [ 24%] Building CXX object CMakeFiles/eufs_msgs__rosidl_typesupport_cpp.dir/rosidl_typesupport_cpp/eufs_msgs/msg/stereo_image__type_support.cpp.o
[10.200s] [ 24%] Building CXX object CMakeFiles/eufs_msgs__rosidl_typesupport_cpp.dir/rosidl_typesupport_cpp/eufs_msgs/msg/system_status__type_support.cpp.o
[10.239s] [ 24%] Building CXX object CMakeFiles/eufs_msgs__rosidl_typesupport_cpp.dir/rosidl_typesupport_cpp/eufs_msgs/msg/topic_status__type_support.cpp.o
[10.244s] [ 24%] Building CXX object CMakeFiles/eufs_msgs__rosidl_typesupport_cpp.dir/rosidl_typesupport_cpp/eufs_msgs/msg/vehicle_commands__type_support.cpp.o
[10.289s] [ 25%] Building CXX object CMakeFiles/eufs_msgs__rosidl_typesupport_cpp.dir/rosidl_typesupport_cpp/eufs_msgs/msg/vehicle_commands_stamped__type_support.cpp.o
[10.302s] [ 25%] Building CXX object CMakeFiles/eufs_msgs__rosidl_typesupport_cpp.dir/rosidl_typesupport_cpp/eufs_msgs/msg/waypoint__type_support.cpp.o
[10.314s] [ 25%] Building CXX object CMakeFiles/eufs_msgs__rosidl_typesupport_cpp.dir/rosidl_typesupport_cpp/eufs_msgs/msg/waypoint_array_stamped__type_support.cpp.o
[10.314s] [ 25%] Building CXX object CMakeFiles/eufs_msgs__rosidl_typesupport_cpp.dir/rosidl_typesupport_cpp/eufs_msgs/msg/wheel_odometry_err__type_support.cpp.o
[10.314s] [ 25%] Building CXX object CMakeFiles/eufs_msgs__rosidl_typesupport_cpp.dir/rosidl_typesupport_cpp/eufs_msgs/msg/wheel_speeds__type_support.cpp.o
[10.333s] [ 26%] Building CXX object CMakeFiles/eufs_msgs__rosidl_typesupport_cpp.dir/rosidl_typesupport_cpp/eufs_msgs/msg/wheel_speeds_stamped__type_support.cpp.o
[10.350s] [ 26%] Building CXX object CMakeFiles/eufs_msgs__rosidl_typesupport_cpp.dir/rosidl_typesupport_cpp/eufs_msgs/action/check_for_objects__type_support.cpp.o
[10.367s] [ 26%] Building CXX object CMakeFiles/eufs_msgs__rosidl_typesupport_cpp.dir/rosidl_typesupport_cpp/eufs_msgs/srv/record_start__type_support.cpp.o
[10.368s] [ 26%] Building CXX object CMakeFiles/eufs_msgs__rosidl_typesupport_cpp.dir/rosidl_typesupport_cpp/eufs_msgs/srv/record_stop__type_support.cpp.o
[10.445s] [ 26%] Building CXX object CMakeFiles/eufs_msgs__rosidl_typesupport_cpp.dir/rosidl_typesupport_cpp/eufs_msgs/srv/register__type_support.cpp.o
[10.455s] [ 26%] Building CXX object CMakeFiles/eufs_msgs__rosidl_typesupport_cpp.dir/rosidl_typesupport_cpp/eufs_msgs/srv/set_can_state__type_support.cpp.o
[10.505s] [ 27%] Building CXX object CMakeFiles/eufs_msgs__rosidl_typesupport_cpp.dir/rosidl_typesupport_cpp/eufs_msgs/srv/set_string__type_support.cpp.o
[10.522s] [ 27%] Building CXX object CMakeFiles/eufs_msgs__rosidl_typesupport_cpp.dir/rosidl_typesupport_cpp/eufs_msgs/srv/set_track__type_support.cpp.o
[10.549s] [ 27%] Building CXX object CMakeFiles/eufs_msgs__rosidl_typesupport_cpp.dir/rosidl_typesupport_cpp/eufs_msgs/srv/set_mission__type_support.cpp.o
[10.665s] [ 27%] Building CXX object CMakeFiles/eufs_msgs__rosidl_typesupport_cpp.dir/rosidl_typesupport_cpp/eufs_msgs/srv/get_map__type_support.cpp.o
[10.693s] [ 27%] Building CXX object CMakeFiles/eufs_msgs__rosidl_typesupport_c.dir/rosidl_typesupport_c/eufs_msgs/msg/bounding_box__type_support.cpp.o
[10.694s] [ 27%] Building CXX object CMakeFiles/eufs_msgs__rosidl_typesupport_c.dir/rosidl_typesupport_c/eufs_msgs/msg/bounding_boxes__type_support.cpp.o
[10.697s] [ 27%] Building CXX object CMakeFiles/eufs_msgs__rosidl_typesupport_c.dir/rosidl_typesupport_c/eufs_msgs/msg/can_state__type_support.cpp.o
[10.737s] [ 27%] Building CXX object CMakeFiles/eufs_msgs__rosidl_typesupport_c.dir/rosidl_typesupport_c/eufs_msgs/msg/car_forces__type_support.cpp.o
[10.742s] [ 27%] Building CXX object CMakeFiles/eufs_msgs__rosidl_typesupport_c.dir/rosidl_typesupport_c/eufs_msgs/msg/car_state__type_support.cpp.o
[10.749s] [ 28%] Building CXX object CMakeFiles/eufs_msgs__rosidl_typesupport_c.dir/rosidl_typesupport_c/eufs_msgs/msg/chassis_command__type_support.cpp.o
[10.751s] [ 28%] Building CXX object CMakeFiles/eufs_msgs__rosidl_typesupport_c.dir/rosidl_typesupport_c/eufs_msgs/msg/chassis_state__type_support.cpp.o
[10.756s] [ 28%] Building CXX object CMakeFiles/eufs_msgs__rosidl_typesupport_c.dir/rosidl_typesupport_c/eufs_msgs/msg/cone_array__type_support.cpp.o
[10.760s] [ 28%] Building CXX object CMakeFiles/eufs_msgs__rosidl_typesupport_c.dir/rosidl_typesupport_c/eufs_msgs/msg/cone_array_with_covariance__type_support.cpp.o
[10.774s] [ 28%] Building CXX object CMakeFiles/eufs_msgs__rosidl_typesupport_c.dir/rosidl_typesupport_c/eufs_msgs/msg/cone_with_color_probability__type_support.cpp.o
[10.776s] [ 29%] Building CXX object CMakeFiles/eufs_msgs__rosidl_typesupport_c.dir/rosidl_typesupport_c/eufs_msgs/msg/cone_with_color_probability_array__type_support.cpp.o
[10.786s] [ 29%] Building CXX object CMakeFiles/eufs_msgs__rosidl_typesupport_c.dir/rosidl_typesupport_c/eufs_msgs/msg/cone_with_covariance__type_support.cpp.o
[10.790s] [ 29%] Building CXX object CMakeFiles/eufs_msgs__rosidl_typesupport_c.dir/rosidl_typesupport_c/eufs_msgs/msg/cone_association__type_support.cpp.o
[10.800s] [ 29%] Building CXX object CMakeFiles/eufs_msgs__rosidl_typesupport_c.dir/rosidl_typesupport_c/eufs_msgs/msg/cone_association_array__type_support.cpp.o
[10.803s] [ 29%] Building CXX object CMakeFiles/eufs_msgs__rosidl_typesupport_c.dir/rosidl_typesupport_c/eufs_msgs/msg/cone_association_array_array_stamped__type_support.cpp.o
[10.809s] [ 29%] Building CXX object CMakeFiles/eufs_msgs__rosidl_typesupport_c.dir/rosidl_typesupport_c/eufs_msgs/msg/cone_association_array_stamped__type_support.cpp.o
[10.811s] [ 30%] Building CXX object CMakeFiles/eufs_msgs__rosidl_typesupport_c.dir/rosidl_typesupport_c/eufs_msgs/msg/costmap__type_support.cpp.o
[10.816s] [ 30%] Building CXX object CMakeFiles/eufs_msgs__rosidl_typesupport_c.dir/rosidl_typesupport_c/eufs_msgs/msg/cpu_usage__type_support.cpp.o
[10.818s] [ 30%] Building CXX object CMakeFiles/eufs_msgs__rosidl_typesupport_c.dir/rosidl_typesupport_c/eufs_msgs/msg/cpu_status__type_support.cpp.o
[10.824s] [ 30%] Building CXX object CMakeFiles/eufs_msgs__rosidl_typesupport_c.dir/rosidl_typesupport_c/eufs_msgs/msg/ekf_err__type_support.cpp.o
[10.828s] [ 30%] Building CXX object CMakeFiles/eufs_msgs__rosidl_typesupport_c.dir/rosidl_typesupport_c/eufs_msgs/msg/ekf_state__type_support.cpp.o
[10.831s] [ 31%] Building CXX object CMakeFiles/eufs_msgs__rosidl_typesupport_c.dir/rosidl_typesupport_c/eufs_msgs/msg/full_state__type_support.cpp.o
[10.839s] [ 31%] Building CXX object CMakeFiles/eufs_msgs__rosidl_typesupport_c.dir/rosidl_typesupport_c/eufs_msgs/msg/heartbeat__type_support.cpp.o
[10.844s] [ 31%] Building CXX object CMakeFiles/eufs_msgs__rosidl_typesupport_c.dir/rosidl_typesupport_c/eufs_msgs/msg/lap_stats__type_support.cpp.o
[10.847s] [ 31%] Building CXX object CMakeFiles/eufs_msgs__rosidl_typesupport_c.dir/rosidl_typesupport_c/eufs_msgs/msg/integration_err__type_support.cpp.o
[10.847s] [ 31%] Building CXX object CMakeFiles/eufs_msgs__rosidl_typesupport_c.dir/rosidl_typesupport_c/eufs_msgs/msg/node_state_array__type_support.cpp.o
[10.847s] [ 32%] Building CXX object CMakeFiles/eufs_msgs__rosidl_typesupport_c.dir/rosidl_typesupport_c/eufs_msgs/msg/mpc_state__type_support.cpp.o
[10.847s] [ 32%] Building CXX object CMakeFiles/eufs_msgs__rosidl_typesupport_c.dir/rosidl_typesupport_c/eufs_msgs/msg/node_state__type_support.cpp.o
[10.853s] [ 32%] Building CXX object CMakeFiles/eufs_msgs__rosidl_typesupport_c.dir/rosidl_typesupport_c/eufs_msgs/msg/oss__type_support.cpp.o
[10.859s] [ 32%] Building CXX object CMakeFiles/eufs_msgs__rosidl_typesupport_c.dir/rosidl_typesupport_c/eufs_msgs/msg/particle__type_support.cpp.o
[10.859s] [ 32%] Building CXX object CMakeFiles/eufs_msgs__rosidl_typesupport_c.dir/rosidl_typesupport_c/eufs_msgs/msg/particle_slam__type_support.cpp.o
[10.860s] [ 32%] Building CXX object CMakeFiles/eufs_msgs__rosidl_typesupport_c.dir/rosidl_typesupport_c/eufs_msgs/msg/particle_slam_stamped__type_support.cpp.o
[10.866s] [ 33%] Building CXX object CMakeFiles/eufs_msgs__rosidl_typesupport_c.dir/rosidl_typesupport_c/eufs_msgs/msg/particle_stamped__type_support.cpp.o
[10.881s] [ 33%] Building CXX object CMakeFiles/eufs_msgs__rosidl_typesupport_c.dir/rosidl_typesupport_c/eufs_msgs/msg/path_integral_status__type_support.cpp.o
[10.883s] [ 33%] Building CXX object CMakeFiles/eufs_msgs__rosidl_typesupport_c.dir/rosidl_typesupport_c/eufs_msgs/msg/path_integral_params__type_support.cpp.o
[10.883s] [ 33%] Building CXX object CMakeFiles/eufs_msgs__rosidl_typesupport_c.dir/rosidl_typesupport_c/eufs_msgs/msg/path_integral_timing__type_support.cpp.o
[10.883s] [ 34%] Building CXX object CMakeFiles/eufs_msgs__rosidl_typesupport_c.dir/rosidl_typesupport_c/eufs_msgs/msg/planning_mode__type_support.cpp.o
[10.884s] [ 34%] Building CXX object CMakeFiles/eufs_msgs__rosidl_typesupport_c.dir/rosidl_typesupport_c/eufs_msgs/msg/path_integral_stats__type_support.cpp.o
[10.887s] [ 34%] Building CXX object CMakeFiles/eufs_msgs__rosidl_typesupport_c.dir/rosidl_typesupport_c/eufs_msgs/msg/point_array__type_support.cpp.o
[10.887s] [ 34%] Building CXX object CMakeFiles/eufs_msgs__rosidl_typesupport_c.dir/rosidl_typesupport_c/eufs_msgs/msg/point_array_stamped__type_support.cpp.o
[10.890s] [ 34%] Building CXX object CMakeFiles/eufs_msgs__rosidl_typesupport_c.dir/rosidl_typesupport_c/eufs_msgs/msg/pure_pursuit_checkpoint_array_stamped__type_support.cpp.o
[10.890s] [ 34%] Building CXX object CMakeFiles/eufs_msgs__rosidl_typesupport_c.dir/rosidl_typesupport_c/eufs_msgs/msg/pure_pursuit_checkpoint__type_support.cpp.o
[10.891s] [ 34%] Building CXX object CMakeFiles/eufs_msgs__rosidl_typesupport_c.dir/rosidl_typesupport_c/eufs_msgs/msg/runstop__type_support.cpp.o
[10.900s] [ 34%] Building CXX object CMakeFiles/eufs_msgs__rosidl_typesupport_c.dir/rosidl_typesupport_c/eufs_msgs/msg/slam_state__type_support.cpp.o
[10.903s] [ 35%] Building CXX object CMakeFiles/eufs_msgs__rosidl_typesupport_c.dir/rosidl_typesupport_c/eufs_msgs/msg/slam_err__type_support.cpp.o
[10.906s] [ 36%] Building CXX object CMakeFiles/eufs_msgs__rosidl_typesupport_introspection_cpp.dir/rosidl_typesupport_introspection_cpp/eufs_msgs/msg/detail/bounding_box__type_support.cpp.o
[10.910s] [ 36%] Building CXX object CMakeFiles/eufs_msgs__rosidl_typesupport_c.dir/rosidl_typesupport_c/eufs_msgs/msg/state_machine_state__type_support.cpp.o
[10.916s] [ 36%] Building CXX object CMakeFiles/eufs_msgs__rosidl_typesupport_c.dir/rosidl_typesupport_c/eufs_msgs/msg/stereo_image__type_support.cpp.o
[10.916s] [ 36%] Building CXX object CMakeFiles/eufs_msgs__rosidl_typesupport_c.dir/rosidl_typesupport_c/eufs_msgs/msg/system_status__type_support.cpp.o
[10.917s] [ 36%] Building CXX object CMakeFiles/eufs_msgs__rosidl_typesupport_introspection_cpp.dir/rosidl_typesupport_introspection_cpp/eufs_msgs/msg/detail/bounding_boxes__type_support.cpp.o
[10.927s] [ 37%] Building CXX object CMakeFiles/eufs_msgs__rosidl_typesupport_c.dir/rosidl_typesupport_c/eufs_msgs/msg/topic_status__type_support.cpp.o
[10.927s] [ 37%] Building CXX object CMakeFiles/eufs_msgs__rosidl_typesupport_c.dir/rosidl_typesupport_c/eufs_msgs/msg/vehicle_commands__type_support.cpp.o
[10.927s] [ 37%] Building CXX object CMakeFiles/eufs_msgs__rosidl_typesupport_introspection_cpp.dir/rosidl_typesupport_introspection_cpp/eufs_msgs/msg/detail/car_forces__type_support.cpp.o
[10.927s] [ 37%] Building CXX object CMakeFiles/eufs_msgs__rosidl_typesupport_introspection_cpp.dir/rosidl_typesupport_introspection_cpp/eufs_msgs/msg/detail/can_state__type_support.cpp.o
[10.927s] [ 37%] Building CXX object CMakeFiles/eufs_msgs__rosidl_typesupport_c.dir/rosidl_typesupport_c/eufs_msgs/msg/vehicle_commands_stamped__type_support.cpp.o
[10.927s] [ 37%] Building CXX object CMakeFiles/eufs_msgs__rosidl_typesupport_c.dir/rosidl_typesupport_c/eufs_msgs/msg/waypoint__type_support.cpp.o
[10.927s] [ 37%] Building CXX object CMakeFiles/eufs_msgs__rosidl_typesupport_c.dir/rosidl_typesupport_c/eufs_msgs/msg/waypoint_array_stamped__type_support.cpp.o
[10.932s] [ 37%] Building CXX object CMakeFiles/eufs_msgs__rosidl_typesupport_introspection_cpp.dir/rosidl_typesupport_introspection_cpp/eufs_msgs/msg/detail/car_state__type_support.cpp.o
[10.933s] [ 37%] Building CXX object CMakeFiles/eufs_msgs__rosidl_typesupport_introspection_cpp.dir/rosidl_typesupport_introspection_cpp/eufs_msgs/msg/detail/chassis_command__type_support.cpp.o
[10.938s] [ 37%] Building CXX object CMakeFiles/eufs_msgs__rosidl_typesupport_c.dir/rosidl_typesupport_c/eufs_msgs/msg/wheel_odometry_err__type_support.cpp.o
[10.944s] [ 38%] Building CXX object CMakeFiles/eufs_msgs__rosidl_typesupport_c.dir/rosidl_typesupport_c/eufs_msgs/msg/wheel_speeds__type_support.cpp.o
[10.951s] [ 39%] Building CXX object CMakeFiles/eufs_msgs__rosidl_typesupport_introspection_cpp.dir/rosidl_typesupport_introspection_cpp/eufs_msgs/msg/detail/chassis_state__type_support.cpp.o
[10.960s] [ 39%] Building CXX object CMakeFiles/eufs_msgs__rosidl_typesupport_introspection_cpp.dir/rosidl_typesupport_introspection_cpp/eufs_msgs/msg/detail/cone_array__type_support.cpp.o
[10.960s] [ 39%] Building CXX object CMakeFiles/eufs_msgs__rosidl_typesupport_c.dir/rosidl_typesupport_c/eufs_msgs/action/check_for_objects__type_support.cpp.o
[10.960s] [ 39%] Building CXX object CMakeFiles/eufs_msgs__rosidl_typesupport_introspection_cpp.dir/rosidl_typesupport_introspection_cpp/eufs_msgs/msg/detail/cone_array_with_covariance__type_support.cpp.o
[10.963s] [ 39%] Building CXX object CMakeFiles/eufs_msgs__rosidl_typesupport_c.dir/rosidl_typesupport_c/eufs_msgs/srv/record_start__type_support.cpp.o
[10.965s] [ 39%] Building CXX object CMakeFiles/eufs_msgs__rosidl_typesupport_c.dir/rosidl_typesupport_c/eufs_msgs/srv/record_stop__type_support.cpp.o
[10.966s] [ 39%] Building CXX object CMakeFiles/eufs_msgs__rosidl_typesupport_introspection_cpp.dir/rosidl_typesupport_introspection_cpp/eufs_msgs/msg/detail/cone_with_color_probability__type_support.cpp.o
[10.967s] [ 39%] Building CXX object CMakeFiles/eufs_msgs__rosidl_typesupport_c.dir/rosidl_typesupport_c/eufs_msgs/msg/wheel_speeds_stamped__type_support.cpp.o
[10.981s] [ 40%] Building CXX object CMakeFiles/eufs_msgs__rosidl_typesupport_c.dir/rosidl_typesupport_c/eufs_msgs/srv/register__type_support.cpp.o
[10.985s] [ 40%] Building CXX object CMakeFiles/eufs_msgs__rosidl_typesupport_c.dir/rosidl_typesupport_c/eufs_msgs/srv/set_can_state__type_support.cpp.o
[10.999s] [ 40%] Building CXX object CMakeFiles/eufs_msgs__rosidl_typesupport_c.dir/rosidl_typesupport_c/eufs_msgs/srv/set_string__type_support.cpp.o
[11.005s] [ 40%] Building CXX object CMakeFiles/eufs_msgs__rosidl_typesupport_c.dir/rosidl_typesupport_c/eufs_msgs/srv/set_track__type_support.cpp.o
[11.025s] [ 41%] Building CXX object CMakeFiles/eufs_msgs__rosidl_typesupport_c.dir/rosidl_typesupport_c/eufs_msgs/srv/set_mission__type_support.cpp.o
[11.025s] [ 41%] Building CXX object CMakeFiles/eufs_msgs__rosidl_typesupport_c.dir/rosidl_typesupport_c/eufs_msgs/srv/get_map__type_support.cpp.o
[11.025s] [ 41%] Building CXX object CMakeFiles/eufs_msgs__rosidl_typesupport_introspection_cpp.dir/rosidl_typesupport_introspection_cpp/eufs_msgs/msg/detail/cone_with_color_probability_array__type_support.cpp.o
[11.036s] [ 41%] Linking CXX shared library libeufs_msgs__rosidl_typesupport_cpp.so
[11.041s] [ 41%] Building CXX object CMakeFiles/eufs_msgs__rosidl_typesupport_introspection_cpp.dir/rosidl_typesupport_introspection_cpp/eufs_msgs/msg/detail/cone_association__type_support.cpp.o
[11.044s] [ 42%] Building CXX object CMakeFiles/eufs_msgs__rosidl_typesupport_introspection_cpp.dir/rosidl_typesupport_introspection_cpp/eufs_msgs/msg/detail/cone_with_covariance__type_support.cpp.o
[11.051s] [ 42%] Building CXX object CMakeFiles/eufs_msgs__rosidl_typesupport_introspection_cpp.dir/rosidl_typesupport_introspection_cpp/eufs_msgs/msg/detail/cone_association_array__type_support.cpp.o
[11.063s] [ 42%] Building CXX object CMakeFiles/eufs_msgs__rosidl_typesupport_introspection_cpp.dir/rosidl_typesupport_introspection_cpp/eufs_msgs/msg/detail/cone_association_array_array_stamped__type_support.cpp.o
[11.064s] [ 42%] Linking CXX shared library libeufs_msgs__rosidl_typesupport_c.so
[11.173s] [ 42%] Built target eufs_msgs__rosidl_typesupport_c
[11.189s] [ 42%] Building CXX object CMakeFiles/eufs_msgs__rosidl_typesupport_introspection_cpp.dir/rosidl_typesupport_introspection_cpp/eufs_msgs/msg/detail/cone_association_array_stamped__type_support.cpp.o
[11.243s] [ 42%] Built target eufs_msgs__rosidl_typesupport_cpp
[11.277s] [ 42%] Building CXX object CMakeFiles/eufs_msgs__rosidl_typesupport_introspection_cpp.dir/rosidl_typesupport_introspection_cpp/eufs_msgs/msg/detail/costmap__type_support.cpp.o
[11.372s] [ 43%] Building CXX object CMakeFiles/eufs_msgs__rosidl_typesupport_introspection_cpp.dir/rosidl_typesupport_introspection_cpp/eufs_msgs/msg/detail/cpu_status__type_support.cpp.o
[11.381s] [ 43%] Building CXX object CMakeFiles/eufs_msgs__rosidl_typesupport_introspection_cpp.dir/rosidl_typesupport_introspection_cpp/eufs_msgs/msg/detail/cpu_usage__type_support.cpp.o
[11.407s] [ 43%] Building CXX object CMakeFiles/eufs_msgs__rosidl_typesupport_introspection_cpp.dir/rosidl_typesupport_introspection_cpp/eufs_msgs/msg/detail/ekf_err__type_support.cpp.o
[11.419s] [ 43%] Building CXX object CMakeFiles/eufs_msgs__rosidl_typesupport_introspection_cpp.dir/rosidl_typesupport_introspection_cpp/eufs_msgs/msg/detail/ekf_state__type_support.cpp.o
[11.438s] [ 43%] Building CXX object CMakeFiles/eufs_msgs__rosidl_typesupport_introspection_cpp.dir/rosidl_typesupport_introspection_cpp/eufs_msgs/msg/detail/full_state__type_support.cpp.o
[11.446s] [ 44%] Building CXX object CMakeFiles/eufs_msgs__rosidl_typesupport_introspection_cpp.dir/rosidl_typesupport_introspection_cpp/eufs_msgs/msg/detail/heartbeat__type_support.cpp.o
[11.457s] [ 44%] Building CXX object CMakeFiles/eufs_msgs__rosidl_typesupport_introspection_cpp.dir/rosidl_typesupport_introspection_cpp/eufs_msgs/msg/detail/integration_err__type_support.cpp.o
[11.466s] [ 44%] Building CXX object CMakeFiles/eufs_msgs__rosidl_typesupport_introspection_cpp.dir/rosidl_typesupport_introspection_cpp/eufs_msgs/msg/detail/mpc_state__type_support.cpp.o
[11.467s] [ 44%] Building CXX object CMakeFiles/eufs_msgs__rosidl_typesupport_introspection_cpp.dir/rosidl_typesupport_introspection_cpp/eufs_msgs/msg/detail/lap_stats__type_support.cpp.o
[11.540s] [ 44%] Building CXX object CMakeFiles/eufs_msgs__rosidl_typesupport_introspection_cpp.dir/rosidl_typesupport_introspection_cpp/eufs_msgs/msg/detail/node_state__type_support.cpp.o
[11.540s] [ 45%] Building CXX object CMakeFiles/eufs_msgs__rosidl_typesupport_introspection_cpp.dir/rosidl_typesupport_introspection_cpp/eufs_msgs/msg/detail/node_state_array__type_support.cpp.o
[11.557s] [ 45%] Building CXX object CMakeFiles/eufs_msgs__rosidl_typesupport_introspection_cpp.dir/rosidl_typesupport_introspection_cpp/eufs_msgs/msg/detail/oss__type_support.cpp.o
[11.624s] [ 45%] Building CXX object CMakeFiles/eufs_msgs__rosidl_typesupport_introspection_cpp.dir/rosidl_typesupport_introspection_cpp/eufs_msgs/msg/detail/particle__type_support.cpp.o
[11.649s] [ 45%] Building CXX object CMakeFiles/eufs_msgs__rosidl_typesupport_introspection_cpp.dir/rosidl_typesupport_introspection_cpp/eufs_msgs/msg/detail/particle_slam__type_support.cpp.o
[11.735s] [ 45%] Building CXX object CMakeFiles/eufs_msgs__rosidl_typesupport_introspection_cpp.dir/rosidl_typesupport_introspection_cpp/eufs_msgs/msg/detail/particle_slam_stamped__type_support.cpp.o
[11.758s] [ 45%] Building CXX object CMakeFiles/eufs_msgs__rosidl_typesupport_introspection_cpp.dir/rosidl_typesupport_introspection_cpp/eufs_msgs/msg/detail/particle_stamped__type_support.cpp.o
[11.795s] [ 46%] Building CXX object CMakeFiles/eufs_msgs__rosidl_typesupport_introspection_cpp.dir/rosidl_typesupport_introspection_cpp/eufs_msgs/msg/detail/path_integral_params__type_support.cpp.o
[11.798s] [ 46%] Building CXX object CMakeFiles/eufs_msgs__rosidl_typesupport_introspection_cpp.dir/rosidl_typesupport_introspection_cpp/eufs_msgs/msg/detail/path_integral_stats__type_support.cpp.o
[11.835s] [ 46%] Building CXX object CMakeFiles/eufs_msgs__rosidl_typesupport_introspection_cpp.dir/rosidl_typesupport_introspection_cpp/eufs_msgs/msg/detail/path_integral_status__type_support.cpp.o
[11.880s] [ 46%] Building CXX object CMakeFiles/eufs_msgs__rosidl_typesupport_introspection_cpp.dir/rosidl_typesupport_introspection_cpp/eufs_msgs/msg/detail/path_integral_timing__type_support.cpp.o
[11.916s] [ 47%] Building CXX object CMakeFiles/eufs_msgs__rosidl_typesupport_introspection_cpp.dir/rosidl_typesupport_introspection_cpp/eufs_msgs/msg/detail/point_array__type_support.cpp.o
[11.916s] [ 47%] Building CXX object CMakeFiles/eufs_msgs__rosidl_typesupport_introspection_cpp.dir/rosidl_typesupport_introspection_cpp/eufs_msgs/msg/detail/planning_mode__type_support.cpp.o
[11.919s] [ 47%] Building CXX object CMakeFiles/eufs_msgs__rosidl_typesupport_introspection_cpp.dir/rosidl_typesupport_introspection_cpp/eufs_msgs/msg/detail/point_array_stamped__type_support.cpp.o
[11.923s] [ 47%] Building CXX object CMakeFiles/eufs_msgs__rosidl_typesupport_introspection_cpp.dir/rosidl_typesupport_introspection_cpp/eufs_msgs/msg/detail/pure_pursuit_checkpoint__type_support.cpp.o
[11.943s] [ 47%] Building CXX object CMakeFiles/eufs_msgs__rosidl_typesupport_introspection_cpp.dir/rosidl_typesupport_introspection_cpp/eufs_msgs/msg/detail/pure_pursuit_checkpoint_array_stamped__type_support.cpp.o
[12.008s] [ 47%] Building CXX object CMakeFiles/eufs_msgs__rosidl_typesupport_introspection_cpp.dir/rosidl_typesupport_introspection_cpp/eufs_msgs/msg/detail/runstop__type_support.cpp.o
[12.012s] [ 47%] Building CXX object CMakeFiles/eufs_msgs__rosidl_typesupport_introspection_cpp.dir/rosidl_typesupport_introspection_cpp/eufs_msgs/msg/detail/slam_err__type_support.cpp.o
[12.035s] [ 48%] Building CXX object CMakeFiles/eufs_msgs__rosidl_typesupport_introspection_cpp.dir/rosidl_typesupport_introspection_cpp/eufs_msgs/msg/detail/slam_state__type_support.cpp.o
[12.197s] [ 48%] Building CXX object CMakeFiles/eufs_msgs__rosidl_typesupport_introspection_cpp.dir/rosidl_typesupport_introspection_cpp/eufs_msgs/msg/detail/state_machine_state__type_support.cpp.o
[12.233s] [ 48%] Building CXX object CMakeFiles/eufs_msgs__rosidl_typesupport_introspection_cpp.dir/rosidl_typesupport_introspection_cpp/eufs_msgs/msg/detail/system_status__type_support.cpp.o
[12.242s] [ 48%] Building CXX object CMakeFiles/eufs_msgs__rosidl_typesupport_introspection_cpp.dir/rosidl_typesupport_introspection_cpp/eufs_msgs/msg/detail/stereo_image__type_support.cpp.o
[12.261s] [ 48%] Building CXX object CMakeFiles/eufs_msgs__rosidl_typesupport_introspection_cpp.dir/rosidl_typesupport_introspection_cpp/eufs_msgs/msg/detail/topic_status__type_support.cpp.o
[12.277s] [ 49%] Building CXX object CMakeFiles/eufs_msgs__rosidl_typesupport_introspection_cpp.dir/rosidl_typesupport_introspection_cpp/eufs_msgs/msg/detail/vehicle_commands__type_support.cpp.o
[12.289s] [ 49%] Building CXX object CMakeFiles/eufs_msgs__rosidl_typesupport_introspection_cpp.dir/rosidl_typesupport_introspection_cpp/eufs_msgs/msg/detail/vehicle_commands_stamped__type_support.cpp.o
[12.310s] [ 49%] Building CXX object CMakeFiles/eufs_msgs__rosidl_typesupport_introspection_cpp.dir/rosidl_typesupport_introspection_cpp/eufs_msgs/msg/detail/waypoint__type_support.cpp.o
[12.315s] [ 49%] Building CXX object CMakeFiles/eufs_msgs__rosidl_typesupport_introspection_cpp.dir/rosidl_typesupport_introspection_cpp/eufs_msgs/msg/detail/waypoint_array_stamped__type_support.cpp.o
[12.333s] [ 49%] Building CXX object CMakeFiles/eufs_msgs__rosidl_typesupport_introspection_cpp.dir/rosidl_typesupport_introspection_cpp/eufs_msgs/msg/detail/wheel_odometry_err__type_support.cpp.o
[12.366s] [ 49%] Building CXX object CMakeFiles/eufs_msgs__rosidl_typesupport_introspection_cpp.dir/rosidl_typesupport_introspection_cpp/eufs_msgs/msg/detail/wheel_speeds__type_support.cpp.o
[12.457s] [ 50%] Building CXX object CMakeFiles/eufs_msgs__rosidl_typesupport_introspection_cpp.dir/rosidl_typesupport_introspection_cpp/eufs_msgs/msg/detail/wheel_speeds_stamped__type_support.cpp.o
[12.470s] [ 50%] Building CXX object CMakeFiles/eufs_msgs__rosidl_typesupport_introspection_cpp.dir/rosidl_typesupport_introspection_cpp/eufs_msgs/action/detail/check_for_objects__type_support.cpp.o
[12.476s] [ 50%] Building CXX object CMakeFiles/eufs_msgs__rosidl_typesupport_introspection_cpp.dir/rosidl_typesupport_introspection_cpp/eufs_msgs/srv/detail/record_start__type_support.cpp.o
[12.506s] [ 50%] Building CXX object CMakeFiles/eufs_msgs__rosidl_typesupport_introspection_cpp.dir/rosidl_typesupport_introspection_cpp/eufs_msgs/srv/detail/register__type_support.cpp.o
[12.512s] [ 50%] Building CXX object CMakeFiles/eufs_msgs__rosidl_typesupport_introspection_cpp.dir/rosidl_typesupport_introspection_cpp/eufs_msgs/srv/detail/record_stop__type_support.cpp.o
[12.533s] [ 51%] Building CXX object CMakeFiles/eufs_msgs__rosidl_typesupport_introspection_cpp.dir/rosidl_typesupport_introspection_cpp/eufs_msgs/srv/detail/set_can_state__type_support.cpp.o
[12.623s] [ 51%] Building CXX object CMakeFiles/eufs_msgs__rosidl_typesupport_introspection_cpp.dir/rosidl_typesupport_introspection_cpp/eufs_msgs/srv/detail/set_string__type_support.cpp.o
[12.709s] [ 52%] Building CXX object CMakeFiles/eufs_msgs__rosidl_typesupport_fastrtps_cpp.dir/rosidl_typesupport_fastrtps_cpp/eufs_msgs/msg/detail/dds_fastrtps/bounding_boxes__type_support.cpp.o
[12.714s] [ 52%] Building CXX object CMakeFiles/eufs_msgs__rosidl_typesupport_fastrtps_cpp.dir/rosidl_typesupport_fastrtps_cpp/eufs_msgs/msg/detail/dds_fastrtps/bounding_box__type_support.cpp.o
[12.721s] [ 52%] Building CXX object CMakeFiles/eufs_msgs__rosidl_typesupport_fastrtps_cpp.dir/rosidl_typesupport_fastrtps_cpp/eufs_msgs/msg/detail/dds_fastrtps/can_state__type_support.cpp.o
[12.726s] [ 52%] Building CXX object CMakeFiles/eufs_msgs__rosidl_typesupport_introspection_cpp.dir/rosidl_typesupport_introspection_cpp/eufs_msgs/srv/detail/set_track__type_support.cpp.o
[12.742s] [ 52%] Building CXX object CMakeFiles/eufs_msgs__rosidl_typesupport_introspection_cpp.dir/rosidl_typesupport_introspection_cpp/eufs_msgs/srv/detail/set_mission__type_support.cpp.o
[12.749s] [ 52%] Building CXX object CMakeFiles/eufs_msgs__rosidl_typesupport_fastrtps_cpp.dir/rosidl_typesupport_fastrtps_cpp/eufs_msgs/msg/detail/dds_fastrtps/car_forces__type_support.cpp.o
[12.773s] [ 52%] Building CXX object CMakeFiles/eufs_msgs__rosidl_typesupport_fastrtps_cpp.dir/rosidl_typesupport_fastrtps_cpp/eufs_msgs/msg/detail/dds_fastrtps/car_state__type_support.cpp.o
[12.791s] [ 52%] Building CXX object CMakeFiles/eufs_msgs__rosidl_typesupport_fastrtps_cpp.dir/rosidl_typesupport_fastrtps_cpp/eufs_msgs/msg/detail/dds_fastrtps/chassis_command__type_support.cpp.o
[12.799s] [ 52%] Building CXX object CMakeFiles/eufs_msgs__rosidl_typesupport_introspection_cpp.dir/rosidl_typesupport_introspection_cpp/eufs_msgs/srv/detail/get_map__type_support.cpp.o
[12.814s] [ 53%] Building CXX object CMakeFiles/eufs_msgs__rosidl_typesupport_fastrtps_cpp.dir/rosidl_typesupport_fastrtps_cpp/eufs_msgs/msg/detail/dds_fastrtps/chassis_state__type_support.cpp.o
[12.821s] [ 53%] Building CXX object CMakeFiles/eufs_msgs__rosidl_typesupport_fastrtps_cpp.dir/rosidl_typesupport_fastrtps_cpp/eufs_msgs/msg/detail/dds_fastrtps/cone_array__type_support.cpp.o
[12.849s] [ 53%] Building CXX object CMakeFiles/eufs_msgs__rosidl_typesupport_fastrtps_c.dir/rosidl_typesupport_fastrtps_c/eufs_msgs/msg/detail/bounding_box__type_support_c.cpp.o
[12.906s] [ 53%] Building CXX object CMakeFiles/eufs_msgs__rosidl_typesupport_fastrtps_cpp.dir/rosidl_typesupport_fastrtps_cpp/eufs_msgs/msg/detail/dds_fastrtps/cone_array_with_covariance__type_support.cpp.o
[12.906s] [ 53%] Building CXX object CMakeFiles/eufs_msgs__rosidl_typesupport_fastrtps_cpp.dir/rosidl_typesupport_fastrtps_cpp/eufs_msgs/msg/detail/dds_fastrtps/cone_with_color_probability__type_support.cpp.o
[13.015s] [ 53%] Building CXX object CMakeFiles/eufs_msgs__rosidl_typesupport_fastrtps_c.dir/rosidl_typesupport_fastrtps_c/eufs_msgs/msg/detail/bounding_boxes__type_support_c.cpp.o
[13.044s] [ 53%] Building CXX object CMakeFiles/eufs_msgs__rosidl_typesupport_fastrtps_cpp.dir/rosidl_typesupport_fastrtps_cpp/eufs_msgs/msg/detail/dds_fastrtps/cone_with_color_probability_array__type_support.cpp.o
[13.071s] [ 53%] Building CXX object CMakeFiles/eufs_msgs__rosidl_typesupport_fastrtps_c.dir/rosidl_typesupport_fastrtps_c/eufs_msgs/msg/detail/can_state__type_support_c.cpp.o
[13.114s] [ 54%] Building CXX object CMakeFiles/eufs_msgs__rosidl_typesupport_fastrtps_cpp.dir/rosidl_typesupport_fastrtps_cpp/eufs_msgs/msg/detail/dds_fastrtps/cone_with_covariance__type_support.cpp.o
[13.155s] [ 54%] Building CXX object CMakeFiles/eufs_msgs__rosidl_typesupport_fastrtps_c.dir/rosidl_typesupport_fastrtps_c/eufs_msgs/msg/detail/car_forces__type_support_c.cpp.o
[13.176s] [ 55%] Building CXX object CMakeFiles/eufs_msgs__rosidl_typesupport_fastrtps_c.dir/rosidl_typesupport_fastrtps_c/eufs_msgs/msg/detail/car_state__type_support_c.cpp.o
[13.182s] [ 55%] Building CXX object CMakeFiles/eufs_msgs__rosidl_typesupport_fastrtps_c.dir/rosidl_typesupport_fastrtps_c/eufs_msgs/msg/detail/chassis_command__type_support_c.cpp.o
[13.210s] [ 55%] Building CXX object CMakeFiles/eufs_msgs__rosidl_typesupport_fastrtps_c.dir/rosidl_typesupport_fastrtps_c/eufs_msgs/msg/detail/chassis_state__type_support_c.cpp.o
[13.236s] [ 55%] Building CXX object CMakeFiles/eufs_msgs__rosidl_typesupport_fastrtps_cpp.dir/rosidl_typesupport_fastrtps_cpp/eufs_msgs/msg/detail/dds_fastrtps/cone_association__type_support.cpp.o
[13.254s] [ 55%] Building CXX object CMakeFiles/eufs_msgs__rosidl_typesupport_fastrtps_cpp.dir/rosidl_typesupport_fastrtps_cpp/eufs_msgs/msg/detail/dds_fastrtps/cone_association_array__type_support.cpp.o
[13.280s] [ 55%] Building CXX object CMakeFiles/eufs_msgs__rosidl_typesupport_fastrtps_c.dir/rosidl_typesupport_fastrtps_c/eufs_msgs/msg/detail/cone_array__type_support_c.cpp.o
[13.319s] [ 55%] Building CXX object CMakeFiles/eufs_msgs__rosidl_typesupport_fastrtps_c.dir/rosidl_typesupport_fastrtps_c/eufs_msgs/msg/detail/cone_with_color_probability__type_support_c.cpp.o
[13.325s] [ 56%] Building CXX object CMakeFiles/eufs_msgs__rosidl_typesupport_fastrtps_c.dir/rosidl_typesupport_fastrtps_c/eufs_msgs/msg/detail/cone_with_color_probability_array__type_support_c.cpp.o
[13.326s] [ 56%] Building CXX object CMakeFiles/eufs_msgs__rosidl_typesupport_fastrtps_c.dir/rosidl_typesupport_fastrtps_c/eufs_msgs/msg/detail/cone_array_with_covariance__type_support_c.cpp.o
[13.344s] [ 56%] Building CXX object CMakeFiles/eufs_msgs__rosidl_typesupport_fastrtps_cpp.dir/rosidl_typesupport_fastrtps_cpp/eufs_msgs/msg/detail/dds_fastrtps/cone_association_array_array_stamped__type_support.cpp.o
[13.349s] [ 56%] Building CXX object CMakeFiles/eufs_msgs__rosidl_typesupport_fastrtps_c.dir/rosidl_typesupport_fastrtps_c/eufs_msgs/msg/detail/cone_with_covariance__type_support_c.cpp.o
[13.365s] [ 57%] Building CXX object CMakeFiles/eufs_msgs__rosidl_typesupport_fastrtps_c.dir/rosidl_typesupport_fastrtps_c/eufs_msgs/msg/detail/cone_association__type_support_c.cpp.o
[13.365s] [ 57%] Linking CXX shared library libeufs_msgs__rosidl_typesupport_introspection_cpp.so
[13.420s] [ 57%] Building CXX object CMakeFiles/eufs_msgs__rosidl_typesupport_fastrtps_cpp.dir/rosidl_typesupport_fastrtps_cpp/eufs_msgs/msg/detail/dds_fastrtps/cone_association_array_stamped__type_support.cpp.o
[13.495s] [ 57%] Building CXX object CMakeFiles/eufs_msgs__rosidl_typesupport_fastrtps_c.dir/rosidl_typesupport_fastrtps_c/eufs_msgs/msg/detail/cone_association_array__type_support_c.cpp.o
[13.534s] [ 57%] Building CXX object CMakeFiles/eufs_msgs__rosidl_typesupport_fastrtps_cpp.dir/rosidl_typesupport_fastrtps_cpp/eufs_msgs/msg/detail/dds_fastrtps/costmap__type_support.cpp.o
[13.558s] [ 58%] Building CXX object CMakeFiles/eufs_msgs__rosidl_typesupport_fastrtps_cpp.dir/rosidl_typesupport_fastrtps_cpp/eufs_msgs/msg/detail/dds_fastrtps/cpu_usage__type_support.cpp.o
[13.558s] [ 58%] Building CXX object CMakeFiles/eufs_msgs__rosidl_typesupport_fastrtps_cpp.dir/rosidl_typesupport_fastrtps_cpp/eufs_msgs/msg/detail/dds_fastrtps/cpu_status__type_support.cpp.o
[13.591s] [ 58%] Built target eufs_msgs__rosidl_typesupport_introspection_cpp
[13.595s] [ 58%] Building CXX object CMakeFiles/eufs_msgs__rosidl_typesupport_fastrtps_c.dir/rosidl_typesupport_fastrtps_c/eufs_msgs/msg/detail/cone_association_array_array_stamped__type_support_c.cpp.o
[13.599s] [ 58%] Building C object CMakeFiles/eufs_msgs__rosidl_typesupport_introspection_c.dir/rosidl_typesupport_introspection_c/eufs_msgs/msg/detail/bounding_box__type_support.c.o
[13.610s] [ 58%] Building C object CMakeFiles/eufs_msgs__rosidl_typesupport_introspection_c.dir/rosidl_typesupport_introspection_c/eufs_msgs/msg/detail/bounding_boxes__type_support.c.o
[13.627s] [ 58%] Building C object CMakeFiles/eufs_msgs__rosidl_typesupport_introspection_c.dir/rosidl_typesupport_introspection_c/eufs_msgs/msg/detail/can_state__type_support.c.o
[13.642s] [ 58%] Building CXX object CMakeFiles/eufs_msgs__rosidl_typesupport_fastrtps_cpp.dir/rosidl_typesupport_fastrtps_cpp/eufs_msgs/msg/detail/dds_fastrtps/ekf_err__type_support.cpp.o
[13.666s] [ 58%] Building CXX object CMakeFiles/eufs_msgs__rosidl_typesupport_fastrtps_cpp.dir/rosidl_typesupport_fastrtps_cpp/eufs_msgs/msg/detail/dds_fastrtps/ekf_state__type_support.cpp.o
[13.672s] [ 58%] Building C object CMakeFiles/eufs_msgs__rosidl_typesupport_introspection_c.dir/rosidl_typesupport_introspection_c/eufs_msgs/msg/detail/car_forces__type_support.c.o
[13.680s] [ 59%] Building C object CMakeFiles/eufs_msgs__rosidl_typesupport_introspection_c.dir/rosidl_typesupport_introspection_c/eufs_msgs/msg/detail/car_state__type_support.c.o
[13.680s] [ 59%] Building CXX object CMakeFiles/eufs_msgs__rosidl_typesupport_fastrtps_cpp.dir/rosidl_typesupport_fastrtps_cpp/eufs_msgs/msg/detail/dds_fastrtps/full_state__type_support.cpp.o
[13.683s] [ 60%] Building CXX object CMakeFiles/eufs_msgs__rosidl_typesupport_fastrtps_c.dir/rosidl_typesupport_fastrtps_c/eufs_msgs/msg/detail/cone_association_array_stamped__type_support_c.cpp.o
[13.685s] [ 61%] Building CXX object CMakeFiles/eufs_msgs__rosidl_typesupport_fastrtps_cpp.dir/rosidl_typesupport_fastrtps_cpp/eufs_msgs/msg/detail/dds_fastrtps/heartbeat__type_support.cpp.o
[13.733s] [ 61%] Building CXX object CMakeFiles/eufs_msgs__rosidl_typesupport_fastrtps_c.dir/rosidl_typesupport_fastrtps_c/eufs_msgs/msg/detail/costmap__type_support_c.cpp.o
[13.733s] [ 61%] Building CXX object CMakeFiles/eufs_msgs__rosidl_typesupport_fastrtps_c.dir/rosidl_typesupport_fastrtps_c/eufs_msgs/msg/detail/cpu_status__type_support_c.cpp.o
[13.737s] [ 61%] Building C object CMakeFiles/eufs_msgs__rosidl_typesupport_introspection_c.dir/rosidl_typesupport_introspection_c/eufs_msgs/msg/detail/chassis_command__type_support.c.o
[13.751s] [ 61%] Building C object CMakeFiles/eufs_msgs__rosidl_typesupport_introspection_c.dir/rosidl_typesupport_introspection_c/eufs_msgs/msg/detail/chassis_state__type_support.c.o
[13.765s] [ 61%] Building CXX object CMakeFiles/eufs_msgs__rosidl_typesupport_fastrtps_cpp.dir/rosidl_typesupport_fastrtps_cpp/eufs_msgs/msg/detail/dds_fastrtps/integration_err__type_support.cpp.o
[13.765s] [ 61%] Building C object CMakeFiles/eufs_msgs__rosidl_typesupport_introspection_c.dir/rosidl_typesupport_introspection_c/eufs_msgs/msg/detail/cone_array__type_support.c.o
[13.771s] [ 61%] Building CXX object CMakeFiles/eufs_msgs__rosidl_typesupport_fastrtps_c.dir/rosidl_typesupport_fastrtps_c/eufs_msgs/msg/detail/cpu_usage__type_support_c.cpp.o
[13.789s] [ 61%] Building CXX object CMakeFiles/eufs_msgs__rosidl_typesupport_fastrtps_cpp.dir/rosidl_typesupport_fastrtps_cpp/eufs_msgs/msg/detail/dds_fastrtps/lap_stats__type_support.cpp.o
[13.804s] [ 61%] Building CXX object CMakeFiles/eufs_msgs__rosidl_typesupport_fastrtps_cpp.dir/rosidl_typesupport_fastrtps_cpp/eufs_msgs/msg/detail/dds_fastrtps/mpc_state__type_support.cpp.o
[13.860s] [ 61%] Building C object CMakeFiles/eufs_msgs__rosidl_typesupport_introspection_c.dir/rosidl_typesupport_introspection_c/eufs_msgs/msg/detail/cone_array_with_covariance__type_support.c.o
[13.883s] [ 61%] Building C object CMakeFiles/eufs_msgs__rosidl_typesupport_introspection_c.dir/rosidl_typesupport_introspection_c/eufs_msgs/msg/detail/cone_with_color_probability__type_support.c.o
[13.888s] [ 61%] Building CXX object CMakeFiles/eufs_msgs__rosidl_typesupport_fastrtps_c.dir/rosidl_typesupport_fastrtps_c/eufs_msgs/msg/detail/ekf_err__type_support_c.cpp.o
[13.942s] [ 62%] Building C object CMakeFiles/eufs_msgs__rosidl_typesupport_introspection_c.dir/rosidl_typesupport_introspection_c/eufs_msgs/msg/detail/cone_with_color_probability_array__type_support.c.o
[13.942s] [ 62%] Building C object CMakeFiles/eufs_msgs__rosidl_typesupport_introspection_c.dir/rosidl_typesupport_introspection_c/eufs_msgs/msg/detail/cone_with_covariance__type_support.c.o
[13.953s] [ 62%] Building C object CMakeFiles/eufs_msgs__rosidl_typesupport_introspection_c.dir/rosidl_typesupport_introspection_c/eufs_msgs/msg/detail/cone_association__type_support.c.o
[14.024s] [ 62%] Building C object CMakeFiles/eufs_msgs__rosidl_typesupport_introspection_c.dir/rosidl_typesupport_introspection_c/eufs_msgs/msg/detail/cone_association_array__type_support.c.o
[14.024s] [ 62%] Building CXX object CMakeFiles/eufs_msgs__rosidl_typesupport_fastrtps_cpp.dir/rosidl_typesupport_fastrtps_cpp/eufs_msgs/msg/detail/dds_fastrtps/node_state__type_support.cpp.o
[14.024s] [ 62%] Building CXX object CMakeFiles/eufs_msgs__rosidl_typesupport_fastrtps_c.dir/rosidl_typesupport_fastrtps_c/eufs_msgs/msg/detail/ekf_state__type_support_c.cpp.o
[14.027s] [ 62%] Building C object CMakeFiles/eufs_msgs__rosidl_typesupport_introspection_c.dir/rosidl_typesupport_introspection_c/eufs_msgs/msg/detail/cone_association_array_array_stamped__type_support.c.o
[14.031s] [ 62%] Building CXX object CMakeFiles/eufs_msgs__rosidl_typesupport_fastrtps_cpp.dir/rosidl_typesupport_fastrtps_cpp/eufs_msgs/msg/detail/dds_fastrtps/node_state_array__type_support.cpp.o
[14.033s] [ 63%] Building CXX object CMakeFiles/eufs_msgs__rosidl_typesupport_fastrtps_c.dir/rosidl_typesupport_fastrtps_c/eufs_msgs/msg/detail/full_state__type_support_c.cpp.o
[14.062s] [ 64%] Building C object CMakeFiles/eufs_msgs__rosidl_typesupport_introspection_c.dir/rosidl_typesupport_introspection_c/eufs_msgs/msg/detail/cone_association_array_stamped__type_support.c.o
[14.081s] [ 64%] Building CXX object CMakeFiles/eufs_msgs__rosidl_typesupport_fastrtps_c.dir/rosidl_typesupport_fastrtps_c/eufs_msgs/msg/detail/heartbeat__type_support_c.cpp.o
[14.093s] [ 64%] Building CXX object CMakeFiles/eufs_msgs__rosidl_typesupport_fastrtps_c.dir/rosidl_typesupport_fastrtps_c/eufs_msgs/msg/detail/integration_err__type_support_c.cpp.o
[14.100s] [ 64%] Building CXX object CMakeFiles/eufs_msgs__rosidl_typesupport_fastrtps_c.dir/rosidl_typesupport_fastrtps_c/eufs_msgs/msg/detail/lap_stats__type_support_c.cpp.o
[14.108s] [ 64%] Building C object CMakeFiles/eufs_msgs__rosidl_typesupport_introspection_c.dir/rosidl_typesupport_introspection_c/eufs_msgs/msg/detail/costmap__type_support.c.o
[14.117s] [ 64%] Building C object CMakeFiles/eufs_msgs__rosidl_typesupport_introspection_c.dir/rosidl_typesupport_introspection_c/eufs_msgs/msg/detail/cpu_status__type_support.c.o
[14.123s] [ 64%] Building C object CMakeFiles/eufs_msgs__rosidl_typesupport_introspection_c.dir/rosidl_typesupport_introspection_c/eufs_msgs/msg/detail/cpu_usage__type_support.c.o
[14.123s] [ 64%] Building CXX object CMakeFiles/eufs_msgs__rosidl_typesupport_fastrtps_c.dir/rosidl_typesupport_fastrtps_c/eufs_msgs/msg/detail/mpc_state__type_support_c.cpp.o
[14.139s] [ 64%] Building C object CMakeFiles/eufs_msgs__rosidl_typesupport_introspection_c.dir/rosidl_typesupport_introspection_c/eufs_msgs/msg/detail/ekf_err__type_support.c.o
[14.151s] [ 65%] Building CXX object CMakeFiles/eufs_msgs__rosidl_typesupport_fastrtps_cpp.dir/rosidl_typesupport_fastrtps_cpp/eufs_msgs/msg/detail/dds_fastrtps/oss__type_support.cpp.o
[14.171s] [ 66%] Building C object CMakeFiles/eufs_msgs__rosidl_typesupport_introspection_c.dir/rosidl_typesupport_introspection_c/eufs_msgs/msg/detail/ekf_state__type_support.c.o
[14.179s] [ 66%] Building CXX object CMakeFiles/eufs_msgs__rosidl_typesupport_fastrtps_c.dir/rosidl_typesupport_fastrtps_c/eufs_msgs/msg/detail/node_state_array__type_support_c.cpp.o
[14.180s] [ 67%] Building CXX object CMakeFiles/eufs_msgs__rosidl_typesupport_fastrtps_c.dir/rosidl_typesupport_fastrtps_c/eufs_msgs/msg/detail/node_state__type_support_c.cpp.o
[14.187s] [ 67%] Building C object CMakeFiles/eufs_msgs__rosidl_typesupport_introspection_c.dir/rosidl_typesupport_introspection_c/eufs_msgs/msg/detail/full_state__type_support.c.o
[14.187s] [ 67%] Building CXX object CMakeFiles/eufs_msgs__rosidl_typesupport_fastrtps_cpp.dir/rosidl_typesupport_fastrtps_cpp/eufs_msgs/msg/detail/dds_fastrtps/particle__type_support.cpp.o
[14.190s] [ 67%] Building C object CMakeFiles/eufs_msgs__rosidl_typesupport_introspection_c.dir/rosidl_typesupport_introspection_c/eufs_msgs/msg/detail/heartbeat__type_support.c.o
[14.197s] [ 67%] Building CXX object CMakeFiles/eufs_msgs__rosidl_typesupport_fastrtps_cpp.dir/rosidl_typesupport_fastrtps_cpp/eufs_msgs/msg/detail/dds_fastrtps/particle_slam__type_support.cpp.o
[14.217s] [ 67%] Building CXX object CMakeFiles/eufs_msgs__rosidl_typesupport_fastrtps_cpp.dir/rosidl_typesupport_fastrtps_cpp/eufs_msgs/msg/detail/dds_fastrtps/particle_slam_stamped__type_support.cpp.o
[14.231s] [ 67%] Building CXX object CMakeFiles/eufs_msgs__rosidl_typesupport_fastrtps_cpp.dir/rosidl_typesupport_fastrtps_cpp/eufs_msgs/msg/detail/dds_fastrtps/particle_stamped__type_support.cpp.o
[14.239s] [ 67%] Building C object CMakeFiles/eufs_msgs__rosidl_typesupport_introspection_c.dir/rosidl_typesupport_introspection_c/eufs_msgs/msg/detail/integration_err__type_support.c.o
[14.260s] [ 67%] Building C object CMakeFiles/eufs_msgs__rosidl_typesupport_introspection_c.dir/rosidl_typesupport_introspection_c/eufs_msgs/msg/detail/lap_stats__type_support.c.o
[14.291s] [ 67%] Building CXX object CMakeFiles/eufs_msgs__rosidl_typesupport_fastrtps_c.dir/rosidl_typesupport_fastrtps_c/eufs_msgs/msg/detail/oss__type_support_c.cpp.o
[14.299s] [ 67%] Building CXX object CMakeFiles/eufs_msgs__rosidl_typesupport_fastrtps_c.dir/rosidl_typesupport_fastrtps_c/eufs_msgs/msg/detail/particle__type_support_c.cpp.o
[14.313s] [ 67%] Building C object CMakeFiles/eufs_msgs__rosidl_typesupport_introspection_c.dir/rosidl_typesupport_introspection_c/eufs_msgs/msg/detail/mpc_state__type_support.c.o
[14.346s] [ 67%] Building CXX object CMakeFiles/eufs_msgs__rosidl_typesupport_fastrtps_c.dir/rosidl_typesupport_fastrtps_c/eufs_msgs/msg/detail/particle_slam__type_support_c.cpp.o
[14.374s] [ 68%] Building C object CMakeFiles/eufs_msgs__rosidl_typesupport_introspection_c.dir/rosidl_typesupport_introspection_c/eufs_msgs/msg/detail/node_state__type_support.c.o
[14.376s] [ 68%] Building CXX object CMakeFiles/eufs_msgs__rosidl_typesupport_fastrtps_c.dir/rosidl_typesupport_fastrtps_c/eufs_msgs/msg/detail/particle_slam_stamped__type_support_c.cpp.o
[14.410s] [ 68%] Building C object CMakeFiles/eufs_msgs__rosidl_typesupport_introspection_c.dir/rosidl_typesupport_introspection_c/eufs_msgs/msg/detail/node_state_array__type_support.c.o
[14.439s] [ 68%] Building C object CMakeFiles/eufs_msgs__rosidl_typesupport_introspection_c.dir/rosidl_typesupport_introspection_c/eufs_msgs/msg/detail/oss__type_support.c.o
[14.453s] [ 69%] Building CXX object CMakeFiles/eufs_msgs__rosidl_typesupport_fastrtps_cpp.dir/rosidl_typesupport_fastrtps_cpp/eufs_msgs/msg/detail/dds_fastrtps/path_integral_params__type_support.cpp.o
[14.457s] [ 70%] Building CXX object CMakeFiles/eufs_msgs__rosidl_typesupport_fastrtps_cpp.dir/rosidl_typesupport_fastrtps_cpp/eufs_msgs/msg/detail/dds_fastrtps/path_integral_stats__type_support.cpp.o
[14.458s] [ 70%] Building CXX object CMakeFiles/eufs_msgs__rosidl_typesupport_fastrtps_c.dir/rosidl_typesupport_fastrtps_c/eufs_msgs/msg/detail/particle_stamped__type_support_c.cpp.o
[14.458s] [ 70%] Building CXX object CMakeFiles/eufs_msgs__rosidl_typesupport_fastrtps_cpp.dir/rosidl_typesupport_fastrtps_cpp/eufs_msgs/msg/detail/dds_fastrtps/path_integral_status__type_support.cpp.o
[14.486s] [ 70%] Building CXX object CMakeFiles/eufs_msgs__rosidl_typesupport_fastrtps_c.dir/rosidl_typesupport_fastrtps_c/eufs_msgs/msg/detail/path_integral_params__type_support_c.cpp.o
[14.498s] [ 70%] Building C object CMakeFiles/eufs_msgs__rosidl_typesupport_introspection_c.dir/rosidl_typesupport_introspection_c/eufs_msgs/msg/detail/particle__type_support.c.o
[14.518s] [ 70%] Building CXX object CMakeFiles/eufs_msgs__rosidl_typesupport_fastrtps_c.dir/rosidl_typesupport_fastrtps_c/eufs_msgs/msg/detail/path_integral_stats__type_support_c.cpp.o
[14.524s] [ 70%] Building CXX object CMakeFiles/eufs_msgs__rosidl_typesupport_fastrtps_cpp.dir/rosidl_typesupport_fastrtps_cpp/eufs_msgs/msg/detail/dds_fastrtps/path_integral_timing__type_support.cpp.o
[14.545s] [ 70%] Building C object CMakeFiles/eufs_msgs__rosidl_typesupport_introspection_c.dir/rosidl_typesupport_introspection_c/eufs_msgs/msg/detail/particle_slam__type_support.c.o
[14.593s] [ 71%] Building C object CMakeFiles/eufs_msgs__rosidl_typesupport_introspection_c.dir/rosidl_typesupport_introspection_c/eufs_msgs/msg/detail/particle_slam_stamped__type_support.c.o
[14.599s] [ 71%] Building CXX object CMakeFiles/eufs_msgs__rosidl_typesupport_fastrtps_c.dir/rosidl_typesupport_fastrtps_c/eufs_msgs/msg/detail/path_integral_status__type_support_c.cpp.o
[14.643s] [ 71%] Building C object CMakeFiles/eufs_msgs__rosidl_typesupport_introspection_c.dir/rosidl_typesupport_introspection_c/eufs_msgs/msg/detail/particle_stamped__type_support.c.o
[14.684s] [ 71%] Building C object CMakeFiles/eufs_msgs__rosidl_typesupport_introspection_c.dir/rosidl_typesupport_introspection_c/eufs_msgs/msg/detail/path_integral_params__type_support.c.o
[14.692s] [ 71%] Building CXX object CMakeFiles/eufs_msgs__rosidl_typesupport_fastrtps_c.dir/rosidl_typesupport_fastrtps_c/eufs_msgs/msg/detail/path_integral_timing__type_support_c.cpp.o
[14.708s] [ 71%] Building CXX object CMakeFiles/eufs_msgs__rosidl_typesupport_fastrtps_cpp.dir/rosidl_typesupport_fastrtps_cpp/eufs_msgs/msg/detail/dds_fastrtps/point_array__type_support.cpp.o
[14.708s] [ 71%] Building CXX object CMakeFiles/eufs_msgs__rosidl_typesupport_fastrtps_cpp.dir/rosidl_typesupport_fastrtps_cpp/eufs_msgs/msg/detail/dds_fastrtps/planning_mode__type_support.cpp.o
[14.713s] [ 72%] Building CXX object CMakeFiles/eufs_msgs__rosidl_typesupport_fastrtps_c.dir/rosidl_typesupport_fastrtps_c/eufs_msgs/msg/detail/planning_mode__type_support_c.cpp.o
[14.722s] [ 72%] Building CXX object CMakeFiles/eufs_msgs__rosidl_typesupport_fastrtps_c.dir/rosidl_typesupport_fastrtps_c/eufs_msgs/msg/detail/point_array__type_support_c.cpp.o
[14.727s] [ 72%] Building C object CMakeFiles/eufs_msgs__rosidl_typesupport_introspection_c.dir/rosidl_typesupport_introspection_c/eufs_msgs/msg/detail/path_integral_stats__type_support.c.o
[14.757s] [ 72%] Building CXX object CMakeFiles/eufs_msgs__rosidl_typesupport_fastrtps_cpp.dir/rosidl_typesupport_fastrtps_cpp/eufs_msgs/msg/detail/dds_fastrtps/pure_pursuit_checkpoint__type_support.cpp.o
[14.759s] [ 73%] Building CXX object CMakeFiles/eufs_msgs__rosidl_typesupport_fastrtps_cpp.dir/rosidl_typesupport_fastrtps_cpp/eufs_msgs/msg/detail/dds_fastrtps/point_array_stamped__type_support.cpp.o
[14.763s] [ 73%] Building CXX object CMakeFiles/eufs_msgs__rosidl_typesupport_fastrtps_cpp.dir/rosidl_typesupport_fastrtps_cpp/eufs_msgs/msg/detail/dds_fastrtps/pure_pursuit_checkpoint_array_stamped__type_support.cpp.o
[14.766s] [ 73%] Building CXX object CMakeFiles/eufs_msgs__rosidl_typesupport_fastrtps_c.dir/rosidl_typesupport_fastrtps_c/eufs_msgs/msg/detail/point_array_stamped__type_support_c.cpp.o
[14.771s] [ 73%] Building CXX object CMakeFiles/eufs_msgs__rosidl_typesupport_fastrtps_c.dir/rosidl_typesupport_fastrtps_c/eufs_msgs/msg/detail/pure_pursuit_checkpoint__type_support_c.cpp.o
[14.778s] [ 73%] Building C object CMakeFiles/eufs_msgs__rosidl_typesupport_introspection_c.dir/rosidl_typesupport_introspection_c/eufs_msgs/msg/detail/path_integral_status__type_support.c.o
[14.825s] [ 73%] Building C object CMakeFiles/eufs_msgs__rosidl_typesupport_introspection_c.dir/rosidl_typesupport_introspection_c/eufs_msgs/msg/detail/path_integral_timing__type_support.c.o
[14.835s] [ 73%] Building CXX object CMakeFiles/eufs_msgs__rosidl_typesupport_fastrtps_cpp.dir/rosidl_typesupport_fastrtps_cpp/eufs_msgs/msg/detail/dds_fastrtps/runstop__type_support.cpp.o
[14.873s] [ 74%] Building C object CMakeFiles/eufs_msgs__rosidl_typesupport_introspection_c.dir/rosidl_typesupport_introspection_c/eufs_msgs/msg/detail/point_array__type_support.c.o
[14.873s] [ 74%] Building C object CMakeFiles/eufs_msgs__rosidl_typesupport_introspection_c.dir/rosidl_typesupport_introspection_c/eufs_msgs/msg/detail/planning_mode__type_support.c.o
[14.877s] [ 74%] Building CXX object CMakeFiles/eufs_msgs__rosidl_typesupport_fastrtps_cpp.dir/rosidl_typesupport_fastrtps_cpp/eufs_msgs/msg/detail/dds_fastrtps/slam_err__type_support.cpp.o
[14.890s] [ 75%] Building CXX object CMakeFiles/eufs_msgs__rosidl_typesupport_fastrtps_cpp.dir/rosidl_typesupport_fastrtps_cpp/eufs_msgs/msg/detail/dds_fastrtps/slam_state__type_support.cpp.o
[14.906s] [ 75%] Building CXX object CMakeFiles/eufs_msgs__rosidl_typesupport_fastrtps_cpp.dir/rosidl_typesupport_fastrtps_cpp/eufs_msgs/msg/detail/dds_fastrtps/state_machine_state__type_support.cpp.o
[14.911s] [ 75%] Building CXX object CMakeFiles/eufs_msgs__rosidl_typesupport_fastrtps_cpp.dir/rosidl_typesupport_fastrtps_cpp/eufs_msgs/msg/detail/dds_fastrtps/stereo_image__type_support.cpp.o
[14.913s] [ 75%] Building CXX object CMakeFiles/eufs_msgs__rosidl_typesupport_fastrtps_cpp.dir/rosidl_typesupport_fastrtps_cpp/eufs_msgs/msg/detail/dds_fastrtps/system_status__type_support.cpp.o
[14.927s] [ 75%] Building C object CMakeFiles/eufs_msgs__rosidl_typesupport_introspection_c.dir/rosidl_typesupport_introspection_c/eufs_msgs/msg/detail/point_array_stamped__type_support.c.o
[14.934s] [ 75%] Building CXX object CMakeFiles/eufs_msgs__rosidl_typesupport_fastrtps_c.dir/rosidl_typesupport_fastrtps_c/eufs_msgs/msg/detail/pure_pursuit_checkpoint_array_stamped__type_support_c.cpp.o
[14.973s] [ 75%] Building CXX object CMakeFiles/eufs_msgs__rosidl_typesupport_fastrtps_cpp.dir/rosidl_typesupport_fastrtps_cpp/eufs_msgs/msg/detail/dds_fastrtps/topic_status__type_support.cpp.o
[14.985s] [ 75%] Building C object CMakeFiles/eufs_msgs__rosidl_typesupport_introspection_c.dir/rosidl_typesupport_introspection_c/eufs_msgs/msg/detail/pure_pursuit_checkpoint__type_support.c.o
[15.042s] [ 75%] Building C object CMakeFiles/eufs_msgs__rosidl_typesupport_introspection_c.dir/rosidl_typesupport_introspection_c/eufs_msgs/msg/detail/pure_pursuit_checkpoint_array_stamped__type_support.c.o
[15.054s] [ 76%] Building C object CMakeFiles/eufs_msgs__rosidl_typesupport_introspection_c.dir/rosidl_typesupport_introspection_c/eufs_msgs/msg/detail/runstop__type_support.c.o
[15.096s] [ 76%] Building C object CMakeFiles/eufs_msgs__rosidl_typesupport_introspection_c.dir/rosidl_typesupport_introspection_c/eufs_msgs/msg/detail/slam_err__type_support.c.o
[15.108s] [ 77%] Building CXX object CMakeFiles/eufs_msgs__rosidl_typesupport_fastrtps_c.dir/rosidl_typesupport_fastrtps_c/eufs_msgs/msg/detail/runstop__type_support_c.cpp.o
[15.132s] [ 77%] Building C object CMakeFiles/eufs_msgs__rosidl_typesupport_introspection_c.dir/rosidl_typesupport_introspection_c/eufs_msgs/msg/detail/slam_state__type_support.c.o
[15.141s] [ 77%] Building C object CMakeFiles/eufs_msgs__rosidl_typesupport_introspection_c.dir/rosidl_typesupport_introspection_c/eufs_msgs/msg/detail/state_machine_state__type_support.c.o
[15.142s] [ 77%] Building C object CMakeFiles/eufs_msgs__rosidl_typesupport_introspection_c.dir/rosidl_typesupport_introspection_c/eufs_msgs/msg/detail/stereo_image__type_support.c.o
[15.183s] [ 78%] Building CXX object CMakeFiles/eufs_msgs__rosidl_typesupport_fastrtps_cpp.dir/rosidl_typesupport_fastrtps_cpp/eufs_msgs/msg/detail/dds_fastrtps/vehicle_commands__type_support.cpp.o
[15.183s] [ 78%] Building CXX object CMakeFiles/eufs_msgs__rosidl_typesupport_fastrtps_c.dir/rosidl_typesupport_fastrtps_c/eufs_msgs/msg/detail/slam_err__type_support_c.cpp.o
[15.195s] [ 78%] Building C object CMakeFiles/eufs_msgs__rosidl_typesupport_introspection_c.dir/rosidl_typesupport_introspection_c/eufs_msgs/msg/detail/system_status__type_support.c.o
[15.201s] [ 79%] Building C object CMakeFiles/eufs_msgs__rosidl_typesupport_introspection_c.dir/rosidl_typesupport_introspection_c/eufs_msgs/msg/detail/topic_status__type_support.c.o
[15.220s] [ 79%] Building C object CMakeFiles/eufs_msgs__rosidl_typesupport_introspection_c.dir/rosidl_typesupport_introspection_c/eufs_msgs/msg/detail/vehicle_commands__type_support.c.o
[15.225s] [ 79%] Building C object CMakeFiles/eufs_msgs__rosidl_typesupport_introspection_c.dir/rosidl_typesupport_introspection_c/eufs_msgs/msg/detail/vehicle_commands_stamped__type_support.c.o
[15.242s] [ 79%] Building C object CMakeFiles/eufs_msgs__rosidl_typesupport_introspection_c.dir/rosidl_typesupport_introspection_c/eufs_msgs/msg/detail/waypoint__type_support.c.o
[15.244s] [ 79%] Building C object CMakeFiles/eufs_msgs__rosidl_typesupport_introspection_c.dir/rosidl_typesupport_introspection_c/eufs_msgs/msg/detail/waypoint_array_stamped__type_support.c.o
[15.251s] [ 80%] Building C object CMakeFiles/eufs_msgs__rosidl_typesupport_introspection_c.dir/rosidl_typesupport_introspection_c/eufs_msgs/msg/detail/wheel_odometry_err__type_support.c.o
[15.262s] [ 80%] Building CXX object CMakeFiles/eufs_msgs__rosidl_typesupport_fastrtps_c.dir/rosidl_typesupport_fastrtps_c/eufs_msgs/msg/detail/slam_state__type_support_c.cpp.o
[15.277s] [ 80%] Building CXX object CMakeFiles/eufs_msgs__rosidl_typesupport_fastrtps_cpp.dir/rosidl_typesupport_fastrtps_cpp/eufs_msgs/msg/detail/dds_fastrtps/vehicle_commands_stamped__type_support.cpp.o
[15.291s] [ 80%] Building C object CMakeFiles/eufs_msgs__rosidl_typesupport_introspection_c.dir/rosidl_typesupport_introspection_c/eufs_msgs/msg/detail/wheel_speeds__type_support.c.o
[15.292s] [ 80%] Building CXX object CMakeFiles/eufs_msgs__rosidl_typesupport_fastrtps_c.dir/rosidl_typesupport_fastrtps_c/eufs_msgs/msg/detail/state_machine_state__type_support_c.cpp.o
[15.297s] [ 80%] Building CXX object CMakeFiles/eufs_msgs__rosidl_typesupport_fastrtps_cpp.dir/rosidl_typesupport_fastrtps_cpp/eufs_msgs/msg/detail/dds_fastrtps/waypoint__type_support.cpp.o
[15.300s] [ 80%] Building CXX object CMakeFiles/eufs_msgs__rosidl_typesupport_fastrtps_c.dir/rosidl_typesupport_fastrtps_c/eufs_msgs/msg/detail/stereo_image__type_support_c.cpp.o
[15.320s] [ 80%] Building CXX object CMakeFiles/eufs_msgs__rosidl_typesupport_fastrtps_cpp.dir/rosidl_typesupport_fastrtps_cpp/eufs_msgs/msg/detail/dds_fastrtps/waypoint_array_stamped__type_support.cpp.o
[15.337s] [ 80%] Building C object CMakeFiles/eufs_msgs__rosidl_typesupport_introspection_c.dir/rosidl_typesupport_introspection_c/eufs_msgs/msg/detail/wheel_speeds_stamped__type_support.c.o
[15.340s] [ 80%] Building CXX object CMakeFiles/eufs_msgs__rosidl_typesupport_fastrtps_cpp.dir/rosidl_typesupport_fastrtps_cpp/eufs_msgs/msg/detail/dds_fastrtps/wheel_odometry_err__type_support.cpp.o
[15.343s] [ 81%] Building CXX object CMakeFiles/eufs_msgs__rosidl_typesupport_fastrtps_c.dir/rosidl_typesupport_fastrtps_c/eufs_msgs/msg/detail/topic_status__type_support_c.cpp.o
[15.343s] [ 81%] Building CXX object CMakeFiles/eufs_msgs__rosidl_typesupport_fastrtps_cpp.dir/rosidl_typesupport_fastrtps_cpp/eufs_msgs/msg/detail/dds_fastrtps/wheel_speeds__type_support.cpp.o
[15.345s] [ 81%] Building CXX object CMakeFiles/eufs_msgs__rosidl_typesupport_fastrtps_c.dir/rosidl_typesupport_fastrtps_c/eufs_msgs/msg/detail/system_status__type_support_c.cpp.o
[15.357s] [ 81%] Building CXX object CMakeFiles/eufs_msgs__rosidl_typesupport_fastrtps_c.dir/rosidl_typesupport_fastrtps_c/eufs_msgs/msg/detail/vehicle_commands__type_support_c.cpp.o
[15.402s] [ 81%] Building C object CMakeFiles/eufs_msgs__rosidl_typesupport_introspection_c.dir/rosidl_typesupport_introspection_c/eufs_msgs/action/detail/check_for_objects__type_support.c.o
[15.402s] [ 82%] Building CXX object CMakeFiles/eufs_msgs__rosidl_typesupport_fastrtps_cpp.dir/rosidl_typesupport_fastrtps_cpp/eufs_msgs/msg/detail/dds_fastrtps/wheel_speeds_stamped__type_support.cpp.o
[15.409s] [ 82%] Building C object CMakeFiles/eufs_msgs__rosidl_typesupport_introspection_c.dir/rosidl_typesupport_introspection_c/eufs_msgs/srv/detail/record_start__type_support.c.o
[15.409s] [ 82%] Building CXX object CMakeFiles/eufs_msgs__rosidl_typesupport_fastrtps_c.dir/rosidl_typesupport_fastrtps_c/eufs_msgs/msg/detail/vehicle_commands_stamped__type_support_c.cpp.o
[15.427s] [ 83%] Building C object CMakeFiles/eufs_msgs__rosidl_typesupport_introspection_c.dir/rosidl_typesupport_introspection_c/eufs_msgs/srv/detail/record_stop__type_support.c.o
[15.439s] [ 83%] Building CXX object CMakeFiles/eufs_msgs__rosidl_typesupport_fastrtps_c.dir/rosidl_typesupport_fastrtps_c/eufs_msgs/msg/detail/waypoint__type_support_c.cpp.o
[15.476s] [ 83%] Building CXX object CMakeFiles/eufs_msgs__rosidl_typesupport_fastrtps_c.dir/rosidl_typesupport_fastrtps_c/eufs_msgs/msg/detail/waypoint_array_stamped__type_support_c.cpp.o
[15.486s] [ 83%] Building C object CMakeFiles/eufs_msgs__rosidl_typesupport_introspection_c.dir/rosidl_typesupport_introspection_c/eufs_msgs/srv/detail/register__type_support.c.o
[15.497s] [ 83%] Building C object CMakeFiles/eufs_msgs__rosidl_typesupport_introspection_c.dir/rosidl_typesupport_introspection_c/eufs_msgs/srv/detail/set_can_state__type_support.c.o
[15.543s] [ 83%] Building CXX object CMakeFiles/eufs_msgs__rosidl_typesupport_fastrtps_cpp.dir/rosidl_typesupport_fastrtps_cpp/eufs_msgs/action/detail/dds_fastrtps/check_for_objects__type_support.cpp.o
[15.559s] [ 83%] Building C object CMakeFiles/eufs_msgs__rosidl_typesupport_introspection_c.dir/rosidl_typesupport_introspection_c/eufs_msgs/srv/detail/set_string__type_support.c.o
[15.567s] [ 84%] Building CXX object CMakeFiles/eufs_msgs__rosidl_typesupport_fastrtps_c.dir/rosidl_typesupport_fastrtps_c/eufs_msgs/msg/detail/wheel_odometry_err__type_support_c.cpp.o
[15.578s] [ 84%] Building CXX object CMakeFiles/eufs_msgs__rosidl_typesupport_fastrtps_cpp.dir/rosidl_typesupport_fastrtps_cpp/eufs_msgs/srv/detail/dds_fastrtps/record_start__type_support.cpp.o
[15.607s] [ 84%] Building C object CMakeFiles/eufs_msgs__rosidl_typesupport_introspection_c.dir/rosidl_typesupport_introspection_c/eufs_msgs/srv/detail/set_track__type_support.c.o
[15.649s] [ 84%] Building C object CMakeFiles/eufs_msgs__rosidl_typesupport_introspection_c.dir/rosidl_typesupport_introspection_c/eufs_msgs/srv/detail/set_mission__type_support.c.o
[15.654s] [ 85%] Building C object CMakeFiles/eufs_msgs__rosidl_typesupport_introspection_c.dir/rosidl_typesupport_introspection_c/eufs_msgs/srv/detail/get_map__type_support.c.o
[15.691s] [ 85%] Building CXX object CMakeFiles/eufs_msgs__rosidl_typesupport_fastrtps_c.dir/rosidl_typesupport_fastrtps_c/eufs_msgs/msg/detail/wheel_speeds__type_support_c.cpp.o
[15.706s] [ 85%] Linking C shared library libeufs_msgs__rosidl_typesupport_introspection_c.so
[15.728s] [ 85%] Building CXX object CMakeFiles/eufs_msgs__rosidl_typesupport_fastrtps_cpp.dir/rosidl_typesupport_fastrtps_cpp/eufs_msgs/srv/detail/dds_fastrtps/record_stop__type_support.cpp.o
[15.734s] [ 85%] Building CXX object CMakeFiles/eufs_msgs__rosidl_typesupport_fastrtps_c.dir/rosidl_typesupport_fastrtps_c/eufs_msgs/msg/detail/wheel_speeds_stamped__type_support_c.cpp.o
[15.742s] [ 85%] Building CXX object CMakeFiles/eufs_msgs__rosidl_typesupport_fastrtps_cpp.dir/rosidl_typesupport_fastrtps_cpp/eufs_msgs/srv/detail/dds_fastrtps/register__type_support.cpp.o
[15.757s] [ 85%] Building CXX object CMakeFiles/eufs_msgs__rosidl_typesupport_fastrtps_c.dir/rosidl_typesupport_fastrtps_c/eufs_msgs/action/detail/check_for_objects__type_support_c.cpp.o
[15.785s] [ 86%] Building CXX object CMakeFiles/eufs_msgs__rosidl_typesupport_fastrtps_cpp.dir/rosidl_typesupport_fastrtps_cpp/eufs_msgs/srv/detail/dds_fastrtps/set_can_state__type_support.cpp.o
[15.794s] [ 86%] Building CXX object CMakeFiles/eufs_msgs__rosidl_typesupport_fastrtps_c.dir/rosidl_typesupport_fastrtps_c/eufs_msgs/srv/detail/record_start__type_support_c.cpp.o
[15.794s] [ 86%] Building CXX object CMakeFiles/eufs_msgs__rosidl_typesupport_fastrtps_cpp.dir/rosidl_typesupport_fastrtps_cpp/eufs_msgs/srv/detail/dds_fastrtps/set_string__type_support.cpp.o
[15.804s] [ 86%] Building CXX object CMakeFiles/eufs_msgs__rosidl_typesupport_fastrtps_c.dir/rosidl_typesupport_fastrtps_c/eufs_msgs/srv/detail/record_stop__type_support_c.cpp.o
[15.804s] [ 87%] Building CXX object CMakeFiles/eufs_msgs__rosidl_typesupport_fastrtps_c.dir/rosidl_typesupport_fastrtps_c/eufs_msgs/srv/detail/register__type_support_c.cpp.o
[15.808s] [ 87%] Building CXX object CMakeFiles/eufs_msgs__rosidl_typesupport_fastrtps_c.dir/rosidl_typesupport_fastrtps_c/eufs_msgs/srv/detail/set_can_state__type_support_c.cpp.o
[15.808s] [ 87%] Built target eufs_msgs__rosidl_typesupport_introspection_c
[15.810s] [ 87%] Building CXX object CMakeFiles/eufs_msgs__rosidl_typesupport_fastrtps_c.dir/rosidl_typesupport_fastrtps_c/eufs_msgs/srv/detail/set_string__type_support_c.cpp.o
[15.820s] [ 87%] Building CXX object CMakeFiles/eufs_msgs__rosidl_typesupport_fastrtps_c.dir/rosidl_typesupport_fastrtps_c/eufs_msgs/srv/detail/set_track__type_support_c.cpp.o
[15.827s] [ 87%] Building CXX object CMakeFiles/eufs_msgs__rosidl_typesupport_fastrtps_c.dir/rosidl_typesupport_fastrtps_c/eufs_msgs/srv/detail/set_mission__type_support_c.cpp.o
[15.853s] [ 88%] Building CXX object CMakeFiles/eufs_msgs__rosidl_typesupport_fastrtps_c.dir/rosidl_typesupport_fastrtps_c/eufs_msgs/srv/detail/get_map__type_support_c.cpp.o
[15.890s] [ 88%] Building CXX object CMakeFiles/eufs_msgs__rosidl_typesupport_fastrtps_cpp.dir/rosidl_typesupport_fastrtps_cpp/eufs_msgs/srv/detail/dds_fastrtps/set_track__type_support.cpp.o
[15.966s] [ 88%] Building CXX object CMakeFiles/eufs_msgs__rosidl_typesupport_fastrtps_cpp.dir/rosidl_typesupport_fastrtps_cpp/eufs_msgs/srv/detail/dds_fastrtps/set_mission__type_support.cpp.o
[16.050s] [ 88%] Building CXX object CMakeFiles/eufs_msgs__rosidl_typesupport_fastrtps_cpp.dir/rosidl_typesupport_fastrtps_cpp/eufs_msgs/srv/detail/dds_fastrtps/get_map__type_support.cpp.o
[16.288s] [ 88%] Linking CXX shared library libeufs_msgs__rosidl_typesupport_fastrtps_c.so
[16.364s] [ 88%] Built target eufs_msgs__rosidl_typesupport_fastrtps_c
[16.392s] [ 88%] Linking CXX shared library libeufs_msgs__rosidl_typesupport_fastrtps_cpp.so
[16.570s] [ 88%] Built target eufs_msgs__rosidl_typesupport_fastrtps_cpp
[16.609s] [ 88%] Built target eufs_msgs
[16.651s] [ 88%] Generating Python code for ROS interfaces
[22.760s] [ 88%] Built target eufs_msgs__py
[22.803s] [ 88%] Building C object CMakeFiles/eufs_msgs__rosidl_generator_py.dir/rosidl_generator_py/eufs_msgs/msg/_bounding_box_s.c.o
[22.803s] [ 89%] Building C object CMakeFiles/eufs_msgs__rosidl_generator_py.dir/rosidl_generator_py/eufs_msgs/msg/_can_state_s.c.o
[22.804s] [ 89%] Building C object CMakeFiles/eufs_msgs__rosidl_generator_py.dir/rosidl_generator_py/eufs_msgs/msg/_bounding_boxes_s.c.o
[22.804s] [ 89%] Building C object CMakeFiles/eufs_msgs__rosidl_generator_py.dir/rosidl_generator_py/eufs_msgs/msg/_car_forces_s.c.o
[22.804s] [ 89%] Building C object CMakeFiles/eufs_msgs__rosidl_generator_py.dir/rosidl_generator_py/eufs_msgs/msg/_car_state_s.c.o
[22.804s] [ 89%] Building C object CMakeFiles/eufs_msgs__rosidl_generator_py.dir/rosidl_generator_py/eufs_msgs/msg/_chassis_state_s.c.o
[22.804s] [ 90%] Building C object CMakeFiles/eufs_msgs__rosidl_generator_py.dir/rosidl_generator_py/eufs_msgs/msg/_cone_array_s.c.o
[22.805s] [ 90%] Building C object CMakeFiles/eufs_msgs__rosidl_generator_py.dir/rosidl_generator_py/eufs_msgs/msg/_cone_array_with_covariance_s.c.o
[22.805s] [ 90%] Building C object CMakeFiles/eufs_msgs__rosidl_generator_py.dir/rosidl_generator_py/eufs_msgs/msg/_cone_with_color_probability_s.c.o
[22.806s] [ 90%] Building C object CMakeFiles/eufs_msgs__rosidl_generator_py.dir/rosidl_generator_py/eufs_msgs/msg/_cone_with_color_probability_array_s.c.o
[22.806s] [ 90%] Building C object CMakeFiles/eufs_msgs__rosidl_generator_py.dir/rosidl_generator_py/eufs_msgs/msg/_cone_with_covariance_s.c.o
[22.806s] [ 90%] Building C object CMakeFiles/eufs_msgs__rosidl_generator_py.dir/rosidl_generator_py/eufs_msgs/msg/_cone_association_array_stamped_s.c.o
[22.806s] [ 91%] Building C object CMakeFiles/eufs_msgs__rosidl_generator_py.dir/rosidl_generator_py/eufs_msgs/msg/_cone_association_s.c.o
[22.806s] [ 91%] Building C object CMakeFiles/eufs_msgs__rosidl_generator_py.dir/rosidl_generator_py/eufs_msgs/msg/_cone_association_array_array_stamped_s.c.o
[22.806s] [ 91%] Building C object CMakeFiles/eufs_msgs__rosidl_generator_py.dir/rosidl_generator_py/eufs_msgs/msg/_cone_association_array_s.c.o
[22.807s] [ 91%] Building C object CMakeFiles/eufs_msgs__rosidl_generator_py.dir/rosidl_generator_py/eufs_msgs/msg/_costmap_s.c.o
[22.809s] [ 91%] Building C object CMakeFiles/eufs_msgs__rosidl_generator_py.dir/rosidl_generator_py/eufs_msgs/msg/_chassis_command_s.c.o
[22.810s] [ 91%] Building C object CMakeFiles/eufs_msgs__rosidl_generator_py.dir/rosidl_generator_py/eufs_msgs/msg/_cpu_usage_s.c.o
[22.814s] [ 91%] Building C object CMakeFiles/eufs_msgs__rosidl_generator_py.dir/rosidl_generator_py/eufs_msgs/msg/_ekf_err_s.c.o
[22.814s] [ 92%] Building C object CMakeFiles/eufs_msgs__rosidl_generator_py.dir/rosidl_generator_py/eufs_msgs/msg/_cpu_status_s.c.o
[22.957s] [ 92%] Building C object CMakeFiles/eufs_msgs__rosidl_generator_py.dir/rosidl_generator_py/eufs_msgs/msg/_full_state_s.c.o
[22.957s] [ 92%] Building C object CMakeFiles/eufs_msgs__rosidl_generator_py.dir/rosidl_generator_py/eufs_msgs/msg/_ekf_state_s.c.o
[22.963s] [ 93%] Building C object CMakeFiles/eufs_msgs__rosidl_generator_py.dir/rosidl_generator_py/eufs_msgs/msg/_lap_stats_s.c.o
[22.963s] [ 93%] Building C object CMakeFiles/eufs_msgs__rosidl_generator_py.dir/rosidl_generator_py/eufs_msgs/msg/_integration_err_s.c.o
[22.963s] [ 93%] Building C object CMakeFiles/eufs_msgs__rosidl_generator_py.dir/rosidl_generator_py/eufs_msgs/msg/_heartbeat_s.c.o
[22.966s] [ 93%] Building C object CMakeFiles/eufs_msgs__rosidl_generator_py.dir/rosidl_generator_py/eufs_msgs/msg/_mpc_state_s.c.o
[22.968s] [ 94%] Building C object CMakeFiles/eufs_msgs__rosidl_generator_py.dir/rosidl_generator_py/eufs_msgs/msg/_oss_s.c.o
[22.968s] [ 94%] Building C object CMakeFiles/eufs_msgs__rosidl_generator_py.dir/rosidl_generator_py/eufs_msgs/msg/_node_state_s.c.o
[22.969s] [ 94%] Building C object CMakeFiles/eufs_msgs__rosidl_generator_py.dir/rosidl_generator_py/eufs_msgs/msg/_particle_slam_s.c.o
[22.969s] [ 94%] Building C object CMakeFiles/eufs_msgs__rosidl_generator_py.dir/rosidl_generator_py/eufs_msgs/msg/_node_state_array_s.c.o
[22.969s] [ 94%] Building C object CMakeFiles/eufs_msgs__rosidl_generator_py.dir/rosidl_generator_py/eufs_msgs/msg/_path_integral_params_s.c.o
[22.969s] [ 94%] Building C object CMakeFiles/eufs_msgs__rosidl_generator_py.dir/rosidl_generator_py/eufs_msgs/msg/_particle_s.c.o
[22.969s] [ 95%] Building C object CMakeFiles/eufs_msgs__rosidl_generator_py.dir/rosidl_generator_py/eufs_msgs/msg/_path_integral_stats_s.c.o
[22.969s] [ 95%] Building C object CMakeFiles/eufs_msgs__rosidl_generator_py.dir/rosidl_generator_py/eufs_msgs/msg/_particle_slam_stamped_s.c.o
[22.969s] [ 95%] Building C object CMakeFiles/eufs_msgs__rosidl_generator_py.dir/rosidl_generator_py/eufs_msgs/msg/_path_integral_status_s.c.o
[22.969s] [ 95%] Building C object CMakeFiles/eufs_msgs__rosidl_generator_py.dir/rosidl_generator_py/eufs_msgs/msg/_particle_stamped_s.c.o
[22.976s] [ 95%] Building C object CMakeFiles/eufs_msgs__rosidl_generator_py.dir/rosidl_generator_py/eufs_msgs/msg/_path_integral_timing_s.c.o
[22.987s] [ 95%] Building C object CMakeFiles/eufs_msgs__rosidl_generator_py.dir/rosidl_generator_py/eufs_msgs/msg/_planning_mode_s.c.o
[22.987s] [ 95%] Building C object CMakeFiles/eufs_msgs__rosidl_generator_py.dir/rosidl_generator_py/eufs_msgs/msg/_point_array_s.c.o
[22.999s] [ 96%] Building C object CMakeFiles/eufs_msgs__rosidl_generator_py.dir/rosidl_generator_py/eufs_msgs/msg/_point_array_stamped_s.c.o
[23.081s] [ 96%] Building C object CMakeFiles/eufs_msgs__rosidl_generator_py.dir/rosidl_generator_py/eufs_msgs/msg/_pure_pursuit_checkpoint_s.c.o
[23.081s] [ 96%] Building C object CMakeFiles/eufs_msgs__rosidl_generator_py.dir/rosidl_generator_py/eufs_msgs/msg/_pure_pursuit_checkpoint_array_stamped_s.c.o
[23.088s] [ 96%] Building C object CMakeFiles/eufs_msgs__rosidl_generator_py.dir/rosidl_generator_py/eufs_msgs/msg/_slam_err_s.c.o
[23.088s] [ 96%] Building C object CMakeFiles/eufs_msgs__rosidl_generator_py.dir/rosidl_generator_py/eufs_msgs/msg/_slam_state_s.c.o
[23.088s] [ 97%] Building C object CMakeFiles/eufs_msgs__rosidl_generator_py.dir/rosidl_generator_py/eufs_msgs/msg/_state_machine_state_s.c.o
[23.088s] [ 97%] Building C object CMakeFiles/eufs_msgs__rosidl_generator_py.dir/rosidl_generator_py/eufs_msgs/msg/_runstop_s.c.o
[23.092s] [ 97%] Building C object CMakeFiles/eufs_msgs__rosidl_generator_py.dir/rosidl_generator_py/eufs_msgs/msg/_stereo_image_s.c.o
[23.094s] [ 97%] Building C object CMakeFiles/eufs_msgs__rosidl_generator_py.dir/rosidl_generator_py/eufs_msgs/msg/_topic_status_s.c.o
[23.094s] [ 97%] Building C object CMakeFiles/eufs_msgs__rosidl_generator_py.dir/rosidl_generator_py/eufs_msgs/msg/_system_status_s.c.o
[23.094s] [ 97%] Building C object CMakeFiles/eufs_msgs__rosidl_generator_py.dir/rosidl_generator_py/eufs_msgs/msg/_waypoint_s.c.o
[23.094s] [ 97%] Building C object CMakeFiles/eufs_msgs__rosidl_generator_py.dir/rosidl_generator_py/eufs_msgs/msg/_vehicle_commands_s.c.o
[23.096s] [ 98%] Building C object CMakeFiles/eufs_msgs__rosidl_generator_py.dir/rosidl_generator_py/eufs_msgs/msg/_vehicle_commands_stamped_s.c.o
[23.104s] [ 98%] Building C object CMakeFiles/eufs_msgs__rosidl_generator_py.dir/rosidl_generator_py/eufs_msgs/msg/_waypoint_array_stamped_s.c.o
[23.105s] [ 98%] Building C object CMakeFiles/eufs_msgs__rosidl_generator_py.dir/rosidl_generator_py/eufs_msgs/msg/_wheel_odometry_err_s.c.o
[23.114s] [ 99%] Building C object CMakeFiles/eufs_msgs__rosidl_generator_py.dir/rosidl_generator_py/eufs_msgs/msg/_wheel_speeds_stamped_s.c.o
[23.119s] [ 99%] Building C object CMakeFiles/eufs_msgs__rosidl_generator_py.dir/rosidl_generator_py/eufs_msgs/msg/_wheel_speeds_s.c.o
[23.119s] [ 99%] Building C object CMakeFiles/eufs_msgs__rosidl_generator_py.dir/rosidl_generator_py/eufs_msgs/action/_check_for_objects_s.c.o
[23.119s] [ 99%] Building C object CMakeFiles/eufs_msgs__rosidl_generator_py.dir/rosidl_generator_py/eufs_msgs/srv/_record_stop_s.c.o
[23.121s] [ 99%] Building C object CMakeFiles/eufs_msgs__rosidl_generator_py.dir/rosidl_generator_py/eufs_msgs/srv/_record_start_s.c.o
[23.159s] [ 99%] Building C object CMakeFiles/eufs_msgs__rosidl_generator_py.dir/rosidl_generator_py/eufs_msgs/srv/_register_s.c.o
[23.248s] [ 99%] Building C object CMakeFiles/eufs_msgs__rosidl_generator_py.dir/rosidl_generator_py/eufs_msgs/srv/_get_map_s.c.o
[23.249s] [ 99%] Building C object CMakeFiles/eufs_msgs__rosidl_generator_py.dir/rosidl_generator_py/eufs_msgs/srv/_set_mission_s.c.o
[23.249s] [ 99%] Building C object CMakeFiles/eufs_msgs__rosidl_generator_py.dir/rosidl_generator_py/eufs_msgs/srv/_set_track_s.c.o
[23.249s] [100%] Building C object CMakeFiles/eufs_msgs__rosidl_generator_py.dir/rosidl_generator_py/eufs_msgs/srv/_set_string_s.c.o
[23.249s] [100%] Building C object CMakeFiles/eufs_msgs__rosidl_generator_py.dir/rosidl_generator_py/eufs_msgs/srv/_set_can_state_s.c.o
[23.363s] [100%] Linking C shared library rosidl_generator_py/eufs_msgs/libeufs_msgs__rosidl_generator_py.so
[23.463s] [100%] Built target eufs_msgs__rosidl_generator_py
[23.501s] [100%] Building C object CMakeFiles/eufs_msgs__rosidl_typesupport_c__pyext.dir/rosidl_generator_py/eufs_msgs/_eufs_msgs_s.ep.rosidl_typesupport_c.c.o
[23.501s] [100%] Building C object CMakeFiles/eufs_msgs__rosidl_typesupport_introspection_c__pyext.dir/rosidl_generator_py/eufs_msgs/_eufs_msgs_s.ep.rosidl_typesupport_introspection_c.c.o
[23.502s] [100%] Building C object CMakeFiles/eufs_msgs__rosidl_typesupport_fastrtps_c__pyext.dir/rosidl_generator_py/eufs_msgs/_eufs_msgs_s.ep.rosidl_typesupport_fastrtps_c.c.o
[23.780s] [100%] Linking C shared library rosidl_generator_py/eufs_msgs/eufs_msgs_s__rosidl_typesupport_introspection_c.cpython-310-x86_64-linux-gnu.so
[23.783s] [100%] Linking C shared library rosidl_generator_py/eufs_msgs/eufs_msgs_s__rosidl_typesupport_fastrtps_c.cpython-310-x86_64-linux-gnu.so
[23.793s] [100%] Linking C shared library rosidl_generator_py/eufs_msgs/eufs_msgs_s__rosidl_typesupport_c.cpython-310-x86_64-linux-gnu.so
[23.824s] [100%] Built target eufs_msgs__rosidl_typesupport_introspection_c__pyext
[23.832s] [100%] Built target eufs_msgs__rosidl_typesupport_fastrtps_c__pyext
[23.841s] [100%] Built target eufs_msgs__rosidl_typesupport_c__pyext
[23.860s] Invoked command in '/home/gera/Desktop/EUFS_FORK_CONTAINERIZED/eufs-f1-sim/ws/build/eufs_msgs' returned '0': CMAKE_PREFIX_PATH=${CMAKE_PREFIX_PATH}:/home/gera/eufs_simulator/install/graph_slam:/home/gera/eufs_simulator/install/fmdv_monitor:/home/gera/eufs_simulator/install/fmdv_code:/home/gera/eufs_simulator/install/eufs_launcher:/home/gera/eufs_simulator/install/eufs_tracks:/home/gera/eufs_simulator/install/eufs_rqt:/home/gera/eufs_simulator/install/eufs_racecar:/opt/ros/humble /usr/bin/cmake --build /home/gera/Desktop/EUFS_FORK_CONTAINERIZED/eufs-f1-sim/ws/build/eufs_msgs -- -j20 -l20
[23.877s] Invoking command in '/home/gera/Desktop/EUFS_FORK_CONTAINERIZED/eufs-f1-sim/ws/build/eufs_msgs': CMAKE_PREFIX_PATH=${CMAKE_PREFIX_PATH}:/home/gera/eufs_simulator/install/graph_slam:/home/gera/eufs_simulator/install/fmdv_monitor:/home/gera/eufs_simulator/install/fmdv_code:/home/gera/eufs_simulator/install/eufs_launcher:/home/gera/eufs_simulator/install/eufs_tracks:/home/gera/eufs_simulator/install/eufs_rqt:/home/gera/eufs_simulator/install/eufs_racecar:/opt/ros/humble /usr/bin/cmake --install /home/gera/Desktop/EUFS_FORK_CONTAINERIZED/eufs-f1-sim/ws/build/eufs_msgs
[23.892s] -- Install configuration: ""
[23.892s] -- Installing: /home/gera/Desktop/EUFS_FORK_CONTAINERIZED/eufs-f1-sim/ws/install/eufs_msgs/share/ament_index/resource_index/rosidl_interfaces/eufs_msgs
[23.892s] -- Installing: /home/gera/Desktop/EUFS_FORK_CONTAINERIZED/eufs-f1-sim/ws/install/eufs_msgs/include/eufs_msgs/eufs_msgs
[23.892s] -- Installing: /home/gera/Desktop/EUFS_FORK_CONTAINERIZED/eufs-f1-sim/ws/install/eufs_msgs/include/eufs_msgs/eufs_msgs/action
[23.892s] -- Installing: /home/gera/Desktop/EUFS_FORK_CONTAINERIZED/eufs-f1-sim/ws/install/eufs_msgs/include/eufs_msgs/eufs_msgs/action/detail
[23.892s] -- Installing: /home/gera/Desktop/EUFS_FORK_CONTAINERIZED/eufs-f1-sim/ws/install/eufs_msgs/include/eufs_msgs/eufs_msgs/action/detail/check_for_objects__type_support.h
[23.893s] -- Installing: /home/gera/Desktop/EUFS_FORK_CONTAINERIZED/eufs-f1-sim/ws/install/eufs_msgs/include/eufs_msgs/eufs_msgs/action/detail/check_for_objects__functions.c
[23.893s] -- Installing: /home/gera/Desktop/EUFS_FORK_CONTAINERIZED/eufs-f1-sim/ws/install/eufs_msgs/include/eufs_msgs/eufs_msgs/action/detail/check_for_objects__struct.h
[23.893s] -- Installing: /home/gera/Desktop/EUFS_FORK_CONTAINERIZED/eufs-f1-sim/ws/install/eufs_msgs/include/eufs_msgs/eufs_msgs/action/detail/check_for_objects__functions.h
[23.893s] -- Installing: /home/gera/Desktop/EUFS_FORK_CONTAINERIZED/eufs-f1-sim/ws/install/eufs_msgs/include/eufs_msgs/eufs_msgs/action/check_for_objects.h
[23.894s] -- Installing: /home/gera/Desktop/EUFS_FORK_CONTAINERIZED/eufs-f1-sim/ws/install/eufs_msgs/include/eufs_msgs/eufs_msgs/srv
[23.895s] -- Installing: /home/gera/Desktop/EUFS_FORK_CONTAINERIZED/eufs-f1-sim/ws/install/eufs_msgs/include/eufs_msgs/eufs_msgs/srv/set_mission.h
[23.895s] -- Installing: /home/gera/Desktop/EUFS_FORK_CONTAINERIZED/eufs-f1-sim/ws/install/eufs_msgs/include/eufs_msgs/eufs_msgs/srv/detail
[23.895s] -- Installing: /home/gera/Desktop/EUFS_FORK_CONTAINERIZED/eufs-f1-sim/ws/install/eufs_msgs/include/eufs_msgs/eufs_msgs/srv/detail/get_map__type_support.h
[23.895s] -- Installing: /home/gera/Desktop/EUFS_FORK_CONTAINERIZED/eufs-f1-sim/ws/install/eufs_msgs/include/eufs_msgs/eufs_msgs/srv/detail/record_start__struct.h
[23.895s] -- Installing: /home/gera/Desktop/EUFS_FORK_CONTAINERIZED/eufs-f1-sim/ws/install/eufs_msgs/include/eufs_msgs/eufs_msgs/srv/detail/record_stop__struct.h
[23.896s] -- Installing: /home/gera/Desktop/EUFS_FORK_CONTAINERIZED/eufs-f1-sim/ws/install/eufs_msgs/include/eufs_msgs/eufs_msgs/srv/detail/record_stop__type_support.h
[23.896s] -- Installing: /home/gera/Desktop/EUFS_FORK_CONTAINERIZED/eufs-f1-sim/ws/install/eufs_msgs/include/eufs_msgs/eufs_msgs/srv/detail/record_start__type_support.h
[23.896s] -- Installing: /home/gera/Desktop/EUFS_FORK_CONTAINERIZED/eufs-f1-sim/ws/install/eufs_msgs/include/eufs_msgs/eufs_msgs/srv/detail/set_track__type_support.h
[23.896s] -- Installing: /home/gera/Desktop/EUFS_FORK_CONTAINERIZED/eufs-f1-sim/ws/install/eufs_msgs/include/eufs_msgs/eufs_msgs/srv/detail/record_stop__functions.h
[23.896s] -- Installing: /home/gera/Desktop/EUFS_FORK_CONTAINERIZED/eufs-f1-sim/ws/install/eufs_msgs/include/eufs_msgs/eufs_msgs/srv/detail/record_stop__functions.c
[23.897s] -- Installing: /home/gera/Desktop/EUFS_FORK_CONTAINERIZED/eufs-f1-sim/ws/install/eufs_msgs/include/eufs_msgs/eufs_msgs/srv/detail/set_can_state__functions.c
[23.898s] -- Installing: /home/gera/Desktop/EUFS_FORK_CONTAINERIZED/eufs-f1-sim/ws/install/eufs_msgs/include/eufs_msgs/eufs_msgs/srv/detail/set_string__type_support.h
[23.898s] -- Installing: /home/gera/Desktop/EUFS_FORK_CONTAINERIZED/eufs-f1-sim/ws/install/eufs_msgs/include/eufs_msgs/eufs_msgs/srv/detail/get_map__functions.h
[23.899s] -- Installing: /home/gera/Desktop/EUFS_FORK_CONTAINERIZED/eufs-f1-sim/ws/install/eufs_msgs/include/eufs_msgs/eufs_msgs/srv/detail/record_start__functions.h
[23.899s] -- Installing: /home/gera/Desktop/EUFS_FORK_CONTAINERIZED/eufs-f1-sim/ws/install/eufs_msgs/include/eufs_msgs/eufs_msgs/srv/detail/set_track__struct.h
[23.900s] -- Installing: /home/gera/Desktop/EUFS_FORK_CONTAINERIZED/eufs-f1-sim/ws/install/eufs_msgs/include/eufs_msgs/eufs_msgs/srv/detail/set_mission__functions.h
[23.900s] -- Installing: /home/gera/Desktop/EUFS_FORK_CONTAINERIZED/eufs-f1-sim/ws/install/eufs_msgs/include/eufs_msgs/eufs_msgs/srv/detail/set_mission__type_support.h
[23.900s] -- Installing: /home/gera/Desktop/EUFS_FORK_CONTAINERIZED/eufs-f1-sim/ws/install/eufs_msgs/include/eufs_msgs/eufs_msgs/srv/detail/get_map__struct.h
[23.901s] -- Installing: /home/gera/Desktop/EUFS_FORK_CONTAINERIZED/eufs-f1-sim/ws/install/eufs_msgs/include/eufs_msgs/eufs_msgs/srv/detail/set_mission__functions.c
[23.901s] -- Installing: /home/gera/Desktop/EUFS_FORK_CONTAINERIZED/eufs-f1-sim/ws/install/eufs_msgs/include/eufs_msgs/eufs_msgs/srv/detail/record_start__functions.c
[23.902s] -- Installing: /home/gera/Desktop/EUFS_FORK_CONTAINERIZED/eufs-f1-sim/ws/install/eufs_msgs/include/eufs_msgs/eufs_msgs/srv/detail/get_map__functions.c
[23.902s] -- Installing: /home/gera/Desktop/EUFS_FORK_CONTAINERIZED/eufs-f1-sim/ws/install/eufs_msgs/include/eufs_msgs/eufs_msgs/srv/detail/set_track__functions.c
[23.902s] -- Installing: /home/gera/Desktop/EUFS_FORK_CONTAINERIZED/eufs-f1-sim/ws/install/eufs_msgs/include/eufs_msgs/eufs_msgs/srv/detail/set_string__functions.h
[23.902s] -- Installing: /home/gera/Desktop/EUFS_FORK_CONTAINERIZED/eufs-f1-sim/ws/install/eufs_msgs/include/eufs_msgs/eufs_msgs/srv/detail/register__functions.c
[23.903s] -- Installing: /home/gera/Desktop/EUFS_FORK_CONTAINERIZED/eufs-f1-sim/ws/install/eufs_msgs/include/eufs_msgs/eufs_msgs/srv/detail/register__type_support.h
[23.903s] -- Installing: /home/gera/Desktop/EUFS_FORK_CONTAINERIZED/eufs-f1-sim/ws/install/eufs_msgs/include/eufs_msgs/eufs_msgs/srv/detail/set_can_state__functions.h
[23.904s] -- Installing: /home/gera/Desktop/EUFS_FORK_CONTAINERIZED/eufs-f1-sim/ws/install/eufs_msgs/include/eufs_msgs/eufs_msgs/srv/detail/register__struct.h
[23.904s] -- Installing: /home/gera/Desktop/EUFS_FORK_CONTAINERIZED/eufs-f1-sim/ws/install/eufs_msgs/include/eufs_msgs/eufs_msgs/srv/detail/set_track__functions.h
[23.905s] -- Installing: /home/gera/Desktop/EUFS_FORK_CONTAINERIZED/eufs-f1-sim/ws/install/eufs_msgs/include/eufs_msgs/eufs_msgs/srv/detail/set_string__functions.c
[23.905s] -- Installing: /home/gera/Desktop/EUFS_FORK_CONTAINERIZED/eufs-f1-sim/ws/install/eufs_msgs/include/eufs_msgs/eufs_msgs/srv/detail/set_can_state__struct.h
[23.905s] -- Installing: /home/gera/Desktop/EUFS_FORK_CONTAINERIZED/eufs-f1-sim/ws/install/eufs_msgs/include/eufs_msgs/eufs_msgs/srv/detail/set_string__struct.h
[23.906s] -- Installing: /home/gera/Desktop/EUFS_FORK_CONTAINERIZED/eufs-f1-sim/ws/install/eufs_msgs/include/eufs_msgs/eufs_msgs/srv/detail/set_mission__struct.h
[23.906s] -- Installing: /home/gera/Desktop/EUFS_FORK_CONTAINERIZED/eufs-f1-sim/ws/install/eufs_msgs/include/eufs_msgs/eufs_msgs/srv/detail/register__functions.h
[23.906s] -- Installing: /home/gera/Desktop/EUFS_FORK_CONTAINERIZED/eufs-f1-sim/ws/install/eufs_msgs/include/eufs_msgs/eufs_msgs/srv/detail/set_can_state__type_support.h
[23.906s] -- Installing: /home/gera/Desktop/EUFS_FORK_CONTAINERIZED/eufs-f1-sim/ws/install/eufs_msgs/include/eufs_msgs/eufs_msgs/srv/set_can_state.h
[23.906s] -- Installing: /home/gera/Desktop/EUFS_FORK_CONTAINERIZED/eufs-f1-sim/ws/install/eufs_msgs/include/eufs_msgs/eufs_msgs/srv/record_start.h
[23.907s] -- Installing: /home/gera/Desktop/EUFS_FORK_CONTAINERIZED/eufs-f1-sim/ws/install/eufs_msgs/include/eufs_msgs/eufs_msgs/srv/set_string.h
[23.907s] -- Installing: /home/gera/Desktop/EUFS_FORK_CONTAINERIZED/eufs-f1-sim/ws/install/eufs_msgs/include/eufs_msgs/eufs_msgs/srv/set_track.h
[23.907s] -- Installing: /home/gera/Desktop/EUFS_FORK_CONTAINERIZED/eufs-f1-sim/ws/install/eufs_msgs/include/eufs_msgs/eufs_msgs/srv/record_stop.h
[23.907s] -- Installing: /home/gera/Desktop/EUFS_FORK_CONTAINERIZED/eufs-f1-sim/ws/install/eufs_msgs/include/eufs_msgs/eufs_msgs/srv/register.h
[23.907s] -- Installing: /home/gera/Desktop/EUFS_FORK_CONTAINERIZED/eufs-f1-sim/ws/install/eufs_msgs/include/eufs_msgs/eufs_msgs/srv/get_map.h
[23.907s] -- Installing: /home/gera/Desktop/EUFS_FORK_CONTAINERIZED/eufs-f1-sim/ws/install/eufs_msgs/include/eufs_msgs/eufs_msgs/msg
[23.907s] -- Installing: /home/gera/Desktop/EUFS_FORK_CONTAINERIZED/eufs-f1-sim/ws/install/eufs_msgs/include/eufs_msgs/eufs_msgs/msg/point_array_stamped.h
[23.908s] -- Installing: /home/gera/Desktop/EUFS_FORK_CONTAINERIZED/eufs-f1-sim/ws/install/eufs_msgs/include/eufs_msgs/eufs_msgs/msg/car_forces.h
[23.909s] -- Installing: /home/gera/Desktop/EUFS_FORK_CONTAINERIZED/eufs-f1-sim/ws/install/eufs_msgs/include/eufs_msgs/eufs_msgs/msg/oss.h
[23.909s] -- Installing: /home/gera/Desktop/EUFS_FORK_CONTAINERIZED/eufs-f1-sim/ws/install/eufs_msgs/include/eufs_msgs/eufs_msgs/msg/vehicle_commands.h
[23.909s] -- Installing: /home/gera/Desktop/EUFS_FORK_CONTAINERIZED/eufs-f1-sim/ws/install/eufs_msgs/include/eufs_msgs/eufs_msgs/msg/cone_association_array_stamped.h
[23.909s] -- Installing: /home/gera/Desktop/EUFS_FORK_CONTAINERIZED/eufs-f1-sim/ws/install/eufs_msgs/include/eufs_msgs/eufs_msgs/msg/particle_slam.h
[23.909s] -- Installing: /home/gera/Desktop/EUFS_FORK_CONTAINERIZED/eufs-f1-sim/ws/install/eufs_msgs/include/eufs_msgs/eufs_msgs/msg/slam_err.h
[23.909s] -- Installing: /home/gera/Desktop/EUFS_FORK_CONTAINERIZED/eufs-f1-sim/ws/install/eufs_msgs/include/eufs_msgs/eufs_msgs/msg/cone_with_covariance.h
[23.909s] -- Installing: /home/gera/Desktop/EUFS_FORK_CONTAINERIZED/eufs-f1-sim/ws/install/eufs_msgs/include/eufs_msgs/eufs_msgs/msg/wheel_speeds_stamped.h
[23.909s] -- Installing: /home/gera/Desktop/EUFS_FORK_CONTAINERIZED/eufs-f1-sim/ws/install/eufs_msgs/include/eufs_msgs/eufs_msgs/msg/path_integral_status.h
[23.910s] -- Installing: /home/gera/Desktop/EUFS_FORK_CONTAINERIZED/eufs-f1-sim/ws/install/eufs_msgs/include/eufs_msgs/eufs_msgs/msg/point_array.h
[23.910s] -- Installing: /home/gera/Desktop/EUFS_FORK_CONTAINERIZED/eufs-f1-sim/ws/install/eufs_msgs/include/eufs_msgs/eufs_msgs/msg/topic_status.h
[23.910s] -- Installing: /home/gera/Desktop/EUFS_FORK_CONTAINERIZED/eufs-f1-sim/ws/install/eufs_msgs/include/eufs_msgs/eufs_msgs/msg/cone_array.h
[23.910s] -- Installing: /home/gera/Desktop/EUFS_FORK_CONTAINERIZED/eufs-f1-sim/ws/install/eufs_msgs/include/eufs_msgs/eufs_msgs/msg/runstop.h
[23.910s] -- Installing: /home/gera/Desktop/EUFS_FORK_CONTAINERIZED/eufs-f1-sim/ws/install/eufs_msgs/include/eufs_msgs/eufs_msgs/msg/slam_state.h
[23.910s] -- Installing: /home/gera/Desktop/EUFS_FORK_CONTAINERIZED/eufs-f1-sim/ws/install/eufs_msgs/include/eufs_msgs/eufs_msgs/msg/wheel_speeds.h
[23.911s] -- Installing: /home/gera/Desktop/EUFS_FORK_CONTAINERIZED/eufs-f1-sim/ws/install/eufs_msgs/include/eufs_msgs/eufs_msgs/msg/chassis_command.h
[23.911s] -- Installing: /home/gera/Desktop/EUFS_FORK_CONTAINERIZED/eufs-f1-sim/ws/install/eufs_msgs/include/eufs_msgs/eufs_msgs/msg/cone_with_color_probability_array.h
[23.911s] -- Installing: /home/gera/Desktop/EUFS_FORK_CONTAINERIZED/eufs-f1-sim/ws/install/eufs_msgs/include/eufs_msgs/eufs_msgs/msg/ekf_err.h
[23.911s] -- Installing: /home/gera/Desktop/EUFS_FORK_CONTAINERIZED/eufs-f1-sim/ws/install/eufs_msgs/include/eufs_msgs/eufs_msgs/msg/stereo_image.h
[23.911s] -- Installing: /home/gera/Desktop/EUFS_FORK_CONTAINERIZED/eufs-f1-sim/ws/install/eufs_msgs/include/eufs_msgs/eufs_msgs/msg/path_integral_stats.h
[23.911s] -- Installing: /home/gera/Desktop/EUFS_FORK_CONTAINERIZED/eufs-f1-sim/ws/install/eufs_msgs/include/eufs_msgs/eufs_msgs/msg/path_integral_timing.h
[23.911s] -- Installing: /home/gera/Desktop/EUFS_FORK_CONTAINERIZED/eufs-f1-sim/ws/install/eufs_msgs/include/eufs_msgs/eufs_msgs/msg/cone_with_color_probability.h
[23.911s] -- Installing: /home/gera/Desktop/EUFS_FORK_CONTAINERIZED/eufs-f1-sim/ws/install/eufs_msgs/include/eufs_msgs/eufs_msgs/msg/ekf_state.h
[23.911s] -- Installing: /home/gera/Desktop/EUFS_FORK_CONTAINERIZED/eufs-f1-sim/ws/install/eufs_msgs/include/eufs_msgs/eufs_msgs/msg/cone_association_array_array_stamped.h
[23.912s] -- Installing: /home/gera/Desktop/EUFS_FORK_CONTAINERIZED/eufs-f1-sim/ws/install/eufs_msgs/include/eufs_msgs/eufs_msgs/msg/bounding_boxes.h
[23.913s] -- Installing: /home/gera/Desktop/EUFS_FORK_CONTAINERIZED/eufs-f1-sim/ws/install/eufs_msgs/include/eufs_msgs/eufs_msgs/msg/detail
[23.913s] -- Installing: /home/gera/Desktop/EUFS_FORK_CONTAINERIZED/eufs-f1-sim/ws/install/eufs_msgs/include/eufs_msgs/eufs_msgs/msg/detail/costmap__struct.h
[23.913s] -- Installing: /home/gera/Desktop/EUFS_FORK_CONTAINERIZED/eufs-f1-sim/ws/install/eufs_msgs/include/eufs_msgs/eufs_msgs/msg/detail/car_forces__functions.h
[23.913s] -- Installing: /home/gera/Desktop/EUFS_FORK_CONTAINERIZED/eufs-f1-sim/ws/install/eufs_msgs/include/eufs_msgs/eufs_msgs/msg/detail/wheel_speeds_stamped__functions.c
[23.914s] -- Installing: /home/gera/Desktop/EUFS_FORK_CONTAINERIZED/eufs-f1-sim/ws/install/eufs_msgs/include/eufs_msgs/eufs_msgs/msg/detail/ekf_state__type_support.h
[23.914s] -- Installing: /home/gera/Desktop/EUFS_FORK_CONTAINERIZED/eufs-f1-sim/ws/install/eufs_msgs/include/eufs_msgs/eufs_msgs/msg/detail/bounding_box__functions.h
[23.914s] -- Installing: /home/gera/Desktop/EUFS_FORK_CONTAINERIZED/eufs-f1-sim/ws/install/eufs_msgs/include/eufs_msgs/eufs_msgs/msg/detail/cone_association_array_stamped__functions.h
[23.914s] -- Installing: /home/gera/Desktop/EUFS_FORK_CONTAINERIZED/eufs-f1-sim/ws/install/eufs_msgs/include/eufs_msgs/eufs_msgs/msg/detail/heartbeat__functions.c
[23.914s] -- Installing: /home/gera/Desktop/EUFS_FORK_CONTAINERIZED/eufs-f1-sim/ws/install/eufs_msgs/include/eufs_msgs/eufs_msgs/msg/detail/path_integral_timing__struct.h
[23.915s] -- Installing: /home/gera/Desktop/EUFS_FORK_CONTAINERIZED/eufs-f1-sim/ws/install/eufs_msgs/include/eufs_msgs/eufs_msgs/msg/detail/costmap__functions.h
[23.915s] -- Installing: /home/gera/Desktop/EUFS_FORK_CONTAINERIZED/eufs-f1-sim/ws/install/eufs_msgs/include/eufs_msgs/eufs_msgs/msg/detail/particle_slam__struct.h
[23.915s] -- Installing: /home/gera/Desktop/EUFS_FORK_CONTAINERIZED/eufs-f1-sim/ws/install/eufs_msgs/include/eufs_msgs/eufs_msgs/msg/detail/cone_array_with_covariance__type_support.h
[23.915s] -- Installing: /home/gera/Desktop/EUFS_FORK_CONTAINERIZED/eufs-f1-sim/ws/install/eufs_msgs/include/eufs_msgs/eufs_msgs/msg/detail/cone_with_covariance__functions.h
[23.915s] -- Installing: /home/gera/Desktop/EUFS_FORK_CONTAINERIZED/eufs-f1-sim/ws/install/eufs_msgs/include/eufs_msgs/eufs_msgs/msg/detail/chassis_state__type_support.h
[23.915s] -- Installing: /home/gera/Desktop/EUFS_FORK_CONTAINERIZED/eufs-f1-sim/ws/install/eufs_msgs/include/eufs_msgs/eufs_msgs/msg/detail/ekf_err__struct.h
[23.916s] -- Installing: /home/gera/Desktop/EUFS_FORK_CONTAINERIZED/eufs-f1-sim/ws/install/eufs_msgs/include/eufs_msgs/eufs_msgs/msg/detail/cone_association__functions.c
[23.916s] -- Installing: /home/gera/Desktop/EUFS_FORK_CONTAINERIZED/eufs-f1-sim/ws/install/eufs_msgs/include/eufs_msgs/eufs_msgs/msg/detail/mpc_state__functions.c
[23.916s] -- Installing: /home/gera/Desktop/EUFS_FORK_CONTAINERIZED/eufs-f1-sim/ws/install/eufs_msgs/include/eufs_msgs/eufs_msgs/msg/detail/slam_state__struct.h
[23.917s] -- Installing: /home/gera/Desktop/EUFS_FORK_CONTAINERIZED/eufs-f1-sim/ws/install/eufs_msgs/include/eufs_msgs/eufs_msgs/msg/detail/pure_pursuit_checkpoint_array_stamped__struct.h
[23.917s] -- Installing: /home/gera/Desktop/EUFS_FORK_CONTAINERIZED/eufs-f1-sim/ws/install/eufs_msgs/include/eufs_msgs/eufs_msgs/msg/detail/path_integral_timing__functions.c
[23.917s] -- Installing: /home/gera/Desktop/EUFS_FORK_CONTAINERIZED/eufs-f1-sim/ws/install/eufs_msgs/include/eufs_msgs/eufs_msgs/msg/detail/pure_pursuit_checkpoint__functions.h
[23.917s] -- Installing: /home/gera/Desktop/EUFS_FORK_CONTAINERIZED/eufs-f1-sim/ws/install/eufs_msgs/include/eufs_msgs/eufs_msgs/msg/detail/vehicle_commands_stamped__struct.h
[23.918s] -- Installing: /home/gera/Desktop/EUFS_FORK_CONTAINERIZED/eufs-f1-sim/ws/install/eufs_msgs/include/eufs_msgs/eufs_msgs/msg/detail/pure_pursuit_checkpoint_array_stamped__type_support.h
[23.918s] -- Installing: /home/gera/Desktop/EUFS_FORK_CONTAINERIZED/eufs-f1-sim/ws/install/eufs_msgs/include/eufs_msgs/eufs_msgs/msg/detail/cpu_status__functions.h
[23.918s] -- Installing: /home/gera/Desktop/EUFS_FORK_CONTAINERIZED/eufs-f1-sim/ws/install/eufs_msgs/include/eufs_msgs/eufs_msgs/msg/detail/oss__struct.h
[23.919s] -- Installing: /home/gera/Desktop/EUFS_FORK_CONTAINERIZED/eufs-f1-sim/ws/install/eufs_msgs/include/eufs_msgs/eufs_msgs/msg/detail/integration_err__functions.c
[23.919s] -- Installing: /home/gera/Desktop/EUFS_FORK_CONTAINERIZED/eufs-f1-sim/ws/install/eufs_msgs/include/eufs_msgs/eufs_msgs/msg/detail/particle_slam__functions.h
[23.919s] -- Installing: /home/gera/Desktop/EUFS_FORK_CONTAINERIZED/eufs-f1-sim/ws/install/eufs_msgs/include/eufs_msgs/eufs_msgs/msg/detail/particle_stamped__functions.h
[23.920s] -- Installing: /home/gera/Desktop/EUFS_FORK_CONTAINERIZED/eufs-f1-sim/ws/install/eufs_msgs/include/eufs_msgs/eufs_msgs/msg/detail/car_forces__struct.h
[23.920s] -- Installing: /home/gera/Desktop/EUFS_FORK_CONTAINERIZED/eufs-f1-sim/ws/install/eufs_msgs/include/eufs_msgs/eufs_msgs/msg/detail/lap_stats__struct.h
[23.920s] -- Installing: /home/gera/Desktop/EUFS_FORK_CONTAINERIZED/eufs-f1-sim/ws/install/eufs_msgs/include/eufs_msgs/eufs_msgs/msg/detail/vehicle_commands__type_support.h
[23.920s] -- Installing: /home/gera/Desktop/EUFS_FORK_CONTAINERIZED/eufs-f1-sim/ws/install/eufs_msgs/include/eufs_msgs/eufs_msgs/msg/detail/waypoint__struct.h
[23.921s] -- Installing: /home/gera/Desktop/EUFS_FORK_CONTAINERIZED/eufs-f1-sim/ws/install/eufs_msgs/include/eufs_msgs/eufs_msgs/msg/detail/vehicle_commands__functions.h
[23.921s] -- Installing: /home/gera/Desktop/EUFS_FORK_CONTAINERIZED/eufs-f1-sim/ws/install/eufs_msgs/include/eufs_msgs/eufs_msgs/msg/detail/vehicle_commands_stamped__functions.h
[23.921s] -- Installing: /home/gera/Desktop/EUFS_FORK_CONTAINERIZED/eufs-f1-sim/ws/install/eufs_msgs/include/eufs_msgs/eufs_msgs/msg/detail/ekf_err__functions.h
[23.922s] -- Installing: /home/gera/Desktop/EUFS_FORK_CONTAINERIZED/eufs-f1-sim/ws/install/eufs_msgs/include/eufs_msgs/eufs_msgs/msg/detail/cone_array__functions.h
[23.922s] -- Installing: /home/gera/Desktop/EUFS_FORK_CONTAINERIZED/eufs-f1-sim/ws/install/eufs_msgs/include/eufs_msgs/eufs_msgs/msg/detail/path_integral_stats__type_support.h
[23.922s] -- Installing: /home/gera/Desktop/EUFS_FORK_CONTAINERIZED/eufs-f1-sim/ws/install/eufs_msgs/include/eufs_msgs/eufs_msgs/msg/detail/cone_array__functions.c
[23.922s] -- Installing: /home/gera/Desktop/EUFS_FORK_CONTAINERIZED/eufs-f1-sim/ws/install/eufs_msgs/include/eufs_msgs/eufs_msgs/msg/detail/node_state__struct.h
[23.923s] -- Installing: /home/gera/Desktop/EUFS_FORK_CONTAINERIZED/eufs-f1-sim/ws/install/eufs_msgs/include/eufs_msgs/eufs_msgs/msg/detail/cone_association__functions.h
[23.923s] -- Installing: /home/gera/Desktop/EUFS_FORK_CONTAINERIZED/eufs-f1-sim/ws/install/eufs_msgs/include/eufs_msgs/eufs_msgs/msg/detail/wheel_speeds_stamped__struct.h
[23.924s] -- Installing: /home/gera/Desktop/EUFS_FORK_CONTAINERIZED/eufs-f1-sim/ws/install/eufs_msgs/include/eufs_msgs/eufs_msgs/msg/detail/slam_state__functions.h
[23.925s] -- Installing: /home/gera/Desktop/EUFS_FORK_CONTAINERIZED/eufs-f1-sim/ws/install/eufs_msgs/include/eufs_msgs/eufs_msgs/msg/detail/slam_err__type_support.h
[23.925s] -- Installing: /home/gera/Desktop/EUFS_FORK_CONTAINERIZED/eufs-f1-sim/ws/install/eufs_msgs/include/eufs_msgs/eufs_msgs/msg/detail/ekf_state__struct.h
[23.925s] -- Installing: /home/gera/Desktop/EUFS_FORK_CONTAINERIZED/eufs-f1-sim/ws/install/eufs_msgs/include/eufs_msgs/eufs_msgs/msg/detail/particle_stamped__struct.h
[23.925s] -- Installing: /home/gera/Desktop/EUFS_FORK_CONTAINERIZED/eufs-f1-sim/ws/install/eufs_msgs/include/eufs_msgs/eufs_msgs/msg/detail/path_integral_status__struct.h
[23.925s] -- Installing: /home/gera/Desktop/EUFS_FORK_CONTAINERIZED/eufs-f1-sim/ws/install/eufs_msgs/include/eufs_msgs/eufs_msgs/msg/detail/point_array__functions.h
[23.925s] -- Installing: /home/gera/Desktop/EUFS_FORK_CONTAINERIZED/eufs-f1-sim/ws/install/eufs_msgs/include/eufs_msgs/eufs_msgs/msg/detail/state_machine_state__type_support.h
[23.925s] -- Installing: /home/gera/Desktop/EUFS_FORK_CONTAINERIZED/eufs-f1-sim/ws/install/eufs_msgs/include/eufs_msgs/eufs_msgs/msg/detail/stereo_image__functions.h
[23.925s] -- Installing: /home/gera/Desktop/EUFS_FORK_CONTAINERIZED/eufs-f1-sim/ws/install/eufs_msgs/include/eufs_msgs/eufs_msgs/msg/detail/path_integral_params__functions.c
[23.925s] -- Installing: /home/gera/Desktop/EUFS_FORK_CONTAINERIZED/eufs-f1-sim/ws/install/eufs_msgs/include/eufs_msgs/eufs_msgs/msg/detail/cpu_status__type_support.h
[23.926s] -- Installing: /home/gera/Desktop/EUFS_FORK_CONTAINERIZED/eufs-f1-sim/ws/install/eufs_msgs/include/eufs_msgs/eufs_msgs/msg/detail/costmap__functions.c
[23.926s] -- Installing: /home/gera/Desktop/EUFS_FORK_CONTAINERIZED/eufs-f1-sim/ws/install/eufs_msgs/include/eufs_msgs/eufs_msgs/msg/detail/wheel_speeds__struct.h
[23.926s] -- Installing: /home/gera/Desktop/EUFS_FORK_CONTAINERIZED/eufs-f1-sim/ws/install/eufs_msgs/include/eufs_msgs/eufs_msgs/msg/detail/can_state__functions.h
[23.926s] -- Installing: /home/gera/Desktop/EUFS_FORK_CONTAINERIZED/eufs-f1-sim/ws/install/eufs_msgs/include/eufs_msgs/eufs_msgs/msg/detail/heartbeat__struct.h
[23.926s] -- Installing: /home/gera/Desktop/EUFS_FORK_CONTAINERIZED/eufs-f1-sim/ws/install/eufs_msgs/include/eufs_msgs/eufs_msgs/msg/detail/oss__functions.c
[23.926s] -- Installing: /home/gera/Desktop/EUFS_FORK_CONTAINERIZED/eufs-f1-sim/ws/install/eufs_msgs/include/eufs_msgs/eufs_msgs/msg/detail/cpu_status__functions.c
[23.926s] -- Installing: /home/gera/Desktop/EUFS_FORK_CONTAINERIZED/eufs-f1-sim/ws/install/eufs_msgs/include/eufs_msgs/eufs_msgs/msg/detail/runstop__functions.h
[23.926s] -- Installing: /home/gera/Desktop/EUFS_FORK_CONTAINERIZED/eufs-f1-sim/ws/install/eufs_msgs/include/eufs_msgs/eufs_msgs/msg/detail/planning_mode__type_support.h
[23.926s] -- Installing: /home/gera/Desktop/EUFS_FORK_CONTAINERIZED/eufs-f1-sim/ws/install/eufs_msgs/include/eufs_msgs/eufs_msgs/msg/detail/cone_association__struct.h
[23.926s] -- Installing: /home/gera/Desktop/EUFS_FORK_CONTAINERIZED/eufs-f1-sim/ws/install/eufs_msgs/include/eufs_msgs/eufs_msgs/msg/detail/vehicle_commands_stamped__functions.c
[23.926s] -- Installing: /home/gera/Desktop/EUFS_FORK_CONTAINERIZED/eufs-f1-sim/ws/install/eufs_msgs/include/eufs_msgs/eufs_msgs/msg/detail/node_state__type_support.h
[23.926s] -- Installing: /home/gera/Desktop/EUFS_FORK_CONTAINERIZED/eufs-f1-sim/ws/install/eufs_msgs/include/eufs_msgs/eufs_msgs/msg/detail/cone_with_color_probability_array__type_support.h
[23.926s] -- Installing: /home/gera/Desktop/EUFS_FORK_CONTAINERIZED/eufs-f1-sim/ws/install/eufs_msgs/include/eufs_msgs/eufs_msgs/msg/detail/waypoint_array_stamped__functions.c
[23.927s] -- Installing: /home/gera/Desktop/EUFS_FORK_CONTAINERIZED/eufs-f1-sim/ws/install/eufs_msgs/include/eufs_msgs/eufs_msgs/msg/detail/car_state__functions.c
[23.927s] -- Installing: /home/gera/Desktop/EUFS_FORK_CONTAINERIZED/eufs-f1-sim/ws/install/eufs_msgs/include/eufs_msgs/eufs_msgs/msg/detail/cone_with_covariance__functions.c
[23.927s] -- Installing: /home/gera/Desktop/EUFS_FORK_CONTAINERIZED/eufs-f1-sim/ws/install/eufs_msgs/include/eufs_msgs/eufs_msgs/msg/detail/runstop__struct.h
[23.928s] -- Installing: /home/gera/Desktop/EUFS_FORK_CONTAINERIZED/eufs-f1-sim/ws/install/eufs_msgs/include/eufs_msgs/eufs_msgs/msg/detail/can_state__functions.c
[23.928s] -- Installing: /home/gera/Desktop/EUFS_FORK_CONTAINERIZED/eufs-f1-sim/ws/install/eufs_msgs/include/eufs_msgs/eufs_msgs/msg/detail/particle__struct.h
[23.929s] -- Installing: /home/gera/Desktop/EUFS_FORK_CONTAINERIZED/eufs-f1-sim/ws/install/eufs_msgs/include/eufs_msgs/eufs_msgs/msg/detail/slam_state__functions.c
[23.929s] -- Installing: /home/gera/Desktop/EUFS_FORK_CONTAINERIZED/eufs-f1-sim/ws/install/eufs_msgs/include/eufs_msgs/eufs_msgs/msg/detail/heartbeat__functions.h
[23.930s] -- Installing: /home/gera/Desktop/EUFS_FORK_CONTAINERIZED/eufs-f1-sim/ws/install/eufs_msgs/include/eufs_msgs/eufs_msgs/msg/detail/particle_stamped__functions.c
[23.930s] -- Installing: /home/gera/Desktop/EUFS_FORK_CONTAINERIZED/eufs-f1-sim/ws/install/eufs_msgs/include/eufs_msgs/eufs_msgs/msg/detail/particle_slam__functions.c
[23.930s] -- Installing: /home/gera/Desktop/EUFS_FORK_CONTAINERIZED/eufs-f1-sim/ws/install/eufs_msgs/include/eufs_msgs/eufs_msgs/msg/detail/planning_mode__functions.c
[23.931s] -- Installing: /home/gera/Desktop/EUFS_FORK_CONTAINERIZED/eufs-f1-sim/ws/install/eufs_msgs/include/eufs_msgs/eufs_msgs/msg/detail/system_status__functions.h
[23.931s] -- Installing: /home/gera/Desktop/EUFS_FORK_CONTAINERIZED/eufs-f1-sim/ws/install/eufs_msgs/include/eufs_msgs/eufs_msgs/msg/detail/planning_mode__functions.h
[23.931s] -- Installing: /home/gera/Desktop/EUFS_FORK_CONTAINERIZED/eufs-f1-sim/ws/install/eufs_msgs/include/eufs_msgs/eufs_msgs/msg/detail/node_state__functions.c
[23.931s] -- Installing: /home/gera/Desktop/EUFS_FORK_CONTAINERIZED/eufs-f1-sim/ws/install/eufs_msgs/include/eufs_msgs/eufs_msgs/msg/detail/cone_association_array__functions.c
[23.932s] -- Installing: /home/gera/Desktop/EUFS_FORK_CONTAINERIZED/eufs-f1-sim/ws/install/eufs_msgs/include/eufs_msgs/eufs_msgs/msg/detail/vehicle_commands__struct.h
[23.932s] -- Installing: /home/gera/Desktop/EUFS_FORK_CONTAINERIZED/eufs-f1-sim/ws/install/eufs_msgs/include/eufs_msgs/eufs_msgs/msg/detail/full_state__struct.h
[23.932s] -- Installing: /home/gera/Desktop/EUFS_FORK_CONTAINERIZED/eufs-f1-sim/ws/install/eufs_msgs/include/eufs_msgs/eufs_msgs/msg/detail/cone_association_array__struct.h
[23.933s] -- Installing: /home/gera/Desktop/EUFS_FORK_CONTAINERIZED/eufs-f1-sim/ws/install/eufs_msgs/include/eufs_msgs/eufs_msgs/msg/detail/ekf_state__functions.h
[23.933s] -- Installing: /home/gera/Desktop/EUFS_FORK_CONTAINERIZED/eufs-f1-sim/ws/install/eufs_msgs/include/eufs_msgs/eufs_msgs/msg/detail/particle__functions.c
[23.936s] -- Installing: /home/gera/Desktop/EUFS_FORK_CONTAINERIZED/eufs-f1-sim/ws/install/eufs_msgs/include/eufs_msgs/eufs_msgs/msg/detail/pure_pursuit_checkpoint__type_support.h
[23.936s] -- Installing: /home/gera/Desktop/EUFS_FORK_CONTAINERIZED/eufs-f1-sim/ws/install/eufs_msgs/include/eufs_msgs/eufs_msgs/msg/detail/cone_with_color_probability_array__functions.c
[23.936s] -- Installing: /home/gera/Desktop/EUFS_FORK_CONTAINERIZED/eufs-f1-sim/ws/install/eufs_msgs/include/eufs_msgs/eufs_msgs/msg/detail/bounding_boxes__type_support.h
[23.937s] -- Installing: /home/gera/Desktop/EUFS_FORK_CONTAINERIZED/eufs-f1-sim/ws/install/eufs_msgs/include/eufs_msgs/eufs_msgs/msg/detail/particle__functions.h
[23.937s] -- Installing: /home/gera/Desktop/EUFS_FORK_CONTAINERIZED/eufs-f1-sim/ws/install/eufs_msgs/include/eufs_msgs/eufs_msgs/msg/detail/slam_err__functions.c
[23.937s] -- Installing: /home/gera/Desktop/EUFS_FORK_CONTAINERIZED/eufs-f1-sim/ws/install/eufs_msgs/include/eufs_msgs/eufs_msgs/msg/detail/cone_association_array_stamped__struct.h
[23.937s] -- Installing: /home/gera/Desktop/EUFS_FORK_CONTAINERIZED/eufs-f1-sim/ws/install/eufs_msgs/include/eufs_msgs/eufs_msgs/msg/detail/particle_slam_stamped__struct.h
[23.937s] -- Installing: /home/gera/Desktop/EUFS_FORK_CONTAINERIZED/eufs-f1-sim/ws/install/eufs_msgs/include/eufs_msgs/eufs_msgs/msg/detail/point_array_stamped__type_support.h
[23.937s] -- Installing: /home/gera/Desktop/EUFS_FORK_CONTAINERIZED/eufs-f1-sim/ws/install/eufs_msgs/include/eufs_msgs/eufs_msgs/msg/detail/slam_err__struct.h
[23.938s] -- Installing: /home/gera/Desktop/EUFS_FORK_CONTAINERIZED/eufs-f1-sim/ws/install/eufs_msgs/include/eufs_msgs/eufs_msgs/msg/detail/path_integral_status__type_support.h
[23.938s] -- Installing: /home/gera/Desktop/EUFS_FORK_CONTAINERIZED/eufs-f1-sim/ws/install/eufs_msgs/include/eufs_msgs/eufs_msgs/msg/detail/node_state_array__functions.h
[23.938s] -- Installing: /home/gera/Desktop/EUFS_FORK_CONTAINERIZED/eufs-f1-sim/ws/install/eufs_msgs/include/eufs_msgs/eufs_msgs/msg/detail/oss__type_support.h
[23.939s] -- Installing: /home/gera/Desktop/EUFS_FORK_CONTAINERIZED/eufs-f1-sim/ws/install/eufs_msgs/include/eufs_msgs/eufs_msgs/msg/detail/mpc_state__type_support.h
[23.939s] -- Installing: /home/gera/Desktop/EUFS_FORK_CONTAINERIZED/eufs-f1-sim/ws/install/eufs_msgs/include/eufs_msgs/eufs_msgs/msg/detail/cpu_usage__functions.c
[23.939s] -- Installing: /home/gera/Desktop/EUFS_FORK_CONTAINERIZED/eufs-f1-sim/ws/install/eufs_msgs/include/eufs_msgs/eufs_msgs/msg/detail/point_array__type_support.h
[23.939s] -- Installing: /home/gera/Desktop/EUFS_FORK_CONTAINERIZED/eufs-f1-sim/ws/install/eufs_msgs/include/eufs_msgs/eufs_msgs/msg/detail/path_integral_timing__functions.h
[23.939s] -- Installing: /home/gera/Desktop/EUFS_FORK_CONTAINERIZED/eufs-f1-sim/ws/install/eufs_msgs/include/eufs_msgs/eufs_msgs/msg/detail/cone_association_array_array_stamped__functions.c
[23.940s] -- Installing: /home/gera/Desktop/EUFS_FORK_CONTAINERIZED/eufs-f1-sim/ws/install/eufs_msgs/include/eufs_msgs/eufs_msgs/msg/detail/particle_slam_stamped__functions.c
[23.940s] -- Installing: /home/gera/Desktop/EUFS_FORK_CONTAINERIZED/eufs-f1-sim/ws/install/eufs_msgs/include/eufs_msgs/eufs_msgs/msg/detail/cone_with_color_probability__type_support.h
[23.941s] -- Installing: /home/gera/Desktop/EUFS_FORK_CONTAINERIZED/eufs-f1-sim/ws/install/eufs_msgs/include/eufs_msgs/eufs_msgs/msg/detail/can_state__struct.h
[23.941s] -- Installing: /home/gera/Desktop/EUFS_FORK_CONTAINERIZED/eufs-f1-sim/ws/install/eufs_msgs/include/eufs_msgs/eufs_msgs/msg/detail/cone_with_covariance__type_support.h
[23.941s] -- Installing: /home/gera/Desktop/EUFS_FORK_CONTAINERIZED/eufs-f1-sim/ws/install/eufs_msgs/include/eufs_msgs/eufs_msgs/msg/detail/chassis_command__functions.c
[23.941s] -- Installing: /home/gera/Desktop/EUFS_FORK_CONTAINERIZED/eufs-f1-sim/ws/install/eufs_msgs/include/eufs_msgs/eufs_msgs/msg/detail/path_integral_stats__struct.h
[23.941s] -- Installing: /home/gera/Desktop/EUFS_FORK_CONTAINERIZED/eufs-f1-sim/ws/install/eufs_msgs/include/eufs_msgs/eufs_msgs/msg/detail/bounding_box__struct.h
[23.941s] -- Installing: /home/gera/Desktop/EUFS_FORK_CONTAINERIZED/eufs-f1-sim/ws/install/eufs_msgs/include/eufs_msgs/eufs_msgs/msg/detail/particle_stamped__type_support.h
[23.941s] -- Installing: /home/gera/Desktop/EUFS_FORK_CONTAINERIZED/eufs-f1-sim/ws/install/eufs_msgs/include/eufs_msgs/eufs_msgs/msg/detail/point_array__functions.c
[23.941s] -- Installing: /home/gera/Desktop/EUFS_FORK_CONTAINERIZED/eufs-f1-sim/ws/install/eufs_msgs/include/eufs_msgs/eufs_msgs/msg/detail/cone_array__struct.h
[23.941s] -- Installing: /home/gera/Desktop/EUFS_FORK_CONTAINERIZED/eufs-f1-sim/ws/install/eufs_msgs/include/eufs_msgs/eufs_msgs/msg/detail/point_array__struct.h
[23.941s] -- Installing: /home/gera/Desktop/EUFS_FORK_CONTAINERIZED/eufs-f1-sim/ws/install/eufs_msgs/include/eufs_msgs/eufs_msgs/msg/detail/pure_pursuit_checkpoint__functions.c
[23.942s] -- Installing: /home/gera/Desktop/EUFS_FORK_CONTAINERIZED/eufs-f1-sim/ws/install/eufs_msgs/include/eufs_msgs/eufs_msgs/msg/detail/heartbeat__type_support.h
[23.942s] -- Installing: /home/gera/Desktop/EUFS_FORK_CONTAINERIZED/eufs-f1-sim/ws/install/eufs_msgs/include/eufs_msgs/eufs_msgs/msg/detail/pure_pursuit_checkpoint_array_stamped__functions.c
[23.942s] -- Installing: /home/gera/Desktop/EUFS_FORK_CONTAINERIZED/eufs-f1-sim/ws/install/eufs_msgs/include/eufs_msgs/eufs_msgs/msg/detail/cpu_status__struct.h
[23.942s] -- Installing: /home/gera/Desktop/EUFS_FORK_CONTAINERIZED/eufs-f1-sim/ws/install/eufs_msgs/include/eufs_msgs/eufs_msgs/msg/detail/costmap__type_support.h
[23.942s] -- Installing: /home/gera/Desktop/EUFS_FORK_CONTAINERIZED/eufs-f1-sim/ws/install/eufs_msgs/include/eufs_msgs/eufs_msgs/msg/detail/wheel_odometry_err__type_support.h
[23.943s] -- Installing: /home/gera/Desktop/EUFS_FORK_CONTAINERIZED/eufs-f1-sim/ws/install/eufs_msgs/include/eufs_msgs/eufs_msgs/msg/detail/slam_err__functions.h
[23.944s] -- Installing: /home/gera/Desktop/EUFS_FORK_CONTAINERIZED/eufs-f1-sim/ws/install/eufs_msgs/include/eufs_msgs/eufs_msgs/msg/detail/topic_status__type_support.h
[23.945s] -- Installing: /home/gera/Desktop/EUFS_FORK_CONTAINERIZED/eufs-f1-sim/ws/install/eufs_msgs/include/eufs_msgs/eufs_msgs/msg/detail/stereo_image__struct.h
[23.945s] -- Installing: /home/gera/Desktop/EUFS_FORK_CONTAINERIZED/eufs-f1-sim/ws/install/eufs_msgs/include/eufs_msgs/eufs_msgs/msg/detail/stereo_image__type_support.h
[23.945s] -- Installing: /home/gera/Desktop/EUFS_FORK_CONTAINERIZED/eufs-f1-sim/ws/install/eufs_msgs/include/eufs_msgs/eufs_msgs/msg/detail/cone_association_array_array_stamped__struct.h
[23.945s] -- Installing: /home/gera/Desktop/EUFS_FORK_CONTAINERIZED/eufs-f1-sim/ws/install/eufs_msgs/include/eufs_msgs/eufs_msgs/msg/detail/state_machine_state__struct.h
[23.945s] -- Installing: /home/gera/Desktop/EUFS_FORK_CONTAINERIZED/eufs-f1-sim/ws/install/eufs_msgs/include/eufs_msgs/eufs_msgs/msg/detail/path_integral_params__functions.h
[23.945s] -- Installing: /home/gera/Desktop/EUFS_FORK_CONTAINERIZED/eufs-f1-sim/ws/install/eufs_msgs/include/eufs_msgs/eufs_msgs/msg/detail/bounding_box__functions.c
[23.945s] -- Installing: /home/gera/Desktop/EUFS_FORK_CONTAINERIZED/eufs-f1-sim/ws/install/eufs_msgs/include/eufs_msgs/eufs_msgs/msg/detail/cone_array_with_covariance__functions.h
[23.946s] -- Installing: /home/gera/Desktop/EUFS_FORK_CONTAINERIZED/eufs-f1-sim/ws/install/eufs_msgs/include/eufs_msgs/eufs_msgs/msg/detail/integration_err__functions.h
[23.946s] -- Installing: /home/gera/Desktop/EUFS_FORK_CONTAINERIZED/eufs-f1-sim/ws/install/eufs_msgs/include/eufs_msgs/eufs_msgs/msg/detail/cone_association_array__type_support.h
[23.946s] -- Installing: /home/gera/Desktop/EUFS_FORK_CONTAINERIZED/eufs-f1-sim/ws/install/eufs_msgs/include/eufs_msgs/eufs_msgs/msg/detail/cone_association_array_stamped__type_support.h
[23.946s] -- Installing: /home/gera/Desktop/EUFS_FORK_CONTAINERIZED/eufs-f1-sim/ws/install/eufs_msgs/include/eufs_msgs/eufs_msgs/msg/detail/full_state__type_support.h
[23.946s] -- Installing: /home/gera/Desktop/EUFS_FORK_CONTAINERIZED/eufs-f1-sim/ws/install/eufs_msgs/include/eufs_msgs/eufs_msgs/msg/detail/runstop__functions.c
[23.946s] -- Installing: /home/gera/Desktop/EUFS_FORK_CONTAINERIZED/eufs-f1-sim/ws/install/eufs_msgs/include/eufs_msgs/eufs_msgs/msg/detail/cpu_usage__functions.h
[23.946s] -- Installing: /home/gera/Desktop/EUFS_FORK_CONTAINERIZED/eufs-f1-sim/ws/install/eufs_msgs/include/eufs_msgs/eufs_msgs/msg/detail/cone_array__type_support.h
[23.946s] -- Installing: /home/gera/Desktop/EUFS_FORK_CONTAINERIZED/eufs-f1-sim/ws/install/eufs_msgs/include/eufs_msgs/eufs_msgs/msg/detail/waypoint_array_stamped__struct.h
[23.946s] -- Installing: /home/gera/Desktop/EUFS_FORK_CONTAINERIZED/eufs-f1-sim/ws/install/eufs_msgs/include/eufs_msgs/eufs_msgs/msg/detail/waypoint_array_stamped__type_support.h
[23.946s] -- Installing: /home/gera/Desktop/EUFS_FORK_CONTAINERIZED/eufs-f1-sim/ws/install/eufs_msgs/include/eufs_msgs/eufs_msgs/msg/detail/topic_status__functions.c
[23.946s] -- Installing: /home/gera/Desktop/EUFS_FORK_CONTAINERIZED/eufs-f1-sim/ws/install/eufs_msgs/include/eufs_msgs/eufs_msgs/msg/detail/chassis_command__type_support.h
[23.946s] -- Installing: /home/gera/Desktop/EUFS_FORK_CONTAINERIZED/eufs-f1-sim/ws/install/eufs_msgs/include/eufs_msgs/eufs_msgs/msg/detail/chassis_state__functions.c
[23.946s] -- Installing: /home/gera/Desktop/EUFS_FORK_CONTAINERIZED/eufs-f1-sim/ws/install/eufs_msgs/include/eufs_msgs/eufs_msgs/msg/detail/integration_err__struct.h
[23.946s] -- Installing: /home/gera/Desktop/EUFS_FORK_CONTAINERIZED/eufs-f1-sim/ws/install/eufs_msgs/include/eufs_msgs/eufs_msgs/msg/detail/pure_pursuit_checkpoint__struct.h
[23.946s] -- Installing: /home/gera/Desktop/EUFS_FORK_CONTAINERIZED/eufs-f1-sim/ws/install/eufs_msgs/include/eufs_msgs/eufs_msgs/msg/detail/cone_association_array_stamped__functions.c
[23.946s] -- Installing: /home/gera/Desktop/EUFS_FORK_CONTAINERIZED/eufs-f1-sim/ws/install/eufs_msgs/include/eufs_msgs/eufs_msgs/msg/detail/bounding_boxes__functions.c
[23.947s] -- Installing: /home/gera/Desktop/EUFS_FORK_CONTAINERIZED/eufs-f1-sim/ws/install/eufs_msgs/include/eufs_msgs/eufs_msgs/msg/detail/car_state__type_support.h
[23.947s] -- Installing: /home/gera/Desktop/EUFS_FORK_CONTAINERIZED/eufs-f1-sim/ws/install/eufs_msgs/include/eufs_msgs/eufs_msgs/msg/detail/chassis_command__struct.h
[23.947s] -- Installing: /home/gera/Desktop/EUFS_FORK_CONTAINERIZED/eufs-f1-sim/ws/install/eufs_msgs/include/eufs_msgs/eufs_msgs/msg/detail/stereo_image__functions.c
[23.947s] -- Installing: /home/gera/Desktop/EUFS_FORK_CONTAINERIZED/eufs-f1-sim/ws/install/eufs_msgs/include/eufs_msgs/eufs_msgs/msg/detail/cone_array_with_covariance__functions.c
[23.947s] -- Installing: /home/gera/Desktop/EUFS_FORK_CONTAINERIZED/eufs-f1-sim/ws/install/eufs_msgs/include/eufs_msgs/eufs_msgs/msg/detail/path_integral_status__functions.c
[23.947s] -- Installing: /home/gera/Desktop/EUFS_FORK_CONTAINERIZED/eufs-f1-sim/ws/install/eufs_msgs/include/eufs_msgs/eufs_msgs/msg/detail/mpc_state__struct.h
[23.947s] -- Installing: /home/gera/Desktop/EUFS_FORK_CONTAINERIZED/eufs-f1-sim/ws/install/eufs_msgs/include/eufs_msgs/eufs_msgs/msg/detail/wheel_speeds_stamped__functions.h
[23.947s] -- Installing: /home/gera/Desktop/EUFS_FORK_CONTAINERIZED/eufs-f1-sim/ws/install/eufs_msgs/include/eufs_msgs/eufs_msgs/msg/detail/wheel_odometry_err__functions.h
[23.947s] -- Installing: /home/gera/Desktop/EUFS_FORK_CONTAINERIZED/eufs-f1-sim/ws/install/eufs_msgs/include/eufs_msgs/eufs_msgs/msg/detail/node_state__functions.h
[23.947s] -- Installing: /home/gera/Desktop/EUFS_FORK_CONTAINERIZED/eufs-f1-sim/ws/install/eufs_msgs/include/eufs_msgs/eufs_msgs/msg/detail/cone_array_with_covariance__struct.h
[23.947s] -- Installing: /home/gera/Desktop/EUFS_FORK_CONTAINERIZED/eufs-f1-sim/ws/install/eufs_msgs/include/eufs_msgs/eufs_msgs/msg/detail/particle_slam_stamped__functions.h
[23.947s] -- Installing: /home/gera/Desktop/EUFS_FORK_CONTAINERIZED/eufs-f1-sim/ws/install/eufs_msgs/include/eufs_msgs/eufs_msgs/msg/detail/wheel_odometry_err__functions.c
[23.947s] -- Installing: /home/gera/Desktop/EUFS_FORK_CONTAINERIZED/eufs-f1-sim/ws/install/eufs_msgs/include/eufs_msgs/eufs_msgs/msg/detail/car_forces__functions.c
[23.948s] -- Installing: /home/gera/Desktop/EUFS_FORK_CONTAINERIZED/eufs-f1-sim/ws/install/eufs_msgs/include/eufs_msgs/eufs_msgs/msg/detail/point_array_stamped__struct.h
[23.948s] -- Installing: /home/gera/Desktop/EUFS_FORK_CONTAINERIZED/eufs-f1-sim/ws/install/eufs_msgs/include/eufs_msgs/eufs_msgs/msg/detail/topic_status__functions.h
[23.948s] -- Installing: /home/gera/Desktop/EUFS_FORK_CONTAINERIZED/eufs-f1-sim/ws/install/eufs_msgs/include/eufs_msgs/eufs_msgs/msg/detail/runstop__type_support.h
[23.948s] -- Installing: /home/gera/Desktop/EUFS_FORK_CONTAINERIZED/eufs-f1-sim/ws/install/eufs_msgs/include/eufs_msgs/eufs_msgs/msg/detail/particle__type_support.h
[23.948s] -- Installing: /home/gera/Desktop/EUFS_FORK_CONTAINERIZED/eufs-f1-sim/ws/install/eufs_msgs/include/eufs_msgs/eufs_msgs/msg/detail/mpc_state__functions.h
[23.948s] -- Installing: /home/gera/Desktop/EUFS_FORK_CONTAINERIZED/eufs-f1-sim/ws/install/eufs_msgs/include/eufs_msgs/eufs_msgs/msg/detail/cpu_usage__struct.h
[23.948s] -- Installing: /home/gera/Desktop/EUFS_FORK_CONTAINERIZED/eufs-f1-sim/ws/install/eufs_msgs/include/eufs_msgs/eufs_msgs/msg/detail/lap_stats__functions.h
[23.948s] -- Installing: /home/gera/Desktop/EUFS_FORK_CONTAINERIZED/eufs-f1-sim/ws/install/eufs_msgs/include/eufs_msgs/eufs_msgs/msg/detail/path_integral_params__type_support.h
[23.948s] -- Installing: /home/gera/Desktop/EUFS_FORK_CONTAINERIZED/eufs-f1-sim/ws/install/eufs_msgs/include/eufs_msgs/eufs_msgs/msg/detail/wheel_speeds__functions.c
[23.948s] -- Installing: /home/gera/Desktop/EUFS_FORK_CONTAINERIZED/eufs-f1-sim/ws/install/eufs_msgs/include/eufs_msgs/eufs_msgs/msg/detail/car_state__struct.h
[23.948s] -- Installing: /home/gera/Desktop/EUFS_FORK_CONTAINERIZED/eufs-f1-sim/ws/install/eufs_msgs/include/eufs_msgs/eufs_msgs/msg/detail/path_integral_params__struct.h
[23.948s] -- Installing: /home/gera/Desktop/EUFS_FORK_CONTAINERIZED/eufs-f1-sim/ws/install/eufs_msgs/include/eufs_msgs/eufs_msgs/msg/detail/cone_with_color_probability_array__functions.h
[23.949s] -- Installing: /home/gera/Desktop/EUFS_FORK_CONTAINERIZED/eufs-f1-sim/ws/install/eufs_msgs/include/eufs_msgs/eufs_msgs/msg/detail/wheel_speeds__type_support.h
[23.950s] -- Installing: /home/gera/Desktop/EUFS_FORK_CONTAINERIZED/eufs-f1-sim/ws/install/eufs_msgs/include/eufs_msgs/eufs_msgs/msg/detail/state_machine_state__functions.c
[23.950s] -- Installing: /home/gera/Desktop/EUFS_FORK_CONTAINERIZED/eufs-f1-sim/ws/install/eufs_msgs/include/eufs_msgs/eufs_msgs/msg/detail/wheel_speeds__functions.h
[23.951s] -- Installing: /home/gera/Desktop/EUFS_FORK_CONTAINERIZED/eufs-f1-sim/ws/install/eufs_msgs/include/eufs_msgs/eufs_msgs/msg/detail/pure_pursuit_checkpoint_array_stamped__functions.h
[23.951s] -- Installing: /home/gera/Desktop/EUFS_FORK_CONTAINERIZED/eufs-f1-sim/ws/install/eufs_msgs/include/eufs_msgs/eufs_msgs/msg/detail/full_state__functions.c
[23.952s] -- Installing: /home/gera/Desktop/EUFS_FORK_CONTAINERIZED/eufs-f1-sim/ws/install/eufs_msgs/include/eufs_msgs/eufs_msgs/msg/detail/node_state_array__functions.c
[23.952s] -- Installing: /home/gera/Desktop/EUFS_FORK_CONTAINERIZED/eufs-f1-sim/ws/install/eufs_msgs/include/eufs_msgs/eufs_msgs/msg/detail/waypoint__type_support.h
[23.952s] -- Installing: /home/gera/Desktop/EUFS_FORK_CONTAINERIZED/eufs-f1-sim/ws/install/eufs_msgs/include/eufs_msgs/eufs_msgs/msg/detail/waypoint__functions.h
[23.953s] -- Installing: /home/gera/Desktop/EUFS_FORK_CONTAINERIZED/eufs-f1-sim/ws/install/eufs_msgs/include/eufs_msgs/eufs_msgs/msg/detail/waypoint_array_stamped__functions.h
[23.953s] -- Installing: /home/gera/Desktop/EUFS_FORK_CONTAINERIZED/eufs-f1-sim/ws/install/eufs_msgs/include/eufs_msgs/eufs_msgs/msg/detail/bounding_boxes__functions.h
[23.953s] -- Installing: /home/gera/Desktop/EUFS_FORK_CONTAINERIZED/eufs-f1-sim/ws/install/eufs_msgs/include/eufs_msgs/eufs_msgs/msg/detail/waypoint__functions.c
[23.953s] -- Installing: /home/gera/Desktop/EUFS_FORK_CONTAINERIZED/eufs-f1-sim/ws/install/eufs_msgs/include/eufs_msgs/eufs_msgs/msg/detail/cone_with_color_probability__functions.h
[23.954s] -- Installing: /home/gera/Desktop/EUFS_FORK_CONTAINERIZED/eufs-f1-sim/ws/install/eufs_msgs/include/eufs_msgs/eufs_msgs/msg/detail/can_state__type_support.h
[23.954s] -- Installing: /home/gera/Desktop/EUFS_FORK_CONTAINERIZED/eufs-f1-sim/ws/install/eufs_msgs/include/eufs_msgs/eufs_msgs/msg/detail/point_array_stamped__functions.h
[23.954s] -- Installing: /home/gera/Desktop/EUFS_FORK_CONTAINERIZED/eufs-f1-sim/ws/install/eufs_msgs/include/eufs_msgs/eufs_msgs/msg/detail/bounding_boxes__struct.h
[23.955s] -- Installing: /home/gera/Desktop/EUFS_FORK_CONTAINERIZED/eufs-f1-sim/ws/install/eufs_msgs/include/eufs_msgs/eufs_msgs/msg/detail/path_integral_stats__functions.c
[23.955s] -- Installing: /home/gera/Desktop/EUFS_FORK_CONTAINERIZED/eufs-f1-sim/ws/install/eufs_msgs/include/eufs_msgs/eufs_msgs/msg/detail/cone_association_array_array_stamped__functions.h
[23.955s] -- Installing: /home/gera/Desktop/EUFS_FORK_CONTAINERIZED/eufs-f1-sim/ws/install/eufs_msgs/include/eufs_msgs/eufs_msgs/msg/detail/wheel_speeds_stamped__type_support.h
[23.956s] -- Installing: /home/gera/Desktop/EUFS_FORK_CONTAINERIZED/eufs-f1-sim/ws/install/eufs_msgs/include/eufs_msgs/eufs_msgs/msg/detail/cone_association_array__functions.h
[23.956s] -- Installing: /home/gera/Desktop/EUFS_FORK_CONTAINERIZED/eufs-f1-sim/ws/install/eufs_msgs/include/eufs_msgs/eufs_msgs/msg/detail/path_integral_timing__type_support.h
[23.957s] -- Installing: /home/gera/Desktop/EUFS_FORK_CONTAINERIZED/eufs-f1-sim/ws/install/eufs_msgs/include/eufs_msgs/eufs_msgs/msg/detail/car_forces__type_support.h
[23.957s] -- Installing: /home/gera/Desktop/EUFS_FORK_CONTAINERIZED/eufs-f1-sim/ws/install/eufs_msgs/include/eufs_msgs/eufs_msgs/msg/detail/slam_state__type_support.h
[23.957s] -- Installing: /home/gera/Desktop/EUFS_FORK_CONTAINERIZED/eufs-f1-sim/ws/install/eufs_msgs/include/eufs_msgs/eufs_msgs/msg/detail/point_array_stamped__functions.c
[23.957s] -- Installing: /home/gera/Desktop/EUFS_FORK_CONTAINERIZED/eufs-f1-sim/ws/install/eufs_msgs/include/eufs_msgs/eufs_msgs/msg/detail/node_state_array__type_support.h
[23.958s] -- Installing: /home/gera/Desktop/EUFS_FORK_CONTAINERIZED/eufs-f1-sim/ws/install/eufs_msgs/include/eufs_msgs/eufs_msgs/msg/detail/cone_with_color_probability__functions.c
[23.958s] -- Installing: /home/gera/Desktop/EUFS_FORK_CONTAINERIZED/eufs-f1-sim/ws/install/eufs_msgs/include/eufs_msgs/eufs_msgs/msg/detail/integration_err__type_support.h
[23.958s] -- Installing: /home/gera/Desktop/EUFS_FORK_CONTAINERIZED/eufs-f1-sim/ws/install/eufs_msgs/include/eufs_msgs/eufs_msgs/msg/detail/cone_with_covariance__struct.h
[23.958s] -- Installing: /home/gera/Desktop/EUFS_FORK_CONTAINERIZED/eufs-f1-sim/ws/install/eufs_msgs/include/eufs_msgs/eufs_msgs/msg/detail/vehicle_commands_stamped__type_support.h
[23.958s] -- Installing: /home/gera/Desktop/EUFS_FORK_CONTAINERIZED/eufs-f1-sim/ws/install/eufs_msgs/include/eufs_msgs/eufs_msgs/msg/detail/path_integral_stats__functions.h
[23.959s] -- Installing: /home/gera/Desktop/EUFS_FORK_CONTAINERIZED/eufs-f1-sim/ws/install/eufs_msgs/include/eufs_msgs/eufs_msgs/msg/detail/lap_stats__type_support.h
[23.959s] -- Installing: /home/gera/Desktop/EUFS_FORK_CONTAINERIZED/eufs-f1-sim/ws/install/eufs_msgs/include/eufs_msgs/eufs_msgs/msg/detail/car_state__functions.h
[23.959s] -- Installing: /home/gera/Desktop/EUFS_FORK_CONTAINERIZED/eufs-f1-sim/ws/install/eufs_msgs/include/eufs_msgs/eufs_msgs/msg/detail/ekf_err__type_support.h
[23.959s] -- Installing: /home/gera/Desktop/EUFS_FORK_CONTAINERIZED/eufs-f1-sim/ws/install/eufs_msgs/include/eufs_msgs/eufs_msgs/msg/detail/oss__functions.h
[23.959s] -- Installing: /home/gera/Desktop/EUFS_FORK_CONTAINERIZED/eufs-f1-sim/ws/install/eufs_msgs/include/eufs_msgs/eufs_msgs/msg/detail/ekf_state__functions.c
[23.959s] -- Installing: /home/gera/Desktop/EUFS_FORK_CONTAINERIZED/eufs-f1-sim/ws/install/eufs_msgs/include/eufs_msgs/eufs_msgs/msg/detail/ekf_err__functions.c
[23.959s] -- Installing: /home/gera/Desktop/EUFS_FORK_CONTAINERIZED/eufs-f1-sim/ws/install/eufs_msgs/include/eufs_msgs/eufs_msgs/msg/detail/cone_association__type_support.h
[23.959s] -- Installing: /home/gera/Desktop/EUFS_FORK_CONTAINERIZED/eufs-f1-sim/ws/install/eufs_msgs/include/eufs_msgs/eufs_msgs/msg/detail/bounding_box__type_support.h
[23.960s] -- Installing: /home/gera/Desktop/EUFS_FORK_CONTAINERIZED/eufs-f1-sim/ws/install/eufs_msgs/include/eufs_msgs/eufs_msgs/msg/detail/path_integral_status__functions.h
[23.960s] -- Installing: /home/gera/Desktop/EUFS_FORK_CONTAINERIZED/eufs-f1-sim/ws/install/eufs_msgs/include/eufs_msgs/eufs_msgs/msg/detail/cpu_usage__type_support.h
[23.960s] -- Installing: /home/gera/Desktop/EUFS_FORK_CONTAINERIZED/eufs-f1-sim/ws/install/eufs_msgs/include/eufs_msgs/eufs_msgs/msg/detail/system_status__type_support.h
[23.960s] -- Installing: /home/gera/Desktop/EUFS_FORK_CONTAINERIZED/eufs-f1-sim/ws/install/eufs_msgs/include/eufs_msgs/eufs_msgs/msg/detail/particle_slam_stamped__type_support.h
[23.960s] -- Installing: /home/gera/Desktop/EUFS_FORK_CONTAINERIZED/eufs-f1-sim/ws/install/eufs_msgs/include/eufs_msgs/eufs_msgs/msg/detail/vehicle_commands__functions.c
[23.960s] -- Installing: /home/gera/Desktop/EUFS_FORK_CONTAINERIZED/eufs-f1-sim/ws/install/eufs_msgs/include/eufs_msgs/eufs_msgs/msg/detail/chassis_state__struct.h
[23.960s] -- Installing: /home/gera/Desktop/EUFS_FORK_CONTAINERIZED/eufs-f1-sim/ws/install/eufs_msgs/include/eufs_msgs/eufs_msgs/msg/detail/cone_with_color_probability_array__struct.h
[23.960s] -- Installing: /home/gera/Desktop/EUFS_FORK_CONTAINERIZED/eufs-f1-sim/ws/install/eufs_msgs/include/eufs_msgs/eufs_msgs/msg/detail/cone_with_color_probability__struct.h
[23.960s] -- Installing: /home/gera/Desktop/EUFS_FORK_CONTAINERIZED/eufs-f1-sim/ws/install/eufs_msgs/include/eufs_msgs/eufs_msgs/msg/detail/lap_stats__functions.c
[23.960s] -- Installing: /home/gera/Desktop/EUFS_FORK_CONTAINERIZED/eufs-f1-sim/ws/install/eufs_msgs/include/eufs_msgs/eufs_msgs/msg/detail/system_status__struct.h
[23.960s] -- Installing: /home/gera/Desktop/EUFS_FORK_CONTAINERIZED/eufs-f1-sim/ws/install/eufs_msgs/include/eufs_msgs/eufs_msgs/msg/detail/topic_status__struct.h
[23.960s] -- Installing: /home/gera/Desktop/EUFS_FORK_CONTAINERIZED/eufs-f1-sim/ws/install/eufs_msgs/include/eufs_msgs/eufs_msgs/msg/detail/particle_slam__type_support.h
[23.961s] -- Installing: /home/gera/Desktop/EUFS_FORK_CONTAINERIZED/eufs-f1-sim/ws/install/eufs_msgs/include/eufs_msgs/eufs_msgs/msg/detail/system_status__functions.c
[23.961s] -- Installing: /home/gera/Desktop/EUFS_FORK_CONTAINERIZED/eufs-f1-sim/ws/install/eufs_msgs/include/eufs_msgs/eufs_msgs/msg/detail/planning_mode__struct.h
[23.961s] -- Installing: /home/gera/Desktop/EUFS_FORK_CONTAINERIZED/eufs-f1-sim/ws/install/eufs_msgs/include/eufs_msgs/eufs_msgs/msg/detail/chassis_command__functions.h
[23.961s] -- Installing: /home/gera/Desktop/EUFS_FORK_CONTAINERIZED/eufs-f1-sim/ws/install/eufs_msgs/include/eufs_msgs/eufs_msgs/msg/detail/chassis_state__functions.h
[23.961s] -- Installing: /home/gera/Desktop/EUFS_FORK_CONTAINERIZED/eufs-f1-sim/ws/install/eufs_msgs/include/eufs_msgs/eufs_msgs/msg/detail/node_state_array__struct.h
[23.961s] -- Installing: /home/gera/Desktop/EUFS_FORK_CONTAINERIZED/eufs-f1-sim/ws/install/eufs_msgs/include/eufs_msgs/eufs_msgs/msg/detail/wheel_odometry_err__struct.h
[23.961s] -- Installing: /home/gera/Desktop/EUFS_FORK_CONTAINERIZED/eufs-f1-sim/ws/install/eufs_msgs/include/eufs_msgs/eufs_msgs/msg/detail/state_machine_state__functions.h
[23.961s] -- Installing: /home/gera/Desktop/EUFS_FORK_CONTAINERIZED/eufs-f1-sim/ws/install/eufs_msgs/include/eufs_msgs/eufs_msgs/msg/detail/cone_association_array_array_stamped__type_support.h
[23.961s] -- Installing: /home/gera/Desktop/EUFS_FORK_CONTAINERIZED/eufs-f1-sim/ws/install/eufs_msgs/include/eufs_msgs/eufs_msgs/msg/detail/full_state__functions.h
[23.961s] -- Installing: /home/gera/Desktop/EUFS_FORK_CONTAINERIZED/eufs-f1-sim/ws/install/eufs_msgs/include/eufs_msgs/eufs_msgs/msg/car_state.h
[23.961s] -- Installing: /home/gera/Desktop/EUFS_FORK_CONTAINERIZED/eufs-f1-sim/ws/install/eufs_msgs/include/eufs_msgs/eufs_msgs/msg/node_state.h
[23.962s] -- Installing: /home/gera/Desktop/EUFS_FORK_CONTAINERIZED/eufs-f1-sim/ws/install/eufs_msgs/include/eufs_msgs/eufs_msgs/msg/full_state.h
[23.962s] -- Installing: /home/gera/Desktop/EUFS_FORK_CONTAINERIZED/eufs-f1-sim/ws/install/eufs_msgs/include/eufs_msgs/eufs_msgs/msg/cpu_usage.h
[23.962s] -- Installing: /home/gera/Desktop/EUFS_FORK_CONTAINERIZED/eufs-f1-sim/ws/install/eufs_msgs/include/eufs_msgs/eufs_msgs/msg/integration_err.h
[23.962s] -- Installing: /home/gera/Desktop/EUFS_FORK_CONTAINERIZED/eufs-f1-sim/ws/install/eufs_msgs/include/eufs_msgs/eufs_msgs/msg/mpc_state.h
[23.962s] -- Installing: /home/gera/Desktop/EUFS_FORK_CONTAINERIZED/eufs-f1-sim/ws/install/eufs_msgs/include/eufs_msgs/eufs_msgs/msg/planning_mode.h
[23.962s] -- Installing: /home/gera/Desktop/EUFS_FORK_CONTAINERIZED/eufs-f1-sim/ws/install/eufs_msgs/include/eufs_msgs/eufs_msgs/msg/waypoint.h
[23.962s] -- Installing: /home/gera/Desktop/EUFS_FORK_CONTAINERIZED/eufs-f1-sim/ws/install/eufs_msgs/include/eufs_msgs/eufs_msgs/msg/can_state.h
[23.962s] -- Installing: /home/gera/Desktop/EUFS_FORK_CONTAINERIZED/eufs-f1-sim/ws/install/eufs_msgs/include/eufs_msgs/eufs_msgs/msg/chassis_state.h
[23.962s] -- Installing: /home/gera/Desktop/EUFS_FORK_CONTAINERIZED/eufs-f1-sim/ws/install/eufs_msgs/include/eufs_msgs/eufs_msgs/msg/wheel_odometry_err.h
[23.962s] -- Installing: /home/gera/Desktop/EUFS_FORK_CONTAINERIZED/eufs-f1-sim/ws/install/eufs_msgs/include/eufs_msgs/eufs_msgs/msg/state_machine_state.h
[23.962s] -- Installing: /home/gera/Desktop/EUFS_FORK_CONTAINERIZED/eufs-f1-sim/ws/install/eufs_msgs/include/eufs_msgs/eufs_msgs/msg/costmap.h
[23.962s] -- Installing: /home/gera/Desktop/EUFS_FORK_CONTAINERIZED/eufs-f1-sim/ws/install/eufs_msgs/include/eufs_msgs/eufs_msgs/msg/cpu_status.h
[23.962s] -- Installing: /home/gera/Desktop/EUFS_FORK_CONTAINERIZED/eufs-f1-sim/ws/install/eufs_msgs/include/eufs_msgs/eufs_msgs/msg/bounding_box.h
[23.963s] -- Installing: /home/gera/Desktop/EUFS_FORK_CONTAINERIZED/eufs-f1-sim/ws/install/eufs_msgs/include/eufs_msgs/eufs_msgs/msg/cone_association_array.h
[23.963s] -- Installing: /home/gera/Desktop/EUFS_FORK_CONTAINERIZED/eufs-f1-sim/ws/install/eufs_msgs/include/eufs_msgs/eufs_msgs/msg/lap_stats.h
[23.963s] -- Installing: /home/gera/Desktop/EUFS_FORK_CONTAINERIZED/eufs-f1-sim/ws/install/eufs_msgs/include/eufs_msgs/eufs_msgs/msg/system_status.h
[23.963s] -- Installing: /home/gera/Desktop/EUFS_FORK_CONTAINERIZED/eufs-f1-sim/ws/install/eufs_msgs/include/eufs_msgs/eufs_msgs/msg/particle.h
[23.963s] -- Installing: /home/gera/Desktop/EUFS_FORK_CONTAINERIZED/eufs-f1-sim/ws/install/eufs_msgs/include/eufs_msgs/eufs_msgs/msg/vehicle_commands_stamped.h
[23.963s] -- Installing: /home/gera/Desktop/EUFS_FORK_CONTAINERIZED/eufs-f1-sim/ws/install/eufs_msgs/include/eufs_msgs/eufs_msgs/msg/rosidl_generator_c__visibility_control.h
[23.963s] -- Installing: /home/gera/Desktop/EUFS_FORK_CONTAINERIZED/eufs-f1-sim/ws/install/eufs_msgs/include/eufs_msgs/eufs_msgs/msg/particle_slam_stamped.h
[23.963s] -- Installing: /home/gera/Desktop/EUFS_FORK_CONTAINERIZED/eufs-f1-sim/ws/install/eufs_msgs/include/eufs_msgs/eufs_msgs/msg/cone_association.h
[23.963s] -- Installing: /home/gera/Desktop/EUFS_FORK_CONTAINERIZED/eufs-f1-sim/ws/install/eufs_msgs/include/eufs_msgs/eufs_msgs/msg/path_integral_params.h
[23.963s] -- Installing: /home/gera/Desktop/EUFS_FORK_CONTAINERIZED/eufs-f1-sim/ws/install/eufs_msgs/include/eufs_msgs/eufs_msgs/msg/pure_pursuit_checkpoint_array_stamped.h
[23.963s] -- Installing: /home/gera/Desktop/EUFS_FORK_CONTAINERIZED/eufs-f1-sim/ws/install/eufs_msgs/include/eufs_msgs/eufs_msgs/msg/cone_array_with_covariance.h
[23.963s] -- Installing: /home/gera/Desktop/EUFS_FORK_CONTAINERIZED/eufs-f1-sim/ws/install/eufs_msgs/include/eufs_msgs/eufs_msgs/msg/heartbeat.h
[23.963s] -- Installing: /home/gera/Desktop/EUFS_FORK_CONTAINERIZED/eufs-f1-sim/ws/install/eufs_msgs/include/eufs_msgs/eufs_msgs/msg/pure_pursuit_checkpoint.h
[23.964s] -- Installing: /home/gera/Desktop/EUFS_FORK_CONTAINERIZED/eufs-f1-sim/ws/install/eufs_msgs/include/eufs_msgs/eufs_msgs/msg/node_state_array.h
[23.964s] -- Installing: /home/gera/Desktop/EUFS_FORK_CONTAINERIZED/eufs-f1-sim/ws/install/eufs_msgs/include/eufs_msgs/eufs_msgs/msg/waypoint_array_stamped.h
[23.964s] -- Installing: /home/gera/Desktop/EUFS_FORK_CONTAINERIZED/eufs-f1-sim/ws/install/eufs_msgs/include/eufs_msgs/eufs_msgs/msg/particle_stamped.h
[23.964s] -- Installing: /home/gera/Desktop/EUFS_FORK_CONTAINERIZED/eufs-f1-sim/ws/install/eufs_msgs/share/eufs_msgs/environment/library_path.sh
[23.964s] -- Installing: /home/gera/Desktop/EUFS_FORK_CONTAINERIZED/eufs-f1-sim/ws/install/eufs_msgs/share/eufs_msgs/environment/library_path.dsv
[23.964s] -- Installing: /home/gera/Desktop/EUFS_FORK_CONTAINERIZED/eufs-f1-sim/ws/install/eufs_msgs/lib/libeufs_msgs__rosidl_generator_c.so
[23.964s] -- Set runtime path of "/home/gera/Desktop/EUFS_FORK_CONTAINERIZED/eufs-f1-sim/ws/install/eufs_msgs/lib/libeufs_msgs__rosidl_generator_c.so" to ""
[23.964s] -- Up-to-date: /home/gera/Desktop/EUFS_FORK_CONTAINERIZED/eufs-f1-sim/ws/install/eufs_msgs/include/eufs_msgs/eufs_msgs
[23.964s] -- Up-to-date: /home/gera/Desktop/EUFS_FORK_CONTAINERIZED/eufs-f1-sim/ws/install/eufs_msgs/include/eufs_msgs/eufs_msgs/action
[23.964s] -- Up-to-date: /home/gera/Desktop/EUFS_FORK_CONTAINERIZED/eufs-f1-sim/ws/install/eufs_msgs/include/eufs_msgs/eufs_msgs/action/detail
[23.964s] -- Installing: /home/gera/Desktop/EUFS_FORK_CONTAINERIZED/eufs-f1-sim/ws/install/eufs_msgs/include/eufs_msgs/eufs_msgs/action/detail/check_for_objects__rosidl_typesupport_fastrtps_c.h
[23.964s] -- Up-to-date: /home/gera/Desktop/EUFS_FORK_CONTAINERIZED/eufs-f1-sim/ws/install/eufs_msgs/include/eufs_msgs/eufs_msgs/srv
[23.964s] -- Up-to-date: /home/gera/Desktop/EUFS_FORK_CONTAINERIZED/eufs-f1-sim/ws/install/eufs_msgs/include/eufs_msgs/eufs_msgs/srv/detail
[23.965s] -- Installing: /home/gera/Desktop/EUFS_FORK_CONTAINERIZED/eufs-f1-sim/ws/install/eufs_msgs/include/eufs_msgs/eufs_msgs/srv/detail/record_start__rosidl_typesupport_fastrtps_c.h
[23.965s] -- Installing: /home/gera/Desktop/EUFS_FORK_CONTAINERIZED/eufs-f1-sim/ws/install/eufs_msgs/include/eufs_msgs/eufs_msgs/srv/detail/set_can_state__rosidl_typesupport_fastrtps_c.h
[23.965s] -- Installing: /home/gera/Desktop/EUFS_FORK_CONTAINERIZED/eufs-f1-sim/ws/install/eufs_msgs/include/eufs_msgs/eufs_msgs/srv/detail/get_map__rosidl_typesupport_fastrtps_c.h
[23.965s] -- Installing: /home/gera/Desktop/EUFS_FORK_CONTAINERIZED/eufs-f1-sim/ws/install/eufs_msgs/include/eufs_msgs/eufs_msgs/srv/detail/set_mission__rosidl_typesupport_fastrtps_c.h
[23.965s] -- Installing: /home/gera/Desktop/EUFS_FORK_CONTAINERIZED/eufs-f1-sim/ws/install/eufs_msgs/include/eufs_msgs/eufs_msgs/srv/detail/set_track__rosidl_typesupport_fastrtps_c.h
[23.965s] -- Installing: /home/gera/Desktop/EUFS_FORK_CONTAINERIZED/eufs-f1-sim/ws/install/eufs_msgs/include/eufs_msgs/eufs_msgs/srv/detail/register__rosidl_typesupport_fastrtps_c.h
[23.965s] -- Installing: /home/gera/Desktop/EUFS_FORK_CONTAINERIZED/eufs-f1-sim/ws/install/eufs_msgs/include/eufs_msgs/eufs_msgs/srv/detail/record_stop__rosidl_typesupport_fastrtps_c.h
[23.965s] -- Installing: /home/gera/Desktop/EUFS_FORK_CONTAINERIZED/eufs-f1-sim/ws/install/eufs_msgs/include/eufs_msgs/eufs_msgs/srv/detail/set_string__rosidl_typesupport_fastrtps_c.h
[23.965s] -- Up-to-date: /home/gera/Desktop/EUFS_FORK_CONTAINERIZED/eufs-f1-sim/ws/install/eufs_msgs/include/eufs_msgs/eufs_msgs/msg
[23.965s] -- Installing: /home/gera/Desktop/EUFS_FORK_CONTAINERIZED/eufs-f1-sim/ws/install/eufs_msgs/include/eufs_msgs/eufs_msgs/msg/rosidl_typesupport_fastrtps_c__visibility_control.h
[23.965s] -- Up-to-date: /home/gera/Desktop/EUFS_FORK_CONTAINERIZED/eufs-f1-sim/ws/install/eufs_msgs/include/eufs_msgs/eufs_msgs/msg/detail
[23.966s] -- Installing: /home/gera/Desktop/EUFS_FORK_CONTAINERIZED/eufs-f1-sim/ws/install/eufs_msgs/include/eufs_msgs/eufs_msgs/msg/detail/bounding_box__rosidl_typesupport_fastrtps_c.h
[23.966s] -- Installing: /home/gera/Desktop/EUFS_FORK_CONTAINERIZED/eufs-f1-sim/ws/install/eufs_msgs/include/eufs_msgs/eufs_msgs/msg/detail/cone_association_array_stamped__rosidl_typesupport_fastrtps_c.h
[23.966s] -- Installing: /home/gera/Desktop/EUFS_FORK_CONTAINERIZED/eufs-f1-sim/ws/install/eufs_msgs/include/eufs_msgs/eufs_msgs/msg/detail/waypoint__rosidl_typesupport_fastrtps_c.h
[23.966s] -- Installing: /home/gera/Desktop/EUFS_FORK_CONTAINERIZED/eufs-f1-sim/ws/install/eufs_msgs/include/eufs_msgs/eufs_msgs/msg/detail/pure_pursuit_checkpoint_array_stamped__rosidl_typesupport_fastrtps_c.h
[23.966s] -- Installing: /home/gera/Desktop/EUFS_FORK_CONTAINERIZED/eufs-f1-sim/ws/install/eufs_msgs/include/eufs_msgs/eufs_msgs/msg/detail/car_state__rosidl_typesupport_fastrtps_c.h
[23.966s] -- Installing: /home/gera/Desktop/EUFS_FORK_CONTAINERIZED/eufs-f1-sim/ws/install/eufs_msgs/include/eufs_msgs/eufs_msgs/msg/detail/oss__rosidl_typesupport_fastrtps_c.h
[23.966s] -- Installing: /home/gera/Desktop/EUFS_FORK_CONTAINERIZED/eufs-f1-sim/ws/install/eufs_msgs/include/eufs_msgs/eufs_msgs/msg/detail/path_integral_params__rosidl_typesupport_fastrtps_c.h
[23.966s] -- Installing: /home/gera/Desktop/EUFS_FORK_CONTAINERIZED/eufs-f1-sim/ws/install/eufs_msgs/include/eufs_msgs/eufs_msgs/msg/detail/runstop__rosidl_typesupport_fastrtps_c.h
[23.966s] -- Installing: /home/gera/Desktop/EUFS_FORK_CONTAINERIZED/eufs-f1-sim/ws/install/eufs_msgs/include/eufs_msgs/eufs_msgs/msg/detail/node_state__rosidl_typesupport_fastrtps_c.h
[23.966s] -- Installing: /home/gera/Desktop/EUFS_FORK_CONTAINERIZED/eufs-f1-sim/ws/install/eufs_msgs/include/eufs_msgs/eufs_msgs/msg/detail/pure_pursuit_checkpoint__rosidl_typesupport_fastrtps_c.h
[23.966s] -- Installing: /home/gera/Desktop/EUFS_FORK_CONTAINERIZED/eufs-f1-sim/ws/install/eufs_msgs/include/eufs_msgs/eufs_msgs/msg/detail/bounding_boxes__rosidl_typesupport_fastrtps_c.h
[23.966s] -- Installing: /home/gera/Desktop/EUFS_FORK_CONTAINERIZED/eufs-f1-sim/ws/install/eufs_msgs/include/eufs_msgs/eufs_msgs/msg/detail/path_integral_timing__rosidl_typesupport_fastrtps_c.h
[23.966s] -- Installing: /home/gera/Desktop/EUFS_FORK_CONTAINERIZED/eufs-f1-sim/ws/install/eufs_msgs/include/eufs_msgs/eufs_msgs/msg/detail/cpu_usage__rosidl_typesupport_fastrtps_c.h
[23.966s] -- Installing: /home/gera/Desktop/EUFS_FORK_CONTAINERIZED/eufs-f1-sim/ws/install/eufs_msgs/include/eufs_msgs/eufs_msgs/msg/detail/cone_association__rosidl_typesupport_fastrtps_c.h
[23.967s] -- Installing: /home/gera/Desktop/EUFS_FORK_CONTAINERIZED/eufs-f1-sim/ws/install/eufs_msgs/include/eufs_msgs/eufs_msgs/msg/detail/planning_mode__rosidl_typesupport_fastrtps_c.h
[23.967s] -- Installing: /home/gera/Desktop/EUFS_FORK_CONTAINERIZED/eufs-f1-sim/ws/install/eufs_msgs/include/eufs_msgs/eufs_msgs/msg/detail/mpc_state__rosidl_typesupport_fastrtps_c.h
[23.967s] -- Installing: /home/gera/Desktop/EUFS_FORK_CONTAINERIZED/eufs-f1-sim/ws/install/eufs_msgs/include/eufs_msgs/eufs_msgs/msg/detail/wheel_speeds__rosidl_typesupport_fastrtps_c.h
[23.967s] -- Installing: /home/gera/Desktop/EUFS_FORK_CONTAINERIZED/eufs-f1-sim/ws/install/eufs_msgs/include/eufs_msgs/eufs_msgs/msg/detail/integration_err__rosidl_typesupport_fastrtps_c.h
[23.967s] -- Installing: /home/gera/Desktop/EUFS_FORK_CONTAINERIZED/eufs-f1-sim/ws/install/eufs_msgs/include/eufs_msgs/eufs_msgs/msg/detail/particle_slam__rosidl_typesupport_fastrtps_c.h
[23.967s] -- Installing: /home/gera/Desktop/EUFS_FORK_CONTAINERIZED/eufs-f1-sim/ws/install/eufs_msgs/include/eufs_msgs/eufs_msgs/msg/detail/vehicle_commands__rosidl_typesupport_fastrtps_c.h
[23.967s] -- Installing: /home/gera/Desktop/EUFS_FORK_CONTAINERIZED/eufs-f1-sim/ws/install/eufs_msgs/include/eufs_msgs/eufs_msgs/msg/detail/wheel_speeds_stamped__rosidl_typesupport_fastrtps_c.h
[23.967s] -- Installing: /home/gera/Desktop/EUFS_FORK_CONTAINERIZED/eufs-f1-sim/ws/install/eufs_msgs/include/eufs_msgs/eufs_msgs/msg/detail/particle_stamped__rosidl_typesupport_fastrtps_c.h
[23.968s] -- Installing: /home/gera/Desktop/EUFS_FORK_CONTAINERIZED/eufs-f1-sim/ws/install/eufs_msgs/include/eufs_msgs/eufs_msgs/msg/detail/car_forces__rosidl_typesupport_fastrtps_c.h
[23.968s] -- Installing: /home/gera/Desktop/EUFS_FORK_CONTAINERIZED/eufs-f1-sim/ws/install/eufs_msgs/include/eufs_msgs/eufs_msgs/msg/detail/point_array__rosidl_typesupport_fastrtps_c.h
[23.968s] -- Installing: /home/gera/Desktop/EUFS_FORK_CONTAINERIZED/eufs-f1-sim/ws/install/eufs_msgs/include/eufs_msgs/eufs_msgs/msg/detail/slam_err__rosidl_typesupport_fastrtps_c.h
[23.968s] -- Installing: /home/gera/Desktop/EUFS_FORK_CONTAINERIZED/eufs-f1-sim/ws/install/eufs_msgs/include/eufs_msgs/eufs_msgs/msg/detail/cone_with_color_probability_array__rosidl_typesupport_fastrtps_c.h
[23.968s] -- Installing: /home/gera/Desktop/EUFS_FORK_CONTAINERIZED/eufs-f1-sim/ws/install/eufs_msgs/include/eufs_msgs/eufs_msgs/msg/detail/ekf_err__rosidl_typesupport_fastrtps_c.h
[23.968s] -- Installing: /home/gera/Desktop/EUFS_FORK_CONTAINERIZED/eufs-f1-sim/ws/install/eufs_msgs/include/eufs_msgs/eufs_msgs/msg/detail/particle_slam_stamped__rosidl_typesupport_fastrtps_c.h
[23.968s] -- Installing: /home/gera/Desktop/EUFS_FORK_CONTAINERIZED/eufs-f1-sim/ws/install/eufs_msgs/include/eufs_msgs/eufs_msgs/msg/detail/stereo_image__rosidl_typesupport_fastrtps_c.h
[23.968s] -- Installing: /home/gera/Desktop/EUFS_FORK_CONTAINERIZED/eufs-f1-sim/ws/install/eufs_msgs/include/eufs_msgs/eufs_msgs/msg/detail/wheel_odometry_err__rosidl_typesupport_fastrtps_c.h
[23.968s] -- Installing: /home/gera/Desktop/EUFS_FORK_CONTAINERIZED/eufs-f1-sim/ws/install/eufs_msgs/include/eufs_msgs/eufs_msgs/msg/detail/heartbeat__rosidl_typesupport_fastrtps_c.h
[23.968s] -- Installing: /home/gera/Desktop/EUFS_FORK_CONTAINERIZED/eufs-f1-sim/ws/install/eufs_msgs/include/eufs_msgs/eufs_msgs/msg/detail/cone_association_array_array_stamped__rosidl_typesupport_fastrtps_c.h
[23.968s] -- Installing: /home/gera/Desktop/EUFS_FORK_CONTAINERIZED/eufs-f1-sim/ws/install/eufs_msgs/include/eufs_msgs/eufs_msgs/msg/detail/point_array_stamped__rosidl_typesupport_fastrtps_c.h
[23.969s] -- Installing: /home/gera/Desktop/EUFS_FORK_CONTAINERIZED/eufs-f1-sim/ws/install/eufs_msgs/include/eufs_msgs/eufs_msgs/msg/detail/full_state__rosidl_typesupport_fastrtps_c.h
[23.969s] -- Installing: /home/gera/Desktop/EUFS_FORK_CONTAINERIZED/eufs-f1-sim/ws/install/eufs_msgs/include/eufs_msgs/eufs_msgs/msg/detail/waypoint_array_stamped__rosidl_typesupport_fastrtps_c.h
[23.969s] -- Installing: /home/gera/Desktop/EUFS_FORK_CONTAINERIZED/eufs-f1-sim/ws/install/eufs_msgs/include/eufs_msgs/eufs_msgs/msg/detail/cone_array__rosidl_typesupport_fastrtps_c.h
[23.969s] -- Installing: /home/gera/Desktop/EUFS_FORK_CONTAINERIZED/eufs-f1-sim/ws/install/eufs_msgs/include/eufs_msgs/eufs_msgs/msg/detail/node_state_array__rosidl_typesupport_fastrtps_c.h
[23.969s] -- Installing: /home/gera/Desktop/EUFS_FORK_CONTAINERIZED/eufs-f1-sim/ws/install/eufs_msgs/include/eufs_msgs/eufs_msgs/msg/detail/cone_array_with_covariance__rosidl_typesupport_fastrtps_c.h
[23.969s] -- Installing: /home/gera/Desktop/EUFS_FORK_CONTAINERIZED/eufs-f1-sim/ws/install/eufs_msgs/include/eufs_msgs/eufs_msgs/msg/detail/cone_with_covariance__rosidl_typesupport_fastrtps_c.h
[23.969s] -- Installing: /home/gera/Desktop/EUFS_FORK_CONTAINERIZED/eufs-f1-sim/ws/install/eufs_msgs/include/eufs_msgs/eufs_msgs/msg/detail/vehicle_commands_stamped__rosidl_typesupport_fastrtps_c.h
[23.969s] -- Installing: /home/gera/Desktop/EUFS_FORK_CONTAINERIZED/eufs-f1-sim/ws/install/eufs_msgs/include/eufs_msgs/eufs_msgs/msg/detail/system_status__rosidl_typesupport_fastrtps_c.h
[23.969s] -- Installing: /home/gera/Desktop/EUFS_FORK_CONTAINERIZED/eufs-f1-sim/ws/install/eufs_msgs/include/eufs_msgs/eufs_msgs/msg/detail/chassis_command__rosidl_typesupport_fastrtps_c.h
[23.969s] -- Installing: /home/gera/Desktop/EUFS_FORK_CONTAINERIZED/eufs-f1-sim/ws/install/eufs_msgs/include/eufs_msgs/eufs_msgs/msg/detail/lap_stats__rosidl_typesupport_fastrtps_c.h
[23.970s] -- Installing: /home/gera/Desktop/EUFS_FORK_CONTAINERIZED/eufs-f1-sim/ws/install/eufs_msgs/include/eufs_msgs/eufs_msgs/msg/detail/path_integral_status__rosidl_typesupport_fastrtps_c.h
[23.970s] -- Installing: /home/gera/Desktop/EUFS_FORK_CONTAINERIZED/eufs-f1-sim/ws/install/eufs_msgs/include/eufs_msgs/eufs_msgs/msg/detail/cone_association_array__rosidl_typesupport_fastrtps_c.h
[23.970s] -- Installing: /home/gera/Desktop/EUFS_FORK_CONTAINERIZED/eufs-f1-sim/ws/install/eufs_msgs/include/eufs_msgs/eufs_msgs/msg/detail/cone_with_color_probability__rosidl_typesupport_fastrtps_c.h
[23.970s] -- Installing: /home/gera/Desktop/EUFS_FORK_CONTAINERIZED/eufs-f1-sim/ws/install/eufs_msgs/include/eufs_msgs/eufs_msgs/msg/detail/ekf_state__rosidl_typesupport_fastrtps_c.h
[23.970s] -- Installing: /home/gera/Desktop/EUFS_FORK_CONTAINERIZED/eufs-f1-sim/ws/install/eufs_msgs/include/eufs_msgs/eufs_msgs/msg/detail/cpu_status__rosidl_typesupport_fastrtps_c.h
[23.970s] -- Installing: /home/gera/Desktop/EUFS_FORK_CONTAINERIZED/eufs-f1-sim/ws/install/eufs_msgs/include/eufs_msgs/eufs_msgs/msg/detail/state_machine_state__rosidl_typesupport_fastrtps_c.h
[23.970s] -- Installing: /home/gera/Desktop/EUFS_FORK_CONTAINERIZED/eufs-f1-sim/ws/install/eufs_msgs/include/eufs_msgs/eufs_msgs/msg/detail/path_integral_stats__rosidl_typesupport_fastrtps_c.h
[23.970s] -- Installing: /home/gera/Desktop/EUFS_FORK_CONTAINERIZED/eufs-f1-sim/ws/install/eufs_msgs/include/eufs_msgs/eufs_msgs/msg/detail/slam_state__rosidl_typesupport_fastrtps_c.h
[23.970s] -- Installing: /home/gera/Desktop/EUFS_FORK_CONTAINERIZED/eufs-f1-sim/ws/install/eufs_msgs/include/eufs_msgs/eufs_msgs/msg/detail/topic_status__rosidl_typesupport_fastrtps_c.h
[23.970s] -- Installing: /home/gera/Desktop/EUFS_FORK_CONTAINERIZED/eufs-f1-sim/ws/install/eufs_msgs/include/eufs_msgs/eufs_msgs/msg/detail/can_state__rosidl_typesupport_fastrtps_c.h
[23.970s] -- Installing: /home/gera/Desktop/EUFS_FORK_CONTAINERIZED/eufs-f1-sim/ws/install/eufs_msgs/include/eufs_msgs/eufs_msgs/msg/detail/particle__rosidl_typesupport_fastrtps_c.h
[23.970s] -- Installing: /home/gera/Desktop/EUFS_FORK_CONTAINERIZED/eufs-f1-sim/ws/install/eufs_msgs/include/eufs_msgs/eufs_msgs/msg/detail/costmap__rosidl_typesupport_fastrtps_c.h
[23.970s] -- Installing: /home/gera/Desktop/EUFS_FORK_CONTAINERIZED/eufs-f1-sim/ws/install/eufs_msgs/include/eufs_msgs/eufs_msgs/msg/detail/chassis_state__rosidl_typesupport_fastrtps_c.h
[23.971s] -- Installing: /home/gera/Desktop/EUFS_FORK_CONTAINERIZED/eufs-f1-sim/ws/install/eufs_msgs/lib/libeufs_msgs__rosidl_typesupport_fastrtps_c.so
[23.971s] -- Set runtime path of "/home/gera/Desktop/EUFS_FORK_CONTAINERIZED/eufs-f1-sim/ws/install/eufs_msgs/lib/libeufs_msgs__rosidl_typesupport_fastrtps_c.so" to ""
[23.971s] -- Up-to-date: /home/gera/Desktop/EUFS_FORK_CONTAINERIZED/eufs-f1-sim/ws/install/eufs_msgs/include/eufs_msgs/eufs_msgs
[23.971s] -- Up-to-date: /home/gera/Desktop/EUFS_FORK_CONTAINERIZED/eufs-f1-sim/ws/install/eufs_msgs/include/eufs_msgs/eufs_msgs/action
[23.971s] -- Up-to-date: /home/gera/Desktop/EUFS_FORK_CONTAINERIZED/eufs-f1-sim/ws/install/eufs_msgs/include/eufs_msgs/eufs_msgs/action/detail
[23.971s] -- Installing: /home/gera/Desktop/EUFS_FORK_CONTAINERIZED/eufs-f1-sim/ws/install/eufs_msgs/include/eufs_msgs/eufs_msgs/action/detail/check_for_objects__type_support.c
[23.971s] -- Installing: /home/gera/Desktop/EUFS_FORK_CONTAINERIZED/eufs-f1-sim/ws/install/eufs_msgs/include/eufs_msgs/eufs_msgs/action/detail/check_for_objects__rosidl_typesupport_introspection_c.h
[23.971s] -- Up-to-date: /home/gera/Desktop/EUFS_FORK_CONTAINERIZED/eufs-f1-sim/ws/install/eufs_msgs/include/eufs_msgs/eufs_msgs/srv
[23.972s] -- Up-to-date: /home/gera/Desktop/EUFS_FORK_CONTAINERIZED/eufs-f1-sim/ws/install/eufs_msgs/include/eufs_msgs/eufs_msgs/srv/detail
[23.974s] -- Installing: /home/gera/Desktop/EUFS_FORK_CONTAINERIZED/eufs-f1-sim/ws/install/eufs_msgs/include/eufs_msgs/eufs_msgs/srv/detail/set_can_state__type_support.c
[23.974s] -- Installing: /home/gera/Desktop/EUFS_FORK_CONTAINERIZED/eufs-f1-sim/ws/install/eufs_msgs/include/eufs_msgs/eufs_msgs/srv/detail/set_mission__type_support.c
[23.975s] -- Installing: /home/gera/Desktop/EUFS_FORK_CONTAINERIZED/eufs-f1-sim/ws/install/eufs_msgs/include/eufs_msgs/eufs_msgs/srv/detail/set_mission__rosidl_typesupport_introspection_c.h
[23.975s] -- Installing: /home/gera/Desktop/EUFS_FORK_CONTAINERIZED/eufs-f1-sim/ws/install/eufs_msgs/include/eufs_msgs/eufs_msgs/srv/detail/set_can_state__rosidl_typesupport_introspection_c.h
[23.975s] -- Installing: /home/gera/Desktop/EUFS_FORK_CONTAINERIZED/eufs-f1-sim/ws/install/eufs_msgs/include/eufs_msgs/eufs_msgs/srv/detail/set_string__rosidl_typesupport_introspection_c.h
[23.975s] -- Installing: /home/gera/Desktop/EUFS_FORK_CONTAINERIZED/eufs-f1-sim/ws/install/eufs_msgs/include/eufs_msgs/eufs_msgs/srv/detail/get_map__rosidl_typesupport_introspection_c.h
[23.975s] -- Installing: /home/gera/Desktop/EUFS_FORK_CONTAINERIZED/eufs-f1-sim/ws/install/eufs_msgs/include/eufs_msgs/eufs_msgs/srv/detail/register__rosidl_typesupport_introspection_c.h
[23.975s] -- Installing: /home/gera/Desktop/EUFS_FORK_CONTAINERIZED/eufs-f1-sim/ws/install/eufs_msgs/include/eufs_msgs/eufs_msgs/srv/detail/set_track__rosidl_typesupport_introspection_c.h
[23.975s] -- Installing: /home/gera/Desktop/EUFS_FORK_CONTAINERIZED/eufs-f1-sim/ws/install/eufs_msgs/include/eufs_msgs/eufs_msgs/srv/detail/set_string__type_support.c
[23.975s] -- Installing: /home/gera/Desktop/EUFS_FORK_CONTAINERIZED/eufs-f1-sim/ws/install/eufs_msgs/include/eufs_msgs/eufs_msgs/srv/detail/record_start__type_support.c
[23.975s] -- Installing: /home/gera/Desktop/EUFS_FORK_CONTAINERIZED/eufs-f1-sim/ws/install/eufs_msgs/include/eufs_msgs/eufs_msgs/srv/detail/get_map__type_support.c
[23.976s] -- Installing: /home/gera/Desktop/EUFS_FORK_CONTAINERIZED/eufs-f1-sim/ws/install/eufs_msgs/include/eufs_msgs/eufs_msgs/srv/detail/record_stop__type_support.c
[23.976s] -- Installing: /home/gera/Desktop/EUFS_FORK_CONTAINERIZED/eufs-f1-sim/ws/install/eufs_msgs/include/eufs_msgs/eufs_msgs/srv/detail/record_stop__rosidl_typesupport_introspection_c.h
[23.976s] -- Installing: /home/gera/Desktop/EUFS_FORK_CONTAINERIZED/eufs-f1-sim/ws/install/eufs_msgs/include/eufs_msgs/eufs_msgs/srv/detail/register__type_support.c
[23.976s] -- Installing: /home/gera/Desktop/EUFS_FORK_CONTAINERIZED/eufs-f1-sim/ws/install/eufs_msgs/include/eufs_msgs/eufs_msgs/srv/detail/set_track__type_support.c
[23.976s] -- Installing: /home/gera/Desktop/EUFS_FORK_CONTAINERIZED/eufs-f1-sim/ws/install/eufs_msgs/include/eufs_msgs/eufs_msgs/srv/detail/record_start__rosidl_typesupport_introspection_c.h
[23.976s] -- Up-to-date: /home/gera/Desktop/EUFS_FORK_CONTAINERIZED/eufs-f1-sim/ws/install/eufs_msgs/include/eufs_msgs/eufs_msgs/msg
[23.976s] -- Up-to-date: /home/gera/Desktop/EUFS_FORK_CONTAINERIZED/eufs-f1-sim/ws/install/eufs_msgs/include/eufs_msgs/eufs_msgs/msg/detail
[23.976s] -- Installing: /home/gera/Desktop/EUFS_FORK_CONTAINERIZED/eufs-f1-sim/ws/install/eufs_msgs/include/eufs_msgs/eufs_msgs/msg/detail/wheel_speeds_stamped__type_support.c
[23.976s] -- Installing: /home/gera/Desktop/EUFS_FORK_CONTAINERIZED/eufs-f1-sim/ws/install/eufs_msgs/include/eufs_msgs/eufs_msgs/msg/detail/path_integral_status__rosidl_typesupport_introspection_c.h
[23.976s] -- Installing: /home/gera/Desktop/EUFS_FORK_CONTAINERIZED/eufs-f1-sim/ws/install/eufs_msgs/include/eufs_msgs/eufs_msgs/msg/detail/cone_association__rosidl_typesupport_introspection_c.h
[23.976s] -- Installing: /home/gera/Desktop/EUFS_FORK_CONTAINERIZED/eufs-f1-sim/ws/install/eufs_msgs/include/eufs_msgs/eufs_msgs/msg/detail/wheel_speeds_stamped__rosidl_typesupport_introspection_c.h
[23.976s] -- Installing: /home/gera/Desktop/EUFS_FORK_CONTAINERIZED/eufs-f1-sim/ws/install/eufs_msgs/include/eufs_msgs/eufs_msgs/msg/detail/point_array_stamped__type_support.c
[23.976s] -- Installing: /home/gera/Desktop/EUFS_FORK_CONTAINERIZED/eufs-f1-sim/ws/install/eufs_msgs/include/eufs_msgs/eufs_msgs/msg/detail/slam_state__type_support.c
[23.976s] -- Installing: /home/gera/Desktop/EUFS_FORK_CONTAINERIZED/eufs-f1-sim/ws/install/eufs_msgs/include/eufs_msgs/eufs_msgs/msg/detail/mpc_state__type_support.c
[23.976s] -- Installing: /home/gera/Desktop/EUFS_FORK_CONTAINERIZED/eufs-f1-sim/ws/install/eufs_msgs/include/eufs_msgs/eufs_msgs/msg/detail/cpu_status__rosidl_typesupport_introspection_c.h
[23.976s] -- Installing: /home/gera/Desktop/EUFS_FORK_CONTAINERIZED/eufs-f1-sim/ws/install/eufs_msgs/include/eufs_msgs/eufs_msgs/msg/detail/cone_with_color_probability__rosidl_typesupport_introspection_c.h
[23.977s] -- Installing: /home/gera/Desktop/EUFS_FORK_CONTAINERIZED/eufs-f1-sim/ws/install/eufs_msgs/include/eufs_msgs/eufs_msgs/msg/detail/particle_slam_stamped__rosidl_typesupport_introspection_c.h
[23.977s] -- Installing: /home/gera/Desktop/EUFS_FORK_CONTAINERIZED/eufs-f1-sim/ws/install/eufs_msgs/include/eufs_msgs/eufs_msgs/msg/detail/ekf_err__type_support.c
[23.977s] -- Installing: /home/gera/Desktop/EUFS_FORK_CONTAINERIZED/eufs-f1-sim/ws/install/eufs_msgs/include/eufs_msgs/eufs_msgs/msg/detail/node_state_array__type_support.c
[23.977s] -- Installing: /home/gera/Desktop/EUFS_FORK_CONTAINERIZED/eufs-f1-sim/ws/install/eufs_msgs/include/eufs_msgs/eufs_msgs/msg/detail/point_array_stamped__rosidl_typesupport_introspection_c.h
[23.977s] -- Installing: /home/gera/Desktop/EUFS_FORK_CONTAINERIZED/eufs-f1-sim/ws/install/eufs_msgs/include/eufs_msgs/eufs_msgs/msg/detail/cone_association_array_array_stamped__rosidl_typesupport_introspection_c.h
[23.977s] -- Installing: /home/gera/Desktop/EUFS_FORK_CONTAINERIZED/eufs-f1-sim/ws/install/eufs_msgs/include/eufs_msgs/eufs_msgs/msg/detail/ekf_err__rosidl_typesupport_introspection_c.h
[23.977s] -- Installing: /home/gera/Desktop/EUFS_FORK_CONTAINERIZED/eufs-f1-sim/ws/install/eufs_msgs/include/eufs_msgs/eufs_msgs/msg/detail/car_state__type_support.c
[23.977s] -- Installing: /home/gera/Desktop/EUFS_FORK_CONTAINERIZED/eufs-f1-sim/ws/install/eufs_msgs/include/eufs_msgs/eufs_msgs/msg/detail/pure_pursuit_checkpoint_array_stamped__type_support.c
[23.977s] -- Installing: /home/gera/Desktop/EUFS_FORK_CONTAINERIZED/eufs-f1-sim/ws/install/eufs_msgs/include/eufs_msgs/eufs_msgs/msg/detail/cone_array__rosidl_typesupport_introspection_c.h
[23.977s] -- Installing: /home/gera/Desktop/EUFS_FORK_CONTAINERIZED/eufs-f1-sim/ws/install/eufs_msgs/include/eufs_msgs/eufs_msgs/msg/detail/oss__rosidl_typesupport_introspection_c.h
[23.977s] -- Installing: /home/gera/Desktop/EUFS_FORK_CONTAINERIZED/eufs-f1-sim/ws/install/eufs_msgs/include/eufs_msgs/eufs_msgs/msg/detail/pure_pursuit_checkpoint__type_support.c
[23.977s] -- Installing: /home/gera/Desktop/EUFS_FORK_CONTAINERIZED/eufs-f1-sim/ws/install/eufs_msgs/include/eufs_msgs/eufs_msgs/msg/detail/cpu_status__type_support.c
[23.978s] -- Installing: /home/gera/Desktop/EUFS_FORK_CONTAINERIZED/eufs-f1-sim/ws/install/eufs_msgs/include/eufs_msgs/eufs_msgs/msg/detail/bounding_box__type_support.c
[23.978s] -- Installing: /home/gera/Desktop/EUFS_FORK_CONTAINERIZED/eufs-f1-sim/ws/install/eufs_msgs/include/eufs_msgs/eufs_msgs/msg/detail/particle__type_support.c
[23.978s] -- Installing: /home/gera/Desktop/EUFS_FORK_CONTAINERIZED/eufs-f1-sim/ws/install/eufs_msgs/include/eufs_msgs/eufs_msgs/msg/detail/point_array__rosidl_typesupport_introspection_c.h
[23.978s] -- Installing: /home/gera/Desktop/EUFS_FORK_CONTAINERIZED/eufs-f1-sim/ws/install/eufs_msgs/include/eufs_msgs/eufs_msgs/msg/detail/vehicle_commands__type_support.c
[23.978s] -- Installing: /home/gera/Desktop/EUFS_FORK_CONTAINERIZED/eufs-f1-sim/ws/install/eufs_msgs/include/eufs_msgs/eufs_msgs/msg/detail/integration_err__type_support.c
[23.978s] -- Installing: /home/gera/Desktop/EUFS_FORK_CONTAINERIZED/eufs-f1-sim/ws/install/eufs_msgs/include/eufs_msgs/eufs_msgs/msg/detail/lap_stats__rosidl_typesupport_introspection_c.h
[23.978s] -- Installing: /home/gera/Desktop/EUFS_FORK_CONTAINERIZED/eufs-f1-sim/ws/install/eufs_msgs/include/eufs_msgs/eufs_msgs/msg/detail/can_state__rosidl_typesupport_introspection_c.h
[23.978s] -- Installing: /home/gera/Desktop/EUFS_FORK_CONTAINERIZED/eufs-f1-sim/ws/install/eufs_msgs/include/eufs_msgs/eufs_msgs/msg/detail/stereo_image__rosidl_typesupport_introspection_c.h
[23.978s] -- Installing: /home/gera/Desktop/EUFS_FORK_CONTAINERIZED/eufs-f1-sim/ws/install/eufs_msgs/include/eufs_msgs/eufs_msgs/msg/detail/cone_with_color_probability__type_support.c
[23.978s] -- Installing: /home/gera/Desktop/EUFS_FORK_CONTAINERIZED/eufs-f1-sim/ws/install/eufs_msgs/include/eufs_msgs/eufs_msgs/msg/detail/wheel_odometry_err__type_support.c
[23.978s] -- Installing: /home/gera/Desktop/EUFS_FORK_CONTAINERIZED/eufs-f1-sim/ws/install/eufs_msgs/include/eufs_msgs/eufs_msgs/msg/detail/cone_array_with_covariance__type_support.c
[23.978s] -- Installing: /home/gera/Desktop/EUFS_FORK_CONTAINERIZED/eufs-f1-sim/ws/install/eufs_msgs/include/eufs_msgs/eufs_msgs/msg/detail/runstop__rosidl_typesupport_introspection_c.h
[23.979s] -- Installing: /home/gera/Desktop/EUFS_FORK_CONTAINERIZED/eufs-f1-sim/ws/install/eufs_msgs/include/eufs_msgs/eufs_msgs/msg/detail/bounding_boxes__type_support.c
[23.979s] -- Installing: /home/gera/Desktop/EUFS_FORK_CONTAINERIZED/eufs-f1-sim/ws/install/eufs_msgs/include/eufs_msgs/eufs_msgs/msg/detail/particle_stamped__rosidl_typesupport_introspection_c.h
[23.979s] -- Installing: /home/gera/Desktop/EUFS_FORK_CONTAINERIZED/eufs-f1-sim/ws/install/eufs_msgs/include/eufs_msgs/eufs_msgs/msg/detail/cone_array__type_support.c
[23.979s] -- Installing: /home/gera/Desktop/EUFS_FORK_CONTAINERIZED/eufs-f1-sim/ws/install/eufs_msgs/include/eufs_msgs/eufs_msgs/msg/detail/particle_slam_stamped__type_support.c
[23.979s] -- Installing: /home/gera/Desktop/EUFS_FORK_CONTAINERIZED/eufs-f1-sim/ws/install/eufs_msgs/include/eufs_msgs/eufs_msgs/msg/detail/path_integral_timing__type_support.c
[23.979s] -- Installing: /home/gera/Desktop/EUFS_FORK_CONTAINERIZED/eufs-f1-sim/ws/install/eufs_msgs/include/eufs_msgs/eufs_msgs/msg/detail/cone_association_array__rosidl_typesupport_introspection_c.h
[23.979s] -- Installing: /home/gera/Desktop/EUFS_FORK_CONTAINERIZED/eufs-f1-sim/ws/install/eufs_msgs/include/eufs_msgs/eufs_msgs/msg/detail/cpu_usage__rosidl_typesupport_introspection_c.h
[23.979s] -- Installing: /home/gera/Desktop/EUFS_FORK_CONTAINERIZED/eufs-f1-sim/ws/install/eufs_msgs/include/eufs_msgs/eufs_msgs/msg/detail/particle__rosidl_typesupport_introspection_c.h
[23.979s] -- Installing: /home/gera/Desktop/EUFS_FORK_CONTAINERIZED/eufs-f1-sim/ws/install/eufs_msgs/include/eufs_msgs/eufs_msgs/msg/detail/cone_array_with_covariance__rosidl_typesupport_introspection_c.h
[23.979s] -- Installing: /home/gera/Desktop/EUFS_FORK_CONTAINERIZED/eufs-f1-sim/ws/install/eufs_msgs/include/eufs_msgs/eufs_msgs/msg/detail/runstop__type_support.c
[23.979s] -- Installing: /home/gera/Desktop/EUFS_FORK_CONTAINERIZED/eufs-f1-sim/ws/install/eufs_msgs/include/eufs_msgs/eufs_msgs/msg/detail/ekf_state__rosidl_typesupport_introspection_c.h
[23.979s] -- Installing: /home/gera/Desktop/EUFS_FORK_CONTAINERIZED/eufs-f1-sim/ws/install/eufs_msgs/include/eufs_msgs/eufs_msgs/msg/detail/particle_slam__rosidl_typesupport_introspection_c.h
[23.979s] -- Installing: /home/gera/Desktop/EUFS_FORK_CONTAINERIZED/eufs-f1-sim/ws/install/eufs_msgs/include/eufs_msgs/eufs_msgs/msg/detail/pure_pursuit_checkpoint__rosidl_typesupport_introspection_c.h
[23.979s] -- Installing: /home/gera/Desktop/EUFS_FORK_CONTAINERIZED/eufs-f1-sim/ws/install/eufs_msgs/include/eufs_msgs/eufs_msgs/msg/detail/integration_err__rosidl_typesupport_introspection_c.h
[23.980s] -- Installing: /home/gera/Desktop/EUFS_FORK_CONTAINERIZED/eufs-f1-sim/ws/install/eufs_msgs/include/eufs_msgs/eufs_msgs/msg/detail/planning_mode__rosidl_typesupport_introspection_c.h
[23.980s] -- Installing: /home/gera/Desktop/EUFS_FORK_CONTAINERIZED/eufs-f1-sim/ws/install/eufs_msgs/include/eufs_msgs/eufs_msgs/msg/detail/mpc_state__rosidl_typesupport_introspection_c.h
[23.980s] -- Installing: /home/gera/Desktop/EUFS_FORK_CONTAINERIZED/eufs-f1-sim/ws/install/eufs_msgs/include/eufs_msgs/eufs_msgs/msg/detail/wheel_speeds__type_support.c
[23.980s] -- Installing: /home/gera/Desktop/EUFS_FORK_CONTAINERIZED/eufs-f1-sim/ws/install/eufs_msgs/include/eufs_msgs/eufs_msgs/msg/detail/costmap__rosidl_typesupport_introspection_c.h
[23.980s] -- Installing: /home/gera/Desktop/EUFS_FORK_CONTAINERIZED/eufs-f1-sim/ws/install/eufs_msgs/include/eufs_msgs/eufs_msgs/msg/detail/wheel_speeds__rosidl_typesupport_introspection_c.h
[23.980s] -- Installing: /home/gera/Desktop/EUFS_FORK_CONTAINERIZED/eufs-f1-sim/ws/install/eufs_msgs/include/eufs_msgs/eufs_msgs/msg/detail/heartbeat__rosidl_typesupport_introspection_c.h
[23.980s] -- Installing: /home/gera/Desktop/EUFS_FORK_CONTAINERIZED/eufs-f1-sim/ws/install/eufs_msgs/include/eufs_msgs/eufs_msgs/msg/detail/path_integral_params__type_support.c
[23.980s] -- Installing: /home/gera/Desktop/EUFS_FORK_CONTAINERIZED/eufs-f1-sim/ws/install/eufs_msgs/include/eufs_msgs/eufs_msgs/msg/detail/lap_stats__type_support.c
[23.980s] -- Installing: /home/gera/Desktop/EUFS_FORK_CONTAINERIZED/eufs-f1-sim/ws/install/eufs_msgs/include/eufs_msgs/eufs_msgs/msg/detail/cone_with_covariance__type_support.c
[23.980s] -- Installing: /home/gera/Desktop/EUFS_FORK_CONTAINERIZED/eufs-f1-sim/ws/install/eufs_msgs/include/eufs_msgs/eufs_msgs/msg/detail/topic_status__type_support.c
[23.980s] -- Installing: /home/gera/Desktop/EUFS_FORK_CONTAINERIZED/eufs-f1-sim/ws/install/eufs_msgs/include/eufs_msgs/eufs_msgs/msg/detail/cpu_usage__type_support.c
[23.980s] -- Installing: /home/gera/Desktop/EUFS_FORK_CONTAINERIZED/eufs-f1-sim/ws/install/eufs_msgs/include/eufs_msgs/eufs_msgs/msg/detail/cone_association_array_stamped__type_support.c
[23.981s] -- Installing: /home/gera/Desktop/EUFS_FORK_CONTAINERIZED/eufs-f1-sim/ws/install/eufs_msgs/include/eufs_msgs/eufs_msgs/msg/detail/costmap__type_support.c
[23.981s] -- Installing: /home/gera/Desktop/EUFS_FORK_CONTAINERIZED/eufs-f1-sim/ws/install/eufs_msgs/include/eufs_msgs/eufs_msgs/msg/detail/oss__type_support.c
[23.981s] -- Installing: /home/gera/Desktop/EUFS_FORK_CONTAINERIZED/eufs-f1-sim/ws/install/eufs_msgs/include/eufs_msgs/eufs_msgs/msg/detail/state_machine_state__type_support.c
[23.981s] -- Installing: /home/gera/Desktop/EUFS_FORK_CONTAINERIZED/eufs-f1-sim/ws/install/eufs_msgs/include/eufs_msgs/eufs_msgs/msg/detail/waypoint_array_stamped__type_support.c
[23.981s] -- Installing: /home/gera/Desktop/EUFS_FORK_CONTAINERIZED/eufs-f1-sim/ws/install/eufs_msgs/include/eufs_msgs/eufs_msgs/msg/detail/car_forces__type_support.c
[23.981s] -- Installing: /home/gera/Desktop/EUFS_FORK_CONTAINERIZED/eufs-f1-sim/ws/install/eufs_msgs/include/eufs_msgs/eufs_msgs/msg/detail/bounding_box__rosidl_typesupport_introspection_c.h
[23.981s] -- Installing: /home/gera/Desktop/EUFS_FORK_CONTAINERIZED/eufs-f1-sim/ws/install/eufs_msgs/include/eufs_msgs/eufs_msgs/msg/detail/car_state__rosidl_typesupport_introspection_c.h
[23.981s] -- Installing: /home/gera/Desktop/EUFS_FORK_CONTAINERIZED/eufs-f1-sim/ws/install/eufs_msgs/include/eufs_msgs/eufs_msgs/msg/detail/path_integral_status__type_support.c
[23.981s] -- Installing: /home/gera/Desktop/EUFS_FORK_CONTAINERIZED/eufs-f1-sim/ws/install/eufs_msgs/include/eufs_msgs/eufs_msgs/msg/detail/topic_status__rosidl_typesupport_introspection_c.h
[23.981s] -- Installing: /home/gera/Desktop/EUFS_FORK_CONTAINERIZED/eufs-f1-sim/ws/install/eufs_msgs/include/eufs_msgs/eufs_msgs/msg/detail/vehicle_commands_stamped__type_support.c
[23.981s] -- Installing: /home/gera/Desktop/EUFS_FORK_CONTAINERIZED/eufs-f1-sim/ws/install/eufs_msgs/include/eufs_msgs/eufs_msgs/msg/detail/system_status__type_support.c
[23.981s] -- Installing: /home/gera/Desktop/EUFS_FORK_CONTAINERIZED/eufs-f1-sim/ws/install/eufs_msgs/include/eufs_msgs/eufs_msgs/msg/detail/bounding_boxes__rosidl_typesupport_introspection_c.h
[23.982s] -- Installing: /home/gera/Desktop/EUFS_FORK_CONTAINERIZED/eufs-f1-sim/ws/install/eufs_msgs/include/eufs_msgs/eufs_msgs/msg/detail/wheel_odometry_err__rosidl_typesupport_introspection_c.h
[23.982s] -- Installing: /home/gera/Desktop/EUFS_FORK_CONTAINERIZED/eufs-f1-sim/ws/install/eufs_msgs/include/eufs_msgs/eufs_msgs/msg/detail/waypoint__rosidl_typesupport_introspection_c.h
[23.982s] -- Installing: /home/gera/Desktop/EUFS_FORK_CONTAINERIZED/eufs-f1-sim/ws/install/eufs_msgs/include/eufs_msgs/eufs_msgs/msg/detail/point_array__type_support.c
[23.982s] -- Installing: /home/gera/Desktop/EUFS_FORK_CONTAINERIZED/eufs-f1-sim/ws/install/eufs_msgs/include/eufs_msgs/eufs_msgs/msg/detail/can_state__type_support.c
[23.982s] -- Installing: /home/gera/Desktop/EUFS_FORK_CONTAINERIZED/eufs-f1-sim/ws/install/eufs_msgs/include/eufs_msgs/eufs_msgs/msg/detail/waypoint__type_support.c
[23.982s] -- Installing: /home/gera/Desktop/EUFS_FORK_CONTAINERIZED/eufs-f1-sim/ws/install/eufs_msgs/include/eufs_msgs/eufs_msgs/msg/detail/chassis_state__rosidl_typesupport_introspection_c.h
[23.983s] -- Installing: /home/gera/Desktop/EUFS_FORK_CONTAINERIZED/eufs-f1-sim/ws/install/eufs_msgs/include/eufs_msgs/eufs_msgs/msg/detail/cone_association_array__type_support.c
[23.983s] -- Installing: /home/gera/Desktop/EUFS_FORK_CONTAINERIZED/eufs-f1-sim/ws/install/eufs_msgs/include/eufs_msgs/eufs_msgs/msg/detail/cone_association__type_support.c
[23.983s] -- Installing: /home/gera/Desktop/EUFS_FORK_CONTAINERIZED/eufs-f1-sim/ws/install/eufs_msgs/include/eufs_msgs/eufs_msgs/msg/detail/path_integral_params__rosidl_typesupport_introspection_c.h
[23.983s] -- Installing: /home/gera/Desktop/EUFS_FORK_CONTAINERIZED/eufs-f1-sim/ws/install/eufs_msgs/include/eufs_msgs/eufs_msgs/msg/detail/slam_err__type_support.c
[23.983s] -- Installing: /home/gera/Desktop/EUFS_FORK_CONTAINERIZED/eufs-f1-sim/ws/install/eufs_msgs/include/eufs_msgs/eufs_msgs/msg/detail/car_forces__rosidl_typesupport_introspection_c.h
[23.983s] -- Installing: /home/gera/Desktop/EUFS_FORK_CONTAINERIZED/eufs-f1-sim/ws/install/eufs_msgs/include/eufs_msgs/eufs_msgs/msg/detail/vehicle_commands__rosidl_typesupport_introspection_c.h
[23.983s] -- Installing: /home/gera/Desktop/EUFS_FORK_CONTAINERIZED/eufs-f1-sim/ws/install/eufs_msgs/include/eufs_msgs/eufs_msgs/msg/detail/node_state__type_support.c
[23.984s] -- Installing: /home/gera/Desktop/EUFS_FORK_CONTAINERIZED/eufs-f1-sim/ws/install/eufs_msgs/include/eufs_msgs/eufs_msgs/msg/detail/path_integral_stats__rosidl_typesupport_introspection_c.h
[23.984s] -- Installing: /home/gera/Desktop/EUFS_FORK_CONTAINERIZED/eufs-f1-sim/ws/install/eufs_msgs/include/eufs_msgs/eufs_msgs/msg/detail/chassis_command__rosidl_typesupport_introspection_c.h
[23.984s] -- Installing: /home/gera/Desktop/EUFS_FORK_CONTAINERIZED/eufs-f1-sim/ws/install/eufs_msgs/include/eufs_msgs/eufs_msgs/msg/detail/particle_slam__type_support.c
[23.984s] -- Installing: /home/gera/Desktop/EUFS_FORK_CONTAINERIZED/eufs-f1-sim/ws/install/eufs_msgs/include/eufs_msgs/eufs_msgs/msg/detail/full_state__rosidl_typesupport_introspection_c.h
[23.984s] -- Installing: /home/gera/Desktop/EUFS_FORK_CONTAINERIZED/eufs-f1-sim/ws/install/eufs_msgs/include/eufs_msgs/eufs_msgs/msg/detail/system_status__rosidl_typesupport_introspection_c.h
[23.984s] -- Installing: /home/gera/Desktop/EUFS_FORK_CONTAINERIZED/eufs-f1-sim/ws/install/eufs_msgs/include/eufs_msgs/eufs_msgs/msg/detail/state_machine_state__rosidl_typesupport_introspection_c.h
[23.984s] -- Installing: /home/gera/Desktop/EUFS_FORK_CONTAINERIZED/eufs-f1-sim/ws/install/eufs_msgs/include/eufs_msgs/eufs_msgs/msg/detail/pure_pursuit_checkpoint_array_stamped__rosidl_typesupport_introspection_c.h
[23.984s] -- Installing: /home/gera/Desktop/EUFS_FORK_CONTAINERIZED/eufs-f1-sim/ws/install/eufs_msgs/include/eufs_msgs/eufs_msgs/msg/detail/stereo_image__type_support.c
[23.984s] -- Installing: /home/gera/Desktop/EUFS_FORK_CONTAINERIZED/eufs-f1-sim/ws/install/eufs_msgs/include/eufs_msgs/eufs_msgs/msg/detail/cone_with_color_probability_array__type_support.c
[23.984s] -- Installing: /home/gera/Desktop/EUFS_FORK_CONTAINERIZED/eufs-f1-sim/ws/install/eufs_msgs/include/eufs_msgs/eufs_msgs/msg/detail/node_state_array__rosidl_typesupport_introspection_c.h
[23.984s] -- Installing: /home/gera/Desktop/EUFS_FORK_CONTAINERIZED/eufs-f1-sim/ws/install/eufs_msgs/include/eufs_msgs/eufs_msgs/msg/detail/vehicle_commands_stamped__rosidl_typesupport_introspection_c.h
[23.985s] -- Installing: /home/gera/Desktop/EUFS_FORK_CONTAINERIZED/eufs-f1-sim/ws/install/eufs_msgs/include/eufs_msgs/eufs_msgs/msg/detail/slam_state__rosidl_typesupport_introspection_c.h
[23.985s] -- Installing: /home/gera/Desktop/EUFS_FORK_CONTAINERIZED/eufs-f1-sim/ws/install/eufs_msgs/include/eufs_msgs/eufs_msgs/msg/detail/waypoint_array_stamped__rosidl_typesupport_introspection_c.h
[23.985s] -- Installing: /home/gera/Desktop/EUFS_FORK_CONTAINERIZED/eufs-f1-sim/ws/install/eufs_msgs/include/eufs_msgs/eufs_msgs/msg/detail/heartbeat__type_support.c
[23.985s] -- Installing: /home/gera/Desktop/EUFS_FORK_CONTAINERIZED/eufs-f1-sim/ws/install/eufs_msgs/include/eufs_msgs/eufs_msgs/msg/detail/slam_err__rosidl_typesupport_introspection_c.h
[23.985s] -- Installing: /home/gera/Desktop/EUFS_FORK_CONTAINERIZED/eufs-f1-sim/ws/install/eufs_msgs/include/eufs_msgs/eufs_msgs/msg/detail/full_state__type_support.c
[23.985s] -- Installing: /home/gera/Desktop/EUFS_FORK_CONTAINERIZED/eufs-f1-sim/ws/install/eufs_msgs/include/eufs_msgs/eufs_msgs/msg/detail/path_integral_stats__type_support.c
[23.985s] -- Installing: /home/gera/Desktop/EUFS_FORK_CONTAINERIZED/eufs-f1-sim/ws/install/eufs_msgs/include/eufs_msgs/eufs_msgs/msg/detail/ekf_state__type_support.c
[23.985s] -- Installing: /home/gera/Desktop/EUFS_FORK_CONTAINERIZED/eufs-f1-sim/ws/install/eufs_msgs/include/eufs_msgs/eufs_msgs/msg/detail/cone_with_covariance__rosidl_typesupport_introspection_c.h
[23.985s] -- Installing: /home/gera/Desktop/EUFS_FORK_CONTAINERIZED/eufs-f1-sim/ws/install/eufs_msgs/include/eufs_msgs/eufs_msgs/msg/detail/cone_with_color_probability_array__rosidl_typesupport_introspection_c.h
[23.985s] -- Installing: /home/gera/Desktop/EUFS_FORK_CONTAINERIZED/eufs-f1-sim/ws/install/eufs_msgs/include/eufs_msgs/eufs_msgs/msg/detail/path_integral_timing__rosidl_typesupport_introspection_c.h
[23.985s] -- Installing: /home/gera/Desktop/EUFS_FORK_CONTAINERIZED/eufs-f1-sim/ws/install/eufs_msgs/include/eufs_msgs/eufs_msgs/msg/detail/cone_association_array_stamped__rosidl_typesupport_introspection_c.h
[23.985s] -- Installing: /home/gera/Desktop/EUFS_FORK_CONTAINERIZED/eufs-f1-sim/ws/install/eufs_msgs/include/eufs_msgs/eufs_msgs/msg/detail/particle_stamped__type_support.c
[23.986s] -- Installing: /home/gera/Desktop/EUFS_FORK_CONTAINERIZED/eufs-f1-sim/ws/install/eufs_msgs/include/eufs_msgs/eufs_msgs/msg/detail/node_state__rosidl_typesupport_introspection_c.h
[23.986s] -- Installing: /home/gera/Desktop/EUFS_FORK_CONTAINERIZED/eufs-f1-sim/ws/install/eufs_msgs/include/eufs_msgs/eufs_msgs/msg/detail/planning_mode__type_support.c
[23.986s] -- Installing: /home/gera/Desktop/EUFS_FORK_CONTAINERIZED/eufs-f1-sim/ws/install/eufs_msgs/include/eufs_msgs/eufs_msgs/msg/detail/chassis_command__type_support.c
[23.986s] -- Installing: /home/gera/Desktop/EUFS_FORK_CONTAINERIZED/eufs-f1-sim/ws/install/eufs_msgs/include/eufs_msgs/eufs_msgs/msg/detail/chassis_state__type_support.c
[23.986s] -- Installing: /home/gera/Desktop/EUFS_FORK_CONTAINERIZED/eufs-f1-sim/ws/install/eufs_msgs/include/eufs_msgs/eufs_msgs/msg/detail/cone_association_array_array_stamped__type_support.c
[23.986s] -- Installing: /home/gera/Desktop/EUFS_FORK_CONTAINERIZED/eufs-f1-sim/ws/install/eufs_msgs/include/eufs_msgs/eufs_msgs/msg/rosidl_typesupport_introspection_c__visibility_control.h
[23.986s] -- Installing: /home/gera/Desktop/EUFS_FORK_CONTAINERIZED/eufs-f1-sim/ws/install/eufs_msgs/lib/libeufs_msgs__rosidl_typesupport_introspection_c.so
[23.986s] -- Set runtime path of "/home/gera/Desktop/EUFS_FORK_CONTAINERIZED/eufs-f1-sim/ws/install/eufs_msgs/lib/libeufs_msgs__rosidl_typesupport_introspection_c.so" to ""
[23.986s] -- Installing: /home/gera/Desktop/EUFS_FORK_CONTAINERIZED/eufs-f1-sim/ws/install/eufs_msgs/lib/libeufs_msgs__rosidl_typesupport_c.so
[23.987s] -- Set runtime path of "/home/gera/Desktop/EUFS_FORK_CONTAINERIZED/eufs-f1-sim/ws/install/eufs_msgs/lib/libeufs_msgs__rosidl_typesupport_c.so" to ""
[23.987s] -- Up-to-date: /home/gera/Desktop/EUFS_FORK_CONTAINERIZED/eufs-f1-sim/ws/install/eufs_msgs/include/eufs_msgs/eufs_msgs
[23.987s] -- Up-to-date: /home/gera/Desktop/EUFS_FORK_CONTAINERIZED/eufs-f1-sim/ws/install/eufs_msgs/include/eufs_msgs/eufs_msgs/action
[23.987s] -- Installing: /home/gera/Desktop/EUFS_FORK_CONTAINERIZED/eufs-f1-sim/ws/install/eufs_msgs/include/eufs_msgs/eufs_msgs/action/check_for_objects.hpp
[23.987s] -- Up-to-date: /home/gera/Desktop/EUFS_FORK_CONTAINERIZED/eufs-f1-sim/ws/install/eufs_msgs/include/eufs_msgs/eufs_msgs/action/detail
[23.987s] -- Installing: /home/gera/Desktop/EUFS_FORK_CONTAINERIZED/eufs-f1-sim/ws/install/eufs_msgs/include/eufs_msgs/eufs_msgs/action/detail/check_for_objects__type_support.hpp
[23.987s] -- Installing: /home/gera/Desktop/EUFS_FORK_CONTAINERIZED/eufs-f1-sim/ws/install/eufs_msgs/include/eufs_msgs/eufs_msgs/action/detail/check_for_objects__traits.hpp
[23.987s] -- Installing: /home/gera/Desktop/EUFS_FORK_CONTAINERIZED/eufs-f1-sim/ws/install/eufs_msgs/include/eufs_msgs/eufs_msgs/action/detail/check_for_objects__builder.hpp
[23.987s] -- Installing: /home/gera/Desktop/EUFS_FORK_CONTAINERIZED/eufs-f1-sim/ws/install/eufs_msgs/include/eufs_msgs/eufs_msgs/action/detail/check_for_objects__struct.hpp
[23.987s] -- Up-to-date: /home/gera/Desktop/EUFS_FORK_CONTAINERIZED/eufs-f1-sim/ws/install/eufs_msgs/include/eufs_msgs/eufs_msgs/srv
[23.987s] -- Installing: /home/gera/Desktop/EUFS_FORK_CONTAINERIZED/eufs-f1-sim/ws/install/eufs_msgs/include/eufs_msgs/eufs_msgs/srv/record_start.hpp
[23.987s] -- Installing: /home/gera/Desktop/EUFS_FORK_CONTAINERIZED/eufs-f1-sim/ws/install/eufs_msgs/include/eufs_msgs/eufs_msgs/srv/set_mission.hpp
[23.987s] -- Installing: /home/gera/Desktop/EUFS_FORK_CONTAINERIZED/eufs-f1-sim/ws/install/eufs_msgs/include/eufs_msgs/eufs_msgs/srv/set_can_state.hpp
[23.988s] -- Installing: /home/gera/Desktop/EUFS_FORK_CONTAINERIZED/eufs-f1-sim/ws/install/eufs_msgs/include/eufs_msgs/eufs_msgs/srv/record_stop.hpp
[23.988s] -- Up-to-date: /home/gera/Desktop/EUFS_FORK_CONTAINERIZED/eufs-f1-sim/ws/install/eufs_msgs/include/eufs_msgs/eufs_msgs/srv/detail
[23.988s] -- Installing: /home/gera/Desktop/EUFS_FORK_CONTAINERIZED/eufs-f1-sim/ws/install/eufs_msgs/include/eufs_msgs/eufs_msgs/srv/detail/record_start__traits.hpp
[23.988s] -- Installing: /home/gera/Desktop/EUFS_FORK_CONTAINERIZED/eufs-f1-sim/ws/install/eufs_msgs/include/eufs_msgs/eufs_msgs/srv/detail/register__builder.hpp
[23.988s] -- Installing: /home/gera/Desktop/EUFS_FORK_CONTAINERIZED/eufs-f1-sim/ws/install/eufs_msgs/include/eufs_msgs/eufs_msgs/srv/detail/get_map__type_support.hpp
[23.988s] -- Installing: /home/gera/Desktop/EUFS_FORK_CONTAINERIZED/eufs-f1-sim/ws/install/eufs_msgs/include/eufs_msgs/eufs_msgs/srv/detail/set_mission__builder.hpp
[23.988s] -- Installing: /home/gera/Desktop/EUFS_FORK_CONTAINERIZED/eufs-f1-sim/ws/install/eufs_msgs/include/eufs_msgs/eufs_msgs/srv/detail/record_start__builder.hpp
[23.988s] -- Installing: /home/gera/Desktop/EUFS_FORK_CONTAINERIZED/eufs-f1-sim/ws/install/eufs_msgs/include/eufs_msgs/eufs_msgs/srv/detail/register__struct.hpp
[23.988s] -- Installing: /home/gera/Desktop/EUFS_FORK_CONTAINERIZED/eufs-f1-sim/ws/install/eufs_msgs/include/eufs_msgs/eufs_msgs/srv/detail/get_map__builder.hpp
[23.988s] -- Installing: /home/gera/Desktop/EUFS_FORK_CONTAINERIZED/eufs-f1-sim/ws/install/eufs_msgs/include/eufs_msgs/eufs_msgs/srv/detail/set_mission__traits.hpp
[23.988s] -- Installing: /home/gera/Desktop/EUFS_FORK_CONTAINERIZED/eufs-f1-sim/ws/install/eufs_msgs/include/eufs_msgs/eufs_msgs/srv/detail/set_string__struct.hpp
[23.988s] -- Installing: /home/gera/Desktop/EUFS_FORK_CONTAINERIZED/eufs-f1-sim/ws/install/eufs_msgs/include/eufs_msgs/eufs_msgs/srv/detail/record_stop__type_support.hpp
[23.988s] -- Installing: /home/gera/Desktop/EUFS_FORK_CONTAINERIZED/eufs-f1-sim/ws/install/eufs_msgs/include/eufs_msgs/eufs_msgs/srv/detail/register__type_support.hpp
[23.989s] -- Installing: /home/gera/Desktop/EUFS_FORK_CONTAINERIZED/eufs-f1-sim/ws/install/eufs_msgs/include/eufs_msgs/eufs_msgs/srv/detail/set_can_state__type_support.hpp
[23.989s] -- Installing: /home/gera/Desktop/EUFS_FORK_CONTAINERIZED/eufs-f1-sim/ws/install/eufs_msgs/include/eufs_msgs/eufs_msgs/srv/detail/set_can_state__struct.hpp
[23.989s] -- Installing: /home/gera/Desktop/EUFS_FORK_CONTAINERIZED/eufs-f1-sim/ws/install/eufs_msgs/include/eufs_msgs/eufs_msgs/srv/detail/set_string__traits.hpp
[23.989s] -- Installing: /home/gera/Desktop/EUFS_FORK_CONTAINERIZED/eufs-f1-sim/ws/install/eufs_msgs/include/eufs_msgs/eufs_msgs/srv/detail/get_map__traits.hpp
[23.989s] -- Installing: /home/gera/Desktop/EUFS_FORK_CONTAINERIZED/eufs-f1-sim/ws/install/eufs_msgs/include/eufs_msgs/eufs_msgs/srv/detail/set_track__traits.hpp
[23.989s] -- Installing: /home/gera/Desktop/EUFS_FORK_CONTAINERIZED/eufs-f1-sim/ws/install/eufs_msgs/include/eufs_msgs/eufs_msgs/srv/detail/record_start__struct.hpp
[23.989s] -- Installing: /home/gera/Desktop/EUFS_FORK_CONTAINERIZED/eufs-f1-sim/ws/install/eufs_msgs/include/eufs_msgs/eufs_msgs/srv/detail/record_stop__traits.hpp
[23.989s] -- Installing: /home/gera/Desktop/EUFS_FORK_CONTAINERIZED/eufs-f1-sim/ws/install/eufs_msgs/include/eufs_msgs/eufs_msgs/srv/detail/get_map__struct.hpp
[23.989s] -- Installing: /home/gera/Desktop/EUFS_FORK_CONTAINERIZED/eufs-f1-sim/ws/install/eufs_msgs/include/eufs_msgs/eufs_msgs/srv/detail/set_track__type_support.hpp
[23.989s] -- Installing: /home/gera/Desktop/EUFS_FORK_CONTAINERIZED/eufs-f1-sim/ws/install/eufs_msgs/include/eufs_msgs/eufs_msgs/srv/detail/record_start__type_support.hpp
[23.990s] -- Installing: /home/gera/Desktop/EUFS_FORK_CONTAINERIZED/eufs-f1-sim/ws/install/eufs_msgs/include/eufs_msgs/eufs_msgs/srv/detail/record_stop__struct.hpp
[23.990s] -- Installing: /home/gera/Desktop/EUFS_FORK_CONTAINERIZED/eufs-f1-sim/ws/install/eufs_msgs/include/eufs_msgs/eufs_msgs/srv/detail/register__traits.hpp
[23.990s] -- Installing: /home/gera/Desktop/EUFS_FORK_CONTAINERIZED/eufs-f1-sim/ws/install/eufs_msgs/include/eufs_msgs/eufs_msgs/srv/detail/set_string__builder.hpp
[23.990s] -- Installing: /home/gera/Desktop/EUFS_FORK_CONTAINERIZED/eufs-f1-sim/ws/install/eufs_msgs/include/eufs_msgs/eufs_msgs/srv/detail/set_track__builder.hpp
[23.990s] -- Installing: /home/gera/Desktop/EUFS_FORK_CONTAINERIZED/eufs-f1-sim/ws/install/eufs_msgs/include/eufs_msgs/eufs_msgs/srv/detail/set_string__type_support.hpp
[23.990s] -- Installing: /home/gera/Desktop/EUFS_FORK_CONTAINERIZED/eufs-f1-sim/ws/install/eufs_msgs/include/eufs_msgs/eufs_msgs/srv/detail/set_mission__type_support.hpp
[23.990s] -- Installing: /home/gera/Desktop/EUFS_FORK_CONTAINERIZED/eufs-f1-sim/ws/install/eufs_msgs/include/eufs_msgs/eufs_msgs/srv/detail/set_mission__struct.hpp
[23.990s] -- Installing: /home/gera/Desktop/EUFS_FORK_CONTAINERIZED/eufs-f1-sim/ws/install/eufs_msgs/include/eufs_msgs/eufs_msgs/srv/detail/set_track__struct.hpp
[23.990s] -- Installing: /home/gera/Desktop/EUFS_FORK_CONTAINERIZED/eufs-f1-sim/ws/install/eufs_msgs/include/eufs_msgs/eufs_msgs/srv/detail/record_stop__builder.hpp
[23.990s] -- Installing: /home/gera/Desktop/EUFS_FORK_CONTAINERIZED/eufs-f1-sim/ws/install/eufs_msgs/include/eufs_msgs/eufs_msgs/srv/detail/set_can_state__traits.hpp
[23.990s] -- Installing: /home/gera/Desktop/EUFS_FORK_CONTAINERIZED/eufs-f1-sim/ws/install/eufs_msgs/include/eufs_msgs/eufs_msgs/srv/detail/set_can_state__builder.hpp
[23.990s] -- Installing: /home/gera/Desktop/EUFS_FORK_CONTAINERIZED/eufs-f1-sim/ws/install/eufs_msgs/include/eufs_msgs/eufs_msgs/srv/get_map.hpp
[23.990s] -- Installing: /home/gera/Desktop/EUFS_FORK_CONTAINERIZED/eufs-f1-sim/ws/install/eufs_msgs/include/eufs_msgs/eufs_msgs/srv/set_track.hpp
[23.991s] -- Installing: /home/gera/Desktop/EUFS_FORK_CONTAINERIZED/eufs-f1-sim/ws/install/eufs_msgs/include/eufs_msgs/eufs_msgs/srv/register.hpp
[23.991s] -- Installing: /home/gera/Desktop/EUFS_FORK_CONTAINERIZED/eufs-f1-sim/ws/install/eufs_msgs/include/eufs_msgs/eufs_msgs/srv/set_string.hpp
[23.991s] -- Up-to-date: /home/gera/Desktop/EUFS_FORK_CONTAINERIZED/eufs-f1-sim/ws/install/eufs_msgs/include/eufs_msgs/eufs_msgs/msg
[23.991s] -- Installing: /home/gera/Desktop/EUFS_FORK_CONTAINERIZED/eufs-f1-sim/ws/install/eufs_msgs/include/eufs_msgs/eufs_msgs/msg/cone_with_color_probability.hpp
[23.991s] -- Installing: /home/gera/Desktop/EUFS_FORK_CONTAINERIZED/eufs-f1-sim/ws/install/eufs_msgs/include/eufs_msgs/eufs_msgs/msg/state_machine_state.hpp
[23.991s] -- Installing: /home/gera/Desktop/EUFS_FORK_CONTAINERIZED/eufs-f1-sim/ws/install/eufs_msgs/include/eufs_msgs/eufs_msgs/msg/path_integral_stats.hpp
[23.991s] -- Installing: /home/gera/Desktop/EUFS_FORK_CONTAINERIZED/eufs-f1-sim/ws/install/eufs_msgs/include/eufs_msgs/eufs_msgs/msg/stereo_image.hpp
[23.991s] -- Installing: /home/gera/Desktop/EUFS_FORK_CONTAINERIZED/eufs-f1-sim/ws/install/eufs_msgs/include/eufs_msgs/eufs_msgs/msg/costmap.hpp
[23.991s] -- Installing: /home/gera/Desktop/EUFS_FORK_CONTAINERIZED/eufs-f1-sim/ws/install/eufs_msgs/include/eufs_msgs/eufs_msgs/msg/oss.hpp
[23.991s] -- Installing: /home/gera/Desktop/EUFS_FORK_CONTAINERIZED/eufs-f1-sim/ws/install/eufs_msgs/include/eufs_msgs/eufs_msgs/msg/planning_mode.hpp
[23.992s] -- Installing: /home/gera/Desktop/EUFS_FORK_CONTAINERIZED/eufs-f1-sim/ws/install/eufs_msgs/include/eufs_msgs/eufs_msgs/msg/pure_pursuit_checkpoint.hpp
[23.992s] -- Installing: /home/gera/Desktop/EUFS_FORK_CONTAINERIZED/eufs-f1-sim/ws/install/eufs_msgs/include/eufs_msgs/eufs_msgs/msg/can_state.hpp
[23.992s] -- Installing: /home/gera/Desktop/EUFS_FORK_CONTAINERIZED/eufs-f1-sim/ws/install/eufs_msgs/include/eufs_msgs/eufs_msgs/msg/particle_slam_stamped.hpp
[23.992s] -- Installing: /home/gera/Desktop/EUFS_FORK_CONTAINERIZED/eufs-f1-sim/ws/install/eufs_msgs/include/eufs_msgs/eufs_msgs/msg/path_integral_timing.hpp
[23.992s] -- Installing: /home/gera/Desktop/EUFS_FORK_CONTAINERIZED/eufs-f1-sim/ws/install/eufs_msgs/include/eufs_msgs/eufs_msgs/msg/cone_with_color_probability_array.hpp
[23.995s] -- Installing: /home/gera/Desktop/EUFS_FORK_CONTAINERIZED/eufs-f1-sim/ws/install/eufs_msgs/include/eufs_msgs/eufs_msgs/msg/wheel_speeds.hpp
[23.995s] -- Installing: /home/gera/Desktop/EUFS_FORK_CONTAINERIZED/eufs-f1-sim/ws/install/eufs_msgs/include/eufs_msgs/eufs_msgs/msg/system_status.hpp
[23.996s] -- Installing: /home/gera/Desktop/EUFS_FORK_CONTAINERIZED/eufs-f1-sim/ws/install/eufs_msgs/include/eufs_msgs/eufs_msgs/msg/node_state_array.hpp
[23.996s] -- Installing: /home/gera/Desktop/EUFS_FORK_CONTAINERIZED/eufs-f1-sim/ws/install/eufs_msgs/include/eufs_msgs/eufs_msgs/msg/waypoint.hpp
[23.996s] -- Installing: /home/gera/Desktop/EUFS_FORK_CONTAINERIZED/eufs-f1-sim/ws/install/eufs_msgs/include/eufs_msgs/eufs_msgs/msg/runstop.hpp
[23.996s] -- Installing: /home/gera/Desktop/EUFS_FORK_CONTAINERIZED/eufs-f1-sim/ws/install/eufs_msgs/include/eufs_msgs/eufs_msgs/msg/ekf_err.hpp
[23.996s] -- Installing: /home/gera/Desktop/EUFS_FORK_CONTAINERIZED/eufs-f1-sim/ws/install/eufs_msgs/include/eufs_msgs/eufs_msgs/msg/cone_association.hpp
[23.996s] -- Installing: /home/gera/Desktop/EUFS_FORK_CONTAINERIZED/eufs-f1-sim/ws/install/eufs_msgs/include/eufs_msgs/eufs_msgs/msg/full_state.hpp
[23.996s] -- Installing: /home/gera/Desktop/EUFS_FORK_CONTAINERIZED/eufs-f1-sim/ws/install/eufs_msgs/include/eufs_msgs/eufs_msgs/msg/particle_stamped.hpp
[23.999s] -- Up-to-date: /home/gera/Desktop/EUFS_FORK_CONTAINERIZED/eufs-f1-sim/ws/install/eufs_msgs/include/eufs_msgs/eufs_msgs/msg/detail
[24.000s] -- Installing: /home/gera/Desktop/EUFS_FORK_CONTAINERIZED/eufs-f1-sim/ws/install/eufs_msgs/include/eufs_msgs/eufs_msgs/msg/detail/cone_array_with_covariance__struct.hpp
[24.000s] -- Installing: /home/gera/Desktop/EUFS_FORK_CONTAINERIZED/eufs-f1-sim/ws/install/eufs_msgs/include/eufs_msgs/eufs_msgs/msg/detail/bounding_box__builder.hpp
[24.000s] -- Installing: /home/gera/Desktop/EUFS_FORK_CONTAINERIZED/eufs-f1-sim/ws/install/eufs_msgs/include/eufs_msgs/eufs_msgs/msg/detail/runstop__struct.hpp
[24.000s] -- Installing: /home/gera/Desktop/EUFS_FORK_CONTAINERIZED/eufs-f1-sim/ws/install/eufs_msgs/include/eufs_msgs/eufs_msgs/msg/detail/cone_with_color_probability__struct.hpp
[24.000s] -- Installing: /home/gera/Desktop/EUFS_FORK_CONTAINERIZED/eufs-f1-sim/ws/install/eufs_msgs/include/eufs_msgs/eufs_msgs/msg/detail/vehicle_commands__traits.hpp
[24.000s] -- Installing: /home/gera/Desktop/EUFS_FORK_CONTAINERIZED/eufs-f1-sim/ws/install/eufs_msgs/include/eufs_msgs/eufs_msgs/msg/detail/vehicle_commands__struct.hpp
[24.000s] -- Installing: /home/gera/Desktop/EUFS_FORK_CONTAINERIZED/eufs-f1-sim/ws/install/eufs_msgs/include/eufs_msgs/eufs_msgs/msg/detail/node_state__builder.hpp
[24.001s] -- Installing: /home/gera/Desktop/EUFS_FORK_CONTAINERIZED/eufs-f1-sim/ws/install/eufs_msgs/include/eufs_msgs/eufs_msgs/msg/detail/wheel_odometry_err__type_support.hpp
[24.001s] -- Installing: /home/gera/Desktop/EUFS_FORK_CONTAINERIZED/eufs-f1-sim/ws/install/eufs_msgs/include/eufs_msgs/eufs_msgs/msg/detail/cone_with_color_probability_array__struct.hpp
[24.001s] -- Installing: /home/gera/Desktop/EUFS_FORK_CONTAINERIZED/eufs-f1-sim/ws/install/eufs_msgs/include/eufs_msgs/eufs_msgs/msg/detail/cpu_status__builder.hpp
[24.001s] -- Installing: /home/gera/Desktop/EUFS_FORK_CONTAINERIZED/eufs-f1-sim/ws/install/eufs_msgs/include/eufs_msgs/eufs_msgs/msg/detail/cone_association_array_stamped__struct.hpp
[24.001s] -- Installing: /home/gera/Desktop/EUFS_FORK_CONTAINERIZED/eufs-f1-sim/ws/install/eufs_msgs/include/eufs_msgs/eufs_msgs/msg/detail/planning_mode__type_support.hpp
[24.001s] -- Installing: /home/gera/Desktop/EUFS_FORK_CONTAINERIZED/eufs-f1-sim/ws/install/eufs_msgs/include/eufs_msgs/eufs_msgs/msg/detail/heartbeat__traits.hpp
[24.001s] -- Installing: /home/gera/Desktop/EUFS_FORK_CONTAINERIZED/eufs-f1-sim/ws/install/eufs_msgs/include/eufs_msgs/eufs_msgs/msg/detail/oss__traits.hpp
[24.002s] -- Installing: /home/gera/Desktop/EUFS_FORK_CONTAINERIZED/eufs-f1-sim/ws/install/eufs_msgs/include/eufs_msgs/eufs_msgs/msg/detail/runstop__builder.hpp
[24.002s] -- Installing: /home/gera/Desktop/EUFS_FORK_CONTAINERIZED/eufs-f1-sim/ws/install/eufs_msgs/include/eufs_msgs/eufs_msgs/msg/detail/bounding_boxes__builder.hpp
[24.002s] -- Installing: /home/gera/Desktop/EUFS_FORK_CONTAINERIZED/eufs-f1-sim/ws/install/eufs_msgs/include/eufs_msgs/eufs_msgs/msg/detail/integration_err__traits.hpp
[24.002s] -- Installing: /home/gera/Desktop/EUFS_FORK_CONTAINERIZED/eufs-f1-sim/ws/install/eufs_msgs/include/eufs_msgs/eufs_msgs/msg/detail/integration_err__builder.hpp
[24.002s] -- Installing: /home/gera/Desktop/EUFS_FORK_CONTAINERIZED/eufs-f1-sim/ws/install/eufs_msgs/include/eufs_msgs/eufs_msgs/msg/detail/chassis_state__type_support.hpp
[24.002s] -- Installing: /home/gera/Desktop/EUFS_FORK_CONTAINERIZED/eufs-f1-sim/ws/install/eufs_msgs/include/eufs_msgs/eufs_msgs/msg/detail/ekf_state__builder.hpp
[24.002s] -- Installing: /home/gera/Desktop/EUFS_FORK_CONTAINERIZED/eufs-f1-sim/ws/install/eufs_msgs/include/eufs_msgs/eufs_msgs/msg/detail/waypoint__traits.hpp
[24.002s] -- Installing: /home/gera/Desktop/EUFS_FORK_CONTAINERIZED/eufs-f1-sim/ws/install/eufs_msgs/include/eufs_msgs/eufs_msgs/msg/detail/costmap__struct.hpp
[24.002s] -- Installing: /home/gera/Desktop/EUFS_FORK_CONTAINERIZED/eufs-f1-sim/ws/install/eufs_msgs/include/eufs_msgs/eufs_msgs/msg/detail/wheel_speeds_stamped__traits.hpp
[24.002s] -- Installing: /home/gera/Desktop/EUFS_FORK_CONTAINERIZED/eufs-f1-sim/ws/install/eufs_msgs/include/eufs_msgs/eufs_msgs/msg/detail/particle_slam__type_support.hpp
[24.002s] -- Installing: /home/gera/Desktop/EUFS_FORK_CONTAINERIZED/eufs-f1-sim/ws/install/eufs_msgs/include/eufs_msgs/eufs_msgs/msg/detail/cone_with_color_probability_array__type_support.hpp
[24.003s] -- Installing: /home/gera/Desktop/EUFS_FORK_CONTAINERIZED/eufs-f1-sim/ws/install/eufs_msgs/include/eufs_msgs/eufs_msgs/msg/detail/cone_association_array_array_stamped__struct.hpp
[24.003s] -- Installing: /home/gera/Desktop/EUFS_FORK_CONTAINERIZED/eufs-f1-sim/ws/install/eufs_msgs/include/eufs_msgs/eufs_msgs/msg/detail/cone_array__builder.hpp
[24.003s] -- Installing: /home/gera/Desktop/EUFS_FORK_CONTAINERIZED/eufs-f1-sim/ws/install/eufs_msgs/include/eufs_msgs/eufs_msgs/msg/detail/bounding_boxes__struct.hpp
[24.003s] -- Installing: /home/gera/Desktop/EUFS_FORK_CONTAINERIZED/eufs-f1-sim/ws/install/eufs_msgs/include/eufs_msgs/eufs_msgs/msg/detail/can_state__type_support.hpp
[24.003s] -- Installing: /home/gera/Desktop/EUFS_FORK_CONTAINERIZED/eufs-f1-sim/ws/install/eufs_msgs/include/eufs_msgs/eufs_msgs/msg/detail/stereo_image__builder.hpp
[24.003s] -- Installing: /home/gera/Desktop/EUFS_FORK_CONTAINERIZED/eufs-f1-sim/ws/install/eufs_msgs/include/eufs_msgs/eufs_msgs/msg/detail/particle__struct.hpp
[24.003s] -- Installing: /home/gera/Desktop/EUFS_FORK_CONTAINERIZED/eufs-f1-sim/ws/install/eufs_msgs/include/eufs_msgs/eufs_msgs/msg/detail/path_integral_timing__builder.hpp
[24.003s] -- Installing: /home/gera/Desktop/EUFS_FORK_CONTAINERIZED/eufs-f1-sim/ws/install/eufs_msgs/include/eufs_msgs/eufs_msgs/msg/detail/slam_state__type_support.hpp
[24.003s] -- Installing: /home/gera/Desktop/EUFS_FORK_CONTAINERIZED/eufs-f1-sim/ws/install/eufs_msgs/include/eufs_msgs/eufs_msgs/msg/detail/point_array__traits.hpp
[24.003s] -- Installing: /home/gera/Desktop/EUFS_FORK_CONTAINERIZED/eufs-f1-sim/ws/install/eufs_msgs/include/eufs_msgs/eufs_msgs/msg/detail/stereo_image__struct.hpp
[24.003s] -- Installing: /home/gera/Desktop/EUFS_FORK_CONTAINERIZED/eufs-f1-sim/ws/install/eufs_msgs/include/eufs_msgs/eufs_msgs/msg/detail/state_machine_state__traits.hpp
[24.003s] -- Installing: /home/gera/Desktop/EUFS_FORK_CONTAINERIZED/eufs-f1-sim/ws/install/eufs_msgs/include/eufs_msgs/eufs_msgs/msg/detail/node_state__traits.hpp
[24.003s] -- Installing: /home/gera/Desktop/EUFS_FORK_CONTAINERIZED/eufs-f1-sim/ws/install/eufs_msgs/include/eufs_msgs/eufs_msgs/msg/detail/cone_array_with_covariance__builder.hpp
[24.004s] -- Installing: /home/gera/Desktop/EUFS_FORK_CONTAINERIZED/eufs-f1-sim/ws/install/eufs_msgs/include/eufs_msgs/eufs_msgs/msg/detail/vehicle_commands__builder.hpp
[24.004s] -- Installing: /home/gera/Desktop/EUFS_FORK_CONTAINERIZED/eufs-f1-sim/ws/install/eufs_msgs/include/eufs_msgs/eufs_msgs/msg/detail/wheel_speeds__traits.hpp
[24.004s] -- Installing: /home/gera/Desktop/EUFS_FORK_CONTAINERIZED/eufs-f1-sim/ws/install/eufs_msgs/include/eufs_msgs/eufs_msgs/msg/detail/slam_err__builder.hpp
[24.004s] -- Installing: /home/gera/Desktop/EUFS_FORK_CONTAINERIZED/eufs-f1-sim/ws/install/eufs_msgs/include/eufs_msgs/eufs_msgs/msg/detail/path_integral_params__type_support.hpp
[24.004s] -- Installing: /home/gera/Desktop/EUFS_FORK_CONTAINERIZED/eufs-f1-sim/ws/install/eufs_msgs/include/eufs_msgs/eufs_msgs/msg/detail/slam_state__builder.hpp
[24.004s] -- Installing: /home/gera/Desktop/EUFS_FORK_CONTAINERIZED/eufs-f1-sim/ws/install/eufs_msgs/include/eufs_msgs/eufs_msgs/msg/detail/wheel_odometry_err__builder.hpp
[24.004s] -- Installing: /home/gera/Desktop/EUFS_FORK_CONTAINERIZED/eufs-f1-sim/ws/install/eufs_msgs/include/eufs_msgs/eufs_msgs/msg/detail/wheel_odometry_err__struct.hpp
[24.004s] -- Installing: /home/gera/Desktop/EUFS_FORK_CONTAINERIZED/eufs-f1-sim/ws/install/eufs_msgs/include/eufs_msgs/eufs_msgs/msg/detail/point_array_stamped__struct.hpp
[24.004s] -- Installing: /home/gera/Desktop/EUFS_FORK_CONTAINERIZED/eufs-f1-sim/ws/install/eufs_msgs/include/eufs_msgs/eufs_msgs/msg/detail/lap_stats__builder.hpp
[24.004s] -- Installing: /home/gera/Desktop/EUFS_FORK_CONTAINERIZED/eufs-f1-sim/ws/install/eufs_msgs/include/eufs_msgs/eufs_msgs/msg/detail/mpc_state__struct.hpp
[24.005s] -- Installing: /home/gera/Desktop/EUFS_FORK_CONTAINERIZED/eufs-f1-sim/ws/install/eufs_msgs/include/eufs_msgs/eufs_msgs/msg/detail/wheel_odometry_err__traits.hpp
[24.005s] -- Installing: /home/gera/Desktop/EUFS_FORK_CONTAINERIZED/eufs-f1-sim/ws/install/eufs_msgs/include/eufs_msgs/eufs_msgs/msg/detail/cone_with_covariance__struct.hpp
[24.005s] -- Installing: /home/gera/Desktop/EUFS_FORK_CONTAINERIZED/eufs-f1-sim/ws/install/eufs_msgs/include/eufs_msgs/eufs_msgs/msg/detail/chassis_command__type_support.hpp
[24.005s] -- Installing: /home/gera/Desktop/EUFS_FORK_CONTAINERIZED/eufs-f1-sim/ws/install/eufs_msgs/include/eufs_msgs/eufs_msgs/msg/detail/cone_association_array_array_stamped__traits.hpp
[24.005s] -- Installing: /home/gera/Desktop/EUFS_FORK_CONTAINERIZED/eufs-f1-sim/ws/install/eufs_msgs/include/eufs_msgs/eufs_msgs/msg/detail/cone_association__type_support.hpp
[24.005s] -- Installing: /home/gera/Desktop/EUFS_FORK_CONTAINERIZED/eufs-f1-sim/ws/install/eufs_msgs/include/eufs_msgs/eufs_msgs/msg/detail/can_state__builder.hpp
[24.005s] -- Installing: /home/gera/Desktop/EUFS_FORK_CONTAINERIZED/eufs-f1-sim/ws/install/eufs_msgs/include/eufs_msgs/eufs_msgs/msg/detail/slam_err__struct.hpp
[24.005s] -- Installing: /home/gera/Desktop/EUFS_FORK_CONTAINERIZED/eufs-f1-sim/ws/install/eufs_msgs/include/eufs_msgs/eufs_msgs/msg/detail/path_integral_status__struct.hpp
[24.005s] -- Installing: /home/gera/Desktop/EUFS_FORK_CONTAINERIZED/eufs-f1-sim/ws/install/eufs_msgs/include/eufs_msgs/eufs_msgs/msg/detail/path_integral_timing__struct.hpp
[24.005s] -- Installing: /home/gera/Desktop/EUFS_FORK_CONTAINERIZED/eufs-f1-sim/ws/install/eufs_msgs/include/eufs_msgs/eufs_msgs/msg/detail/cone_with_color_probability__traits.hpp
[24.005s] -- Installing: /home/gera/Desktop/EUFS_FORK_CONTAINERIZED/eufs-f1-sim/ws/install/eufs_msgs/include/eufs_msgs/eufs_msgs/msg/detail/cone_association_array_array_stamped__builder.hpp
[24.006s] -- Installing: /home/gera/Desktop/EUFS_FORK_CONTAINERIZED/eufs-f1-sim/ws/install/eufs_msgs/include/eufs_msgs/eufs_msgs/msg/detail/point_array_stamped__type_support.hpp
[24.006s] -- Installing: /home/gera/Desktop/EUFS_FORK_CONTAINERIZED/eufs-f1-sim/ws/install/eufs_msgs/include/eufs_msgs/eufs_msgs/msg/detail/ekf_state__type_support.hpp
[24.006s] -- Installing: /home/gera/Desktop/EUFS_FORK_CONTAINERIZED/eufs-f1-sim/ws/install/eufs_msgs/include/eufs_msgs/eufs_msgs/msg/detail/slam_err__traits.hpp
[24.006s] -- Installing: /home/gera/Desktop/EUFS_FORK_CONTAINERIZED/eufs-f1-sim/ws/install/eufs_msgs/include/eufs_msgs/eufs_msgs/msg/detail/full_state__builder.hpp
[24.006s] -- Installing: /home/gera/Desktop/EUFS_FORK_CONTAINERIZED/eufs-f1-sim/ws/install/eufs_msgs/include/eufs_msgs/eufs_msgs/msg/detail/ekf_state__traits.hpp
[24.006s] -- Installing: /home/gera/Desktop/EUFS_FORK_CONTAINERIZED/eufs-f1-sim/ws/install/eufs_msgs/include/eufs_msgs/eufs_msgs/msg/detail/cone_with_covariance__builder.hpp
[24.006s] -- Installing: /home/gera/Desktop/EUFS_FORK_CONTAINERIZED/eufs-f1-sim/ws/install/eufs_msgs/include/eufs_msgs/eufs_msgs/msg/detail/chassis_command__traits.hpp
[24.006s] -- Installing: /home/gera/Desktop/EUFS_FORK_CONTAINERIZED/eufs-f1-sim/ws/install/eufs_msgs/include/eufs_msgs/eufs_msgs/msg/detail/node_state_array__struct.hpp
[24.006s] -- Installing: /home/gera/Desktop/EUFS_FORK_CONTAINERIZED/eufs-f1-sim/ws/install/eufs_msgs/include/eufs_msgs/eufs_msgs/msg/detail/point_array__struct.hpp
[24.006s] -- Installing: /home/gera/Desktop/EUFS_FORK_CONTAINERIZED/eufs-f1-sim/ws/install/eufs_msgs/include/eufs_msgs/eufs_msgs/msg/detail/chassis_state__builder.hpp
[24.006s] -- Installing: /home/gera/Desktop/EUFS_FORK_CONTAINERIZED/eufs-f1-sim/ws/install/eufs_msgs/include/eufs_msgs/eufs_msgs/msg/detail/particle_stamped__type_support.hpp
[24.006s] -- Installing: /home/gera/Desktop/EUFS_FORK_CONTAINERIZED/eufs-f1-sim/ws/install/eufs_msgs/include/eufs_msgs/eufs_msgs/msg/detail/oss__builder.hpp
[24.006s] -- Installing: /home/gera/Desktop/EUFS_FORK_CONTAINERIZED/eufs-f1-sim/ws/install/eufs_msgs/include/eufs_msgs/eufs_msgs/msg/detail/oss__type_support.hpp
[24.006s] -- Installing: /home/gera/Desktop/EUFS_FORK_CONTAINERIZED/eufs-f1-sim/ws/install/eufs_msgs/include/eufs_msgs/eufs_msgs/msg/detail/cone_association_array_stamped__type_support.hpp
[24.007s] -- Installing: /home/gera/Desktop/EUFS_FORK_CONTAINERIZED/eufs-f1-sim/ws/install/eufs_msgs/include/eufs_msgs/eufs_msgs/msg/detail/path_integral_params__builder.hpp
[24.007s] -- Installing: /home/gera/Desktop/EUFS_FORK_CONTAINERIZED/eufs-f1-sim/ws/install/eufs_msgs/include/eufs_msgs/eufs_msgs/msg/detail/heartbeat__builder.hpp
[24.007s] -- Installing: /home/gera/Desktop/EUFS_FORK_CONTAINERIZED/eufs-f1-sim/ws/install/eufs_msgs/include/eufs_msgs/eufs_msgs/msg/detail/stereo_image__type_support.hpp
[24.007s] -- Installing: /home/gera/Desktop/EUFS_FORK_CONTAINERIZED/eufs-f1-sim/ws/install/eufs_msgs/include/eufs_msgs/eufs_msgs/msg/detail/ekf_err__type_support.hpp
[24.007s] -- Installing: /home/gera/Desktop/EUFS_FORK_CONTAINERIZED/eufs-f1-sim/ws/install/eufs_msgs/include/eufs_msgs/eufs_msgs/msg/detail/integration_err__struct.hpp
[24.007s] -- Installing: /home/gera/Desktop/EUFS_FORK_CONTAINERIZED/eufs-f1-sim/ws/install/eufs_msgs/include/eufs_msgs/eufs_msgs/msg/detail/vehicle_commands_stamped__traits.hpp
[24.007s] -- Installing: /home/gera/Desktop/EUFS_FORK_CONTAINERIZED/eufs-f1-sim/ws/install/eufs_msgs/include/eufs_msgs/eufs_msgs/msg/detail/waypoint__type_support.hpp
[24.007s] -- Installing: /home/gera/Desktop/EUFS_FORK_CONTAINERIZED/eufs-f1-sim/ws/install/eufs_msgs/include/eufs_msgs/eufs_msgs/msg/detail/cone_association__struct.hpp
[24.007s] -- Installing: /home/gera/Desktop/EUFS_FORK_CONTAINERIZED/eufs-f1-sim/ws/install/eufs_msgs/include/eufs_msgs/eufs_msgs/msg/detail/car_forces__builder.hpp
[24.008s] -- Installing: /home/gera/Desktop/EUFS_FORK_CONTAINERIZED/eufs-f1-sim/ws/install/eufs_msgs/include/eufs_msgs/eufs_msgs/msg/detail/pure_pursuit_checkpoint__struct.hpp
[24.008s] -- Installing: /home/gera/Desktop/EUFS_FORK_CONTAINERIZED/eufs-f1-sim/ws/install/eufs_msgs/include/eufs_msgs/eufs_msgs/msg/detail/slam_err__type_support.hpp
[24.008s] -- Installing: /home/gera/Desktop/EUFS_FORK_CONTAINERIZED/eufs-f1-sim/ws/install/eufs_msgs/include/eufs_msgs/eufs_msgs/msg/detail/chassis_state__struct.hpp
[24.008s] -- Installing: /home/gera/Desktop/EUFS_FORK_CONTAINERIZED/eufs-f1-sim/ws/install/eufs_msgs/include/eufs_msgs/eufs_msgs/msg/detail/particle_stamped__builder.hpp
[24.008s] -- Installing: /home/gera/Desktop/EUFS_FORK_CONTAINERIZED/eufs-f1-sim/ws/install/eufs_msgs/include/eufs_msgs/eufs_msgs/msg/detail/oss__struct.hpp
[24.008s] -- Installing: /home/gera/Desktop/EUFS_FORK_CONTAINERIZED/eufs-f1-sim/ws/install/eufs_msgs/include/eufs_msgs/eufs_msgs/msg/detail/wheel_speeds_stamped__builder.hpp
[24.008s] -- Installing: /home/gera/Desktop/EUFS_FORK_CONTAINERIZED/eufs-f1-sim/ws/install/eufs_msgs/include/eufs_msgs/eufs_msgs/msg/detail/system_status__struct.hpp
[24.008s] -- Installing: /home/gera/Desktop/EUFS_FORK_CONTAINERIZED/eufs-f1-sim/ws/install/eufs_msgs/include/eufs_msgs/eufs_msgs/msg/detail/path_integral_stats__builder.hpp
[24.008s] -- Installing: /home/gera/Desktop/EUFS_FORK_CONTAINERIZED/eufs-f1-sim/ws/install/eufs_msgs/include/eufs_msgs/eufs_msgs/msg/detail/cpu_usage__traits.hpp
[24.008s] -- Installing: /home/gera/Desktop/EUFS_FORK_CONTAINERIZED/eufs-f1-sim/ws/install/eufs_msgs/include/eufs_msgs/eufs_msgs/msg/detail/wheel_speeds__struct.hpp
[24.008s] -- Installing: /home/gera/Desktop/EUFS_FORK_CONTAINERIZED/eufs-f1-sim/ws/install/eufs_msgs/include/eufs_msgs/eufs_msgs/msg/detail/state_machine_state__builder.hpp
[24.008s] -- Installing: /home/gera/Desktop/EUFS_FORK_CONTAINERIZED/eufs-f1-sim/ws/install/eufs_msgs/include/eufs_msgs/eufs_msgs/msg/detail/ekf_state__struct.hpp
[24.008s] -- Installing: /home/gera/Desktop/EUFS_FORK_CONTAINERIZED/eufs-f1-sim/ws/install/eufs_msgs/include/eufs_msgs/eufs_msgs/msg/detail/cone_array__traits.hpp
[24.008s] -- Installing: /home/gera/Desktop/EUFS_FORK_CONTAINERIZED/eufs-f1-sim/ws/install/eufs_msgs/include/eufs_msgs/eufs_msgs/msg/detail/mpc_state__type_support.hpp
[24.008s] -- Installing: /home/gera/Desktop/EUFS_FORK_CONTAINERIZED/eufs-f1-sim/ws/install/eufs_msgs/include/eufs_msgs/eufs_msgs/msg/detail/chassis_command__struct.hpp
[24.009s] -- Installing: /home/gera/Desktop/EUFS_FORK_CONTAINERIZED/eufs-f1-sim/ws/install/eufs_msgs/include/eufs_msgs/eufs_msgs/msg/detail/pure_pursuit_checkpoint__traits.hpp
[24.009s] -- Installing: /home/gera/Desktop/EUFS_FORK_CONTAINERIZED/eufs-f1-sim/ws/install/eufs_msgs/include/eufs_msgs/eufs_msgs/msg/detail/particle__builder.hpp
[24.009s] -- Installing: /home/gera/Desktop/EUFS_FORK_CONTAINERIZED/eufs-f1-sim/ws/install/eufs_msgs/include/eufs_msgs/eufs_msgs/msg/detail/node_state_array__type_support.hpp
[24.009s] -- Installing: /home/gera/Desktop/EUFS_FORK_CONTAINERIZED/eufs-f1-sim/ws/install/eufs_msgs/include/eufs_msgs/eufs_msgs/msg/detail/chassis_state__traits.hpp
[24.009s] -- Installing: /home/gera/Desktop/EUFS_FORK_CONTAINERIZED/eufs-f1-sim/ws/install/eufs_msgs/include/eufs_msgs/eufs_msgs/msg/detail/path_integral_params__struct.hpp
[24.009s] -- Installing: /home/gera/Desktop/EUFS_FORK_CONTAINERIZED/eufs-f1-sim/ws/install/eufs_msgs/include/eufs_msgs/eufs_msgs/msg/detail/vehicle_commands_stamped__builder.hpp
[24.010s] -- Installing: /home/gera/Desktop/EUFS_FORK_CONTAINERIZED/eufs-f1-sim/ws/install/eufs_msgs/include/eufs_msgs/eufs_msgs/msg/detail/costmap__builder.hpp
[24.010s] -- Installing: /home/gera/Desktop/EUFS_FORK_CONTAINERIZED/eufs-f1-sim/ws/install/eufs_msgs/include/eufs_msgs/eufs_msgs/msg/detail/path_integral_stats__type_support.hpp
[24.010s] -- Installing: /home/gera/Desktop/EUFS_FORK_CONTAINERIZED/eufs-f1-sim/ws/install/eufs_msgs/include/eufs_msgs/eufs_msgs/msg/detail/car_state__builder.hpp
[24.010s] -- Installing: /home/gera/Desktop/EUFS_FORK_CONTAINERIZED/eufs-f1-sim/ws/install/eufs_msgs/include/eufs_msgs/eufs_msgs/msg/detail/path_integral_status__traits.hpp
[24.010s] -- Installing: /home/gera/Desktop/EUFS_FORK_CONTAINERIZED/eufs-f1-sim/ws/install/eufs_msgs/include/eufs_msgs/eufs_msgs/msg/detail/chassis_command__builder.hpp
[24.010s] -- Installing: /home/gera/Desktop/EUFS_FORK_CONTAINERIZED/eufs-f1-sim/ws/install/eufs_msgs/include/eufs_msgs/eufs_msgs/msg/detail/cpu_status__traits.hpp
[24.010s] -- Installing: /home/gera/Desktop/EUFS_FORK_CONTAINERIZED/eufs-f1-sim/ws/install/eufs_msgs/include/eufs_msgs/eufs_msgs/msg/detail/wheel_speeds__builder.hpp
[24.010s] -- Installing: /home/gera/Desktop/EUFS_FORK_CONTAINERIZED/eufs-f1-sim/ws/install/eufs_msgs/include/eufs_msgs/eufs_msgs/msg/detail/system_status__builder.hpp
[24.010s] -- Installing: /home/gera/Desktop/EUFS_FORK_CONTAINERIZED/eufs-f1-sim/ws/install/eufs_msgs/include/eufs_msgs/eufs_msgs/msg/detail/cpu_usage__type_support.hpp
[24.010s] -- Installing: /home/gera/Desktop/EUFS_FORK_CONTAINERIZED/eufs-f1-sim/ws/install/eufs_msgs/include/eufs_msgs/eufs_msgs/msg/detail/path_integral_status__type_support.hpp
[24.010s] -- Installing: /home/gera/Desktop/EUFS_FORK_CONTAINERIZED/eufs-f1-sim/ws/install/eufs_msgs/include/eufs_msgs/eufs_msgs/msg/detail/path_integral_stats__traits.hpp
[24.010s] -- Installing: /home/gera/Desktop/EUFS_FORK_CONTAINERIZED/eufs-f1-sim/ws/install/eufs_msgs/include/eufs_msgs/eufs_msgs/msg/detail/system_status__type_support.hpp
[24.010s] -- Installing: /home/gera/Desktop/EUFS_FORK_CONTAINERIZED/eufs-f1-sim/ws/install/eufs_msgs/include/eufs_msgs/eufs_msgs/msg/detail/cpu_usage__struct.hpp
[24.011s] -- Installing: /home/gera/Desktop/EUFS_FORK_CONTAINERIZED/eufs-f1-sim/ws/install/eufs_msgs/include/eufs_msgs/eufs_msgs/msg/detail/bounding_box__struct.hpp
[24.011s] -- Installing: /home/gera/Desktop/EUFS_FORK_CONTAINERIZED/eufs-f1-sim/ws/install/eufs_msgs/include/eufs_msgs/eufs_msgs/msg/detail/path_integral_status__builder.hpp
[24.011s] -- Installing: /home/gera/Desktop/EUFS_FORK_CONTAINERIZED/eufs-f1-sim/ws/install/eufs_msgs/include/eufs_msgs/eufs_msgs/msg/detail/lap_stats__struct.hpp
[24.011s] -- Installing: /home/gera/Desktop/EUFS_FORK_CONTAINERIZED/eufs-f1-sim/ws/install/eufs_msgs/include/eufs_msgs/eufs_msgs/msg/detail/waypoint_array_stamped__type_support.hpp
[24.011s] -- Installing: /home/gera/Desktop/EUFS_FORK_CONTAINERIZED/eufs-f1-sim/ws/install/eufs_msgs/include/eufs_msgs/eufs_msgs/msg/detail/node_state__type_support.hpp
[24.011s] -- Installing: /home/gera/Desktop/EUFS_FORK_CONTAINERIZED/eufs-f1-sim/ws/install/eufs_msgs/include/eufs_msgs/eufs_msgs/msg/detail/cone_association_array_stamped__traits.hpp
[24.011s] -- Installing: /home/gera/Desktop/EUFS_FORK_CONTAINERIZED/eufs-f1-sim/ws/install/eufs_msgs/include/eufs_msgs/eufs_msgs/msg/detail/node_state_array__traits.hpp
[24.011s] -- Installing: /home/gera/Desktop/EUFS_FORK_CONTAINERIZED/eufs-f1-sim/ws/install/eufs_msgs/include/eufs_msgs/eufs_msgs/msg/detail/heartbeat__struct.hpp
[24.011s] -- Installing: /home/gera/Desktop/EUFS_FORK_CONTAINERIZED/eufs-f1-sim/ws/install/eufs_msgs/include/eufs_msgs/eufs_msgs/msg/detail/bounding_boxes__type_support.hpp
[24.011s] -- Installing: /home/gera/Desktop/EUFS_FORK_CONTAINERIZED/eufs-f1-sim/ws/install/eufs_msgs/include/eufs_msgs/eufs_msgs/msg/detail/waypoint_array_stamped__traits.hpp
[24.012s] -- Installing: /home/gera/Desktop/EUFS_FORK_CONTAINERIZED/eufs-f1-sim/ws/install/eufs_msgs/include/eufs_msgs/eufs_msgs/msg/detail/cone_array_with_covariance__traits.hpp
[24.012s] -- Installing: /home/gera/Desktop/EUFS_FORK_CONTAINERIZED/eufs-f1-sim/ws/install/eufs_msgs/include/eufs_msgs/eufs_msgs/msg/detail/integration_err__type_support.hpp
[24.012s] -- Installing: /home/gera/Desktop/EUFS_FORK_CONTAINERIZED/eufs-f1-sim/ws/install/eufs_msgs/include/eufs_msgs/eufs_msgs/msg/detail/vehicle_commands__type_support.hpp
[24.012s] -- Installing: /home/gera/Desktop/EUFS_FORK_CONTAINERIZED/eufs-f1-sim/ws/install/eufs_msgs/include/eufs_msgs/eufs_msgs/msg/detail/point_array_stamped__traits.hpp
[24.012s] -- Installing: /home/gera/Desktop/EUFS_FORK_CONTAINERIZED/eufs-f1-sim/ws/install/eufs_msgs/include/eufs_msgs/eufs_msgs/msg/detail/can_state__struct.hpp
[24.012s] -- Installing: /home/gera/Desktop/EUFS_FORK_CONTAINERIZED/eufs-f1-sim/ws/install/eufs_msgs/include/eufs_msgs/eufs_msgs/msg/detail/path_integral_params__traits.hpp
[24.012s] -- Installing: /home/gera/Desktop/EUFS_FORK_CONTAINERIZED/eufs-f1-sim/ws/install/eufs_msgs/include/eufs_msgs/eufs_msgs/msg/detail/point_array_stamped__builder.hpp
[24.012s] -- Installing: /home/gera/Desktop/EUFS_FORK_CONTAINERIZED/eufs-f1-sim/ws/install/eufs_msgs/include/eufs_msgs/eufs_msgs/msg/detail/ekf_err__traits.hpp
[24.012s] -- Installing: /home/gera/Desktop/EUFS_FORK_CONTAINERIZED/eufs-f1-sim/ws/install/eufs_msgs/include/eufs_msgs/eufs_msgs/msg/detail/cone_with_color_probability__type_support.hpp
[24.012s] -- Installing: /home/gera/Desktop/EUFS_FORK_CONTAINERIZED/eufs-f1-sim/ws/install/eufs_msgs/include/eufs_msgs/eufs_msgs/msg/detail/car_forces__struct.hpp
[24.012s] -- Installing: /home/gera/Desktop/EUFS_FORK_CONTAINERIZED/eufs-f1-sim/ws/install/eufs_msgs/include/eufs_msgs/eufs_msgs/msg/detail/cone_with_color_probability_array__builder.hpp
[24.012s] -- Installing: /home/gera/Desktop/EUFS_FORK_CONTAINERIZED/eufs-f1-sim/ws/install/eufs_msgs/include/eufs_msgs/eufs_msgs/msg/detail/cone_association__builder.hpp
[24.013s] -- Installing: /home/gera/Desktop/EUFS_FORK_CONTAINERIZED/eufs-f1-sim/ws/install/eufs_msgs/include/eufs_msgs/eufs_msgs/msg/detail/cone_with_covariance__traits.hpp
[24.013s] -- Installing: /home/gera/Desktop/EUFS_FORK_CONTAINERIZED/eufs-f1-sim/ws/install/eufs_msgs/include/eufs_msgs/eufs_msgs/msg/detail/vehicle_commands_stamped__struct.hpp
[24.013s] -- Installing: /home/gera/Desktop/EUFS_FORK_CONTAINERIZED/eufs-f1-sim/ws/install/eufs_msgs/include/eufs_msgs/eufs_msgs/msg/detail/car_state__type_support.hpp
[24.013s] -- Installing: /home/gera/Desktop/EUFS_FORK_CONTAINERIZED/eufs-f1-sim/ws/install/eufs_msgs/include/eufs_msgs/eufs_msgs/msg/detail/cone_association__traits.hpp
[24.013s] -- Installing: /home/gera/Desktop/EUFS_FORK_CONTAINERIZED/eufs-f1-sim/ws/install/eufs_msgs/include/eufs_msgs/eufs_msgs/msg/detail/node_state_array__builder.hpp
[24.013s] -- Installing: /home/gera/Desktop/EUFS_FORK_CONTAINERIZED/eufs-f1-sim/ws/install/eufs_msgs/include/eufs_msgs/eufs_msgs/msg/detail/wheel_speeds_stamped__struct.hpp
[24.013s] -- Installing: /home/gera/Desktop/EUFS_FORK_CONTAINERIZED/eufs-f1-sim/ws/install/eufs_msgs/include/eufs_msgs/eufs_msgs/msg/detail/heartbeat__type_support.hpp
[24.013s] -- Installing: /home/gera/Desktop/EUFS_FORK_CONTAINERIZED/eufs-f1-sim/ws/install/eufs_msgs/include/eufs_msgs/eufs_msgs/msg/detail/waypoint__struct.hpp
[24.013s] -- Installing: /home/gera/Desktop/EUFS_FORK_CONTAINERIZED/eufs-f1-sim/ws/install/eufs_msgs/include/eufs_msgs/eufs_msgs/msg/detail/state_machine_state__struct.hpp
[24.013s] -- Installing: /home/gera/Desktop/EUFS_FORK_CONTAINERIZED/eufs-f1-sim/ws/install/eufs_msgs/include/eufs_msgs/eufs_msgs/msg/detail/slam_state__traits.hpp
[24.013s] -- Installing: /home/gera/Desktop/EUFS_FORK_CONTAINERIZED/eufs-f1-sim/ws/install/eufs_msgs/include/eufs_msgs/eufs_msgs/msg/detail/cpu_usage__builder.hpp
[24.013s] -- Installing: /home/gera/Desktop/EUFS_FORK_CONTAINERIZED/eufs-f1-sim/ws/install/eufs_msgs/include/eufs_msgs/eufs_msgs/msg/detail/particle__traits.hpp
[24.014s] -- Installing: /home/gera/Desktop/EUFS_FORK_CONTAINERIZED/eufs-f1-sim/ws/install/eufs_msgs/include/eufs_msgs/eufs_msgs/msg/detail/vehicle_commands_stamped__type_support.hpp
[24.014s] -- Installing: /home/gera/Desktop/EUFS_FORK_CONTAINERIZED/eufs-f1-sim/ws/install/eufs_msgs/include/eufs_msgs/eufs_msgs/msg/detail/cone_association_array__struct.hpp
[24.014s] -- Installing: /home/gera/Desktop/EUFS_FORK_CONTAINERIZED/eufs-f1-sim/ws/install/eufs_msgs/include/eufs_msgs/eufs_msgs/msg/detail/point_array__type_support.hpp
[24.014s] -- Installing: /home/gera/Desktop/EUFS_FORK_CONTAINERIZED/eufs-f1-sim/ws/install/eufs_msgs/include/eufs_msgs/eufs_msgs/msg/detail/cone_association_array__builder.hpp
[24.014s] -- Installing: /home/gera/Desktop/EUFS_FORK_CONTAINERIZED/eufs-f1-sim/ws/install/eufs_msgs/include/eufs_msgs/eufs_msgs/msg/detail/particle_slam_stamped__traits.hpp
[24.014s] -- Installing: /home/gera/Desktop/EUFS_FORK_CONTAINERIZED/eufs-f1-sim/ws/install/eufs_msgs/include/eufs_msgs/eufs_msgs/msg/detail/pure_pursuit_checkpoint_array_stamped__type_support.hpp
[24.014s] -- Installing: /home/gera/Desktop/EUFS_FORK_CONTAINERIZED/eufs-f1-sim/ws/install/eufs_msgs/include/eufs_msgs/eufs_msgs/msg/detail/full_state__type_support.hpp
[24.014s] -- Installing: /home/gera/Desktop/EUFS_FORK_CONTAINERIZED/eufs-f1-sim/ws/install/eufs_msgs/include/eufs_msgs/eufs_msgs/msg/detail/particle_slam_stamped__type_support.hpp
[24.014s] -- Installing: /home/gera/Desktop/EUFS_FORK_CONTAINERIZED/eufs-f1-sim/ws/install/eufs_msgs/include/eufs_msgs/eufs_msgs/msg/detail/pure_pursuit_checkpoint__builder.hpp
[24.014s] -- Installing: /home/gera/Desktop/EUFS_FORK_CONTAINERIZED/eufs-f1-sim/ws/install/eufs_msgs/include/eufs_msgs/eufs_msgs/msg/detail/particle_slam_stamped__builder.hpp
[24.014s] -- Installing: /home/gera/Desktop/EUFS_FORK_CONTAINERIZED/eufs-f1-sim/ws/install/eufs_msgs/include/eufs_msgs/eufs_msgs/msg/detail/bounding_box__traits.hpp
[24.014s] -- Installing: /home/gera/Desktop/EUFS_FORK_CONTAINERIZED/eufs-f1-sim/ws/install/eufs_msgs/include/eufs_msgs/eufs_msgs/msg/detail/waypoint_array_stamped__struct.hpp
[24.014s] -- Installing: /home/gera/Desktop/EUFS_FORK_CONTAINERIZED/eufs-f1-sim/ws/install/eufs_msgs/include/eufs_msgs/eufs_msgs/msg/detail/path_integral_stats__struct.hpp
[24.015s] -- Installing: /home/gera/Desktop/EUFS_FORK_CONTAINERIZED/eufs-f1-sim/ws/install/eufs_msgs/include/eufs_msgs/eufs_msgs/msg/detail/pure_pursuit_checkpoint_array_stamped__struct.hpp
[24.015s] -- Installing: /home/gera/Desktop/EUFS_FORK_CONTAINERIZED/eufs-f1-sim/ws/install/eufs_msgs/include/eufs_msgs/eufs_msgs/msg/detail/particle_slam_stamped__struct.hpp
[24.015s] -- Installing: /home/gera/Desktop/EUFS_FORK_CONTAINERIZED/eufs-f1-sim/ws/install/eufs_msgs/include/eufs_msgs/eufs_msgs/msg/detail/cone_association_array_stamped__builder.hpp
[24.015s] -- Installing: /home/gera/Desktop/EUFS_FORK_CONTAINERIZED/eufs-f1-sim/ws/install/eufs_msgs/include/eufs_msgs/eufs_msgs/msg/detail/car_state__struct.hpp
[24.015s] -- Installing: /home/gera/Desktop/EUFS_FORK_CONTAINERIZED/eufs-f1-sim/ws/install/eufs_msgs/include/eufs_msgs/eufs_msgs/msg/detail/topic_status__type_support.hpp
[24.015s] -- Installing: /home/gera/Desktop/EUFS_FORK_CONTAINERIZED/eufs-f1-sim/ws/install/eufs_msgs/include/eufs_msgs/eufs_msgs/msg/detail/bounding_boxes__traits.hpp
[24.015s] -- Installing: /home/gera/Desktop/EUFS_FORK_CONTAINERIZED/eufs-f1-sim/ws/install/eufs_msgs/include/eufs_msgs/eufs_msgs/msg/detail/runstop__traits.hpp
[24.015s] -- Installing: /home/gera/Desktop/EUFS_FORK_CONTAINERIZED/eufs-f1-sim/ws/install/eufs_msgs/include/eufs_msgs/eufs_msgs/msg/detail/particle_stamped__struct.hpp
[24.015s] -- Installing: /home/gera/Desktop/EUFS_FORK_CONTAINERIZED/eufs-f1-sim/ws/install/eufs_msgs/include/eufs_msgs/eufs_msgs/msg/detail/waypoint_array_stamped__builder.hpp
[24.015s] -- Installing: /home/gera/Desktop/EUFS_FORK_CONTAINERIZED/eufs-f1-sim/ws/install/eufs_msgs/include/eufs_msgs/eufs_msgs/msg/detail/ekf_err__struct.hpp
[24.015s] -- Installing: /home/gera/Desktop/EUFS_FORK_CONTAINERIZED/eufs-f1-sim/ws/install/eufs_msgs/include/eufs_msgs/eufs_msgs/msg/detail/particle__type_support.hpp
[24.015s] -- Installing: /home/gera/Desktop/EUFS_FORK_CONTAINERIZED/eufs-f1-sim/ws/install/eufs_msgs/include/eufs_msgs/eufs_msgs/msg/detail/costmap__type_support.hpp
[24.016s] -- Installing: /home/gera/Desktop/EUFS_FORK_CONTAINERIZED/eufs-f1-sim/ws/install/eufs_msgs/include/eufs_msgs/eufs_msgs/msg/detail/pure_pursuit_checkpoint_array_stamped__builder.hpp
[24.016s] -- Installing: /home/gera/Desktop/EUFS_FORK_CONTAINERIZED/eufs-f1-sim/ws/install/eufs_msgs/include/eufs_msgs/eufs_msgs/msg/detail/system_status__traits.hpp
[24.016s] -- Installing: /home/gera/Desktop/EUFS_FORK_CONTAINERIZED/eufs-f1-sim/ws/install/eufs_msgs/include/eufs_msgs/eufs_msgs/msg/detail/bounding_box__type_support.hpp
[24.016s] -- Installing: /home/gera/Desktop/EUFS_FORK_CONTAINERIZED/eufs-f1-sim/ws/install/eufs_msgs/include/eufs_msgs/eufs_msgs/msg/detail/particle_slam__traits.hpp
[24.016s] -- Installing: /home/gera/Desktop/EUFS_FORK_CONTAINERIZED/eufs-f1-sim/ws/install/eufs_msgs/include/eufs_msgs/eufs_msgs/msg/detail/topic_status__traits.hpp
[24.016s] -- Installing: /home/gera/Desktop/EUFS_FORK_CONTAINERIZED/eufs-f1-sim/ws/install/eufs_msgs/include/eufs_msgs/eufs_msgs/msg/detail/mpc_state__builder.hpp
[24.016s] -- Installing: /home/gera/Desktop/EUFS_FORK_CONTAINERIZED/eufs-f1-sim/ws/install/eufs_msgs/include/eufs_msgs/eufs_msgs/msg/detail/particle_stamped__traits.hpp
[24.016s] -- Installing: /home/gera/Desktop/EUFS_FORK_CONTAINERIZED/eufs-f1-sim/ws/install/eufs_msgs/include/eufs_msgs/eufs_msgs/msg/detail/costmap__traits.hpp
[24.016s] -- Installing: /home/gera/Desktop/EUFS_FORK_CONTAINERIZED/eufs-f1-sim/ws/install/eufs_msgs/include/eufs_msgs/eufs_msgs/msg/detail/cone_association_array__traits.hpp
[24.016s] -- Installing: /home/gera/Desktop/EUFS_FORK_CONTAINERIZED/eufs-f1-sim/ws/install/eufs_msgs/include/eufs_msgs/eufs_msgs/msg/detail/point_array__builder.hpp
[24.016s] -- Installing: /home/gera/Desktop/EUFS_FORK_CONTAINERIZED/eufs-f1-sim/ws/install/eufs_msgs/include/eufs_msgs/eufs_msgs/msg/detail/ekf_err__builder.hpp
[24.016s] -- Installing: /home/gera/Desktop/EUFS_FORK_CONTAINERIZED/eufs-f1-sim/ws/install/eufs_msgs/include/eufs_msgs/eufs_msgs/msg/detail/full_state__struct.hpp
[24.016s] -- Installing: /home/gera/Desktop/EUFS_FORK_CONTAINERIZED/eufs-f1-sim/ws/install/eufs_msgs/include/eufs_msgs/eufs_msgs/msg/detail/topic_status__builder.hpp
[24.016s] -- Installing: /home/gera/Desktop/EUFS_FORK_CONTAINERIZED/eufs-f1-sim/ws/install/eufs_msgs/include/eufs_msgs/eufs_msgs/msg/detail/cone_array_with_covariance__type_support.hpp
[24.017s] -- Installing: /home/gera/Desktop/EUFS_FORK_CONTAINERIZED/eufs-f1-sim/ws/install/eufs_msgs/include/eufs_msgs/eufs_msgs/msg/detail/path_integral_timing__traits.hpp
[24.017s] -- Installing: /home/gera/Desktop/EUFS_FORK_CONTAINERIZED/eufs-f1-sim/ws/install/eufs_msgs/include/eufs_msgs/eufs_msgs/msg/detail/lap_stats__type_support.hpp
[24.017s] -- Installing: /home/gera/Desktop/EUFS_FORK_CONTAINERIZED/eufs-f1-sim/ws/install/eufs_msgs/include/eufs_msgs/eufs_msgs/msg/detail/wheel_speeds_stamped__type_support.hpp
[24.017s] -- Installing: /home/gera/Desktop/EUFS_FORK_CONTAINERIZED/eufs-f1-sim/ws/install/eufs_msgs/include/eufs_msgs/eufs_msgs/msg/detail/runstop__type_support.hpp
[24.017s] -- Installing: /home/gera/Desktop/EUFS_FORK_CONTAINERIZED/eufs-f1-sim/ws/install/eufs_msgs/include/eufs_msgs/eufs_msgs/msg/detail/lap_stats__traits.hpp
[24.017s] -- Installing: /home/gera/Desktop/EUFS_FORK_CONTAINERIZED/eufs-f1-sim/ws/install/eufs_msgs/include/eufs_msgs/eufs_msgs/msg/detail/cone_association_array_array_stamped__type_support.hpp
[24.017s] -- Installing: /home/gera/Desktop/EUFS_FORK_CONTAINERIZED/eufs-f1-sim/ws/install/eufs_msgs/include/eufs_msgs/eufs_msgs/msg/detail/mpc_state__traits.hpp
[24.017s] -- Installing: /home/gera/Desktop/EUFS_FORK_CONTAINERIZED/eufs-f1-sim/ws/install/eufs_msgs/include/eufs_msgs/eufs_msgs/msg/detail/node_state__struct.hpp
[24.017s] -- Installing: /home/gera/Desktop/EUFS_FORK_CONTAINERIZED/eufs-f1-sim/ws/install/eufs_msgs/include/eufs_msgs/eufs_msgs/msg/detail/particle_slam__builder.hpp
[24.017s] -- Installing: /home/gera/Desktop/EUFS_FORK_CONTAINERIZED/eufs-f1-sim/ws/install/eufs_msgs/include/eufs_msgs/eufs_msgs/msg/detail/pure_pursuit_checkpoint_array_stamped__traits.hpp
[24.017s] -- Installing: /home/gera/Desktop/EUFS_FORK_CONTAINERIZED/eufs-f1-sim/ws/install/eufs_msgs/include/eufs_msgs/eufs_msgs/msg/detail/cone_array__struct.hpp
[24.017s] -- Installing: /home/gera/Desktop/EUFS_FORK_CONTAINERIZED/eufs-f1-sim/ws/install/eufs_msgs/include/eufs_msgs/eufs_msgs/msg/detail/wheel_speeds__type_support.hpp
[24.017s] -- Installing: /home/gera/Desktop/EUFS_FORK_CONTAINERIZED/eufs-f1-sim/ws/install/eufs_msgs/include/eufs_msgs/eufs_msgs/msg/detail/cpu_status__type_support.hpp
[24.018s] -- Installing: /home/gera/Desktop/EUFS_FORK_CONTAINERIZED/eufs-f1-sim/ws/install/eufs_msgs/include/eufs_msgs/eufs_msgs/msg/detail/slam_state__struct.hpp
[24.018s] -- Installing: /home/gera/Desktop/EUFS_FORK_CONTAINERIZED/eufs-f1-sim/ws/install/eufs_msgs/include/eufs_msgs/eufs_msgs/msg/detail/car_forces__type_support.hpp
[24.018s] -- Installing: /home/gera/Desktop/EUFS_FORK_CONTAINERIZED/eufs-f1-sim/ws/install/eufs_msgs/include/eufs_msgs/eufs_msgs/msg/detail/cone_association_array__type_support.hpp
[24.018s] -- Installing: /home/gera/Desktop/EUFS_FORK_CONTAINERIZED/eufs-f1-sim/ws/install/eufs_msgs/include/eufs_msgs/eufs_msgs/msg/detail/stereo_image__traits.hpp
[24.018s] -- Installing: /home/gera/Desktop/EUFS_FORK_CONTAINERIZED/eufs-f1-sim/ws/install/eufs_msgs/include/eufs_msgs/eufs_msgs/msg/detail/state_machine_state__type_support.hpp
[24.018s] -- Installing: /home/gera/Desktop/EUFS_FORK_CONTAINERIZED/eufs-f1-sim/ws/install/eufs_msgs/include/eufs_msgs/eufs_msgs/msg/detail/car_forces__traits.hpp
[24.018s] -- Installing: /home/gera/Desktop/EUFS_FORK_CONTAINERIZED/eufs-f1-sim/ws/install/eufs_msgs/include/eufs_msgs/eufs_msgs/msg/detail/planning_mode__traits.hpp
[24.018s] -- Installing: /home/gera/Desktop/EUFS_FORK_CONTAINERIZED/eufs-f1-sim/ws/install/eufs_msgs/include/eufs_msgs/eufs_msgs/msg/detail/cpu_status__struct.hpp
[24.018s] -- Installing: /home/gera/Desktop/EUFS_FORK_CONTAINERIZED/eufs-f1-sim/ws/install/eufs_msgs/include/eufs_msgs/eufs_msgs/msg/detail/cone_array__type_support.hpp
[24.018s] -- Installing: /home/gera/Desktop/EUFS_FORK_CONTAINERIZED/eufs-f1-sim/ws/install/eufs_msgs/include/eufs_msgs/eufs_msgs/msg/detail/cone_with_color_probability_array__traits.hpp
[24.018s] -- Installing: /home/gera/Desktop/EUFS_FORK_CONTAINERIZED/eufs-f1-sim/ws/install/eufs_msgs/include/eufs_msgs/eufs_msgs/msg/detail/cone_with_color_probability__builder.hpp
[24.018s] -- Installing: /home/gera/Desktop/EUFS_FORK_CONTAINERIZED/eufs-f1-sim/ws/install/eufs_msgs/include/eufs_msgs/eufs_msgs/msg/detail/path_integral_timing__type_support.hpp
[24.018s] -- Installing: /home/gera/Desktop/EUFS_FORK_CONTAINERIZED/eufs-f1-sim/ws/install/eufs_msgs/include/eufs_msgs/eufs_msgs/msg/detail/cone_with_covariance__type_support.hpp
[24.018s] -- Installing: /home/gera/Desktop/EUFS_FORK_CONTAINERIZED/eufs-f1-sim/ws/install/eufs_msgs/include/eufs_msgs/eufs_msgs/msg/detail/can_state__traits.hpp
[24.018s] -- Installing: /home/gera/Desktop/EUFS_FORK_CONTAINERIZED/eufs-f1-sim/ws/install/eufs_msgs/include/eufs_msgs/eufs_msgs/msg/detail/topic_status__struct.hpp
[24.018s] -- Installing: /home/gera/Desktop/EUFS_FORK_CONTAINERIZED/eufs-f1-sim/ws/install/eufs_msgs/include/eufs_msgs/eufs_msgs/msg/detail/waypoint__builder.hpp
[24.019s] -- Installing: /home/gera/Desktop/EUFS_FORK_CONTAINERIZED/eufs-f1-sim/ws/install/eufs_msgs/include/eufs_msgs/eufs_msgs/msg/detail/full_state__traits.hpp
[24.019s] -- Installing: /home/gera/Desktop/EUFS_FORK_CONTAINERIZED/eufs-f1-sim/ws/install/eufs_msgs/include/eufs_msgs/eufs_msgs/msg/detail/car_state__traits.hpp
[24.019s] -- Installing: /home/gera/Desktop/EUFS_FORK_CONTAINERIZED/eufs-f1-sim/ws/install/eufs_msgs/include/eufs_msgs/eufs_msgs/msg/detail/planning_mode__builder.hpp
[24.019s] -- Installing: /home/gera/Desktop/EUFS_FORK_CONTAINERIZED/eufs-f1-sim/ws/install/eufs_msgs/include/eufs_msgs/eufs_msgs/msg/detail/pure_pursuit_checkpoint__type_support.hpp
[24.019s] -- Installing: /home/gera/Desktop/EUFS_FORK_CONTAINERIZED/eufs-f1-sim/ws/install/eufs_msgs/include/eufs_msgs/eufs_msgs/msg/detail/planning_mode__struct.hpp
[24.019s] -- Installing: /home/gera/Desktop/EUFS_FORK_CONTAINERIZED/eufs-f1-sim/ws/install/eufs_msgs/include/eufs_msgs/eufs_msgs/msg/detail/particle_slam__struct.hpp
[24.019s] -- Installing: /home/gera/Desktop/EUFS_FORK_CONTAINERIZED/eufs-f1-sim/ws/install/eufs_msgs/include/eufs_msgs/eufs_msgs/msg/chassis_state.hpp
[24.019s] -- Installing: /home/gera/Desktop/EUFS_FORK_CONTAINERIZED/eufs-f1-sim/ws/install/eufs_msgs/include/eufs_msgs/eufs_msgs/msg/cone_array.hpp
[24.019s] -- Installing: /home/gera/Desktop/EUFS_FORK_CONTAINERIZED/eufs-f1-sim/ws/install/eufs_msgs/include/eufs_msgs/eufs_msgs/msg/point_array.hpp
[24.019s] -- Installing: /home/gera/Desktop/EUFS_FORK_CONTAINERIZED/eufs-f1-sim/ws/install/eufs_msgs/include/eufs_msgs/eufs_msgs/msg/lap_stats.hpp
[24.019s] -- Installing: /home/gera/Desktop/EUFS_FORK_CONTAINERIZED/eufs-f1-sim/ws/install/eufs_msgs/include/eufs_msgs/eufs_msgs/msg/topic_status.hpp
[24.019s] -- Installing: /home/gera/Desktop/EUFS_FORK_CONTAINERIZED/eufs-f1-sim/ws/install/eufs_msgs/include/eufs_msgs/eufs_msgs/msg/cpu_status.hpp
[24.019s] -- Installing: /home/gera/Desktop/EUFS_FORK_CONTAINERIZED/eufs-f1-sim/ws/install/eufs_msgs/include/eufs_msgs/eufs_msgs/msg/waypoint_array_stamped.hpp
[24.019s] -- Installing: /home/gera/Desktop/EUFS_FORK_CONTAINERIZED/eufs-f1-sim/ws/install/eufs_msgs/include/eufs_msgs/eufs_msgs/msg/wheel_odometry_err.hpp
[24.019s] -- Installing: /home/gera/Desktop/EUFS_FORK_CONTAINERIZED/eufs-f1-sim/ws/install/eufs_msgs/include/eufs_msgs/eufs_msgs/msg/node_state.hpp
[24.020s] -- Installing: /home/gera/Desktop/EUFS_FORK_CONTAINERIZED/eufs-f1-sim/ws/install/eufs_msgs/include/eufs_msgs/eufs_msgs/msg/particle.hpp
[24.020s] -- Installing: /home/gera/Desktop/EUFS_FORK_CONTAINERIZED/eufs-f1-sim/ws/install/eufs_msgs/include/eufs_msgs/eufs_msgs/msg/cpu_usage.hpp
[24.020s] -- Installing: /home/gera/Desktop/EUFS_FORK_CONTAINERIZED/eufs-f1-sim/ws/install/eufs_msgs/include/eufs_msgs/eufs_msgs/msg/pure_pursuit_checkpoint_array_stamped.hpp
[24.020s] -- Installing: /home/gera/Desktop/EUFS_FORK_CONTAINERIZED/eufs-f1-sim/ws/install/eufs_msgs/include/eufs_msgs/eufs_msgs/msg/cone_association_array.hpp
[24.020s] -- Installing: /home/gera/Desktop/EUFS_FORK_CONTAINERIZED/eufs-f1-sim/ws/install/eufs_msgs/include/eufs_msgs/eufs_msgs/msg/slam_state.hpp
[24.020s] -- Installing: /home/gera/Desktop/EUFS_FORK_CONTAINERIZED/eufs-f1-sim/ws/install/eufs_msgs/include/eufs_msgs/eufs_msgs/msg/ekf_state.hpp
[24.020s] -- Installing: /home/gera/Desktop/EUFS_FORK_CONTAINERIZED/eufs-f1-sim/ws/install/eufs_msgs/include/eufs_msgs/eufs_msgs/msg/slam_err.hpp
[24.020s] -- Installing: /home/gera/Desktop/EUFS_FORK_CONTAINERIZED/eufs-f1-sim/ws/install/eufs_msgs/include/eufs_msgs/eufs_msgs/msg/path_integral_status.hpp
[24.020s] -- Installing: /home/gera/Desktop/EUFS_FORK_CONTAINERIZED/eufs-f1-sim/ws/install/eufs_msgs/include/eufs_msgs/eufs_msgs/msg/cone_association_array_array_stamped.hpp
[24.020s] -- Installing: /home/gera/Desktop/EUFS_FORK_CONTAINERIZED/eufs-f1-sim/ws/install/eufs_msgs/include/eufs_msgs/eufs_msgs/msg/integration_err.hpp
[24.020s] -- Installing: /home/gera/Desktop/EUFS_FORK_CONTAINERIZED/eufs-f1-sim/ws/install/eufs_msgs/include/eufs_msgs/eufs_msgs/msg/particle_slam.hpp
[24.020s] -- Installing: /home/gera/Desktop/EUFS_FORK_CONTAINERIZED/eufs-f1-sim/ws/install/eufs_msgs/include/eufs_msgs/eufs_msgs/msg/point_array_stamped.hpp
[24.020s] -- Installing: /home/gera/Desktop/EUFS_FORK_CONTAINERIZED/eufs-f1-sim/ws/install/eufs_msgs/include/eufs_msgs/eufs_msgs/msg/wheel_speeds_stamped.hpp
[24.020s] -- Installing: /home/gera/Desktop/EUFS_FORK_CONTAINERIZED/eufs-f1-sim/ws/install/eufs_msgs/include/eufs_msgs/eufs_msgs/msg/bounding_boxes.hpp
[24.020s] -- Installing: /home/gera/Desktop/EUFS_FORK_CONTAINERIZED/eufs-f1-sim/ws/install/eufs_msgs/include/eufs_msgs/eufs_msgs/msg/heartbeat.hpp
[24.020s] -- Installing: /home/gera/Desktop/EUFS_FORK_CONTAINERIZED/eufs-f1-sim/ws/install/eufs_msgs/include/eufs_msgs/eufs_msgs/msg/chassis_command.hpp
[24.020s] -- Installing: /home/gera/Desktop/EUFS_FORK_CONTAINERIZED/eufs-f1-sim/ws/install/eufs_msgs/include/eufs_msgs/eufs_msgs/msg/cone_association_array_stamped.hpp
[24.021s] -- Installing: /home/gera/Desktop/EUFS_FORK_CONTAINERIZED/eufs-f1-sim/ws/install/eufs_msgs/include/eufs_msgs/eufs_msgs/msg/rosidl_generator_cpp__visibility_control.hpp
[24.021s] -- Installing: /home/gera/Desktop/EUFS_FORK_CONTAINERIZED/eufs-f1-sim/ws/install/eufs_msgs/include/eufs_msgs/eufs_msgs/msg/car_state.hpp
[24.021s] -- Installing: /home/gera/Desktop/EUFS_FORK_CONTAINERIZED/eufs-f1-sim/ws/install/eufs_msgs/include/eufs_msgs/eufs_msgs/msg/car_forces.hpp
[24.021s] -- Installing: /home/gera/Desktop/EUFS_FORK_CONTAINERIZED/eufs-f1-sim/ws/install/eufs_msgs/include/eufs_msgs/eufs_msgs/msg/vehicle_commands_stamped.hpp
[24.021s] -- Installing: /home/gera/Desktop/EUFS_FORK_CONTAINERIZED/eufs-f1-sim/ws/install/eufs_msgs/include/eufs_msgs/eufs_msgs/msg/vehicle_commands.hpp
[24.021s] -- Installing: /home/gera/Desktop/EUFS_FORK_CONTAINERIZED/eufs-f1-sim/ws/install/eufs_msgs/include/eufs_msgs/eufs_msgs/msg/cone_array_with_covariance.hpp
[24.021s] -- Installing: /home/gera/Desktop/EUFS_FORK_CONTAINERIZED/eufs-f1-sim/ws/install/eufs_msgs/include/eufs_msgs/eufs_msgs/msg/bounding_box.hpp
[24.021s] -- Installing: /home/gera/Desktop/EUFS_FORK_CONTAINERIZED/eufs-f1-sim/ws/install/eufs_msgs/include/eufs_msgs/eufs_msgs/msg/path_integral_params.hpp
[24.021s] -- Installing: /home/gera/Desktop/EUFS_FORK_CONTAINERIZED/eufs-f1-sim/ws/install/eufs_msgs/include/eufs_msgs/eufs_msgs/msg/cone_with_covariance.hpp
[24.021s] -- Installing: /home/gera/Desktop/EUFS_FORK_CONTAINERIZED/eufs-f1-sim/ws/install/eufs_msgs/include/eufs_msgs/eufs_msgs/msg/mpc_state.hpp
[24.021s] -- Up-to-date: /home/gera/Desktop/EUFS_FORK_CONTAINERIZED/eufs-f1-sim/ws/install/eufs_msgs/include/eufs_msgs/eufs_msgs
[24.021s] -- Up-to-date: /home/gera/Desktop/EUFS_FORK_CONTAINERIZED/eufs-f1-sim/ws/install/eufs_msgs/include/eufs_msgs/eufs_msgs/action
[24.021s] -- Up-to-date: /home/gera/Desktop/EUFS_FORK_CONTAINERIZED/eufs-f1-sim/ws/install/eufs_msgs/include/eufs_msgs/eufs_msgs/action/detail
[24.021s] -- Installing: /home/gera/Desktop/EUFS_FORK_CONTAINERIZED/eufs-f1-sim/ws/install/eufs_msgs/include/eufs_msgs/eufs_msgs/action/detail/check_for_objects__rosidl_typesupport_fastrtps_cpp.hpp
[24.021s] -- Installing: /home/gera/Desktop/EUFS_FORK_CONTAINERIZED/eufs-f1-sim/ws/install/eufs_msgs/include/eufs_msgs/eufs_msgs/action/detail/dds_fastrtps
[24.021s] -- Up-to-date: /home/gera/Desktop/EUFS_FORK_CONTAINERIZED/eufs-f1-sim/ws/install/eufs_msgs/include/eufs_msgs/eufs_msgs/srv
[24.021s] -- Up-to-date: /home/gera/Desktop/EUFS_FORK_CONTAINERIZED/eufs-f1-sim/ws/install/eufs_msgs/include/eufs_msgs/eufs_msgs/srv/detail
[24.021s] -- Installing: /home/gera/Desktop/EUFS_FORK_CONTAINERIZED/eufs-f1-sim/ws/install/eufs_msgs/include/eufs_msgs/eufs_msgs/srv/detail/set_string__rosidl_typesupport_fastrtps_cpp.hpp
[24.022s] -- Installing: /home/gera/Desktop/EUFS_FORK_CONTAINERIZED/eufs-f1-sim/ws/install/eufs_msgs/include/eufs_msgs/eufs_msgs/srv/detail/record_stop__rosidl_typesupport_fastrtps_cpp.hpp
[24.022s] -- Installing: /home/gera/Desktop/EUFS_FORK_CONTAINERIZED/eufs-f1-sim/ws/install/eufs_msgs/include/eufs_msgs/eufs_msgs/srv/detail/register__rosidl_typesupport_fastrtps_cpp.hpp
[24.022s] -- Installing: /home/gera/Desktop/EUFS_FORK_CONTAINERIZED/eufs-f1-sim/ws/install/eufs_msgs/include/eufs_msgs/eufs_msgs/srv/detail/set_track__rosidl_typesupport_fastrtps_cpp.hpp
[24.022s] -- Installing: /home/gera/Desktop/EUFS_FORK_CONTAINERIZED/eufs-f1-sim/ws/install/eufs_msgs/include/eufs_msgs/eufs_msgs/srv/detail/record_start__rosidl_typesupport_fastrtps_cpp.hpp
[24.022s] -- Installing: /home/gera/Desktop/EUFS_FORK_CONTAINERIZED/eufs-f1-sim/ws/install/eufs_msgs/include/eufs_msgs/eufs_msgs/srv/detail/set_mission__rosidl_typesupport_fastrtps_cpp.hpp
[24.022s] -- Installing: /home/gera/Desktop/EUFS_FORK_CONTAINERIZED/eufs-f1-sim/ws/install/eufs_msgs/include/eufs_msgs/eufs_msgs/srv/detail/get_map__rosidl_typesupport_fastrtps_cpp.hpp
[24.022s] -- Installing: /home/gera/Desktop/EUFS_FORK_CONTAINERIZED/eufs-f1-sim/ws/install/eufs_msgs/include/eufs_msgs/eufs_msgs/srv/detail/set_can_state__rosidl_typesupport_fastrtps_cpp.hpp
[24.022s] -- Installing: /home/gera/Desktop/EUFS_FORK_CONTAINERIZED/eufs-f1-sim/ws/install/eufs_msgs/include/eufs_msgs/eufs_msgs/srv/detail/dds_fastrtps
[24.022s] -- Up-to-date: /home/gera/Desktop/EUFS_FORK_CONTAINERIZED/eufs-f1-sim/ws/install/eufs_msgs/include/eufs_msgs/eufs_msgs/msg
[24.022s] -- Installing: /home/gera/Desktop/EUFS_FORK_CONTAINERIZED/eufs-f1-sim/ws/install/eufs_msgs/include/eufs_msgs/eufs_msgs/msg/rosidl_typesupport_fastrtps_cpp__visibility_control.h
[24.022s] -- Up-to-date: /home/gera/Desktop/EUFS_FORK_CONTAINERIZED/eufs-f1-sim/ws/install/eufs_msgs/include/eufs_msgs/eufs_msgs/msg/detail
[24.022s] -- Installing: /home/gera/Desktop/EUFS_FORK_CONTAINERIZED/eufs-f1-sim/ws/install/eufs_msgs/include/eufs_msgs/eufs_msgs/msg/detail/heartbeat__rosidl_typesupport_fastrtps_cpp.hpp
[24.022s] -- Installing: /home/gera/Desktop/EUFS_FORK_CONTAINERIZED/eufs-f1-sim/ws/install/eufs_msgs/include/eufs_msgs/eufs_msgs/msg/detail/slam_err__rosidl_typesupport_fastrtps_cpp.hpp
[24.022s] -- Installing: /home/gera/Desktop/EUFS_FORK_CONTAINERIZED/eufs-f1-sim/ws/install/eufs_msgs/include/eufs_msgs/eufs_msgs/msg/detail/wheel_speeds__rosidl_typesupport_fastrtps_cpp.hpp
[24.022s] -- Installing: /home/gera/Desktop/EUFS_FORK_CONTAINERIZED/eufs-f1-sim/ws/install/eufs_msgs/include/eufs_msgs/eufs_msgs/msg/detail/cone_array_with_covariance__rosidl_typesupport_fastrtps_cpp.hpp
[24.022s] -- Installing: /home/gera/Desktop/EUFS_FORK_CONTAINERIZED/eufs-f1-sim/ws/install/eufs_msgs/include/eufs_msgs/eufs_msgs/msg/detail/node_state__rosidl_typesupport_fastrtps_cpp.hpp
[24.022s] -- Installing: /home/gera/Desktop/EUFS_FORK_CONTAINERIZED/eufs-f1-sim/ws/install/eufs_msgs/include/eufs_msgs/eufs_msgs/msg/detail/path_integral_stats__rosidl_typesupport_fastrtps_cpp.hpp
[24.023s] -- Installing: /home/gera/Desktop/EUFS_FORK_CONTAINERIZED/eufs-f1-sim/ws/install/eufs_msgs/include/eufs_msgs/eufs_msgs/msg/detail/cone_association__rosidl_typesupport_fastrtps_cpp.hpp
[24.023s] -- Installing: /home/gera/Desktop/EUFS_FORK_CONTAINERIZED/eufs-f1-sim/ws/install/eufs_msgs/include/eufs_msgs/eufs_msgs/msg/detail/path_integral_timing__rosidl_typesupport_fastrtps_cpp.hpp
[24.023s] -- Installing: /home/gera/Desktop/EUFS_FORK_CONTAINERIZED/eufs-f1-sim/ws/install/eufs_msgs/include/eufs_msgs/eufs_msgs/msg/detail/vehicle_commands__rosidl_typesupport_fastrtps_cpp.hpp
[24.023s] -- Installing: /home/gera/Desktop/EUFS_FORK_CONTAINERIZED/eufs-f1-sim/ws/install/eufs_msgs/include/eufs_msgs/eufs_msgs/msg/detail/pure_pursuit_checkpoint__rosidl_typesupport_fastrtps_cpp.hpp
[24.023s] -- Installing: /home/gera/Desktop/EUFS_FORK_CONTAINERIZED/eufs-f1-sim/ws/install/eufs_msgs/include/eufs_msgs/eufs_msgs/msg/detail/lap_stats__rosidl_typesupport_fastrtps_cpp.hpp
[24.023s] -- Installing: /home/gera/Desktop/EUFS_FORK_CONTAINERIZED/eufs-f1-sim/ws/install/eufs_msgs/include/eufs_msgs/eufs_msgs/msg/detail/state_machine_state__rosidl_typesupport_fastrtps_cpp.hpp
[24.023s] -- Installing: /home/gera/Desktop/EUFS_FORK_CONTAINERIZED/eufs-f1-sim/ws/install/eufs_msgs/include/eufs_msgs/eufs_msgs/msg/detail/pure_pursuit_checkpoint_array_stamped__rosidl_typesupport_fastrtps_cpp.hpp
[24.023s] -- Installing: /home/gera/Desktop/EUFS_FORK_CONTAINERIZED/eufs-f1-sim/ws/install/eufs_msgs/include/eufs_msgs/eufs_msgs/msg/detail/bounding_box__rosidl_typesupport_fastrtps_cpp.hpp
[24.023s] -- Installing: /home/gera/Desktop/EUFS_FORK_CONTAINERIZED/eufs-f1-sim/ws/install/eufs_msgs/include/eufs_msgs/eufs_msgs/msg/detail/waypoint__rosidl_typesupport_fastrtps_cpp.hpp
[24.023s] -- Installing: /home/gera/Desktop/EUFS_FORK_CONTAINERIZED/eufs-f1-sim/ws/install/eufs_msgs/include/eufs_msgs/eufs_msgs/msg/detail/path_integral_status__rosidl_typesupport_fastrtps_cpp.hpp
[24.023s] -- Installing: /home/gera/Desktop/EUFS_FORK_CONTAINERIZED/eufs-f1-sim/ws/install/eufs_msgs/include/eufs_msgs/eufs_msgs/msg/detail/path_integral_params__rosidl_typesupport_fastrtps_cpp.hpp
[24.023s] -- Installing: /home/gera/Desktop/EUFS_FORK_CONTAINERIZED/eufs-f1-sim/ws/install/eufs_msgs/include/eufs_msgs/eufs_msgs/msg/detail/system_status__rosidl_typesupport_fastrtps_cpp.hpp
[24.023s] -- Installing: /home/gera/Desktop/EUFS_FORK_CONTAINERIZED/eufs-f1-sim/ws/install/eufs_msgs/include/eufs_msgs/eufs_msgs/msg/detail/node_state_array__rosidl_typesupport_fastrtps_cpp.hpp
[24.023s] -- Installing: /home/gera/Desktop/EUFS_FORK_CONTAINERIZED/eufs-f1-sim/ws/install/eufs_msgs/include/eufs_msgs/eufs_msgs/msg/detail/runstop__rosidl_typesupport_fastrtps_cpp.hpp
[24.023s] -- Installing: /home/gera/Desktop/EUFS_FORK_CONTAINERIZED/eufs-f1-sim/ws/install/eufs_msgs/include/eufs_msgs/eufs_msgs/msg/detail/cone_association_array_stamped__rosidl_typesupport_fastrtps_cpp.hpp
[24.023s] -- Installing: /home/gera/Desktop/EUFS_FORK_CONTAINERIZED/eufs-f1-sim/ws/install/eufs_msgs/include/eufs_msgs/eufs_msgs/msg/detail/waypoint_array_stamped__rosidl_typesupport_fastrtps_cpp.hpp
[24.023s] -- Installing: /home/gera/Desktop/EUFS_FORK_CONTAINERIZED/eufs-f1-sim/ws/install/eufs_msgs/include/eufs_msgs/eufs_msgs/msg/detail/mpc_state__rosidl_typesupport_fastrtps_cpp.hpp
[24.024s] -- Installing: /home/gera/Desktop/EUFS_FORK_CONTAINERIZED/eufs-f1-sim/ws/install/eufs_msgs/include/eufs_msgs/eufs_msgs/msg/detail/topic_status__rosidl_typesupport_fastrtps_cpp.hpp
[24.024s] -- Installing: /home/gera/Desktop/EUFS_FORK_CONTAINERIZED/eufs-f1-sim/ws/install/eufs_msgs/include/eufs_msgs/eufs_msgs/msg/detail/particle_stamped__rosidl_typesupport_fastrtps_cpp.hpp
[24.024s] -- Installing: /home/gera/Desktop/EUFS_FORK_CONTAINERIZED/eufs-f1-sim/ws/install/eufs_msgs/include/eufs_msgs/eufs_msgs/msg/detail/ekf_state__rosidl_typesupport_fastrtps_cpp.hpp
[24.024s] -- Installing: /home/gera/Desktop/EUFS_FORK_CONTAINERIZED/eufs-f1-sim/ws/install/eufs_msgs/include/eufs_msgs/eufs_msgs/msg/detail/can_state__rosidl_typesupport_fastrtps_cpp.hpp
[24.024s] -- Installing: /home/gera/Desktop/EUFS_FORK_CONTAINERIZED/eufs-f1-sim/ws/install/eufs_msgs/include/eufs_msgs/eufs_msgs/msg/detail/bounding_boxes__rosidl_typesupport_fastrtps_cpp.hpp
[24.024s] -- Installing: /home/gera/Desktop/EUFS_FORK_CONTAINERIZED/eufs-f1-sim/ws/install/eufs_msgs/include/eufs_msgs/eufs_msgs/msg/detail/cone_with_color_probability__rosidl_typesupport_fastrtps_cpp.hpp
[24.024s] -- Installing: /home/gera/Desktop/EUFS_FORK_CONTAINERIZED/eufs-f1-sim/ws/install/eufs_msgs/include/eufs_msgs/eufs_msgs/msg/detail/costmap__rosidl_typesupport_fastrtps_cpp.hpp
[24.024s] -- Installing: /home/gera/Desktop/EUFS_FORK_CONTAINERIZED/eufs-f1-sim/ws/install/eufs_msgs/include/eufs_msgs/eufs_msgs/msg/detail/chassis_command__rosidl_typesupport_fastrtps_cpp.hpp
[24.024s] -- Installing: /home/gera/Desktop/EUFS_FORK_CONTAINERIZED/eufs-f1-sim/ws/install/eufs_msgs/include/eufs_msgs/eufs_msgs/msg/detail/chassis_state__rosidl_typesupport_fastrtps_cpp.hpp
[24.024s] -- Installing: /home/gera/Desktop/EUFS_FORK_CONTAINERIZED/eufs-f1-sim/ws/install/eufs_msgs/include/eufs_msgs/eufs_msgs/msg/detail/point_array__rosidl_typesupport_fastrtps_cpp.hpp
[24.024s] -- Installing: /home/gera/Desktop/EUFS_FORK_CONTAINERIZED/eufs-f1-sim/ws/install/eufs_msgs/include/eufs_msgs/eufs_msgs/msg/detail/cpu_status__rosidl_typesupport_fastrtps_cpp.hpp
[24.024s] -- Installing: /home/gera/Desktop/EUFS_FORK_CONTAINERIZED/eufs-f1-sim/ws/install/eufs_msgs/include/eufs_msgs/eufs_msgs/msg/detail/ekf_err__rosidl_typesupport_fastrtps_cpp.hpp
[24.024s] -- Installing: /home/gera/Desktop/EUFS_FORK_CONTAINERIZED/eufs-f1-sim/ws/install/eufs_msgs/include/eufs_msgs/eufs_msgs/msg/detail/integration_err__rosidl_typesupport_fastrtps_cpp.hpp
[24.024s] -- Installing: /home/gera/Desktop/EUFS_FORK_CONTAINERIZED/eufs-f1-sim/ws/install/eufs_msgs/include/eufs_msgs/eufs_msgs/msg/detail/particle_slam__rosidl_typesupport_fastrtps_cpp.hpp
[24.024s] -- Installing: /home/gera/Desktop/EUFS_FORK_CONTAINERIZED/eufs-f1-sim/ws/install/eufs_msgs/include/eufs_msgs/eufs_msgs/msg/detail/cone_association_array_array_stamped__rosidl_typesupport_fastrtps_cpp.hpp
[24.025s] -- Installing: /home/gera/Desktop/EUFS_FORK_CONTAINERIZED/eufs-f1-sim/ws/install/eufs_msgs/include/eufs_msgs/eufs_msgs/msg/detail/cone_array__rosidl_typesupport_fastrtps_cpp.hpp
[24.025s] -- Installing: /home/gera/Desktop/EUFS_FORK_CONTAINERIZED/eufs-f1-sim/ws/install/eufs_msgs/include/eufs_msgs/eufs_msgs/msg/detail/car_forces__rosidl_typesupport_fastrtps_cpp.hpp
[24.025s] -- Installing: /home/gera/Desktop/EUFS_FORK_CONTAINERIZED/eufs-f1-sim/ws/install/eufs_msgs/include/eufs_msgs/eufs_msgs/msg/detail/vehicle_commands_stamped__rosidl_typesupport_fastrtps_cpp.hpp
[24.025s] -- Installing: /home/gera/Desktop/EUFS_FORK_CONTAINERIZED/eufs-f1-sim/ws/install/eufs_msgs/include/eufs_msgs/eufs_msgs/msg/detail/car_state__rosidl_typesupport_fastrtps_cpp.hpp
[24.025s] -- Installing: /home/gera/Desktop/EUFS_FORK_CONTAINERIZED/eufs-f1-sim/ws/install/eufs_msgs/include/eufs_msgs/eufs_msgs/msg/detail/full_state__rosidl_typesupport_fastrtps_cpp.hpp
[24.025s] -- Installing: /home/gera/Desktop/EUFS_FORK_CONTAINERIZED/eufs-f1-sim/ws/install/eufs_msgs/include/eufs_msgs/eufs_msgs/msg/detail/particle_slam_stamped__rosidl_typesupport_fastrtps_cpp.hpp
[24.025s] -- Installing: /home/gera/Desktop/EUFS_FORK_CONTAINERIZED/eufs-f1-sim/ws/install/eufs_msgs/include/eufs_msgs/eufs_msgs/msg/detail/cone_association_array__rosidl_typesupport_fastrtps_cpp.hpp
[24.025s] -- Installing: /home/gera/Desktop/EUFS_FORK_CONTAINERIZED/eufs-f1-sim/ws/install/eufs_msgs/include/eufs_msgs/eufs_msgs/msg/detail/cone_with_color_probability_array__rosidl_typesupport_fastrtps_cpp.hpp
[24.025s] -- Installing: /home/gera/Desktop/EUFS_FORK_CONTAINERIZED/eufs-f1-sim/ws/install/eufs_msgs/include/eufs_msgs/eufs_msgs/msg/detail/cone_with_covariance__rosidl_typesupport_fastrtps_cpp.hpp
[24.025s] -- Installing: /home/gera/Desktop/EUFS_FORK_CONTAINERIZED/eufs-f1-sim/ws/install/eufs_msgs/include/eufs_msgs/eufs_msgs/msg/detail/particle__rosidl_typesupport_fastrtps_cpp.hpp
[24.025s] -- Installing: /home/gera/Desktop/EUFS_FORK_CONTAINERIZED/eufs-f1-sim/ws/install/eufs_msgs/include/eufs_msgs/eufs_msgs/msg/detail/wheel_odometry_err__rosidl_typesupport_fastrtps_cpp.hpp
[24.025s] -- Installing: /home/gera/Desktop/EUFS_FORK_CONTAINERIZED/eufs-f1-sim/ws/install/eufs_msgs/include/eufs_msgs/eufs_msgs/msg/detail/cpu_usage__rosidl_typesupport_fastrtps_cpp.hpp
[24.025s] -- Installing: /home/gera/Desktop/EUFS_FORK_CONTAINERIZED/eufs-f1-sim/ws/install/eufs_msgs/include/eufs_msgs/eufs_msgs/msg/detail/wheel_speeds_stamped__rosidl_typesupport_fastrtps_cpp.hpp
[24.025s] -- Installing: /home/gera/Desktop/EUFS_FORK_CONTAINERIZED/eufs-f1-sim/ws/install/eufs_msgs/include/eufs_msgs/eufs_msgs/msg/detail/dds_fastrtps
[24.025s] -- Installing: /home/gera/Desktop/EUFS_FORK_CONTAINERIZED/eufs-f1-sim/ws/install/eufs_msgs/include/eufs_msgs/eufs_msgs/msg/detail/oss__rosidl_typesupport_fastrtps_cpp.hpp
[24.025s] -- Installing: /home/gera/Desktop/EUFS_FORK_CONTAINERIZED/eufs-f1-sim/ws/install/eufs_msgs/include/eufs_msgs/eufs_msgs/msg/detail/planning_mode__rosidl_typesupport_fastrtps_cpp.hpp
[24.025s] -- Installing: /home/gera/Desktop/EUFS_FORK_CONTAINERIZED/eufs-f1-sim/ws/install/eufs_msgs/include/eufs_msgs/eufs_msgs/msg/detail/point_array_stamped__rosidl_typesupport_fastrtps_cpp.hpp
[24.025s] -- Installing: /home/gera/Desktop/EUFS_FORK_CONTAINERIZED/eufs-f1-sim/ws/install/eufs_msgs/include/eufs_msgs/eufs_msgs/msg/detail/slam_state__rosidl_typesupport_fastrtps_cpp.hpp
[24.025s] -- Installing: /home/gera/Desktop/EUFS_FORK_CONTAINERIZED/eufs-f1-sim/ws/install/eufs_msgs/include/eufs_msgs/eufs_msgs/msg/detail/stereo_image__rosidl_typesupport_fastrtps_cpp.hpp
[24.026s] -- Installing: /home/gera/Desktop/EUFS_FORK_CONTAINERIZED/eufs-f1-sim/ws/install/eufs_msgs/lib/libeufs_msgs__rosidl_typesupport_fastrtps_cpp.so
[24.026s] -- Set runtime path of "/home/gera/Desktop/EUFS_FORK_CONTAINERIZED/eufs-f1-sim/ws/install/eufs_msgs/lib/libeufs_msgs__rosidl_typesupport_fastrtps_cpp.so" to ""
[24.026s] -- Up-to-date: /home/gera/Desktop/EUFS_FORK_CONTAINERIZED/eufs-f1-sim/ws/install/eufs_msgs/include/eufs_msgs/eufs_msgs
[24.026s] -- Up-to-date: /home/gera/Desktop/EUFS_FORK_CONTAINERIZED/eufs-f1-sim/ws/install/eufs_msgs/include/eufs_msgs/eufs_msgs/action
[24.027s] -- Up-to-date: /home/gera/Desktop/EUFS_FORK_CONTAINERIZED/eufs-f1-sim/ws/install/eufs_msgs/include/eufs_msgs/eufs_msgs/action/detail
[24.027s] -- Installing: /home/gera/Desktop/EUFS_FORK_CONTAINERIZED/eufs-f1-sim/ws/install/eufs_msgs/include/eufs_msgs/eufs_msgs/action/detail/check_for_objects__rosidl_typesupport_introspection_cpp.hpp
[24.027s] -- Installing: /home/gera/Desktop/EUFS_FORK_CONTAINERIZED/eufs-f1-sim/ws/install/eufs_msgs/include/eufs_msgs/eufs_msgs/action/detail/check_for_objects__type_support.cpp
[24.027s] -- Up-to-date: /home/gera/Desktop/EUFS_FORK_CONTAINERIZED/eufs-f1-sim/ws/install/eufs_msgs/include/eufs_msgs/eufs_msgs/srv
[24.028s] -- Up-to-date: /home/gera/Desktop/EUFS_FORK_CONTAINERIZED/eufs-f1-sim/ws/install/eufs_msgs/include/eufs_msgs/eufs_msgs/srv/detail
[24.028s] -- Installing: /home/gera/Desktop/EUFS_FORK_CONTAINERIZED/eufs-f1-sim/ws/install/eufs_msgs/include/eufs_msgs/eufs_msgs/srv/detail/set_can_state__rosidl_typesupport_introspection_cpp.hpp
[24.028s] -- Installing: /home/gera/Desktop/EUFS_FORK_CONTAINERIZED/eufs-f1-sim/ws/install/eufs_msgs/include/eufs_msgs/eufs_msgs/srv/detail/record_start__rosidl_typesupport_introspection_cpp.hpp
[24.028s] -- Installing: /home/gera/Desktop/EUFS_FORK_CONTAINERIZED/eufs-f1-sim/ws/install/eufs_msgs/include/eufs_msgs/eufs_msgs/srv/detail/register__rosidl_typesupport_introspection_cpp.hpp
[24.028s] -- Installing: /home/gera/Desktop/EUFS_FORK_CONTAINERIZED/eufs-f1-sim/ws/install/eufs_msgs/include/eufs_msgs/eufs_msgs/srv/detail/set_track__type_support.cpp
[24.029s] -- Installing: /home/gera/Desktop/EUFS_FORK_CONTAINERIZED/eufs-f1-sim/ws/install/eufs_msgs/include/eufs_msgs/eufs_msgs/srv/detail/get_map__rosidl_typesupport_introspection_cpp.hpp
[24.029s] -- Installing: /home/gera/Desktop/EUFS_FORK_CONTAINERIZED/eufs-f1-sim/ws/install/eufs_msgs/include/eufs_msgs/eufs_msgs/srv/detail/set_string__type_support.cpp
[24.029s] -- Installing: /home/gera/Desktop/EUFS_FORK_CONTAINERIZED/eufs-f1-sim/ws/install/eufs_msgs/include/eufs_msgs/eufs_msgs/srv/detail/set_mission__rosidl_typesupport_introspection_cpp.hpp
[24.029s] -- Installing: /home/gera/Desktop/EUFS_FORK_CONTAINERIZED/eufs-f1-sim/ws/install/eufs_msgs/include/eufs_msgs/eufs_msgs/srv/detail/set_string__rosidl_typesupport_introspection_cpp.hpp
[24.029s] -- Installing: /home/gera/Desktop/EUFS_FORK_CONTAINERIZED/eufs-f1-sim/ws/install/eufs_msgs/include/eufs_msgs/eufs_msgs/srv/detail/get_map__type_support.cpp
[24.029s] -- Installing: /home/gera/Desktop/EUFS_FORK_CONTAINERIZED/eufs-f1-sim/ws/install/eufs_msgs/include/eufs_msgs/eufs_msgs/srv/detail/set_can_state__type_support.cpp
[24.029s] -- Installing: /home/gera/Desktop/EUFS_FORK_CONTAINERIZED/eufs-f1-sim/ws/install/eufs_msgs/include/eufs_msgs/eufs_msgs/srv/detail/set_mission__type_support.cpp
[24.029s] -- Installing: /home/gera/Desktop/EUFS_FORK_CONTAINERIZED/eufs-f1-sim/ws/install/eufs_msgs/include/eufs_msgs/eufs_msgs/srv/detail/register__type_support.cpp
[24.029s] -- Installing: /home/gera/Desktop/EUFS_FORK_CONTAINERIZED/eufs-f1-sim/ws/install/eufs_msgs/include/eufs_msgs/eufs_msgs/srv/detail/record_start__type_support.cpp
[24.029s] -- Installing: /home/gera/Desktop/EUFS_FORK_CONTAINERIZED/eufs-f1-sim/ws/install/eufs_msgs/include/eufs_msgs/eufs_msgs/srv/detail/record_stop__rosidl_typesupport_introspection_cpp.hpp
[24.029s] -- Installing: /home/gera/Desktop/EUFS_FORK_CONTAINERIZED/eufs-f1-sim/ws/install/eufs_msgs/include/eufs_msgs/eufs_msgs/srv/detail/set_track__rosidl_typesupport_introspection_cpp.hpp
[24.029s] -- Installing: /home/gera/Desktop/EUFS_FORK_CONTAINERIZED/eufs-f1-sim/ws/install/eufs_msgs/include/eufs_msgs/eufs_msgs/srv/detail/record_stop__type_support.cpp
[24.030s] -- Up-to-date: /home/gera/Desktop/EUFS_FORK_CONTAINERIZED/eufs-f1-sim/ws/install/eufs_msgs/include/eufs_msgs/eufs_msgs/msg
[24.030s] -- Up-to-date: /home/gera/Desktop/EUFS_FORK_CONTAINERIZED/eufs-f1-sim/ws/install/eufs_msgs/include/eufs_msgs/eufs_msgs/msg/detail
[24.030s] -- Installing: /home/gera/Desktop/EUFS_FORK_CONTAINERIZED/eufs-f1-sim/ws/install/eufs_msgs/include/eufs_msgs/eufs_msgs/msg/detail/cone_array_with_covariance__rosidl_typesupport_introspection_cpp.hpp
[24.030s] -- Installing: /home/gera/Desktop/EUFS_FORK_CONTAINERIZED/eufs-f1-sim/ws/install/eufs_msgs/include/eufs_msgs/eufs_msgs/msg/detail/costmap__rosidl_typesupport_introspection_cpp.hpp
[24.030s] -- Installing: /home/gera/Desktop/EUFS_FORK_CONTAINERIZED/eufs-f1-sim/ws/install/eufs_msgs/include/eufs_msgs/eufs_msgs/msg/detail/path_integral_timing__type_support.cpp
[24.030s] -- Installing: /home/gera/Desktop/EUFS_FORK_CONTAINERIZED/eufs-f1-sim/ws/install/eufs_msgs/include/eufs_msgs/eufs_msgs/msg/detail/chassis_command__rosidl_typesupport_introspection_cpp.hpp
[24.030s] -- Installing: /home/gera/Desktop/EUFS_FORK_CONTAINERIZED/eufs-f1-sim/ws/install/eufs_msgs/include/eufs_msgs/eufs_msgs/msg/detail/node_state__type_support.cpp
[24.030s] -- Installing: /home/gera/Desktop/EUFS_FORK_CONTAINERIZED/eufs-f1-sim/ws/install/eufs_msgs/include/eufs_msgs/eufs_msgs/msg/detail/wheel_odometry_err__rosidl_typesupport_introspection_cpp.hpp
[24.030s] -- Installing: /home/gera/Desktop/EUFS_FORK_CONTAINERIZED/eufs-f1-sim/ws/install/eufs_msgs/include/eufs_msgs/eufs_msgs/msg/detail/ekf_state__rosidl_typesupport_introspection_cpp.hpp
[24.030s] -- Installing: /home/gera/Desktop/EUFS_FORK_CONTAINERIZED/eufs-f1-sim/ws/install/eufs_msgs/include/eufs_msgs/eufs_msgs/msg/detail/cone_with_color_probability__type_support.cpp
[24.030s] -- Installing: /home/gera/Desktop/EUFS_FORK_CONTAINERIZED/eufs-f1-sim/ws/install/eufs_msgs/include/eufs_msgs/eufs_msgs/msg/detail/state_machine_state__rosidl_typesupport_introspection_cpp.hpp
[24.030s] -- Installing: /home/gera/Desktop/EUFS_FORK_CONTAINERIZED/eufs-f1-sim/ws/install/eufs_msgs/include/eufs_msgs/eufs_msgs/msg/detail/pure_pursuit_checkpoint_array_stamped__type_support.cpp
[24.030s] -- Installing: /home/gera/Desktop/EUFS_FORK_CONTAINERIZED/eufs-f1-sim/ws/install/eufs_msgs/include/eufs_msgs/eufs_msgs/msg/detail/cone_with_covariance__type_support.cpp
[24.030s] -- Installing: /home/gera/Desktop/EUFS_FORK_CONTAINERIZED/eufs-f1-sim/ws/install/eufs_msgs/include/eufs_msgs/eufs_msgs/msg/detail/system_status__type_support.cpp
[24.030s] -- Installing: /home/gera/Desktop/EUFS_FORK_CONTAINERIZED/eufs-f1-sim/ws/install/eufs_msgs/include/eufs_msgs/eufs_msgs/msg/detail/mpc_state__rosidl_typesupport_introspection_cpp.hpp
[24.030s] -- Installing: /home/gera/Desktop/EUFS_FORK_CONTAINERIZED/eufs-f1-sim/ws/install/eufs_msgs/include/eufs_msgs/eufs_msgs/msg/detail/path_integral_params__rosidl_typesupport_introspection_cpp.hpp
[24.030s] -- Installing: /home/gera/Desktop/EUFS_FORK_CONTAINERIZED/eufs-f1-sim/ws/install/eufs_msgs/include/eufs_msgs/eufs_msgs/msg/detail/particle_slam__rosidl_typesupport_introspection_cpp.hpp
[24.030s] -- Installing: /home/gera/Desktop/EUFS_FORK_CONTAINERIZED/eufs-f1-sim/ws/install/eufs_msgs/include/eufs_msgs/eufs_msgs/msg/detail/cone_with_covariance__rosidl_typesupport_introspection_cpp.hpp
[24.030s] -- Installing: /home/gera/Desktop/EUFS_FORK_CONTAINERIZED/eufs-f1-sim/ws/install/eufs_msgs/include/eufs_msgs/eufs_msgs/msg/detail/cone_with_color_probability_array__rosidl_typesupport_introspection_cpp.hpp
[24.031s] -- Installing: /home/gera/Desktop/EUFS_FORK_CONTAINERIZED/eufs-f1-sim/ws/install/eufs_msgs/include/eufs_msgs/eufs_msgs/msg/detail/cpu_status__rosidl_typesupport_introspection_cpp.hpp
[24.031s] -- Installing: /home/gera/Desktop/EUFS_FORK_CONTAINERIZED/eufs-f1-sim/ws/install/eufs_msgs/include/eufs_msgs/eufs_msgs/msg/detail/chassis_state__type_support.cpp
[24.031s] -- Installing: /home/gera/Desktop/EUFS_FORK_CONTAINERIZED/eufs-f1-sim/ws/install/eufs_msgs/include/eufs_msgs/eufs_msgs/msg/detail/node_state_array__type_support.cpp
[24.031s] -- Installing: /home/gera/Desktop/EUFS_FORK_CONTAINERIZED/eufs-f1-sim/ws/install/eufs_msgs/include/eufs_msgs/eufs_msgs/msg/detail/bounding_boxes__rosidl_typesupport_introspection_cpp.hpp
[24.031s] -- Installing: /home/gera/Desktop/EUFS_FORK_CONTAINERIZED/eufs-f1-sim/ws/install/eufs_msgs/include/eufs_msgs/eufs_msgs/msg/detail/cone_array__type_support.cpp
[24.031s] -- Installing: /home/gera/Desktop/EUFS_FORK_CONTAINERIZED/eufs-f1-sim/ws/install/eufs_msgs/include/eufs_msgs/eufs_msgs/msg/detail/cone_array_with_covariance__type_support.cpp
[24.031s] -- Installing: /home/gera/Desktop/EUFS_FORK_CONTAINERIZED/eufs-f1-sim/ws/install/eufs_msgs/include/eufs_msgs/eufs_msgs/msg/detail/waypoint__rosidl_typesupport_introspection_cpp.hpp
[24.031s] -- Installing: /home/gera/Desktop/EUFS_FORK_CONTAINERIZED/eufs-f1-sim/ws/install/eufs_msgs/include/eufs_msgs/eufs_msgs/msg/detail/cone_association_array__type_support.cpp
[24.031s] -- Installing: /home/gera/Desktop/EUFS_FORK_CONTAINERIZED/eufs-f1-sim/ws/install/eufs_msgs/include/eufs_msgs/eufs_msgs/msg/detail/point_array__rosidl_typesupport_introspection_cpp.hpp
[24.031s] -- Installing: /home/gera/Desktop/EUFS_FORK_CONTAINERIZED/eufs-f1-sim/ws/install/eufs_msgs/include/eufs_msgs/eufs_msgs/msg/detail/wheel_speeds_stamped__type_support.cpp
[24.031s] -- Installing: /home/gera/Desktop/EUFS_FORK_CONTAINERIZED/eufs-f1-sim/ws/install/eufs_msgs/include/eufs_msgs/eufs_msgs/msg/detail/can_state__type_support.cpp
[24.031s] -- Installing: /home/gera/Desktop/EUFS_FORK_CONTAINERIZED/eufs-f1-sim/ws/install/eufs_msgs/include/eufs_msgs/eufs_msgs/msg/detail/costmap__type_support.cpp
[24.031s] -- Installing: /home/gera/Desktop/EUFS_FORK_CONTAINERIZED/eufs-f1-sim/ws/install/eufs_msgs/include/eufs_msgs/eufs_msgs/msg/detail/wheel_speeds__rosidl_typesupport_introspection_cpp.hpp
[24.031s] -- Installing: /home/gera/Desktop/EUFS_FORK_CONTAINERIZED/eufs-f1-sim/ws/install/eufs_msgs/include/eufs_msgs/eufs_msgs/msg/detail/planning_mode__rosidl_typesupport_introspection_cpp.hpp
[24.031s] -- Installing: /home/gera/Desktop/EUFS_FORK_CONTAINERIZED/eufs-f1-sim/ws/install/eufs_msgs/include/eufs_msgs/eufs_msgs/msg/detail/runstop__rosidl_typesupport_introspection_cpp.hpp
[24.031s] -- Installing: /home/gera/Desktop/EUFS_FORK_CONTAINERIZED/eufs-f1-sim/ws/install/eufs_msgs/include/eufs_msgs/eufs_msgs/msg/detail/point_array__type_support.cpp
[24.031s] -- Installing: /home/gera/Desktop/EUFS_FORK_CONTAINERIZED/eufs-f1-sim/ws/install/eufs_msgs/include/eufs_msgs/eufs_msgs/msg/detail/node_state_array__rosidl_typesupport_introspection_cpp.hpp
[24.031s] -- Installing: /home/gera/Desktop/EUFS_FORK_CONTAINERIZED/eufs-f1-sim/ws/install/eufs_msgs/include/eufs_msgs/eufs_msgs/msg/detail/point_array_stamped__type_support.cpp
[24.031s] -- Installing: /home/gera/Desktop/EUFS_FORK_CONTAINERIZED/eufs-f1-sim/ws/install/eufs_msgs/include/eufs_msgs/eufs_msgs/msg/detail/particle_slam__type_support.cpp
[24.032s] -- Installing: /home/gera/Desktop/EUFS_FORK_CONTAINERIZED/eufs-f1-sim/ws/install/eufs_msgs/include/eufs_msgs/eufs_msgs/msg/detail/point_array_stamped__rosidl_typesupport_introspection_cpp.hpp
[24.032s] -- Installing: /home/gera/Desktop/EUFS_FORK_CONTAINERIZED/eufs-f1-sim/ws/install/eufs_msgs/include/eufs_msgs/eufs_msgs/msg/detail/wheel_odometry_err__type_support.cpp
[24.032s] -- Installing: /home/gera/Desktop/EUFS_FORK_CONTAINERIZED/eufs-f1-sim/ws/install/eufs_msgs/include/eufs_msgs/eufs_msgs/msg/detail/cone_association_array_stamped__type_support.cpp
[24.032s] -- Installing: /home/gera/Desktop/EUFS_FORK_CONTAINERIZED/eufs-f1-sim/ws/install/eufs_msgs/include/eufs_msgs/eufs_msgs/msg/detail/node_state__rosidl_typesupport_introspection_cpp.hpp
[24.032s] -- Installing: /home/gera/Desktop/EUFS_FORK_CONTAINERIZED/eufs-f1-sim/ws/install/eufs_msgs/include/eufs_msgs/eufs_msgs/msg/detail/particle__type_support.cpp
[24.032s] -- Installing: /home/gera/Desktop/EUFS_FORK_CONTAINERIZED/eufs-f1-sim/ws/install/eufs_msgs/include/eufs_msgs/eufs_msgs/msg/detail/integration_err__rosidl_typesupport_introspection_cpp.hpp
[24.032s] -- Installing: /home/gera/Desktop/EUFS_FORK_CONTAINERIZED/eufs-f1-sim/ws/install/eufs_msgs/include/eufs_msgs/eufs_msgs/msg/detail/lap_stats__type_support.cpp
[24.032s] -- Installing: /home/gera/Desktop/EUFS_FORK_CONTAINERIZED/eufs-f1-sim/ws/install/eufs_msgs/include/eufs_msgs/eufs_msgs/msg/detail/pure_pursuit_checkpoint_array_stamped__rosidl_typesupport_introspection_cpp.hpp
[24.032s] -- Installing: /home/gera/Desktop/EUFS_FORK_CONTAINERIZED/eufs-f1-sim/ws/install/eufs_msgs/include/eufs_msgs/eufs_msgs/msg/detail/car_state__rosidl_typesupport_introspection_cpp.hpp
[24.032s] -- Installing: /home/gera/Desktop/EUFS_FORK_CONTAINERIZED/eufs-f1-sim/ws/install/eufs_msgs/include/eufs_msgs/eufs_msgs/msg/detail/system_status__rosidl_typesupport_introspection_cpp.hpp
[24.033s] -- Installing: /home/gera/Desktop/EUFS_FORK_CONTAINERIZED/eufs-f1-sim/ws/install/eufs_msgs/include/eufs_msgs/eufs_msgs/msg/detail/heartbeat__rosidl_typesupport_introspection_cpp.hpp
[24.033s] -- Installing: /home/gera/Desktop/EUFS_FORK_CONTAINERIZED/eufs-f1-sim/ws/install/eufs_msgs/include/eufs_msgs/eufs_msgs/msg/detail/oss__rosidl_typesupport_introspection_cpp.hpp
[24.033s] -- Installing: /home/gera/Desktop/EUFS_FORK_CONTAINERIZED/eufs-f1-sim/ws/install/eufs_msgs/include/eufs_msgs/eufs_msgs/msg/detail/car_forces__type_support.cpp
[24.033s] -- Installing: /home/gera/Desktop/EUFS_FORK_CONTAINERIZED/eufs-f1-sim/ws/install/eufs_msgs/include/eufs_msgs/eufs_msgs/msg/detail/chassis_state__rosidl_typesupport_introspection_cpp.hpp
[24.033s] -- Installing: /home/gera/Desktop/EUFS_FORK_CONTAINERIZED/eufs-f1-sim/ws/install/eufs_msgs/include/eufs_msgs/eufs_msgs/msg/detail/path_integral_timing__rosidl_typesupport_introspection_cpp.hpp
[24.033s] -- Installing: /home/gera/Desktop/EUFS_FORK_CONTAINERIZED/eufs-f1-sim/ws/install/eufs_msgs/include/eufs_msgs/eufs_msgs/msg/detail/cone_association_array_array_stamped__rosidl_typesupport_introspection_cpp.hpp
[24.033s] -- Installing: /home/gera/Desktop/EUFS_FORK_CONTAINERIZED/eufs-f1-sim/ws/install/eufs_msgs/include/eufs_msgs/eufs_msgs/msg/detail/state_machine_state__type_support.cpp
[24.034s] -- Installing: /home/gera/Desktop/EUFS_FORK_CONTAINERIZED/eufs-f1-sim/ws/install/eufs_msgs/include/eufs_msgs/eufs_msgs/msg/detail/particle__rosidl_typesupport_introspection_cpp.hpp
[24.034s] -- Installing: /home/gera/Desktop/EUFS_FORK_CONTAINERIZED/eufs-f1-sim/ws/install/eufs_msgs/include/eufs_msgs/eufs_msgs/msg/detail/cpu_usage__type_support.cpp
[24.034s] -- Installing: /home/gera/Desktop/EUFS_FORK_CONTAINERIZED/eufs-f1-sim/ws/install/eufs_msgs/include/eufs_msgs/eufs_msgs/msg/detail/car_state__type_support.cpp
[24.034s] -- Installing: /home/gera/Desktop/EUFS_FORK_CONTAINERIZED/eufs-f1-sim/ws/install/eufs_msgs/include/eufs_msgs/eufs_msgs/msg/detail/cone_with_color_probability_array__type_support.cpp
[24.034s] -- Installing: /home/gera/Desktop/EUFS_FORK_CONTAINERIZED/eufs-f1-sim/ws/install/eufs_msgs/include/eufs_msgs/eufs_msgs/msg/detail/ekf_err__type_support.cpp
[24.034s] -- Installing: /home/gera/Desktop/EUFS_FORK_CONTAINERIZED/eufs-f1-sim/ws/install/eufs_msgs/include/eufs_msgs/eufs_msgs/msg/detail/can_state__rosidl_typesupport_introspection_cpp.hpp
[24.034s] -- Installing: /home/gera/Desktop/EUFS_FORK_CONTAINERIZED/eufs-f1-sim/ws/install/eufs_msgs/include/eufs_msgs/eufs_msgs/msg/detail/ekf_state__type_support.cpp
[24.034s] -- Installing: /home/gera/Desktop/EUFS_FORK_CONTAINERIZED/eufs-f1-sim/ws/install/eufs_msgs/include/eufs_msgs/eufs_msgs/msg/detail/wheel_speeds__type_support.cpp
[24.034s] -- Installing: /home/gera/Desktop/EUFS_FORK_CONTAINERIZED/eufs-f1-sim/ws/install/eufs_msgs/include/eufs_msgs/eufs_msgs/msg/detail/topic_status__type_support.cpp
[24.035s] -- Installing: /home/gera/Desktop/EUFS_FORK_CONTAINERIZED/eufs-f1-sim/ws/install/eufs_msgs/include/eufs_msgs/eufs_msgs/msg/detail/cone_association__rosidl_typesupport_introspection_cpp.hpp
[24.035s] -- Installing: /home/gera/Desktop/EUFS_FORK_CONTAINERIZED/eufs-f1-sim/ws/install/eufs_msgs/include/eufs_msgs/eufs_msgs/msg/detail/waypoint_array_stamped__type_support.cpp
[24.035s] -- Installing: /home/gera/Desktop/EUFS_FORK_CONTAINERIZED/eufs-f1-sim/ws/install/eufs_msgs/include/eufs_msgs/eufs_msgs/msg/detail/slam_err__type_support.cpp
[24.035s] -- Installing: /home/gera/Desktop/EUFS_FORK_CONTAINERIZED/eufs-f1-sim/ws/install/eufs_msgs/include/eufs_msgs/eufs_msgs/msg/detail/path_integral_stats__type_support.cpp
[24.035s] -- Installing: /home/gera/Desktop/EUFS_FORK_CONTAINERIZED/eufs-f1-sim/ws/install/eufs_msgs/include/eufs_msgs/eufs_msgs/msg/detail/runstop__type_support.cpp
[24.035s] -- Installing: /home/gera/Desktop/EUFS_FORK_CONTAINERIZED/eufs-f1-sim/ws/install/eufs_msgs/include/eufs_msgs/eufs_msgs/msg/detail/vehicle_commands_stamped__rosidl_typesupport_introspection_cpp.hpp
[24.035s] -- Installing: /home/gera/Desktop/EUFS_FORK_CONTAINERIZED/eufs-f1-sim/ws/install/eufs_msgs/include/eufs_msgs/eufs_msgs/msg/detail/full_state__rosidl_typesupport_introspection_cpp.hpp
[24.035s] -- Installing: /home/gera/Desktop/EUFS_FORK_CONTAINERIZED/eufs-f1-sim/ws/install/eufs_msgs/include/eufs_msgs/eufs_msgs/msg/detail/pure_pursuit_checkpoint__rosidl_typesupport_introspection_cpp.hpp
[24.035s] -- Installing: /home/gera/Desktop/EUFS_FORK_CONTAINERIZED/eufs-f1-sim/ws/install/eufs_msgs/include/eufs_msgs/eufs_msgs/msg/detail/integration_err__type_support.cpp
[24.036s] -- Installing: /home/gera/Desktop/EUFS_FORK_CONTAINERIZED/eufs-f1-sim/ws/install/eufs_msgs/include/eufs_msgs/eufs_msgs/msg/detail/cone_array__rosidl_typesupport_introspection_cpp.hpp
[24.036s] -- Installing: /home/gera/Desktop/EUFS_FORK_CONTAINERIZED/eufs-f1-sim/ws/install/eufs_msgs/include/eufs_msgs/eufs_msgs/msg/detail/stereo_image__type_support.cpp
[24.036s] -- Installing: /home/gera/Desktop/EUFS_FORK_CONTAINERIZED/eufs-f1-sim/ws/install/eufs_msgs/include/eufs_msgs/eufs_msgs/msg/detail/cone_association_array__rosidl_typesupport_introspection_cpp.hpp
[24.036s] -- Installing: /home/gera/Desktop/EUFS_FORK_CONTAINERIZED/eufs-f1-sim/ws/install/eufs_msgs/include/eufs_msgs/eufs_msgs/msg/detail/particle_slam_stamped__type_support.cpp
[24.036s] -- Installing: /home/gera/Desktop/EUFS_FORK_CONTAINERIZED/eufs-f1-sim/ws/install/eufs_msgs/include/eufs_msgs/eufs_msgs/msg/detail/full_state__type_support.cpp
[24.036s] -- Installing: /home/gera/Desktop/EUFS_FORK_CONTAINERIZED/eufs-f1-sim/ws/install/eufs_msgs/include/eufs_msgs/eufs_msgs/msg/detail/bounding_box__rosidl_typesupport_introspection_cpp.hpp
[24.036s] -- Installing: /home/gera/Desktop/EUFS_FORK_CONTAINERIZED/eufs-f1-sim/ws/install/eufs_msgs/include/eufs_msgs/eufs_msgs/msg/detail/wheel_speeds_stamped__rosidl_typesupport_introspection_cpp.hpp
[24.036s] -- Installing: /home/gera/Desktop/EUFS_FORK_CONTAINERIZED/eufs-f1-sim/ws/install/eufs_msgs/include/eufs_msgs/eufs_msgs/msg/detail/stereo_image__rosidl_typesupport_introspection_cpp.hpp
[24.036s] -- Installing: /home/gera/Desktop/EUFS_FORK_CONTAINERIZED/eufs-f1-sim/ws/install/eufs_msgs/include/eufs_msgs/eufs_msgs/msg/detail/path_integral_status__type_support.cpp
[24.036s] -- Installing: /home/gera/Desktop/EUFS_FORK_CONTAINERIZED/eufs-f1-sim/ws/install/eufs_msgs/include/eufs_msgs/eufs_msgs/msg/detail/bounding_box__type_support.cpp
[24.036s] -- Installing: /home/gera/Desktop/EUFS_FORK_CONTAINERIZED/eufs-f1-sim/ws/install/eufs_msgs/include/eufs_msgs/eufs_msgs/msg/detail/cone_association_array_stamped__rosidl_typesupport_introspection_cpp.hpp
[24.036s] -- Installing: /home/gera/Desktop/EUFS_FORK_CONTAINERIZED/eufs-f1-sim/ws/install/eufs_msgs/include/eufs_msgs/eufs_msgs/msg/detail/slam_state__type_support.cpp
[24.036s] -- Installing: /home/gera/Desktop/EUFS_FORK_CONTAINERIZED/eufs-f1-sim/ws/install/eufs_msgs/include/eufs_msgs/eufs_msgs/msg/detail/planning_mode__type_support.cpp
[24.036s] -- Installing: /home/gera/Desktop/EUFS_FORK_CONTAINERIZED/eufs-f1-sim/ws/install/eufs_msgs/include/eufs_msgs/eufs_msgs/msg/detail/cone_association__type_support.cpp
[24.036s] -- Installing: /home/gera/Desktop/EUFS_FORK_CONTAINERIZED/eufs-f1-sim/ws/install/eufs_msgs/include/eufs_msgs/eufs_msgs/msg/detail/lap_stats__rosidl_typesupport_introspection_cpp.hpp
[24.036s] -- Installing: /home/gera/Desktop/EUFS_FORK_CONTAINERIZED/eufs-f1-sim/ws/install/eufs_msgs/include/eufs_msgs/eufs_msgs/msg/detail/waypoint__type_support.cpp
[24.036s] -- Installing: /home/gera/Desktop/EUFS_FORK_CONTAINERIZED/eufs-f1-sim/ws/install/eufs_msgs/include/eufs_msgs/eufs_msgs/msg/detail/cone_association_array_array_stamped__type_support.cpp
[24.036s] -- Installing: /home/gera/Desktop/EUFS_FORK_CONTAINERIZED/eufs-f1-sim/ws/install/eufs_msgs/include/eufs_msgs/eufs_msgs/msg/detail/particle_slam_stamped__rosidl_typesupport_introspection_cpp.hpp
[24.036s] -- Installing: /home/gera/Desktop/EUFS_FORK_CONTAINERIZED/eufs-f1-sim/ws/install/eufs_msgs/include/eufs_msgs/eufs_msgs/msg/detail/particle_stamped__type_support.cpp
[24.036s] -- Installing: /home/gera/Desktop/EUFS_FORK_CONTAINERIZED/eufs-f1-sim/ws/install/eufs_msgs/include/eufs_msgs/eufs_msgs/msg/detail/car_forces__rosidl_typesupport_introspection_cpp.hpp
[24.036s] -- Installing: /home/gera/Desktop/EUFS_FORK_CONTAINERIZED/eufs-f1-sim/ws/install/eufs_msgs/include/eufs_msgs/eufs_msgs/msg/detail/slam_err__rosidl_typesupport_introspection_cpp.hpp
[24.036s] -- Installing: /home/gera/Desktop/EUFS_FORK_CONTAINERIZED/eufs-f1-sim/ws/install/eufs_msgs/include/eufs_msgs/eufs_msgs/msg/detail/cpu_status__type_support.cpp
[24.036s] -- Installing: /home/gera/Desktop/EUFS_FORK_CONTAINERIZED/eufs-f1-sim/ws/install/eufs_msgs/include/eufs_msgs/eufs_msgs/msg/detail/cpu_usage__rosidl_typesupport_introspection_cpp.hpp
[24.036s] -- Installing: /home/gera/Desktop/EUFS_FORK_CONTAINERIZED/eufs-f1-sim/ws/install/eufs_msgs/include/eufs_msgs/eufs_msgs/msg/detail/cone_with_color_probability__rosidl_typesupport_introspection_cpp.hpp
[24.036s] -- Installing: /home/gera/Desktop/EUFS_FORK_CONTAINERIZED/eufs-f1-sim/ws/install/eufs_msgs/include/eufs_msgs/eufs_msgs/msg/detail/mpc_state__type_support.cpp
[24.036s] -- Installing: /home/gera/Desktop/EUFS_FORK_CONTAINERIZED/eufs-f1-sim/ws/install/eufs_msgs/include/eufs_msgs/eufs_msgs/msg/detail/bounding_boxes__type_support.cpp
[24.036s] -- Installing: /home/gera/Desktop/EUFS_FORK_CONTAINERIZED/eufs-f1-sim/ws/install/eufs_msgs/include/eufs_msgs/eufs_msgs/msg/detail/heartbeat__type_support.cpp
[24.036s] -- Installing: /home/gera/Desktop/EUFS_FORK_CONTAINERIZED/eufs-f1-sim/ws/install/eufs_msgs/include/eufs_msgs/eufs_msgs/msg/detail/vehicle_commands__type_support.cpp
[24.036s] -- Installing: /home/gera/Desktop/EUFS_FORK_CONTAINERIZED/eufs-f1-sim/ws/install/eufs_msgs/include/eufs_msgs/eufs_msgs/msg/detail/slam_state__rosidl_typesupport_introspection_cpp.hpp
[24.036s] -- Installing: /home/gera/Desktop/EUFS_FORK_CONTAINERIZED/eufs-f1-sim/ws/install/eufs_msgs/include/eufs_msgs/eufs_msgs/msg/detail/topic_status__rosidl_typesupport_introspection_cpp.hpp
[24.037s] -- Installing: /home/gera/Desktop/EUFS_FORK_CONTAINERIZED/eufs-f1-sim/ws/install/eufs_msgs/include/eufs_msgs/eufs_msgs/msg/detail/waypoint_array_stamped__rosidl_typesupport_introspection_cpp.hpp
[24.037s] -- Installing: /home/gera/Desktop/EUFS_FORK_CONTAINERIZED/eufs-f1-sim/ws/install/eufs_msgs/include/eufs_msgs/eufs_msgs/msg/detail/pure_pursuit_checkpoint__type_support.cpp
[24.037s] -- Installing: /home/gera/Desktop/EUFS_FORK_CONTAINERIZED/eufs-f1-sim/ws/install/eufs_msgs/include/eufs_msgs/eufs_msgs/msg/detail/particle_stamped__rosidl_typesupport_introspection_cpp.hpp
[24.037s] -- Installing: /home/gera/Desktop/EUFS_FORK_CONTAINERIZED/eufs-f1-sim/ws/install/eufs_msgs/include/eufs_msgs/eufs_msgs/msg/detail/ekf_err__rosidl_typesupport_introspection_cpp.hpp
[24.037s] -- Installing: /home/gera/Desktop/EUFS_FORK_CONTAINERIZED/eufs-f1-sim/ws/install/eufs_msgs/include/eufs_msgs/eufs_msgs/msg/detail/path_integral_stats__rosidl_typesupport_introspection_cpp.hpp
[24.037s] -- Installing: /home/gera/Desktop/EUFS_FORK_CONTAINERIZED/eufs-f1-sim/ws/install/eufs_msgs/include/eufs_msgs/eufs_msgs/msg/detail/path_integral_status__rosidl_typesupport_introspection_cpp.hpp
[24.037s] -- Installing: /home/gera/Desktop/EUFS_FORK_CONTAINERIZED/eufs-f1-sim/ws/install/eufs_msgs/include/eufs_msgs/eufs_msgs/msg/detail/chassis_command__type_support.cpp
[24.037s] -- Installing: /home/gera/Desktop/EUFS_FORK_CONTAINERIZED/eufs-f1-sim/ws/install/eufs_msgs/include/eufs_msgs/eufs_msgs/msg/detail/path_integral_params__type_support.cpp
[24.037s] -- Installing: /home/gera/Desktop/EUFS_FORK_CONTAINERIZED/eufs-f1-sim/ws/install/eufs_msgs/include/eufs_msgs/eufs_msgs/msg/detail/oss__type_support.cpp
[24.037s] -- Installing: /home/gera/Desktop/EUFS_FORK_CONTAINERIZED/eufs-f1-sim/ws/install/eufs_msgs/include/eufs_msgs/eufs_msgs/msg/detail/vehicle_commands_stamped__type_support.cpp
[24.037s] -- Installing: /home/gera/Desktop/EUFS_FORK_CONTAINERIZED/eufs-f1-sim/ws/install/eufs_msgs/include/eufs_msgs/eufs_msgs/msg/detail/vehicle_commands__rosidl_typesupport_introspection_cpp.hpp
[24.037s] -- Installing: /home/gera/Desktop/EUFS_FORK_CONTAINERIZED/eufs-f1-sim/ws/install/eufs_msgs/lib/libeufs_msgs__rosidl_typesupport_introspection_cpp.so
[24.037s] -- Set runtime path of "/home/gera/Desktop/EUFS_FORK_CONTAINERIZED/eufs-f1-sim/ws/install/eufs_msgs/lib/libeufs_msgs__rosidl_typesupport_introspection_cpp.so" to ""
[24.037s] -- Installing: /home/gera/Desktop/EUFS_FORK_CONTAINERIZED/eufs-f1-sim/ws/install/eufs_msgs/lib/libeufs_msgs__rosidl_typesupport_cpp.so
[24.037s] -- Set runtime path of "/home/gera/Desktop/EUFS_FORK_CONTAINERIZED/eufs-f1-sim/ws/install/eufs_msgs/lib/libeufs_msgs__rosidl_typesupport_cpp.so" to ""
[24.037s] -- Installing: /home/gera/Desktop/EUFS_FORK_CONTAINERIZED/eufs-f1-sim/ws/install/eufs_msgs/share/eufs_msgs/environment/pythonpath.sh
[24.037s] -- Installing: /home/gera/Desktop/EUFS_FORK_CONTAINERIZED/eufs-f1-sim/ws/install/eufs_msgs/share/eufs_msgs/environment/pythonpath.dsv
[24.037s] -- Installing: /home/gera/Desktop/EUFS_FORK_CONTAINERIZED/eufs-f1-sim/ws/install/eufs_msgs/local/lib/python3.10/dist-packages/eufs_msgs-2.0.0-py3.10.egg-info
[24.037s] -- Installing: /home/gera/Desktop/EUFS_FORK_CONTAINERIZED/eufs-f1-sim/ws/install/eufs_msgs/local/lib/python3.10/dist-packages/eufs_msgs-2.0.0-py3.10.egg-info/dependency_links.txt
[24.037s] -- Installing: /home/gera/Desktop/EUFS_FORK_CONTAINERIZED/eufs-f1-sim/ws/install/eufs_msgs/local/lib/python3.10/dist-packages/eufs_msgs-2.0.0-py3.10.egg-info/PKG-INFO
[24.037s] -- Installing: /home/gera/Desktop/EUFS_FORK_CONTAINERIZED/eufs-f1-sim/ws/install/eufs_msgs/local/lib/python3.10/dist-packages/eufs_msgs-2.0.0-py3.10.egg-info/top_level.txt
[24.037s] -- Installing: /home/gera/Desktop/EUFS_FORK_CONTAINERIZED/eufs-f1-sim/ws/install/eufs_msgs/local/lib/python3.10/dist-packages/eufs_msgs-2.0.0-py3.10.egg-info/SOURCES.txt
[24.048s] -- Installing: /home/gera/Desktop/EUFS_FORK_CONTAINERIZED/eufs-f1-sim/ws/install/eufs_msgs/local/lib/python3.10/dist-packages/eufs_msgs
[24.048s] -- Installing: /home/gera/Desktop/EUFS_FORK_CONTAINERIZED/eufs-f1-sim/ws/install/eufs_msgs/local/lib/python3.10/dist-packages/eufs_msgs/_eufs_msgs_s.ep.rosidl_typesupport_introspection_c.c
[24.048s] -- Installing: /home/gera/Desktop/EUFS_FORK_CONTAINERIZED/eufs-f1-sim/ws/install/eufs_msgs/local/lib/python3.10/dist-packages/eufs_msgs/action
[24.049s] -- Installing: /home/gera/Desktop/EUFS_FORK_CONTAINERIZED/eufs-f1-sim/ws/install/eufs_msgs/local/lib/python3.10/dist-packages/eufs_msgs/action/__init__.py
[24.049s] -- Installing: /home/gera/Desktop/EUFS_FORK_CONTAINERIZED/eufs-f1-sim/ws/install/eufs_msgs/local/lib/python3.10/dist-packages/eufs_msgs/action/_check_for_objects_s.c
[24.049s] -- Installing: /home/gera/Desktop/EUFS_FORK_CONTAINERIZED/eufs-f1-sim/ws/install/eufs_msgs/local/lib/python3.10/dist-packages/eufs_msgs/action/_check_for_objects.py
[24.049s] -- Installing: /home/gera/Desktop/EUFS_FORK_CONTAINERIZED/eufs-f1-sim/ws/install/eufs_msgs/local/lib/python3.10/dist-packages/eufs_msgs/eufs_msgs_s__rosidl_typesupport_c.cpython-310-x86_64-linux-gnu.so
[24.049s] -- Installing: /home/gera/Desktop/EUFS_FORK_CONTAINERIZED/eufs-f1-sim/ws/install/eufs_msgs/local/lib/python3.10/dist-packages/eufs_msgs/eufs_msgs_s__rosidl_typesupport_introspection_c.cpython-310-x86_64-linux-gnu.so
[24.049s] -- Installing: /home/gera/Desktop/EUFS_FORK_CONTAINERIZED/eufs-f1-sim/ws/install/eufs_msgs/local/lib/python3.10/dist-packages/eufs_msgs/srv
[24.049s] -- Installing: /home/gera/Desktop/EUFS_FORK_CONTAINERIZED/eufs-f1-sim/ws/install/eufs_msgs/local/lib/python3.10/dist-packages/eufs_msgs/srv/_record_stop_s.c
[24.049s] -- Installing: /home/gera/Desktop/EUFS_FORK_CONTAINERIZED/eufs-f1-sim/ws/install/eufs_msgs/local/lib/python3.10/dist-packages/eufs_msgs/srv/_register_s.c
[24.049s] -- Installing: /home/gera/Desktop/EUFS_FORK_CONTAINERIZED/eufs-f1-sim/ws/install/eufs_msgs/local/lib/python3.10/dist-packages/eufs_msgs/srv/_set_string.py
[24.049s] -- Installing: /home/gera/Desktop/EUFS_FORK_CONTAINERIZED/eufs-f1-sim/ws/install/eufs_msgs/local/lib/python3.10/dist-packages/eufs_msgs/srv/_set_track_s.c
[24.049s] -- Installing: /home/gera/Desktop/EUFS_FORK_CONTAINERIZED/eufs-f1-sim/ws/install/eufs_msgs/local/lib/python3.10/dist-packages/eufs_msgs/srv/_set_can_state_s.c
[24.049s] -- Installing: /home/gera/Desktop/EUFS_FORK_CONTAINERIZED/eufs-f1-sim/ws/install/eufs_msgs/local/lib/python3.10/dist-packages/eufs_msgs/srv/_set_mission.py
[24.050s] -- Installing: /home/gera/Desktop/EUFS_FORK_CONTAINERIZED/eufs-f1-sim/ws/install/eufs_msgs/local/lib/python3.10/dist-packages/eufs_msgs/srv/_get_map.py
[24.050s] -- Installing: /home/gera/Desktop/EUFS_FORK_CONTAINERIZED/eufs-f1-sim/ws/install/eufs_msgs/local/lib/python3.10/dist-packages/eufs_msgs/srv/_record_start_s.c
[24.050s] -- Installing: /home/gera/Desktop/EUFS_FORK_CONTAINERIZED/eufs-f1-sim/ws/install/eufs_msgs/local/lib/python3.10/dist-packages/eufs_msgs/srv/_set_can_state.py
[24.050s] -- Installing: /home/gera/Desktop/EUFS_FORK_CONTAINERIZED/eufs-f1-sim/ws/install/eufs_msgs/local/lib/python3.10/dist-packages/eufs_msgs/srv/_set_track.py
[24.050s] -- Installing: /home/gera/Desktop/EUFS_FORK_CONTAINERIZED/eufs-f1-sim/ws/install/eufs_msgs/local/lib/python3.10/dist-packages/eufs_msgs/srv/_record_stop.py
[24.050s] -- Installing: /home/gera/Desktop/EUFS_FORK_CONTAINERIZED/eufs-f1-sim/ws/install/eufs_msgs/local/lib/python3.10/dist-packages/eufs_msgs/srv/_record_start.py
[24.050s] -- Installing: /home/gera/Desktop/EUFS_FORK_CONTAINERIZED/eufs-f1-sim/ws/install/eufs_msgs/local/lib/python3.10/dist-packages/eufs_msgs/srv/_get_map_s.c
[24.050s] -- Installing: /home/gera/Desktop/EUFS_FORK_CONTAINERIZED/eufs-f1-sim/ws/install/eufs_msgs/local/lib/python3.10/dist-packages/eufs_msgs/srv/__init__.py
[24.050s] -- Installing: /home/gera/Desktop/EUFS_FORK_CONTAINERIZED/eufs-f1-sim/ws/install/eufs_msgs/local/lib/python3.10/dist-packages/eufs_msgs/srv/_register.py
[24.050s] -- Installing: /home/gera/Desktop/EUFS_FORK_CONTAINERIZED/eufs-f1-sim/ws/install/eufs_msgs/local/lib/python3.10/dist-packages/eufs_msgs/srv/_set_mission_s.c
[24.050s] -- Installing: /home/gera/Desktop/EUFS_FORK_CONTAINERIZED/eufs-f1-sim/ws/install/eufs_msgs/local/lib/python3.10/dist-packages/eufs_msgs/srv/_set_string_s.c
[24.050s] -- Installing: /home/gera/Desktop/EUFS_FORK_CONTAINERIZED/eufs-f1-sim/ws/install/eufs_msgs/local/lib/python3.10/dist-packages/eufs_msgs/libeufs_msgs__rosidl_generator_py.so
[24.050s] -- Installing: /home/gera/Desktop/EUFS_FORK_CONTAINERIZED/eufs-f1-sim/ws/install/eufs_msgs/local/lib/python3.10/dist-packages/eufs_msgs/eufs_msgs_s__rosidl_typesupport_fastrtps_c.cpython-310-x86_64-linux-gnu.so
[24.051s] -- Installing: /home/gera/Desktop/EUFS_FORK_CONTAINERIZED/eufs-f1-sim/ws/install/eufs_msgs/local/lib/python3.10/dist-packages/eufs_msgs/_eufs_msgs_s.ep.rosidl_typesupport_c.c
[24.051s] -- Installing: /home/gera/Desktop/EUFS_FORK_CONTAINERIZED/eufs-f1-sim/ws/install/eufs_msgs/local/lib/python3.10/dist-packages/eufs_msgs/__init__.py
[24.051s] -- Installing: /home/gera/Desktop/EUFS_FORK_CONTAINERIZED/eufs-f1-sim/ws/install/eufs_msgs/local/lib/python3.10/dist-packages/eufs_msgs/_eufs_msgs_s.ep.rosidl_typesupport_fastrtps_c.c
[24.051s] -- Installing: /home/gera/Desktop/EUFS_FORK_CONTAINERIZED/eufs-f1-sim/ws/install/eufs_msgs/local/lib/python3.10/dist-packages/eufs_msgs/msg
[24.051s] -- Installing: /home/gera/Desktop/EUFS_FORK_CONTAINERIZED/eufs-f1-sim/ws/install/eufs_msgs/local/lib/python3.10/dist-packages/eufs_msgs/msg/_waypoint_s.c
[24.051s] -- Installing: /home/gera/Desktop/EUFS_FORK_CONTAINERIZED/eufs-f1-sim/ws/install/eufs_msgs/local/lib/python3.10/dist-packages/eufs_msgs/msg/_slam_err.py
[24.051s] -- Installing: /home/gera/Desktop/EUFS_FORK_CONTAINERIZED/eufs-f1-sim/ws/install/eufs_msgs/local/lib/python3.10/dist-packages/eufs_msgs/msg/_node_state.py
[24.051s] -- Installing: /home/gera/Desktop/EUFS_FORK_CONTAINERIZED/eufs-f1-sim/ws/install/eufs_msgs/local/lib/python3.10/dist-packages/eufs_msgs/msg/_cone_association.py
[24.051s] -- Installing: /home/gera/Desktop/EUFS_FORK_CONTAINERIZED/eufs-f1-sim/ws/install/eufs_msgs/local/lib/python3.10/dist-packages/eufs_msgs/msg/_cpu_status.py
[24.052s] -- Installing: /home/gera/Desktop/EUFS_FORK_CONTAINERIZED/eufs-f1-sim/ws/install/eufs_msgs/local/lib/python3.10/dist-packages/eufs_msgs/msg/_integration_err.py
[24.052s] -- Installing: /home/gera/Desktop/EUFS_FORK_CONTAINERIZED/eufs-f1-sim/ws/install/eufs_msgs/local/lib/python3.10/dist-packages/eufs_msgs/msg/_chassis_command.py
[24.052s] -- Installing: /home/gera/Desktop/EUFS_FORK_CONTAINERIZED/eufs-f1-sim/ws/install/eufs_msgs/local/lib/python3.10/dist-packages/eufs_msgs/msg/_wheel_speeds_stamped.py
[24.052s] -- Installing: /home/gera/Desktop/EUFS_FORK_CONTAINERIZED/eufs-f1-sim/ws/install/eufs_msgs/local/lib/python3.10/dist-packages/eufs_msgs/msg/_node_state_array_s.c
[24.052s] -- Installing: /home/gera/Desktop/EUFS_FORK_CONTAINERIZED/eufs-f1-sim/ws/install/eufs_msgs/local/lib/python3.10/dist-packages/eufs_msgs/msg/_point_array_stamped.py
[24.052s] -- Installing: /home/gera/Desktop/EUFS_FORK_CONTAINERIZED/eufs-f1-sim/ws/install/eufs_msgs/local/lib/python3.10/dist-packages/eufs_msgs/msg/_chassis_command_s.c
[24.052s] -- Installing: /home/gera/Desktop/EUFS_FORK_CONTAINERIZED/eufs-f1-sim/ws/install/eufs_msgs/local/lib/python3.10/dist-packages/eufs_msgs/msg/_ekf_err.py
[24.052s] -- Installing: /home/gera/Desktop/EUFS_FORK_CONTAINERIZED/eufs-f1-sim/ws/install/eufs_msgs/local/lib/python3.10/dist-packages/eufs_msgs/msg/_path_integral_status_s.c
[24.052s] -- Installing: /home/gera/Desktop/EUFS_FORK_CONTAINERIZED/eufs-f1-sim/ws/install/eufs_msgs/local/lib/python3.10/dist-packages/eufs_msgs/msg/_node_state_s.c
[24.052s] -- Installing: /home/gera/Desktop/EUFS_FORK_CONTAINERIZED/eufs-f1-sim/ws/install/eufs_msgs/local/lib/python3.10/dist-packages/eufs_msgs/msg/_planning_mode.py
[24.053s] -- Installing: /home/gera/Desktop/EUFS_FORK_CONTAINERIZED/eufs-f1-sim/ws/install/eufs_msgs/local/lib/python3.10/dist-packages/eufs_msgs/msg/_topic_status_s.c
[24.053s] -- Installing: /home/gera/Desktop/EUFS_FORK_CONTAINERIZED/eufs-f1-sim/ws/install/eufs_msgs/local/lib/python3.10/dist-packages/eufs_msgs/msg/_vehicle_commands_s.c
[24.053s] -- Installing: /home/gera/Desktop/EUFS_FORK_CONTAINERIZED/eufs-f1-sim/ws/install/eufs_msgs/local/lib/python3.10/dist-packages/eufs_msgs/msg/_bounding_box_s.c
[24.053s] -- Installing: /home/gera/Desktop/EUFS_FORK_CONTAINERIZED/eufs-f1-sim/ws/install/eufs_msgs/local/lib/python3.10/dist-packages/eufs_msgs/msg/_mpc_state.py
[24.053s] -- Installing: /home/gera/Desktop/EUFS_FORK_CONTAINERIZED/eufs-f1-sim/ws/install/eufs_msgs/local/lib/python3.10/dist-packages/eufs_msgs/msg/_waypoint_array_stamped_s.c
[24.053s] -- Installing: /home/gera/Desktop/EUFS_FORK_CONTAINERIZED/eufs-f1-sim/ws/install/eufs_msgs/local/lib/python3.10/dist-packages/eufs_msgs/msg/_cone_with_covariance_s.c
[24.053s] -- Installing: /home/gera/Desktop/EUFS_FORK_CONTAINERIZED/eufs-f1-sim/ws/install/eufs_msgs/local/lib/python3.10/dist-packages/eufs_msgs/msg/_particle_s.c
[24.053s] -- Installing: /home/gera/Desktop/EUFS_FORK_CONTAINERIZED/eufs-f1-sim/ws/install/eufs_msgs/local/lib/python3.10/dist-packages/eufs_msgs/msg/_cpu_status_s.c
[24.054s] -- Installing: /home/gera/Desktop/EUFS_FORK_CONTAINERIZED/eufs-f1-sim/ws/install/eufs_msgs/local/lib/python3.10/dist-packages/eufs_msgs/msg/_path_integral_params.py
[24.054s] -- Installing: /home/gera/Desktop/EUFS_FORK_CONTAINERIZED/eufs-f1-sim/ws/install/eufs_msgs/local/lib/python3.10/dist-packages/eufs_msgs/msg/_cpu_usage_s.c
[24.054s] -- Installing: /home/gera/Desktop/EUFS_FORK_CONTAINERIZED/eufs-f1-sim/ws/install/eufs_msgs/local/lib/python3.10/dist-packages/eufs_msgs/msg/_point_array.py
[24.054s] -- Installing: /home/gera/Desktop/EUFS_FORK_CONTAINERIZED/eufs-f1-sim/ws/install/eufs_msgs/local/lib/python3.10/dist-packages/eufs_msgs/msg/_vehicle_commands_stamped_s.c
[24.054s] -- Installing: /home/gera/Desktop/EUFS_FORK_CONTAINERIZED/eufs-f1-sim/ws/install/eufs_msgs/local/lib/python3.10/dist-packages/eufs_msgs/msg/_full_state.py
[24.054s] -- Installing: /home/gera/Desktop/EUFS_FORK_CONTAINERIZED/eufs-f1-sim/ws/install/eufs_msgs/local/lib/python3.10/dist-packages/eufs_msgs/msg/_ekf_state_s.c
[24.054s] -- Installing: /home/gera/Desktop/EUFS_FORK_CONTAINERIZED/eufs-f1-sim/ws/install/eufs_msgs/local/lib/python3.10/dist-packages/eufs_msgs/msg/_particle_slam_s.c
[24.055s] -- Installing: /home/gera/Desktop/EUFS_FORK_CONTAINERIZED/eufs-f1-sim/ws/install/eufs_msgs/local/lib/python3.10/dist-packages/eufs_msgs/msg/_path_integral_params_s.c
[24.055s] -- Installing: /home/gera/Desktop/EUFS_FORK_CONTAINERIZED/eufs-f1-sim/ws/install/eufs_msgs/local/lib/python3.10/dist-packages/eufs_msgs/msg/_mpc_state_s.c
[24.055s] -- Installing: /home/gera/Desktop/EUFS_FORK_CONTAINERIZED/eufs-f1-sim/ws/install/eufs_msgs/local/lib/python3.10/dist-packages/eufs_msgs/msg/_cone_with_color_probability_array_s.c
[24.055s] -- Installing: /home/gera/Desktop/EUFS_FORK_CONTAINERIZED/eufs-f1-sim/ws/install/eufs_msgs/local/lib/python3.10/dist-packages/eufs_msgs/msg/_costmap.py
[24.055s] -- Installing: /home/gera/Desktop/EUFS_FORK_CONTAINERIZED/eufs-f1-sim/ws/install/eufs_msgs/local/lib/python3.10/dist-packages/eufs_msgs/msg/_cone_with_color_probability_array.py
[24.055s] -- Installing: /home/gera/Desktop/EUFS_FORK_CONTAINERIZED/eufs-f1-sim/ws/install/eufs_msgs/local/lib/python3.10/dist-packages/eufs_msgs/msg/_lap_stats.py
[24.055s] -- Installing: /home/gera/Desktop/EUFS_FORK_CONTAINERIZED/eufs-f1-sim/ws/install/eufs_msgs/local/lib/python3.10/dist-packages/eufs_msgs/msg/_vehicle_commands.py
[24.055s] -- Installing: /home/gera/Desktop/EUFS_FORK_CONTAINERIZED/eufs-f1-sim/ws/install/eufs_msgs/local/lib/python3.10/dist-packages/eufs_msgs/msg/_planning_mode_s.c
[24.055s] -- Installing: /home/gera/Desktop/EUFS_FORK_CONTAINERIZED/eufs-f1-sim/ws/install/eufs_msgs/local/lib/python3.10/dist-packages/eufs_msgs/msg/_cone_association_array.py
[24.055s] -- Installing: /home/gera/Desktop/EUFS_FORK_CONTAINERIZED/eufs-f1-sim/ws/install/eufs_msgs/local/lib/python3.10/dist-packages/eufs_msgs/msg/_system_status.py
[24.055s] -- Installing: /home/gera/Desktop/EUFS_FORK_CONTAINERIZED/eufs-f1-sim/ws/install/eufs_msgs/local/lib/python3.10/dist-packages/eufs_msgs/msg/_topic_status.py
[24.055s] -- Installing: /home/gera/Desktop/EUFS_FORK_CONTAINERIZED/eufs-f1-sim/ws/install/eufs_msgs/local/lib/python3.10/dist-packages/eufs_msgs/msg/_car_state_s.c
[24.055s] -- Installing: /home/gera/Desktop/EUFS_FORK_CONTAINERIZED/eufs-f1-sim/ws/install/eufs_msgs/local/lib/python3.10/dist-packages/eufs_msgs/msg/_point_array_s.c
[24.055s] -- Installing: /home/gera/Desktop/EUFS_FORK_CONTAINERIZED/eufs-f1-sim/ws/install/eufs_msgs/local/lib/python3.10/dist-packages/eufs_msgs/msg/_cone_array.py
[24.055s] -- Installing: /home/gera/Desktop/EUFS_FORK_CONTAINERIZED/eufs-f1-sim/ws/install/eufs_msgs/local/lib/python3.10/dist-packages/eufs_msgs/msg/_particle.py
[24.055s] -- Installing: /home/gera/Desktop/EUFS_FORK_CONTAINERIZED/eufs-f1-sim/ws/install/eufs_msgs/local/lib/python3.10/dist-packages/eufs_msgs/msg/_integration_err_s.c
[24.055s] -- Installing: /home/gera/Desktop/EUFS_FORK_CONTAINERIZED/eufs-f1-sim/ws/install/eufs_msgs/local/lib/python3.10/dist-packages/eufs_msgs/msg/_pure_pursuit_checkpoint_array_stamped.py
[24.055s] -- Installing: /home/gera/Desktop/EUFS_FORK_CONTAINERIZED/eufs-f1-sim/ws/install/eufs_msgs/local/lib/python3.10/dist-packages/eufs_msgs/msg/_bounding_boxes.py
[24.056s] -- Installing: /home/gera/Desktop/EUFS_FORK_CONTAINERIZED/eufs-f1-sim/ws/install/eufs_msgs/local/lib/python3.10/dist-packages/eufs_msgs/msg/_full_state_s.c
[24.056s] -- Installing: /home/gera/Desktop/EUFS_FORK_CONTAINERIZED/eufs-f1-sim/ws/install/eufs_msgs/local/lib/python3.10/dist-packages/eufs_msgs/msg/_slam_err_s.c
[24.056s] -- Installing: /home/gera/Desktop/EUFS_FORK_CONTAINERIZED/eufs-f1-sim/ws/install/eufs_msgs/local/lib/python3.10/dist-packages/eufs_msgs/msg/_cone_with_color_probability.py
[24.056s] -- Installing: /home/gera/Desktop/EUFS_FORK_CONTAINERIZED/eufs-f1-sim/ws/install/eufs_msgs/local/lib/python3.10/dist-packages/eufs_msgs/msg/_particle_stamped.py
[24.056s] -- Installing: /home/gera/Desktop/EUFS_FORK_CONTAINERIZED/eufs-f1-sim/ws/install/eufs_msgs/local/lib/python3.10/dist-packages/eufs_msgs/msg/_cone_with_color_probability_s.c
[24.056s] -- Installing: /home/gera/Desktop/EUFS_FORK_CONTAINERIZED/eufs-f1-sim/ws/install/eufs_msgs/local/lib/python3.10/dist-packages/eufs_msgs/msg/_slam_state.py
[24.056s] -- Installing: /home/gera/Desktop/EUFS_FORK_CONTAINERIZED/eufs-f1-sim/ws/install/eufs_msgs/local/lib/python3.10/dist-packages/eufs_msgs/msg/_waypoint.py
[24.056s] -- Installing: /home/gera/Desktop/EUFS_FORK_CONTAINERIZED/eufs-f1-sim/ws/install/eufs_msgs/local/lib/python3.10/dist-packages/eufs_msgs/msg/_car_state.py
[24.056s] -- Installing: /home/gera/Desktop/EUFS_FORK_CONTAINERIZED/eufs-f1-sim/ws/install/eufs_msgs/local/lib/python3.10/dist-packages/eufs_msgs/msg/_cone_association_array_stamped_s.c
[24.056s] -- Installing: /home/gera/Desktop/EUFS_FORK_CONTAINERIZED/eufs-f1-sim/ws/install/eufs_msgs/local/lib/python3.10/dist-packages/eufs_msgs/msg/_wheel_speeds_stamped_s.c
[24.056s] -- Installing: /home/gera/Desktop/EUFS_FORK_CONTAINERIZED/eufs-f1-sim/ws/install/eufs_msgs/local/lib/python3.10/dist-packages/eufs_msgs/msg/_chassis_state_s.c
[24.056s] -- Installing: /home/gera/Desktop/EUFS_FORK_CONTAINERIZED/eufs-f1-sim/ws/install/eufs_msgs/local/lib/python3.10/dist-packages/eufs_msgs/msg/_node_state_array.py
[24.056s] -- Installing: /home/gera/Desktop/EUFS_FORK_CONTAINERIZED/eufs-f1-sim/ws/install/eufs_msgs/local/lib/python3.10/dist-packages/eufs_msgs/msg/_bounding_boxes_s.c
[24.056s] -- Installing: /home/gera/Desktop/EUFS_FORK_CONTAINERIZED/eufs-f1-sim/ws/install/eufs_msgs/local/lib/python3.10/dist-packages/eufs_msgs/msg/_runstop_s.c
[24.056s] -- Installing: /home/gera/Desktop/EUFS_FORK_CONTAINERIZED/eufs-f1-sim/ws/install/eufs_msgs/local/lib/python3.10/dist-packages/eufs_msgs/msg/_path_integral_stats.py
[24.056s] -- Installing: /home/gera/Desktop/EUFS_FORK_CONTAINERIZED/eufs-f1-sim/ws/install/eufs_msgs/local/lib/python3.10/dist-packages/eufs_msgs/msg/_wheel_odometry_err.py
[24.056s] -- Installing: /home/gera/Desktop/EUFS_FORK_CONTAINERIZED/eufs-f1-sim/ws/install/eufs_msgs/local/lib/python3.10/dist-packages/eufs_msgs/msg/_particle_slam_stamped_s.c
[24.056s] -- Installing: /home/gera/Desktop/EUFS_FORK_CONTAINERIZED/eufs-f1-sim/ws/install/eufs_msgs/local/lib/python3.10/dist-packages/eufs_msgs/msg/_cpu_usage.py
[24.057s] -- Installing: /home/gera/Desktop/EUFS_FORK_CONTAINERIZED/eufs-f1-sim/ws/install/eufs_msgs/local/lib/python3.10/dist-packages/eufs_msgs/msg/_path_integral_timing.py
[24.057s] -- Installing: /home/gera/Desktop/EUFS_FORK_CONTAINERIZED/eufs-f1-sim/ws/install/eufs_msgs/local/lib/python3.10/dist-packages/eufs_msgs/msg/_ekf_state.py
[24.057s] -- Installing: /home/gera/Desktop/EUFS_FORK_CONTAINERIZED/eufs-f1-sim/ws/install/eufs_msgs/local/lib/python3.10/dist-packages/eufs_msgs/msg/_particle_slam_stamped.py
[24.057s] -- Installing: /home/gera/Desktop/EUFS_FORK_CONTAINERIZED/eufs-f1-sim/ws/install/eufs_msgs/local/lib/python3.10/dist-packages/eufs_msgs/msg/_cone_with_covariance.py
[24.057s] -- Installing: /home/gera/Desktop/EUFS_FORK_CONTAINERIZED/eufs-f1-sim/ws/install/eufs_msgs/local/lib/python3.10/dist-packages/eufs_msgs/msg/_can_state_s.c
[24.057s] -- Installing: /home/gera/Desktop/EUFS_FORK_CONTAINERIZED/eufs-f1-sim/ws/install/eufs_msgs/local/lib/python3.10/dist-packages/eufs_msgs/msg/_cone_association_array_stamped.py
[24.057s] -- Installing: /home/gera/Desktop/EUFS_FORK_CONTAINERIZED/eufs-f1-sim/ws/install/eufs_msgs/local/lib/python3.10/dist-packages/eufs_msgs/msg/_wheel_speeds_s.c
[24.057s] -- Installing: /home/gera/Desktop/EUFS_FORK_CONTAINERIZED/eufs-f1-sim/ws/install/eufs_msgs/local/lib/python3.10/dist-packages/eufs_msgs/msg/_state_machine_state.py
[24.057s] -- Installing: /home/gera/Desktop/EUFS_FORK_CONTAINERIZED/eufs-f1-sim/ws/install/eufs_msgs/local/lib/python3.10/dist-packages/eufs_msgs/msg/_pure_pursuit_checkpoint.py
[24.057s] -- Installing: /home/gera/Desktop/EUFS_FORK_CONTAINERIZED/eufs-f1-sim/ws/install/eufs_msgs/local/lib/python3.10/dist-packages/eufs_msgs/msg/_heartbeat_s.c
[24.057s] -- Installing: /home/gera/Desktop/EUFS_FORK_CONTAINERIZED/eufs-f1-sim/ws/install/eufs_msgs/local/lib/python3.10/dist-packages/eufs_msgs/msg/_car_forces.py
[24.057s] -- Installing: /home/gera/Desktop/EUFS_FORK_CONTAINERIZED/eufs-f1-sim/ws/install/eufs_msgs/local/lib/python3.10/dist-packages/eufs_msgs/msg/_chassis_state.py
[24.057s] -- Installing: /home/gera/Desktop/EUFS_FORK_CONTAINERIZED/eufs-f1-sim/ws/install/eufs_msgs/local/lib/python3.10/dist-packages/eufs_msgs/msg/__init__.py
[24.057s] -- Installing: /home/gera/Desktop/EUFS_FORK_CONTAINERIZED/eufs-f1-sim/ws/install/eufs_msgs/local/lib/python3.10/dist-packages/eufs_msgs/msg/_wheel_speeds.py
[24.057s] -- Installing: /home/gera/Desktop/EUFS_FORK_CONTAINERIZED/eufs-f1-sim/ws/install/eufs_msgs/local/lib/python3.10/dist-packages/eufs_msgs/msg/_point_array_stamped_s.c
[24.057s] -- Installing: /home/gera/Desktop/EUFS_FORK_CONTAINERIZED/eufs-f1-sim/ws/install/eufs_msgs/local/lib/python3.10/dist-packages/eufs_msgs/msg/_can_state.py
[24.058s] -- Installing: /home/gera/Desktop/EUFS_FORK_CONTAINERIZED/eufs-f1-sim/ws/install/eufs_msgs/local/lib/python3.10/dist-packages/eufs_msgs/msg/_cone_association_s.c
[24.058s] -- Installing: /home/gera/Desktop/EUFS_FORK_CONTAINERIZED/eufs-f1-sim/ws/install/eufs_msgs/local/lib/python3.10/dist-packages/eufs_msgs/msg/_bounding_box.py
[24.058s] -- Installing: /home/gera/Desktop/EUFS_FORK_CONTAINERIZED/eufs-f1-sim/ws/install/eufs_msgs/local/lib/python3.10/dist-packages/eufs_msgs/msg/_cone_array_s.c
[24.058s] -- Installing: /home/gera/Desktop/EUFS_FORK_CONTAINERIZED/eufs-f1-sim/ws/install/eufs_msgs/local/lib/python3.10/dist-packages/eufs_msgs/msg/_cone_association_array_array_stamped_s.c
[24.058s] -- Installing: /home/gera/Desktop/EUFS_FORK_CONTAINERIZED/eufs-f1-sim/ws/install/eufs_msgs/local/lib/python3.10/dist-packages/eufs_msgs/msg/_heartbeat.py
[24.058s] -- Installing: /home/gera/Desktop/EUFS_FORK_CONTAINERIZED/eufs-f1-sim/ws/install/eufs_msgs/local/lib/python3.10/dist-packages/eufs_msgs/msg/_path_integral_stats_s.c
[24.058s] -- Installing: /home/gera/Desktop/EUFS_FORK_CONTAINERIZED/eufs-f1-sim/ws/install/eufs_msgs/local/lib/python3.10/dist-packages/eufs_msgs/msg/_cone_array_with_covariance.py
[24.058s] -- Installing: /home/gera/Desktop/EUFS_FORK_CONTAINERIZED/eufs-f1-sim/ws/install/eufs_msgs/local/lib/python3.10/dist-packages/eufs_msgs/msg/_oss.py
[24.058s] -- Installing: /home/gera/Desktop/EUFS_FORK_CONTAINERIZED/eufs-f1-sim/ws/install/eufs_msgs/local/lib/python3.10/dist-packages/eufs_msgs/msg/_particle_stamped_s.c
[24.058s] -- Installing: /home/gera/Desktop/EUFS_FORK_CONTAINERIZED/eufs-f1-sim/ws/install/eufs_msgs/local/lib/python3.10/dist-packages/eufs_msgs/msg/_path_integral_timing_s.c
[24.058s] -- Installing: /home/gera/Desktop/EUFS_FORK_CONTAINERIZED/eufs-f1-sim/ws/install/eufs_msgs/local/lib/python3.10/dist-packages/eufs_msgs/msg/_lap_stats_s.c
[24.058s] -- Installing: /home/gera/Desktop/EUFS_FORK_CONTAINERIZED/eufs-f1-sim/ws/install/eufs_msgs/local/lib/python3.10/dist-packages/eufs_msgs/msg/_state_machine_state_s.c
[24.058s] -- Installing: /home/gera/Desktop/EUFS_FORK_CONTAINERIZED/eufs-f1-sim/ws/install/eufs_msgs/local/lib/python3.10/dist-packages/eufs_msgs/msg/_path_integral_status.py
[24.058s] -- Installing: /home/gera/Desktop/EUFS_FORK_CONTAINERIZED/eufs-f1-sim/ws/install/eufs_msgs/local/lib/python3.10/dist-packages/eufs_msgs/msg/_slam_state_s.c
[24.058s] -- Installing: /home/gera/Desktop/EUFS_FORK_CONTAINERIZED/eufs-f1-sim/ws/install/eufs_msgs/local/lib/python3.10/dist-packages/eufs_msgs/msg/_waypoint_array_stamped.py
[24.058s] -- Installing: /home/gera/Desktop/EUFS_FORK_CONTAINERIZED/eufs-f1-sim/ws/install/eufs_msgs/local/lib/python3.10/dist-packages/eufs_msgs/msg/_oss_s.c
[24.059s] -- Installing: /home/gera/Desktop/EUFS_FORK_CONTAINERIZED/eufs-f1-sim/ws/install/eufs_msgs/local/lib/python3.10/dist-packages/eufs_msgs/msg/_particle_slam.py
[24.059s] -- Installing: /home/gera/Desktop/EUFS_FORK_CONTAINERIZED/eufs-f1-sim/ws/install/eufs_msgs/local/lib/python3.10/dist-packages/eufs_msgs/msg/_ekf_err_s.c
[24.059s] -- Installing: /home/gera/Desktop/EUFS_FORK_CONTAINERIZED/eufs-f1-sim/ws/install/eufs_msgs/local/lib/python3.10/dist-packages/eufs_msgs/msg/_car_forces_s.c
[24.059s] -- Installing: /home/gera/Desktop/EUFS_FORK_CONTAINERIZED/eufs-f1-sim/ws/install/eufs_msgs/local/lib/python3.10/dist-packages/eufs_msgs/msg/_system_status_s.c
[24.059s] -- Installing: /home/gera/Desktop/EUFS_FORK_CONTAINERIZED/eufs-f1-sim/ws/install/eufs_msgs/local/lib/python3.10/dist-packages/eufs_msgs/msg/_stereo_image_s.c
[24.059s] -- Installing: /home/gera/Desktop/EUFS_FORK_CONTAINERIZED/eufs-f1-sim/ws/install/eufs_msgs/local/lib/python3.10/dist-packages/eufs_msgs/msg/_cone_association_array_array_stamped.py
[24.059s] -- Installing: /home/gera/Desktop/EUFS_FORK_CONTAINERIZED/eufs-f1-sim/ws/install/eufs_msgs/local/lib/python3.10/dist-packages/eufs_msgs/msg/_pure_pursuit_checkpoint_array_stamped_s.c
[24.059s] -- Installing: /home/gera/Desktop/EUFS_FORK_CONTAINERIZED/eufs-f1-sim/ws/install/eufs_msgs/local/lib/python3.10/dist-packages/eufs_msgs/msg/_pure_pursuit_checkpoint_s.c
[24.059s] -- Installing: /home/gera/Desktop/EUFS_FORK_CONTAINERIZED/eufs-f1-sim/ws/install/eufs_msgs/local/lib/python3.10/dist-packages/eufs_msgs/msg/_cone_association_array_s.c
[24.059s] -- Installing: /home/gera/Desktop/EUFS_FORK_CONTAINERIZED/eufs-f1-sim/ws/install/eufs_msgs/local/lib/python3.10/dist-packages/eufs_msgs/msg/_cone_array_with_covariance_s.c
[24.059s] -- Installing: /home/gera/Desktop/EUFS_FORK_CONTAINERIZED/eufs-f1-sim/ws/install/eufs_msgs/local/lib/python3.10/dist-packages/eufs_msgs/msg/_wheel_odometry_err_s.c
[24.059s] -- Installing: /home/gera/Desktop/EUFS_FORK_CONTAINERIZED/eufs-f1-sim/ws/install/eufs_msgs/local/lib/python3.10/dist-packages/eufs_msgs/msg/_runstop.py
[24.059s] -- Installing: /home/gera/Desktop/EUFS_FORK_CONTAINERIZED/eufs-f1-sim/ws/install/eufs_msgs/local/lib/python3.10/dist-packages/eufs_msgs/msg/_vehicle_commands_stamped.py
[24.059s] -- Installing: /home/gera/Desktop/EUFS_FORK_CONTAINERIZED/eufs-f1-sim/ws/install/eufs_msgs/local/lib/python3.10/dist-packages/eufs_msgs/msg/_costmap_s.c
[24.059s] -- Installing: /home/gera/Desktop/EUFS_FORK_CONTAINERIZED/eufs-f1-sim/ws/install/eufs_msgs/local/lib/python3.10/dist-packages/eufs_msgs/msg/_stereo_image.py
[24.244s] Listing '/home/gera/Desktop/EUFS_FORK_CONTAINERIZED/eufs-f1-sim/ws/install/eufs_msgs/local/lib/python3.10/dist-packages/eufs_msgs'...
[24.244s] Compiling '/home/gera/Desktop/EUFS_FORK_CONTAINERIZED/eufs-f1-sim/ws/install/eufs_msgs/local/lib/python3.10/dist-packages/eufs_msgs/__init__.py'...
[24.244s] Listing '/home/gera/Desktop/EUFS_FORK_CONTAINERIZED/eufs-f1-sim/ws/install/eufs_msgs/local/lib/python3.10/dist-packages/eufs_msgs/action'...
[24.245s] Compiling '/home/gera/Desktop/EUFS_FORK_CONTAINERIZED/eufs-f1-sim/ws/install/eufs_msgs/local/lib/python3.10/dist-packages/eufs_msgs/action/__init__.py'...
[24.245s] Compiling '/home/gera/Desktop/EUFS_FORK_CONTAINERIZED/eufs-f1-sim/ws/install/eufs_msgs/local/lib/python3.10/dist-packages/eufs_msgs/action/_check_for_objects.py'...
[24.245s] Listing '/home/gera/Desktop/EUFS_FORK_CONTAINERIZED/eufs-f1-sim/ws/install/eufs_msgs/local/lib/python3.10/dist-packages/eufs_msgs/msg'...
[24.245s] Compiling '/home/gera/Desktop/EUFS_FORK_CONTAINERIZED/eufs-f1-sim/ws/install/eufs_msgs/local/lib/python3.10/dist-packages/eufs_msgs/msg/__init__.py'...
[24.245s] Compiling '/home/gera/Desktop/EUFS_FORK_CONTAINERIZED/eufs-f1-sim/ws/install/eufs_msgs/local/lib/python3.10/dist-packages/eufs_msgs/msg/_bounding_box.py'...
[24.245s] Compiling '/home/gera/Desktop/EUFS_FORK_CONTAINERIZED/eufs-f1-sim/ws/install/eufs_msgs/local/lib/python3.10/dist-packages/eufs_msgs/msg/_bounding_boxes.py'...
[24.245s] Compiling '/home/gera/Desktop/EUFS_FORK_CONTAINERIZED/eufs-f1-sim/ws/install/eufs_msgs/local/lib/python3.10/dist-packages/eufs_msgs/msg/_can_state.py'...
[24.245s] Compiling '/home/gera/Desktop/EUFS_FORK_CONTAINERIZED/eufs-f1-sim/ws/install/eufs_msgs/local/lib/python3.10/dist-packages/eufs_msgs/msg/_car_forces.py'...
[24.245s] Compiling '/home/gera/Desktop/EUFS_FORK_CONTAINERIZED/eufs-f1-sim/ws/install/eufs_msgs/local/lib/python3.10/dist-packages/eufs_msgs/msg/_car_state.py'...
[24.245s] Compiling '/home/gera/Desktop/EUFS_FORK_CONTAINERIZED/eufs-f1-sim/ws/install/eufs_msgs/local/lib/python3.10/dist-packages/eufs_msgs/msg/_chassis_command.py'...
[24.245s] Compiling '/home/gera/Desktop/EUFS_FORK_CONTAINERIZED/eufs-f1-sim/ws/install/eufs_msgs/local/lib/python3.10/dist-packages/eufs_msgs/msg/_chassis_state.py'...
[24.245s] Compiling '/home/gera/Desktop/EUFS_FORK_CONTAINERIZED/eufs-f1-sim/ws/install/eufs_msgs/local/lib/python3.10/dist-packages/eufs_msgs/msg/_cone_array.py'...
[24.245s] Compiling '/home/gera/Desktop/EUFS_FORK_CONTAINERIZED/eufs-f1-sim/ws/install/eufs_msgs/local/lib/python3.10/dist-packages/eufs_msgs/msg/_cone_array_with_covariance.py'...
[24.245s] Compiling '/home/gera/Desktop/EUFS_FORK_CONTAINERIZED/eufs-f1-sim/ws/install/eufs_msgs/local/lib/python3.10/dist-packages/eufs_msgs/msg/_cone_association.py'...
[24.245s] Compiling '/home/gera/Desktop/EUFS_FORK_CONTAINERIZED/eufs-f1-sim/ws/install/eufs_msgs/local/lib/python3.10/dist-packages/eufs_msgs/msg/_cone_association_array.py'...
[24.245s] Compiling '/home/gera/Desktop/EUFS_FORK_CONTAINERIZED/eufs-f1-sim/ws/install/eufs_msgs/local/lib/python3.10/dist-packages/eufs_msgs/msg/_cone_association_array_array_stamped.py'...
[24.245s] Compiling '/home/gera/Desktop/EUFS_FORK_CONTAINERIZED/eufs-f1-sim/ws/install/eufs_msgs/local/lib/python3.10/dist-packages/eufs_msgs/msg/_cone_association_array_stamped.py'...
[24.246s] Compiling '/home/gera/Desktop/EUFS_FORK_CONTAINERIZED/eufs-f1-sim/ws/install/eufs_msgs/local/lib/python3.10/dist-packages/eufs_msgs/msg/_cone_with_color_probability.py'...
[24.246s] Compiling '/home/gera/Desktop/EUFS_FORK_CONTAINERIZED/eufs-f1-sim/ws/install/eufs_msgs/local/lib/python3.10/dist-packages/eufs_msgs/msg/_cone_with_color_probability_array.py'...
[24.246s] Compiling '/home/gera/Desktop/EUFS_FORK_CONTAINERIZED/eufs-f1-sim/ws/install/eufs_msgs/local/lib/python3.10/dist-packages/eufs_msgs/msg/_cone_with_covariance.py'...
[24.246s] Compiling '/home/gera/Desktop/EUFS_FORK_CONTAINERIZED/eufs-f1-sim/ws/install/eufs_msgs/local/lib/python3.10/dist-packages/eufs_msgs/msg/_costmap.py'...
[24.246s] Compiling '/home/gera/Desktop/EUFS_FORK_CONTAINERIZED/eufs-f1-sim/ws/install/eufs_msgs/local/lib/python3.10/dist-packages/eufs_msgs/msg/_cpu_status.py'...
[24.246s] Compiling '/home/gera/Desktop/EUFS_FORK_CONTAINERIZED/eufs-f1-sim/ws/install/eufs_msgs/local/lib/python3.10/dist-packages/eufs_msgs/msg/_cpu_usage.py'...
[24.246s] Compiling '/home/gera/Desktop/EUFS_FORK_CONTAINERIZED/eufs-f1-sim/ws/install/eufs_msgs/local/lib/python3.10/dist-packages/eufs_msgs/msg/_ekf_err.py'...
[24.246s] Compiling '/home/gera/Desktop/EUFS_FORK_CONTAINERIZED/eufs-f1-sim/ws/install/eufs_msgs/local/lib/python3.10/dist-packages/eufs_msgs/msg/_ekf_state.py'...
[24.246s] Compiling '/home/gera/Desktop/EUFS_FORK_CONTAINERIZED/eufs-f1-sim/ws/install/eufs_msgs/local/lib/python3.10/dist-packages/eufs_msgs/msg/_full_state.py'...
[24.246s] Compiling '/home/gera/Desktop/EUFS_FORK_CONTAINERIZED/eufs-f1-sim/ws/install/eufs_msgs/local/lib/python3.10/dist-packages/eufs_msgs/msg/_heartbeat.py'...
[24.246s] Compiling '/home/gera/Desktop/EUFS_FORK_CONTAINERIZED/eufs-f1-sim/ws/install/eufs_msgs/local/lib/python3.10/dist-packages/eufs_msgs/msg/_integration_err.py'...
[24.246s] Compiling '/home/gera/Desktop/EUFS_FORK_CONTAINERIZED/eufs-f1-sim/ws/install/eufs_msgs/local/lib/python3.10/dist-packages/eufs_msgs/msg/_lap_stats.py'...
[24.246s] Compiling '/home/gera/Desktop/EUFS_FORK_CONTAINERIZED/eufs-f1-sim/ws/install/eufs_msgs/local/lib/python3.10/dist-packages/eufs_msgs/msg/_mpc_state.py'...
[24.246s] Compiling '/home/gera/Desktop/EUFS_FORK_CONTAINERIZED/eufs-f1-sim/ws/install/eufs_msgs/local/lib/python3.10/dist-packages/eufs_msgs/msg/_node_state.py'...
[24.246s] Compiling '/home/gera/Desktop/EUFS_FORK_CONTAINERIZED/eufs-f1-sim/ws/install/eufs_msgs/local/lib/python3.10/dist-packages/eufs_msgs/msg/_node_state_array.py'...
[24.246s] Compiling '/home/gera/Desktop/EUFS_FORK_CONTAINERIZED/eufs-f1-sim/ws/install/eufs_msgs/local/lib/python3.10/dist-packages/eufs_msgs/msg/_oss.py'...
[24.246s] Compiling '/home/gera/Desktop/EUFS_FORK_CONTAINERIZED/eufs-f1-sim/ws/install/eufs_msgs/local/lib/python3.10/dist-packages/eufs_msgs/msg/_particle.py'...
[24.246s] Compiling '/home/gera/Desktop/EUFS_FORK_CONTAINERIZED/eufs-f1-sim/ws/install/eufs_msgs/local/lib/python3.10/dist-packages/eufs_msgs/msg/_particle_slam.py'...
[24.247s] Compiling '/home/gera/Desktop/EUFS_FORK_CONTAINERIZED/eufs-f1-sim/ws/install/eufs_msgs/local/lib/python3.10/dist-packages/eufs_msgs/msg/_particle_slam_stamped.py'...
[24.247s] Compiling '/home/gera/Desktop/EUFS_FORK_CONTAINERIZED/eufs-f1-sim/ws/install/eufs_msgs/local/lib/python3.10/dist-packages/eufs_msgs/msg/_particle_stamped.py'...
[24.247s] Compiling '/home/gera/Desktop/EUFS_FORK_CONTAINERIZED/eufs-f1-sim/ws/install/eufs_msgs/local/lib/python3.10/dist-packages/eufs_msgs/msg/_path_integral_params.py'...
[24.247s] Compiling '/home/gera/Desktop/EUFS_FORK_CONTAINERIZED/eufs-f1-sim/ws/install/eufs_msgs/local/lib/python3.10/dist-packages/eufs_msgs/msg/_path_integral_stats.py'...
[24.247s] Compiling '/home/gera/Desktop/EUFS_FORK_CONTAINERIZED/eufs-f1-sim/ws/install/eufs_msgs/local/lib/python3.10/dist-packages/eufs_msgs/msg/_path_integral_status.py'...
[24.247s] Compiling '/home/gera/Desktop/EUFS_FORK_CONTAINERIZED/eufs-f1-sim/ws/install/eufs_msgs/local/lib/python3.10/dist-packages/eufs_msgs/msg/_path_integral_timing.py'...
[24.247s] Compiling '/home/gera/Desktop/EUFS_FORK_CONTAINERIZED/eufs-f1-sim/ws/install/eufs_msgs/local/lib/python3.10/dist-packages/eufs_msgs/msg/_planning_mode.py'...
[24.247s] Compiling '/home/gera/Desktop/EUFS_FORK_CONTAINERIZED/eufs-f1-sim/ws/install/eufs_msgs/local/lib/python3.10/dist-packages/eufs_msgs/msg/_point_array.py'...
[24.247s] Compiling '/home/gera/Desktop/EUFS_FORK_CONTAINERIZED/eufs-f1-sim/ws/install/eufs_msgs/local/lib/python3.10/dist-packages/eufs_msgs/msg/_point_array_stamped.py'...
[24.247s] Compiling '/home/gera/Desktop/EUFS_FORK_CONTAINERIZED/eufs-f1-sim/ws/install/eufs_msgs/local/lib/python3.10/dist-packages/eufs_msgs/msg/_pure_pursuit_checkpoint.py'...
[24.247s] Compiling '/home/gera/Desktop/EUFS_FORK_CONTAINERIZED/eufs-f1-sim/ws/install/eufs_msgs/local/lib/python3.10/dist-packages/eufs_msgs/msg/_pure_pursuit_checkpoint_array_stamped.py'...
[24.247s] Compiling '/home/gera/Desktop/EUFS_FORK_CONTAINERIZED/eufs-f1-sim/ws/install/eufs_msgs/local/lib/python3.10/dist-packages/eufs_msgs/msg/_runstop.py'...
[24.247s] Compiling '/home/gera/Desktop/EUFS_FORK_CONTAINERIZED/eufs-f1-sim/ws/install/eufs_msgs/local/lib/python3.10/dist-packages/eufs_msgs/msg/_slam_err.py'...
[24.261s] Compiling '/home/gera/Desktop/EUFS_FORK_CONTAINERIZED/eufs-f1-sim/ws/install/eufs_msgs/local/lib/python3.10/dist-packages/eufs_msgs/msg/_slam_state.py'...
[24.261s] Compiling '/home/gera/Desktop/EUFS_FORK_CONTAINERIZED/eufs-f1-sim/ws/install/eufs_msgs/local/lib/python3.10/dist-packages/eufs_msgs/msg/_state_machine_state.py'...
[24.261s] Compiling '/home/gera/Desktop/EUFS_FORK_CONTAINERIZED/eufs-f1-sim/ws/install/eufs_msgs/local/lib/python3.10/dist-packages/eufs_msgs/msg/_stereo_image.py'...
[24.261s] Compiling '/home/gera/Desktop/EUFS_FORK_CONTAINERIZED/eufs-f1-sim/ws/install/eufs_msgs/local/lib/python3.10/dist-packages/eufs_msgs/msg/_system_status.py'...
[24.261s] Compiling '/home/gera/Desktop/EUFS_FORK_CONTAINERIZED/eufs-f1-sim/ws/install/eufs_msgs/local/lib/python3.10/dist-packages/eufs_msgs/msg/_topic_status.py'...
[24.261s] Compiling '/home/gera/Desktop/EUFS_FORK_CONTAINERIZED/eufs-f1-sim/ws/install/eufs_msgs/local/lib/python3.10/dist-packages/eufs_msgs/msg/_vehicle_commands.py'...
[24.261s] Compiling '/home/gera/Desktop/EUFS_FORK_CONTAINERIZED/eufs-f1-sim/ws/install/eufs_msgs/local/lib/python3.10/dist-packages/eufs_msgs/msg/_vehicle_commands_stamped.py'...
[24.261s] Compiling '/home/gera/Desktop/EUFS_FORK_CONTAINERIZED/eufs-f1-sim/ws/install/eufs_msgs/local/lib/python3.10/dist-packages/eufs_msgs/msg/_waypoint.py'...
[24.261s] Compiling '/home/gera/Desktop/EUFS_FORK_CONTAINERIZED/eufs-f1-sim/ws/install/eufs_msgs/local/lib/python3.10/dist-packages/eufs_msgs/msg/_waypoint_array_stamped.py'...
[24.261s] Compiling '/home/gera/Desktop/EUFS_FORK_CONTAINERIZED/eufs-f1-sim/ws/install/eufs_msgs/local/lib/python3.10/dist-packages/eufs_msgs/msg/_wheel_odometry_err.py'...
[24.261s] Compiling '/home/gera/Desktop/EUFS_FORK_CONTAINERIZED/eufs-f1-sim/ws/install/eufs_msgs/local/lib/python3.10/dist-packages/eufs_msgs/msg/_wheel_speeds.py'...
[24.261s] Compiling '/home/gera/Desktop/EUFS_FORK_CONTAINERIZED/eufs-f1-sim/ws/install/eufs_msgs/local/lib/python3.10/dist-packages/eufs_msgs/msg/_wheel_speeds_stamped.py'...
[24.261s] Listing '/home/gera/Desktop/EUFS_FORK_CONTAINERIZED/eufs-f1-sim/ws/install/eufs_msgs/local/lib/python3.10/dist-packages/eufs_msgs/srv'...
[24.262s] Compiling '/home/gera/Desktop/EUFS_FORK_CONTAINERIZED/eufs-f1-sim/ws/install/eufs_msgs/local/lib/python3.10/dist-packages/eufs_msgs/srv/__init__.py'...
[24.262s] Compiling '/home/gera/Desktop/EUFS_FORK_CONTAINERIZED/eufs-f1-sim/ws/install/eufs_msgs/local/lib/python3.10/dist-packages/eufs_msgs/srv/_get_map.py'...
[24.262s] Compiling '/home/gera/Desktop/EUFS_FORK_CONTAINERIZED/eufs-f1-sim/ws/install/eufs_msgs/local/lib/python3.10/dist-packages/eufs_msgs/srv/_record_start.py'...
[24.262s] Compiling '/home/gera/Desktop/EUFS_FORK_CONTAINERIZED/eufs-f1-sim/ws/install/eufs_msgs/local/lib/python3.10/dist-packages/eufs_msgs/srv/_record_stop.py'...
[24.262s] Compiling '/home/gera/Desktop/EUFS_FORK_CONTAINERIZED/eufs-f1-sim/ws/install/eufs_msgs/local/lib/python3.10/dist-packages/eufs_msgs/srv/_register.py'...
[24.262s] Compiling '/home/gera/Desktop/EUFS_FORK_CONTAINERIZED/eufs-f1-sim/ws/install/eufs_msgs/local/lib/python3.10/dist-packages/eufs_msgs/srv/_set_can_state.py'...
[24.262s] Compiling '/home/gera/Desktop/EUFS_FORK_CONTAINERIZED/eufs-f1-sim/ws/install/eufs_msgs/local/lib/python3.10/dist-packages/eufs_msgs/srv/_set_mission.py'...
[24.262s] Compiling '/home/gera/Desktop/EUFS_FORK_CONTAINERIZED/eufs-f1-sim/ws/install/eufs_msgs/local/lib/python3.10/dist-packages/eufs_msgs/srv/_set_string.py'...
[24.262s] Compiling '/home/gera/Desktop/EUFS_FORK_CONTAINERIZED/eufs-f1-sim/ws/install/eufs_msgs/local/lib/python3.10/dist-packages/eufs_msgs/srv/_set_track.py'...
[24.264s] -- Installing: /home/gera/Desktop/EUFS_FORK_CONTAINERIZED/eufs-f1-sim/ws/install/eufs_msgs/local/lib/python3.10/dist-packages/eufs_msgs/eufs_msgs_s__rosidl_typesupport_fastrtps_c.cpython-310-x86_64-linux-gnu.so
[24.265s] -- Set runtime path of "/home/gera/Desktop/EUFS_FORK_CONTAINERIZED/eufs-f1-sim/ws/install/eufs_msgs/local/lib/python3.10/dist-packages/eufs_msgs/eufs_msgs_s__rosidl_typesupport_fastrtps_c.cpython-310-x86_64-linux-gnu.so" to ""
[24.265s] -- Installing: /home/gera/Desktop/EUFS_FORK_CONTAINERIZED/eufs-f1-sim/ws/install/eufs_msgs/local/lib/python3.10/dist-packages/eufs_msgs/eufs_msgs_s__rosidl_typesupport_introspection_c.cpython-310-x86_64-linux-gnu.so
[24.265s] -- Set runtime path of "/home/gera/Desktop/EUFS_FORK_CONTAINERIZED/eufs-f1-sim/ws/install/eufs_msgs/local/lib/python3.10/dist-packages/eufs_msgs/eufs_msgs_s__rosidl_typesupport_introspection_c.cpython-310-x86_64-linux-gnu.so" to ""
[24.266s] -- Installing: /home/gera/Desktop/EUFS_FORK_CONTAINERIZED/eufs-f1-sim/ws/install/eufs_msgs/local/lib/python3.10/dist-packages/eufs_msgs/eufs_msgs_s__rosidl_typesupport_c.cpython-310-x86_64-linux-gnu.so
[24.266s] -- Set runtime path of "/home/gera/Desktop/EUFS_FORK_CONTAINERIZED/eufs-f1-sim/ws/install/eufs_msgs/local/lib/python3.10/dist-packages/eufs_msgs/eufs_msgs_s__rosidl_typesupport_c.cpython-310-x86_64-linux-gnu.so" to ""
[24.266s] -- Installing: /home/gera/Desktop/EUFS_FORK_CONTAINERIZED/eufs-f1-sim/ws/install/eufs_msgs/lib/libeufs_msgs__rosidl_generator_py.so
[24.266s] -- Set runtime path of "/home/gera/Desktop/EUFS_FORK_CONTAINERIZED/eufs-f1-sim/ws/install/eufs_msgs/lib/libeufs_msgs__rosidl_generator_py.so" to ""
[24.266s] -- Installing: /home/gera/Desktop/EUFS_FORK_CONTAINERIZED/eufs-f1-sim/ws/install/eufs_msgs/share/eufs_msgs/msg/BoundingBox.idl
[24.266s] -- Installing: /home/gera/Desktop/EUFS_FORK_CONTAINERIZED/eufs-f1-sim/ws/install/eufs_msgs/share/eufs_msgs/msg/BoundingBoxes.idl
[24.267s] -- Installing: /home/gera/Desktop/EUFS_FORK_CONTAINERIZED/eufs-f1-sim/ws/install/eufs_msgs/share/eufs_msgs/msg/CanState.idl
[24.267s] -- Installing: /home/gera/Desktop/EUFS_FORK_CONTAINERIZED/eufs-f1-sim/ws/install/eufs_msgs/share/eufs_msgs/msg/CarForces.idl
[24.267s] -- Installing: /home/gera/Desktop/EUFS_FORK_CONTAINERIZED/eufs-f1-sim/ws/install/eufs_msgs/share/eufs_msgs/msg/CarState.idl
[24.267s] -- Installing: /home/gera/Desktop/EUFS_FORK_CONTAINERIZED/eufs-f1-sim/ws/install/eufs_msgs/share/eufs_msgs/msg/ChassisCommand.idl
[24.267s] -- Installing: /home/gera/Desktop/EUFS_FORK_CONTAINERIZED/eufs-f1-sim/ws/install/eufs_msgs/share/eufs_msgs/msg/ChassisState.idl
[24.267s] -- Installing: /home/gera/Desktop/EUFS_FORK_CONTAINERIZED/eufs-f1-sim/ws/install/eufs_msgs/share/eufs_msgs/msg/ConeArray.idl
[24.267s] -- Installing: /home/gera/Desktop/EUFS_FORK_CONTAINERIZED/eufs-f1-sim/ws/install/eufs_msgs/share/eufs_msgs/msg/ConeArrayWithCovariance.idl
[24.267s] -- Installing: /home/gera/Desktop/EUFS_FORK_CONTAINERIZED/eufs-f1-sim/ws/install/eufs_msgs/share/eufs_msgs/msg/ConeWithColorProbability.idl
[24.267s] -- Installing: /home/gera/Desktop/EUFS_FORK_CONTAINERIZED/eufs-f1-sim/ws/install/eufs_msgs/share/eufs_msgs/msg/ConeWithColorProbabilityArray.idl
[24.267s] -- Installing: /home/gera/Desktop/EUFS_FORK_CONTAINERIZED/eufs-f1-sim/ws/install/eufs_msgs/share/eufs_msgs/msg/ConeWithCovariance.idl
[24.268s] -- Installing: /home/gera/Desktop/EUFS_FORK_CONTAINERIZED/eufs-f1-sim/ws/install/eufs_msgs/share/eufs_msgs/msg/ConeAssociation.idl
[24.268s] -- Installing: /home/gera/Desktop/EUFS_FORK_CONTAINERIZED/eufs-f1-sim/ws/install/eufs_msgs/share/eufs_msgs/msg/ConeAssociationArray.idl
[24.268s] -- Installing: /home/gera/Desktop/EUFS_FORK_CONTAINERIZED/eufs-f1-sim/ws/install/eufs_msgs/share/eufs_msgs/msg/ConeAssociationArrayArrayStamped.idl
[24.268s] -- Installing: /home/gera/Desktop/EUFS_FORK_CONTAINERIZED/eufs-f1-sim/ws/install/eufs_msgs/share/eufs_msgs/msg/ConeAssociationArrayStamped.idl
[24.268s] -- Installing: /home/gera/Desktop/EUFS_FORK_CONTAINERIZED/eufs-f1-sim/ws/install/eufs_msgs/share/eufs_msgs/msg/Costmap.idl
[24.268s] -- Installing: /home/gera/Desktop/EUFS_FORK_CONTAINERIZED/eufs-f1-sim/ws/install/eufs_msgs/share/eufs_msgs/msg/CpuStatus.idl
[24.268s] -- Installing: /home/gera/Desktop/EUFS_FORK_CONTAINERIZED/eufs-f1-sim/ws/install/eufs_msgs/share/eufs_msgs/msg/CpuUsage.idl
[24.268s] -- Installing: /home/gera/Desktop/EUFS_FORK_CONTAINERIZED/eufs-f1-sim/ws/install/eufs_msgs/share/eufs_msgs/msg/EKFErr.idl
[24.268s] -- Installing: /home/gera/Desktop/EUFS_FORK_CONTAINERIZED/eufs-f1-sim/ws/install/eufs_msgs/share/eufs_msgs/msg/EKFState.idl
[24.268s] -- Installing: /home/gera/Desktop/EUFS_FORK_CONTAINERIZED/eufs-f1-sim/ws/install/eufs_msgs/share/eufs_msgs/msg/FullState.idl
[24.269s] -- Installing: /home/gera/Desktop/EUFS_FORK_CONTAINERIZED/eufs-f1-sim/ws/install/eufs_msgs/share/eufs_msgs/msg/Heartbeat.idl
[24.269s] -- Installing: /home/gera/Desktop/EUFS_FORK_CONTAINERIZED/eufs-f1-sim/ws/install/eufs_msgs/share/eufs_msgs/msg/IntegrationErr.idl
[24.269s] -- Installing: /home/gera/Desktop/EUFS_FORK_CONTAINERIZED/eufs-f1-sim/ws/install/eufs_msgs/share/eufs_msgs/msg/LapStats.idl
[24.269s] -- Installing: /home/gera/Desktop/EUFS_FORK_CONTAINERIZED/eufs-f1-sim/ws/install/eufs_msgs/share/eufs_msgs/msg/MPCState.idl
[24.269s] -- Installing: /home/gera/Desktop/EUFS_FORK_CONTAINERIZED/eufs-f1-sim/ws/install/eufs_msgs/share/eufs_msgs/msg/NodeState.idl
[24.269s] -- Installing: /home/gera/Desktop/EUFS_FORK_CONTAINERIZED/eufs-f1-sim/ws/install/eufs_msgs/share/eufs_msgs/msg/NodeStateArray.idl
[24.269s] -- Installing: /home/gera/Desktop/EUFS_FORK_CONTAINERIZED/eufs-f1-sim/ws/install/eufs_msgs/share/eufs_msgs/msg/OSS.idl
[24.269s] -- Installing: /home/gera/Desktop/EUFS_FORK_CONTAINERIZED/eufs-f1-sim/ws/install/eufs_msgs/share/eufs_msgs/msg/Particle.idl
[24.269s] -- Installing: /home/gera/Desktop/EUFS_FORK_CONTAINERIZED/eufs-f1-sim/ws/install/eufs_msgs/share/eufs_msgs/msg/ParticleSLAM.idl
[24.270s] -- Installing: /home/gera/Desktop/EUFS_FORK_CONTAINERIZED/eufs-f1-sim/ws/install/eufs_msgs/share/eufs_msgs/msg/ParticleSLAMStamped.idl
[24.270s] -- Installing: /home/gera/Desktop/EUFS_FORK_CONTAINERIZED/eufs-f1-sim/ws/install/eufs_msgs/share/eufs_msgs/msg/ParticleStamped.idl
[24.270s] -- Installing: /home/gera/Desktop/EUFS_FORK_CONTAINERIZED/eufs-f1-sim/ws/install/eufs_msgs/share/eufs_msgs/msg/PathIntegralParams.idl
[24.270s] -- Installing: /home/gera/Desktop/EUFS_FORK_CONTAINERIZED/eufs-f1-sim/ws/install/eufs_msgs/share/eufs_msgs/msg/PathIntegralStats.idl
[24.270s] -- Installing: /home/gera/Desktop/EUFS_FORK_CONTAINERIZED/eufs-f1-sim/ws/install/eufs_msgs/share/eufs_msgs/msg/PathIntegralStatus.idl
[24.270s] -- Installing: /home/gera/Desktop/EUFS_FORK_CONTAINERIZED/eufs-f1-sim/ws/install/eufs_msgs/share/eufs_msgs/msg/PathIntegralTiming.idl
[24.270s] -- Installing: /home/gera/Desktop/EUFS_FORK_CONTAINERIZED/eufs-f1-sim/ws/install/eufs_msgs/share/eufs_msgs/msg/PlanningMode.idl
[24.270s] -- Installing: /home/gera/Desktop/EUFS_FORK_CONTAINERIZED/eufs-f1-sim/ws/install/eufs_msgs/share/eufs_msgs/msg/PointArray.idl
[24.270s] -- Installing: /home/gera/Desktop/EUFS_FORK_CONTAINERIZED/eufs-f1-sim/ws/install/eufs_msgs/share/eufs_msgs/msg/PointArrayStamped.idl
[24.271s] -- Installing: /home/gera/Desktop/EUFS_FORK_CONTAINERIZED/eufs-f1-sim/ws/install/eufs_msgs/share/eufs_msgs/msg/PurePursuitCheckpoint.idl
[24.271s] -- Installing: /home/gera/Desktop/EUFS_FORK_CONTAINERIZED/eufs-f1-sim/ws/install/eufs_msgs/share/eufs_msgs/msg/PurePursuitCheckpointArrayStamped.idl
[24.271s] -- Installing: /home/gera/Desktop/EUFS_FORK_CONTAINERIZED/eufs-f1-sim/ws/install/eufs_msgs/share/eufs_msgs/msg/Runstop.idl
[24.271s] -- Installing: /home/gera/Desktop/EUFS_FORK_CONTAINERIZED/eufs-f1-sim/ws/install/eufs_msgs/share/eufs_msgs/msg/SLAMErr.idl
[24.271s] -- Installing: /home/gera/Desktop/EUFS_FORK_CONTAINERIZED/eufs-f1-sim/ws/install/eufs_msgs/share/eufs_msgs/msg/SLAMState.idl
[24.271s] -- Installing: /home/gera/Desktop/EUFS_FORK_CONTAINERIZED/eufs-f1-sim/ws/install/eufs_msgs/share/eufs_msgs/msg/StateMachineState.idl
[24.271s] -- Installing: /home/gera/Desktop/EUFS_FORK_CONTAINERIZED/eufs-f1-sim/ws/install/eufs_msgs/share/eufs_msgs/msg/StereoImage.idl
[24.271s] -- Installing: /home/gera/Desktop/EUFS_FORK_CONTAINERIZED/eufs-f1-sim/ws/install/eufs_msgs/share/eufs_msgs/msg/SystemStatus.idl
[24.271s] -- Installing: /home/gera/Desktop/EUFS_FORK_CONTAINERIZED/eufs-f1-sim/ws/install/eufs_msgs/share/eufs_msgs/msg/TopicStatus.idl
[24.271s] -- Installing: /home/gera/Desktop/EUFS_FORK_CONTAINERIZED/eufs-f1-sim/ws/install/eufs_msgs/share/eufs_msgs/msg/VehicleCommands.idl
[24.272s] -- Installing: /home/gera/Desktop/EUFS_FORK_CONTAINERIZED/eufs-f1-sim/ws/install/eufs_msgs/share/eufs_msgs/msg/VehicleCommandsStamped.idl
[24.272s] -- Installing: /home/gera/Desktop/EUFS_FORK_CONTAINERIZED/eufs-f1-sim/ws/install/eufs_msgs/share/eufs_msgs/msg/Waypoint.idl
[24.272s] -- Installing: /home/gera/Desktop/EUFS_FORK_CONTAINERIZED/eufs-f1-sim/ws/install/eufs_msgs/share/eufs_msgs/msg/WaypointArrayStamped.idl
[24.272s] -- Installing: /home/gera/Desktop/EUFS_FORK_CONTAINERIZED/eufs-f1-sim/ws/install/eufs_msgs/share/eufs_msgs/msg/WheelOdometryErr.idl
[24.272s] -- Installing: /home/gera/Desktop/EUFS_FORK_CONTAINERIZED/eufs-f1-sim/ws/install/eufs_msgs/share/eufs_msgs/msg/WheelSpeeds.idl
[24.273s] -- Installing: /home/gera/Desktop/EUFS_FORK_CONTAINERIZED/eufs-f1-sim/ws/install/eufs_msgs/share/eufs_msgs/msg/WheelSpeedsStamped.idl
[24.273s] -- Installing: /home/gera/Desktop/EUFS_FORK_CONTAINERIZED/eufs-f1-sim/ws/install/eufs_msgs/share/eufs_msgs/action/CheckForObjects.idl
[24.273s] -- Installing: /home/gera/Desktop/EUFS_FORK_CONTAINERIZED/eufs-f1-sim/ws/install/eufs_msgs/share/eufs_msgs/srv/RecordStart.idl
[24.273s] -- Installing: /home/gera/Desktop/EUFS_FORK_CONTAINERIZED/eufs-f1-sim/ws/install/eufs_msgs/share/eufs_msgs/srv/RecordStop.idl
[24.274s] -- Installing: /home/gera/Desktop/EUFS_FORK_CONTAINERIZED/eufs-f1-sim/ws/install/eufs_msgs/share/eufs_msgs/srv/Register.idl
[24.274s] -- Installing: /home/gera/Desktop/EUFS_FORK_CONTAINERIZED/eufs-f1-sim/ws/install/eufs_msgs/share/eufs_msgs/srv/SetCanState.idl
[24.274s] -- Installing: /home/gera/Desktop/EUFS_FORK_CONTAINERIZED/eufs-f1-sim/ws/install/eufs_msgs/share/eufs_msgs/srv/SetString.idl
[24.274s] -- Installing: /home/gera/Desktop/EUFS_FORK_CONTAINERIZED/eufs-f1-sim/ws/install/eufs_msgs/share/eufs_msgs/srv/SetTrack.idl
[24.274s] -- Installing: /home/gera/Desktop/EUFS_FORK_CONTAINERIZED/eufs-f1-sim/ws/install/eufs_msgs/share/eufs_msgs/srv/SetMission.idl
[24.274s] -- Installing: /home/gera/Desktop/EUFS_FORK_CONTAINERIZED/eufs-f1-sim/ws/install/eufs_msgs/share/eufs_msgs/srv/GetMap.idl
[24.274s] -- Installing: /home/gera/Desktop/EUFS_FORK_CONTAINERIZED/eufs-f1-sim/ws/install/eufs_msgs/share/eufs_msgs/msg/BoundingBox.msg
[24.274s] -- Installing: /home/gera/Desktop/EUFS_FORK_CONTAINERIZED/eufs-f1-sim/ws/install/eufs_msgs/share/eufs_msgs/msg/BoundingBoxes.msg
[24.274s] -- Installing: /home/gera/Desktop/EUFS_FORK_CONTAINERIZED/eufs-f1-sim/ws/install/eufs_msgs/share/eufs_msgs/msg/CanState.msg
[24.274s] -- Installing: /home/gera/Desktop/EUFS_FORK_CONTAINERIZED/eufs-f1-sim/ws/install/eufs_msgs/share/eufs_msgs/msg/CarForces.msg
[24.274s] -- Installing: /home/gera/Desktop/EUFS_FORK_CONTAINERIZED/eufs-f1-sim/ws/install/eufs_msgs/share/eufs_msgs/msg/CarState.msg
[24.274s] -- Installing: /home/gera/Desktop/EUFS_FORK_CONTAINERIZED/eufs-f1-sim/ws/install/eufs_msgs/share/eufs_msgs/msg/ChassisCommand.msg
[24.274s] -- Installing: /home/gera/Desktop/EUFS_FORK_CONTAINERIZED/eufs-f1-sim/ws/install/eufs_msgs/share/eufs_msgs/msg/ChassisState.msg
[24.274s] -- Installing: /home/gera/Desktop/EUFS_FORK_CONTAINERIZED/eufs-f1-sim/ws/install/eufs_msgs/share/eufs_msgs/msg/ConeArray.msg
[24.274s] -- Installing: /home/gera/Desktop/EUFS_FORK_CONTAINERIZED/eufs-f1-sim/ws/install/eufs_msgs/share/eufs_msgs/msg/ConeArrayWithCovariance.msg
[24.274s] -- Installing: /home/gera/Desktop/EUFS_FORK_CONTAINERIZED/eufs-f1-sim/ws/install/eufs_msgs/share/eufs_msgs/msg/ConeWithColorProbability.msg
[24.274s] -- Installing: /home/gera/Desktop/EUFS_FORK_CONTAINERIZED/eufs-f1-sim/ws/install/eufs_msgs/share/eufs_msgs/msg/ConeWithColorProbabilityArray.msg
[24.274s] -- Installing: /home/gera/Desktop/EUFS_FORK_CONTAINERIZED/eufs-f1-sim/ws/install/eufs_msgs/share/eufs_msgs/msg/ConeWithCovariance.msg
[24.274s] -- Installing: /home/gera/Desktop/EUFS_FORK_CONTAINERIZED/eufs-f1-sim/ws/install/eufs_msgs/share/eufs_msgs/msg/ConeAssociation.msg
[24.274s] -- Installing: /home/gera/Desktop/EUFS_FORK_CONTAINERIZED/eufs-f1-sim/ws/install/eufs_msgs/share/eufs_msgs/msg/ConeAssociationArray.msg
[24.274s] -- Installing: /home/gera/Desktop/EUFS_FORK_CONTAINERIZED/eufs-f1-sim/ws/install/eufs_msgs/share/eufs_msgs/msg/ConeAssociationArrayArrayStamped.msg
[24.275s] -- Installing: /home/gera/Desktop/EUFS_FORK_CONTAINERIZED/eufs-f1-sim/ws/install/eufs_msgs/share/eufs_msgs/msg/ConeAssociationArrayStamped.msg
[24.275s] -- Installing: /home/gera/Desktop/EUFS_FORK_CONTAINERIZED/eufs-f1-sim/ws/install/eufs_msgs/share/eufs_msgs/msg/Costmap.msg
[24.275s] -- Installing: /home/gera/Desktop/EUFS_FORK_CONTAINERIZED/eufs-f1-sim/ws/install/eufs_msgs/share/eufs_msgs/msg/CpuStatus.msg
[24.275s] -- Installing: /home/gera/Desktop/EUFS_FORK_CONTAINERIZED/eufs-f1-sim/ws/install/eufs_msgs/share/eufs_msgs/msg/CpuUsage.msg
[24.275s] -- Installing: /home/gera/Desktop/EUFS_FORK_CONTAINERIZED/eufs-f1-sim/ws/install/eufs_msgs/share/eufs_msgs/msg/EKFErr.msg
[24.275s] -- Installing: /home/gera/Desktop/EUFS_FORK_CONTAINERIZED/eufs-f1-sim/ws/install/eufs_msgs/share/eufs_msgs/msg/EKFState.msg
[24.275s] -- Installing: /home/gera/Desktop/EUFS_FORK_CONTAINERIZED/eufs-f1-sim/ws/install/eufs_msgs/share/eufs_msgs/msg/FullState.msg
[24.275s] -- Installing: /home/gera/Desktop/EUFS_FORK_CONTAINERIZED/eufs-f1-sim/ws/install/eufs_msgs/share/eufs_msgs/msg/Heartbeat.msg
[24.275s] -- Installing: /home/gera/Desktop/EUFS_FORK_CONTAINERIZED/eufs-f1-sim/ws/install/eufs_msgs/share/eufs_msgs/msg/IntegrationErr.msg
[24.275s] -- Installing: /home/gera/Desktop/EUFS_FORK_CONTAINERIZED/eufs-f1-sim/ws/install/eufs_msgs/share/eufs_msgs/msg/LapStats.msg
[24.276s] -- Installing: /home/gera/Desktop/EUFS_FORK_CONTAINERIZED/eufs-f1-sim/ws/install/eufs_msgs/share/eufs_msgs/msg/MPCState.msg
[24.276s] -- Installing: /home/gera/Desktop/EUFS_FORK_CONTAINERIZED/eufs-f1-sim/ws/install/eufs_msgs/share/eufs_msgs/msg/NodeState.msg
[24.276s] -- Installing: /home/gera/Desktop/EUFS_FORK_CONTAINERIZED/eufs-f1-sim/ws/install/eufs_msgs/share/eufs_msgs/msg/NodeStateArray.msg
[24.276s] -- Installing: /home/gera/Desktop/EUFS_FORK_CONTAINERIZED/eufs-f1-sim/ws/install/eufs_msgs/share/eufs_msgs/msg/OSS.msg
[24.276s] -- Installing: /home/gera/Desktop/EUFS_FORK_CONTAINERIZED/eufs-f1-sim/ws/install/eufs_msgs/share/eufs_msgs/msg/Particle.msg
[24.276s] -- Installing: /home/gera/Desktop/EUFS_FORK_CONTAINERIZED/eufs-f1-sim/ws/install/eufs_msgs/share/eufs_msgs/msg/ParticleSLAM.msg
[24.276s] -- Installing: /home/gera/Desktop/EUFS_FORK_CONTAINERIZED/eufs-f1-sim/ws/install/eufs_msgs/share/eufs_msgs/msg/ParticleSLAMStamped.msg
[24.276s] -- Installing: /home/gera/Desktop/EUFS_FORK_CONTAINERIZED/eufs-f1-sim/ws/install/eufs_msgs/share/eufs_msgs/msg/ParticleStamped.msg
[24.276s] -- Installing: /home/gera/Desktop/EUFS_FORK_CONTAINERIZED/eufs-f1-sim/ws/install/eufs_msgs/share/eufs_msgs/msg/PathIntegralParams.msg
[24.277s] -- Installing: /home/gera/Desktop/EUFS_FORK_CONTAINERIZED/eufs-f1-sim/ws/install/eufs_msgs/share/eufs_msgs/msg/PathIntegralStats.msg
[24.277s] -- Installing: /home/gera/Desktop/EUFS_FORK_CONTAINERIZED/eufs-f1-sim/ws/install/eufs_msgs/share/eufs_msgs/msg/PathIntegralStatus.msg
[24.277s] -- Installing: /home/gera/Desktop/EUFS_FORK_CONTAINERIZED/eufs-f1-sim/ws/install/eufs_msgs/share/eufs_msgs/msg/PathIntegralTiming.msg
[24.277s] -- Installing: /home/gera/Desktop/EUFS_FORK_CONTAINERIZED/eufs-f1-sim/ws/install/eufs_msgs/share/eufs_msgs/msg/PlanningMode.msg
[24.277s] -- Installing: /home/gera/Desktop/EUFS_FORK_CONTAINERIZED/eufs-f1-sim/ws/install/eufs_msgs/share/eufs_msgs/msg/PointArray.msg
[24.277s] -- Installing: /home/gera/Desktop/EUFS_FORK_CONTAINERIZED/eufs-f1-sim/ws/install/eufs_msgs/share/eufs_msgs/msg/PointArrayStamped.msg
[24.277s] -- Installing: /home/gera/Desktop/EUFS_FORK_CONTAINERIZED/eufs-f1-sim/ws/install/eufs_msgs/share/eufs_msgs/msg/PurePursuitCheckpoint.msg
[24.277s] -- Installing: /home/gera/Desktop/EUFS_FORK_CONTAINERIZED/eufs-f1-sim/ws/install/eufs_msgs/share/eufs_msgs/msg/PurePursuitCheckpointArrayStamped.msg
[24.277s] -- Installing: /home/gera/Desktop/EUFS_FORK_CONTAINERIZED/eufs-f1-sim/ws/install/eufs_msgs/share/eufs_msgs/msg/Runstop.msg
[24.278s] -- Installing: /home/gera/Desktop/EUFS_FORK_CONTAINERIZED/eufs-f1-sim/ws/install/eufs_msgs/share/eufs_msgs/msg/SLAMErr.msg
[24.278s] -- Installing: /home/gera/Desktop/EUFS_FORK_CONTAINERIZED/eufs-f1-sim/ws/install/eufs_msgs/share/eufs_msgs/msg/SLAMState.msg
[24.278s] -- Installing: /home/gera/Desktop/EUFS_FORK_CONTAINERIZED/eufs-f1-sim/ws/install/eufs_msgs/share/eufs_msgs/msg/StateMachineState.msg
[24.278s] -- Installing: /home/gera/Desktop/EUFS_FORK_CONTAINERIZED/eufs-f1-sim/ws/install/eufs_msgs/share/eufs_msgs/msg/StereoImage.msg
[24.278s] -- Installing: /home/gera/Desktop/EUFS_FORK_CONTAINERIZED/eufs-f1-sim/ws/install/eufs_msgs/share/eufs_msgs/msg/SystemStatus.msg
[24.278s] -- Installing: /home/gera/Desktop/EUFS_FORK_CONTAINERIZED/eufs-f1-sim/ws/install/eufs_msgs/share/eufs_msgs/msg/TopicStatus.msg
[24.278s] -- Installing: /home/gera/Desktop/EUFS_FORK_CONTAINERIZED/eufs-f1-sim/ws/install/eufs_msgs/share/eufs_msgs/msg/VehicleCommands.msg
[24.278s] -- Installing: /home/gera/Desktop/EUFS_FORK_CONTAINERIZED/eufs-f1-sim/ws/install/eufs_msgs/share/eufs_msgs/msg/VehicleCommandsStamped.msg
[24.278s] -- Installing: /home/gera/Desktop/EUFS_FORK_CONTAINERIZED/eufs-f1-sim/ws/install/eufs_msgs/share/eufs_msgs/msg/Waypoint.msg
[24.279s] -- Installing: /home/gera/Desktop/EUFS_FORK_CONTAINERIZED/eufs-f1-sim/ws/install/eufs_msgs/share/eufs_msgs/msg/WaypointArrayStamped.msg
[24.279s] -- Installing: /home/gera/Desktop/EUFS_FORK_CONTAINERIZED/eufs-f1-sim/ws/install/eufs_msgs/share/eufs_msgs/msg/WheelOdometryErr.msg
[24.279s] -- Installing: /home/gera/Desktop/EUFS_FORK_CONTAINERIZED/eufs-f1-sim/ws/install/eufs_msgs/share/eufs_msgs/msg/WheelSpeeds.msg
[24.279s] -- Installing: /home/gera/Desktop/EUFS_FORK_CONTAINERIZED/eufs-f1-sim/ws/install/eufs_msgs/share/eufs_msgs/msg/WheelSpeedsStamped.msg
[24.279s] -- Installing: /home/gera/Desktop/EUFS_FORK_CONTAINERIZED/eufs-f1-sim/ws/install/eufs_msgs/share/eufs_msgs/action/CheckForObjects.action
[24.279s] -- Installing: /home/gera/Desktop/EUFS_FORK_CONTAINERIZED/eufs-f1-sim/ws/install/eufs_msgs/share/eufs_msgs/srv/RecordStart.srv
[24.279s] -- Installing: /home/gera/Desktop/EUFS_FORK_CONTAINERIZED/eufs-f1-sim/ws/install/eufs_msgs/share/eufs_msgs/srv/RecordStart_Request.msg
[24.279s] -- Installing: /home/gera/Desktop/EUFS_FORK_CONTAINERIZED/eufs-f1-sim/ws/install/eufs_msgs/share/eufs_msgs/srv/RecordStart_Response.msg
[24.279s] -- Installing: /home/gera/Desktop/EUFS_FORK_CONTAINERIZED/eufs-f1-sim/ws/install/eufs_msgs/share/eufs_msgs/srv/RecordStop.srv
[24.279s] -- Installing: /home/gera/Desktop/EUFS_FORK_CONTAINERIZED/eufs-f1-sim/ws/install/eufs_msgs/share/eufs_msgs/srv/RecordStop_Request.msg
[24.280s] -- Installing: /home/gera/Desktop/EUFS_FORK_CONTAINERIZED/eufs-f1-sim/ws/install/eufs_msgs/share/eufs_msgs/srv/RecordStop_Response.msg
[24.280s] -- Installing: /home/gera/Desktop/EUFS_FORK_CONTAINERIZED/eufs-f1-sim/ws/install/eufs_msgs/share/eufs_msgs/srv/Register.srv
[24.280s] -- Installing: /home/gera/Desktop/EUFS_FORK_CONTAINERIZED/eufs-f1-sim/ws/install/eufs_msgs/share/eufs_msgs/srv/Register_Request.msg
[24.280s] -- Installing: /home/gera/Desktop/EUFS_FORK_CONTAINERIZED/eufs-f1-sim/ws/install/eufs_msgs/share/eufs_msgs/srv/Register_Response.msg
[24.280s] -- Installing: /home/gera/Desktop/EUFS_FORK_CONTAINERIZED/eufs-f1-sim/ws/install/eufs_msgs/share/eufs_msgs/srv/SetCanState.srv
[24.280s] -- Installing: /home/gera/Desktop/EUFS_FORK_CONTAINERIZED/eufs-f1-sim/ws/install/eufs_msgs/share/eufs_msgs/srv/SetCanState_Request.msg
[24.280s] -- Installing: /home/gera/Desktop/EUFS_FORK_CONTAINERIZED/eufs-f1-sim/ws/install/eufs_msgs/share/eufs_msgs/srv/SetCanState_Response.msg
[24.280s] -- Installing: /home/gera/Desktop/EUFS_FORK_CONTAINERIZED/eufs-f1-sim/ws/install/eufs_msgs/share/eufs_msgs/srv/SetString.srv
[24.280s] -- Installing: /home/gera/Desktop/EUFS_FORK_CONTAINERIZED/eufs-f1-sim/ws/install/eufs_msgs/share/eufs_msgs/srv/SetString_Request.msg
[24.281s] -- Installing: /home/gera/Desktop/EUFS_FORK_CONTAINERIZED/eufs-f1-sim/ws/install/eufs_msgs/share/eufs_msgs/srv/SetString_Response.msg
[24.281s] -- Installing: /home/gera/Desktop/EUFS_FORK_CONTAINERIZED/eufs-f1-sim/ws/install/eufs_msgs/share/eufs_msgs/srv/SetTrack.srv
[24.281s] -- Installing: /home/gera/Desktop/EUFS_FORK_CONTAINERIZED/eufs-f1-sim/ws/install/eufs_msgs/share/eufs_msgs/srv/SetTrack_Request.msg
[24.281s] -- Installing: /home/gera/Desktop/EUFS_FORK_CONTAINERIZED/eufs-f1-sim/ws/install/eufs_msgs/share/eufs_msgs/srv/SetTrack_Response.msg
[24.281s] -- Installing: /home/gera/Desktop/EUFS_FORK_CONTAINERIZED/eufs-f1-sim/ws/install/eufs_msgs/share/eufs_msgs/srv/SetMission.srv
[24.281s] -- Installing: /home/gera/Desktop/EUFS_FORK_CONTAINERIZED/eufs-f1-sim/ws/install/eufs_msgs/share/eufs_msgs/srv/SetMission_Request.msg
[24.281s] -- Installing: /home/gera/Desktop/EUFS_FORK_CONTAINERIZED/eufs-f1-sim/ws/install/eufs_msgs/share/eufs_msgs/srv/SetMission_Response.msg
[24.281s] -- Installing: /home/gera/Desktop/EUFS_FORK_CONTAINERIZED/eufs-f1-sim/ws/install/eufs_msgs/share/eufs_msgs/srv/GetMap.srv
[24.281s] -- Installing: /home/gera/Desktop/EUFS_FORK_CONTAINERIZED/eufs-f1-sim/ws/install/eufs_msgs/share/eufs_msgs/srv/GetMap_Request.msg
[24.281s] -- Installing: /home/gera/Desktop/EUFS_FORK_CONTAINERIZED/eufs-f1-sim/ws/install/eufs_msgs/share/eufs_msgs/srv/GetMap_Response.msg
[24.282s] -- Installing: /home/gera/Desktop/EUFS_FORK_CONTAINERIZED/eufs-f1-sim/ws/install/eufs_msgs/share/ament_index/resource_index/package_run_dependencies/eufs_msgs
[24.282s] -- Installing: /home/gera/Desktop/EUFS_FORK_CONTAINERIZED/eufs-f1-sim/ws/install/eufs_msgs/share/ament_index/resource_index/parent_prefix_path/eufs_msgs
[24.282s] -- Installing: /home/gera/Desktop/EUFS_FORK_CONTAINERIZED/eufs-f1-sim/ws/install/eufs_msgs/share/eufs_msgs/environment/ament_prefix_path.sh
[24.283s] -- Installing: /home/gera/Desktop/EUFS_FORK_CONTAINERIZED/eufs-f1-sim/ws/install/eufs_msgs/share/eufs_msgs/environment/ament_prefix_path.dsv
[24.283s] -- Installing: /home/gera/Desktop/EUFS_FORK_CONTAINERIZED/eufs-f1-sim/ws/install/eufs_msgs/share/eufs_msgs/environment/path.sh
[24.283s] -- Installing: /home/gera/Desktop/EUFS_FORK_CONTAINERIZED/eufs-f1-sim/ws/install/eufs_msgs/share/eufs_msgs/environment/path.dsv
[24.283s] -- Installing: /home/gera/Desktop/EUFS_FORK_CONTAINERIZED/eufs-f1-sim/ws/install/eufs_msgs/share/eufs_msgs/local_setup.bash
[24.283s] -- Installing: /home/gera/Desktop/EUFS_FORK_CONTAINERIZED/eufs-f1-sim/ws/install/eufs_msgs/share/eufs_msgs/local_setup.sh
[24.283s] -- Installing: /home/gera/Desktop/EUFS_FORK_CONTAINERIZED/eufs-f1-sim/ws/install/eufs_msgs/share/eufs_msgs/local_setup.zsh
[24.283s] -- Installing: /home/gera/Desktop/EUFS_FORK_CONTAINERIZED/eufs-f1-sim/ws/install/eufs_msgs/share/eufs_msgs/local_setup.dsv
[24.283s] -- Installing: /home/gera/Desktop/EUFS_FORK_CONTAINERIZED/eufs-f1-sim/ws/install/eufs_msgs/share/eufs_msgs/package.dsv
[24.284s] -- Installing: /home/gera/Desktop/EUFS_FORK_CONTAINERIZED/eufs-f1-sim/ws/install/eufs_msgs/share/ament_index/resource_index/packages/eufs_msgs
[24.284s] -- Installing: /home/gera/Desktop/EUFS_FORK_CONTAINERIZED/eufs-f1-sim/ws/install/eufs_msgs/share/eufs_msgs/cmake/export_eufs_msgs__rosidl_generator_cExport.cmake
[24.284s] -- Installing: /home/gera/Desktop/EUFS_FORK_CONTAINERIZED/eufs-f1-sim/ws/install/eufs_msgs/share/eufs_msgs/cmake/export_eufs_msgs__rosidl_generator_cExport-noconfig.cmake
[24.284s] -- Installing: /home/gera/Desktop/EUFS_FORK_CONTAINERIZED/eufs-f1-sim/ws/install/eufs_msgs/share/eufs_msgs/cmake/export_eufs_msgs__rosidl_typesupport_fastrtps_cExport.cmake
[24.284s] -- Installing: /home/gera/Desktop/EUFS_FORK_CONTAINERIZED/eufs-f1-sim/ws/install/eufs_msgs/share/eufs_msgs/cmake/export_eufs_msgs__rosidl_typesupport_fastrtps_cExport-noconfig.cmake
[24.284s] -- Installing: /home/gera/Desktop/EUFS_FORK_CONTAINERIZED/eufs-f1-sim/ws/install/eufs_msgs/share/eufs_msgs/cmake/eufs_msgs__rosidl_typesupport_introspection_cExport.cmake
[24.284s] -- Installing: /home/gera/Desktop/EUFS_FORK_CONTAINERIZED/eufs-f1-sim/ws/install/eufs_msgs/share/eufs_msgs/cmake/eufs_msgs__rosidl_typesupport_introspection_cExport-noconfig.cmake
[24.284s] -- Installing: /home/gera/Desktop/EUFS_FORK_CONTAINERIZED/eufs-f1-sim/ws/install/eufs_msgs/share/eufs_msgs/cmake/eufs_msgs__rosidl_typesupport_cExport.cmake
[24.284s] -- Installing: /home/gera/Desktop/EUFS_FORK_CONTAINERIZED/eufs-f1-sim/ws/install/eufs_msgs/share/eufs_msgs/cmake/eufs_msgs__rosidl_typesupport_cExport-noconfig.cmake
[24.284s] -- Installing: /home/gera/Desktop/EUFS_FORK_CONTAINERIZED/eufs-f1-sim/ws/install/eufs_msgs/share/eufs_msgs/cmake/export_eufs_msgs__rosidl_generator_cppExport.cmake
[24.284s] -- Installing: /home/gera/Desktop/EUFS_FORK_CONTAINERIZED/eufs-f1-sim/ws/install/eufs_msgs/share/eufs_msgs/cmake/export_eufs_msgs__rosidl_typesupport_fastrtps_cppExport.cmake
[24.285s] -- Installing: /home/gera/Desktop/EUFS_FORK_CONTAINERIZED/eufs-f1-sim/ws/install/eufs_msgs/share/eufs_msgs/cmake/export_eufs_msgs__rosidl_typesupport_fastrtps_cppExport-noconfig.cmake
[24.285s] -- Installing: /home/gera/Desktop/EUFS_FORK_CONTAINERIZED/eufs-f1-sim/ws/install/eufs_msgs/share/eufs_msgs/cmake/eufs_msgs__rosidl_typesupport_introspection_cppExport.cmake
[24.285s] -- Installing: /home/gera/Desktop/EUFS_FORK_CONTAINERIZED/eufs-f1-sim/ws/install/eufs_msgs/share/eufs_msgs/cmake/eufs_msgs__rosidl_typesupport_introspection_cppExport-noconfig.cmake
[24.285s] -- Installing: /home/gera/Desktop/EUFS_FORK_CONTAINERIZED/eufs-f1-sim/ws/install/eufs_msgs/share/eufs_msgs/cmake/eufs_msgs__rosidl_typesupport_cppExport.cmake
[24.285s] -- Installing: /home/gera/Desktop/EUFS_FORK_CONTAINERIZED/eufs-f1-sim/ws/install/eufs_msgs/share/eufs_msgs/cmake/eufs_msgs__rosidl_typesupport_cppExport-noconfig.cmake
[24.285s] -- Installing: /home/gera/Desktop/EUFS_FORK_CONTAINERIZED/eufs-f1-sim/ws/install/eufs_msgs/share/eufs_msgs/cmake/export_eufs_msgs__rosidl_generator_pyExport.cmake
[24.285s] -- Installing: /home/gera/Desktop/EUFS_FORK_CONTAINERIZED/eufs-f1-sim/ws/install/eufs_msgs/share/eufs_msgs/cmake/export_eufs_msgs__rosidl_generator_pyExport-noconfig.cmake
[24.286s] -- Installing: /home/gera/Desktop/EUFS_FORK_CONTAINERIZED/eufs-f1-sim/ws/install/eufs_msgs/share/eufs_msgs/cmake/rosidl_cmake-extras.cmake
[24.286s] -- Installing: /home/gera/Desktop/EUFS_FORK_CONTAINERIZED/eufs-f1-sim/ws/install/eufs_msgs/share/eufs_msgs/cmake/ament_cmake_export_dependencies-extras.cmake
[24.286s] -- Installing: /home/gera/Desktop/EUFS_FORK_CONTAINERIZED/eufs-f1-sim/ws/install/eufs_msgs/share/eufs_msgs/cmake/ament_cmake_export_include_directories-extras.cmake
[24.286s] -- Installing: /home/gera/Desktop/EUFS_FORK_CONTAINERIZED/eufs-f1-sim/ws/install/eufs_msgs/share/eufs_msgs/cmake/ament_cmake_export_libraries-extras.cmake
[24.286s] -- Installing: /home/gera/Desktop/EUFS_FORK_CONTAINERIZED/eufs-f1-sim/ws/install/eufs_msgs/share/eufs_msgs/cmake/ament_cmake_export_targets-extras.cmake
[24.286s] -- Installing: /home/gera/Desktop/EUFS_FORK_CONTAINERIZED/eufs-f1-sim/ws/install/eufs_msgs/share/eufs_msgs/cmake/rosidl_cmake_export_typesupport_targets-extras.cmake
[24.286s] -- Installing: /home/gera/Desktop/EUFS_FORK_CONTAINERIZED/eufs-f1-sim/ws/install/eufs_msgs/share/eufs_msgs/cmake/rosidl_cmake_export_typesupport_libraries-extras.cmake
[24.286s] -- Installing: /home/gera/Desktop/EUFS_FORK_CONTAINERIZED/eufs-f1-sim/ws/install/eufs_msgs/share/eufs_msgs/cmake/eufs_msgsConfig.cmake
[24.286s] -- Installing: /home/gera/Desktop/EUFS_FORK_CONTAINERIZED/eufs-f1-sim/ws/install/eufs_msgs/share/eufs_msgs/cmake/eufs_msgsConfig-version.cmake
[24.286s] -- Installing: /home/gera/Desktop/EUFS_FORK_CONTAINERIZED/eufs-f1-sim/ws/install/eufs_msgs/share/eufs_msgs/package.xml
[24.288s] Invoked command in '/home/gera/Desktop/EUFS_FORK_CONTAINERIZED/eufs-f1-sim/ws/build/eufs_msgs' returned '0': CMAKE_PREFIX_PATH=${CMAKE_PREFIX_PATH}:/home/gera/eufs_simulator/install/graph_slam:/home/gera/eufs_simulator/install/fmdv_monitor:/home/gera/eufs_simulator/install/fmdv_code:/home/gera/eufs_simulator/install/eufs_launcher:/home/gera/eufs_simulator/install/eufs_tracks:/home/gera/eufs_simulator/install/eufs_rqt:/home/gera/eufs_simulator/install/eufs_racecar:/opt/ros/humble /usr/bin/cmake --install /home/gera/Desktop/EUFS_FORK_CONTAINERIZED/eufs-f1-sim/ws/build/eufs_msgs
