<?xml version='1.0' encoding='utf-8'?>
<COLLADA xmlns='http://www.collada.org/2005/11/COLLADASchema' version='1.4.1'>
  <asset><unit name='meter' meter='1'/><up_axis>Z_UP</up_axis></asset>
  <library_effects>
    <effect id='boundary_white_effect'><profile_COMMON><technique sid='common'><phong><diffuse><color>1 1 1 1</color></diffuse><specular><color>0.1 0.1 0.1 1</color></specular></phong></technique></profile_COMMON></effect>
  </library_effects>
  <library_materials><material id='boundary_white_material' name='White'><instance_effect url='#boundary_white_effect'/></material></library_materials>
  <library_geometries>
    <geometry id='cota_boundary_strips_geometry' name='COTA white boundary strips'>
      <mesh>
        <source id='cota_boundary_strips_positions'><float_array id='cota_boundary_strips_positions_array' count='17064'>4.434445192 5.544880147 0.000000000 4.309535252 5.388683133 0.000000000 4.434445192 5.544880147 0.008000000 4.309535252 5.388683133 0.008000000 10.682272102 0.548258740 0.000000000 10.557358095 0.392064979 0.000000000 10.682272102 0.548258740 0.008000000 10.557358095 0.392064979 0.008000000 16.930096977 -4.448361041 0.000000000 16.805182971 -4.604554802 0.000000000 16.930096977 -4.448361041 0.008000000 16.805182971 -4.604554802 0.008000000 23.177921852 -9.444980823 0.000000000 23.053007846 -9.601174584 0.000000000 23.177921852 -9.444980823 0.008000000 23.053007846 -9.601174584 0.008000000 29.425748243 -14.441601819 0.000000000 29.300831203 -14.597793153 0.000000000 29.425748243 -14.441601819 0.008000000 29.300831203 -14.597793153 0.008000000 35.673381229 -19.438466118 0.000000000 35.548459571 -19.594653760 0.000000000 35.673381229 -19.438466118 0.008000000 35.548459571 -19.594653760 0.008000000 41.920911329 -24.435455876 0.000000000 41.795988087 -24.591642250 0.000000000 41.920911329 -24.435455876 0.008000000 41.795988087 -24.591642250 0.008000000 48.168440637 -29.432445000 0.000000000 48.043517395 -29.588631375 0.000000000 48.168440637 -29.432445000 0.008000000 48.043517395 -29.588631375 0.008000000 54.415969944 -34.429434126 0.000000000 54.291046702 -34.585620501 0.000000000 54.415969944 -34.429434126 0.008000000 54.291046702 -34.585620501 0.008000000 60.663501048 -39.426424692 0.000000000 60.538574209 -39.582608189 0.000000000 60.663501048 -39.426424692 0.008000000 60.538574209 -39.582608189 0.008000000 66.910805192 -44.423705612 0.000000000 66.785873070 -44.579884883 0.000000000 66.910805192 -44.423705612 0.008000000 66.785873070 -44.579884883 0.008000000 73.158000752 -49.421120885 0.000000000 73.033066944 -49.577298808 0.000000000 73.158000752 -49.421120885 0.008000000 73.033066944 -49.577298808 0.008000000 79.405195469 -54.418535485 0.000000000 79.280261660 -54.574713407 0.000000000 79.405195469 -54.418535485 0.008000000 79.280261660 -54.574713407 0.008000000 85.652390184 -59.415950086 0.000000000 85.527456375 -59.572128008 0.000000000 85.652390184 -59.415950086 0.008000000 85.527456375 -59.572128008 0.008000000 91.899585485 -64.413365157 0.000000000 91.774650502 -64.569542140 0.000000000 91.899585485 -64.413365157 0.008000000 91.774650502 -64.569542140 0.008000000 98.146709420 -69.410877248 0.000000000 98.021768335 -69.567049350 0.000000000 98.146709420 -69.410877248 0.008000000 98.021768335 -69.567049350 0.008000000 104.393523109 -74.408787524 0.000000000 104.268577097 -74.564955684 0.000000000 104.393523109 -74.408787524 0.008000000 104.268577097 -74.564955684 0.008000000 110.640334333 -79.406695830 0.000000000 110.515388322 -79.562863991 0.000000000 110.640334333 -79.406695830 0.008000000 110.515388322 -79.562863991 0.008000000 116.887145556 -84.404604138 0.000000000 116.762199545 -84.560772298 0.000000000 116.887145556 -84.404604138 0.008000000 116.762199545 -84.560772298 0.008000000 123.133956778 -89.402512447 0.000000000 123.009010767 -89.558680607 0.000000000 123.133956778 -89.402512447 0.008000000 123.009010767 -89.558680607 0.008000000 129.380769115 -94.400421649 0.000000000 129.255820873 -94.556588025 0.000000000 129.380769115 -94.400421649 0.008000000 129.255820873 -94.556588025 0.008000000 135.627444581 -99.398514046 0.000000000 135.502489216 -99.554674722 0.000000000 135.627444581 -99.398514046 0.008000000 135.502489216 -99.554674722 0.008000000 141.873813364 -104.397003063 0.000000000 141.748853106 -104.553159824 0.000000000 141.873813364 -104.397003063 0.008000000 141.748853106 -104.553159824 0.008000000 148.120179699 -109.395490124 0.000000000 147.995219441 -109.551646885 0.000000000 148.120179699 -109.395490124 0.008000000 147.995219441 -109.551646885 0.008000000 154.366546033 -114.393977187 0.000000000 154.241585775 -114.550133948 0.000000000 154.366546033 -114.393977187 0.008000000 154.241585775 -114.550133948 0.008000000 160.612912366 -119.392464252 0.000000000 160.487952108 -119.548621012 0.000000000 160.612912366 -119.392464252 0.008000000 160.487952108 -119.548621012 0.008000000 166.859279387 -124.390951870 0.000000000 166.734317749 -124.547107526 0.000000000 166.859279387 -124.390951870 0.008000000 166.734317749 -124.547107526 0.008000000 173.105564277 -129.389554894 0.000000000 172.980594214 -129.545703808 0.000000000 173.105564277 -129.389554894 0.008000000 172.980594214 -129.545703808 0.008000000 179.351411303 -134.388731997 0.000000000 179.226434196 -134.544875274 0.000000000 179.351411303 -134.388731997 0.008000000 179.226434196 -134.544875274 0.008000000 185.597254805 -139.387906284 0.000000000 185.472277698 -139.544049561 0.000000000 185.597254805 -139.387906284 0.008000000 185.472277698 -139.544049561 0.008000000 191.843098306 -144.387080574 0.000000000 191.718121199 -144.543223850 0.000000000 191.843098306 -144.387080574 0.008000000 191.718121199 -144.543223850 0.008000000 198.088941805 -149.386254865 0.000000000 197.963964697 -149.542398141 0.000000000 198.088941805 -149.386254865 0.008000000 197.963964697 -149.542398141 0.008000000 204.334785301 -154.385429159 0.000000000 204.209808194 -154.541572435 0.000000000 204.334785301 -154.385429159 0.008000000 204.209808194 -154.541572435 0.008000000 210.580633175 -159.384606961 0.000000000 210.455647310 -159.540743227 0.000000000 210.580633175 -159.384606961 0.008000000 210.455647310 -159.540743227 0.008000000 216.825942093 -164.384502931 0.000000000 216.700946111 -164.540631098 0.000000000 216.825942093 -164.384502931 0.008000000 216.700946111 -164.540631098 0.008000000 223.071162869 -169.384506786 0.000000000 222.946165528 -169.540633864 0.000000000 223.071162869 -169.384506786 0.008000000 222.946165528 -169.540633864 0.008000000 229.316382963 -174.384510100 0.000000000 229.191385621 -174.540637178 0.000000000 229.316382963 -174.384510100 0.008000000 229.191385621 -174.540637178 0.008000000 235.561603054 -179.384513418 0.000000000 235.436605712 -179.540640496 0.000000000 235.561603054 -179.384513418 0.008000000 235.436605712 -179.540640496 0.008000000 241.806823143 -184.384516739 0.000000000 241.681825801 -184.540643817 0.000000000 241.806823143 -184.384516739 0.008000000 241.681825801 -184.540643817 0.008000000 248.052046568 -189.384522737 0.000000000 247.927042547 -189.540644467 0.000000000 248.052046568 -189.384522737 0.008000000 247.927042547 -189.540644467 0.008000000 254.296864942 -194.385081352 0.000000000 254.171848545 -194.541193172 0.000000000 254.296864942 -194.385081352 0.008000000 254.171848545 -194.541193172 0.008000000 260.541332053 -199.386106709 0.000000000 260.416309959 -199.542213967 0.000000000 260.541332053 -199.386106709 0.008000000 260.416309959 -199.542213967 0.008000000 266.785796311 -204.387129791 0.000000000 266.660774217 -204.543237048 0.000000000 266.785796311 -204.387129791 0.008000000 266.660774217 -204.543237048 0.008000000 273.030260565 -209.388152878 0.000000000 272.905238470 -209.544260135 0.000000000 273.030260565 -209.388152878 0.008000000 272.905238470 -209.544260135 0.008000000 279.274724814 -214.389175971 0.000000000 279.149702719 -214.545283228 0.000000000 279.274724814 -214.389175971 0.008000000 279.149702719 -214.545283228 0.008000000 285.519191436 -219.390200973 0.000000000 285.394164586 -219.546304422 0.000000000 285.519191436 -219.390200973 0.008000000 285.394164586 -219.546304422 0.008000000 291.763376522 -224.391624936 0.000000000 291.638334186 -224.547715981 0.000000000 291.763376522 -224.391624936 0.008000000 291.638334186 -224.547715981 0.008000000 298.006911697 -229.393937745 0.000000000 297.881858629 -229.550020192 0.000000000 298.006911697 -229.393937745 0.008000000 297.881858629 -229.550020192 0.008000000 304.250441498 -234.396246264 0.000000000 304.125388430 -234.552328711 0.000000000 304.250441498 -234.396246264 0.008000000 304.125388430 -234.552328711 0.008000000 310.493971291 -239.398554794 0.000000000 310.368918223 -239.554637241 0.000000000 310.493971291 -239.398554794 0.008000000 310.368918223 -239.554637241 0.008000000 316.737501076 -244.400863333 0.000000000 316.612448008 -244.556945780 0.000000000 316.737501076 -244.400863333 0.008000000 316.612448008 -244.556945780 0.008000000 322.981033733 -249.403174189 0.000000000 322.855974906 -249.559252022 0.000000000 322.981033733 -249.403174189 0.008000000 322.855974906 -249.559252022 0.008000000 329.224232102 -254.405973618 0.000000000 329.099153338 -254.562035475 0.000000000 329.224232102 -254.405973618 0.008000000 329.099153338 -254.562035475 0.008000000 335.466586892 -259.409959949 0.000000000 335.341493950 -259.566010440 0.000000000 335.466586892 -259.409959949 0.008000000 335.341493950 -259.566010440 0.008000000 341.708934578 -264.413940617 0.000000000 341.583841635 -264.569991108 0.000000000 341.708934578 -264.413940617 0.008000000 341.583841635 -264.569991108 0.008000000 347.951282248 -269.417921305 0.000000000 347.826189304 -269.573971795 0.000000000 347.951282248 -269.417921305 0.008000000 347.826189304 -269.573971795 0.008000000 354.193629901 -274.421902012 0.000000000 354.068536958 -274.577952502 0.000000000 354.193629901 -274.421902012 0.008000000 354.068536958 -274.577952502 0.008000000 360.435985609 -279.425889208 0.000000000 360.310876526 -279.581926760 0.000000000 360.435985609 -279.425889208 0.008000000 360.310876526 -279.581926760 0.008000000 366.677415881 -284.431255573 0.000000000 366.552280171 -284.587271772 0.000000000 366.677415881 -284.431255573 0.008000000 366.552280171 -284.587271772 0.008000000 372.918233094 -289.437509262 0.000000000 372.793086895 -289.593517046 0.000000000 372.918233094 -289.437509262 0.008000000 372.793086895 -289.593517046 0.008000000 379.159045025 -294.443758790 0.000000000 379.033898825 -294.599766573 0.000000000 379.159045025 -294.443758790 0.008000000 379.033898825 -294.599766573 0.008000000 385.399856920 -299.450008363 0.000000000 385.274710719 -299.606016146 0.000000000 385.399856920 -299.450008363 0.008000000 385.274710719 -299.606016146 0.008000000 391.640675877 -304.456263677 0.000000000 391.515515478 -304.612260071 0.000000000 391.640675877 -304.456263677 0.008000000 391.515515478 -304.612260071 0.008000000 397.880726705 -309.463769665 0.000000000 397.755528940 -309.619736074 0.000000000 397.880726705 -309.463769665 0.008000000 397.755528940 -309.619736074 0.008000000 404.119497675 -314.473296307 0.000000000 403.994276744 -314.629244114 0.000000000 404.119497675 -314.473296307 0.008000000 403.994276744 -314.629244114 0.008000000 410.358256958 -319.482813781 0.000000000 410.233036023 -319.638761585 0.000000000 410.358256958 -319.482813781 0.008000000 410.233036023 -319.638761585 0.008000000 416.597016135 -324.492331386 0.000000000 416.471795197 -324.648279187 0.000000000 416.597016135 -324.492331386 0.008000000 416.471795197 -324.648279187 0.008000000 422.835795776 -329.501865640 0.000000000 422.710533695 -329.657780405 0.000000000 422.835795776 -329.501865640 0.008000000 422.710533695 -329.657780405 0.008000000 429.072541522 -334.515181435 0.000000000 428.947223212 -334.671051001 0.000000000 429.072541522 -334.515181435 0.008000000 428.947223212 -334.671051001 0.008000000 435.308516727 -339.529867528 0.000000000 435.183183309 -339.685724944 0.000000000 435.308516727 -339.529867528 0.008000000 435.183183309 -339.685724944 0.008000000 441.544483972 -344.544548062 0.000000000 441.419150541 -344.700405469 0.000000000 441.544483972 -344.544548062 0.008000000 441.419150541 -344.700405469 0.008000000 447.780487650 -349.559258737 0.000000000 447.655080517 -349.715056875 0.000000000 447.780487650 -349.559258737 0.008000000 447.655080517 -349.715056875 0.008000000 454.013782591 -354.581505299 0.000000000 453.888281224 -354.737227511 0.000000000 454.013782591 -354.581505299 0.008000000 453.888281224 -354.737227511 0.008000000 460.246279074 -359.605827302 0.000000000 460.120757077 -359.761532884 0.000000000 460.246279074 -359.605827302 0.008000000 460.120757077 -359.761532884 0.008000000 466.478824784 -364.630194488 0.000000000 466.353178320 -364.785799731 0.000000000 466.478824784 -364.630194488 0.008000000 466.353178320 -364.785799731 0.008000000 472.712863719 -369.672224822 0.000000000 472.587026116 -369.827675473 0.000000000 472.712863719 -369.672224822 0.008000000 472.587026116 -369.827675473 0.008000000 478.947713751 -374.723787898 0.000000000 478.821536887 -374.878963676 0.000000000 478.947713751 -374.723787898 0.008000000 478.821536887 -374.878963676 0.008000000 485.165220994 -379.797513669 0.000000000 485.038349664 -379.952122736 0.000000000 485.165220994 -379.797513669 0.008000000 485.038349664 -379.952122736 0.008000000 491.276253250 -384.840157872 0.000000000 491.150331886 -384.995550823 0.000000000 491.276253250 -384.840157872 0.008000000 491.150331886 -384.995550823 0.008000000 497.333049766 -389.659699401 0.000000000 497.211269719 -389.818387699 0.000000000 497.333049766 -389.659699401 0.008000000 497.211269719 -389.818387699 0.008000000 503.569449209 -394.273776221 0.000000000 503.453265066 -394.436604717 0.000000000 503.569449209 -394.273776221 0.008000000 503.453265066 -394.436604717 0.008000000 509.956695685 -398.667249809 0.000000000 509.846126753 -398.833940733 0.000000000 509.956695685 -398.667249809 0.008000000 509.846126753 -398.833940733 0.008000000 516.470437698 -402.831650639 0.000000000 516.366054860 -403.002296490 0.000000000 516.470437698 -402.831650639 0.008000000 516.366054860 -403.002296490 0.008000000 523.106565180 -406.711951245 0.000000000 523.009393911 -406.886813871 0.000000000 523.106565180 -406.711951245 0.008000000 523.009393911 -406.886813871 0.008000000 529.846547744 -410.266454163 0.000000000 529.758417471 -410.446084791 0.000000000 529.846547744 -410.266454163 0.008000000 529.758417471 -410.446084791 0.008000000 536.670838493 -413.370833870 0.000000000 536.594468917 -413.555814456 0.000000000 536.670838493 -413.370833870 0.008000000 536.594468917 -413.555814456 0.008000000 543.514039445 -415.916598231 0.000000000 543.454482396 -416.107833307 0.000000000 543.514039445 -415.916598231 0.008000000 543.454482396 -416.107833307 0.008000000 550.208724238 -417.609471279 0.000000000 550.176394516 -417.807591280 0.000000000 550.208724238 -417.609471279 0.008000000 550.176394516 -417.807591280 0.008000000 556.240899514 -418.067813965 0.000000000 556.248438271 -418.268963293 0.000000000 556.240899514 -418.067813965 0.008000000 556.248438271 -418.268963293 0.008000000 559.238904664 -417.612382006 0.000000000 559.234690789 -417.815316696 0.000000000 559.238904664 -417.612382006 0.008000000 559.234690789 -417.815316696 0.008000000 560.427970245 -417.843878477 0.000000000 560.516499942 -418.064869201 0.000000000 560.427970245 -417.843878477 0.008000000 560.516499942 -418.064869201 0.008000000 561.468246575 -416.375762354 0.000000000 561.661204720 -416.449375806 0.000000000 561.468246575 -416.375762354 0.008000000 561.661204720 -416.449375806 0.008000000 561.900548152 -412.547690480 0.000000000 562.100944531 -412.555437663 0.000000000 561.900548152 -412.547690480 0.008000000 562.100944531 -412.555437663 0.008000000 561.744819071 -408.121972129 0.000000000 561.944345810 -408.105004714 0.000000000 561.744819071 -408.121972129 0.008000000 561.944345810 -408.105004714 0.008000000 560.736488686 -400.670107464 0.000000000 560.933864356 -400.637243005 0.000000000 560.736488686 -400.670107464 0.008000000 560.933864356 -400.637243005 0.008000000 559.238254702 -393.104046170 0.000000000 559.433721027 -393.061539546 0.000000000 559.238254702 -393.104046170 0.008000000 559.433721027 -393.061539546 0.008000000 557.437831921 -385.509350917 0.000000000 557.631685463 -385.460041111 0.000000000 557.437831921 -385.509350917 0.008000000 557.631685463 -385.460041111 0.008000000 555.374161263 -377.917124442 0.000000000 555.566700898 -377.862980785 0.000000000 555.374161263 -377.917124442 0.008000000 555.566700898 -377.862980785 0.008000000 553.170609163 -370.335617414 0.000000000 553.362309273 -370.278585300 0.000000000 553.170609163 -370.335617414 0.008000000 553.362309273 -370.278585300 0.008000000 550.866036619 -362.764534513 0.000000000 551.056988080 -362.705042907 0.000000000 550.866036619 -362.764534513 0.008000000 551.056988080 -362.705042907 0.008000000 548.457230638 -355.207376417 0.000000000 548.647432717 -355.145533769 0.000000000 548.457230638 -355.207376417 0.008000000 548.647432717 -355.145533769 0.008000000 545.956519047 -347.665181045 0.000000000 546.146173189 -347.601685812 0.000000000 545.956519047 -347.665181045 0.008000000 546.146173189 -347.601685812 0.008000000 543.409679210 -340.130892145 0.000000000 543.598903112 -340.066124136 0.000000000 543.409679210 -340.130892145 0.008000000 543.598903112 -340.066124136 0.008000000 540.802571670 -332.607698471 0.000000000 540.991341944 -332.541621450 0.000000000 540.802571670 -332.607698471 0.008000000 540.991341944 -332.541621450 0.008000000 538.145881980 -325.093238332 0.000000000 538.334333606 -325.026260013 0.000000000 538.145881980 -325.093238332 0.008000000 538.334333606 -325.026260013 0.008000000 535.462589734 -317.583035811 0.000000000 535.650780696 -317.515327928 0.000000000 535.462589734 -317.583035811 0.008000000 535.650780696 -317.515327928 0.008000000 532.743582311 -310.077841934 0.000000000 532.931529194 -310.009460325 0.000000000 532.743582311 -310.077841934 0.008000000 532.931529194 -310.009460325 0.008000000 530.001258181 -302.572595843 0.000000000 530.189064996 -302.503830893 0.000000000 530.001258181 -302.572595843 0.008000000 530.189064996 -302.503830893 0.008000000 527.246430458 -295.064355786 0.000000000 527.434159729 -294.995379491 0.000000000 527.246430458 -295.064355786 0.008000000 527.434159729 -294.995379491 0.008000000 524.481564500 -287.549938698 0.000000000 524.669307609 -287.481000012 0.000000000 524.481564500 -287.549938698 0.008000000 524.669307609 -287.481000012 0.008000000 521.719301673 -280.012094571 0.000000000 521.907219862 -279.943633657 0.000000000 521.719301673 -280.012094571 0.008000000 521.907219862 -279.943633657 0.008000000 518.975106185 -272.435106536 0.000000000 519.163436929 -272.367784727 0.000000000 518.975106185 -272.435106536 0.008000000 519.163436929 -272.367784727 0.008000000 516.270694033 -264.768903248 0.000000000 516.459968668 -264.704257090 0.000000000 516.270694033 -264.768903248 0.008000000 516.459968668 -264.704257090 0.008000000 513.646383542 -256.826063584 0.000000000 513.838840961 -256.771050561 0.000000000 513.646383542 -256.826063584 0.008000000 513.838840961 -256.771050561 0.008000000 511.602477326 -248.391177177 0.000000000 511.798790483 -248.352076191 0.000000000 511.602477326 -248.391177177 0.008000000 511.798790483 -248.352076191 0.008000000 510.288997726 -240.011125456 0.000000000 510.487624243 -239.986783797 0.000000000 510.288997726 -240.011125456 0.008000000 510.487624243 -239.986783797 0.008000000 509.541385414 -231.576955544 0.000000000 509.741119219 -231.565105724 0.000000000 509.541385414 -231.576955544 0.008000000 509.741119219 -231.565105724 0.008000000 509.286306622 -223.107216019 0.000000000 509.486436408 -223.108514516 0.000000000 509.286306622 -223.107216019 0.008000000 509.486436408 -223.108514516 0.008000000 509.652018987 -214.624064057 0.000000000 509.851554595 -214.639145245 0.000000000 509.652018987 -214.624064057 0.008000000 509.851554595 -214.639145245 0.008000000 510.567384184 -206.165040858 0.000000000 510.765484373 -206.193386970 0.000000000 510.567384184 -206.165040858 0.008000000 510.765484373 -206.193386970 0.008000000 512.064524050 -197.768877662 0.000000000 512.260119506 -197.811270651 0.000000000 512.064524050 -197.768877662 0.008000000 512.260119506 -197.811270651 0.008000000 514.182937582 -189.486870519 0.000000000 514.374658868 -189.544409705 0.000000000 514.182937582 -189.486870519 0.008000000 514.374658868 -189.544409705 0.008000000 516.980053404 -181.392477838 0.000000000 517.166551942 -181.465130798 0.000000000 516.980053404 -181.392477838 0.008000000 517.166551942 -181.465130798 0.008000000 520.397926817 -173.533744635 0.000000000 520.578186479 -173.620742670 0.000000000 520.397926817 -173.533744635 0.008000000 520.578186479 -173.620742670 0.008000000 524.423551833 -165.969477866 0.000000000 524.596399291 -166.070403648 0.000000000 524.423551833 -165.969477866 0.008000000 524.596399291 -166.070403648 0.008000000 529.027821785 -158.753326372 0.000000000 529.192255352 -158.867439025 0.000000000 529.027821785 -158.753326372 0.008000000 529.192255352 -158.867439025 0.008000000 534.167069056 -151.928201627 0.000000000 534.322345619 -152.054475146 0.000000000 534.167069056 -151.928201627 0.008000000 534.322345619 -152.054475146 0.008000000 539.786612249 -145.522104212 0.000000000 539.932307559 -145.659300050 0.000000000 539.786612249 -145.522104212 0.008000000 539.932307559 -145.659300050 0.008000000 545.825905188 -139.545790701 0.000000000 545.961575907 -139.692906589 0.000000000 545.825905188 -139.545790701 0.008000000 545.961575907 -139.692906589 0.008000000 552.248305833 -134.028477073 0.000000000 552.373297049 -134.184767439 0.000000000 552.248305833 -134.028477073 0.008000000 552.373297049 -134.184767439 0.008000000 558.872912362 -129.102103763 0.000000000 558.989547253 -129.264608291 0.000000000 558.872912362 -129.102103763 0.008000000 558.989547253 -129.264608291 0.008000000 565.538701441 -124.486446958 0.000000000 565.651191876 -124.651821272 0.000000000 565.538701441 -124.486446958 0.008000000 565.651191876 -124.651821272 0.008000000 572.230602129 -120.015374633 0.000000000 572.341180300 -120.182026592 0.000000000 572.230602129 -120.015374633 0.008000000 572.341180300 -120.182026592 0.008000000 578.949192724 -115.588208344 0.000000000 579.058656292 -115.755594762 0.000000000 578.949192724 -115.588208344 0.008000000 579.058656292 -115.755594762 0.008000000 585.697111628 -111.208845830 0.000000000 585.805398069 -111.376996197 0.000000000 585.697111628 -111.208845830 0.008000000 585.805398069 -111.376996197 0.008000000 592.474339747 -106.878198969 0.000000000 592.581548340 -107.047038080 0.000000000 592.474339747 -106.878198969 0.008000000 592.581548340 -107.047038080 0.008000000 599.275070987 -102.587178055 0.000000000 599.381318057 -102.756623854 0.000000000 599.275070987 -102.587178055 0.008000000 599.381318057 -102.756623854 0.008000000 606.098830835 -98.335272645 0.000000000 606.204127308 -98.505310763 0.000000000 606.098830835 -98.335272645 0.008000000 606.204127308 -98.505310763 0.008000000 612.945078863 -94.121992072 0.000000000 613.049436407 -94.292608021 0.000000000 612.945078863 -94.121992072 0.008000000 613.049436407 -94.292608021 0.008000000 619.813254923 -89.946817382 0.000000000 619.916686311 -90.117996342 0.000000000 619.813254923 -89.946817382 0.008000000 619.916686311 -90.117996342 0.008000000 626.702788131 -85.809173867 0.000000000 626.805271101 -85.980922418 0.000000000 626.702788131 -85.809173867 0.008000000 626.805271101 -85.980922418 0.008000000 633.614681658 -81.711452901 0.000000000 633.716244170 -81.883747147 0.000000000 633.614681658 -81.711452901 0.008000000 633.716244170 -81.883747147 0.008000000 640.545993718 -77.648998121 0.000000000 640.646710368 -77.821788128 0.000000000 640.545993718 -77.648998121 0.008000000 640.646710368 -77.821788128 0.008000000 647.495700070 -73.620416510 0.000000000 647.595598757 -73.793680671 0.000000000 647.495700070 -73.620416510 0.008000000 647.595598757 -73.793680671 0.008000000 654.463022628 -69.624871932 0.000000000 654.562127618 -69.798591254 0.000000000 654.463022628 -69.624871932 0.008000000 654.562127618 -69.798591254 0.008000000 661.447010703 -65.661341428 0.000000000 661.545352785 -65.835493713 0.000000000 661.447010703 -65.661341428 0.008000000 661.545352785 -65.835493713 0.008000000 668.446486949 -61.728543195 0.000000000 668.544069113 -61.903122455 0.000000000 668.446486949 -61.728543195 0.008000000 668.544069113 -61.903122455 0.008000000 675.461226199 -57.828002306 0.000000000 675.558097251 -58.002976979 0.000000000 675.461226199 -57.828002306 0.008000000 675.558097251 -58.002976979 0.008000000 682.487453795 -53.955049877 0.000000000 682.583729256 -54.130352848 0.000000000 682.487453795 -53.955049877 0.008000000 682.583729256 -54.130352848 0.008000000 689.521206549 -50.106326720 0.000000000 689.616993108 -50.281897208 0.000000000 689.521206549 -50.106326720 0.008000000 689.616993108 -50.281897208 0.008000000 696.510164531 -46.304547112 0.000000000 696.606900455 -46.479601174 0.000000000 696.510164531 -46.304547112 0.008000000 696.606900455 -46.479601174 0.008000000 703.104480001 -42.603117252 0.000000000 703.208598890 -42.774027211 0.000000000 703.104480001 -42.603117252 0.008000000 703.208598890 -42.774027211 0.008000000 709.287178357 -38.527300649 0.000000000 709.404533882 -38.689484628 0.000000000 709.287178357 -38.527300649 0.008000000 709.404533882 -38.689484628 0.008000000 715.069240102 -33.947028048 0.000000000 715.200313037 -34.098345751 0.000000000 715.069240102 -33.947028048 0.008000000 715.200313037 -34.098345751 0.008000000 720.429024513 -28.875996007 0.000000000 720.572767960 -29.015325808 0.000000000 720.429024513 -28.875996007 0.008000000 720.572767960 -29.015325808 0.008000000 725.353109781 -23.335273417 0.000000000 725.507973342 -23.462090546 0.000000000 725.353109781 -23.335273417 0.008000000 725.507973342 -23.462090546 0.008000000 729.850374573 -17.367213591 0.000000000 730.014411045 -17.481857880 0.000000000 729.850374573 -17.367213591 0.008000000 730.014411045 -17.481857880 0.008000000 733.950326060 -11.029402986 0.000000000 734.121541520 -11.132949810 0.000000000 733.950326060 -11.029402986 0.008000000 734.121541520 -11.132949810 0.008000000 737.698353553 -4.385869761 0.000000000 737.874962735 -4.479855991 0.000000000 737.698353553 -4.385869761 0.008000000 737.874962735 -4.479855991 0.008000000 741.148863518 2.501285890 0.000000000 741.329408902 2.415156248 0.000000000 741.148863518 2.501285890 0.008000000 741.329408902 2.415156248 0.008000000 744.358130725 9.577381379 0.000000000 744.541545008 9.497577355 0.000000000 744.358130725 9.577381379 0.008000000 744.541545008 9.497577355 0.008000000 747.382884922 16.832484758 0.000000000 747.568039846 16.756855798 0.000000000 747.382884922 16.832484758 0.008000000 747.568039846 16.756855798 0.008000000 750.364871772 24.286297246 0.000000000 750.550248944 24.211223820 0.000000000 750.364871772 24.286297246 0.008000000 750.550248944 24.211223820 0.008000000 753.465711239 31.851014070 0.000000000 753.649529355 31.772137216 0.000000000 753.465711239 31.851014070 0.008000000 753.649529355 31.772137216 0.008000000 756.899525270 39.506071566 0.000000000 757.079257605 39.418086212 0.000000000 756.899525270 39.506071566 0.008000000 757.079257605 39.418086212 0.008000000 760.968698610 47.156723019 0.000000000 761.140264638 47.053383793 0.000000000 760.968698610 47.156723019 0.008000000 761.140264638 47.053383793 0.008000000 765.975824233 54.547695264 0.000000000 766.133597729 54.423997008 0.000000000 765.975824233 54.547695264 0.008000000 766.133597729 54.423997008 0.008000000 772.038885581 61.262917946 0.000000000 772.177454369 61.117949266 0.000000000 772.038885581 61.262917946 0.008000000 772.177454369 61.117949266 0.008000000 778.951356851 66.959554047 0.000000000 779.069031703 66.797366467 0.000000000 778.951356851 66.959554047 0.008000000 779.069031703 66.797366467 0.008000000 786.345734170 71.658161239 0.000000000 786.444569985 71.484002775 0.000000000 786.345734170 71.658161239 0.008000000 786.444569985 71.484002775 0.008000000 793.988672049 75.505028974 0.000000000 794.072362498 75.323247496 0.000000000 793.988672049 75.505028974 0.008000000 794.072362498 75.323247496 0.008000000 801.709379970 78.738567937 0.000000000 801.782633272 78.552415237 0.000000000 801.709379970 78.738567937 0.008000000 801.782633272 78.552415237 0.008000000 809.214156019 81.505120233 0.000000000 809.283911862 81.317678234 0.000000000 809.214156019 81.505120233 0.008000000 809.283911862 81.317678234 0.008000000 816.494169772 84.239942876 0.000000000 816.567998658 84.054030964 0.000000000 816.494169772 84.239942876 0.008000000 816.567998658 84.054030964 0.008000000 823.530782781 87.187537343 0.000000000 823.613100909 87.005181522 0.000000000 823.530782781 87.187537343 0.008000000 823.613100909 87.005181522 0.008000000 830.236048988 90.437907316 0.000000000 830.330453808 90.261410506 0.000000000 830.236048988 90.437907316 0.008000000 830.330453808 90.261410506 0.008000000 836.479637395 94.104110922 0.000000000 836.591304595 93.937750495 0.000000000 836.479637395 94.104110922 0.008000000 836.591304595 93.937750495 0.008000000 842.062384317 98.360208314 0.000000000 842.194826271 98.209685855 0.000000000 842.062384317 98.360208314 0.008000000 842.194826271 98.209685855 0.008000000 846.913932018 103.274350728 0.000000000 847.066897780 103.144616877 0.000000000 846.913932018 103.274350728 0.008000000 847.066897780 103.144616877 0.008000000 850.990288178 108.890875599 0.000000000 851.160296932 108.784624088 0.000000000 850.990288178 108.890875599 0.008000000 851.160296932 108.784624088 0.008000000 854.322036217 115.147103943 0.000000000 854.504608759 115.064444231 0.000000000 854.322036217 115.147103943 0.008000000 854.504608759 115.064444231 0.008000000 856.896307350 121.966989270 0.000000000 857.086431564 121.904335816 0.000000000 856.896307350 121.966989270 0.008000000 857.086431564 121.904335816 0.008000000 858.922779347 129.129150053 0.000000000 859.117447420 129.082555964 0.000000000 858.922779347 129.129150053 0.008000000 859.117447420 129.082555964 0.008000000 860.386899647 136.576159072 0.000000000 860.584160941 136.542754976 0.000000000 860.386899647 136.576159072 0.008000000 860.584160941 136.542754976 0.008000000 861.483448623 144.281182833 0.000000000 861.681815271 144.255545637 0.000000000 861.483448623 144.281182833 0.008000000 861.681815271 144.255545637 0.008000000 862.423103468 152.367008070 0.000000000 862.621509038 152.341705794 0.000000000 862.423103468 152.367008070 0.008000000 862.621509038 152.341705794 0.008000000 863.568942339 160.617682228 0.000000000 863.766384324 160.585441606 0.000000000 863.568942339 160.617682228 0.008000000 863.766384324 160.585441606 0.008000000 865.117640126 168.859991558 0.000000000 865.313116650 168.817290577 0.000000000 865.117640126 168.859991558 0.008000000 865.313116650 168.817290577 0.008000000 867.163151332 177.062074877 0.000000000 867.355491596 177.006798133 0.000000000 867.163151332 177.062074877 0.008000000 867.355491596 177.006798133 0.008000000 869.807407237 185.168960948 0.000000000 869.995337766 185.100164630 0.000000000 869.807407237 185.168960948 0.008000000 869.995337766 185.100164630 0.008000000 873.045985294 193.125623750 0.000000000 873.227615532 193.041348634 0.000000000 873.045985294 193.125623750 0.008000000 873.227615532 193.041348634 0.008000000 877.057931268 200.788605330 0.000000000 877.230986507 200.687951612 0.000000000 877.057931268 200.788605330 0.008000000 877.230986507 200.687951612 0.008000000 881.743953069 208.078685597 0.000000000 881.907075862 207.962579898 0.000000000 881.743953069 208.078685597 0.008000000 881.907075862 207.962579898 0.008000000 887.085566160 214.878509591 0.000000000 887.237050579 214.747588350 0.000000000 887.085566160 214.878509591 0.008000000 887.237050579 214.747588350 0.008000000 892.987645310 221.093803164 0.000000000 893.127457455 220.950590219 0.000000000 892.987645310 221.093803164 0.008000000 893.127457455 220.950590219 0.008000000 899.262988385 226.772466183 0.000000000 899.392705891 226.620118429 0.000000000 899.262988385 226.772466183 0.008000000 899.392705891 226.620118429 0.008000000 905.774292873 231.985914831 0.000000000 905.895862935 231.827043610 0.000000000 905.774292873 231.985914831 0.008000000 905.895862935 231.827043610 0.008000000 912.408091402 236.834691158 0.000000000 912.523632965 236.671413586 0.000000000 912.408091402 236.834691158 0.008000000 912.523632965 236.671413586 0.008000000 919.206625024 241.490720844 0.000000000 919.316713692 241.323708814 0.000000000 919.206625024 241.490720844 0.008000000 919.316713692 241.323708814 0.008000000 926.224818623 245.940725089 0.000000000 926.328203387 245.769462336 0.000000000 926.224818623 245.940725089 0.008000000 926.328203387 245.769462336 0.008000000 933.464778788 250.096846714 0.000000000 933.559688774 249.920718988 0.000000000 933.464778788 250.096846714 0.008000000 933.559688774 249.920718988 0.008000000 940.963596656 253.881437571 0.000000000 941.048668317 253.700344524 0.000000000 940.963596656 253.881437571 0.008000000 941.048668317 253.700344524 0.008000000 948.718248876 257.260588538 0.000000000 948.792121737 257.074615526 0.000000000 948.718248876 257.260588538 0.008000000 948.792121737 257.074615526 0.008000000 956.749661855 260.149342053 0.000000000 956.809391848 259.958282107 0.000000000 956.749661855 260.149342053 0.008000000 956.809391848 259.958282107 0.008000000 965.095075416 262.375858520 0.000000000 965.137629294 262.180216069 0.000000000 965.095075416 262.375858520 0.008000000 965.137629294 262.180216069 0.008000000 973.719918713 263.835271349 0.000000000 973.742396366 263.636231793 0.000000000 973.719918713 263.835271349 0.008000000 973.742396366 263.636231793 0.008000000 982.576707707 264.343194378 0.000000000 982.575291463 264.142784544 0.000000000 982.576707707 264.343194378 0.008000000 982.575291463 264.142784544 0.008000000 991.547361828 263.701428239 0.000000000 991.518616170 263.502973568 0.000000000 991.547361828 263.701428239 0.008000000 991.518616170 263.502973568 0.008000000 1000.422924011 261.751365003 0.000000000 1000.364749978 261.559376085 0.000000000 1000.422924011 261.751365003 0.008000000 1000.364749978 261.559376085 0.008000000 1008.656857101 258.537325752 0.000000000 1008.576501518 258.353995196 0.000000000 1008.656857101 258.537325752 0.008000000 1008.576501518 258.353995196 0.008000000 1015.869317693 255.017407985 0.000000000 1015.781496507 254.837720889 0.000000000 1015.869317693 255.017407985 0.008000000 1015.781496507 254.837720889 0.008000000 1023.046183279 251.504635676 0.000000000 1022.958382157 251.324938760 0.000000000 1023.046183279 251.504635676 0.008000000 1022.958382157 251.324938760 0.008000000 1030.230110870 248.000629739 0.000000000 1030.142513211 247.820833583 0.000000000 1030.230110870 248.000629739 0.008000000 1030.142513211 247.820833583 0.008000000 1037.418172505 244.502525375 0.000000000 1037.330725960 244.322655678 0.000000000 1037.418172505 244.502525375 0.008000000 1037.330725960 244.322655678 0.008000000 1044.609554511 241.009832255 0.000000000 1044.522252375 240.829892422 0.000000000 1044.609554511 241.009832255 0.008000000 1044.522252375 240.829892422 0.008000000 1051.804003925 237.522893577 0.000000000 1051.716836408 237.342888498 0.000000000 1051.804003925 237.522893577 0.008000000 1051.716836408 237.342888498 0.008000000 1059.000706037 234.040912581 0.000000000 1058.913662893 233.860847326 0.000000000 1059.000706037 234.040912581 0.008000000 1058.913662893 233.860847326 0.008000000 1066.199392909 230.564194356 0.000000000 1066.112496550 230.384058209 0.000000000 1066.199392909 230.564194356 0.008000000 1066.112496550 230.384058209 0.008000000 1073.400091190 227.094753914 0.000000000 1073.313366450 226.914535078 0.000000000 1073.400091190 227.094753914 0.008000000 1073.313366450 226.914535078 0.008000000 1080.601983451 223.633391866 0.000000000 1080.515493673 223.453060102 0.000000000 1080.601983451 223.633391866 0.008000000 1080.515493673 223.453060102 0.008000000 1087.802989349 220.186904621 0.000000000 1087.716917999 220.006372592 0.000000000 1087.802989349 220.186904621 0.008000000 1087.716917999 220.006372592 0.008000000 1094.986619223 216.775250131 0.000000000 1094.902757487 216.593668712 0.000000000 1094.986619223 216.775250131 0.008000000 1094.902757487 216.593668712 0.008000000 1101.444380393 213.876424610 0.000000000 1101.376128879 213.687835915 0.000000000 1101.444380393 213.876424610 0.008000000 1101.376128879 213.687835915 0.008000000 1107.802874575 212.099160985 0.000000000 1107.768075156 211.901222090 0.000000000 1107.802874575 212.099160985 0.008000000 1107.768075156 211.901222090 0.008000000 1114.364466991 211.602774865 0.000000000 1114.368903126 211.401867791 0.000000000 1114.364466991 211.602774865 0.008000000 1114.368903126 211.401867791 0.008000000 1121.041523280 212.405588932 0.000000000 1121.082221074 212.209041768 0.000000000 1121.041523280 212.405588932 0.008000000 1121.082221074 212.209041768 0.008000000 1127.708253752 214.385564875 0.000000000 1127.778786745 214.197878573 0.000000000 1127.708253752 214.385564875 0.008000000 1127.778786745 214.197878573 0.008000000 1134.242084992 217.384109492 0.000000000 1134.335402587 217.206879636 0.000000000 1134.242084992 217.384109492 0.008000000 1134.335402587 217.206879636 0.008000000 1140.571668279 221.170046887 0.000000000 1140.681154979 221.002488318 0.000000000 1140.571668279 221.170046887 0.008000000 1140.681154979 221.002488318 0.008000000 1146.691642083 225.525400424 0.000000000 1146.813081814 225.366348374 0.000000000 1146.691642083 225.525400424 0.008000000 1146.813081814 225.366348374 0.008000000 1152.588511255 230.349704691 0.000000000 1152.719153306 230.198181178 0.000000000 1152.588511255 230.349704691 0.008000000 1152.719153306 230.198181178 0.008000000 1158.286528544 235.525078831 0.000000000 1158.423889223 235.379657688 0.000000000 1158.286528544 235.525078831 0.008000000 1158.423889223 235.379657688 0.008000000 1163.817992318 240.958256800 0.000000000 1163.960477023 240.817868636 0.000000000 1163.817992318 240.958256800 0.008000000 1163.960477023 240.817868636 0.008000000 1169.199291525 246.601849939 0.000000000 1169.346063283 246.465957787 0.000000000 1169.199291525 246.601849939 0.008000000 1169.346063283 246.465957787 0.008000000 1174.435342023 252.426374560 0.000000000 1174.585653427 252.294419871 0.000000000 1174.435342023 252.426374560 0.008000000 1174.585653427 252.294419871 0.008000000 1179.530144977 258.369798972 0.000000000 1179.683569362 258.241475780 0.000000000 1179.530144977 258.369798972 0.008000000 1179.683569362 258.241475780 0.008000000 1184.509785343 264.472382582 0.000000000 1184.665808303 264.347243962 0.000000000 1184.509785343 264.472382582 0.008000000 1184.665808303 264.347243962 0.008000000 1189.403038998 270.679705739 0.000000000 1189.560923921 270.556929108 0.000000000 1189.403038998 270.679705739 0.008000000 1189.560923921 270.556929108 0.008000000 1194.254963979 277.004949751 0.000000000 1194.413748792 276.883346267 0.000000000 1194.254963979 277.004949751 0.008000000 1194.413748792 276.883346267 0.008000000 1199.172004799 283.435776136 0.000000000 1199.329560147 283.312564676 0.000000000 1199.172004799 283.435776136 0.008000000 1199.329560147 283.312564676 0.008000000 1204.386365155 289.955886863 0.000000000 1204.538192182 289.825512631 0.000000000 1204.386365155 289.955886863 0.008000000 1204.538192182 289.825512631 0.008000000 1210.344501942 296.422845149 0.000000000 1210.482171726 296.277104652 0.000000000 1210.344501942 296.422845149 0.008000000 1210.482171726 296.277104652 0.008000000 1217.539814775 302.331591203 0.000000000 1217.651138267 302.164215296 0.000000000 1217.539814775 302.331591203 0.008000000 1217.651138267 302.164215296 0.008000000 1225.924511691 306.764311896 0.000000000 1226.003164984 306.579664301 0.000000000 1225.924511691 306.764311896 0.008000000 1226.003164984 306.579664301 0.008000000 1231.411050848 308.576748146 0.000000000 1231.462063688 308.382969739 0.000000000 1231.411050848 308.576748146 0.008000000 1231.462063688 308.382969739 0.008000000 1240.108629426 310.301564250 0.000000000 1240.136875664 310.103270999 0.000000000 1240.108629426 310.301564250 0.008000000 1240.136875664 310.103270999 0.008000000 1248.773865797 311.059267032 0.000000000 1248.781067653 310.859133625 0.000000000 1248.773865797 311.059267032 0.008000000 1248.781067653 310.859133625 0.008000000 1257.635873301 310.923842226 0.000000000 1257.619285477 310.724072361 0.000000000 1257.635873301 310.923842226 0.008000000 1257.619285477 310.724072361 0.008000000 1266.576443814 309.568867407 0.000000000 1266.530621312 309.373528161 0.000000000 1266.576443814 309.568867407 0.008000000 1266.530621312 309.373528161 0.008000000 1275.329019330 306.761150314 0.000000000 1275.251347633 306.576027892 0.000000000 1275.329019330 306.761150314 0.008000000 1275.251347633 306.576027892 0.008000000 1283.517192264 302.455467751 0.000000000 1283.407984542 302.286928285 0.000000000 1283.517192264 302.455467751 0.008000000 1283.407984542 302.286928285 0.008000000 1290.732112898 296.788804454 0.000000000 1290.596165797 296.641266336 0.000000000 1290.732112898 296.788804454 0.008000000 1290.596165797 296.641266336 0.008000000 1296.840166887 290.199438247 0.000000000 1296.684725122 290.072930965 0.000000000 1296.840166887 290.199438247 0.008000000 1296.684725122 290.072930965 0.008000000 1301.901273006 283.091471124 0.000000000 1301.733364275 282.982472817 0.000000000 1301.901273006 283.091471124 0.008000000 1301.733364275 282.982472817 0.008000000 1306.039330929 276.074088010 0.000000000 1305.867977197 275.970931789 0.000000000 1306.039330929 276.074088010 0.008000000 1305.867977197 275.970931789 0.008000000 1309.963778176 269.687303889 0.000000000 1309.798536554 269.574200605 0.000000000 1309.963778176 269.687303889 0.008000000 1309.798536554 269.574200605 0.008000000 1314.084903307 264.260260748 0.000000000 1313.934969066 264.126999422 0.000000000 1314.084903307 264.260260748 0.008000000 1313.934969066 264.126999422 0.008000000 1316.802644634 261.640293329 0.000000000 1316.677163982 261.483458159 0.000000000 1316.802644634 261.640293329 0.008000000 1316.677163982 261.483458159 0.008000000 1319.673355512 259.749234029 0.000000000 1319.581737263 259.570092256 0.000000000 1319.673355512 259.749234029 0.008000000 1319.581737263 259.570092256 0.008000000 1322.829390205 258.550468535 0.000000000 1322.779395103 258.355516925 0.000000000 1322.829390205 258.550468535 0.008000000 1322.779395103 258.355516925 0.008000000 1326.414810351 258.048579804 0.000000000 1326.405319741 257.847958357 0.000000000 1326.414810351 258.048579804 0.008000000 1326.405319741 257.847958357 0.008000000 1330.397772439 258.226078897 0.000000000 1330.419114265 258.026831485 0.000000000 1330.397772439 258.226078897 0.008000000 1330.419114265 258.026831485 0.008000000 1335.065753185 259.021967180 0.000000000 1335.101653749 258.825202025 0.000000000 1335.065753185 259.021967180 0.008000000 1335.101653749 258.825202025 0.008000000 1342.885995428 260.542683223 0.000000000 1342.924503212 260.346425066 0.000000000 1342.885995428 260.542683223 0.008000000 1342.924503212 260.346425066 0.008000000 1350.722645965 262.094041553 0.000000000 1350.761620895 261.897875872 0.000000000 1350.722645965 262.094041553 0.008000000 1350.761620895 261.897875872 0.008000000 1358.561881241 263.657230156 0.000000000 1358.601074712 263.461108054 0.000000000 1358.561881241 263.657230156 0.008000000 1358.601074712 263.461108054 0.008000000 1366.401898307 265.227418668 0.000000000 1366.441229524 265.031324153 0.000000000 1366.401898307 265.227418668 0.008000000 1366.441229524 265.031324153 0.008000000 1374.242150317 266.802265233 0.000000000 1374.281585836 266.606191670 0.000000000 1374.242150317 266.802265233 0.008000000 1374.281585836 266.606191670 0.008000000 1382.082420643 268.381181856 0.000000000 1382.121938063 268.185124786 0.000000000 1382.082420643 268.381181856 0.008000000 1382.121938063 268.185124786 0.008000000 1389.922615539 269.962832413 0.000000000 1389.962188789 269.766786606 0.000000000 1389.922615539 269.962832413 0.008000000 1389.962188789 269.766786606 0.008000000 1397.762728081 271.546364217 0.000000000 1397.802343587 271.350326945 0.000000000 1397.762728081 271.546364217 0.008000000 1397.802343587 271.350326945 0.008000000 1405.602748089 273.131497167 0.000000000 1405.642407573 272.935468787 0.000000000 1405.602748089 273.131497167 0.008000000 1405.642407573 272.935468787 0.008000000 1413.442626610 274.718643120 0.000000000 1413.482324174 274.522622448 0.000000000 1413.442626610 274.718643120 0.008000000 1413.482324174 274.522622448 0.008000000 1421.282422961 276.306901524 0.000000000 1421.322145623 276.110885937 0.000000000 1421.282422961 276.306901524 0.008000000 1421.322145623 276.110885937 0.008000000 1429.122145001 277.896105768 0.000000000 1429.161891656 277.700095045 0.000000000 1429.122145001 277.896105768 0.008000000 1429.161891656 277.700095045 0.008000000 1436.961787246 279.486331103 0.000000000 1437.001558039 279.290325277 0.000000000 1436.961787246 279.486331103 0.008000000 1437.001558039 279.290325277 0.008000000 1444.801375321 281.077518475 0.000000000 1444.841164930 280.881516467 0.000000000 1444.801375321 281.077518475 0.008000000 1444.841164930 280.881516467 0.008000000 1452.640959443 282.669299168 0.000000000 1452.680762533 282.473299897 0.000000000 1452.640959443 282.669299168 0.008000000 1452.680762533 282.473299897 0.008000000 1460.480582654 284.261616538 0.000000000 1460.520396809 284.065619515 0.000000000 1460.480582654 284.261616538 0.008000000 1460.520396809 284.065619515 0.008000000 1468.320347160 285.854355575 0.000000000 1468.360167360 285.658359780 0.000000000 1468.320347160 285.854355575 0.008000000 1468.360167360 285.658359780 0.008000000 1476.160533992 287.447291026 0.000000000 1476.200349050 287.251294186 0.000000000 1476.160533992 287.447291026 0.008000000 1476.200349050 287.251294186 0.008000000 1484.002210620 289.039990109 0.000000000 1484.041977773 288.843983540 0.000000000 1484.002210620 289.039990109 0.008000000 1484.041977773 288.843983540 0.008000000 1491.819287040 290.624251510 0.000000000 1491.862249963 290.428892616 0.000000000 1491.819287040 290.624251510 0.008000000 1491.862249963 290.428892616 0.008000000 1498.813499316 292.283942322 0.000000000 1498.873334125 292.092587041 0.000000000 1498.813499316 292.283942322 0.008000000 1498.873334125 292.092587041 0.008000000 1505.171228157 294.772789275 0.000000000 1505.260298670 294.592878835 0.000000000 1505.171228157 294.772789275 0.008000000 1505.260298670 294.592878835 0.008000000 1510.965162659 298.295510197 0.000000000 1511.082709104 298.132913166 0.000000000 1510.965162659 298.295510197 0.008000000 1511.082709104 298.132913166 0.008000000 1516.343814682 302.877799152 0.000000000 1516.481819005 302.732631006 0.000000000 1516.343814682 302.877799152 0.008000000 1516.481819005 302.732631006 0.008000000 1521.448713023 308.289802483 0.000000000 1521.598283729 308.156896541 0.000000000 1521.448713023 308.289802483 0.008000000 1521.598283729 308.156896541 0.008000000 1526.480280813 314.303201969 0.000000000 1526.634286679 314.175596639 0.000000000 1526.480280813 314.303201969 0.008000000 1526.634286679 314.175596639 0.008000000 1531.545832177 320.477031607 0.000000000 1531.700567455 320.350315274 0.000000000 1531.545832177 320.477031607 0.008000000 1531.700567455 320.350315274 0.008000000 1536.605292758 326.667023819 0.000000000 1536.760196744 326.540513892 0.000000000 1536.605292758 326.667023819 0.008000000 1536.760196744 326.540513892 0.008000000 1541.661167485 332.862667861 0.000000000 1541.816143732 332.736246486 0.000000000 1541.661167485 332.862667861 0.008000000 1541.816143732 332.736246486 0.008000000 1546.715457408 339.060777617 0.000000000 1546.870486409 338.934420935 0.000000000 1546.715457408 339.060777617 0.008000000 1546.870486409 338.934420935 0.008000000 1551.767290602 345.262029705 0.000000000 1551.922359832 345.135722404 0.000000000 1551.767290602 345.262029705 0.008000000 1551.922359832 345.135722404 0.008000000 1556.818370452 351.464264468 0.000000000 1556.973460807 351.337983107 0.000000000 1556.818370452 351.464264468 0.008000000 1556.973460807 351.337983107 0.008000000 1561.868477934 357.667635091 0.000000000 1562.023592182 357.541383080 0.000000000 1561.868477934 357.667635091 0.008000000 1562.023592182 357.541383080 0.008000000 1566.917564158 363.872216081 0.000000000 1567.072690685 363.745979158 0.000000000 1566.917564158 363.872216081 0.008000000 1567.072690685 363.745979158 0.008000000 1571.966650078 370.076796613 0.000000000 1572.121789574 369.950575628 0.000000000 1571.966650078 370.076796613 0.008000000 1572.121789574 369.950575628 0.008000000 1577.014643557 376.282639009 0.000000000 1577.169797145 376.156435349 0.000000000 1577.014643557 376.282639009 0.008000000 1577.169797145 376.156435349 0.008000000 1582.062548215 382.488598490 0.000000000 1582.217703843 382.362397337 0.000000000 1582.062548215 382.488598490 0.008000000 1582.217703843 382.362397337 0.008000000 1587.110376681 388.694647723 0.000000000 1587.265539714 388.568455674 0.000000000 1587.110376681 388.694647723 0.008000000 1587.265539714 388.568455674 0.008000000 1592.157682815 394.901359251 0.000000000 1592.312852340 394.775175185 0.000000000 1592.157682815 394.901359251 0.008000000 1592.312852340 394.775175185 0.008000000 1597.204992023 401.108074556 0.000000000 1597.360161894 400.981890916 0.000000000 1597.204992023 401.108074556 0.008000000 1597.360161894 400.981890916 0.008000000 1602.252282000 407.314835774 0.000000000 1602.407454131 407.188654913 0.000000000 1602.252282000 407.314835774 0.008000000 1602.407454131 407.188654913 0.008000000 1607.299471126 413.521857531 0.000000000 1607.454645170 413.395679023 0.000000000 1607.299471126 413.521857531 0.008000000 1607.454645170 413.395679023 0.008000000 1612.346661282 419.728880555 0.000000000 1612.501835179 419.602701865 0.000000000 1612.346661282 419.728880555 0.008000000 1612.501835179 419.602701865 0.008000000 1617.393873391 425.935900925 0.000000000 1617.549045095 425.809719538 0.000000000 1617.393873391 425.935900925 0.008000000 1617.549045095 425.809719538 0.008000000 1622.441375597 432.142866975 0.000000000 1622.596545256 432.016683073 0.000000000 1622.441375597 432.142866975 0.008000000 1622.596545256 432.016683073 0.008000000 1627.488876786 438.349831763 0.000000000 1627.644046445 438.223647861 0.000000000 1627.488876786 438.349831763 0.008000000 1627.644046445 438.223647861 0.008000000 1632.536380990 444.556800246 0.000000000 1632.691544631 444.430608944 0.000000000 1632.536380990 444.556800246 0.008000000 1632.691544631 444.430608944 0.008000000 1637.584573634 450.763406011 0.000000000 1637.739730756 450.637206695 0.000000000 1637.584573634 450.763406011 0.008000000 1637.739730756 450.637206695 0.008000000 1642.632820601 456.969977829 0.000000000 1642.787977222 456.843777897 0.000000000 1642.632820601 456.969977829 0.008000000 1642.787977222 456.843777897 0.008000000 1647.681071695 463.176554686 0.000000000 1647.836219595 463.050344031 0.000000000 1647.681071695 463.176554686 0.008000000 1647.836219595 463.050344031 0.008000000 1652.730284255 469.382561260 0.000000000 1652.885420947 469.256336830 0.000000000 1652.730284255 469.382561260 0.008000000 1652.885420947 469.256336830 0.008000000 1657.779766100 475.588399512 0.000000000 1657.934900305 475.462172026 0.000000000 1657.779766100 475.588399512 0.008000000 1657.934900305 475.462172026 0.008000000 1662.829252545 481.794243335 0.000000000 1662.984375144 481.668001585 0.000000000 1662.829252545 481.794243335 0.008000000 1662.984375144 481.668001585 0.008000000 1667.880011891 487.999320436 0.000000000 1668.035117670 487.873058022 0.000000000 1667.880011891 487.999320436 0.008000000 1668.035117670 487.873058022 0.008000000 1672.931335722 494.204044742 0.000000000 1673.086436289 494.077775925 0.000000000 1672.931335722 494.204044742 0.008000000 1673.086436289 494.077775925 0.008000000 1677.982665690 500.408776402 0.000000000 1678.137748951 500.282486327 0.000000000 1677.982665690 500.408776402 0.008000000 1678.137748951 500.282486327 0.008000000 1683.035911194 506.612387178 0.000000000 1683.190970292 506.486067439 0.000000000 1683.035911194 506.612387178 0.008000000 1683.190970292 506.486067439 0.008000000 1688.089904856 512.815541983 0.000000000 1688.244957099 512.689213832 0.000000000 1688.089904856 512.815541983 0.008000000 1688.244957099 512.689213832 0.008000000 1693.143911118 519.018711831 0.000000000 1693.298931720 518.892344843 0.000000000 1693.143911118 519.018711831 0.008000000 1693.298931720 518.892344843 0.008000000 1698.201498935 525.219931657 0.000000000 1698.356484919 525.093522224 0.000000000 1698.201498935 525.219931657 0.008000000 1698.356484919 525.093522224 0.008000000 1703.259414143 531.420960223 0.000000000 1703.414379774 531.294525837 0.000000000 1703.259414143 531.420960223 0.008000000 1703.414379774 531.294525837 0.008000000 1708.319402435 537.621046116 0.000000000 1708.474317234 537.494549445 0.000000000 1708.319402435 537.621046116 0.008000000 1708.474317234 537.494549445 0.008000000 1713.383339018 543.819276520 0.000000000 1713.538215870 543.692733401 0.000000000 1713.383339018 543.819276520 0.008000000 1713.538215870 543.692733401 0.008000000 1718.447874218 550.017340999 0.000000000 1718.602672261 549.890701433 0.000000000 1718.447874218 550.017340999 0.008000000 1718.602672261 549.890701433 0.008000000 1723.521986558 556.212262595 0.000000000 1723.676694519 556.085513048 0.000000000 1723.521986558 556.212262595 0.008000000 1723.676694519 556.085513048 0.008000000 1728.598532144 562.407030746 0.000000000 1728.753105345 562.280116756 0.000000000 1728.598532144 562.407030746 0.008000000 1728.753105345 562.280116756 0.008000000 1733.693517452 568.600527040 0.000000000 1733.847811052 568.473273165 0.000000000 1733.693517452 568.600527040 0.008000000 1733.847811052 568.473273165 0.008000000 1738.828620385 574.810797972 0.000000000 1738.982217973 574.682702358 0.000000000 1738.828620385 574.810797972 0.008000000 1738.982217973 574.682702358 0.008000000 1743.939822678 580.887495636 0.000000000 1744.097607157 580.764377808 0.000000000 1743.939822678 580.887495636 0.008000000 1744.097607157 580.764377808 0.008000000 1747.461213657 585.758994444 0.000000000 1747.637024960 585.660814957 0.000000000 1747.461213657 585.758994444 0.008000000 1747.637024960 585.660814957 0.008000000 1748.869222581 589.158281154 0.000000000 1749.061104089 589.098899174 0.000000000 1748.869222581 589.158281154 0.008000000 1749.061104089 589.098899174 0.008000000 1749.625711967 592.750568964 0.000000000 1749.825334287 592.727945230 0.000000000 1749.625711967 592.750568964 0.008000000 1749.825334287 592.727945230 0.008000000 1749.690914042 596.342984497 0.000000000 1749.891249818 596.359669775 0.000000000 1749.690914042 596.342984497 0.008000000 1749.891249818 596.359669775 0.008000000 1749.070753999 599.669055840 0.000000000 1749.263151362 599.728316786 0.000000000 1749.070753999 599.669055840 0.008000000 1749.263151362 599.728316786 0.008000000 1747.878669576 602.387626429 0.000000000 1748.051042157 602.492554262 0.000000000 1747.878669576 602.387626429 0.008000000 1748.051042157 602.492554262 0.008000000 1746.380347345 604.239042630 0.000000000 1746.513951720 604.391874767 0.000000000 1746.380347345 604.239042630 0.008000000 1746.513951720 604.391874767 0.008000000 1744.626565253 605.305442116 0.000000000 1744.691117964 605.500261601 0.000000000 1744.626565253 605.305442116 0.008000000 1744.691117964 605.500261601 0.008000000 1742.153054907 605.537640067 0.000000000 1742.135376015 605.740178950 0.000000000 1742.153054907 605.537640067 0.008000000 1742.135376015 605.740178950 0.008000000 1737.789716888 604.340702680 0.000000000 1737.733475757 604.532663289 0.000000000 1737.789716888 604.340702680 0.008000000 1737.733475757 604.532663289 0.008000000 1730.131938640 601.952713624 0.000000000 1730.072624361 602.143715907 0.000000000 1730.131938640 601.952713624 0.008000000 1730.072624361 602.143715907 0.008000000 1722.482552779 599.587163277 0.000000000 1722.423545014 599.778260348 0.000000000 1722.482552779 599.587163277 0.008000000 1722.423545014 599.778260348 0.008000000 1714.833258212 597.228721197 0.000000000 1714.774371431 597.419855571 0.000000000 1714.833258212 597.228721197 0.008000000 1714.774371431 597.419855571 0.008000000 1707.183755293 594.873741191 0.000000000 1707.124988657 595.064912552 0.000000000 1707.183755293 594.873741191 0.008000000 1707.124988657 595.064912552 0.008000000 1699.533092913 592.525405257 0.000000000 1699.474416423 592.716604289 0.000000000 1699.533092913 592.525405257 0.008000000 1699.474416423 592.716604289 0.008000000 1691.882234645 590.177904025 0.000000000 1691.823633367 590.369126133 0.000000000 1691.882234645 590.177904025 0.008000000 1691.823633367 590.369126133 0.008000000 1684.230088550 587.835698390 0.000000000 1684.171552289 588.026940400 0.000000000 1684.230088550 587.835698390 0.008000000 1684.171552289 588.026940400 0.008000000 1676.577937692 585.493492265 0.000000000 1676.519475434 585.684756925 0.000000000 1676.577937692 585.493492265 0.008000000 1676.519475434 585.684756925 0.008000000 1668.924095860 583.157244382 0.000000000 1668.865708067 583.348531773 0.000000000 1668.924095860 583.157244382 0.008000000 1668.865708067 583.348531773 0.008000000 1661.270255517 580.821036965 0.000000000 1661.211918283 581.012339787 0.000000000 1661.270255517 580.821036965 0.008000000 1661.211918283 581.012339787 0.008000000 1653.615164130 578.488830550 0.000000000 1653.556904538 578.680157026 0.000000000 1653.615164130 578.488830550 0.008000000 1653.556904538 578.680157026 0.008000000 1645.959412290 576.158830726 0.000000000 1645.901191338 576.350168962 0.000000000 1645.959412290 576.158830726 0.008000000 1645.901191338 576.350168962 0.008000000 1638.303349218 573.829707229 0.000000000 1638.245212215 574.021071005 0.000000000 1638.303349218 573.829707229 0.008000000 1638.245212215 574.021071005 0.008000000 1630.645398824 571.506378420 0.000000000 1630.587334692 571.697764304 0.000000000 1630.645398824 571.506378420 0.008000000 1630.587334692 571.697764304 0.008000000 1622.987461414 569.183054551 0.000000000 1622.929443630 569.374454496 0.000000000 1622.987461414 569.183054551 0.008000000 1622.929443630 569.374454496 0.008000000 1615.328249552 566.863393556 0.000000000 1615.270325109 567.054821770 0.000000000 1615.328249552 566.863393556 0.008000000 1615.270325109 567.054821770 0.008000000 1607.667792203 564.547461490 0.000000000 1607.609914779 564.738903919 0.000000000 1607.667792203 564.547461490 0.008000000 1607.609914779 564.738903919 0.008000000 1600.007316587 562.231525122 0.000000000 1599.949522041 562.422992607 0.000000000 1600.007316587 562.231525122 0.008000000 1599.949522041 562.422992607 0.008000000 1592.344516792 559.922124142 0.000000000 1592.286828460 560.113623638 0.000000000 1592.344516792 559.922124142 0.008000000 1592.286828460 560.113623638 0.008000000 1584.681106013 557.614575526 0.000000000 1584.623444272 557.806083028 0.000000000 1584.681106013 557.614575526 0.008000000 1584.623444272 557.806083028 0.008000000 1577.017552850 555.307268770 0.000000000 1576.960014513 555.498813427 0.000000000 1577.017552850 555.307268770 0.008000000 1576.960014513 555.498813427 0.008000000 1569.350536568 553.009407193 0.000000000 1569.293118445 553.200987879 0.000000000 1569.350536568 553.009407193 0.008000000 1569.293118445 553.200987879 0.008000000 1561.683559528 550.711559637 0.000000000 1561.626181895 550.903152458 0.000000000 1561.683559528 550.711559637 0.008000000 1561.626181895 550.903152458 0.008000000 1554.015319556 548.416863362 0.000000000 1553.958088441 548.608500028 0.000000000 1554.015319556 548.416863362 0.008000000 1553.958088441 548.608500028 0.008000000 1546.343928725 546.130473319 0.000000000 1546.286803732 546.322141613 0.000000000 1546.343928725 546.130473319 0.008000000 1546.286803732 546.322141613 0.008000000 1538.672539098 543.844087079 0.000000000 1538.615515940 544.035785724 0.000000000 1538.672539098 543.844087079 0.008000000 1538.615515940 544.035785724 0.008000000 1530.997930961 541.565614973 0.000000000 1530.941085800 541.757366464 0.000000000 1530.997930961 541.565614973 0.008000000 1530.941085800 541.757366464 0.008000000 1523.320994531 539.293087347 0.000000000 1523.264225622 539.484861409 0.000000000 1523.320994531 539.293087347 0.008000000 1523.264225622 539.484861409 0.008000000 1515.643988596 537.020544856 0.000000000 1515.587431857 537.212381725 0.000000000 1515.643988596 537.020544856 0.008000000 1515.587431857 537.212381725 0.008000000 1507.959964703 534.764399554 0.000000000 1507.903629977 534.956301610 0.000000000 1507.959964703 534.764399554 0.008000000 1507.903629977 534.956301610 0.008000000 1500.275657872 532.509021064 0.000000000 1500.219467439 532.700965470 0.000000000 1500.275657872 532.509021064 0.008000000 1500.219467439 532.700965470 0.008000000 1492.586478176 530.263916104 0.000000000 1492.530573285 530.455943883 0.000000000 1492.586478176 530.263916104 0.008000000 1492.530573285 530.455943883 0.008000000 1484.891946765 528.030375375 0.000000000 1484.836253759 528.222464659 0.000000000 1484.891946765 528.030375375 0.008000000 1484.836253759 528.222464659 0.008000000 1477.194908702 525.801393939 0.000000000 1477.139597838 525.993593888 0.000000000 1477.194908702 525.801393939 0.008000000 1477.139597838 525.993593888 0.008000000 1469.485076134 523.596630964 0.000000000 1469.430120324 523.788932446 0.000000000 1469.485076134 523.596630964 0.008000000 1469.430120324 523.788932446 0.008000000 1461.773591332 521.394298715 0.000000000 1461.719174965 521.586754258 0.000000000 1461.773591332 521.394298715 0.008000000 1461.719174965 521.586754258 0.008000000 1454.038215759 519.229101574 0.000000000 1453.984488181 519.421749914 0.000000000 1454.038215759 519.229101574 0.008000000 1453.984488181 519.421749914 0.008000000 1446.291675045 517.076563752 0.000000000 1446.238771013 517.269440932 0.000000000 1446.291675045 517.076563752 0.008000000 1446.238771013 517.269440932 0.008000000 1438.505472860 514.968736887 0.000000000 1438.454156678 515.162043919 0.000000000 1438.505472860 514.968736887 0.008000000 1438.454156678 515.162043919 0.008000000 1430.707331325 512.939427936 0.000000000 1430.657831190 513.133207558 0.000000000 1430.707331325 512.939427936 0.008000000 1430.657831190 513.133207558 0.008000000 1422.910473265 510.984972694 0.000000000 1422.862488879 511.179132271 0.000000000 1422.910473265 510.984972694 0.008000000 1422.862488879 511.179132271 0.008000000 1415.121014634 509.087371285 0.000000000 1415.073885606 509.281739237 0.000000000 1415.121014634 509.087371285 0.008000000 1415.073885606 509.281739237 0.008000000 1407.330173090 507.207163687 0.000000000 1407.283434462 507.401625857 0.000000000 1407.330173090 507.207163687 0.008000000 1407.283434462 507.401625857 0.008000000 1399.537128976 505.341811514 0.000000000 1399.490748920 505.536359512 0.000000000 1399.537128976 505.341811514 0.008000000 1399.490748920 505.536359512 0.008000000 1391.741491807 503.490836248 0.000000000 1391.695458554 503.685466590 0.000000000 1391.741491807 503.490836248 0.008000000 1391.695458554 503.685466590 0.008000000 1383.943109477 501.653570872 0.000000000 1383.897400961 501.848277721 0.000000000 1383.943109477 501.653570872 0.008000000 1383.897400961 501.848277721 0.008000000 1376.142067368 499.828784371 0.000000000 1376.096666396 500.023563159 0.000000000 1376.142067368 499.828784371 0.008000000 1376.096666396 500.023563159 0.008000000 1368.338297629 498.016246491 0.000000000 1368.293215648 498.211099370 0.000000000 1368.338297629 498.016246491 0.008000000 1368.293215648 498.211099370 0.008000000 1360.531473302 496.217051707 0.000000000 1360.486713342 496.411978799 0.000000000 1360.531473302 496.217051707 0.008000000 1360.486713342 496.411978799 0.008000000 1352.721744536 494.430309444 0.000000000 1352.677294063 494.625307343 0.000000000 1352.721744536 494.430309444 0.008000000 1352.677294063 494.625307343 0.008000000 1344.909098901 492.655875311 0.000000000 1344.864954883 492.850942812 0.000000000 1344.909098901 492.655875311 0.008000000 1344.864954883 492.850942812 0.008000000 1337.093535135 490.893626327 0.000000000 1337.049694901 491.088762326 0.000000000 1337.093535135 490.893626327 0.008000000 1337.049694901 491.088762326 0.008000000 1329.275056773 489.143453014 0.000000000 1329.231517884 489.338656469 0.000000000 1329.275056773 489.143453014 0.008000000 1329.231517884 489.338656469 0.008000000 1321.453648955 487.405249418 0.000000000 1321.410453190 487.600529128 0.000000000 1321.453648955 487.405249418 0.008000000 1321.410453190 487.600529128 0.008000000 1313.628465326 485.682435875 0.000000000 1313.585639928 485.877797126 0.000000000 1313.628465326 485.682435875 0.008000000 1313.585639928 485.877797126 0.008000000 1305.799826692 483.973754713 0.000000000 1305.757339056 484.169189684 0.000000000 1305.799826692 483.973754713 0.008000000 1305.757339056 484.169189684 0.008000000 1297.968047607 482.277855461 0.000000000 1297.925881009 482.473359949 0.000000000 1297.968047607 482.277855461 0.008000000 1297.925881009 482.473359949 0.008000000 1290.133089758 480.594738006 0.000000000 1290.091289277 480.790321145 0.000000000 1290.133089758 480.594738006 0.008000000 1290.091289277 480.790321145 0.008000000 1282.294055762 478.927974251 0.000000000 1282.252679552 479.123647599 0.000000000 1282.294055762 478.927974251 0.008000000 1282.252679552 479.123647599 0.008000000 1274.450721274 477.278615289 0.000000000 1274.409742086 477.474372126 0.000000000 1274.450721274 477.278615289 0.008000000 1274.409742086 477.474372126 0.008000000 1266.599913212 475.642610634 0.000000000 1266.559310845 475.838445995 0.000000000 1266.599913212 475.642610634 0.008000000 1266.559310845 475.838445995 0.008000000 1258.741720380 474.021686718 0.000000000 1258.701727725 474.217647846 0.000000000 1258.741720380 474.021686718 0.008000000 1258.701727725 474.217647846 0.008000000 1250.883813562 472.435180795 0.000000000 1250.844475857 472.631274158 0.000000000 1250.883813562 472.435180795 0.008000000 1250.844475857 472.631274158 0.008000000 1243.023400714 470.868479687 0.000000000 1242.984502540 471.064660654 0.000000000 1243.023400714 470.868479687 0.008000000 1242.984502540 471.064660654 0.008000000 1235.160963562 469.317700114 0.000000000 1235.122444642 469.513955885 0.000000000 1235.160963562 469.317700114 0.008000000 1235.122444642 469.513955885 0.008000000 1227.296660767 467.781807468 0.000000000 1227.258496622 467.978132526 0.000000000 1227.296660767 467.781807468 0.008000000 1227.258496622 467.978132526 0.008000000 1219.430650929 466.259842333 0.000000000 1219.392835829 466.456234927 0.000000000 1219.430650929 466.259842333 0.008000000 1219.392835829 466.456234927 0.008000000 1211.562941192 464.752302332 0.000000000 1211.525471221 464.948761056 0.000000000 1211.562941192 464.752302332 0.008000000 1211.525471221 464.948761056 0.008000000 1203.693750097 463.258390485 0.000000000 1203.656575874 463.454905355 0.000000000 1203.693750097 463.258390485 0.008000000 1203.656575874 463.454905355 0.008000000 1195.823519338 461.774914922 0.000000000 1195.786591438 461.971476223 0.000000000 1195.823519338 461.774914922 0.008000000 1195.786591438 461.971476223 0.008000000 1187.952401684 460.301068579 0.000000000 1187.915699830 460.497672206 0.000000000 1187.952401684 460.301068579 0.008000000 1187.915699830 460.497672206 0.008000000 1180.080576301 458.836030748 0.000000000 1180.044079513 459.032672540 0.000000000 1180.080576301 458.836030748 0.008000000 1180.044079513 459.032672540 0.008000000 1172.208235137 457.378945106 0.000000000 1172.171929653 457.575622306 0.000000000 1172.208235137 457.378945106 0.008000000 1172.171929653 457.575622306 0.008000000 1164.335610108 455.929599690 0.000000000 1164.299470046 456.126307344 0.000000000 1164.335610108 455.929599690 0.008000000 1164.299470046 456.126307344 0.008000000 1156.463064817 454.486167387 0.000000000 1156.427047524 454.682897551 0.000000000 1156.463064817 454.486167387 0.008000000 1156.427047524 454.682897551 0.008000000 1148.590904955 453.047063947 0.000000000 1148.554975737 453.243810212 0.000000000 1148.590904955 453.047063947 0.008000000 1148.554975737 453.243810212 0.008000000 1140.719474853 451.611119518 0.000000000 1140.683601619 451.807875995 0.000000000 1140.719474853 451.611119518 0.008000000 1140.683601619 451.807875995 0.008000000 1132.849199615 450.176988621 0.000000000 1132.813344956 450.373748484 0.000000000 1132.849199615 450.176988621 0.008000000 1132.813344956 450.373748484 0.008000000 1124.980609956 448.743097441 0.000000000 1124.944729536 448.939852609 0.000000000 1124.980609956 448.743097441 0.008000000 1124.944729536 448.939852609 0.008000000 1117.114382954 447.307575895 0.000000000 1117.078423361 447.504316614 0.000000000 1117.114382954 447.307575895 0.008000000 1117.078423361 447.504316614 0.008000000 1109.251402405 445.868167606 0.000000000 1109.215298240 446.064881860 0.000000000 1109.251402405 445.868167606 0.008000000 1109.215298240 446.064881860 0.008000000 1101.392850563 444.422108741 0.000000000 1101.356520403 444.618781409 0.000000000 1101.392850563 444.422108741 0.008000000 1101.356520403 444.618781409 0.008000000 1093.540351731 442.965962531 0.000000000 1093.503692146 443.162574112 0.000000000 1093.540351731 442.965962531 0.008000000 1093.503692146 443.162574112 0.008000000 1085.680160064 441.492358432 0.000000000 1085.643283155 441.688929269 0.000000000 1085.680160064 441.492358432 0.008000000 1085.643283155 441.688929269 0.008000000 1077.788584295 440.010909398 0.000000000 1077.751712548 440.207481205 0.000000000 1077.788584295 440.010909398 0.008000000 1077.751712548 440.207481205 0.008000000 1069.887108441 438.529995092 0.000000000 1069.851158811 438.726739724 0.000000000 1069.887108441 438.529995092 0.008000000 1069.851158811 438.726739724 0.008000000 1061.979954430 437.122285345 0.000000000 1061.944999923 437.319207138 0.000000000 1061.979954430 437.122285345 0.008000000 1061.944999923 437.319207138 0.008000000 1054.072192482 435.722775695 0.000000000 1054.038113042 435.919852357 0.000000000 1054.072192482 435.722775695 0.008000000 1054.038113042 435.919852357 0.008000000 1046.158990072 434.386426840 0.000000000 1046.125721239 434.583640395 0.000000000 1046.158990072 434.386426840 0.008000000 1046.125721239 434.583640395 0.008000000 1038.245572663 433.052912612 0.000000000 1038.213000869 433.250243627 0.000000000 1038.245572663 433.052912612 0.008000000 1038.213000869 433.250243627 0.008000000 1030.327110995 431.773177026 0.000000000 1030.295202956 431.970615313 0.000000000 1030.327110995 431.773177026 0.008000000 1030.295202956 431.970615313 0.008000000 1022.408675099 430.493508640 0.000000000 1022.377359800 430.691042717 0.000000000 1022.408675099 430.493508640 0.008000000 1022.377359800 430.691042717 0.008000000 1014.485428158 429.261768885 0.000000000 1014.454725390 429.459398186 0.000000000 1014.485428158 429.261768885 0.008000000 1014.454725390 429.459398186 0.008000000 1006.562090263 428.031656978 0.000000000 1006.531853468 428.229358622 0.000000000 1006.562090263 428.031656978 0.008000000 1006.531853468 428.229358622 0.008000000 998.634915573 426.837563234 0.000000000 998.605226713 427.035347415 0.000000000 998.634915573 426.837563234 0.008000000 998.605226713 427.035347415 0.008000000 990.706948151 425.651683316 0.000000000 990.677661842 425.849527711 0.000000000 990.706948151 425.651683316 0.008000000 990.677661842 425.849527711 0.008000000 982.776262281 424.490053245 0.000000000 982.747474892 424.687970718 0.000000000 982.776262281 424.490053245 0.008000000 982.747474892 424.687970718 0.008000000 974.843890975 423.344377554 0.000000000 974.815462639 423.542346886 0.000000000 974.843890975 423.344377554 0.008000000 974.815462639 423.542346886 0.008000000 966.909981974 422.211659912 0.000000000 966.882015892 422.409695240 0.000000000 966.909981974 422.211659912 0.008000000 966.882015892 422.409695240 0.008000000 958.973363340 421.103177961 0.000000000 958.945726771 421.301259310 0.000000000 958.973363340 421.103177961 0.008000000 958.945726771 421.301259310 0.008000000 951.036420486 419.996959888 0.000000000 951.009219698 420.195101974 0.000000000 951.036420486 419.996959888 0.008000000 951.009219698 420.195101974 0.008000000 943.095589555 418.923488540 0.000000000 943.068796804 419.121685786 0.000000000 943.095589555 418.923488540 0.008000000 943.068796804 419.121685786 0.008000000 935.154799337 417.850046516 0.000000000 935.128326963 418.048287071 0.000000000 935.154799337 417.850046516 0.008000000 935.128326963 418.048287071 0.008000000 927.210774015 416.802283664 0.000000000 927.184719984 417.000579395 0.000000000 927.210774015 416.802283664 0.008000000 927.184719984 417.000579395 0.008000000 919.265836927 415.762399290 0.000000000 919.240072199 415.960732888 0.000000000 919.265836927 415.762399290 0.008000000 919.240072199 415.960732888 0.008000000 911.318856944 414.737828027 0.000000000 911.293500935 414.936214319 0.000000000 911.318856944 414.737828027 0.008000000 911.293500935 414.936214319 0.008000000 903.369679124 413.730690696 0.000000000 903.344616075 413.929114106 0.000000000 903.369679124 413.730690696 0.008000000 903.344616075 413.929114106 0.008000000 895.419626044 412.729581115 0.000000000 895.394969883 412.928055762 0.000000000 895.419626044 412.729581115 0.008000000 895.394969883 412.928055762 0.008000000 887.466012344 411.755006200 0.000000000 887.441688098 411.953521517 0.000000000 887.466012344 411.755006200 0.008000000 887.441688098 411.953521517 0.008000000 879.512369262 410.780451757 0.000000000 879.488429985 410.979014244 0.000000000 879.512369262 410.780451757 0.008000000 879.488429985 410.979014244 0.008000000 871.554317817 409.836646958 0.000000000 871.530791886 410.035258467 0.000000000 871.554317817 409.836646958 0.008000000 871.530791886 410.035258467 0.008000000 863.595979331 408.895123514 0.000000000 863.572791430 409.093775014 0.000000000 863.595979331 408.895123514 0.008000000 863.572791430 409.093775014 0.008000000 855.633848252 407.978307160 0.000000000 855.611088813 408.177007996 0.000000000 855.633848252 407.978307160 0.008000000 855.611088813 408.177007996 0.008000000 847.670304586 407.070977290 0.000000000 847.647924248 407.269721320 0.000000000 847.670304586 407.070977290 0.008000000 847.647924248 407.269721320 0.008000000 839.703353265 406.184393735 0.000000000 839.681426935 406.383188288 0.000000000 839.703353265 406.184393735 0.008000000 839.681426935 406.383188288 0.008000000 831.733902856 405.313249810 0.000000000 831.712415425 405.512092338 0.000000000 831.733902856 405.313249810 0.008000000 831.712415425 405.512092338 0.008000000 823.760989501 404.461622908 0.000000000 823.739994615 404.660518048 0.000000000 823.760989501 404.461622908 0.008000000 823.739994615 404.660518048 0.008000000 815.784594069 403.629681360 0.000000000 815.764126459 403.828631495 0.000000000 815.784594069 403.629681360 0.008000000 815.764126459 403.828631495 0.008000000 807.803877273 402.819988496 0.000000000 807.783957841 403.018994247 0.000000000 807.803877273 402.819988496 0.008000000 807.783957841 403.018994247 0.008000000 799.818975490 402.031609442 0.000000000 799.799717244 402.230680475 0.000000000 799.818975490 402.031609442 0.008000000 799.799717244 402.230680475 0.008000000 791.827305442 401.274413170 0.000000000 791.808674752 401.473543662 0.000000000 791.827305442 401.274413170 0.008000000 791.808674752 401.473543662 0.008000000 783.831472504 400.535818171 0.000000000 783.813712824 400.735029120 0.000000000 783.831472504 400.535818171 0.008000000 783.813712824 400.735029120 0.008000000 775.822946850 399.847648887 0.000000000 775.806132641 400.046941081 0.000000000 775.822946850 399.847648887 0.008000000 775.806132641 400.046941081 0.008000000 767.825463714 399.185376629 0.000000000 767.809656378 399.384752202 0.000000000 767.825463714 399.185376629 0.008000000 767.809656378 399.384752202 0.008000000 759.873132304 398.582905570 0.000000000 759.857071516 398.782261941 0.000000000 759.873132304 398.582905570 0.008000000 759.857071516 398.782261941 0.008000000 752.039548125 397.914154106 0.000000000 752.021003666 398.113298447 0.000000000 752.039548125 397.914154106 0.008000000 752.021003666 398.113298447 0.008000000 744.116849138 397.114890815 0.000000000 744.096352072 397.313838171 0.000000000 744.116849138 397.114890815 0.008000000 744.096352072 397.313838171 0.008000000 736.175973946 396.279721891 0.000000000 736.154864087 396.478604798 0.000000000 736.175973946 396.279721891 0.008000000 736.154864087 396.478604798 0.008000000 728.231016170 395.428728873 0.000000000 728.209591693 395.627578081 0.000000000 728.231016170 395.428728873 0.008000000 728.209591693 395.627578081 0.008000000 720.284418662 394.567526969 0.000000000 720.262761297 394.766350937 0.000000000 720.284418662 394.567526969 0.008000000 720.262761297 394.766350937 0.008000000 712.337017383 393.697436909 0.000000000 712.315182109 393.896241400 0.000000000 712.337017383 393.697436909 0.008000000 712.315182109 393.896241400 0.008000000 704.389393953 392.821730021 0.000000000 704.367435291 393.020520916 0.000000000 704.389393953 392.821730021 0.008000000 704.367435291 393.020520916 0.008000000 696.441727973 391.941625522 0.000000000 696.419668233 392.140405224 0.000000000 696.441727973 391.941625522 0.008000000 696.419668233 392.140405224 0.008000000 688.494119130 391.057738850 0.000000000 688.471954736 391.256506913 0.000000000 688.494119130 391.057738850 0.008000000 688.471954736 391.256506913 0.008000000 680.546733377 390.169193167 0.000000000 680.524467458 390.367949879 0.000000000 680.546733377 390.169193167 0.008000000 680.524467458 390.367949879 0.008000000 672.599646755 389.277144649 0.000000000 672.577300634 389.475892359 0.000000000 672.599646755 389.277144649 0.008000000 672.577300634 389.475892359 0.008000000 664.652890253 388.382175152 0.000000000 664.630470091 388.580914523 0.000000000 664.652890253 388.382175152 0.008000000 664.630470091 388.580914523 0.008000000 656.706548913 387.484214461 0.000000000 656.684034551 387.682943188 0.000000000 656.706548913 387.484214461 0.008000000 656.684034551 387.682943188 0.008000000 648.761063480 386.581759451 0.000000000 648.738447411 386.780476626 0.000000000 648.761063480 386.581759451 0.008000000 648.738447411 386.780476626 0.008000000 640.816513062 385.675764281 0.000000000 640.793798863 385.874470265 0.000000000 640.816513062 385.675764281 0.008000000 640.793798863 385.874470265 0.008000000 632.873381386 384.765629390 0.000000000 632.850544862 384.964321358 0.000000000 632.873381386 384.765629390 0.008000000 632.850544862 384.964321358 0.008000000 624.932749105 383.850175551 0.000000000 624.909742520 384.048847912 0.000000000 624.932749105 383.850175551 0.008000000 624.909742520 384.048847912 0.008000000 616.997608998 382.927191295 0.000000000 616.974328437 383.125831789 0.000000000 616.997608998 382.927191295 0.008000000 616.974328437 383.125831789 0.008000000 609.080147487 381.992273201 0.000000000 609.055667793 382.190772097 0.000000000 609.080147487 381.992273201 0.008000000 609.055667793 382.190772097 0.008000000 601.737612726 381.048230393 0.000000000 601.698396549 381.244834594 0.000000000 601.737612726 381.048230393 0.008000000 601.698396549 381.244834594 0.008000000 598.410947513 380.142226991 0.000000000 598.338928267 380.329897412 0.000000000 598.410947513 380.142226991 0.008000000 598.338928267 380.329897412 0.008000000 596.528360911 379.193151334 0.000000000 596.454009345 379.379645954 0.000000000 596.528360911 379.193151334 0.008000000 596.454009345 379.379645954 0.008000000 596.113603646 379.068575483 0.000000000 595.903642783 379.214338704 0.000000000 596.113603646 379.068575483 0.008000000 595.903642783 379.214338704 0.008000000 596.224264156 377.376630865 0.000000000 596.027304393 377.323613681 0.000000000 596.224264156 377.376630865 0.008000000 596.027304393 377.323613681 0.008000000 597.851972121 374.096088874 0.000000000 597.678343003 373.996050258 0.000000000 597.851972121 374.096088874 0.008000000 597.678343003 373.996050258 0.008000000 600.444079837 370.181123024 0.000000000 600.279360246 370.067627986 0.000000000 600.444079837 370.181123024 0.008000000 600.279360246 370.067627986 0.008000000 605.014053627 363.804103219 0.000000000 604.852468931 363.686233694 0.000000000 605.014053627 363.804103219 0.008000000 604.852468931 363.686233694 0.008000000 609.742986838 357.434710349 0.000000000 609.582898652 357.314825179 0.000000000 609.742986838 357.434710349 0.008000000 609.582898652 357.314825179 0.008000000 614.543898603 351.078685990 0.000000000 614.384563565 350.957803711 0.000000000 614.543898603 351.078685990 0.008000000 614.384563565 350.957803711 0.008000000 619.381509846 344.730221459 0.000000000 619.222569490 344.608821233 0.000000000 619.381509846 344.730221459 0.008000000 619.222569490 344.608821233 0.008000000 624.240067573 338.384227738 0.000000000 624.081321964 338.262573144 0.000000000 624.240067573 338.384227738 0.008000000 624.081321964 338.262573144 0.008000000 629.110492733 332.034996845 0.000000000 628.951779012 331.913300680 0.000000000 629.110492733 332.034996845 0.008000000 628.951779012 331.913300680 0.008000000 633.983333326 325.677251356 0.000000000 633.824505097 325.555704593 0.000000000 633.983333326 325.677251356 0.008000000 633.824505097 325.555704593 0.008000000 638.852492963 319.304867442 0.000000000 638.693362522 319.183716192 0.000000000 638.852492963 319.304867442 0.008000000 638.693362522 319.183716192 0.008000000 643.708577362 312.903237402 0.000000000 643.548933653 312.782762777 0.000000000 643.708577362 312.903237402 0.008000000 643.548933653 312.782762777 0.008000000 648.545208673 306.460739338 0.000000000 648.384693198 306.341425925 0.000000000 648.545208673 306.460739338 0.008000000 648.384693198 306.341425925 0.008000000 653.348009875 299.934680695 0.000000000 653.186078655 299.817291000 0.000000000 653.348009875 299.934680695 0.008000000 653.186078655 299.817291000 0.008000000 658.015759613 293.397609111 0.000000000 657.852791881 293.281671026 0.000000000 658.015759613 293.397609111 0.008000000 657.852791881 293.281671026 0.008000000 662.662311972 286.842074731 0.000000000 662.498877160 286.726795620 0.000000000 662.662311972 286.842074731 0.008000000 662.498877160 286.726795620 0.008000000 667.275605578 280.269656474 0.000000000 667.111664433 280.155098721 0.000000000 667.275605578 280.269656474 0.008000000 667.111664433 280.155098721 0.008000000 671.860011884 273.679450720 0.000000000 671.695606517 273.565560298 0.000000000 671.860011884 273.679450720 0.008000000 671.695606517 273.565560298 0.008000000 676.418891753 267.070956399 0.000000000 676.254040745 266.957711973 0.000000000 676.418891753 267.070956399 0.008000000 676.254040745 266.957711973 0.008000000 680.953121995 260.442513590 0.000000000 680.787797019 260.329962042 0.000000000 680.953121995 260.442513590 0.008000000 680.787797019 260.329962042 0.008000000 685.460614606 253.789709622 0.000000000 685.294723529 253.677993607 0.000000000 685.460614606 253.789709622 0.008000000 685.294723529 253.677993607 0.008000000 689.936128721 247.103277346 0.000000000 689.769533845 246.992612808 0.000000000 689.936128721 247.103277346 0.008000000 689.769533845 246.992612808 0.008000000 694.374810571 240.370122777 0.000000000 694.207257644 240.260911532 0.000000000 694.374810571 240.370122777 0.008000000 694.207257644 240.260911532 0.008000000 698.765850220 233.556239161 0.000000000 698.596574355 233.449701519 0.000000000 698.765850220 233.556239161 0.008000000 698.596574355 233.449701519 0.008000000 703.166955781 226.394403051 0.000000000 702.989460454 226.301240785 0.000000000 703.166955781 226.394403051 0.008000000 702.989460454 226.301240785 0.008000000 707.078280022 217.532853317 0.000000000 706.887339488 217.470152697 0.000000000 707.078280022 217.532853317 0.008000000 706.887339488 217.470152697 0.008000000 708.388371786 211.643979682 0.000000000 708.189940286 211.614951019 0.000000000 708.388371786 211.643979682 0.008000000 708.189940286 211.614951019 0.008000000 708.823193112 205.582824613 0.000000000 708.622568322 205.584369126 0.000000000 708.823193112 205.582824613 0.008000000 708.622568322 205.584369126 0.008000000 708.282547301 199.385126536 0.000000000 708.084941598 199.421280388 0.000000000 708.282547301 199.385126536 0.008000000 708.084941598 199.421280388 0.008000000 706.525579689 193.155719429 0.000000000 706.339283299 193.231970952 0.000000000 706.525579689 193.155719429 0.008000000 706.339283299 193.231970952 0.008000000 703.260033507 187.207845053 0.000000000 703.097691286 187.327726763 0.000000000 703.260033507 187.207845053 0.008000000 703.097691286 187.327726763 0.008000000 698.381577648 182.177197905 0.000000000 698.257871188 182.336920680 0.000000000 698.381577648 182.177197905 0.008000000 698.257871188 182.336920680 0.008000000 692.348140974 178.744689433 0.000000000 692.271478798 178.931176374 0.000000000 692.348140974 178.744689433 0.008000000 692.271478798 178.931176374 0.008000000 686.039114788 177.047392333 0.000000000 686.003937456 177.245039809 0.000000000 686.039114788 177.047392333 0.008000000 686.003937456 177.245039809 0.008000000 680.545557270 176.554584153 0.000000000 680.533891586 176.754340779 0.000000000 680.545557270 176.554584153 0.008000000 680.533891586 176.754340779 0.008000000 672.264878659 176.329299316 0.000000000 672.262965408 176.529321267 0.000000000 672.264878659 176.329299316 0.008000000 672.262965408 176.529321267 0.008000000 664.065986679 176.395462141 0.000000000 664.070208694 176.595434583 0.000000000 664.065986679 176.395462141 0.008000000 664.070208694 176.595434583 0.008000000 655.906366477 176.674222716 0.000000000 655.915453392 176.874028955 0.000000000 655.906366477 176.674222716 0.008000000 655.915453392 176.874028955 0.008000000 647.764534804 177.136723346 0.000000000 647.778104162 177.336274959 0.000000000 647.764534804 177.136723346 0.008000000 647.778104162 177.336274959 0.008000000 639.621246183 177.781753183 0.000000000 639.639584417 177.980927053 0.000000000 639.621246183 177.781753183 0.008000000 639.639584417 177.980927053 0.008000000 631.444004868 178.640063065 0.000000000 631.468819808 178.838557118 0.000000000 631.444004868 178.640063065 0.008000000 631.468819808 178.838557118 0.008000000 623.106333791 179.850428646 0.000000000 623.146233123 180.046732924 0.000000000 623.106333791 179.850428646 0.008000000 623.146233123 180.046732924 0.008000000 614.053409137 182.228489493 0.000000000 614.125552780 182.416323698 0.000000000 614.053409137 182.228489493 0.008000000 614.125552780 182.416323698 0.008000000 605.435099452 186.677404646 0.000000000 605.546983103 186.844724397 0.000000000 605.435099452 186.677404646 0.008000000 605.546983103 186.844724397 0.008000000 600.515506073 190.840129680 0.000000000 600.660295844 190.979605843 0.000000000 600.515506073 190.840129680 0.008000000 600.660295844 190.979605843 0.008000000 596.562864030 195.882105881 0.000000000 596.731737964 195.990860371 0.000000000 596.562864030 195.882105881 0.008000000 596.731737964 195.990860371 0.008000000 593.714447342 201.361251015 0.000000000 593.898744168 201.440338403 0.000000000 593.714447342 201.361251015 0.008000000 593.898744168 201.440338403 0.008000000 591.790540233 206.954091150 0.000000000 591.983658110 207.007535550 0.000000000 591.790540233 206.954091150 0.008000000 591.983658110 207.007535550 0.008000000 590.078960296 215.037393150 0.000000000 590.274187081 215.080877783 0.000000000 590.078960296 215.037393150 0.008000000 590.274187081 215.080877783 0.008000000 588.371826564 222.339482015 0.000000000 588.564720312 222.392945974 0.000000000 588.371826564 222.339482015 0.008000000 588.564720312 222.392945974 0.008000000 586.136729226 229.290714691 0.000000000 586.323766320 229.362393054 0.000000000 586.136729226 229.290714691 0.008000000 586.323766320 229.362393054 0.008000000 583.230718156 235.783512147 0.000000000 583.407962684 235.877069693 0.000000000 583.230718156 235.783512147 0.008000000 583.407962684 235.877069693 0.008000000 579.529133470 241.813999789 0.000000000 579.693342495 241.928794304 0.000000000 579.529133470 241.813999789 0.008000000 579.693342495 241.928794304 0.008000000 574.818626312 247.763403035 0.000000000 574.974274749 247.889009633 0.000000000 574.818626312 247.763403035 0.008000000 574.974274749 247.889009633 0.008000000 569.754966995 253.920223877 0.000000000 569.909133142 254.047632766 0.000000000 569.754966995 253.920223877 0.008000000 569.909133142 254.047632766 0.008000000 564.673702454 260.038939414 0.000000000 564.827116995 260.167253366 0.000000000 564.673702454 260.038939414 0.008000000 564.827116995 260.167253366 0.008000000 559.561015338 266.108397871 0.000000000 559.713346371 266.237998096 0.000000000 559.561015338 266.108397871 0.008000000 559.713346371 266.237998096 0.008000000 554.406666582 272.106932963 0.000000000 554.557420973 272.238368053 0.000000000 554.406666582 272.106932963 0.008000000 554.557420973 272.238368053 0.008000000 549.200453573 277.992391470 0.000000000 549.348707449 278.126653314 0.000000000 549.200453573 277.992391470 0.008000000 549.348707449 278.126653314 0.008000000 543.941599219 283.664745238 0.000000000 544.084620552 283.804651055 0.000000000 543.941599219 283.664745238 0.008000000 544.084620552 283.804651055 0.008000000 538.812531632 288.634373132 0.000000000 538.941430290 288.787962614 0.000000000 538.812531632 288.634373132 0.008000000 538.941430290 288.787962614 0.008000000 535.671065987 290.909589579 0.000000000 535.776242882 291.080359622 0.000000000 535.671065987 290.909589579 0.008000000 535.776242882 291.080359622 0.008000000 531.985302678 292.815506723 0.000000000 532.064812777 292.999549128 0.000000000 531.985302678 292.815506723 0.008000000 532.064812777 292.999549128 0.008000000 525.408399138 295.129932964 0.000000000 525.462316295 295.322981581 0.000000000 525.408399138 295.129932964 0.008000000 525.462316295 295.322981581 0.008000000 518.413387265 296.594107521 0.000000000 518.441999106 296.792452969 0.000000000 518.413387265 296.594107521 0.008000000 518.441999106 296.792452969 0.008000000 511.385284932 297.158907190 0.000000000 511.392907778 297.358939377 0.000000000 511.385284932 297.158907190 0.008000000 511.392907778 297.358939377 0.008000000 503.477834134 297.127187282 0.000000000 503.475115058 297.327177984 0.000000000 503.477834134 297.127187282 0.008000000 503.475115058 297.327177984 0.008000000 495.701356002 296.946904249 0.000000000 495.691861678 297.146737879 0.000000000 495.701356002 296.946904249 0.008000000 495.691861678 297.146737879 0.008000000 488.462993694 296.426499197 0.000000000 488.424300125 296.624233535 0.000000000 488.462993694 296.426499197 0.008000000 488.424300125 296.624233535 0.008000000 486.162789122 295.677707610 0.000000000 486.026206055 295.843575725 0.000000000 486.162789122 295.677707610 0.008000000 486.026206055 295.843575725 0.008000000 485.133496010 293.827877245 0.000000000 484.940737810 293.892788241 0.000000000 485.133496010 293.827877245 0.008000000 484.940737810 293.892788241 0.008000000 484.713158611 290.885127071 0.000000000 484.511606901 290.888475370 0.000000000 484.713158611 290.885127071 0.008000000 484.511606901 290.888475370 0.008000000 485.101691136 287.323420694 0.000000000 484.905128099 287.281037454 0.000000000 485.101691136 287.323420694 0.008000000 484.905128099 287.281037454 0.008000000 486.177872447 284.032839531 0.000000000 485.992583495 283.955984136 0.000000000 486.177872447 284.032839531 0.008000000 485.992583495 283.955984136 0.008000000 489.683874218 277.135792315 0.000000000 489.506773220 277.042829481 0.000000000 489.683874218 277.135792315 0.008000000 489.506773220 277.042829481 0.008000000 493.450287006 270.183152227 0.000000000 493.274984322 270.086869781 0.000000000 493.450287006 270.183152227 0.008000000 493.274984322 270.086869781 0.008000000 497.318635551 263.235620718 0.000000000 497.144202031 263.137777258 0.000000000 497.318635551 263.235620718 0.008000000 497.144202031 263.137777258 0.008000000 501.239357529 256.297055053 0.000000000 501.065426915 256.198321593 0.000000000 501.239357529 256.297055053 0.008000000 501.065426915 256.198321593 0.008000000 505.191902122 249.365971369 0.000000000 505.018334736 249.266600961 0.000000000 505.191902122 249.365971369 0.008000000 505.018334736 249.266600961 0.008000000 509.171384955 242.442438062 0.000000000 508.998094035 242.342586655 0.000000000 509.171384955 242.442438062 0.008000000 508.998094035 242.342586655 0.008000000 513.167766697 235.523962787 0.000000000 512.994642937 235.423821997 0.000000000 513.167766697 235.523962787 0.008000000 512.994642937 235.423821997 0.008000000 517.173549536 228.608269691 0.000000000 517.000552098 228.507910815 0.000000000 517.173549536 228.608269691 0.008000000 517.000552098 228.507910815 0.008000000 521.189821706 221.695643055 0.000000000 521.016934522 221.595094415 0.000000000 521.189821706 221.695643055 0.008000000 521.016934522 221.595094415 0.008000000 525.213235274 214.784527987 0.000000000 525.040410624 214.683871931 0.000000000 525.213235274 214.784527987 0.008000000 525.040410624 214.683871931 0.008000000 529.239891806 207.873817069 0.000000000 529.067106376 207.773093702 0.000000000 529.239891806 207.873817069 0.008000000 529.067106376 207.773093702 0.008000000 533.270443923 200.962827852 0.000000000 533.097675464 200.862075384 0.000000000 533.270443923 200.962827852 0.008000000 533.097675464 200.862075384 0.008000000 537.301513825 194.049897387 0.000000000 537.128735890 193.949161171 0.000000000 537.301513825 194.049897387 0.008000000 537.128735890 193.949161171 0.008000000 541.332501627 187.135172314 0.000000000 541.159684068 187.034504068 0.000000000 541.332501627 187.135172314 0.008000000 541.159684068 187.034504068 0.008000000 545.360582527 180.214861336 0.000000000 545.187683037 180.114333849 0.000000000 545.360582527 180.214861336 0.008000000 545.187683037 180.114333849 0.008000000 549.383738876 173.287664750 0.000000000 549.210733034 173.187320384 0.000000000 549.383738876 173.287664750 0.008000000 549.210733034 173.187320384 0.008000000 553.400984078 166.352230421 0.000000000 553.227824252 166.252151894 0.000000000 553.400984078 166.352230421 0.008000000 553.227824252 166.252151894 0.008000000 557.408387964 159.403086041 0.000000000 557.234943689 159.303500771 0.000000000 557.408387964 159.403086041 0.008000000 557.234943689 159.303500771 0.008000000 561.397527219 152.424862309 0.000000000 561.223634640 152.326061260 0.000000000 561.397527219 152.424862309 0.008000000 561.223634640 152.326061260 0.008000000 565.364994850 145.399074744 0.000000000 565.190348969 145.301607679 0.000000000 565.364994850 145.399074744 0.008000000 565.190348969 145.301607679 0.008000000 569.306777562 138.251744496 0.000000000 569.128893447 138.160149071 0.000000000 569.306777562 138.251744496 0.008000000 569.128893447 138.160149071 0.008000000 573.300020996 129.921840960 0.000000000 573.111622055 129.852179455 0.000000000 573.300020996 129.921840960 0.008000000 573.111622055 129.852179455 0.008000000 574.800013177 124.312772013 0.000000000 574.604116675 124.271146879 0.000000000 574.800013177 124.312772013 0.008000000 574.604116675 124.271146879 0.008000000 576.145788828 115.835359177 0.000000000 575.947241266 115.810433805 0.000000000 576.145788828 115.835359177 0.008000000 575.947241266 115.810433805 0.008000000 576.912047274 107.560349141 0.000000000 576.712551407 107.545664748 0.000000000 576.912047274 107.560349141 0.008000000 576.712551407 107.545664748 0.008000000 577.359903914 99.368136913 0.000000000 577.160059811 99.359822452 0.000000000 577.359903914 99.368136913 0.008000000 577.160059811 99.359822452 0.008000000 577.592572720 91.220058335 0.000000000 577.392595189 91.216416548 0.000000000 577.592572720 91.220058335 0.008000000 577.392595189 91.216416548 0.008000000 577.658013892 82.905635589 0.000000000 577.457856791 82.924808589 0.000000000 577.658013892 82.905635589 0.008000000 577.457856791 82.924808589 0.008000000 575.677302619 73.077323541 0.000000000 575.484002157 73.130519265 0.000000000 575.677302619 73.077323541 0.008000000 575.484002157 73.130519265 0.008000000 572.919328470 65.236562586 0.000000000 572.731773420 65.306092184 0.000000000 572.919328470 65.236562586 0.008000000 572.731773420 65.306092184 0.008000000 569.959234970 57.645032340 0.000000000 569.773571874 57.719414091 0.000000000 569.959234970 57.645032340 0.008000000 569.773571874 57.719414091 0.008000000 566.877762272 50.155082052 0.000000000 566.693301118 50.232385292 0.000000000 566.877762272 50.155082052 0.008000000 566.693301118 50.232385292 0.008000000 563.705719997 42.722577852 0.000000000 563.522213880 42.802118866 0.000000000 563.705719997 42.722577852 0.008000000 563.522213880 42.802118866 0.008000000 560.450509158 35.326994058 0.000000000 560.267940214 35.408664258 0.000000000 560.450509158 35.326994058 0.008000000 560.267940214 35.408664258 0.008000000 557.096288404 27.947953368 0.000000000 556.915099401 28.032659335 0.000000000 557.096288404 27.947953368 0.008000000 556.915099401 28.032659335 0.008000000 553.488122968 20.439864482 0.000000000 553.315464624 20.542321560 0.000000000 553.488122968 20.439864482 0.008000000 553.315464624 20.542321560 0.008000000 547.452238141 12.040975529 0.000000000 547.306829447 12.181350293 0.000000000 547.452238141 12.040975529 0.008000000 547.306829447 12.181350293 0.008000000 542.378175036 8.116282556 0.000000000 542.268120005 8.284002718 0.000000000 542.378175036 8.116282556 0.008000000 542.268120005 8.284002718 0.008000000 537.469778443 5.415292682 0.000000000 537.375966913 5.591951309 0.000000000 537.469778443 5.415292682 0.008000000 537.375966913 5.591951309 0.008000000 530.375850628 1.782575578 0.000000000 530.285784145 1.961152000 0.000000000 530.375850628 1.782575578 0.008000000 530.285784145 1.961152000 0.008000000 523.132786240 -1.814879947 0.000000000 523.044532800 -1.635403031 0.000000000 523.132786240 -1.814879947 0.008000000 523.044532800 -1.635403031 0.008000000 515.913630493 -5.329129903 0.000000000 515.826399010 -5.149155503 0.000000000 515.913630493 -5.329129903 0.008000000 515.826399010 -5.149155503 0.008000000 508.694756717 -8.812849346 0.000000000 508.608007391 -8.632642265 0.000000000 508.694756717 -8.812849346 0.008000000 508.608007391 -8.632642265 0.008000000 501.474041657 -12.280164544 0.000000000 501.387584043 -12.099817385 0.000000000 501.474041657 -12.280164544 0.008000000 501.387584043 -12.099817385 0.008000000 494.251573834 -15.736848138 0.000000000 494.165315499 -15.556405604 0.000000000 494.251573834 -15.736848138 0.008000000 494.165315499 -15.556405604 0.008000000 487.027969357 -19.185932934 0.000000000 486.941847373 -19.005425296 0.000000000 487.027969357 -19.185932934 0.008000000 486.941847373 -19.005425296 0.008000000 479.804845089 -22.629526594 0.000000000 479.719356129 -22.448717165 0.000000000 479.804845089 -22.629526594 0.008000000 479.719356129 -22.448717165 0.008000000 472.104303333 -26.240242882 0.000000000 472.031290470 -26.053583520 0.000000000 472.104303333 -26.240242882 0.008000000 472.031290470 -26.053583520 0.008000000 463.485615058 -28.975079438 0.000000000 463.436304780 -28.780898898 0.000000000 463.485615058 -28.975079438 0.008000000 463.436304780 -28.780898898 0.008000000 454.997446623 -30.608423908 0.000000000 454.967590854 -30.410499813 0.000000000 454.997446623 -30.608423908 0.008000000 454.967590854 -30.410499813 0.008000000 446.524418132 -31.538482011 0.000000000 446.509692419 -31.338897137 0.000000000 446.524418132 -31.538482011 0.008000000 446.509692419 -31.338897137 0.008000000 438.060182613 -31.860000778 0.000000000 438.058842713 -31.659907436 0.000000000 438.060182613 -31.860000778 0.008000000 438.058842713 -31.659907436 0.008000000 429.617096414 -31.652472186 0.000000000 429.628218507 -31.452685156 0.000000000 429.617096414 -31.652472186 0.008000000 429.628218507 -31.452685156 0.008000000 421.215738806 -30.922667769 0.000000000 421.238953640 -30.723931205 0.000000000 421.215738806 -30.922667769 0.008000000 421.238953640 -30.723931205 0.008000000 413.006096418 -29.716138902 0.000000000 413.038044830 -29.518685868 0.000000000 413.006096418 -29.716138902 0.008000000 413.038044830 -29.518685868 0.008000000 405.018302745 -28.304615256 0.000000000 405.055143673 -28.108026779 0.000000000 405.018302745 -28.304615256 0.008000000 405.055143673 -28.108026779 0.008000000 396.946759409 -26.705368149 0.000000000 396.988891032 -26.509827938 0.000000000 396.946759409 -26.705368149 0.008000000 396.988891032 -26.509827938 0.008000000 388.862349295 -24.822379974 0.000000000 388.911880960 -24.628563351 0.000000000 388.862349295 -24.822379974 0.008000000 388.911880960 -24.628563351 0.008000000 380.807821081 -22.579583804 0.000000000 380.866588179 -22.388338801 0.000000000 380.807821081 -22.579583804 0.008000000 380.866588179 -22.388338801 0.008000000 372.832791537 -19.895213171 0.000000000 372.902210915 -19.707553694 0.000000000 372.832791537 -19.895213171 0.008000000 372.902210915 -19.707553694 0.008000000 364.986182112 -16.725293536 0.000000000 365.066800257 -16.542158202 0.000000000 364.986182112 -16.725293536 0.008000000 365.066800257 -16.542158202 0.008000000 357.312085726 -13.061450029 0.000000000 357.405464450 -12.884406978 0.000000000 357.312085726 -13.061450029 0.008000000 357.405464450 -12.884406978 0.008000000 349.919425977 -8.776717965 0.000000000 350.026041533 -8.607346886 0.000000000 349.919425977 -8.776717965 0.008000000 350.026041533 -8.607346886 0.008000000 342.839411094 -3.950164878 0.000000000 342.958437057 -3.789254161 0.000000000 342.839411094 -3.950164878 0.008000000 342.958437057 -3.789254161 0.008000000 336.138946630 1.417527946 0.000000000 336.270500478 1.568402666 0.000000000 336.138946630 1.417527946 0.008000000 336.270500478 1.568402666 0.008000000 329.904776549 7.328377379 0.000000000 330.048719928 7.467505123 0.000000000 329.904776549 7.328377379 0.008000000 330.048719928 7.467505123 0.008000000 324.215818249 13.752744484 0.000000000 324.370800379 13.879406502 0.000000000 324.215818249 13.752744484 0.008000000 324.370800379 13.879406502 0.008000000 319.065954503 20.589252160 0.000000000 319.230253075 20.703546487 0.000000000 319.065954503 20.589252160 0.008000000 319.230253075 20.703546487 0.008000000 314.556774817 27.624218629 0.000000000 314.727665136 27.728228886 0.000000000 314.556774817 27.624218629 0.008000000 314.727665136 27.728228886 0.008000000 310.631051904 34.425414383 0.000000000 310.802970947 34.527642405 0.000000000 310.631051904 34.425414383 0.008000000 310.802970947 34.527642405 0.008000000 306.583482615 41.035658123 0.000000000 306.752413367 41.142766441 0.000000000 306.583482615 41.035658123 0.008000000 306.752413367 41.142766441 0.008000000 302.255205541 47.631719535 0.000000000 302.421639185 47.742633312 0.000000000 302.255205541 47.631719535 0.008000000 302.421639185 47.742633312 0.008000000 297.810921041 54.198964214 0.000000000 297.975972681 54.311920155 0.000000000 297.810921041 54.198964214 0.008000000 297.975972681 54.311920155 0.008000000 293.285906636 60.737490143 0.000000000 293.449993284 60.851840472 0.000000000 293.285906636 60.737490143 0.008000000 293.449993284 60.851840472 0.008000000 288.712099611 67.255227746 0.000000000 288.875532396 67.370509838 0.000000000 288.712099611 67.255227746 0.008000000 288.875532396 67.370509838 0.008000000 284.102675757 73.756317384 0.000000000 284.265603841 73.872311302 0.000000000 284.102675757 73.756317384 0.008000000 284.265603841 73.872311302 0.008000000 279.465339230 80.243452496 0.000000000 279.627786699 80.360118743 0.000000000 279.465339230 80.243452496 0.008000000 279.627786699 80.360118743 0.008000000 274.796853518 86.713837719 0.000000000 274.958865905 86.831106977 0.000000000 274.796853518 86.713837719 0.008000000 274.958865905 86.831106977 0.008000000 270.107196800 93.172111033 0.000000000 270.268901795 93.289803610 0.000000000 270.107196800 93.172111033 0.008000000 270.268901795 93.289803610 0.008000000 265.402418051 99.621421329 0.000000000 265.563844979 99.739495079 0.000000000 265.402418051 99.621421329 0.008000000 265.563844979 99.739495079 0.008000000 260.680408243 106.060133173 0.000000000 260.841529135 106.178624221 0.000000000 260.680408243 106.060133173 0.008000000 260.841529135 106.178624221 0.008000000 255.940595164 112.487346918 0.000000000 256.101460994 112.606183830 0.000000000 255.940595164 112.487346918 0.008000000 256.101460994 112.606183830 0.008000000 251.189843690 118.907214242 0.000000000 251.350510791 119.026319705 0.000000000 251.189843690 118.907214242 0.008000000 251.350510791 119.026319705 0.008000000 246.427988477 125.319360058 0.000000000 246.588409045 125.438797494 0.000000000 246.427988477 125.319360058 0.008000000 246.588409045 125.438797494 0.008000000 241.650434159 131.719926224 0.000000000 241.810604958 131.839698279 0.000000000 241.650434159 131.719926224 0.008000000 241.810604958 131.839698279 0.008000000 236.862091115 138.111805719 0.000000000 237.022049155 138.231861782 0.000000000 236.862091115 138.111805719 0.008000000 237.022049155 138.231861782 0.008000000 232.062846368 144.494058017 0.000000000 232.222569309 144.614426726 0.000000000 232.062846368 144.494058017 0.008000000 232.222569309 144.614426726 0.008000000 227.251738845 150.864241824 0.000000000 227.411179631 150.984984123 0.000000000 227.251738845 150.864241824 0.008000000 227.411179631 150.984984123 0.008000000 222.427814261 157.217177040 0.000000000 222.586880834 157.338412162 0.000000000 222.427814261 157.217177040 0.008000000 222.586880834 157.338412162 0.008000000 217.592422135 163.537806441 0.000000000 217.750773709 163.659976182 0.000000000 217.592422135 163.537806441 0.008000000 217.750773709 163.659976182 0.008000000 212.806630994 169.688873013 0.000000000 212.960382045 169.816955700 0.000000000 212.806630994 169.688873013 0.008000000 212.960382045 169.816955700 0.008000000 208.193370593 174.865280388 0.000000000 208.329184305 175.013490049 0.000000000 208.193370593 174.865280388 0.008000000 208.329184305 175.013490049 0.008000000 203.430639491 178.416556702 0.000000000 203.530337644 178.591695519 0.000000000 203.430639491 178.416556702 0.008000000 203.530337644 178.591695519 0.008000000 200.197741793 179.761748936 0.000000000 200.255613075 179.954291701 0.000000000 200.197741793 179.761748936 0.008000000 200.255613075 179.954291701 0.008000000 196.618873417 180.448711892 0.000000000 196.639111776 180.648478287 0.000000000 196.618873417 180.448711892 0.008000000 196.639111776 180.648478287 0.008000000 192.708174228 180.496769661 0.000000000 192.696039399 180.696933884 0.000000000 192.708174228 180.496769661 0.008000000 192.696039399 180.696933884 0.008000000 188.569320721 179.941395698 0.000000000 188.529330958 180.137822194 0.000000000 188.569320721 179.941395698 0.008000000 188.529330958 180.137822194 0.008000000 181.689256818 178.049908205 0.000000000 181.628120011 178.240520893 0.000000000 181.689256818 178.049908205 0.008000000 181.628120011 178.240520893 0.008000000 174.387708300 175.364339138 0.000000000 174.316568052 175.551272480 0.000000000 174.387708300 175.364339138 0.008000000 174.316568052 175.551272480 0.008000000 167.003664535 172.459230826 0.000000000 166.929708150 172.645056213 0.000000000 167.003664535 172.459230826 0.008000000 166.929708150 172.645056213 0.008000000 159.615783696 169.485158312 0.000000000 159.540678843 169.670521370 0.000000000 159.615783696 169.485158312 0.008000000 159.540678843 169.670521370 0.008000000 152.230232796 166.473346532 0.000000000 152.154279717 166.658363686 0.000000000 152.230232796 166.473346532 0.008000000 152.154279717 166.658363686 0.008000000 144.851049983 163.423931729 0.000000000 144.774574775 163.608733115 0.000000000 144.851049983 163.423931729 0.008000000 144.774574775 163.608733115 0.008000000 137.473429071 160.366629394 0.000000000 137.396572516 160.551272749 0.000000000 137.473429071 160.366629394 0.008000000 137.396572516 160.551272749 0.008000000 130.101771597 157.284636983 0.000000000 130.024580743 157.469140571 0.000000000 130.101771597 157.284636983 0.008000000 130.024580743 157.469140571 0.008000000 122.731155804 154.198897357 0.000000000 122.653710959 154.383294612 0.000000000 122.731155804 154.198897357 0.008000000 122.653710959 154.383294612 0.008000000 115.365617287 151.095609592 0.000000000 115.287950990 151.279913543 0.000000000 115.365617287 151.095609592 0.008000000 115.287950990 151.279913543 0.008000000 108.000399103 147.991307593 0.000000000 107.922529890 148.175526019 0.000000000 108.000399103 147.991307593 0.008000000 107.922529890 148.175526019 0.008000000 100.640332429 144.871223328 0.000000000 100.562272730 145.055361003 0.000000000 100.640332429 144.871223328 0.008000000 100.562272730 145.055361003 0.008000000 93.280239411 141.751133122 0.000000000 93.202038149 141.935210786 0.000000000 93.280239411 141.751133122 0.008000000 93.202038149 141.935210786 0.008000000 85.924306702 138.619449680 0.000000000 85.845935386 138.803454946 0.000000000 85.924306702 138.619449680 0.008000000 85.845935386 138.803454946 0.008000000 78.569178555 135.485414542 0.000000000 78.490699433 135.669373871 0.000000000 78.569178555 135.485414542 0.008000000 78.490699433 135.669373871 0.008000000 71.216552561 132.344955985 0.000000000 71.137924143 132.528851547 0.000000000 71.216552561 132.344955985 0.008000000 71.137924143 132.528851547 0.008000000 63.866093673 129.198801034 0.000000000 63.787368186 129.382655048 0.000000000 63.866093673 129.198801034 0.008000000 63.787368186 129.382655048 0.008000000 56.516556346 126.050481704 0.000000000 56.437693641 126.234276938 0.000000000 56.516556346 126.050481704 0.008000000 56.437693641 126.234276938 0.008000000 49.170678040 122.893304309 0.000000000 49.091705249 123.077052230 0.000000000 49.170678040 122.893304309 0.008000000 49.091705249 123.077052230 0.008000000 41.824801303 119.736130512 0.000000000 41.745713163 119.919828857 0.000000000 41.824801303 119.736130512 0.008000000 41.745713163 119.919828857 0.008000000 34.483037565 116.569795307 0.000000000 34.403817173 116.753436614 0.000000000 34.483037565 116.569795307 0.008000000 34.403817173 116.753436614 0.008000000 27.141858998 113.402106470 0.000000000 27.062541697 113.585705961 0.000000000 27.141858998 113.402106470 0.008000000 27.062541697 113.585705961 0.008000000 19.803760968 110.228162403 0.000000000 19.724309282 110.411703769 0.000000000 19.803760968 110.228162403 0.008000000 19.724309282 110.411703769 0.008000000 12.467737389 107.049948814 0.000000000 12.388172387 107.233441088 0.000000000 12.467737389 107.049948814 0.008000000 12.388172387 107.233441088 0.008000000 5.134193586 103.867218093 0.000000000 5.054483881 104.050647566 0.000000000 5.134193586 103.867218093 0.008000000 5.054483881 104.050647566 0.008000000 -2.195758863 100.677892685 0.000000000 -2.275612339 100.861259603 0.000000000 -2.195758863 100.677892685 0.008000000 -2.275612339 100.861259603 0.008000000 -9.522979057 97.484244831 0.000000000 -9.602998930 97.667539223 0.000000000 -9.522979057 97.484244831 0.008000000 -9.602998930 97.667539223 0.008000000 -16.845091742 94.282511078 0.000000000 -16.925315038 94.465716519 0.000000000 -16.845091742 94.282511078 0.008000000 -16.925315038 94.465716519 0.008000000 -24.161975682 91.074018430 0.000000000 -24.242405537 91.257133293 0.000000000 -24.161975682 91.074018430 0.008000000 -24.242405537 91.257133293 0.008000000 -31.472660136 87.857620848 0.000000000 -31.553422097 88.040589599 0.000000000 -31.472660136 87.857620848 0.008000000 -31.553422097 88.040589599 0.008000000 -38.767914710 84.627003598 0.000000000 -38.849112932 84.809779156 0.000000000 -38.767914710 84.627003598 0.008000000 -38.849112932 84.809779156 0.008000000 -46.042784705 81.384846659 0.000000000 -46.124655385 81.567322525 0.000000000 -46.042784705 81.384846659 0.008000000 -46.124655385 81.567322525 0.008000000 -53.248363083 78.130280987 0.000000000 -53.331910316 78.311999599 0.000000000 -53.248363083 78.130280987 0.008000000 -53.331910316 78.311999599 0.008000000 -59.850969609 75.040921176 0.000000000 -59.955265293 75.212931588 0.000000000 -59.850969609 75.040921176 0.008000000 -59.955265293 75.212931588 0.008000000 -64.127917262 71.772747378 0.000000000 -64.274476226 71.912462856 0.000000000 -64.127917262 71.772747378 0.008000000 -64.274476226 71.912462856 0.008000000 -65.860839501 69.265039104 0.000000000 -66.041500916 69.355404993 0.000000000 -65.860839501 69.265039104 0.008000000 -66.041500916 69.355404993 0.008000000 -66.743014900 66.628800320 0.000000000 -66.942694545 66.662333296 0.000000000 -66.743014900 66.628800320 0.008000000 -66.942694545 66.662333296 0.008000000 -66.767300942 64.161281181 0.000000000 -66.967656120 64.126178476 0.000000000 -66.767300942 64.161281181 0.008000000 -66.967656120 64.126178476 0.008000000 -65.989950774 62.075384923 0.000000000 -66.160573282 61.960499301 0.000000000 -65.989950774 62.075384923 0.008000000 -66.160573282 61.960499301 0.008000000 -63.551386788 59.838377606 0.000000000 -63.681445075 59.686280551 0.000000000 -63.551386788 59.838377606 0.008000000 -63.681445075 59.686280551 0.008000000 -57.306397929 54.864488191 0.000000000 -57.430875142 54.707946029 0.000000000 -57.306397929 54.864488191 0.008000000 -57.430875142 54.707946029 0.008000000 -51.048225753 49.896279227 0.000000000 -51.172758500 49.739781153 0.000000000 -51.048225753 49.896279227 0.008000000 -51.172758500 49.739781153 0.008000000 -44.770741573 44.889229737 0.000000000 -44.895543769 44.732946581 0.000000000 -44.770741573 44.889229737 0.008000000 -44.895543769 44.732946581 0.008000000 -38.522121209 39.893397379 0.000000000 -38.647014867 39.737187347 0.000000000 -38.522121209 39.893397379 0.008000000 -38.647014867 39.737187347 0.008000000 -32.273647734 34.897504143 0.000000000 -32.398544578 34.741296657 0.000000000 -32.273647734 34.897504143 0.008000000 -32.398544578 34.741296657 0.008000000 -26.025312885 29.901482346 0.000000000 -26.150211554 29.745276321 0.000000000 -26.025312885 29.901482346 0.008000000 -26.150211554 29.745276321 0.008000000 -19.776977664 24.905460251 0.000000000 -19.901878904 24.749256281 0.000000000 -19.776977664 24.905460251 0.008000000 -19.901878904 24.749256281 0.008000000 -13.528816030 19.909239878 0.000000000 -13.653720871 19.753038788 0.000000000 -13.528816030 19.909239878 0.008000000 -13.653720871 19.753038788 0.008000000 -7.280725541 14.912941139 0.000000000 -7.405631413 14.756740873 0.000000000 -7.280725541 14.912941139 0.008000000 -7.405631413 14.756740873 0.008000000 -1.032635567 9.916642811 0.000000000 -1.157541440 9.760442545 0.000000000 -1.032635567 9.916642811 0.008000000 -1.157541440 9.760442545 0.008000000 -4.309535253 -5.388683133 0.000000000 -4.434445192 -5.544880147 0.000000000 -4.309535253 -5.388683133 0.008000000 -4.434445192 -5.544880147 0.008000000 1.938142796 -10.385185487 0.000000000 1.813228789 -10.541379248 0.000000000 1.938142796 -10.385185487 0.008000000 1.813228789 -10.541379248 0.008000000 8.185818811 -15.381686214 0.000000000 8.060904805 -15.537879975 0.000000000 8.185818811 -15.381686214 0.008000000 8.060904805 -15.537879975 0.008000000 14.433494827 -20.378186940 0.000000000 14.308580821 -20.534380701 0.000000000 14.433494827 -20.378186940 0.008000000 14.308580821 -20.534380701 0.008000000 20.681172361 -25.374688878 0.000000000 20.556255321 -25.530880213 0.000000000 20.681172361 -25.374688878 0.008000000 20.556255321 -25.530880213 0.008000000 26.928656629 -30.371434228 0.000000000 26.803734971 -30.527621869 0.000000000 26.928656629 -30.371434228 0.008000000 26.803734971 -30.527621869 0.008000000 33.176038086 -35.368305090 0.000000000 33.051114844 -35.524491465 0.000000000 33.176038086 -35.368305090 0.008000000 33.051114844 -35.524491465 0.008000000 39.423418751 -40.365175319 0.000000000 39.298495509 -40.521361693 0.000000000 39.423418751 -40.365175319 0.008000000 39.298495509 -40.521361693 0.008000000 45.670799417 -45.362045546 0.000000000 45.545876175 -45.518231921 0.000000000 45.670799417 -45.362045546 0.008000000 45.545876175 -45.518231921 0.008000000 51.918181882 -50.358917211 0.000000000 51.793255043 -50.515100709 0.000000000 51.918181882 -50.358917211 0.008000000 51.793255043 -50.515100709 0.008000000 58.165332621 -55.356075415 0.000000000 58.040400499 -55.512254686 0.000000000 58.165332621 -55.356075415 0.008000000 58.040400499 -55.512254686 0.008000000 64.412372543 -60.353366182 0.000000000 64.287438735 -60.509544104 0.000000000 64.412372543 -60.353366182 0.008000000 64.287438735 -60.509544104 0.008000000 70.659411623 -65.350656273 0.000000000 70.534477814 -65.506834195 0.000000000 70.659411623 -65.350656273 0.008000000 70.534477814 -65.506834195 0.008000000 76.906450704 -70.347946363 0.000000000 76.781516895 -70.504124285 0.000000000 76.906450704 -70.347946363 0.008000000 76.781516895 -70.504124285 0.008000000 83.153490372 -75.345236922 0.000000000 83.028555389 -75.501413905 0.000000000 83.153490372 -75.345236922 0.008000000 83.028555389 -75.501413905 0.008000000 89.400455981 -80.342622342 0.000000000 89.275514897 -80.498794444 0.000000000 89.400455981 -80.342622342 0.008000000 89.275514897 -80.498794444 0.008000000 95.647100044 -85.340396901 0.000000000 95.522154033 -85.496565061 0.000000000 95.647100044 -85.340396901 0.008000000 95.522154033 -85.496565061 0.008000000 101.893741644 -90.338169488 0.000000000 101.768795633 -90.494337649 0.000000000 101.893741644 -90.338169488 0.008000000 101.768795633 -90.494337649 0.008000000 108.140383245 -95.335942074 0.000000000 108.015437234 -95.492110235 0.000000000 108.140383245 -95.335942074 0.008000000 108.015437234 -95.492110235 0.008000000 114.387024847 -100.333714659 0.000000000 114.262078836 -100.489882819 0.000000000 114.387024847 -100.333714659 0.008000000 114.262078836 -100.489882819 0.008000000 120.633667566 -105.331488134 0.000000000 120.508719324 -105.487654510 0.000000000 120.633667566 -105.331488134 0.008000000 120.508719324 -105.487654510 0.008000000 126.880166467 -110.329439240 0.000000000 126.755211102 -110.485599916 0.000000000 126.880166467 -110.329439240 0.008000000 126.755211102 -110.485599916 0.008000000 133.126343445 -115.327774766 0.000000000 133.001383187 -115.483931527 0.000000000 133.126343445 -115.327774766 0.008000000 133.001383187 -115.483931527 0.008000000 139.372517978 -120.326108332 0.000000000 139.247557720 -120.482265093 0.000000000 139.372517978 -120.326108332 0.008000000 139.247557720 -120.482265093 0.008000000 145.618692512 -125.324441897 0.000000000 145.493732254 -125.480598658 0.000000000 145.618692512 -125.324441897 0.008000000 145.493732254 -125.480598658 0.008000000 151.864867047 -130.322775460 0.000000000 151.739906790 -130.478932221 0.000000000 151.864867047 -130.322775460 0.008000000 151.739906790 -130.478932221 0.008000000 158.111042274 -135.321109573 0.000000000 157.986080636 -135.477265230 0.000000000 158.111042274 -135.321109573 0.008000000 157.986080636 -135.477265230 0.008000000 164.357129947 -140.319554746 0.000000000 164.232159884 -140.475703661 0.000000000 164.357129947 -140.319554746 0.008000000 164.232159884 -140.475703661 0.008000000 170.602752072 -145.318551834 0.000000000 170.477774965 -145.474695110 0.000000000 170.602752072 -145.318551834 0.008000000 170.477774965 -145.474695110 0.008000000 176.848370677 -150.317546101 0.000000000 176.723393570 -150.473689377 0.000000000 176.848370677 -150.317546101 0.008000000 176.723393570 -150.473689377 0.008000000 183.093989284 -155.316540365 0.000000000 182.969012177 -155.472683641 0.000000000 183.093989284 -155.316540365 0.008000000 182.969012177 -155.472683641 0.008000000 189.339607893 -160.315534626 0.000000000 189.214630786 -160.471677903 0.000000000 189.339607893 -160.315534626 0.008000000 189.214630786 -160.471677903 0.008000000 195.585226503 -165.314528886 0.000000000 195.460249396 -165.470672162 0.000000000 195.585226503 -165.314528886 0.008000000 195.460249396 -165.470672162 0.008000000 201.830849495 -170.313526648 0.000000000 201.705863629 -170.469662915 0.000000000 201.830849495 -170.313526648 0.008000000 201.705863629 -170.469662915 0.008000000 208.075891085 -175.313208589 0.000000000 207.950895103 -175.469336756 0.000000000 208.075891085 -175.313208589 0.008000000 207.950895103 -175.469336756 0.008000000 214.320837950 -180.312993132 0.000000000 214.195840609 -180.469120211 0.000000000 214.320837950 -180.312993132 0.008000000 214.195840609 -180.469120211 0.008000000 220.565784139 -185.312777127 0.000000000 220.440786798 -185.468904206 0.000000000 220.565784139 -185.312777127 0.008000000 220.440786798 -185.468904206 0.008000000 226.810730330 -190.312561119 0.000000000 226.685732989 -190.468688198 0.000000000 226.810730330 -190.312561119 0.008000000 226.685732989 -190.468688198 0.008000000 233.055676524 -195.312345108 0.000000000 232.930679183 -195.468472187 0.000000000 233.055676524 -195.312345108 0.008000000 232.930679183 -195.468472187 0.008000000 239.300626061 -200.312131767 0.000000000 239.175622040 -200.468253498 0.000000000 239.300626061 -200.312131767 0.008000000 239.175622040 -200.468253498 0.008000000 245.545130611 -205.312439047 0.000000000 245.420114214 -205.468550868 0.000000000 245.545130611 -205.312439047 0.008000000 245.420114214 -205.468550868 0.008000000 251.789249838 -210.313185775 0.000000000 251.664227744 -210.469293033 0.000000000 251.789249838 -210.313185775 0.008000000 251.664227744 -210.469293033 0.008000000 258.033366221 -215.313930215 0.000000000 257.908344128 -215.470037474 0.000000000 258.033366221 -215.313930215 0.008000000 257.908344128 -215.470037474 0.008000000 264.277482609 -220.314674651 0.000000000 264.152460515 -220.470781909 0.000000000 264.277482609 -220.314674651 0.008000000 264.152460515 -220.470781909 0.008000000 270.521599000 -225.315419080 0.000000000 270.396576907 -225.471526339 0.000000000 270.521599000 -225.315419080 0.008000000 270.396576907 -225.471526339 0.008000000 276.765717774 -230.316165409 0.000000000 276.640690926 -230.472268859 0.000000000 276.765717774 -230.316165409 0.008000000 276.640690926 -230.472268859 0.008000000 283.009519405 -235.317282151 0.000000000 282.884477069 -235.473373197 0.000000000 283.009519405 -235.317282151 0.008000000 282.884477069 -235.473373197 0.008000000 289.252590753 -240.319223316 0.000000000 289.127537686 -240.475305764 0.000000000 289.252590753 -240.319223316 0.008000000 289.127537686 -240.475305764 0.008000000 295.495656743 -245.321160173 0.000000000 295.370603677 -245.477242621 0.000000000 295.495656743 -245.321160173 0.008000000 295.370603677 -245.477242621 0.008000000 301.738722741 -250.323097019 0.000000000 301.613669675 -250.479179467 0.000000000 301.738722741 -250.323097019 0.008000000 301.613669675 -250.479179467 0.008000000 307.981788747 -255.325033856 0.000000000 307.856735681 -255.481116304 0.000000000 307.981788747 -255.325033856 0.008000000 307.856735681 -255.481116304 0.008000000 314.224857641 -260.326972990 0.000000000 314.099798816 -260.483050825 0.000000000 314.224857641 -260.326972990 0.008000000 314.099798816 -260.483050825 0.008000000 320.467536715 -265.329356148 0.000000000 320.342457952 -265.485418006 0.000000000 320.467536715 -265.329356148 0.008000000 320.342457952 -265.485418006 0.008000000 326.709235438 -270.332816513 0.000000000 326.584142497 -270.488867005 0.000000000 326.709235438 -270.332816513 0.008000000 326.584142497 -270.488867005 0.008000000 332.950927088 -275.336271174 0.000000000 332.825834147 -275.492321667 0.000000000 332.950927088 -275.336271174 0.008000000 332.825834147 -275.492321667 0.008000000 339.192618753 -280.339725816 0.000000000 339.067525813 -280.495776309 0.000000000 339.192618753 -280.339725816 0.008000000 339.067525813 -280.495776309 0.008000000 345.434310435 -285.343180439 0.000000000 345.309217495 -285.499230932 0.000000000 345.434310435 -285.343180439 0.008000000 345.309217495 -285.499230932 0.008000000 351.676010202 -290.346641511 0.000000000 351.550901122 -290.502679066 0.000000000 351.676010202 -290.346641511 0.008000000 351.550901122 -290.502679066 0.008000000 357.916575354 -295.351313873 0.000000000 357.791439647 -295.507330074 0.000000000 357.916575354 -295.351313873 0.008000000 357.791439647 -295.507330074 0.008000000 364.156391519 -300.356764375 0.000000000 364.031245323 -300.512772162 0.000000000 364.156391519 -300.356764375 0.008000000 364.031245323 -300.512772162 0.008000000 370.396202475 -305.362210623 0.000000000 370.271056281 -305.518218412 0.000000000 370.396202475 -305.362210623 0.008000000 370.271056281 -305.518218412 0.008000000 376.636013469 -310.367656826 0.000000000 376.510867275 -310.523664615 0.000000000 376.636013469 -310.367656826 0.008000000 376.510867275 -310.523664615 0.008000000 382.875831598 -315.373108677 0.000000000 382.750671208 -315.529105079 0.000000000 382.875831598 -315.373108677 0.008000000 382.750671208 -315.529105079 0.008000000 389.114618271 -320.379599589 0.000000000 388.989420514 -320.535566003 0.000000000 389.114618271 -320.379599589 0.008000000 388.989420514 -320.535566003 0.008000000 395.351695297 -325.387765669 0.000000000 395.226474375 -325.543713483 0.000000000 395.351695297 -325.387765669 0.008000000 395.226474375 -325.543713483 0.008000000 401.588760845 -330.395922317 0.000000000 401.463539926 -330.551870134 0.000000000 401.588760845 -330.395922317 0.008000000 401.463539926 -330.551870134 0.008000000 407.825826498 -335.404078833 0.000000000 407.700605582 -335.560026653 0.000000000 407.825826498 -335.404078833 0.008000000 407.700605582 -335.560026653 0.008000000 414.062912829 -340.412251737 0.000000000 413.937650772 -340.568166521 0.000000000 414.062912829 -340.412251737 0.008000000 413.937650772 -340.568166521 0.008000000 420.296759977 -345.423236178 0.000000000 420.171441694 -345.579105766 0.000000000 420.296759977 -345.423236178 0.008000000 420.171441694 -345.579105766 0.008000000 426.529394639 -350.435233885 0.000000000 426.404061266 -350.591091337 0.000000000 426.529394639 -350.435233885 0.008000000 426.404061266 -350.591091337 0.008000000 432.762022162 -355.447225007 0.000000000 432.636688801 -355.603082470 0.000000000 432.762022162 -355.447225007 0.008000000 432.636688801 -355.603082470 0.008000000 438.994686944 -360.459245249 0.000000000 438.869279901 -360.615043460 0.000000000 438.994686944 -360.459245249 0.008000000 438.869279901 -360.615043460 0.008000000 445.220592211 -365.475531319 0.000000000 445.095091000 -365.631253658 0.000000000 445.220592211 -365.475531319 0.008000000 445.095091000 -365.631253658 0.008000000 451.444572384 -370.492973822 0.000000000 451.319050683 -370.648679643 0.000000000 451.444572384 -370.492973822 0.008000000 451.319050683 -370.648679643 0.008000000 457.668606972 -375.510454694 0.000000000 457.542961334 -375.666060602 0.000000000 457.668606972 -375.510454694 0.008000000 457.542961334 -375.666060602 0.008000000 463.875169986 -380.530179031 0.000000000 463.749334893 -380.685631713 0.000000000 463.875169986 -380.530179031 0.008000000 463.749334893 -380.685631713 0.008000000 470.072500241 -385.551095293 0.000000000 469.946327140 -385.706274130 0.000000000 470.072500241 -385.551095293 0.008000000 469.946327140 -385.706274130 0.008000000 476.252046677 -390.593592790 0.000000000 476.125184864 -390.748209639 0.000000000 476.252046677 -390.593592790 0.008000000 476.125184864 -390.748209639 0.008000000 482.481461798 -395.732890955 0.000000000 482.355601787 -395.888334296 0.000000000 482.481461798 -395.732890955 0.008000000 482.355601787 -395.888334296 0.008000000 488.942832472 -400.867028820 0.000000000 488.821159923 -401.025799474 0.000000000 488.942832472 -400.867028820 0.008000000 488.821159923 -401.025799474 0.008000000 495.565634240 -405.760243279 0.000000000 495.449558344 -405.923148984 0.000000000 495.565634240 -405.760243279 0.008000000 495.449558344 -405.923148984 0.008000000 502.357311301 -410.425197185 0.000000000 502.246872586 -410.591974864 0.000000000 502.357311301 -410.425197185 0.008000000 502.246872586 -410.591974864 0.008000000 509.320820327 -414.868383168 0.000000000 509.216608973 -415.039134322 0.000000000 509.320820327 -414.868383168 0.008000000 509.216608973 -415.039134322 0.008000000 516.492479971 -419.051067805 0.000000000 516.395562002 -419.226072636 0.000000000 516.492479971 -419.051067805 0.008000000 516.395562002 -419.226072636 0.008000000 523.900977981 -422.941234494 0.000000000 523.813254045 -423.121067067 0.000000000 523.900977981 -422.941234494 0.008000000 523.813254045 -423.121067067 0.008000000 531.634038527 -426.433384500 0.000000000 531.558463695 -426.618703451 0.000000000 531.634038527 -426.433384500 0.008000000 531.558463695 -426.618703451 0.008000000 539.780347570 -429.409495056 0.000000000 539.722586196 -429.601321840 0.000000000 539.780347570 -429.409495056 0.008000000 539.722586196 -429.601321840 0.008000000 548.586497944 -431.514967689 0.000000000 548.559162855 -431.714069129 0.000000000 548.586497944 -431.514967689 0.008000000 548.559162855 -431.714069129 0.008000000 558.448459427 -431.891809927 0.000000000 558.468303660 -432.092714168 0.000000000 558.448459427 -431.891809927 0.008000000 558.468303660 -432.092714168 0.008000000 565.170306207 -430.281704485 0.000000000 565.254955214 -430.467085832 0.000000000 565.170306207 -430.281704485 0.008000000 565.254955214 -430.467085832 0.008000000 572.381440560 -425.116293191 0.000000000 572.544438129 -425.245552640 0.000000000 572.381440560 -425.116293191 0.008000000 572.544438129 -425.245552640 0.008000000 575.392191896 -417.827656919 0.000000000 575.589001304 -417.875062316 0.000000000 575.392191896 -417.827656919 0.008000000 575.589001304 -417.875062316 0.008000000 575.880892731 -411.808068921 0.000000000 576.081270680 -411.811518701 0.000000000 575.880892731 -411.808068921 0.008000000 576.081270680 -411.811518701 0.008000000 575.623282273 -406.281349070 0.000000000 575.822639825 -406.262907474 0.000000000 575.623282273 -406.281349070 0.008000000 575.822639825 -406.262907474 0.008000000 574.460839774 -397.905684059 0.000000000 574.658127365 -397.872327920 0.000000000 574.460839774 -397.905684059 0.008000000 574.658127365 -397.872327920 0.008000000 572.840793995 -389.791817714 0.000000000 573.036205777 -389.749066738 0.000000000 572.840793995 -389.791817714 0.008000000 573.036205777 -389.749066738 0.008000000 570.944813097 -381.826764336 0.000000000 571.138635010 -381.777334292 0.000000000 570.944813097 -381.826764336 0.008000000 571.138635010 -381.777334292 0.008000000 568.810524905 -373.984679270 0.000000000 569.003049450 -373.930482262 0.000000000 568.810524905 -373.984679270 0.008000000 569.003049450 -373.930482262 0.008000000 566.547797850 -366.206353944 0.000000000 566.739485359 -366.149279549 0.000000000 566.547797850 -366.206353944 0.008000000 566.739485359 -366.149279549 0.008000000 564.192481674 -358.474329560 0.000000000 564.383423113 -358.414805971 0.000000000 564.192481674 -358.474329560 0.008000000 564.383423113 -358.414805971 0.008000000 561.742001648 -350.789813966 0.000000000 561.932197848 -350.727953365 0.000000000 561.742001648 -350.789813966 0.008000000 561.932197848 -350.727953365 0.008000000 559.207428492 -343.147062205 0.000000000 559.397078530 -343.083554708 0.000000000 559.207428492 -343.147062205 0.008000000 559.397078530 -343.083554708 0.008000000 556.630530013 -335.525557912 0.000000000 556.819750428 -335.460779751 0.000000000 556.630530013 -335.525557912 0.008000000 556.819750428 -335.460779751 0.008000000 553.998773383 -327.932202763 0.000000000 554.187541685 -327.866120126 0.000000000 553.998773383 -327.932202763 0.008000000 554.187541685 -327.866120126 0.008000000 551.322458251 -320.362716416 0.000000000 551.510908536 -320.295734324 0.000000000 551.322458251 -320.362716416 0.008000000 551.510908536 -320.295734324 0.008000000 548.622578397 -312.806562393 0.000000000 548.810768420 -312.738851907 0.000000000 548.622578397 -312.806562393 0.008000000 548.810768420 -312.738851907 0.008000000 545.891861617 -305.269229735 0.000000000 546.079808159 -305.200847192 0.000000000 545.891861617 -305.269229735 0.008000000 546.079808159 -305.200847192 0.008000000 543.143188595 -297.746659146 0.000000000 543.330995325 -297.677893967 0.000000000 543.143188595 -297.746659146 0.008000000 543.330995325 -297.677893967 0.008000000 540.386833392 -290.234261508 0.000000000 540.574562606 -290.165285058 0.000000000 540.386833392 -290.234261508 0.008000000 540.574562606 -290.165285058 0.008000000 537.626730090 -282.732821133 0.000000000 537.814472674 -282.663881019 0.000000000 537.626730090 -282.732821133 0.008000000 537.814472674 -282.663881019 0.008000000 534.883475731 -275.247168367 0.000000000 535.071391271 -275.178700209 0.000000000 534.883475731 -275.247168367 0.008000000 535.071391271 -275.178700209 0.008000000 532.178335351 -267.779492377 0.000000000 532.366653719 -267.712136245 0.000000000 532.178335351 -267.779492377 0.008000000 532.366653719 -267.712136245 0.008000000 529.556832036 -260.355447007 0.000000000 529.746021348 -260.290557373 0.000000000 529.556832036 -260.355447007 0.008000000 529.746021348 -260.290557373 0.008000000 527.142183231 -253.102689271 0.000000000 527.334489113 -253.047160717 0.000000000 527.142183231 -253.102689271 0.008000000 527.334489113 -253.047160717 0.008000000 525.394183132 -245.985147528 0.000000000 525.590397656 -245.945534262 0.000000000 525.394183132 -245.985147528 0.008000000 525.590397656 -245.945534262 0.008000000 524.212365951 -238.548278343 0.000000000 524.410941319 -238.523521259 0.000000000 524.212365951 -238.548278343 0.008000000 524.410941319 -238.523521259 0.008000000 523.530996219 -231.037518947 0.000000000 523.730695623 -231.025152145 0.000000000 523.530996219 -231.037518947 0.008000000 523.730695623 -231.025152145 0.008000000 523.280650067 -223.505351728 0.000000000 523.480784652 -223.506078226 0.000000000 523.280650067 -223.505351728 0.008000000 523.480784652 -223.506078226 0.008000000 523.584961365 -215.992773109 0.000000000 523.784539257 -216.007242772 0.000000000 523.584961365 -215.992773109 0.008000000 523.784539257 -216.007242772 0.008000000 524.365420869 -208.534545825 0.000000000 524.563628494 -208.562110042 0.000000000 524.365420869 -208.534545825 0.008000000 524.563628494 -208.562110042 0.008000000 525.646358826 -201.165085587 0.000000000 525.842145964 -201.206575286 0.000000000 525.646358826 -201.165085587 0.008000000 525.842145964 -201.206575286 0.008000000 527.460451020 -193.926245735 0.000000000 527.652440701 -193.982888571 0.000000000 527.460451020 -193.926245735 0.008000000 527.652440701 -193.982888571 0.008000000 529.861222751 -186.876631879 0.000000000 530.048061069 -186.948401150 0.000000000 529.861222751 -186.876631879 0.008000000 530.048061069 -186.948401150 0.008000000 532.793778908 -180.040924559 0.000000000 532.974481900 -180.126995105 0.000000000 532.793778908 -180.040924559 0.008000000 532.974481900 -180.126995105 0.008000000 536.253141741 -173.456893104 0.000000000 536.426527021 -173.556891085 0.000000000 536.253141741 -173.456893104 0.008000000 536.426527021 -173.556891085 0.008000000 540.223784242 -167.158743132 0.000000000 540.388833536 -167.271963479 0.000000000 540.223784242 -167.158743132 0.008000000 540.388833536 -167.271963479 0.008000000 544.679613559 -161.174120963 0.000000000 544.835565811 -161.299559541 0.000000000 544.679613559 -161.174120963 0.008000000 544.835565811 -161.299559541 0.008000000 549.585037378 -155.521678973 0.000000000 549.731456146 -155.658102834 0.000000000 549.585037378 -155.521678973 0.008000000 549.731456146 -155.658102834 0.008000000 554.897510258 -150.209117326 0.000000000 555.033905139 -150.355565242 0.000000000 554.897510258 -150.209117326 0.008000000 555.033905139 -150.355565242 0.008000000 560.599832268 -145.264674492 0.000000000 560.725282436 -145.420612491 0.000000000 560.599832268 -145.264674492 0.008000000 560.725282436 -145.420612491 0.008000000 566.814833931 -140.631453271 0.000000000 566.931588137 -140.793874022 0.000000000 566.814833931 -140.631453271 0.008000000 566.931588137 -140.793874022 0.008000000 573.303783949 -136.135631280 0.000000000 573.416301345 -136.300987473 0.000000000 573.303783949 -136.135631280 0.008000000 573.416301345 -136.300987473 0.008000000 579.917251133 -131.716461240 0.000000000 580.027838108 -131.883107356 0.000000000 579.917251133 -131.716461240 0.008000000 580.027838108 -131.883107356 0.008000000 586.559724655 -127.338944674 0.000000000 586.669196417 -127.506325737 0.000000000 586.559724655 -127.338944674 0.008000000 586.669196417 -127.506325737 0.008000000 593.234050971 -123.006919643 0.000000000 593.342343953 -123.175065802 0.000000000 593.234050971 -123.006919643 0.008000000 593.342343953 -123.175065802 0.008000000 599.940187875 -118.721387393 0.000000000 600.047402139 -118.890222903 0.000000000 599.940187875 -118.721387393 0.008000000 600.047402139 -118.890222903 0.008000000 606.671768753 -114.473677224 0.000000000 606.778021587 -114.643119408 0.000000000 606.671768753 -114.473677224 0.008000000 606.778021587 -114.643119408 0.008000000 613.428272968 -110.263360436 0.000000000 613.533575130 -110.433395031 0.000000000 613.428272968 -110.263360436 0.008000000 613.533575130 -110.433395031 0.008000000 620.209116587 -106.090022664 0.000000000 620.313479603 -106.260635267 0.000000000 620.209116587 -106.090022664 0.008000000 620.313479603 -106.260635267 0.008000000 627.013702645 -101.953213713 0.000000000 627.117139175 -102.124389567 0.000000000 627.013702645 -101.953213713 0.008000000 627.117139175 -102.124389567 0.008000000 633.841435339 -97.852417460 0.000000000 633.943922703 -98.024163391 0.000000000 633.841435339 -97.852417460 0.008000000 633.943922703 -98.024163391 0.008000000 640.693478369 -93.789972565 0.000000000 640.795044566 -93.962264639 0.000000000 640.693478369 -93.789972565 0.008000000 640.795044566 -93.962264639 0.008000000 647.566715087 -89.761366659 0.000000000 647.667435163 -89.934154669 0.000000000 647.566715087 -89.761366659 0.008000000 647.667435163 -89.934154669 0.008000000 654.460170436 -85.765215917 0.000000000 654.560072307 -85.938478242 0.000000000 654.460170436 -85.765215917 0.008000000 654.560072307 -85.938478242 0.008000000 661.373223524 -81.800631608 0.000000000 661.472331421 -81.974349271 0.000000000 661.373223524 -81.800631608 0.008000000 661.472331421 -81.974349271 0.008000000 668.305196338 -77.866475179 0.000000000 668.403541028 -78.040625992 0.000000000 668.305196338 -77.866475179 0.008000000 668.403541028 -78.040625992 0.008000000 675.255374664 -73.961247235 0.000000000 675.352958859 -74.135825361 0.000000000 675.255374664 -73.961247235 0.008000000 675.352958859 -74.135825361 0.008000000 682.224886277 -70.085771368 0.000000000 682.321758716 -70.260745274 0.000000000 682.224886277 -70.085771368 0.008000000 682.321758716 -70.260745274 0.008000000 689.211484849 -66.234602247 0.000000000 689.307761262 -66.409904695 0.000000000 689.211484849 -66.234602247 0.008000000 689.307761262 -66.409904695 0.008000000 696.214335663 -62.402749890 0.000000000 696.310125776 -62.578318435 0.000000000 696.214335663 -62.402749890 0.008000000 696.310125776 -62.578318435 0.008000000 703.279271678 -58.559308086 0.000000000 703.376228101 -58.734242139 0.000000000 703.279271678 -58.559308086 0.008000000 703.376228101 -58.734242139 0.008000000 710.617797620 -54.416239597 0.000000000 710.722425944 -54.586842370 0.000000000 710.617797620 -54.416239597 0.008000000 710.722425944 -54.586842370 0.008000000 717.760611182 -49.671838692 0.000000000 717.878523630 -49.833617881 0.000000000 717.760611182 -49.671838692 0.008000000 717.878523630 -49.833617881 0.008000000 724.484818849 -44.307851954 0.000000000 724.616401122 -44.458726549 0.000000000 724.484818849 -44.307851954 0.008000000 724.616401122 -44.458726549 0.008000000 730.711149633 -38.377455459 0.000000000 730.855327825 -38.516332813 0.000000000 730.711149633 -38.377455459 0.008000000 730.855327825 -38.516332813 0.008000000 736.382316382 -31.958293693 0.000000000 736.537511262 -32.084701318 0.000000000 736.382316382 -31.958293693 0.008000000 736.537511262 -32.084701318 0.008000000 741.486370927 -25.152039263 0.000000000 741.650636616 -25.266350969 0.000000000 741.486370927 -25.152039263 0.008000000 741.650636616 -25.266350969 0.008000000 746.055699948 -18.062174650 0.000000000 746.227062929 -18.165474052 0.000000000 746.055699948 -18.062174650 0.008000000 746.227062929 -18.165474052 0.008000000 750.154059526 -10.777689729 0.000000000 750.330759794 -10.871502559 0.000000000 750.154059526 -10.777689729 0.008000000 750.330759794 -10.871502559 0.008000000 753.859805858 -3.366586765 0.000000000 754.040406889 -3.452598478 0.000000000 753.859805858 -3.366586765 0.008000000 754.040406889 -3.452598478 0.008000000 757.251970723 4.123127221 0.000000000 757.435411430 4.043385355 0.000000000 757.251970723 4.123127221 0.008000000 757.435411430 4.043385355 0.008000000 760.381092872 11.631851162 0.000000000 760.566254140 11.556238002 0.000000000 760.381092872 11.631851162 0.008000000 760.566254140 11.556238002 0.008000000 763.341800675 19.032791919 0.000000000 763.527191694 18.957753071 0.000000000 763.341800675 19.032791919 0.008000000 763.527191694 18.957753071 0.008000000 766.308242008 26.277017037 0.000000000 766.492134002 26.198317481 0.000000000 766.308242008 26.277017037 0.008000000 766.492134002 26.198317481 0.008000000 769.415088307 33.232245961 0.000000000 769.595063333 33.144777575 0.000000000 769.415088307 33.232245961 0.008000000 769.595063333 33.144777575 0.008000000 772.837169701 39.731092788 0.000000000 773.009328094 39.628779898 0.000000000 772.837169701 39.731092788 0.008000000 773.009328094 39.628779898 0.008000000 776.765328059 45.626513949 0.000000000 776.924134936 45.504162965 0.000000000 776.765328059 45.626513949 0.008000000 776.924134936 45.504162965 0.008000000 781.385487468 50.839788489 0.000000000 781.525245808 50.695943602 0.000000000 781.385487468 50.839788489 0.008000000 781.525245808 50.695943602 0.008000000 786.799400100 55.366078998 0.000000000 786.918072434 55.204605199 0.000000000 786.799400100 55.366078998 0.008000000 786.918072434 55.204605199 0.008000000 792.901095094 59.287736469 0.000000000 793.000622452 59.113957887 0.000000000 792.901095094 59.287736469 0.008000000 793.000622452 59.113957887 0.008000000 799.551945336 62.657847963 0.000000000 799.636007457 62.476232852 0.000000000 799.551945336 62.657847963 0.008000000 799.636007457 62.476232852 0.008000000 806.591616906 65.617449202 0.000000000 806.664998456 65.431343792 0.000000000 806.591616906 65.617449202 0.008000000 806.664998456 65.431343792 0.008000000 814.102411021 68.386242247 0.000000000 814.172233081 68.198824661 0.000000000 814.102411021 68.386242247 0.008000000 814.172233081 68.198824661 0.008000000 821.793524356 71.281671827 0.000000000 821.867562392 71.095841405 0.000000000 821.793524356 71.281671827 0.008000000 821.867562392 71.095841405 0.008000000 829.499185490 74.523494271 0.000000000 829.581963666 74.341340884 0.000000000 829.499185490 74.523494271 0.008000000 829.581963666 74.341340884 0.008000000 837.161109105 78.270614654 0.000000000 837.256427711 78.094594256 0.000000000 837.161109105 78.270614654 0.008000000 837.256427711 78.094594256 0.008000000 844.661391177 82.743737661 0.000000000 844.774372905 82.578251443 0.000000000 844.661391177 82.743737661 0.008000000 844.774372905 82.578251443 0.008000000 851.724720254 88.229163105 0.000000000 851.858665419 88.079957223 0.000000000 851.724720254 88.229163105 0.008000000 851.858665419 88.079957223 0.008000000 858.007844978 94.734802781 0.000000000 858.162192754 94.606722062 0.000000000 858.007844978 94.734802781 0.008000000 858.162192754 94.606722062 0.008000000 863.221282855 102.078998980 0.000000000 863.392312036 101.974417441 0.000000000 863.221282855 102.078998980 0.008000000 863.392312036 101.974417441 0.008000000 867.319728527 109.945222161 0.000000000 867.502843612 109.863837323 0.000000000 867.319728527 109.945222161 0.008000000 867.502843612 109.863837323 0.008000000 870.346121969 118.080850385 0.000000000 870.536526375 118.019060885 0.000000000 870.346121969 118.080850385 0.008000000 870.536526375 118.019060885 0.008000000 872.634456509 126.302529253 0.000000000 872.829257566 126.256536328 0.000000000 872.634456509 126.302529253 0.008000000 872.829257566 126.256536328 0.008000000 874.238334121 134.542015817 0.000000000 874.435632418 134.508851789 0.000000000 874.238334121 134.542015817 0.008000000 874.435632418 134.508851789 0.008000000 875.390107448 142.667234964 0.000000000 875.588485423 142.641687554 0.000000000 875.390107448 142.667234964 0.008000000 875.588485423 142.641687554 0.008000000 876.294584813 150.474376265 0.000000000 876.493015937 150.449287622 0.000000000 876.294584813 150.474376265 0.008000000 876.493015937 150.449287622 0.008000000 877.336518378 158.077210079 0.000000000 877.534026503 158.045386446 0.000000000 877.336518378 158.077210079 0.008000000 877.534026503 158.045386446 0.008000000 878.725662610 165.570322480 0.000000000 878.921251730 165.528147643 0.000000000 878.725662610 165.570322480 0.008000000 878.921251730 165.528147643 0.008000000 880.532247646 172.906659065 0.000000000 880.724758042 172.851981879 0.000000000 880.532247646 172.906659065 0.008000000 880.724758042 172.851981879 0.008000000 882.829029007 180.027194550 0.000000000 883.017234985 179.959172706 0.000000000 882.829029007 180.027194550 0.008000000 883.017234985 179.959172706 0.008000000 885.592593521 186.914109203 0.000000000 885.774606301 186.830653659 0.000000000 885.592593521 186.914109203 0.008000000 885.774606301 186.830653659 0.008000000 888.980725037 193.450527096 0.000000000 889.154232968 193.350663910 0.000000000 888.980725037 193.450527096 0.008000000 889.154232968 193.350663910 0.008000000 892.919654620 199.646362572 0.000000000 893.083333689 199.531038836 0.000000000 892.919654620 199.646362572 0.008000000 893.083333689 199.531038836 0.008000000 897.443409503 205.459632301 0.000000000 897.595385618 205.329269638 0.000000000 897.443409503 205.459632301 0.008000000 897.595385618 205.329269638 0.008000000 902.551592417 210.869761802 0.000000000 902.691752925 210.726885106 0.000000000 902.551592417 210.869761802 0.008000000 902.691752925 210.726885106 0.008000000 908.136000104 215.943352070 0.000000000 908.265956140 215.791204327 0.000000000 908.136000104 215.943352070 0.008000000 908.265956140 215.791204327 0.008000000 914.114986502 220.741678856 0.000000000 914.236682978 220.582902553 0.000000000 914.114986502 220.741678856 0.008000000 914.236682978 220.582902553 0.008000000 920.401798349 225.341185835 0.000000000 920.517425092 225.177968843 0.000000000 920.401798349 225.341185835 0.008000000 920.517425092 225.177968843 0.008000000 926.806441369 229.733049964 0.000000000 926.916667285 229.566129455 0.000000000 926.806441369 229.733049964 0.008000000 926.916667285 229.566129455 0.008000000 933.301450241 233.860934374 0.000000000 933.405046151 233.689800183 0.000000000 933.301450241 233.860934374 0.008000000 933.405046151 233.689800183 0.008000000 939.939332765 237.683941547 0.000000000 940.034503376 237.507954910 0.000000000 939.939332765 237.683941547 0.008000000 940.034503376 237.507954910 0.008000000 946.726681460 241.122637881 0.000000000 946.812101654 240.941711358 0.000000000 946.726681460 241.122637881 0.008000000 946.812101654 240.941711358 0.008000000 953.639986109 244.154226982 0.000000000 953.714387121 243.968468380 0.000000000 953.639986109 244.154226982 0.008000000 953.714387121 243.968468380 0.008000000 960.666546478 246.708424906 0.000000000 960.726962343 246.517582617 0.000000000 960.666546478 246.708424906 0.008000000 960.726962343 246.517582617 0.008000000 967.785476769 248.636784284 0.000000000 967.828948078 248.441352093 0.000000000 967.785476769 248.636784284 0.008000000 967.828948078 248.441352093 0.008000000 974.938815422 249.888407969 0.000000000 974.962625123 249.689535576 0.000000000 974.938815422 249.888407969 0.008000000 974.962625123 249.689535576 0.008000000 982.060711487 250.352667982 0.000000000 982.061100879 250.152268873 0.000000000 982.060711487 250.352667982 0.008000000 982.061100879 250.152268873 0.008000000 989.063357205 249.923503864 0.000000000 989.036849398 249.724753176 0.000000000 989.063357205 249.923503864 0.008000000 989.036849398 249.724753176 0.008000000 995.846765982 248.520380058 0.000000000 995.790215849 248.327843518 0.000000000 995.846765982 248.520380058 0.008000000 995.790215849 248.327843518 0.008000000 1002.538719558 245.944931973 0.000000000 1002.458793040 245.761392009 0.000000000 1002.538719558 245.944931973 0.008000000 1002.458793040 245.761392009 0.008000000 1009.712160631 242.444046584 0.000000000 1009.624339444 242.264359488 0.000000000 1009.712160631 242.444046584 0.008000000 1009.624339444 242.264359488 0.008000000 1016.906199851 238.922878903 0.000000000 1016.818398880 238.743181913 0.000000000 1016.906199851 238.922878903 0.008000000 1016.818398880 238.743181913 0.008000000 1024.102640160 235.412774374 0.000000000 1024.015042589 235.232978174 0.000000000 1024.102640160 235.412774374 0.008000000 1024.015042589 235.232978174 0.008000000 1031.301237248 231.909547051 0.000000000 1031.213790783 231.729677315 0.000000000 1031.301237248 231.909547051 0.008000000 1031.213790783 231.729677315 0.008000000 1038.502049867 228.412277452 0.000000000 1038.414747796 228.232337587 0.000000000 1038.502049867 228.412277452 0.008000000 1038.414747796 228.232337587 0.008000000 1045.705497021 224.920980487 0.000000000 1045.618329565 224.740975378 0.000000000 1045.705497021 224.920980487 0.008000000 1045.618329565 224.740975378 0.008000000 1052.911450112 221.434526807 0.000000000 1052.824407045 221.254461515 0.000000000 1052.911450112 221.434526807 0.008000000 1052.824407045 221.254461515 0.008000000 1060.120276040 217.952916146 0.000000000 1060.033379776 217.772779953 0.000000000 1060.120276040 217.952916146 0.008000000 1060.033379776 217.772779953 0.008000000 1067.333526234 214.477432898 0.000000000 1067.246801652 214.297213985 0.000000000 1067.333526234 214.477432898 0.008000000 1067.246801652 214.297213985 0.008000000 1074.552289962 211.007972717 0.000000000 1074.465800560 210.827640773 0.000000000 1074.552289962 211.007972717 0.008000000 1074.465800560 210.827640773 0.008000000 1081.783046798 207.547272837 0.000000000 1081.696977987 207.366739595 0.000000000 1081.783046798 207.547272837 0.008000000 1081.696977987 207.366739595 0.008000000 1089.049707927 204.096409178 0.000000000 1088.966759670 203.914394017 0.000000000 1089.049707927 204.096409178 0.008000000 1088.966759670 203.914394017 0.008000000 1097.206275014 200.533401501 0.000000000 1097.140692239 200.343800630 0.000000000 1097.206275014 200.533401501 0.008000000 1097.140692239 200.343800630 0.008000000 1106.237276400 198.187074024 0.000000000 1106.206122415 197.988528274 0.000000000 1106.237276400 198.187074024 0.008000000 1106.206122415 197.988528274 0.008000000 1115.561557050 197.654122543 0.000000000 1115.569319281 197.453352444 0.000000000 1115.561557050 197.654122543 0.008000000 1115.569319281 197.453352444 0.008000000 1124.681421950 198.887092982 0.000000000 1124.724608457 198.691112107 0.000000000 1124.681421950 198.887092982 0.008000000 1124.724608457 198.691112107 0.008000000 1133.274229667 201.539582955 0.000000000 1133.346354244 201.352534894 0.000000000 1133.274229667 201.539582955 0.008000000 1133.346354244 201.352534894 0.008000000 1141.226739505 205.250919815 0.000000000 1141.320954595 205.074181120 0.000000000 1141.226739505 205.250919815 0.008000000 1141.320954595 205.074181120 0.008000000 1148.587109490 209.691698462 0.000000000 1148.697153341 209.524509833 0.000000000 1148.587109490 209.691698462 0.008000000 1148.697153341 209.524509833 0.008000000 1155.473119497 214.621935355 0.000000000 1155.594918887 214.463163442 0.000000000 1155.473119497 214.621935355 0.008000000 1155.594918887 214.463163442 0.008000000 1161.938998528 219.930091699 0.000000000 1162.069850477 219.778751475 0.000000000 1161.938998528 219.930091699 0.008000000 1162.069850477 219.778751475 0.008000000 1168.070389316 225.511286850 0.000000000 1168.207891398 225.366000015 0.000000000 1168.070389316 225.511286850 0.008000000 1168.207891398 225.366000015 0.008000000 1173.942305511 231.288807220 0.000000000 1174.084895810 231.148526804 0.000000000 1173.942305511 231.288807220 0.008000000 1174.084895810 231.148526804 0.008000000 1179.593722096 237.223374607 0.000000000 1179.740564985 237.087559846 0.000000000 1179.593722096 237.223374607 0.008000000 1179.740564985 237.087559846 0.008000000 1185.048033672 243.295615322 0.000000000 1185.198399736 243.163722884 0.000000000 1185.048033672 243.295615322 0.008000000 1185.198399736 243.163722884 0.008000000 1190.360241962 249.497990011 0.000000000 1190.513706344 249.369715075 0.000000000 1190.360241962 249.497990011 0.008000000 1190.513706344 249.369715075 0.008000000 1195.491992065 255.789575818 0.000000000 1195.648035322 255.664462615 0.000000000 1195.491992065 255.789575818 0.008000000 1195.648035322 255.664462615 0.008000000 1200.501168148 262.145566680 0.000000000 1200.659060912 262.022800259 0.000000000 1200.501168148 262.145566680 0.008000000 1200.659060912 262.022800259 0.008000000 1205.386411875 268.514315662 0.000000000 1205.545205084 268.392723125 0.000000000 1205.386411875 268.514315662 0.008000000 1205.545205084 268.392723125 0.008000000 1210.188082186 274.795980944 0.000000000 1210.345728551 274.672888076 0.000000000 1210.188082186 274.795980944 0.008000000 1210.345728551 274.672888076 0.008000000 1214.963622232 280.784087508 0.000000000 1215.115897231 280.654259420 0.000000000 1214.963622232 280.784087508 0.008000000 1215.115897231 280.654259420 0.008000000 1219.825021059 286.121335733 0.000000000 1219.964112666 285.977033822 0.000000000 1219.825021059 286.121335733 0.008000000 1219.964112666 285.977033822 0.008000000 1224.939910186 290.447127658 0.000000000 1225.053785001 290.281499264 0.000000000 1224.939910186 290.447127658 0.008000000 1225.053785001 290.281499264 0.008000000 1230.649537672 293.585695155 0.000000000 1230.730699028 293.402084256 0.000000000 1230.649537672 293.585695155 0.008000000 1230.730699028 293.402084256 0.008000000 1234.664486371 294.960018907 0.000000000 1234.717085931 294.766631257 0.000000000 1234.664486371 294.960018907 0.008000000 1234.717085931 294.766631257 0.008000000 1241.659881217 296.387756436 0.000000000 1241.689161475 296.189609392 0.000000000 1241.659881217 296.387756436 0.008000000 1241.689161475 296.189609392 0.008000000 1248.942168334 297.060252528 0.000000000 1248.950675974 296.860187199 0.000000000 1248.942168334 297.060252528 0.008000000 1248.950675974 296.860187199 0.008000000 1256.088344640 297.009597919 0.000000000 1256.073604061 296.809697381 0.000000000 1256.088344640 297.009597919 0.008000000 1256.073604061 296.809697381 0.008000000 1262.988929260 296.036278550 0.000000000 1262.945263916 295.840457816 0.000000000 1262.988929260 296.036278550 0.008000000 1262.945263916 295.840457816 0.008000000 1269.504213246 294.030359442 0.000000000 1269.428804882 293.844311717 0.000000000 1269.504213246 294.030359442 0.008000000 1269.428804882 293.844311717 0.008000000 1275.526101857 290.960116904 0.000000000 1275.418672366 290.790395058 0.000000000 1275.526101857 290.960116904 0.008000000 1275.418672366 290.790395058 0.008000000 1280.939353205 286.783693165 0.000000000 1280.804473997 286.635149285 0.000000000 1280.939353205 286.783693165 0.008000000 1280.804473997 286.635149285 0.008000000 1285.746590846 281.659377477 0.000000000 1285.591688344 281.532177598 0.000000000 1285.746590846 281.659377477 0.008000000 1285.591688344 281.532177598 0.008000000 1289.989800199 275.735065751 0.000000000 1289.822011388 275.625857562 0.000000000 1289.989800199 275.735065751 0.008000000 1289.822011388 275.625857562 0.008000000 1293.978661194 268.964922419 0.000000000 1293.807389608 268.861625412 0.000000000 1293.978661194 268.964922419 0.008000000 1293.807389608 268.861625412 0.008000000 1298.437296159 261.741256724 0.000000000 1298.272677270 261.627181340 0.000000000 1298.437296159 261.741256724 0.008000000 1298.272677270 261.627181340 0.008000000 1304.035021034 254.513613521 0.000000000 1303.887031612 254.378066581 0.000000000 1304.035021034 254.513613521 0.008000000 1303.887031612 254.378066581 0.008000000 1308.569182121 250.317464626 0.000000000 1308.447628987 250.157452167 0.000000000 1308.569182121 250.317464626 0.008000000 1308.447628987 250.157452167 0.008000000 1314.100608671 246.906343881 0.000000000 1314.014634621 246.724390510 0.000000000 1314.100608671 246.906343881 0.008000000 1314.014634621 246.724390510 0.008000000 1320.302200507 244.780558911 0.000000000 1320.257702833 244.584388245 0.000000000 1320.302200507 244.780558911 0.008000000 1320.257702833 244.584388245 0.008000000 1326.581427138 244.049615253 0.000000000 1326.575547981 243.848949135 0.000000000 1326.581427138 244.049615253 0.008000000 1326.575547981 243.848949135 0.008000000 1332.545206978 244.391746772 0.000000000 1332.567846098 244.192716698 0.000000000 1332.545206978 244.391746772 0.008000000 1332.567846098 244.192716698 0.008000000 1337.719033381 245.275691151 0.000000000 1337.754968011 245.078932605 0.000000000 1337.719033381 245.275691151 0.008000000 1337.754968011 245.078932605 0.008000000 1345.601952768 246.808653380 0.000000000 1345.640461406 246.612395392 0.000000000 1345.601952768 246.808653380 0.008000000 1345.640461406 246.612395392 0.008000000 1353.460240605 248.364308285 0.000000000 1353.499215761 248.168142650 0.000000000 1353.460240605 248.364308285 0.008000000 1353.499215761 248.168142650 0.008000000 1361.311865113 249.929973012 0.000000000 1361.351058688 249.733850931 0.000000000 1361.311865113 249.929973012 0.008000000 1361.351058688 249.733850931 0.008000000 1369.160158210 251.501822057 0.000000000 1369.199489486 251.305727555 0.000000000 1369.160158210 251.501822057 0.008000000 1369.199489486 251.305727555 0.008000000 1377.006471763 253.077888127 0.000000000 1377.045907316 252.881814571 0.000000000 1377.006471763 253.077888127 0.008000000 1377.045907316 252.881814571 0.008000000 1384.851217146 254.657706862 0.000000000 1384.890734583 254.461649795 0.000000000 1384.851217146 254.657706862 0.008000000 1384.890734583 254.461649795 0.008000000 1392.694998616 256.240081520 0.000000000 1392.734571878 256.044035716 0.000000000 1392.694998616 256.240081520 0.008000000 1392.734571878 256.044035716 0.008000000 1400.538139677 257.824225518 0.000000000 1400.577755194 257.628188248 0.000000000 1400.538139677 257.824225518 0.008000000 1400.577755194 257.628188248 0.008000000 1408.380742637 259.409881144 0.000000000 1408.420402129 259.213852765 0.000000000 1408.380742637 259.409881144 0.008000000 1408.420402129 259.213852765 0.008000000 1416.222699322 260.997447993 0.000000000 1416.262396889 260.801427322 0.000000000 1416.222699322 260.997447993 0.008000000 1416.262396889 260.801427322 0.008000000 1424.064311719 262.586074474 0.000000000 1424.104034385 262.390058888 0.000000000 1424.064311719 262.586074474 0.008000000 1424.104034385 262.390058888 0.008000000 1431.905625440 264.175601526 0.000000000 1431.945372099 263.979590804 0.000000000 1431.905625440 264.175601526 0.008000000 1431.945372099 263.979590804 0.008000000 1439.746614770 265.766100214 0.000000000 1439.786385565 265.570094387 0.000000000 1439.746614770 265.766100214 0.008000000 1439.786385565 265.570094387 0.008000000 1447.587284305 267.357507136 0.000000000 1447.627073915 267.161505129 0.000000000 1447.587284305 267.357507136 0.008000000 1447.627073915 267.161505129 0.008000000 1455.427731437 268.949463095 0.000000000 1455.467534527 268.753463825 0.000000000 1455.427731437 268.949463095 0.008000000 1455.467534527 268.753463825 0.008000000 1463.267935657 270.541898493 0.000000000 1463.307749812 270.345901470 0.000000000 1463.267935657 270.541898493 0.008000000 1463.307749812 270.345901470 0.008000000 1471.107850283 272.134668030 0.000000000 1471.147670484 271.938672235 0.000000000 1471.107850283 272.134668030 0.008000000 1471.147670484 271.938672235 0.008000000 1478.947310602 273.727455891 0.000000000 1478.987125665 273.531459052 0.000000000 1478.947310602 273.727455891 0.008000000 1478.987125665 273.531459052 0.008000000 1486.785533584 275.319453922 0.000000000 1486.825301716 275.123447551 0.000000000 1486.785533584 275.319453922 0.008000000 1486.825301716 275.123447551 0.008000000 1494.646196898 276.912630250 0.000000000 1494.689650360 276.717370811 0.000000000 1494.646196898 276.912630250 0.008000000 1494.689650360 276.717370811 0.008000000 1503.184802564 278.983891561 0.000000000 1503.245757463 278.792877552 0.000000000 1503.184802564 278.983891561 0.008000000 1503.245757463 278.792877552 0.008000000 1511.658869686 282.366728838 0.000000000 1511.749022854 282.187370742 0.000000000 1511.658869686 282.366728838 0.008000000 1511.749022854 282.187370742 0.008000000 1519.464670769 287.170834257 0.000000000 1519.582846205 287.008722557 0.000000000 1519.464670769 287.170834257 0.008000000 1519.582846205 287.008722557 0.008000000 1526.220419295 292.955466432 0.000000000 1526.358671285 292.810545347 0.000000000 1526.220419295 292.955466432 0.008000000 1526.358671285 292.810545347 0.008000000 1532.073166883 299.172730535 0.000000000 1532.222798170 299.039897464 0.000000000 1532.073166883 299.172730535 0.008000000 1532.222798170 299.039897464 0.008000000 1537.304502984 305.424225994 0.000000000 1537.458505816 305.296616961 0.000000000 1537.304502984 305.424225994 0.008000000 1537.458505816 305.296616961 0.008000000 1542.387073229 311.618843730 0.000000000 1542.541808780 311.492127733 0.000000000 1542.387073229 311.618843730 0.008000000 1542.541808780 311.492127733 0.008000000 1547.453154848 317.816945396 0.000000000 1547.608058896 317.690435547 0.000000000 1547.453154848 317.816945396 0.008000000 1547.608058896 317.690435547 0.008000000 1552.513074539 324.017549813 0.000000000 1552.668050818 323.891128476 0.000000000 1552.513074539 324.017549813 0.008000000 1552.668050818 323.891128476 0.008000000 1557.570280126 330.219237945 0.000000000 1557.725309145 330.092881286 0.000000000 1557.570280126 330.219237945 0.008000000 1557.725309145 330.092881286 0.008000000 1562.623924179 336.422713704 0.000000000 1562.778993417 336.296406412 0.000000000 1562.623924179 336.422713704 0.008000000 1562.778993417 336.296406412 0.008000000 1567.676472632 342.626752541 0.000000000 1567.831562993 342.500471188 0.000000000 1567.676472632 342.626752541 0.008000000 1567.831562993 342.500471188 0.008000000 1572.727708633 348.831509887 0.000000000 1572.882822884 348.705257880 0.000000000 1572.727708633 348.831509887 0.008000000 1572.882822884 348.705257880 0.008000000 1577.777563859 355.037036032 0.000000000 1577.932690388 354.910799112 0.000000000 1577.777563859 355.037036032 0.008000000 1577.932690388 354.910799112 0.008000000 1582.827418698 361.242561786 0.000000000 1582.982558196 361.116340803 0.000000000 1582.827418698 361.242561786 0.008000000 1582.982558196 361.116340803 0.008000000 1587.875814692 367.448899056 0.000000000 1588.030968281 367.322695396 0.000000000 1587.875814692 367.448899056 0.008000000 1588.030968281 367.322695396 0.008000000 1592.924090020 373.655314298 0.000000000 1593.079245649 373.529113146 0.000000000 1592.924090020 373.655314298 0.008000000 1593.079245649 373.529113146 0.008000000 1597.972256571 379.861779262 0.000000000 1598.127419605 379.735587214 0.000000000 1597.972256571 379.861779262 0.008000000 1598.127419605 379.735587214 0.008000000 1603.019669212 386.068621763 0.000000000 1603.174838737 385.942437698 0.000000000 1603.019669212 386.068621763 0.008000000 1603.174838737 385.942437698 0.008000000 1608.067084924 392.275468043 0.000000000 1608.222254795 392.149284403 0.000000000 1608.067084924 392.275468043 0.008000000 1608.222254795 392.149284403 0.008000000 1613.114449852 398.482321435 0.000000000 1613.269621983 398.356140573 0.000000000 1613.114449852 398.482321435 0.008000000 1613.269621983 398.356140573 0.008000000 1618.161539499 404.689220856 0.000000000 1618.316713544 404.563042347 0.000000000 1618.161539499 404.689220856 0.008000000 1618.316713544 404.563042347 0.008000000 1623.208630176 410.896121545 0.000000000 1623.363804073 410.769942855 0.000000000 1623.208630176 410.896121545 0.008000000 1623.363804073 410.769942855 0.008000000 1628.255729972 417.103003799 0.000000000 1628.410901676 416.976822413 0.000000000 1628.255729972 417.103003799 0.008000000 1628.410901676 416.976822413 0.008000000 1633.302941942 423.309612957 0.000000000 1633.458111601 423.183429056 0.000000000 1633.302941942 423.309612957 0.008000000 1633.458111601 423.183429056 0.008000000 1638.350152883 429.516220862 0.000000000 1638.505322542 429.390036961 0.000000000 1638.350152883 429.516220862 0.008000000 1638.505322542 429.390036961 0.008000000 1643.397366827 435.722832471 0.000000000 1643.552530469 435.596641171 0.000000000 1643.397366827 435.722832471 0.008000000 1643.552530469 435.596641171 0.008000000 1648.445076636 441.928844644 0.000000000 1648.600233759 441.802645329 0.000000000 1648.445076636 441.928844644 0.008000000 1648.600233759 441.802645329 0.008000000 1653.492824696 448.134803181 0.000000000 1653.647981318 448.008603250 0.000000000 1653.492824696 448.134803181 0.008000000 1653.647981318 448.008603250 0.008000000 1658.540576849 454.340766785 0.000000000 1658.695724750 454.214556133 0.000000000 1658.540576849 454.340766785 0.008000000 1658.695724750 454.214556133 0.008000000 1663.589085428 460.545908212 0.000000000 1663.744222121 460.419683784 0.000000000 1663.589085428 460.545908212 0.008000000 1663.744222121 460.419683784 0.008000000 1668.637804799 466.750809592 0.000000000 1668.792939008 466.624582110 0.000000000 1668.637804799 466.750809592 0.008000000 1668.792939008 466.624582110 0.008000000 1673.686528692 472.955716610 0.000000000 1673.841651294 472.829474864 0.000000000 1673.686528692 472.955716610 0.008000000 1673.841651294 472.829474864 0.008000000 1678.736266883 479.159539470 0.000000000 1678.891372666 479.033277060 0.000000000 1678.736266883 479.159539470 0.008000000 1678.891372666 479.033277060 0.008000000 1683.786453347 485.362867142 0.000000000 1683.941553920 485.236598332 0.000000000 1683.786453347 485.362867142 0.008000000 1683.941553920 485.236598332 0.008000000 1688.836645768 491.566202316 0.000000000 1688.991729036 491.439912250 0.000000000 1688.836645768 491.566202316 0.008000000 1688.991729036 491.439912250 0.008000000 1693.888330149 497.767897208 0.000000000 1694.043389255 497.641577479 0.000000000 1693.888330149 497.767897208 0.008000000 1694.043389255 497.641577479 0.008000000 1698.940594757 503.968930843 0.000000000 1699.095647015 503.842602709 0.000000000 1698.940594757 503.968930843 0.008000000 1699.095647015 503.842602709 0.008000000 1703.992871555 510.169979863 0.000000000 1704.147892172 510.043612894 0.000000000 1703.992871555 510.169979863 0.008000000 1704.147892172 510.043612894 0.008000000 1709.047782085 516.367918223 0.000000000 1709.202768090 516.241508816 0.000000000 1709.047782085 516.367918223 0.008000000 1709.202768090 516.241508816 0.008000000 1714.102930575 522.565557838 0.000000000 1714.257896244 522.439123499 0.000000000 1714.102930575 522.565557838 0.008000000 1714.257896244 522.439123499 0.008000000 1719.159446630 528.761393649 0.000000000 1719.314361480 528.634897039 0.000000000 1719.159446630 528.761393649 0.008000000 1719.314361480 528.634897039 0.008000000 1724.218554716 534.953719527 0.000000000 1724.373431656 534.827176516 0.000000000 1724.218554716 534.953719527 0.008000000 1724.373431656 534.827176516 0.008000000 1729.277981514 541.145544339 0.000000000 1729.432779691 541.018904938 0.000000000 1729.277981514 541.145544339 0.008000000 1729.432779691 541.018904938 0.008000000 1734.342385939 547.328628357 0.000000000 1734.497094196 547.201879173 0.000000000 1734.342385939 547.328628357 0.008000000 1734.497094196 547.201879173 0.008000000 1739.407443918 553.509422849 0.000000000 1739.562017880 553.382509787 0.000000000 1739.407443918 553.509422849 0.008000000 1739.562017880 553.382509787 0.008000000 1744.477411196 559.672613734 0.000000000 1744.631709716 559.545365836 0.000000000 1744.477411196 559.672613734 0.008000000 1744.631709716 559.545365836 0.008000000 1749.538418043 565.794133690 0.000000000 1749.692023216 565.666047157 0.000000000 1749.538418043 565.794133690 0.008000000 1749.692023216 565.666047157 0.008000000 1754.720643360 571.955888451 0.000000000 1754.880300096 571.834997330 0.000000000 1754.720643360 571.955888451 0.008000000 1754.880300096 571.834997330 0.008000000 1760.285918172 580.144724814 0.000000000 1760.464548272 580.051751413 0.000000000 1760.285918172 580.144724814 0.008000000 1760.464548272 580.051751413 0.008000000 1762.506619932 585.993392691 0.000000000 1762.700200373 585.939794041 0.000000000 1762.506619932 585.993392691 0.008000000 1762.700200373 585.939794041 0.008000000 1763.613425931 592.168693774 0.000000000 1763.813686987 592.152368869 0.000000000 1763.613425931 592.168693774 0.008000000 1763.813686987 592.152368869 0.008000000 1763.520222913 598.520882625 0.000000000 1763.719890464 598.545007663 0.000000000 1763.520222913 598.520882625 0.008000000 1763.719890464 598.545007663 0.008000000 1762.052648010 604.909059269 0.000000000 1762.241885885 604.978583425 0.000000000 1762.052648010 604.909059269 0.008000000 1762.241885885 604.978583425 0.008000000 1758.854889372 611.076198479 0.000000000 1759.017534252 611.197009404 0.000000000 1758.854889372 611.076198479 0.008000000 1759.017534252 611.197009404 0.008000000 1753.479612267 616.303114417 0.000000000 1753.590756596 616.474004444 0.000000000 1753.479612267 616.303114417 0.008000000 1753.590756596 616.474004444 0.008000000 1746.238660138 619.211091203 0.000000000 1746.276415982 619.411454151 0.000000000 1746.238660138 619.211091203 0.008000000 1746.276415982 619.411454151 0.008000000 1738.846667109 619.141754329 0.000000000 1738.818757171 619.341501332 0.000000000 1738.846667109 619.141754329 0.008000000 1738.818757171 619.341501332 0.008000000 1733.609163734 617.701951664 0.000000000 1733.552870217 617.893895951 0.000000000 1733.609163734 617.701951664 0.008000000 1733.552870217 617.893895951 0.008000000 1725.995466208 615.327675150 0.000000000 1725.936151473 615.518677292 0.000000000 1725.995466208 615.327675150 0.008000000 1725.936151473 615.518677292 0.008000000 1718.358780591 612.966046001 0.000000000 1718.299772709 613.157143036 0.000000000 1718.358780591 612.966046001 0.008000000 1718.299772709 613.157143036 0.008000000 1710.718199810 610.610286665 0.000000000 1710.659312932 610.801421008 0.000000000 1710.718199810 610.610286665 0.008000000 1710.659312932 610.801421008 0.008000000 1703.075843092 608.257502148 0.000000000 1703.017076389 608.448673489 0.000000000 1703.075843092 608.257502148 0.008000000 1703.017076389 608.448673489 0.008000000 1695.430744089 605.910872531 0.000000000 1695.372067548 606.102071546 0.000000000 1695.430744089 605.910872531 0.008000000 1695.372067548 606.102071546 0.008000000 1687.785355219 603.565046325 0.000000000 1687.726753891 603.756268418 0.000000000 1687.785355219 603.565046325 0.008000000 1687.726753891 603.756268418 0.008000000 1680.138076157 601.224329186 0.000000000 1680.079539846 601.415571180 0.000000000 1680.138076157 601.224329186 0.008000000 1680.079539846 601.415571180 0.008000000 1672.490792871 598.883609786 0.000000000 1672.432330566 599.074874432 0.000000000 1672.490792871 598.883609786 0.008000000 1672.432330566 599.074874432 0.008000000 1664.841580470 596.548774097 0.000000000 1664.783192636 596.740061475 0.000000000 1664.841580470 596.548774097 0.008000000 1664.783192636 596.740061475 0.008000000 1657.192368610 594.213976836 0.000000000 1657.134031326 594.405279643 0.000000000 1657.192368610 594.213976836 0.008000000 1657.134031326 594.405279643 0.008000000 1649.541936908 591.883188317 0.000000000 1649.483677272 592.074514780 0.000000000 1649.541936908 591.883188317 0.008000000 1649.483677272 592.074514780 0.008000000 1641.890862135 589.554609898 0.000000000 1641.832641122 589.745948117 0.000000000 1641.890862135 589.554609898 0.008000000 1641.832641122 589.745948117 0.008000000 1634.239513598 587.226917389 0.000000000 1634.181376543 587.418281148 0.000000000 1634.239513598 587.226917389 0.008000000 1634.181376543 587.418281148 0.008000000 1626.586521034 584.905091458 0.000000000 1626.528456850 585.096477326 0.000000000 1626.586521034 584.905091458 0.008000000 1626.528456850 585.096477326 0.008000000 1618.933542017 582.583268636 0.000000000 1618.875524164 582.774668560 0.000000000 1618.933542017 582.583268636 0.008000000 1618.875524164 582.774668560 0.008000000 1611.279544672 580.265184063 0.000000000 1611.221620168 580.456612259 0.000000000 1611.279544672 580.265184063 0.008000000 1611.221620168 580.456612259 0.008000000 1603.624561688 577.950904593 0.000000000 1603.566684180 578.142346996 0.000000000 1603.624561688 577.950904593 0.008000000 1603.566684180 578.142346996 0.008000000 1595.969561100 575.636618580 0.000000000 1595.911766469 575.828086040 0.000000000 1595.969561100 575.636618580 0.008000000 1595.911766469 575.828086040 0.008000000 1588.312859734 573.329052999 0.000000000 1588.255171326 573.520552472 0.000000000 1588.312859734 573.329052999 0.008000000 1588.255171326 573.520552472 0.008000000 1580.655723436 571.023389609 0.000000000 1580.598061567 571.214897073 0.000000000 1580.655723436 571.023389609 0.008000000 1580.598061567 571.214897073 0.008000000 1572.998476685 568.717974448 0.000000000 1572.940938240 568.909519072 0.000000000 1572.998476685 568.717974448 0.008000000 1572.940938240 568.909519072 0.008000000 1565.338919156 566.422345936 0.000000000 1565.281500927 566.613926590 0.000000000 1565.338919156 566.422345936 0.008000000 1565.281500927 566.613926590 0.008000000 1557.679402147 564.126727309 0.000000000 1557.622024337 564.318320077 0.000000000 1557.679402147 564.126727309 0.008000000 1557.622024337 564.318320077 0.008000000 1550.019107033 561.834399852 0.000000000 1549.961875757 562.026036470 0.000000000 1550.019107033 561.834399852 0.008000000 1549.961875757 562.026036470 0.008000000 1542.356930603 559.550750737 0.000000000 1542.299805408 559.742418971 0.000000000 1542.356930603 559.550750737 0.008000000 1542.299805408 559.742418971 0.008000000 1534.694757266 557.267099099 0.000000000 1534.637733847 557.458797667 0.000000000 1534.694757266 557.267099099 0.008000000 1534.637733847 557.458797667 0.008000000 1527.030886590 554.991804268 0.000000000 1526.974041168 555.183555680 0.000000000 1527.030886590 554.991804268 0.008000000 1526.974041168 555.183555680 0.008000000 1519.365826747 552.722780113 0.000000000 1519.309057425 552.914554054 0.000000000 1519.365826747 552.722780113 0.008000000 1519.309057425 552.914554054 0.008000000 1511.700700410 550.453730565 0.000000000 1511.644143269 550.645567315 0.000000000 1511.700700410 550.453730565 0.008000000 1511.644143269 550.645567315 0.008000000 1504.032572152 548.202241188 0.000000000 1503.976236947 548.394143102 0.000000000 1504.032572152 548.202241188 0.008000000 1503.976236947 548.394143102 0.008000000 1496.364349205 545.951552988 0.000000000 1496.308158019 546.143497173 0.000000000 1496.364349205 545.951552988 0.008000000 1496.308158019 546.143497173 0.008000000 1488.694573777 543.712078810 0.000000000 1488.638668001 543.904106331 0.000000000 1488.694573777 543.712078810 0.008000000 1488.638668001 543.904106331 0.008000000 1481.023175048 541.485211140 0.000000000 1480.967480669 541.677300026 0.000000000 1481.023175048 541.485211140 0.008000000 1480.967480669 541.677300026 0.008000000 1473.351315249 539.263443910 0.000000000 1473.296002703 539.455643375 0.000000000 1473.351315249 539.263443910 0.008000000 1473.296002703 539.455643375 0.008000000 1465.677458302 537.068900504 0.000000000 1465.622499754 537.261201204 0.000000000 1465.677458302 537.068900504 0.008000000 1465.622499754 537.261201204 0.008000000 1458.003579265 534.877140003 0.000000000 1457.949158933 535.069594424 0.000000000 1458.003579265 534.877140003 0.008000000 1457.949158933 535.069594424 0.008000000 1450.330522435 532.729213081 0.000000000 1450.276787240 532.921859293 0.000000000 1450.330522435 532.729213081 0.008000000 1450.276787240 532.921859293 0.008000000 1442.660547019 530.597470185 0.000000000 1442.607626696 530.790342878 0.000000000 1442.660547019 530.597470185 0.008000000 1442.607626696 530.790342878 0.008000000 1435.001301918 528.523101040 0.000000000 1434.949967135 528.716403147 0.000000000 1435.001301918 528.523101040 0.008000000 1434.949967135 528.716403147 0.008000000 1427.313846998 526.521926405 0.000000000 1427.264335813 526.715703226 0.000000000 1427.313846998 526.521926405 0.008000000 1427.264335813 526.715703226 0.008000000 1419.589586308 524.585403195 0.000000000 1419.541598499 524.779561936 0.000000000 1419.589586308 524.585403195 0.008000000 1419.541598499 524.779561936 0.008000000 1411.832833783 522.695746158 0.000000000 1411.785704220 522.890113981 0.000000000 1411.832833783 522.695746158 0.008000000 1411.785704220 522.890113981 0.008000000 1404.069824139 520.822233453 0.000000000 1404.023084989 521.016695497 0.000000000 1404.069824139 520.822233453 0.008000000 1404.023084989 521.016695497 0.008000000 1396.302068111 518.962912101 0.000000000 1396.255687552 519.157459980 0.000000000 1396.302068111 518.962912101 0.008000000 1396.255687552 519.157459980 0.008000000 1388.530160663 517.117550903 0.000000000 1388.484126949 517.312181136 0.000000000 1388.530160663 517.117550903 0.008000000 1388.484126949 517.312181136 0.008000000 1380.754596761 515.285642859 0.000000000 1380.708887791 515.480349601 0.000000000 1380.754596761 515.285642859 0.008000000 1380.708887791 515.480349601 0.008000000 1372.975887684 513.466060720 0.000000000 1372.930486231 513.660839395 0.000000000 1372.975887684 513.466060720 0.008000000 1372.930486231 513.660839395 0.008000000 1365.194205180 511.658632011 0.000000000 1365.149122729 511.853484781 0.000000000 1365.194205180 511.658632011 0.008000000 1365.149122729 511.853484781 0.008000000 1357.409411758 509.864495853 0.000000000 1357.364651346 510.059422842 0.000000000 1357.409411758 509.864495853 0.008000000 1357.364651346 510.059422842 0.008000000 1349.621822673 508.082799490 0.000000000 1349.577371725 508.277797280 0.000000000 1349.621822673 508.082799490 0.008000000 1349.577371725 508.277797280 0.008000000 1341.831542281 506.313424332 0.000000000 1341.787397742 506.508491715 0.000000000 1341.831542281 506.313424332 0.008000000 1341.787397742 506.508491715 0.008000000 1334.038662690 504.556267154 0.000000000 1333.994821867 504.751403020 0.000000000 1334.038662690 504.556267154 0.008000000 1333.994821867 504.751403020 0.008000000 1326.243263499 502.811233725 0.000000000 1326.199723925 503.006437027 0.000000000 1326.243263499 502.811233725 0.008000000 1326.199723925 503.006437027 0.008000000 1318.445392255 501.078229768 0.000000000 1318.402195808 501.273509327 0.000000000 1318.445392255 501.078229768 0.008000000 1318.402195808 501.273509327 0.008000000 1310.644433168 499.360723491 0.000000000 1310.601607144 499.556084604 0.000000000 1310.644433168 499.360723491 0.008000000 1310.601607144 499.556084604 0.008000000 1302.840749424 497.657462607 0.000000000 1302.798261081 497.852897424 0.000000000 1302.840749424 497.657462607 0.008000000 1302.798261081 497.852897424 0.008000000 1295.034647899 495.967090873 0.000000000 1294.992480420 496.162595171 0.000000000 1295.034647899 495.967090873 0.008000000 1294.992480420 496.162595171 0.008000000 1287.226135832 494.289613650 0.000000000 1287.184334398 494.485196584 0.000000000 1287.226135832 494.289613650 0.008000000 1287.184334398 494.485196584 0.008000000 1279.414605230 492.628659075 0.000000000 1279.373228138 492.824332236 0.000000000 1279.414605230 492.628659075 0.008000000 1279.373228138 492.824332236 0.008000000 1271.600009484 490.985308629 0.000000000 1271.559029042 491.181065203 0.000000000 1271.600009484 490.985308629 0.008000000 1271.559029042 491.181065203 0.008000000 1263.786951732 489.357101065 0.000000000 1263.746346936 489.552935922 0.000000000 1263.786951732 489.357101065 0.008000000 1263.746346936 489.552935922 0.008000000 1255.974471877 487.745473942 0.000000000 1255.934477072 487.941434634 0.000000000 1255.974471877 487.745473942 0.008000000 1255.934477072 487.941434634 0.008000000 1248.148195866 486.165308101 0.000000000 1248.108857195 486.361401270 0.000000000 1248.148195866 486.165308101 0.008000000 1248.108857195 486.361401270 0.008000000 1240.316829607 484.604362361 0.000000000 1240.277930629 484.800543169 0.000000000 1240.316829607 484.604362361 0.008000000 1240.277930629 484.800543169 0.008000000 1232.481335917 483.058864392 0.000000000 1232.442816232 483.255120013 0.000000000 1232.481335917 483.058864392 0.008000000 1232.442816232 483.255120013 0.008000000 1224.641974063 481.527811924 0.000000000 1224.603809205 481.724136844 0.000000000 1224.641974063 481.527811924 0.008000000 1224.603809205 481.724136844 0.008000000 1216.798984802 480.010272632 0.000000000 1216.761169104 480.206665110 0.000000000 1216.798984802 480.010272632 0.008000000 1216.761169104 480.206665110 0.008000000 1208.952223456 478.506725362 0.000000000 1208.914753059 478.703184006 0.000000000 1208.952223456 478.506725362 0.008000000 1208.914753059 478.703184006 0.008000000 1201.101880428 477.016377679 0.000000000 1201.064705881 477.212892488 0.000000000 1201.101880428 477.016377679 0.008000000 1201.064705881 477.212892488 0.008000000 1193.248749320 475.536112521 0.000000000 1193.211821133 475.732673768 0.000000000 1193.248749320 475.536112521 0.008000000 1193.211821133 475.732673768 0.008000000 1185.392972937 474.065127737 0.000000000 1185.356270840 474.261731318 0.000000000 1185.392972937 474.065127737 0.008000000 1185.356270840 474.261731318 0.008000000 1177.534700440 472.602603165 0.000000000 1177.498203458 472.799244921 0.000000000 1177.534700440 472.602603165 0.008000000 1177.498203458 472.799244921 0.008000000 1169.674069754 471.147678011 0.000000000 1169.637764139 471.344355187 0.000000000 1169.674069754 471.147678011 0.008000000 1169.637764139 471.344355187 0.008000000 1161.810967501 469.700081879 0.000000000 1161.774827367 469.896789520 0.000000000 1161.810967501 469.700081879 0.008000000 1161.774827367 469.896789520 0.008000000 1153.945732873 468.257987887 0.000000000 1153.909715541 468.454718044 0.000000000 1153.945732873 468.257987887 0.008000000 1153.909715541 468.454718044 0.008000000 1146.078639321 466.819809548 0.000000000 1146.042710087 467.016555810 0.000000000 1146.078639321 466.819809548 0.008000000 1146.042710087 467.016555810 0.008000000 1138.209778509 465.384333531 0.000000000 1138.173905271 465.581090008 0.000000000 1138.209778509 465.384333531 0.008000000 1138.173905271 465.581090008 0.008000000 1130.339234313 463.950153624 0.000000000 1130.303379648 464.146913485 0.000000000 1130.339234313 463.950153624 0.008000000 1130.303379648 464.146913485 0.008000000 1122.467072783 462.515611042 0.000000000 1122.431192330 462.712366204 0.000000000 1122.467072783 462.515611042 0.008000000 1122.431192330 462.712366204 0.008000000 1114.593330477 461.078715804 0.000000000 1114.557370787 461.275456506 0.000000000 1114.593330477 461.078715804 0.008000000 1114.557370787 461.275456506 0.008000000 1106.717994278 459.637039864 0.000000000 1106.681889891 459.833754077 0.000000000 1106.717994278 459.637039864 0.008000000 1106.681889891 459.833754077 0.008000000 1098.840966317 458.187568660 0.000000000 1098.804635705 458.384241245 0.000000000 1098.840966317 458.187568660 0.008000000 1098.804635705 458.384241245 0.008000000 1090.962002115 456.726489892 0.000000000 1090.925342223 456.923101415 0.000000000 1090.962002115 456.726489892 0.008000000 1090.925342223 456.923101415 0.008000000 1083.096398886 455.251870711 0.000000000 1083.059520484 455.448441269 0.000000000 1083.096398886 455.251870711 0.008000000 1083.059520484 455.448441269 0.008000000 1075.262683576 453.781160885 0.000000000 1075.225804041 453.977731230 0.000000000 1075.262683576 453.781160885 0.008000000 1075.225804041 453.977731230 0.008000000 1067.437155845 452.313961595 0.000000000 1067.401197994 452.510704746 0.000000000 1067.437155845 452.313961595 0.008000000 1067.401197994 452.510704746 0.008000000 1059.591073495 450.916967228 0.000000000 1059.556112708 451.113887906 0.000000000 1059.591073495 450.916967228 0.008000000 1059.556112708 451.113887906 0.008000000 1051.742879141 449.527640761 0.000000000 1051.708794153 449.724716477 0.000000000 1051.742879141 449.527640761 0.008000000 1051.708794153 449.724716477 0.008000000 1043.878671729 448.199469535 0.000000000 1043.845398614 448.396682366 0.000000000 1043.878671729 448.199469535 0.008000000 1043.845398614 448.396682366 0.008000000 1036.013898600 446.873897778 0.000000000 1035.981322856 447.071228149 0.000000000 1036.013898600 446.873897778 0.008000000 1035.981322856 447.071228149 0.008000000 1028.136653970 445.600754477 0.000000000 1028.104742711 445.798192243 0.000000000 1028.136653970 445.600754477 0.008000000 1028.104742711 445.798192243 0.008000000 1020.259454841 444.327555493 0.000000000 1020.228136537 444.525089100 0.000000000 1020.259454841 444.327555493 0.008000000 1020.228136537 444.525089100 0.008000000 1012.372010631 443.101330527 0.000000000 1012.341305556 443.298959469 0.000000000 1012.372010631 443.101330527 0.008000000 1012.341305556 443.298959469 0.008000000 1004.484311052 441.876613952 0.000000000 1004.454071880 442.074315235 0.000000000 1004.484311052 441.876613952 0.008000000 1004.454071880 442.074315235 0.008000000 996.589473030 440.687334527 0.000000000 996.559782292 440.885118426 0.000000000 996.589473030 440.687334527 0.008000000 996.559782292 440.885118426 0.008000000 988.693101066 439.506084060 0.000000000 988.663812762 439.703928160 0.000000000 988.693101066 439.506084060 0.008000000 988.663812762 439.703928160 0.008000000 980.792266595 438.348760298 0.000000000 980.763477575 438.546677534 0.000000000 980.792266595 438.348760298 0.008000000 980.763477575 438.546677534 0.008000000 972.888603232 437.207164067 0.000000000 972.860173129 437.405133145 0.000000000 972.888603232 437.207164067 0.008000000 972.860173129 437.405133145 0.008000000 964.982712949 436.078369477 0.000000000 964.954745374 436.276404594 0.000000000 964.982712949 436.078369477 0.008000000 964.954745374 436.276404594 0.008000000 957.072816098 434.973575224 0.000000000 957.045177893 435.171656345 0.000000000 957.072816098 434.973575224 0.008000000 957.045177893 435.171656345 0.008000000 949.162521334 433.870982448 0.000000000 949.135319125 434.069124340 0.000000000 949.162521334 433.870982448 0.008000000 949.135319125 434.069124340 0.008000000 941.247171144 432.800928844 0.000000000 941.220377149 432.999125923 0.000000000 941.247171144 432.800928844 0.008000000 941.220377149 432.999125923 0.008000000 933.331868052 431.730857788 0.000000000 933.305394307 431.929098161 0.000000000 933.331868052 431.730857788 0.008000000 933.305394307 431.929098161 0.008000000 925.412881833 430.686360289 0.000000000 925.386826638 430.884655867 0.000000000 925.412881833 430.686360289 0.008000000 925.386826638 430.884655867 0.008000000 917.492851038 429.649678400 0.000000000 917.467084937 429.848011819 0.000000000 917.492851038 429.649678400 0.008000000 917.467084937 429.848011819 0.008000000 909.570802575 428.628267399 0.000000000 909.545445358 428.826653537 0.000000000 909.570802575 428.628267399 0.008000000 909.545445358 428.826653537 0.008000000 901.646584522 427.624248378 0.000000000 901.621520058 427.822671608 0.000000000 901.646584522 427.624248378 0.008000000 901.621520058 427.822671608 0.008000000 893.721627155 426.626228186 0.000000000 893.696969716 426.824702674 0.000000000 893.721627155 426.626228186 0.008000000 893.696969716 426.824702674 0.008000000 885.793690528 425.654766622 0.000000000 885.769364877 425.853281767 0.000000000 885.793690528 425.654766622 0.008000000 885.769364877 425.853281767 0.008000000 877.865730152 424.683278077 0.000000000 877.841789494 424.881840398 0.000000000 877.865730152 424.683278077 0.008000000 877.841789494 424.881840398 0.008000000 869.934730225 423.742650556 0.000000000 869.911202963 423.941261907 0.000000000 869.934730225 423.742650556 0.008000000 869.911202963 423.941261907 0.008000000 862.003549391 422.804263205 0.000000000 861.980359930 423.002914523 0.000000000 862.003549391 422.804263205 0.008000000 861.980359930 423.002914523 0.008000000 854.070314818 421.890724752 0.000000000 854.047553808 422.089425408 0.000000000 854.070314818 421.890724752 0.008000000 854.047553808 422.089425408 0.008000000 846.136338257 420.986685945 0.000000000 846.113956097 421.185429769 0.000000000 846.136338257 420.986685945 0.008000000 846.113956097 421.185429769 0.008000000 838.201043737 420.103555569 0.000000000 838.179115482 420.302349909 0.000000000 838.201043737 420.103555569 0.008000000 838.179115482 420.302349909 0.008000000 830.264806609 419.235956310 0.000000000 830.243316959 419.434798599 0.000000000 830.264806609 419.235956310 0.008000000 830.243316959 419.434798599 0.008000000 822.327788068 418.388070184 0.000000000 822.306790691 418.586965061 0.000000000 822.327788068 418.388070184 0.008000000 822.306790691 418.586965061 0.008000000 814.389992484 417.560046988 0.000000000 814.369522009 417.758996828 0.000000000 814.389992484 417.560046988 0.008000000 814.369522009 417.758996828 0.008000000 806.451950617 416.754560412 0.000000000 806.432027689 416.953565812 0.000000000 806.451950617 416.754560412 0.008000000 806.432027689 416.953565812 0.008000000 798.513628157 415.970621908 0.000000000 798.494365886 416.169692551 0.000000000 798.513628157 415.970621908 0.008000000 798.494365886 416.169692551 0.008000000 790.576098591 415.218389710 0.000000000 790.557462369 415.417519682 0.000000000 790.576098591 415.218389710 0.008000000 790.557462369 415.417519682 0.008000000 782.638914188 414.484933016 0.000000000 782.621148102 414.684143396 0.000000000 782.638914188 414.484933016 0.008000000 782.621148102 414.684143396 0.008000000 774.705312649 413.802966660 0.000000000 774.688492793 414.002258377 0.000000000 774.705312649 413.802966660 0.008000000 774.688492793 414.002258377 0.008000000 766.756501249 413.144506952 0.000000000 766.740689610 413.343882187 0.000000000 766.756501249 413.144506952 0.008000000 766.740689610 413.343882187 0.008000000 758.754822276 412.538169161 0.000000000 758.738744707 412.737524245 0.000000000 758.754822276 412.538169161 0.008000000 758.738744707 412.737524245 0.008000000 750.649536820 411.844978509 0.000000000 750.630975869 412.044121206 0.000000000 750.649536820 411.844978509 0.008000000 750.630975869 412.044121206 0.008000000 742.655043562 411.038364679 0.000000000 742.634544837 411.237311862 0.000000000 742.655043562 411.038364679 0.008000000 742.634544837 411.237311862 0.008000000 734.684303877 410.200027937 0.000000000 734.663193518 410.398910790 0.000000000 734.684303877 410.200027937 0.008000000 734.663193518 410.398910790 0.008000000 726.720580158 409.347011204 0.000000000 726.699155407 409.545860382 0.000000000 726.720580158 409.347011204 0.008000000 726.699155407 409.545860382 0.008000000 718.760550818 408.484345096 0.000000000 718.738893300 408.683169048 0.000000000 718.760550818 408.484345096 0.008000000 718.738893300 408.683169048 0.008000000 710.803165753 407.613158204 0.000000000 710.781330397 407.811962686 0.000000000 710.803165753 407.613158204 0.008000000 710.781330397 407.811962686 0.008000000 702.847163880 406.736525255 0.000000000 702.825205149 406.935316143 0.000000000 702.847163880 406.736525255 0.008000000 702.825205149 406.935316143 0.008000000 694.892141515 405.855603451 0.000000000 694.870081710 406.054383146 0.000000000 694.892141515 405.855603451 0.008000000 694.870081710 406.054383146 0.008000000 686.937895816 404.970976036 0.000000000 686.915731369 405.169744094 0.000000000 686.937895816 404.970976036 0.008000000 686.915731369 405.169744094 0.008000000 678.984455636 404.081751819 0.000000000 678.962189677 404.280508527 0.000000000 678.984455636 404.081751819 0.008000000 678.962189677 404.280508527 0.008000000 671.031478358 403.189040562 0.000000000 671.009132195 403.387788267 0.000000000 671.031478358 403.189040562 0.008000000 671.009132195 403.387788267 0.008000000 663.078822019 402.293404759 0.000000000 663.056401807 402.492144125 0.000000000 663.078822019 402.293404759 0.008000000 663.056401807 402.492144125 0.008000000 655.126447251 401.394760056 0.000000000 655.103932840 401.593488777 0.000000000 655.126447251 401.394760056 0.008000000 655.103932840 401.593488777 0.008000000 647.174251524 400.491541183 0.000000000 647.151635404 400.690258351 0.000000000 647.174251524 400.491541183 0.008000000 647.151635404 400.690258351 0.008000000 639.221937721 399.584658180 0.000000000 639.199223443 399.783364154 0.000000000 639.221937721 399.584658180 0.008000000 639.199223443 399.783364154 0.008000000 631.269201308 398.673418800 0.000000000 631.246364647 398.872110752 0.000000000 631.269201308 398.673418800 0.008000000 631.246364647 398.872110752 0.008000000 623.315286948 397.756426525 0.000000000 623.292280053 397.955098851 0.000000000 623.315286948 397.756426525 0.008000000 623.292280053 397.955098851 0.008000000 615.357855772 396.830831442 0.000000000 615.334573804 397.029471772 0.000000000 615.357855772 396.830831442 0.008000000 615.334573804 397.029471772 0.008000000 607.387171393 395.889532175 0.000000000 607.362207692 396.087973900 0.000000000 607.387171393 395.889532175 0.008000000 607.362207692 396.087973900 0.008000000 598.883538396 394.754153814 0.000000000 598.841570896 394.950325245 0.000000000 598.883538396 394.754153814 0.008000000 598.841570896 394.950325245 0.008000000 592.657286591 392.904430837 0.000000000 592.571540484 393.087596323 0.000000000 592.657286591 392.904430837 0.008000000 592.571540484 393.087596323 0.008000000 586.167507242 388.588389793 0.000000000 586.010497219 388.724161065 0.000000000 586.167507242 388.588389793 0.008000000 586.010497219 388.724161065 0.008000000 582.144992198 380.089400694 0.000000000 581.938675549 380.120994238 0.000000000 582.144992198 380.089400694 0.008000000 581.938675549 380.120994238 0.008000000 583.255465321 372.102610130 0.000000000 583.061960959 372.042054622 0.000000000 583.255465321 372.102610130 0.008000000 583.061960959 372.042054622 0.008000000 586.084403038 366.511610691 0.000000000 585.911253115 366.410827482 0.000000000 586.084403038 366.511610691 0.008000000 585.911253115 366.410827482 0.008000000 589.007609750 362.106028235 0.000000000 588.842955567 361.992441047 0.000000000 589.007609750 362.106028235 0.008000000 588.842955567 361.992441047 0.008000000 593.755173570 355.483188637 0.000000000 593.593599744 355.365304358 0.000000000 593.755173570 355.483188637 0.008000000 593.593599744 355.365304358 0.008000000 598.562743380 349.008432633 0.000000000 598.402658344 348.888543275 0.000000000 598.562743380 349.008432633 0.008000000 598.402658344 348.888543275 0.008000000 603.404648038 342.598291138 0.000000000 603.245313932 342.477407634 0.000000000 603.404648038 342.598291138 0.008000000 603.245313932 342.477407634 0.008000000 608.264221606 336.221055684 0.000000000 608.105281528 336.099655094 0.000000000 608.264221606 336.221055684 0.008000000 608.105281528 336.099655094 0.008000000 613.131922013 329.863130261 0.000000000 612.973176455 329.741475600 0.000000000 613.131922013 329.863130261 0.008000000 612.973176455 329.741475600 0.008000000 617.999746533 323.517290646 0.000000000 617.841032914 323.395594349 0.000000000 617.999746533 323.517290646 0.008000000 617.841032914 323.395594349 0.008000000 622.860134135 317.175813843 0.000000000 622.701306380 317.054266463 0.000000000 622.860134135 317.175813843 0.008000000 622.701306380 317.054266463 0.008000000 627.705680537 310.834414515 0.000000000 627.546551332 310.713261644 0.000000000 627.705680537 310.834414515 0.008000000 627.546551332 310.713261644 0.008000000 632.519961293 304.488080203 0.000000000 632.360321015 304.367601043 0.000000000 632.519961293 304.488080203 0.008000000 632.360321015 304.367601043 0.008000000 637.290491794 298.134194495 0.000000000 637.129986199 298.014867855 0.000000000 637.290491794 298.134194495 0.008000000 637.129986199 298.014867855 0.008000000 641.973456222 291.772601990 0.000000000 641.811532084 291.655202375 0.000000000 641.973456222 291.772601990 0.008000000 641.811532084 291.655202375 0.008000000 646.604333660 285.287161667 0.000000000 646.441366509 285.171222767 0.000000000 646.604333660 285.287161667 0.008000000 646.441366509 285.171222767 0.008000000 651.210622088 278.788578668 0.000000000 651.047188399 278.673297964 0.000000000 651.210622088 278.788578668 0.008000000 651.047188399 278.673297964 0.008000000 655.790126026 272.264423218 0.000000000 655.626185809 272.149864136 0.000000000 655.790126026 272.264423218 0.008000000 655.626185809 272.149864136 0.008000000 660.343144101 265.719440889 0.000000000 660.178739597 265.605549221 0.000000000 660.343144101 265.719440889 0.008000000 660.178739597 265.605549221 0.008000000 664.870231793 259.157142327 0.000000000 664.705381819 259.043896396 0.000000000 664.870231793 259.157142327 0.008000000 664.705381819 259.043896396 0.008000000 669.370091381 252.579091825 0.000000000 669.204767803 252.466538225 0.000000000 669.370091381 252.579091825 0.008000000 669.204767803 252.466538225 0.008000000 673.837851058 245.985136117 0.000000000 673.671961911 245.873417239 0.000000000 673.837851058 245.985136117 0.008000000 673.671961911 245.873417239 0.008000000 678.262979281 239.374268200 0.000000000 678.096387781 239.263598594 0.000000000 678.262979281 239.374268200 0.008000000 678.096387781 239.263598594 0.008000000 682.631777366 232.747710293 0.000000000 682.464232747 232.638486370 0.000000000 682.631777366 232.747710293 0.008000000 682.464232747 232.638486370 0.008000000 686.910113646 226.110331485 0.000000000 686.740949925 226.003619424 0.000000000 686.910113646 226.110331485 0.008000000 686.740949925 226.003619424 0.008000000 690.906152559 219.636172086 0.000000000 690.729671119 219.541315786 0.000000000 690.906152559 219.636172086 0.008000000 690.729671119 219.541315786 0.008000000 693.554110338 213.913527771 0.000000000 693.364216730 213.847657230 0.000000000 693.554110338 213.913527771 0.008000000 693.364216730 213.847657230 0.008000000 694.481789496 210.028767402 0.000000000 694.283876368 209.996479498 0.000000000 694.481789496 210.028767402 0.008000000 694.283876368 209.996479498 0.008000000 694.832596065 206.098626748 0.000000000 694.632025932 206.096105690 0.000000000 694.832596065 206.098626748 0.008000000 694.632025932 206.096105690 0.008000000 694.589751459 202.302643343 0.000000000 694.391301955 202.333270542 0.000000000 694.589751459 202.302643343 0.008000000 694.391301955 202.333270542 0.008000000 693.736908707 198.852928793 0.000000000 693.547838055 198.921493070 0.000000000 693.736908707 198.852928793 0.008000000 693.547838055 198.921493070 0.008000000 692.319201332 195.943476070 0.000000000 692.150565268 196.053976691 0.000000000 692.319201332 195.943476070 0.008000000 692.150565268 196.053976691 0.008000000 690.366276442 193.656219113 0.000000000 690.232984377 193.808114469 0.000000000 690.366276442 193.656219113 0.008000000 690.232984377 193.808114469 0.008000000 687.792325688 191.982938088 0.000000000 687.706743857 192.165849045 0.000000000 687.792325688 191.982938088 0.008000000 687.706743857 192.165849045 0.008000000 684.468319059 190.958977604 0.000000000 684.429234727 191.156212119 0.000000000 684.468319059 190.958977604 0.008000000 684.429234727 191.156212119 0.008000000 679.984086784 190.543320144 0.000000000 679.972073877 190.743063994 0.000000000 679.984086784 190.543320144 0.008000000 679.972073877 190.743063994 0.008000000 672.262302227 190.329299269 0.000000000 672.260308880 190.529320826 0.000000000 672.262302227 190.329299269 0.008000000 672.260308880 190.529320826 0.008000000 664.456244244 190.390021894 0.000000000 664.460415196 190.589995499 0.000000000 664.456244244 190.390021894 0.008000000 664.460415196 190.589995499 0.008000000 656.620772381 190.655983239 0.000000000 656.629816960 190.855791418 0.000000000 656.620772381 190.655983239 0.008000000 656.629816960 190.855791418 0.008000000 648.784230027 191.099539162 0.000000000 648.797754598 191.299093769 0.000000000 648.784230027 191.099539162 0.008000000 648.797754598 191.299093769 0.008000000 640.973066252 191.716335732 0.000000000 640.991336348 191.915515616 0.000000000 640.973066252 191.716335732 0.008000000 640.991336348 191.915515616 0.008000000 633.231644976 192.525464889 0.000000000 633.256265158 192.723981065 0.000000000 633.231644976 192.525464889 0.008000000 633.256265158 192.723981065 0.008000000 625.721207560 193.604083611 0.000000000 625.759806486 193.800592216 0.000000000 625.721207560 193.604083611 0.008000000 625.759806486 193.800592216 0.008000000 619.279775592 195.216422575 0.000000000 619.349426952 195.405158523 0.000000000 619.279775592 195.216422575 0.008000000 619.349426952 195.405158523 0.008000000 613.630734247 198.027941997 0.000000000 613.739617694 198.197152194 0.000000000 613.630734247 198.027941997 0.008000000 613.739617694 198.197152194 0.008000000 610.850070924 200.284626064 0.000000000 610.992105963 200.426931648 0.000000000 610.850070924 200.284626064 0.008000000 610.992105963 200.426931648 0.008000000 608.565876654 203.088266442 0.000000000 608.733024318 203.199748566 0.000000000 608.565876654 203.088266442 0.008000000 608.733024318 203.199748566 0.008000000 606.746397110 206.476825004 0.000000000 606.929795552 206.558042038 0.000000000 606.746397110 206.476825004 0.008000000 606.929795552 206.558042038 0.008000000 605.373577879 210.345320851 0.000000000 605.566533562 210.399606339 0.000000000 605.373577879 210.345320851 0.008000000 605.566533562 210.399606339 0.008000000 603.778566142 217.921966465 0.000000000 603.973788045 217.965486918 0.000000000 603.778566142 217.921966465 0.008000000 603.973788045 217.965486918 0.008000000 601.833790888 226.183362958 0.000000000 602.026579476 226.237220129 0.000000000 601.833790888 226.183362958 0.008000000 602.026579476 226.237220129 0.008000000 599.158147779 234.432943610 0.000000000 599.344975359 234.505179844 0.000000000 599.158147779 234.432943610 0.008000000 599.344975359 234.505179844 0.008000000 595.514431088 242.499933757 0.000000000 595.691373154 242.594055980 0.000000000 595.514431088 242.499933757 0.008000000 595.691373154 242.594055980 0.008000000 590.842605989 250.060551781 0.000000000 591.006685648 250.175489797 0.000000000 590.842605989 250.060551781 0.008000000 591.006685648 250.175489797 0.008000000 585.639513485 256.646443014 0.000000000 585.795228908 256.771968184 0.000000000 585.639513485 256.646443014 0.008000000 585.795228908 256.771968184 0.008000000 580.541306123 262.845182597 0.000000000 580.695470744 262.972593336 0.000000000 580.541306123 262.845182597 0.008000000 580.695470744 262.972593336 0.008000000 575.401272331 269.034451870 0.000000000 575.554683489 269.162769877 0.000000000 575.401272331 269.034451870 0.008000000 575.554683489 269.162769877 0.008000000 570.206847325 275.200496680 0.000000000 570.359171140 275.330105418 0.000000000 570.206847325 275.200496680 0.008000000 570.359171140 275.330105418 0.008000000 564.934877105 281.334976152 0.000000000 565.085614187 281.466431217 0.000000000 564.934877105 281.334976152 0.008000000 565.085614187 281.466431217 0.008000000 559.541650022 287.429533174 0.000000000 559.689846061 287.563859716 0.000000000 559.541650022 287.429533174 0.008000000 559.689846061 287.563859716 0.008000000 553.924398569 293.480215762 0.000000000 554.066899163 293.620677214 0.000000000 553.924398569 293.480215762 0.008000000 554.066899163 293.620677214 0.008000000 547.539117198 299.581777770 0.000000000 547.666595467 299.736594056 0.000000000 547.539117198 299.581777770 0.008000000 547.666595467 299.736594056 0.008000000 542.573011068 303.090022121 0.000000000 542.676635753 303.261689476 0.000000000 542.573011068 303.090022121 0.008000000 542.676635753 303.261689476 0.008000000 537.390872432 305.729839265 0.000000000 537.469526216 305.914226968 0.000000000 537.390872432 305.729839265 0.008000000 537.469526216 305.914226968 0.008000000 528.905921232 308.686010684 0.000000000 528.959288486 308.879208258 0.000000000 528.905921232 308.686010684 0.008000000 528.959288486 308.879208258 0.008000000 520.271111950 310.470301697 0.000000000 520.299184833 310.668726082 0.000000000 520.271111950 310.470301697 0.008000000 520.299184833 310.668726082 0.008000000 511.383078971 311.158907369 0.000000000 511.390409219 311.358938803 0.000000000 511.383078971 311.158907369 0.008000000 511.390409219 311.358938803 0.008000000 503.300957051 311.126069811 0.000000000 503.298206253 311.326060286 0.000000000 503.300957051 311.126069811 0.008000000 503.298206253 311.326060286 0.008000000 495.089322002 310.933516134 0.000000000 495.079404254 311.133338551 0.000000000 495.089322002 310.933516134 0.008000000 495.079404254 311.133338551 0.008000000 486.415220443 310.275283661 0.000000000 486.357441539 310.471474144 0.000000000 486.415220443 310.275283661 0.008000000 486.357441539 310.471474144 0.008000000 474.942824611 304.051394075 0.000000000 474.791610110 304.196894811 0.000000000 474.942824611 304.051394075 0.008000000 474.791610110 304.196894811 0.008000000 471.531022909 297.140210151 0.000000000 471.336383440 297.197746239 0.000000000 471.531022909 297.140210151 0.008000000 471.336383440 297.197746239 0.008000000 470.727238095 290.258352061 0.000000000 470.525787340 290.257571164 0.000000000 470.727238095 290.258352061 0.008000000 470.525787340 290.257571164 0.008000000 471.513073753 283.954691167 0.000000000 471.317195891 283.909206741 0.000000000 471.513073753 283.954691167 0.008000000 471.317195891 283.909206741 0.008000000 473.626132782 277.831709138 0.000000000 473.441596365 277.753360764 0.000000000 473.626132782 277.831709138 0.008000000 473.441596365 277.753360764 0.008000000 477.364967586 270.484135659 0.000000000 477.187891430 270.391126349 0.000000000 477.364967586 270.484135659 0.008000000 477.187891430 270.391126349 0.008000000 481.218526497 263.372569710 0.000000000 481.043231258 263.276273799 0.000000000 481.218526497 263.372569710 0.008000000 481.043231258 263.276273799 0.008000000 485.133031286 256.342794846 0.000000000 484.958600638 256.244946281 0.000000000 485.133031286 256.342794846 0.008000000 484.958600638 256.244946281 0.008000000 489.083184628 249.352455692 0.000000000 488.909255532 249.253719560 0.000000000 489.083184628 249.352455692 0.008000000 488.909255532 249.253719560 0.008000000 493.056362837 242.385377825 0.000000000 492.882796262 242.286006003 0.000000000 493.056362837 242.385377825 0.008000000 492.882796262 242.286006003 0.008000000 497.049841921 235.437568722 0.000000000 496.876551348 235.337716714 0.000000000 497.049841921 235.437568722 0.008000000 496.876551348 235.337716714 0.008000000 501.056304189 228.501678550 0.000000000 500.883180639 228.401537397 0.000000000 501.056304189 228.501678550 0.008000000 500.883180639 228.401537397 0.008000000 505.069925279 221.572484031 0.000000000 504.896927976 221.472124923 0.000000000 505.069925279 221.572484031 0.008000000 504.896927976 221.472124923 0.008000000 509.091441470 214.650843862 0.000000000 508.918554336 214.550295136 0.000000000 509.091441470 214.650843862 0.008000000 508.918554336 214.550295136 0.008000000 513.117852170 207.734584189 0.000000000 512.945027538 207.633928102 0.000000000 513.117852170 207.734584189 0.008000000 512.945027538 207.633928102 0.008000000 517.146239392 200.820904812 0.000000000 516.973453968 200.720181435 0.000000000 517.146239392 200.820904812 0.008000000 516.973453968 200.720181435 0.008000000 521.176326067 193.910713751 0.000000000 521.003557614 193.809961274 0.000000000 521.176326067 193.910713751 0.008000000 521.003557614 193.809961274 0.008000000 525.205005473 187.001884498 0.000000000 525.032227567 186.901148230 0.000000000 525.205005473 187.001884498 0.008000000 525.032227567 186.901148230 0.008000000 529.232115870 180.093818428 0.000000000 529.059298392 179.993150043 0.000000000 529.232115870 180.093818428 0.008000000 529.059298392 179.993150043 0.008000000 533.252986680 173.185912423 0.000000000 533.080087372 173.085384623 0.000000000 533.252986680 173.185912423 0.008000000 533.080087372 173.085384623 0.008000000 537.265483896 166.277108692 0.000000000 537.092478474 166.176763601 0.000000000 537.265483896 166.277108692 0.008000000 537.092478474 166.176763601 0.008000000 541.267989584 159.367214698 0.000000000 541.094830666 159.267134601 0.000000000 541.267989584 159.367214698 0.008000000 541.094830666 159.267134601 0.008000000 545.253942765 152.455463279 0.000000000 545.080500375 152.355874730 0.000000000 545.253942765 152.455463279 0.008000000 545.080500375 152.355874730 0.008000000 549.206021711 145.542479430 0.000000000 549.032134620 145.443668753 0.000000000 549.206021711 145.542479430 0.008000000 549.032134620 145.443668753 0.008000000 553.107320553 138.635242467 0.000000000 552.932700970 138.537728667 0.000000000 553.107320553 138.635242467 0.008000000 552.932700970 138.537728667 0.008000000 556.898205147 131.768848604 0.000000000 556.721288174 131.675496044 0.000000000 556.898205147 131.768848604 0.008000000 556.721288174 131.675496044 0.008000000 559.946026194 125.718182601 0.000000000 559.758364193 125.646161533 0.000000000 559.946026194 125.718182601 0.008000000 559.758364193 125.646161533 0.008000000 561.055426678 121.650775164 0.000000000 560.859638810 121.608546057 0.000000000 561.055426678 121.650775164 0.008000000 560.859638810 121.608546057 0.008000000 562.228416948 114.316555696 0.000000000 562.029886972 114.291471847 0.000000000 562.228416948 114.316555696 0.008000000 562.029886972 114.291471847 0.008000000 562.941586679 106.651375800 0.000000000 562.742095136 106.636626907 0.000000000 562.941586679 106.651375800 0.008000000 562.742095136 106.636626907 0.008000000 563.369060522 98.861874160 0.000000000 563.169217649 98.853527270 0.000000000 563.369060522 98.861874160 0.008000000 563.169217649 98.853527270 0.008000000 563.594114360 91.012248735 0.000000000 563.394140241 91.008479574 0.000000000 563.594114360 91.012248735 0.008000000 563.394140241 91.008479574 0.008000000 563.663717625 83.303793800 0.000000000 563.463522524 83.324497998 0.000000000 563.663717625 83.303793800 0.008000000 563.463522524 83.324497998 0.008000000 562.397887285 77.511008483 0.000000000 562.205119218 77.565700814 0.000000000 562.397887285 77.511008483 0.008000000 562.205119218 77.565700814 0.008000000 559.845238794 70.243376102 0.000000000 559.657661792 70.312847888 0.000000000 559.845238794 70.243376102 0.008000000 559.657661792 70.312847888 0.008000000 556.992254914 62.923046079 0.000000000 556.806582783 62.997405478 0.000000000 556.992254914 62.923046079 0.008000000 556.806582783 62.997405478 0.008000000 553.985600290 55.613301537 0.000000000 553.801133849 55.690592197 0.000000000 553.985600290 55.613301537 0.008000000 553.801133849 55.690592197 0.008000000 550.876723694 48.327651833 0.000000000 550.693212980 48.407182239 0.000000000 550.876723694 48.327651833 0.008000000 550.693212980 48.407182239 0.008000000 547.685737913 41.076830236 0.000000000 547.503162285 41.158485421 0.000000000 547.685737913 41.076830236 0.008000000 547.503162285 41.158485421 0.008000000 544.418390350 33.886885681 0.000000000 544.237151835 33.971483244 0.000000000 544.418390350 33.886885681 0.008000000 544.237151835 33.971483244 0.008000000 541.096029605 26.954243999 0.000000000 540.922197949 27.054297168 0.000000000 541.096029605 26.954243999 0.008000000 540.922197949 27.054297168 0.008000000 537.931728446 22.305444968 0.000000000 537.783769608 22.443508910 0.000000000 537.931728446 22.305444968 0.008000000 537.783769608 22.443508910 0.008000000 535.094244096 20.072191239 0.000000000 534.983479611 20.239529150 0.000000000 535.094244096 20.072191239 0.008000000 534.983479611 20.239529150 0.008000000 531.227881587 17.946801486 0.000000000 531.134114911 18.123483312 0.000000000 531.227881587 17.946801486 0.008000000 531.134114911 18.123483312 0.008000000 524.077450081 14.285781215 0.000000000 523.987388871 14.464360240 0.000000000 524.077450081 14.285781215 0.008000000 523.987388871 14.464360240 0.008000000 516.989037497 10.765038631 0.000000000 516.900782564 10.944514815 0.000000000 516.989037497 10.765038631 0.008000000 516.900782564 10.944514815 0.008000000 509.821190306 7.275717282 0.000000000 509.733958171 7.455691367 0.000000000 509.821190306 7.275717282 0.008000000 509.733958171 7.455691367 0.008000000 502.629785245 3.805237713 0.000000000 502.543035682 3.985444681 0.000000000 502.629785245 3.805237713 0.008000000 502.543035682 3.985444681 0.008000000 495.426913462 0.346483491 0.000000000 495.340455739 0.526830598 0.000000000 495.426913462 0.346483491 0.008000000 495.340455739 0.526830598 0.008000000 488.216950688 -3.104218820 0.000000000 488.130692299 -2.923776312 0.000000000 488.216950688 -3.104218820 0.008000000 488.130692299 -2.923776312 0.008000000 481.001854344 -6.549242788 0.000000000 480.915732343 -6.368735158 0.000000000 481.001854344 -6.549242788 0.008000000 480.915732343 -6.368735158 0.008000000 473.781867895 -9.991340551 0.000000000 473.696026709 -9.810699044 0.000000000 473.781867895 -9.991340551 0.008000000 473.696026709 -9.810699044 0.008000000 466.996687953 -13.205208076 0.000000000 466.923085626 -13.018769512 0.000000000 466.996687953 -13.205208076 0.008000000 466.923085626 -13.018769512 0.008000000 460.360731319 -15.328277601 0.000000000 460.311012896 -15.134197759 0.000000000 460.360731319 -15.328277601 0.008000000 460.311012896 -15.134197759 0.008000000 453.126135951 -16.734049281 0.000000000 453.095931765 -16.536177581 0.000000000 453.126135951 -16.734049281 0.008000000 453.095931765 -16.536177581 0.008000000 445.684843556 -17.563677512 0.000000000 445.669809934 -17.364114448 0.000000000 445.684843556 -17.563677512 0.008000000 445.669809934 -17.364114448 0.008000000 438.150885960 -17.860292274 0.000000000 438.149251320 -17.660201688 0.000000000 438.150885960 -17.860292274 0.008000000 438.149251320 -17.660201688 0.008000000 430.589117176 -17.686254486 0.000000000 430.599931453 -17.486450417 0.000000000 430.589117176 -17.686254486 0.008000000 430.599931453 -17.486450417 0.008000000 423.039903327 -17.042018667 0.000000000 423.062923850 -16.843256257 0.000000000 423.039903327 -17.042018667 0.008000000 423.062923850 -16.843256257 0.008000000 415.412215336 -15.924453135 0.000000000 415.444104959 -15.726990175 0.000000000 415.412215336 -15.924453135 0.008000000 415.444104959 -15.726990175 0.008000000 407.639070391 -14.552103299 0.000000000 407.675845404 -14.355502856 0.000000000 407.639070391 -14.552103299 0.008000000 407.675845404 -14.355502856 0.008000000 400.010236633 -13.044653035 0.000000000 400.052219066 -12.849081573 0.000000000 400.010236633 -13.044653035 0.008000000 400.052219066 -12.849081573 0.008000000 392.504376243 -11.304402797 0.000000000 392.553654779 -11.110522952 0.000000000 392.504376243 -11.304402797 0.008000000 392.553654779 -11.110522952 0.008000000 385.134726024 -9.265005450 0.000000000 385.193144312 -9.073654841 0.000000000 385.134726024 -9.265005450 0.008000000 385.193144312 -9.073654841 0.008000000 377.933629056 -6.857513547 0.000000000 378.002607445 -6.669693423 0.000000000 377.933629056 -6.857513547 0.008000000 378.002607445 -6.669693423 0.008000000 370.930222576 -4.049779230 0.000000000 371.010246965 -3.866387555 0.000000000 370.930222576 -4.049779230 0.008000000 371.010246965 -3.866387555 0.008000000 364.143999952 -0.841581640 0.000000000 364.236746009 -0.664204154 0.000000000 364.143999952 -0.841581640 0.008000000 364.236746009 -0.664204154 0.008000000 357.672377146 2.880558498 0.000000000 357.778335290 3.050337080 0.000000000 357.672377146 2.880558498 0.008000000 357.778335290 3.050337080 0.008000000 351.507611256 7.043597188 0.000000000 351.625854461 7.205079724 0.000000000 351.507611256 7.043597188 0.008000000 351.625854461 7.205079724 0.008000000 345.689380520 11.654214673 0.000000000 345.820130751 11.805786100 0.000000000 345.689380520 11.654214673 0.008000000 345.820130751 11.805786100 0.008000000 340.277618032 16.730749057 0.000000000 340.420871660 16.870591603 0.000000000 340.277618032 16.730749057 0.008000000 340.420871660 16.870591603 0.008000000 335.326936834 22.269990698 0.000000000 335.481330330 22.397369015 0.000000000 335.326936834 22.269990698 0.008000000 335.481330330 22.397369015 0.008000000 330.817988460 28.197791597 0.000000000 330.981917398 28.312633909 0.000000000 330.817988460 28.197791597 0.008000000 330.981917398 28.312633909 0.008000000 326.679135195 34.627675251 0.000000000 326.849907469 34.731886151 0.000000000 326.679135195 34.627675251 0.008000000 326.849907469 34.731886151 0.008000000 322.602510521 41.683799733 0.000000000 322.774369634 41.786129450 0.000000000 322.602510521 41.683799733 0.008000000 322.774369634 41.786129450 0.008000000 318.293392732 48.708858096 0.000000000 318.462270691 48.816047923 0.000000000 318.293392732 48.708858096 0.008000000 318.462270691 48.816047923 0.008000000 313.844963330 55.485222720 0.000000000 314.011381137 55.596160137 0.000000000 313.844963330 55.485222720 0.008000000 314.011381137 55.596160137 0.008000000 309.322638043 62.166421216 0.000000000 309.487682007 62.279388322 0.000000000 309.322638043 62.166421216 0.008000000 309.487682007 62.279388322 0.008000000 304.743255472 68.782933410 0.000000000 304.907338245 68.897289291 0.000000000 304.743255472 68.782933410 0.008000000 304.907338245 68.897289291 0.008000000 300.126836168 75.361015130 0.000000000 300.290266145 75.476301202 0.000000000 300.126836168 75.361015130 0.008000000 300.290266145 75.476301202 0.008000000 295.482395186 81.911192340 0.000000000 295.645320922 82.027189555 0.000000000 295.482395186 81.911192340 0.008000000 295.645320922 82.027189555 0.008000000 290.815417923 88.439531657 0.000000000 290.977863719 88.556200230 0.000000000 290.815417923 88.439531657 0.008000000 290.977863719 88.556200230 0.008000000 286.122449906 94.943714171 0.000000000 286.284461275 95.060984836 0.000000000 286.122449906 94.943714171 0.008000000 286.284461275 95.060984836 0.008000000 281.411168124 101.431665032 0.000000000 281.572872193 101.549358882 0.000000000 281.411168124 101.431665032 0.008000000 281.572872193 101.549358882 0.008000000 276.686607855 107.907980351 0.000000000 276.848033918 108.026055284 0.000000000 276.686607855 107.907980351 0.008000000 276.848033918 108.026055284 0.008000000 271.946688245 114.371025719 0.000000000 272.107808522 114.489517602 0.000000000 271.946688245 114.371025719 0.008000000 272.107808522 114.489517602 0.008000000 267.190396103 120.820532311 0.000000000 267.351261420 120.939369919 0.000000000 267.190396103 120.820532311 0.008000000 267.351261420 120.939369919 0.008000000 262.423772460 127.261784511 0.000000000 262.584438972 127.380890768 0.000000000 262.423772460 127.261784511 0.008000000 262.584438972 127.380890768 0.008000000 257.646534211 133.694575375 0.000000000 257.806954282 133.814013478 0.000000000 257.646534211 133.694575375 0.008000000 257.806954282 133.814013478 0.008000000 252.853664715 140.115617089 0.000000000 253.013835101 140.235389697 0.000000000 252.853664715 140.115617089 0.008000000 253.013835101 140.235389697 0.008000000 248.049341135 146.528778867 0.000000000 248.209298673 146.648835600 0.000000000 248.049341135 146.528778867 0.008000000 248.209298673 146.648835600 0.008000000 243.232705267 152.934096652 0.000000000 243.392427565 153.054466214 0.000000000 243.232705267 152.934096652 0.008000000 243.392427565 153.054466214 0.008000000 238.401184024 159.331229019 0.000000000 238.560623865 159.451972566 0.000000000 238.401184024 159.331229019 0.008000000 238.560623865 159.451972566 0.008000000 233.549574242 165.720497262 0.000000000 233.708638576 165.841735328 0.000000000 233.549574242 165.720497262 0.008000000 233.708638576 165.841735328 0.008000000 228.663840546 172.106568886 0.000000000 228.822154667 172.228787546 0.000000000 228.663840546 172.106568886 0.008000000 228.822154667 172.228787546 0.008000000 223.625721714 178.574086609 0.000000000 223.778942145 178.702844124 0.000000000 223.625721714 178.574086609 0.008000000 223.778942145 178.702844124 0.008000000 217.567354548 185.263670200 0.000000000 217.701117417 185.413912543 0.000000000 217.567354548 185.263670200 0.008000000 217.701117417 185.413912543 0.008000000 209.460429437 191.051312791 0.000000000 209.556161623 191.228705749 0.000000000 209.460429437 191.051312791 0.008000000 209.556161623 191.228705749 0.008000000 203.463966455 193.375324298 0.000000000 203.517448885 193.569091730 0.000000000 203.463966455 193.375324298 0.008000000 203.517448885 193.569091730 0.008000000 197.253127120 194.434276768 0.000000000 197.269754178 194.634328067 0.000000000 197.253127120 194.434276768 0.008000000 197.269754178 194.634328067 0.008000000 191.206329871 194.415954911 0.000000000 191.191777450 194.615911736 0.000000000 191.206329871 194.415954911 0.008000000 191.191777450 194.615911736 0.008000000 185.473209622 193.594759022 0.000000000 185.432069593 193.790907513 0.000000000 185.473209622 193.594759022 0.008000000 185.432069593 193.790907513 0.008000000 176.967173927 191.229511047 0.000000000 176.905727981 191.420013132 0.000000000 176.967173927 191.229511047 0.008000000 176.905727981 191.420013132 0.008000000 169.265123314 188.393503391 0.000000000 169.193943417 188.580421293 0.000000000 169.265123314 188.393503391 0.008000000 169.193943417 188.580421293 0.008000000 161.763375135 185.441502066 0.000000000 161.689409666 185.627323822 0.000000000 161.763375135 185.441502066 0.008000000 161.689409666 185.627323822 0.008000000 154.310126309 182.440852020 0.000000000 154.235016930 182.626213242 0.000000000 154.310126309 182.440852020 0.008000000 154.235016930 182.626213242 0.008000000 146.881124530 179.411160904 0.000000000 146.805169298 179.596177170 0.000000000 146.881124530 179.411160904 0.008000000 146.805169298 179.596177170 0.008000000 139.473732538 176.350047041 0.000000000 139.397256139 176.534847935 0.000000000 139.473732538 176.350047041 0.008000000 139.397256139 176.534847935 0.008000000 132.070684524 173.282137566 0.000000000 131.993827020 173.466780525 0.000000000 132.070684524 173.282137566 0.008000000 131.993827020 173.466780525 0.008000000 124.680905474 170.192549690 0.000000000 124.603714031 170.377053033 0.000000000 124.680905474 170.192549690 0.008000000 124.603714031 170.377053033 0.008000000 117.293001179 167.099535879 0.000000000 117.215555831 167.283932922 0.000000000 117.293001179 167.099535879 0.008000000 117.215555831 167.283932922 0.008000000 109.914037386 163.990580572 0.000000000 109.836370705 164.174884361 0.000000000 109.914037386 163.990580572 0.008000000 109.836370705 164.174884361 0.008000000 102.535565051 160.880667111 0.000000000 102.457695509 161.064885398 0.000000000 102.535565051 160.880667111 0.008000000 102.457695509 161.064885398 0.008000000 95.164812113 157.756046853 0.000000000 95.086752180 157.940184428 0.000000000 95.164812113 157.756046853 0.008000000 95.086752180 157.940184428 0.008000000 87.794036643 154.631411815 0.000000000 87.715835146 154.815489379 0.000000000 87.794036643 154.631411815 0.008000000 87.715835146 154.815489379 0.008000000 80.428752140 151.495741074 0.000000000 80.350380654 151.679746267 0.000000000 80.428752140 151.495741074 0.008000000 80.350380654 151.679746267 0.008000000 73.064542847 148.357826349 0.000000000 72.986063536 148.541785597 0.000000000 73.064542847 148.357826349 0.008000000 72.986063536 148.541785597 0.008000000 65.703287448 145.213674173 0.000000000 65.624658879 145.397569670 0.000000000 65.703287448 145.213674173 0.008000000 65.624658879 145.397569670 0.008000000 58.344598430 142.063990122 0.000000000 58.265872772 142.247844063 0.000000000 58.344598430 142.063990122 0.008000000 58.265872772 142.247844063 0.008000000 50.986884748 138.912158578 0.000000000 50.908021897 139.095953750 0.000000000 50.986884748 138.912158578 0.008000000 50.908021897 139.095953750 0.008000000 43.633042043 135.751554096 0.000000000 43.554069105 135.935301953 0.000000000 43.633042043 135.751554096 0.008000000 43.554069105 135.935301953 0.008000000 36.279203031 132.590948278 0.000000000 36.200114743 132.774646559 0.000000000 36.279203031 132.590948278 0.008000000 36.200114743 132.774646559 0.008000000 28.929213310 129.421061242 0.000000000 28.849992782 129.604702491 0.000000000 28.929213310 129.421061242 0.008000000 28.849992782 129.604702491 0.008000000 21.579771960 126.249798394 0.000000000 21.500454493 126.433397814 0.000000000 21.579771960 126.249798394 0.008000000 21.500454493 126.433397814 0.008000000 14.232817686 123.072016612 0.000000000 14.153365834 123.255557906 0.000000000 14.232817686 123.072016612 0.008000000 14.153365834 123.255557906 0.008000000 6.887534857 119.889782914 0.000000000 6.807969649 120.073275099 0.000000000 6.887534857 119.889782914 0.008000000 6.807969649 120.073275099 0.008000000 -0.456106117 116.702659231 0.000000000 -0.535816049 116.886088606 0.000000000 -0.456106117 116.702659231 0.008000000 -0.535816049 116.886088606 0.008000000 -7.797377373 113.508398134 0.000000000 -7.877231137 113.691764926 0.000000000 -7.797377373 113.508398134 0.008000000 -7.877231137 113.691764926 0.008000000 -15.137311534 110.309192037 0.000000000 -15.217331777 110.492486267 0.000000000 -15.137311534 110.309192037 0.008000000 -15.217331777 110.492486267 0.008000000 -22.474748533 107.100738897 0.000000000 -22.554972339 107.283944114 0.000000000 -22.474748533 107.100738897 0.008000000 -22.554972339 107.283944114 0.008000000 -29.810740147 103.883837320 0.000000000 -29.891170837 104.066951817 0.000000000 -29.810740147 103.883837320 0.008000000 -29.891170837 104.066951817 0.008000000 -37.144969678 100.657031164 0.000000000 -37.225733023 100.839999304 0.000000000 -37.144969678 100.657031164 0.008000000 -37.225733023 100.839999304 0.008000000 -44.478928088 97.409191441 0.000000000 -44.560129913 97.591965401 0.000000000 -44.478928088 97.409191441 0.008000000 -44.560129913 97.591965401 0.008000000 -51.817597339 94.138337851 0.000000000 -51.899486518 94.320805456 0.000000000 -51.817597339 94.138337851 0.008000000 -51.899486518 94.320805456 0.008000000 -59.190895511 90.806485022 0.000000000 -59.275201136 90.987860682 0.000000000 -59.190895511 90.806485022 0.008000000 -59.275201136 90.987860682 0.008000000 -67.026790955 87.061924952 0.000000000 -67.134793195 87.231976648 0.000000000 -67.026790955 87.061924952 0.008000000 -67.134793195 87.231976648 0.008000000 -75.129816432 80.430016138 0.000000000 -75.281600605 80.564234577 0.000000000 -75.129816432 80.430016138 0.008000000 -75.281600605 80.564234577 0.008000000 -78.791120543 74.631549966 0.000000000 -78.975948812 74.713435938 0.000000000 -78.791120543 74.631549966 0.008000000 -78.975948812 74.713435938 0.008000000 -80.695614704 67.773902258 0.000000000 -80.897281095 67.795158006 0.000000000 -80.695614704 67.773902258 0.008000000 -80.897281095 67.795158006 0.008000000 -80.244638253 60.373718856 0.000000000 -80.441959752 60.323678190 0.000000000 -80.244638253 60.373718856 0.008000000 -80.441959752 60.323678190 0.008000000 -77.022221439 53.454719423 0.000000000 -77.187770901 53.336459556 0.000000000 -77.022221439 53.454719423 0.008000000 -77.187770901 53.336459556 0.008000000 -72.281486481 48.893728982 0.000000000 -72.413406448 48.743114680 0.000000000 -72.281486481 48.893728982 0.008000000 -72.413406448 48.743114680 0.008000000 -66.017509353 43.904719135 0.000000000 -66.141986525 43.748176941 0.000000000 -66.017509353 43.904719135 0.008000000 -66.141986525 43.748176941 0.008000000 -59.744373804 38.924633541 0.000000000 -59.868907092 38.768135895 0.000000000 -59.744373804 38.924633541 0.008000000 -59.868907092 38.768135895 0.008000000 -53.513239527 33.954481020 0.000000000 -53.638042280 33.798198308 0.000000000 -53.513239527 33.954481020 0.008000000 -53.638042280 33.798198308 0.008000000 -47.264879193 28.958856564 0.000000000 -47.389772852 28.802646532 0.000000000 -47.264879193 28.958856564 0.008000000 -47.389772852 28.802646532 0.008000000 -41.016633913 23.963145786 0.000000000 -41.141530757 23.806938301 0.000000000 -41.016633913 23.963145786 0.008000000 -41.141530757 23.806938301 0.008000000 -34.768484895 18.967272581 0.000000000 -34.893383564 18.811066555 0.000000000 -34.768484895 18.967272581 0.008000000 -34.893383564 18.811066555 0.008000000 -28.520335502 13.971399079 0.000000000 -28.645236742 13.815195109 0.000000000 -28.520335502 13.971399079 0.008000000 -28.645236742 13.815195109 0.008000000 -22.272340313 8.975311805 0.000000000 -22.397245154 8.819110714 0.000000000 -22.272340313 8.975311805 0.008000000 -22.397245154 8.819110714 0.008000000 -16.024408490 3.979139948 0.000000000 -16.149314362 3.822939682 0.000000000 -16.024408490 3.979139948 0.008000000 -16.149314362 3.822939682 0.008000000 -9.776477182 -1.017031495 0.000000000 -9.901383054 -1.173231761 0.000000000 -9.776477182 -1.017031495 0.008000000 -9.901383054 -1.173231761 0.008000000</float_array><technique_common><accessor source='#cota_boundary_strips_positions_array' count='5688' stride='3'><param name='X' type='float'/><param name='Y' type='float'/><param name='Z' type='float'/></accessor></technique_common></source>
        <vertices id='cota_boundary_strips_vertices'><input semantic='POSITION' source='#cota_boundary_strips_positions'/></vertices>
        <triangles material='boundary_white_material' count='11376'><input semantic='VERTEX' source='#cota_boundary_strips_vertices' offset='0'/><p>2 3 7 2 7 6 0 1 5 0 5 4 0 4 6 0 6 2 1 3 7 1 7 5 6 7 11 6 11 10 4 5 9 4 9 8 4 8 10 4 10 6 5 7 11 5 11 9 10 11 15 10 15 14 8 9 13 8 13 12 8 12 14 8 14 10 9 11 15 9 15 13 14 15 19 14 19 18 12 13 17 12 17 16 12 16 18 12 18 14 13 15 19 13 19 17 18 19 23 18 23 22 16 17 21 16 21 20 16 20 22 16 22 18 17 19 23 17 23 21 22 23 27 22 27 26 20 21 25 20 25 24 20 24 26 20 26 22 21 23 27 21 27 25 26 27 31 26 31 30 24 25 29 24 29 28 24 28 30 24 30 26 25 27 31 25 31 29 30 31 35 30 35 34 28 29 33 28 33 32 28 32 34 28 34 30 29 31 35 29 35 33 34 35 39 34 39 38 32 33 37 32 37 36 32 36 38 32 38 34 33 35 39 33 39 37 38 39 43 38 43 42 36 37 41 36 41 40 36 40 42 36 42 38 37 39 43 37 43 41 42 43 47 42 47 46 40 41 45 40 45 44 40 44 46 40 46 42 41 43 47 41 47 45 46 47 51 46 51 50 44 45 49 44 49 48 44 48 50 44 50 46 45 47 51 45 51 49 50 51 55 50 55 54 48 49 53 48 53 52 48 52 54 48 54 50 49 51 55 49 55 53 54 55 59 54 59 58 52 53 57 52 57 56 52 56 58 52 58 54 53 55 59 53 59 57 58 59 63 58 63 62 56 57 61 56 61 60 56 60 62 56 62 58 57 59 63 57 63 61 62 63 67 62 67 66 60 61 65 60 65 64 60 64 66 60 66 62 61 63 67 61 67 65 66 67 71 66 71 70 64 65 69 64 69 68 64 68 70 64 70 66 65 67 71 65 71 69 70 71 75 70 75 74 68 69 73 68 73 72 68 72 74 68 74 70 69 71 75 69 75 73 74 75 79 74 79 78 72 73 77 72 77 76 72 76 78 72 78 74 73 75 79 73 79 77 78 79 83 78 83 82 76 77 81 76 81 80 76 80 82 76 82 78 77 79 83 77 83 81 82 83 87 82 87 86 80 81 85 80 85 84 80 84 86 80 86 82 81 83 87 81 87 85 86 87 91 86 91 90 84 85 89 84 89 88 84 88 90 84 90 86 85 87 91 85 91 89 90 91 95 90 95 94 88 89 93 88 93 92 88 92 94 88 94 90 89 91 95 89 95 93 94 95 99 94 99 98 92 93 97 92 97 96 92 96 98 92 98 94 93 95 99 93 99 97 98 99 103 98 103 102 96 97 101 96 101 100 96 100 102 96 102 98 97 99 103 97 103 101 102 103 107 102 107 106 100 101 105 100 105 104 100 104 106 100 106 102 101 103 107 101 107 105 106 107 111 106 111 110 104 105 109 104 109 108 104 108 110 104 110 106 105 107 111 105 111 109 110 111 115 110 115 114 108 109 113 108 113 112 108 112 114 108 114 110 109 111 115 109 115 113 114 115 119 114 119 118 112 113 117 112 117 116 112 116 118 112 118 114 113 115 119 113 119 117 118 119 123 118 123 122 116 117 121 116 121 120 116 120 122 116 122 118 117 119 123 117 123 121 122 123 127 122 127 126 120 121 125 120 125 124 120 124 126 120 126 122 121 123 127 121 127 125 126 127 131 126 131 130 124 125 129 124 129 128 124 128 130 124 130 126 125 127 131 125 131 129 130 131 135 130 135 134 128 129 133 128 133 132 128 132 134 128 134 130 129 131 135 129 135 133 134 135 139 134 139 138 132 133 137 132 137 136 132 136 138 132 138 134 133 135 139 133 139 137 138 139 143 138 143 142 136 137 141 136 141 140 136 140 142 136 142 138 137 139 143 137 143 141 142 143 147 142 147 146 140 141 145 140 145 144 140 144 146 140 146 142 141 143 147 141 147 145 146 147 151 146 151 150 144 145 149 144 149 148 144 148 150 144 150 146 145 147 151 145 151 149 150 151 155 150 155 154 148 149 153 148 153 152 148 152 154 148 154 150 149 151 155 149 155 153 154 155 159 154 159 158 152 153 157 152 157 156 152 156 158 152 158 154 153 155 159 153 159 157 158 159 163 158 163 162 156 157 161 156 161 160 156 160 162 156 162 158 157 159 163 157 163 161 162 163 167 162 167 166 160 161 165 160 165 164 160 164 166 160 166 162 161 163 167 161 167 165 166 167 171 166 171 170 164 165 169 164 169 168 164 168 170 164 170 166 165 167 171 165 171 169 170 171 175 170 175 174 168 169 173 168 173 172 168 172 174 168 174 170 169 171 175 169 175 173 174 175 179 174 179 178 172 173 177 172 177 176 172 176 178 172 178 174 173 175 179 173 179 177 178 179 183 178 183 182 176 177 181 176 181 180 176 180 182 176 182 178 177 179 183 177 183 181 182 183 187 182 187 186 180 181 185 180 185 184 180 184 186 180 186 182 181 183 187 181 187 185 186 187 191 186 191 190 184 185 189 184 189 188 184 188 190 184 190 186 185 187 191 185 191 189 190 191 195 190 195 194 188 189 193 188 193 192 188 192 194 188 194 190 189 191 195 189 195 193 194 195 199 194 199 198 192 193 197 192 197 196 192 196 198 192 198 194 193 195 199 193 199 197 198 199 203 198 203 202 196 197 201 196 201 200 196 200 202 196 202 198 197 199 203 197 203 201 202 203 207 202 207 206 200 201 205 200 205 204 200 204 206 200 206 202 201 203 207 201 207 205 206 207 211 206 211 210 204 205 209 204 209 208 204 208 210 204 210 206 205 207 211 205 211 209 210 211 215 210 215 214 208 209 213 208 213 212 208 212 214 208 214 210 209 211 215 209 215 213 214 215 219 214 219 218 212 213 217 212 217 216 212 216 218 212 218 214 213 215 219 213 219 217 218 219 223 218 223 222 216 217 221 216 221 220 216 220 222 216 222 218 217 219 223 217 223 221 222 223 227 222 227 226 220 221 225 220 225 224 220 224 226 220 226 222 221 223 227 221 227 225 226 227 231 226 231 230 224 225 229 224 229 228 224 228 230 224 230 226 225 227 231 225 231 229 230 231 235 230 235 234 228 229 233 228 233 232 228 232 234 228 234 230 229 231 235 229 235 233 234 235 239 234 239 238 232 233 237 232 237 236 232 236 238 232 238 234 233 235 239 233 239 237 238 239 243 238 243 242 236 237 241 236 241 240 236 240 242 236 242 238 237 239 243 237 243 241 242 243 247 242 247 246 240 241 245 240 245 244 240 244 246 240 246 242 241 243 247 241 247 245 246 247 251 246 251 250 244 245 249 244 249 248 244 248 250 244 250 246 245 247 251 245 251 249 250 251 255 250 255 254 248 249 253 248 253 252 248 252 254 248 254 250 249 251 255 249 255 253 254 255 259 254 259 258 252 253 257 252 257 256 252 256 258 252 258 254 253 255 259 253 259 257 258 259 263 258 263 262 256 257 261 256 261 260 256 260 262 256 262 258 257 259 263 257 263 261 262 263 267 262 267 266 260 261 265 260 265 264 260 264 266 260 266 262 261 263 267 261 267 265 266 267 271 266 271 270 264 265 269 264 269 268 264 268 270 264 270 266 265 267 271 265 271 269 270 271 275 270 275 274 268 269 273 268 273 272 268 272 274 268 274 270 269 271 275 269 275 273 274 275 279 274 279 278 272 273 277 272 277 276 272 276 278 272 278 274 273 275 279 273 279 277 278 279 283 278 283 282 276 277 281 276 281 280 276 280 282 276 282 278 277 279 283 277 283 281 282 283 287 282 287 286 280 281 285 280 285 284 280 284 286 280 286 282 281 283 287 281 287 285 286 287 291 286 291 290 284 285 289 284 289 288 284 288 290 284 290 286 285 287 291 285 291 289 290 291 295 290 295 294 288 289 293 288 293 292 288 292 294 288 294 290 289 291 295 289 295 293 294 295 299 294 299 298 292 293 297 292 297 296 292 296 298 292 298 294 293 295 299 293 299 297 298 299 303 298 303 302 296 297 301 296 301 300 296 300 302 296 302 298 297 299 303 297 303 301 302 303 307 302 307 306 300 301 305 300 305 304 300 304 306 300 306 302 301 303 307 301 307 305 306 307 311 306 311 310 304 305 309 304 309 308 304 308 310 304 310 306 305 307 311 305 311 309 310 311 315 310 315 314 308 309 313 308 313 312 308 312 314 308 314 310 309 311 315 309 315 313 314 315 319 314 319 318 312 313 317 312 317 316 312 316 318 312 318 314 313 315 319 313 319 317 318 319 323 318 323 322 316 317 321 316 321 320 316 320 322 316 322 318 317 319 323 317 323 321 322 323 327 322 327 326 320 321 325 320 325 324 320 324 326 320 326 322 321 323 327 321 327 325 326 327 331 326 331 330 324 325 329 324 329 328 324 328 330 324 330 326 325 327 331 325 331 329 330 331 335 330 335 334 328 329 333 328 333 332 328 332 334 328 334 330 329 331 335 329 335 333 334 335 339 334 339 338 332 333 337 332 337 336 332 336 338 332 338 334 333 335 339 333 339 337 338 339 343 338 343 342 336 337 341 336 341 340 336 340 342 336 342 338 337 339 343 337 343 341 342 343 347 342 347 346 340 341 345 340 345 344 340 344 346 340 346 342 341 343 347 341 347 345 346 347 351 346 351 350 344 345 349 344 349 348 344 348 350 344 350 346 345 347 351 345 351 349 350 351 355 350 355 354 348 349 353 348 353 352 348 352 354 348 354 350 349 351 355 349 355 353 354 355 359 354 359 358 352 353 357 352 357 356 352 356 358 352 358 354 353 355 359 353 359 357 358 359 363 358 363 362 356 357 361 356 361 360 356 360 362 356 362 358 357 359 363 357 363 361 362 363 367 362 367 366 360 361 365 360 365 364 360 364 366 360 366 362 361 363 367 361 367 365 366 367 371 366 371 370 364 365 369 364 369 368 364 368 370 364 370 366 365 367 371 365 371 369 370 371 375 370 375 374 368 369 373 368 373 372 368 372 374 368 374 370 369 371 375 369 375 373 374 375 379 374 379 378 372 373 377 372 377 376 372 376 378 372 378 374 373 375 379 373 379 377 378 379 383 378 383 382 376 377 381 376 381 380 376 380 382 376 382 378 377 379 383 377 383 381 382 383 387 382 387 386 380 381 385 380 385 384 380 384 386 380 386 382 381 383 387 381 387 385 386 387 391 386 391 390 384 385 389 384 389 388 384 388 390 384 390 386 385 387 391 385 391 389 390 391 395 390 395 394 388 389 393 388 393 392 388 392 394 388 394 390 389 391 395 389 395 393 394 395 399 394 399 398 392 393 397 392 397 396 392 396 398 392 398 394 393 395 399 393 399 397 398 399 403 398 403 402 396 397 401 396 401 400 396 400 402 396 402 398 397 399 403 397 403 401 402 403 407 402 407 406 400 401 405 400 405 404 400 404 406 400 406 402 401 403 407 401 407 405 406 407 411 406 411 410 404 405 409 404 409 408 404 408 410 404 410 406 405 407 411 405 411 409 410 411 415 410 415 414 408 409 413 408 413 412 408 412 414 408 414 410 409 411 415 409 415 413 414 415 419 414 419 418 412 413 417 412 417 416 412 416 418 412 418 414 413 415 419 413 419 417 418 419 423 418 423 422 416 417 421 416 421 420 416 420 422 416 422 418 417 419 423 417 423 421 422 423 427 422 427 426 420 421 425 420 425 424 420 424 426 420 426 422 421 423 427 421 427 425 426 427 431 426 431 430 424 425 429 424 429 428 424 428 430 424 430 426 425 427 431 425 431 429 430 431 435 430 435 434 428 429 433 428 433 432 428 432 434 428 434 430 429 431 435 429 435 433 434 435 439 434 439 438 432 433 437 432 437 436 432 436 438 432 438 434 433 435 439 433 439 437 438 439 443 438 443 442 436 437 441 436 441 440 436 440 442 436 442 438 437 439 443 437 443 441 442 443 447 442 447 446 440 441 445 440 445 444 440 444 446 440 446 442 441 443 447 441 447 445 446 447 451 446 451 450 444 445 449 444 449 448 444 448 450 444 450 446 445 447 451 445 451 449 450 451 455 450 455 454 448 449 453 448 453 452 448 452 454 448 454 450 449 451 455 449 455 453 454 455 459 454 459 458 452 453 457 452 457 456 452 456 458 452 458 454 453 455 459 453 459 457 458 459 463 458 463 462 456 457 461 456 461 460 456 460 462 456 462 458 457 459 463 457 463 461 462 463 467 462 467 466 460 461 465 460 465 464 460 464 466 460 466 462 461 463 467 461 467 465 466 467 471 466 471 470 464 465 469 464 469 468 464 468 470 464 470 466 465 467 471 465 471 469 470 471 475 470 475 474 468 469 473 468 473 472 468 472 474 468 474 470 469 471 475 469 475 473 474 475 479 474 479 478 472 473 477 472 477 476 472 476 478 472 478 474 473 475 479 473 479 477 478 479 483 478 483 482 476 477 481 476 481 480 476 480 482 476 482 478 477 479 483 477 483 481 482 483 487 482 487 486 480 481 485 480 485 484 480 484 486 480 486 482 481 483 487 481 487 485 486 487 491 486 491 490 484 485 489 484 489 488 484 488 490 484 490 486 485 487 491 485 491 489 490 491 495 490 495 494 488 489 493 488 493 492 488 492 494 488 494 490 489 491 495 489 495 493 494 495 499 494 499 498 492 493 497 492 497 496 492 496 498 492 498 494 493 495 499 493 499 497 498 499 503 498 503 502 496 497 501 496 501 500 496 500 502 496 502 498 497 499 503 497 503 501 502 503 507 502 507 506 500 501 505 500 505 504 500 504 506 500 506 502 501 503 507 501 507 505 506 507 511 506 511 510 504 505 509 504 509 508 504 508 510 504 510 506 505 507 511 505 511 509 510 511 515 510 515 514 508 509 513 508 513 512 508 512 514 508 514 510 509 511 515 509 515 513 514 515 519 514 519 518 512 513 517 512 517 516 512 516 518 512 518 514 513 515 519 513 519 517 518 519 523 518 523 522 516 517 521 516 521 520 516 520 522 516 522 518 517 519 523 517 523 521 522 523 527 522 527 526 520 521 525 520 525 524 520 524 526 520 526 522 521 523 527 521 527 525 526 527 531 526 531 530 524 525 529 524 529 528 524 528 530 524 530 526 525 527 531 525 531 529 530 531 535 530 535 534 528 529 533 528 533 532 528 532 534 528 534 530 529 531 535 529 535 533 534 535 539 534 539 538 532 533 537 532 537 536 532 536 538 532 538 534 533 535 539 533 539 537 538 539 543 538 543 542 536 537 541 536 541 540 536 540 542 536 542 538 537 539 543 537 543 541 542 543 547 542 547 546 540 541 545 540 545 544 540 544 546 540 546 542 541 543 547 541 547 545 546 547 551 546 551 550 544 545 549 544 549 548 544 548 550 544 550 546 545 547 551 545 551 549 550 551 555 550 555 554 548 549 553 548 553 552 548 552 554 548 554 550 549 551 555 549 555 553 554 555 559 554 559 558 552 553 557 552 557 556 552 556 558 552 558 554 553 555 559 553 559 557 558 559 563 558 563 562 556 557 561 556 561 560 556 560 562 556 562 558 557 559 563 557 563 561 562 563 567 562 567 566 560 561 565 560 565 564 560 564 566 560 566 562 561 563 567 561 567 565 566 567 571 566 571 570 564 565 569 564 569 568 564 568 570 564 570 566 565 567 571 565 571 569 570 571 575 570 575 574 568 569 573 568 573 572 568 572 574 568 574 570 569 571 575 569 575 573 574 575 579 574 579 578 572 573 577 572 577 576 572 576 578 572 578 574 573 575 579 573 579 577 578 579 583 578 583 582 576 577 581 576 581 580 576 580 582 576 582 578 577 579 583 577 583 581 582 583 587 582 587 586 580 581 585 580 585 584 580 584 586 580 586 582 581 583 587 581 587 585 586 587 591 586 591 590 584 585 589 584 589 588 584 588 590 584 590 586 585 587 591 585 591 589 590 591 595 590 595 594 588 589 593 588 593 592 588 592 594 588 594 590 589 591 595 589 595 593 594 595 599 594 599 598 592 593 597 592 597 596 592 596 598 592 598 594 593 595 599 593 599 597 598 599 603 598 603 602 596 597 601 596 601 600 596 600 602 596 602 598 597 599 603 597 603 601 602 603 607 602 607 606 600 601 605 600 605 604 600 604 606 600 606 602 601 603 607 601 607 605 606 607 611 606 611 610 604 605 609 604 609 608 604 608 610 604 610 606 605 607 611 605 611 609 610 611 615 610 615 614 608 609 613 608 613 612 608 612 614 608 614 610 609 611 615 609 615 613 614 615 619 614 619 618 612 613 617 612 617 616 612 616 618 612 618 614 613 615 619 613 619 617 618 619 623 618 623 622 616 617 621 616 621 620 616 620 622 616 622 618 617 619 623 617 623 621 622 623 627 622 627 626 620 621 625 620 625 624 620 624 626 620 626 622 621 623 627 621 627 625 626 627 631 626 631 630 624 625 629 624 629 628 624 628 630 624 630 626 625 627 631 625 631 629 630 631 635 630 635 634 628 629 633 628 633 632 628 632 634 628 634 630 629 631 635 629 635 633 634 635 639 634 639 638 632 633 637 632 637 636 632 636 638 632 638 634 633 635 639 633 639 637 638 639 643 638 643 642 636 637 641 636 641 640 636 640 642 636 642 638 637 639 643 637 643 641 642 643 647 642 647 646 640 641 645 640 645 644 640 644 646 640 646 642 641 643 647 641 647 645 646 647 651 646 651 650 644 645 649 644 649 648 644 648 650 644 650 646 645 647 651 645 651 649 650 651 655 650 655 654 648 649 653 648 653 652 648 652 654 648 654 650 649 651 655 649 655 653 654 655 659 654 659 658 652 653 657 652 657 656 652 656 658 652 658 654 653 655 659 653 659 657 658 659 663 658 663 662 656 657 661 656 661 660 656 660 662 656 662 658 657 659 663 657 663 661 662 663 667 662 667 666 660 661 665 660 665 664 660 664 666 660 666 662 661 663 667 661 667 665 666 667 671 666 671 670 664 665 669 664 669 668 664 668 670 664 670 666 665 667 671 665 671 669 670 671 675 670 675 674 668 669 673 668 673 672 668 672 674 668 674 670 669 671 675 669 675 673 674 675 679 674 679 678 672 673 677 672 677 676 672 676 678 672 678 674 673 675 679 673 679 677 678 679 683 678 683 682 676 677 681 676 681 680 676 680 682 676 682 678 677 679 683 677 683 681 682 683 687 682 687 686 680 681 685 680 685 684 680 684 686 680 686 682 681 683 687 681 687 685 686 687 691 686 691 690 684 685 689 684 689 688 684 688 690 684 690 686 685 687 691 685 691 689 690 691 695 690 695 694 688 689 693 688 693 692 688 692 694 688 694 690 689 691 695 689 695 693 694 695 699 694 699 698 692 693 697 692 697 696 692 696 698 692 698 694 693 695 699 693 699 697 698 699 703 698 703 702 696 697 701 696 701 700 696 700 702 696 702 698 697 699 703 697 703 701 702 703 707 702 707 706 700 701 705 700 705 704 700 704 706 700 706 702 701 703 707 701 707 705 706 707 711 706 711 710 704 705 709 704 709 708 704 708 710 704 710 706 705 707 711 705 711 709 710 711 715 710 715 714 708 709 713 708 713 712 708 712 714 708 714 710 709 711 715 709 715 713 714 715 719 714 719 718 712 713 717 712 717 716 712 716 718 712 718 714 713 715 719 713 719 717 718 719 723 718 723 722 716 717 721 716 721 720 716 720 722 716 722 718 717 719 723 717 723 721 722 723 727 722 727 726 720 721 725 720 725 724 720 724 726 720 726 722 721 723 727 721 727 725 726 727 731 726 731 730 724 725 729 724 729 728 724 728 730 724 730 726 725 727 731 725 731 729 730 731 735 730 735 734 728 729 733 728 733 732 728 732 734 728 734 730 729 731 735 729 735 733 734 735 739 734 739 738 732 733 737 732 737 736 732 736 738 732 738 734 733 735 739 733 739 737 738 739 743 738 743 742 736 737 741 736 741 740 736 740 742 736 742 738 737 739 743 737 743 741 742 743 747 742 747 746 740 741 745 740 745 744 740 744 746 740 746 742 741 743 747 741 747 745 746 747 751 746 751 750 744 745 749 744 749 748 744 748 750 744 750 746 745 747 751 745 751 749 750 751 755 750 755 754 748 749 753 748 753 752 748 752 754 748 754 750 749 751 755 749 755 753 754 755 759 754 759 758 752 753 757 752 757 756 752 756 758 752 758 754 753 755 759 753 759 757 758 759 763 758 763 762 756 757 761 756 761 760 756 760 762 756 762 758 757 759 763 757 763 761 762 763 767 762 767 766 760 761 765 760 765 764 760 764 766 760 766 762 761 763 767 761 767 765 766 767 771 766 771 770 764 765 769 764 769 768 764 768 770 764 770 766 765 767 771 765 771 769 770 771 775 770 775 774 768 769 773 768 773 772 768 772 774 768 774 770 769 771 775 769 775 773 774 775 779 774 779 778 772 773 777 772 777 776 772 776 778 772 778 774 773 775 779 773 779 777 778 779 783 778 783 782 776 777 781 776 781 780 776 780 782 776 782 778 777 779 783 777 783 781 782 783 787 782 787 786 780 781 785 780 785 784 780 784 786 780 786 782 781 783 787 781 787 785 786 787 791 786 791 790 784 785 789 784 789 788 784 788 790 784 790 786 785 787 791 785 791 789 790 791 795 790 795 794 788 789 793 788 793 792 788 792 794 788 794 790 789 791 795 789 795 793 794 795 799 794 799 798 792 793 797 792 797 796 792 796 798 792 798 794 793 795 799 793 799 797 798 799 803 798 803 802 796 797 801 796 801 800 796 800 802 796 802 798 797 799 803 797 803 801 802 803 807 802 807 806 800 801 805 800 805 804 800 804 806 800 806 802 801 803 807 801 807 805 806 807 811 806 811 810 804 805 809 804 809 808 804 808 810 804 810 806 805 807 811 805 811 809 810 811 815 810 815 814 808 809 813 808 813 812 808 812 814 808 814 810 809 811 815 809 815 813 814 815 819 814 819 818 812 813 817 812 817 816 812 816 818 812 818 814 813 815 819 813 819 817 818 819 823 818 823 822 816 817 821 816 821 820 816 820 822 816 822 818 817 819 823 817 823 821 822 823 827 822 827 826 820 821 825 820 825 824 820 824 826 820 826 822 821 823 827 821 827 825 826 827 831 826 831 830 824 825 829 824 829 828 824 828 830 824 830 826 825 827 831 825 831 829 830 831 835 830 835 834 828 829 833 828 833 832 828 832 834 828 834 830 829 831 835 829 835 833 834 835 839 834 839 838 832 833 837 832 837 836 832 836 838 832 838 834 833 835 839 833 839 837 838 839 843 838 843 842 836 837 841 836 841 840 836 840 842 836 842 838 837 839 843 837 843 841 842 843 847 842 847 846 840 841 845 840 845 844 840 844 846 840 846 842 841 843 847 841 847 845 846 847 851 846 851 850 844 845 849 844 849 848 844 848 850 844 850 846 845 847 851 845 851 849 850 851 855 850 855 854 848 849 853 848 853 852 848 852 854 848 854 850 849 851 855 849 855 853 854 855 859 854 859 858 852 853 857 852 857 856 852 856 858 852 858 854 853 855 859 853 859 857 858 859 863 858 863 862 856 857 861 856 861 860 856 860 862 856 862 858 857 859 863 857 863 861 862 863 867 862 867 866 860 861 865 860 865 864 860 864 866 860 866 862 861 863 867 861 867 865 866 867 871 866 871 870 864 865 869 864 869 868 864 868 870 864 870 866 865 867 871 865 871 869 870 871 875 870 875 874 868 869 873 868 873 872 868 872 874 868 874 870 869 871 875 869 875 873 874 875 879 874 879 878 872 873 877 872 877 876 872 876 878 872 878 874 873 875 879 873 879 877 878 879 883 878 883 882 876 877 881 876 881 880 876 880 882 876 882 878 877 879 883 877 883 881 882 883 887 882 887 886 880 881 885 880 885 884 880 884 886 880 886 882 881 883 887 881 887 885 886 887 891 886 891 890 884 885 889 884 889 888 884 888 890 884 890 886 885 887 891 885 891 889 890 891 895 890 895 894 888 889 893 888 893 892 888 892 894 888 894 890 889 891 895 889 895 893 894 895 899 894 899 898 892 893 897 892 897 896 892 896 898 892 898 894 893 895 899 893 899 897 898 899 903 898 903 902 896 897 901 896 901 900 896 900 902 896 902 898 897 899 903 897 903 901 902 903 907 902 907 906 900 901 905 900 905 904 900 904 906 900 906 902 901 903 907 901 907 905 906 907 911 906 911 910 904 905 909 904 909 908 904 908 910 904 910 906 905 907 911 905 911 909 910 911 915 910 915 914 908 909 913 908 913 912 908 912 914 908 914 910 909 911 915 909 915 913 914 915 919 914 919 918 912 913 917 912 917 916 912 916 918 912 918 914 913 915 919 913 919 917 918 919 923 918 923 922 916 917 921 916 921 920 916 920 922 916 922 918 917 919 923 917 923 921 922 923 927 922 927 926 920 921 925 920 925 924 920 924 926 920 926 922 921 923 927 921 927 925 926 927 931 926 931 930 924 925 929 924 929 928 924 928 930 924 930 926 925 927 931 925 931 929 930 931 935 930 935 934 928 929 933 928 933 932 928 932 934 928 934 930 929 931 935 929 935 933 934 935 939 934 939 938 932 933 937 932 937 936 932 936 938 932 938 934 933 935 939 933 939 937 938 939 943 938 943 942 936 937 941 936 941 940 936 940 942 936 942 938 937 939 943 937 943 941 942 943 947 942 947 946 940 941 945 940 945 944 940 944 946 940 946 942 941 943 947 941 947 945 946 947 951 946 951 950 944 945 949 944 949 948 944 948 950 944 950 946 945 947 951 945 951 949 950 951 955 950 955 954 948 949 953 948 953 952 948 952 954 948 954 950 949 951 955 949 955 953 954 955 959 954 959 958 952 953 957 952 957 956 952 956 958 952 958 954 953 955 959 953 959 957 958 959 963 958 963 962 956 957 961 956 961 960 956 960 962 956 962 958 957 959 963 957 963 961 962 963 967 962 967 966 960 961 965 960 965 964 960 964 966 960 966 962 961 963 967 961 967 965 966 967 971 966 971 970 964 965 969 964 969 968 964 968 970 964 970 966 965 967 971 965 971 969 970 971 975 970 975 974 968 969 973 968 973 972 968 972 974 968 974 970 969 971 975 969 975 973 974 975 979 974 979 978 972 973 977 972 977 976 972 976 978 972 978 974 973 975 979 973 979 977 978 979 983 978 983 982 976 977 981 976 981 980 976 980 982 976 982 978 977 979 983 977 983 981 982 983 987 982 987 986 980 981 985 980 985 984 980 984 986 980 986 982 981 983 987 981 987 985 986 987 991 986 991 990 984 985 989 984 989 988 984 988 990 984 990 986 985 987 991 985 991 989 990 991 995 990 995 994 988 989 993 988 993 992 988 992 994 988 994 990 989 991 995 989 995 993 994 995 999 994 999 998 992 993 997 992 997 996 992 996 998 992 998 994 993 995 999 993 999 997 998 999 1003 998 1003 1002 996 997 1001 996 1001 1000 996 1000 1002 996 1002 998 997 999 1003 997 1003 1001 1002 1003 1007 1002 1007 1006 1000 1001 1005 1000 1005 1004 1000 1004 1006 1000 1006 1002 1001 1003 1007 1001 1007 1005 1006 1007 1011 1006 1011 1010 1004 1005 1009 1004 1009 1008 1004 1008 1010 1004 1010 1006 1005 1007 1011 1005 1011 1009 1010 1011 1015 1010 1015 1014 1008 1009 1013 1008 1013 1012 1008 1012 1014 1008 1014 1010 1009 1011 1015 1009 1015 1013 1014 1015 1019 1014 1019 1018 1012 1013 1017 1012 1017 1016 1012 1016 1018 1012 1018 1014 1013 1015 1019 1013 1019 1017 1018 1019 1023 1018 1023 1022 1016 1017 1021 1016 1021 1020 1016 1020 1022 1016 1022 1018 1017 1019 1023 1017 1023 1021 1022 1023 1027 1022 1027 1026 1020 1021 1025 1020 1025 1024 1020 1024 1026 1020 1026 1022 1021 1023 1027 1021 1027 1025 1026 1027 1031 1026 1031 1030 1024 1025 1029 1024 1029 1028 1024 1028 1030 1024 1030 1026 1025 1027 1031 1025 1031 1029 1030 1031 1035 1030 1035 1034 1028 1029 1033 1028 1033 1032 1028 1032 1034 1028 1034 1030 1029 1031 1035 1029 1035 1033 1034 1035 1039 1034 1039 1038 1032 1033 1037 1032 1037 1036 1032 1036 1038 1032 1038 1034 1033 1035 1039 1033 1039 1037 1038 1039 1043 1038 1043 1042 1036 1037 1041 1036 1041 1040 1036 1040 1042 1036 1042 1038 1037 1039 1043 1037 1043 1041 1042 1043 1047 1042 1047 1046 1040 1041 1045 1040 1045 1044 1040 1044 1046 1040 1046 1042 1041 1043 1047 1041 1047 1045 1046 1047 1051 1046 1051 1050 1044 1045 1049 1044 1049 1048 1044 1048 1050 1044 1050 1046 1045 1047 1051 1045 1051 1049 1050 1051 1055 1050 1055 1054 1048 1049 1053 1048 1053 1052 1048 1052 1054 1048 1054 1050 1049 1051 1055 1049 1055 1053 1054 1055 1059 1054 1059 1058 1052 1053 1057 1052 1057 1056 1052 1056 1058 1052 1058 1054 1053 1055 1059 1053 1059 1057 1058 1059 1063 1058 1063 1062 1056 1057 1061 1056 1061 1060 1056 1060 1062 1056 1062 1058 1057 1059 1063 1057 1063 1061 1062 1063 1067 1062 1067 1066 1060 1061 1065 1060 1065 1064 1060 1064 1066 1060 1066 1062 1061 1063 1067 1061 1067 1065 1066 1067 1071 1066 1071 1070 1064 1065 1069 1064 1069 1068 1064 1068 1070 1064 1070 1066 1065 1067 1071 1065 1071 1069 1070 1071 1075 1070 1075 1074 1068 1069 1073 1068 1073 1072 1068 1072 1074 1068 1074 1070 1069 1071 1075 1069 1075 1073 1074 1075 1079 1074 1079 1078 1072 1073 1077 1072 1077 1076 1072 1076 1078 1072 1078 1074 1073 1075 1079 1073 1079 1077 1078 1079 1083 1078 1083 1082 1076 1077 1081 1076 1081 1080 1076 1080 1082 1076 1082 1078 1077 1079 1083 1077 1083 1081 1082 1083 1087 1082 1087 1086 1080 1081 1085 1080 1085 1084 1080 1084 1086 1080 1086 1082 1081 1083 1087 1081 1087 1085 1086 1087 1091 1086 1091 1090 1084 1085 1089 1084 1089 1088 1084 1088 1090 1084 1090 1086 1085 1087 1091 1085 1091 1089 1090 1091 1095 1090 1095 1094 1088 1089 1093 1088 1093 1092 1088 1092 1094 1088 1094 1090 1089 1091 1095 1089 1095 1093 1094 1095 1099 1094 1099 1098 1092 1093 1097 1092 1097 1096 1092 1096 1098 1092 1098 1094 1093 1095 1099 1093 1099 1097 1098 1099 1103 1098 1103 1102 1096 1097 1101 1096 1101 1100 1096 1100 1102 1096 1102 1098 1097 1099 1103 1097 1103 1101 1102 1103 1107 1102 1107 1106 1100 1101 1105 1100 1105 1104 1100 1104 1106 1100 1106 1102 1101 1103 1107 1101 1107 1105 1106 1107 1111 1106 1111 1110 1104 1105 1109 1104 1109 1108 1104 1108 1110 1104 1110 1106 1105 1107 1111 1105 1111 1109 1110 1111 1115 1110 1115 1114 1108 1109 1113 1108 1113 1112 1108 1112 1114 1108 1114 1110 1109 1111 1115 1109 1115 1113 1114 1115 1119 1114 1119 1118 1112 1113 1117 1112 1117 1116 1112 1116 1118 1112 1118 1114 1113 1115 1119 1113 1119 1117 1118 1119 1123 1118 1123 1122 1116 1117 1121 1116 1121 1120 1116 1120 1122 1116 1122 1118 1117 1119 1123 1117 1123 1121 1122 1123 1127 1122 1127 1126 1120 1121 1125 1120 1125 1124 1120 1124 1126 1120 1126 1122 1121 1123 1127 1121 1127 1125 1126 1127 1131 1126 1131 1130 1124 1125 1129 1124 1129 1128 1124 1128 1130 1124 1130 1126 1125 1127 1131 1125 1131 1129 1130 1131 1135 1130 1135 1134 1128 1129 1133 1128 1133 1132 1128 1132 1134 1128 1134 1130 1129 1131 1135 1129 1135 1133 1134 1135 1139 1134 1139 1138 1132 1133 1137 1132 1137 1136 1132 1136 1138 1132 1138 1134 1133 1135 1139 1133 1139 1137 1138 1139 1143 1138 1143 1142 1136 1137 1141 1136 1141 1140 1136 1140 1142 1136 1142 1138 1137 1139 1143 1137 1143 1141 1142 1143 1147 1142 1147 1146 1140 1141 1145 1140 1145 1144 1140 1144 1146 1140 1146 1142 1141 1143 1147 1141 1147 1145 1146 1147 1151 1146 1151 1150 1144 1145 1149 1144 1149 1148 1144 1148 1150 1144 1150 1146 1145 1147 1151 1145 1151 1149 1150 1151 1155 1150 1155 1154 1148 1149 1153 1148 1153 1152 1148 1152 1154 1148 1154 1150 1149 1151 1155 1149 1155 1153 1154 1155 1159 1154 1159 1158 1152 1153 1157 1152 1157 1156 1152 1156 1158 1152 1158 1154 1153 1155 1159 1153 1159 1157 1158 1159 1163 1158 1163 1162 1156 1157 1161 1156 1161 1160 1156 1160 1162 1156 1162 1158 1157 1159 1163 1157 1163 1161 1162 1163 1167 1162 1167 1166 1160 1161 1165 1160 1165 1164 1160 1164 1166 1160 1166 1162 1161 1163 1167 1161 1167 1165 1166 1167 1171 1166 1171 1170 1164 1165 1169 1164 1169 1168 1164 1168 1170 1164 1170 1166 1165 1167 1171 1165 1171 1169 1170 1171 1175 1170 1175 1174 1168 1169 1173 1168 1173 1172 1168 1172 1174 1168 1174 1170 1169 1171 1175 1169 1175 1173 1174 1175 1179 1174 1179 1178 1172 1173 1177 1172 1177 1176 1172 1176 1178 1172 1178 1174 1173 1175 1179 1173 1179 1177 1178 1179 1183 1178 1183 1182 1176 1177 1181 1176 1181 1180 1176 1180 1182 1176 1182 1178 1177 1179 1183 1177 1183 1181 1182 1183 1187 1182 1187 1186 1180 1181 1185 1180 1185 1184 1180 1184 1186 1180 1186 1182 1181 1183 1187 1181 1187 1185 1186 1187 1191 1186 1191 1190 1184 1185 1189 1184 1189 1188 1184 1188 1190 1184 1190 1186 1185 1187 1191 1185 1191 1189 1190 1191 1195 1190 1195 1194 1188 1189 1193 1188 1193 1192 1188 1192 1194 1188 1194 1190 1189 1191 1195 1189 1195 1193 1194 1195 1199 1194 1199 1198 1192 1193 1197 1192 1197 1196 1192 1196 1198 1192 1198 1194 1193 1195 1199 1193 1199 1197 1198 1199 1203 1198 1203 1202 1196 1197 1201 1196 1201 1200 1196 1200 1202 1196 1202 1198 1197 1199 1203 1197 1203 1201 1202 1203 1207 1202 1207 1206 1200 1201 1205 1200 1205 1204 1200 1204 1206 1200 1206 1202 1201 1203 1207 1201 1207 1205 1206 1207 1211 1206 1211 1210 1204 1205 1209 1204 1209 1208 1204 1208 1210 1204 1210 1206 1205 1207 1211 1205 1211 1209 1210 1211 1215 1210 1215 1214 1208 1209 1213 1208 1213 1212 1208 1212 1214 1208 1214 1210 1209 1211 1215 1209 1215 1213 1214 1215 1219 1214 1219 1218 1212 1213 1217 1212 1217 1216 1212 1216 1218 1212 1218 1214 1213 1215 1219 1213 1219 1217 1218 1219 1223 1218 1223 1222 1216 1217 1221 1216 1221 1220 1216 1220 1222 1216 1222 1218 1217 1219 1223 1217 1223 1221 1222 1223 1227 1222 1227 1226 1220 1221 1225 1220 1225 1224 1220 1224 1226 1220 1226 1222 1221 1223 1227 1221 1227 1225 1226 1227 1231 1226 1231 1230 1224 1225 1229 1224 1229 1228 1224 1228 1230 1224 1230 1226 1225 1227 1231 1225 1231 1229 1230 1231 1235 1230 1235 1234 1228 1229 1233 1228 1233 1232 1228 1232 1234 1228 1234 1230 1229 1231 1235 1229 1235 1233 1234 1235 1239 1234 1239 1238 1232 1233 1237 1232 1237 1236 1232 1236 1238 1232 1238 1234 1233 1235 1239 1233 1239 1237 1238 1239 1243 1238 1243 1242 1236 1237 1241 1236 1241 1240 1236 1240 1242 1236 1242 1238 1237 1239 1243 1237 1243 1241 1242 1243 1247 1242 1247 1246 1240 1241 1245 1240 1245 1244 1240 1244 1246 1240 1246 1242 1241 1243 1247 1241 1247 1245 1246 1247 1251 1246 1251 1250 1244 1245 1249 1244 1249 1248 1244 1248 1250 1244 1250 1246 1245 1247 1251 1245 1251 1249 1250 1251 1255 1250 1255 1254 1248 1249 1253 1248 1253 1252 1248 1252 1254 1248 1254 1250 1249 1251 1255 1249 1255 1253 1254 1255 1259 1254 1259 1258 1252 1253 1257 1252 1257 1256 1252 1256 1258 1252 1258 1254 1253 1255 1259 1253 1259 1257 1258 1259 1263 1258 1263 1262 1256 1257 1261 1256 1261 1260 1256 1260 1262 1256 1262 1258 1257 1259 1263 1257 1263 1261 1262 1263 1267 1262 1267 1266 1260 1261 1265 1260 1265 1264 1260 1264 1266 1260 1266 1262 1261 1263 1267 1261 1267 1265 1266 1267 1271 1266 1271 1270 1264 1265 1269 1264 1269 1268 1264 1268 1270 1264 1270 1266 1265 1267 1271 1265 1271 1269 1270 1271 1275 1270 1275 1274 1268 1269 1273 1268 1273 1272 1268 1272 1274 1268 1274 1270 1269 1271 1275 1269 1275 1273 1274 1275 1279 1274 1279 1278 1272 1273 1277 1272 1277 1276 1272 1276 1278 1272 1278 1274 1273 1275 1279 1273 1279 1277 1278 1279 1283 1278 1283 1282 1276 1277 1281 1276 1281 1280 1276 1280 1282 1276 1282 1278 1277 1279 1283 1277 1283 1281 1282 1283 1287 1282 1287 1286 1280 1281 1285 1280 1285 1284 1280 1284 1286 1280 1286 1282 1281 1283 1287 1281 1287 1285 1286 1287 1291 1286 1291 1290 1284 1285 1289 1284 1289 1288 1284 1288 1290 1284 1290 1286 1285 1287 1291 1285 1291 1289 1290 1291 1295 1290 1295 1294 1288 1289 1293 1288 1293 1292 1288 1292 1294 1288 1294 1290 1289 1291 1295 1289 1295 1293 1294 1295 1299 1294 1299 1298 1292 1293 1297 1292 1297 1296 1292 1296 1298 1292 1298 1294 1293 1295 1299 1293 1299 1297 1298 1299 1303 1298 1303 1302 1296 1297 1301 1296 1301 1300 1296 1300 1302 1296 1302 1298 1297 1299 1303 1297 1303 1301 1302 1303 1307 1302 1307 1306 1300 1301 1305 1300 1305 1304 1300 1304 1306 1300 1306 1302 1301 1303 1307 1301 1307 1305 1306 1307 1311 1306 1311 1310 1304 1305 1309 1304 1309 1308 1304 1308 1310 1304 1310 1306 1305 1307 1311 1305 1311 1309 1310 1311 1315 1310 1315 1314 1308 1309 1313 1308 1313 1312 1308 1312 1314 1308 1314 1310 1309 1311 1315 1309 1315 1313 1314 1315 1319 1314 1319 1318 1312 1313 1317 1312 1317 1316 1312 1316 1318 1312 1318 1314 1313 1315 1319 1313 1319 1317 1318 1319 1323 1318 1323 1322 1316 1317 1321 1316 1321 1320 1316 1320 1322 1316 1322 1318 1317 1319 1323 1317 1323 1321 1322 1323 1327 1322 1327 1326 1320 1321 1325 1320 1325 1324 1320 1324 1326 1320 1326 1322 1321 1323 1327 1321 1327 1325 1326 1327 1331 1326 1331 1330 1324 1325 1329 1324 1329 1328 1324 1328 1330 1324 1330 1326 1325 1327 1331 1325 1331 1329 1330 1331 1335 1330 1335 1334 1328 1329 1333 1328 1333 1332 1328 1332 1334 1328 1334 1330 1329 1331 1335 1329 1335 1333 1334 1335 1339 1334 1339 1338 1332 1333 1337 1332 1337 1336 1332 1336 1338 1332 1338 1334 1333 1335 1339 1333 1339 1337 1338 1339 1343 1338 1343 1342 1336 1337 1341 1336 1341 1340 1336 1340 1342 1336 1342 1338 1337 1339 1343 1337 1343 1341 1342 1343 1347 1342 1347 1346 1340 1341 1345 1340 1345 1344 1340 1344 1346 1340 1346 1342 1341 1343 1347 1341 1347 1345 1346 1347 1351 1346 1351 1350 1344 1345 1349 1344 1349 1348 1344 1348 1350 1344 1350 1346 1345 1347 1351 1345 1351 1349 1350 1351 1355 1350 1355 1354 1348 1349 1353 1348 1353 1352 1348 1352 1354 1348 1354 1350 1349 1351 1355 1349 1355 1353 1354 1355 1359 1354 1359 1358 1352 1353 1357 1352 1357 1356 1352 1356 1358 1352 1358 1354 1353 1355 1359 1353 1359 1357 1358 1359 1363 1358 1363 1362 1356 1357 1361 1356 1361 1360 1356 1360 1362 1356 1362 1358 1357 1359 1363 1357 1363 1361 1362 1363 1367 1362 1367 1366 1360 1361 1365 1360 1365 1364 1360 1364 1366 1360 1366 1362 1361 1363 1367 1361 1367 1365 1366 1367 1371 1366 1371 1370 1364 1365 1369 1364 1369 1368 1364 1368 1370 1364 1370 1366 1365 1367 1371 1365 1371 1369 1370 1371 1375 1370 1375 1374 1368 1369 1373 1368 1373 1372 1368 1372 1374 1368 1374 1370 1369 1371 1375 1369 1375 1373 1374 1375 1379 1374 1379 1378 1372 1373 1377 1372 1377 1376 1372 1376 1378 1372 1378 1374 1373 1375 1379 1373 1379 1377 1378 1379 1383 1378 1383 1382 1376 1377 1381 1376 1381 1380 1376 1380 1382 1376 1382 1378 1377 1379 1383 1377 1383 1381 1382 1383 1387 1382 1387 1386 1380 1381 1385 1380 1385 1384 1380 1384 1386 1380 1386 1382 1381 1383 1387 1381 1387 1385 1386 1387 1391 1386 1391 1390 1384 1385 1389 1384 1389 1388 1384 1388 1390 1384 1390 1386 1385 1387 1391 1385 1391 1389 1390 1391 1395 1390 1395 1394 1388 1389 1393 1388 1393 1392 1388 1392 1394 1388 1394 1390 1389 1391 1395 1389 1395 1393 1394 1395 1399 1394 1399 1398 1392 1393 1397 1392 1397 1396 1392 1396 1398 1392 1398 1394 1393 1395 1399 1393 1399 1397 1398 1399 1403 1398 1403 1402 1396 1397 1401 1396 1401 1400 1396 1400 1402 1396 1402 1398 1397 1399 1403 1397 1403 1401 1402 1403 1407 1402 1407 1406 1400 1401 1405 1400 1405 1404 1400 1404 1406 1400 1406 1402 1401 1403 1407 1401 1407 1405 1406 1407 1411 1406 1411 1410 1404 1405 1409 1404 1409 1408 1404 1408 1410 1404 1410 1406 1405 1407 1411 1405 1411 1409 1410 1411 1415 1410 1415 1414 1408 1409 1413 1408 1413 1412 1408 1412 1414 1408 1414 1410 1409 1411 1415 1409 1415 1413 1414 1415 1419 1414 1419 1418 1412 1413 1417 1412 1417 1416 1412 1416 1418 1412 1418 1414 1413 1415 1419 1413 1419 1417 1418 1419 1423 1418 1423 1422 1416 1417 1421 1416 1421 1420 1416 1420 1422 1416 1422 1418 1417 1419 1423 1417 1423 1421 1422 1423 1427 1422 1427 1426 1420 1421 1425 1420 1425 1424 1420 1424 1426 1420 1426 1422 1421 1423 1427 1421 1427 1425 1426 1427 1431 1426 1431 1430 1424 1425 1429 1424 1429 1428 1424 1428 1430 1424 1430 1426 1425 1427 1431 1425 1431 1429 1430 1431 1435 1430 1435 1434 1428 1429 1433 1428 1433 1432 1428 1432 1434 1428 1434 1430 1429 1431 1435 1429 1435 1433 1434 1435 1439 1434 1439 1438 1432 1433 1437 1432 1437 1436 1432 1436 1438 1432 1438 1434 1433 1435 1439 1433 1439 1437 1438 1439 1443 1438 1443 1442 1436 1437 1441 1436 1441 1440 1436 1440 1442 1436 1442 1438 1437 1439 1443 1437 1443 1441 1442 1443 1447 1442 1447 1446 1440 1441 1445 1440 1445 1444 1440 1444 1446 1440 1446 1442 1441 1443 1447 1441 1447 1445 1446 1447 1451 1446 1451 1450 1444 1445 1449 1444 1449 1448 1444 1448 1450 1444 1450 1446 1445 1447 1451 1445 1451 1449 1450 1451 1455 1450 1455 1454 1448 1449 1453 1448 1453 1452 1448 1452 1454 1448 1454 1450 1449 1451 1455 1449 1455 1453 1454 1455 1459 1454 1459 1458 1452 1453 1457 1452 1457 1456 1452 1456 1458 1452 1458 1454 1453 1455 1459 1453 1459 1457 1458 1459 1463 1458 1463 1462 1456 1457 1461 1456 1461 1460 1456 1460 1462 1456 1462 1458 1457 1459 1463 1457 1463 1461 1462 1463 1467 1462 1467 1466 1460 1461 1465 1460 1465 1464 1460 1464 1466 1460 1466 1462 1461 1463 1467 1461 1467 1465 1466 1467 1471 1466 1471 1470 1464 1465 1469 1464 1469 1468 1464 1468 1470 1464 1470 1466 1465 1467 1471 1465 1471 1469 1470 1471 1475 1470 1475 1474 1468 1469 1473 1468 1473 1472 1468 1472 1474 1468 1474 1470 1469 1471 1475 1469 1475 1473 1474 1475 1479 1474 1479 1478 1472 1473 1477 1472 1477 1476 1472 1476 1478 1472 1478 1474 1473 1475 1479 1473 1479 1477 1478 1479 1483 1478 1483 1482 1476 1477 1481 1476 1481 1480 1476 1480 1482 1476 1482 1478 1477 1479 1483 1477 1483 1481 1482 1483 1487 1482 1487 1486 1480 1481 1485 1480 1485 1484 1480 1484 1486 1480 1486 1482 1481 1483 1487 1481 1487 1485 1486 1487 1491 1486 1491 1490 1484 1485 1489 1484 1489 1488 1484 1488 1490 1484 1490 1486 1485 1487 1491 1485 1491 1489 1490 1491 1495 1490 1495 1494 1488 1489 1493 1488 1493 1492 1488 1492 1494 1488 1494 1490 1489 1491 1495 1489 1495 1493 1494 1495 1499 1494 1499 1498 1492 1493 1497 1492 1497 1496 1492 1496 1498 1492 1498 1494 1493 1495 1499 1493 1499 1497 1498 1499 1503 1498 1503 1502 1496 1497 1501 1496 1501 1500 1496 1500 1502 1496 1502 1498 1497 1499 1503 1497 1503 1501 1502 1503 1507 1502 1507 1506 1500 1501 1505 1500 1505 1504 1500 1504 1506 1500 1506 1502 1501 1503 1507 1501 1507 1505 1506 1507 1511 1506 1511 1510 1504 1505 1509 1504 1509 1508 1504 1508 1510 1504 1510 1506 1505 1507 1511 1505 1511 1509 1510 1511 1515 1510 1515 1514 1508 1509 1513 1508 1513 1512 1508 1512 1514 1508 1514 1510 1509 1511 1515 1509 1515 1513 1514 1515 1519 1514 1519 1518 1512 1513 1517 1512 1517 1516 1512 1516 1518 1512 1518 1514 1513 1515 1519 1513 1519 1517 1518 1519 1523 1518 1523 1522 1516 1517 1521 1516 1521 1520 1516 1520 1522 1516 1522 1518 1517 1519 1523 1517 1523 1521 1522 1523 1527 1522 1527 1526 1520 1521 1525 1520 1525 1524 1520 1524 1526 1520 1526 1522 1521 1523 1527 1521 1527 1525 1526 1527 1531 1526 1531 1530 1524 1525 1529 1524 1529 1528 1524 1528 1530 1524 1530 1526 1525 1527 1531 1525 1531 1529 1530 1531 1535 1530 1535 1534 1528 1529 1533 1528 1533 1532 1528 1532 1534 1528 1534 1530 1529 1531 1535 1529 1535 1533 1534 1535 1539 1534 1539 1538 1532 1533 1537 1532 1537 1536 1532 1536 1538 1532 1538 1534 1533 1535 1539 1533 1539 1537 1538 1539 1543 1538 1543 1542 1536 1537 1541 1536 1541 1540 1536 1540 1542 1536 1542 1538 1537 1539 1543 1537 1543 1541 1542 1543 1547 1542 1547 1546 1540 1541 1545 1540 1545 1544 1540 1544 1546 1540 1546 1542 1541 1543 1547 1541 1547 1545 1546 1547 1551 1546 1551 1550 1544 1545 1549 1544 1549 1548 1544 1548 1550 1544 1550 1546 1545 1547 1551 1545 1551 1549 1550 1551 1555 1550 1555 1554 1548 1549 1553 1548 1553 1552 1548 1552 1554 1548 1554 1550 1549 1551 1555 1549 1555 1553 1554 1555 1559 1554 1559 1558 1552 1553 1557 1552 1557 1556 1552 1556 1558 1552 1558 1554 1553 1555 1559 1553 1559 1557 1558 1559 1563 1558 1563 1562 1556 1557 1561 1556 1561 1560 1556 1560 1562 1556 1562 1558 1557 1559 1563 1557 1563 1561 1562 1563 1567 1562 1567 1566 1560 1561 1565 1560 1565 1564 1560 1564 1566 1560 1566 1562 1561 1563 1567 1561 1567 1565 1566 1567 1571 1566 1571 1570 1564 1565 1569 1564 1569 1568 1564 1568 1570 1564 1570 1566 1565 1567 1571 1565 1571 1569 1570 1571 1575 1570 1575 1574 1568 1569 1573 1568 1573 1572 1568 1572 1574 1568 1574 1570 1569 1571 1575 1569 1575 1573 1574 1575 1579 1574 1579 1578 1572 1573 1577 1572 1577 1576 1572 1576 1578 1572 1578 1574 1573 1575 1579 1573 1579 1577 1578 1579 1583 1578 1583 1582 1576 1577 1581 1576 1581 1580 1576 1580 1582 1576 1582 1578 1577 1579 1583 1577 1583 1581 1582 1583 1587 1582 1587 1586 1580 1581 1585 1580 1585 1584 1580 1584 1586 1580 1586 1582 1581 1583 1587 1581 1587 1585 1586 1587 1591 1586 1591 1590 1584 1585 1589 1584 1589 1588 1584 1588 1590 1584 1590 1586 1585 1587 1591 1585 1591 1589 1590 1591 1595 1590 1595 1594 1588 1589 1593 1588 1593 1592 1588 1592 1594 1588 1594 1590 1589 1591 1595 1589 1595 1593 1594 1595 1599 1594 1599 1598 1592 1593 1597 1592 1597 1596 1592 1596 1598 1592 1598 1594 1593 1595 1599 1593 1599 1597 1598 1599 1603 1598 1603 1602 1596 1597 1601 1596 1601 1600 1596 1600 1602 1596 1602 1598 1597 1599 1603 1597 1603 1601 1602 1603 1607 1602 1607 1606 1600 1601 1605 1600 1605 1604 1600 1604 1606 1600 1606 1602 1601 1603 1607 1601 1607 1605 1606 1607 1611 1606 1611 1610 1604 1605 1609 1604 1609 1608 1604 1608 1610 1604 1610 1606 1605 1607 1611 1605 1611 1609 1610 1611 1615 1610 1615 1614 1608 1609 1613 1608 1613 1612 1608 1612 1614 1608 1614 1610 1609 1611 1615 1609 1615 1613 1614 1615 1619 1614 1619 1618 1612 1613 1617 1612 1617 1616 1612 1616 1618 1612 1618 1614 1613 1615 1619 1613 1619 1617 1618 1619 1623 1618 1623 1622 1616 1617 1621 1616 1621 1620 1616 1620 1622 1616 1622 1618 1617 1619 1623 1617 1623 1621 1622 1623 1627 1622 1627 1626 1620 1621 1625 1620 1625 1624 1620 1624 1626 1620 1626 1622 1621 1623 1627 1621 1627 1625 1626 1627 1631 1626 1631 1630 1624 1625 1629 1624 1629 1628 1624 1628 1630 1624 1630 1626 1625 1627 1631 1625 1631 1629 1630 1631 1635 1630 1635 1634 1628 1629 1633 1628 1633 1632 1628 1632 1634 1628 1634 1630 1629 1631 1635 1629 1635 1633 1634 1635 1639 1634 1639 1638 1632 1633 1637 1632 1637 1636 1632 1636 1638 1632 1638 1634 1633 1635 1639 1633 1639 1637 1638 1639 1643 1638 1643 1642 1636 1637 1641 1636 1641 1640 1636 1640 1642 1636 1642 1638 1637 1639 1643 1637 1643 1641 1642 1643 1647 1642 1647 1646 1640 1641 1645 1640 1645 1644 1640 1644 1646 1640 1646 1642 1641 1643 1647 1641 1647 1645 1646 1647 1651 1646 1651 1650 1644 1645 1649 1644 1649 1648 1644 1648 1650 1644 1650 1646 1645 1647 1651 1645 1651 1649 1650 1651 1655 1650 1655 1654 1648 1649 1653 1648 1653 1652 1648 1652 1654 1648 1654 1650 1649 1651 1655 1649 1655 1653 1654 1655 1659 1654 1659 1658 1652 1653 1657 1652 1657 1656 1652 1656 1658 1652 1658 1654 1653 1655 1659 1653 1659 1657 1658 1659 1663 1658 1663 1662 1656 1657 1661 1656 1661 1660 1656 1660 1662 1656 1662 1658 1657 1659 1663 1657 1663 1661 1662 1663 1667 1662 1667 1666 1660 1661 1665 1660 1665 1664 1660 1664 1666 1660 1666 1662 1661 1663 1667 1661 1667 1665 1666 1667 1671 1666 1671 1670 1664 1665 1669 1664 1669 1668 1664 1668 1670 1664 1670 1666 1665 1667 1671 1665 1671 1669 1670 1671 1675 1670 1675 1674 1668 1669 1673 1668 1673 1672 1668 1672 1674 1668 1674 1670 1669 1671 1675 1669 1675 1673 1674 1675 1679 1674 1679 1678 1672 1673 1677 1672 1677 1676 1672 1676 1678 1672 1678 1674 1673 1675 1679 1673 1679 1677 1678 1679 1683 1678 1683 1682 1676 1677 1681 1676 1681 1680 1676 1680 1682 1676 1682 1678 1677 1679 1683 1677 1683 1681 1682 1683 1687 1682 1687 1686 1680 1681 1685 1680 1685 1684 1680 1684 1686 1680 1686 1682 1681 1683 1687 1681 1687 1685 1686 1687 1691 1686 1691 1690 1684 1685 1689 1684 1689 1688 1684 1688 1690 1684 1690 1686 1685 1687 1691 1685 1691 1689 1690 1691 1695 1690 1695 1694 1688 1689 1693 1688 1693 1692 1688 1692 1694 1688 1694 1690 1689 1691 1695 1689 1695 1693 1694 1695 1699 1694 1699 1698 1692 1693 1697 1692 1697 1696 1692 1696 1698 1692 1698 1694 1693 1695 1699 1693 1699 1697 1698 1699 1703 1698 1703 1702 1696 1697 1701 1696 1701 1700 1696 1700 1702 1696 1702 1698 1697 1699 1703 1697 1703 1701 1702 1703 1707 1702 1707 1706 1700 1701 1705 1700 1705 1704 1700 1704 1706 1700 1706 1702 1701 1703 1707 1701 1707 1705 1706 1707 1711 1706 1711 1710 1704 1705 1709 1704 1709 1708 1704 1708 1710 1704 1710 1706 1705 1707 1711 1705 1711 1709 1710 1711 1715 1710 1715 1714 1708 1709 1713 1708 1713 1712 1708 1712 1714 1708 1714 1710 1709 1711 1715 1709 1715 1713 1714 1715 1719 1714 1719 1718 1712 1713 1717 1712 1717 1716 1712 1716 1718 1712 1718 1714 1713 1715 1719 1713 1719 1717 1718 1719 1723 1718 1723 1722 1716 1717 1721 1716 1721 1720 1716 1720 1722 1716 1722 1718 1717 1719 1723 1717 1723 1721 1722 1723 1727 1722 1727 1726 1720 1721 1725 1720 1725 1724 1720 1724 1726 1720 1726 1722 1721 1723 1727 1721 1727 1725 1726 1727 1731 1726 1731 1730 1724 1725 1729 1724 1729 1728 1724 1728 1730 1724 1730 1726 1725 1727 1731 1725 1731 1729 1730 1731 1735 1730 1735 1734 1728 1729 1733 1728 1733 1732 1728 1732 1734 1728 1734 1730 1729 1731 1735 1729 1735 1733 1734 1735 1739 1734 1739 1738 1732 1733 1737 1732 1737 1736 1732 1736 1738 1732 1738 1734 1733 1735 1739 1733 1739 1737 1738 1739 1743 1738 1743 1742 1736 1737 1741 1736 1741 1740 1736 1740 1742 1736 1742 1738 1737 1739 1743 1737 1743 1741 1742 1743 1747 1742 1747 1746 1740 1741 1745 1740 1745 1744 1740 1744 1746 1740 1746 1742 1741 1743 1747 1741 1747 1745 1746 1747 1751 1746 1751 1750 1744 1745 1749 1744 1749 1748 1744 1748 1750 1744 1750 1746 1745 1747 1751 1745 1751 1749 1750 1751 1755 1750 1755 1754 1748 1749 1753 1748 1753 1752 1748 1752 1754 1748 1754 1750 1749 1751 1755 1749 1755 1753 1754 1755 1759 1754 1759 1758 1752 1753 1757 1752 1757 1756 1752 1756 1758 1752 1758 1754 1753 1755 1759 1753 1759 1757 1758 1759 1763 1758 1763 1762 1756 1757 1761 1756 1761 1760 1756 1760 1762 1756 1762 1758 1757 1759 1763 1757 1763 1761 1762 1763 1767 1762 1767 1766 1760 1761 1765 1760 1765 1764 1760 1764 1766 1760 1766 1762 1761 1763 1767 1761 1767 1765 1766 1767 1771 1766 1771 1770 1764 1765 1769 1764 1769 1768 1764 1768 1770 1764 1770 1766 1765 1767 1771 1765 1771 1769 1770 1771 1775 1770 1775 1774 1768 1769 1773 1768 1773 1772 1768 1772 1774 1768 1774 1770 1769 1771 1775 1769 1775 1773 1774 1775 1779 1774 1779 1778 1772 1773 1777 1772 1777 1776 1772 1776 1778 1772 1778 1774 1773 1775 1779 1773 1779 1777 1778 1779 1783 1778 1783 1782 1776 1777 1781 1776 1781 1780 1776 1780 1782 1776 1782 1778 1777 1779 1783 1777 1783 1781 1782 1783 1787 1782 1787 1786 1780 1781 1785 1780 1785 1784 1780 1784 1786 1780 1786 1782 1781 1783 1787 1781 1787 1785 1786 1787 1791 1786 1791 1790 1784 1785 1789 1784 1789 1788 1784 1788 1790 1784 1790 1786 1785 1787 1791 1785 1791 1789 1790 1791 1795 1790 1795 1794 1788 1789 1793 1788 1793 1792 1788 1792 1794 1788 1794 1790 1789 1791 1795 1789 1795 1793 1794 1795 1799 1794 1799 1798 1792 1793 1797 1792 1797 1796 1792 1796 1798 1792 1798 1794 1793 1795 1799 1793 1799 1797 1798 1799 1803 1798 1803 1802 1796 1797 1801 1796 1801 1800 1796 1800 1802 1796 1802 1798 1797 1799 1803 1797 1803 1801 1802 1803 1807 1802 1807 1806 1800 1801 1805 1800 1805 1804 1800 1804 1806 1800 1806 1802 1801 1803 1807 1801 1807 1805 1806 1807 1811 1806 1811 1810 1804 1805 1809 1804 1809 1808 1804 1808 1810 1804 1810 1806 1805 1807 1811 1805 1811 1809 1810 1811 1815 1810 1815 1814 1808 1809 1813 1808 1813 1812 1808 1812 1814 1808 1814 1810 1809 1811 1815 1809 1815 1813 1814 1815 1819 1814 1819 1818 1812 1813 1817 1812 1817 1816 1812 1816 1818 1812 1818 1814 1813 1815 1819 1813 1819 1817 1818 1819 1823 1818 1823 1822 1816 1817 1821 1816 1821 1820 1816 1820 1822 1816 1822 1818 1817 1819 1823 1817 1823 1821 1822 1823 1827 1822 1827 1826 1820 1821 1825 1820 1825 1824 1820 1824 1826 1820 1826 1822 1821 1823 1827 1821 1827 1825 1826 1827 1831 1826 1831 1830 1824 1825 1829 1824 1829 1828 1824 1828 1830 1824 1830 1826 1825 1827 1831 1825 1831 1829 1830 1831 1835 1830 1835 1834 1828 1829 1833 1828 1833 1832 1828 1832 1834 1828 1834 1830 1829 1831 1835 1829 1835 1833 1834 1835 1839 1834 1839 1838 1832 1833 1837 1832 1837 1836 1832 1836 1838 1832 1838 1834 1833 1835 1839 1833 1839 1837 1838 1839 1843 1838 1843 1842 1836 1837 1841 1836 1841 1840 1836 1840 1842 1836 1842 1838 1837 1839 1843 1837 1843 1841 1842 1843 1847 1842 1847 1846 1840 1841 1845 1840 1845 1844 1840 1844 1846 1840 1846 1842 1841 1843 1847 1841 1847 1845 1846 1847 1851 1846 1851 1850 1844 1845 1849 1844 1849 1848 1844 1848 1850 1844 1850 1846 1845 1847 1851 1845 1851 1849 1850 1851 1855 1850 1855 1854 1848 1849 1853 1848 1853 1852 1848 1852 1854 1848 1854 1850 1849 1851 1855 1849 1855 1853 1854 1855 1859 1854 1859 1858 1852 1853 1857 1852 1857 1856 1852 1856 1858 1852 1858 1854 1853 1855 1859 1853 1859 1857 1858 1859 1863 1858 1863 1862 1856 1857 1861 1856 1861 1860 1856 1860 1862 1856 1862 1858 1857 1859 1863 1857 1863 1861 1862 1863 1867 1862 1867 1866 1860 1861 1865 1860 1865 1864 1860 1864 1866 1860 1866 1862 1861 1863 1867 1861 1867 1865 1866 1867 1871 1866 1871 1870 1864 1865 1869 1864 1869 1868 1864 1868 1870 1864 1870 1866 1865 1867 1871 1865 1871 1869 1870 1871 1875 1870 1875 1874 1868 1869 1873 1868 1873 1872 1868 1872 1874 1868 1874 1870 1869 1871 1875 1869 1875 1873 1874 1875 1879 1874 1879 1878 1872 1873 1877 1872 1877 1876 1872 1876 1878 1872 1878 1874 1873 1875 1879 1873 1879 1877 1878 1879 1883 1878 1883 1882 1876 1877 1881 1876 1881 1880 1876 1880 1882 1876 1882 1878 1877 1879 1883 1877 1883 1881 1882 1883 1887 1882 1887 1886 1880 1881 1885 1880 1885 1884 1880 1884 1886 1880 1886 1882 1881 1883 1887 1881 1887 1885 1886 1887 1891 1886 1891 1890 1884 1885 1889 1884 1889 1888 1884 1888 1890 1884 1890 1886 1885 1887 1891 1885 1891 1889 1890 1891 1895 1890 1895 1894 1888 1889 1893 1888 1893 1892 1888 1892 1894 1888 1894 1890 1889 1891 1895 1889 1895 1893 1894 1895 1899 1894 1899 1898 1892 1893 1897 1892 1897 1896 1892 1896 1898 1892 1898 1894 1893 1895 1899 1893 1899 1897 1898 1899 1903 1898 1903 1902 1896 1897 1901 1896 1901 1900 1896 1900 1902 1896 1902 1898 1897 1899 1903 1897 1903 1901 1902 1903 1907 1902 1907 1906 1900 1901 1905 1900 1905 1904 1900 1904 1906 1900 1906 1902 1901 1903 1907 1901 1907 1905 1906 1907 1911 1906 1911 1910 1904 1905 1909 1904 1909 1908 1904 1908 1910 1904 1910 1906 1905 1907 1911 1905 1911 1909 1910 1911 1915 1910 1915 1914 1908 1909 1913 1908 1913 1912 1908 1912 1914 1908 1914 1910 1909 1911 1915 1909 1915 1913 1914 1915 1919 1914 1919 1918 1912 1913 1917 1912 1917 1916 1912 1916 1918 1912 1918 1914 1913 1915 1919 1913 1919 1917 1918 1919 1923 1918 1923 1922 1916 1917 1921 1916 1921 1920 1916 1920 1922 1916 1922 1918 1917 1919 1923 1917 1923 1921 1922 1923 1927 1922 1927 1926 1920 1921 1925 1920 1925 1924 1920 1924 1926 1920 1926 1922 1921 1923 1927 1921 1927 1925 1926 1927 1931 1926 1931 1930 1924 1925 1929 1924 1929 1928 1924 1928 1930 1924 1930 1926 1925 1927 1931 1925 1931 1929 1930 1931 1935 1930 1935 1934 1928 1929 1933 1928 1933 1932 1928 1932 1934 1928 1934 1930 1929 1931 1935 1929 1935 1933 1934 1935 1939 1934 1939 1938 1932 1933 1937 1932 1937 1936 1932 1936 1938 1932 1938 1934 1933 1935 1939 1933 1939 1937 1938 1939 1943 1938 1943 1942 1936 1937 1941 1936 1941 1940 1936 1940 1942 1936 1942 1938 1937 1939 1943 1937 1943 1941 1942 1943 1947 1942 1947 1946 1940 1941 1945 1940 1945 1944 1940 1944 1946 1940 1946 1942 1941 1943 1947 1941 1947 1945 1946 1947 1951 1946 1951 1950 1944 1945 1949 1944 1949 1948 1944 1948 1950 1944 1950 1946 1945 1947 1951 1945 1951 1949 1950 1951 1955 1950 1955 1954 1948 1949 1953 1948 1953 1952 1948 1952 1954 1948 1954 1950 1949 1951 1955 1949 1955 1953 1954 1955 1959 1954 1959 1958 1952 1953 1957 1952 1957 1956 1952 1956 1958 1952 1958 1954 1953 1955 1959 1953 1959 1957 1958 1959 1963 1958 1963 1962 1956 1957 1961 1956 1961 1960 1956 1960 1962 1956 1962 1958 1957 1959 1963 1957 1963 1961 1962 1963 1967 1962 1967 1966 1960 1961 1965 1960 1965 1964 1960 1964 1966 1960 1966 1962 1961 1963 1967 1961 1967 1965 1966 1967 1971 1966 1971 1970 1964 1965 1969 1964 1969 1968 1964 1968 1970 1964 1970 1966 1965 1967 1971 1965 1971 1969 1970 1971 1975 1970 1975 1974 1968 1969 1973 1968 1973 1972 1968 1972 1974 1968 1974 1970 1969 1971 1975 1969 1975 1973 1974 1975 1979 1974 1979 1978 1972 1973 1977 1972 1977 1976 1972 1976 1978 1972 1978 1974 1973 1975 1979 1973 1979 1977 1978 1979 1983 1978 1983 1982 1976 1977 1981 1976 1981 1980 1976 1980 1982 1976 1982 1978 1977 1979 1983 1977 1983 1981 1982 1983 1987 1982 1987 1986 1980 1981 1985 1980 1985 1984 1980 1984 1986 1980 1986 1982 1981 1983 1987 1981 1987 1985 1986 1987 1991 1986 1991 1990 1984 1985 1989 1984 1989 1988 1984 1988 1990 1984 1990 1986 1985 1987 1991 1985 1991 1989 1990 1991 1995 1990 1995 1994 1988 1989 1993 1988 1993 1992 1988 1992 1994 1988 1994 1990 1989 1991 1995 1989 1995 1993 1994 1995 1999 1994 1999 1998 1992 1993 1997 1992 1997 1996 1992 1996 1998 1992 1998 1994 1993 1995 1999 1993 1999 1997 1998 1999 2003 1998 2003 2002 1996 1997 2001 1996 2001 2000 1996 2000 2002 1996 2002 1998 1997 1999 2003 1997 2003 2001 2002 2003 2007 2002 2007 2006 2000 2001 2005 2000 2005 2004 2000 2004 2006 2000 2006 2002 2001 2003 2007 2001 2007 2005 2006 2007 2011 2006 2011 2010 2004 2005 2009 2004 2009 2008 2004 2008 2010 2004 2010 2006 2005 2007 2011 2005 2011 2009 2010 2011 2015 2010 2015 2014 2008 2009 2013 2008 2013 2012 2008 2012 2014 2008 2014 2010 2009 2011 2015 2009 2015 2013 2014 2015 2019 2014 2019 2018 2012 2013 2017 2012 2017 2016 2012 2016 2018 2012 2018 2014 2013 2015 2019 2013 2019 2017 2018 2019 2023 2018 2023 2022 2016 2017 2021 2016 2021 2020 2016 2020 2022 2016 2022 2018 2017 2019 2023 2017 2023 2021 2022 2023 2027 2022 2027 2026 2020 2021 2025 2020 2025 2024 2020 2024 2026 2020 2026 2022 2021 2023 2027 2021 2027 2025 2026 2027 2031 2026 2031 2030 2024 2025 2029 2024 2029 2028 2024 2028 2030 2024 2030 2026 2025 2027 2031 2025 2031 2029 2030 2031 2035 2030 2035 2034 2028 2029 2033 2028 2033 2032 2028 2032 2034 2028 2034 2030 2029 2031 2035 2029 2035 2033 2034 2035 2039 2034 2039 2038 2032 2033 2037 2032 2037 2036 2032 2036 2038 2032 2038 2034 2033 2035 2039 2033 2039 2037 2038 2039 2043 2038 2043 2042 2036 2037 2041 2036 2041 2040 2036 2040 2042 2036 2042 2038 2037 2039 2043 2037 2043 2041 2042 2043 2047 2042 2047 2046 2040 2041 2045 2040 2045 2044 2040 2044 2046 2040 2046 2042 2041 2043 2047 2041 2047 2045 2046 2047 2051 2046 2051 2050 2044 2045 2049 2044 2049 2048 2044 2048 2050 2044 2050 2046 2045 2047 2051 2045 2051 2049 2050 2051 2055 2050 2055 2054 2048 2049 2053 2048 2053 2052 2048 2052 2054 2048 2054 2050 2049 2051 2055 2049 2055 2053 2054 2055 2059 2054 2059 2058 2052 2053 2057 2052 2057 2056 2052 2056 2058 2052 2058 2054 2053 2055 2059 2053 2059 2057 2058 2059 2063 2058 2063 2062 2056 2057 2061 2056 2061 2060 2056 2060 2062 2056 2062 2058 2057 2059 2063 2057 2063 2061 2062 2063 2067 2062 2067 2066 2060 2061 2065 2060 2065 2064 2060 2064 2066 2060 2066 2062 2061 2063 2067 2061 2067 2065 2066 2067 2071 2066 2071 2070 2064 2065 2069 2064 2069 2068 2064 2068 2070 2064 2070 2066 2065 2067 2071 2065 2071 2069 2070 2071 2075 2070 2075 2074 2068 2069 2073 2068 2073 2072 2068 2072 2074 2068 2074 2070 2069 2071 2075 2069 2075 2073 2074 2075 2079 2074 2079 2078 2072 2073 2077 2072 2077 2076 2072 2076 2078 2072 2078 2074 2073 2075 2079 2073 2079 2077 2078 2079 2083 2078 2083 2082 2076 2077 2081 2076 2081 2080 2076 2080 2082 2076 2082 2078 2077 2079 2083 2077 2083 2081 2082 2083 2087 2082 2087 2086 2080 2081 2085 2080 2085 2084 2080 2084 2086 2080 2086 2082 2081 2083 2087 2081 2087 2085 2086 2087 2091 2086 2091 2090 2084 2085 2089 2084 2089 2088 2084 2088 2090 2084 2090 2086 2085 2087 2091 2085 2091 2089 2090 2091 2095 2090 2095 2094 2088 2089 2093 2088 2093 2092 2088 2092 2094 2088 2094 2090 2089 2091 2095 2089 2095 2093 2094 2095 2099 2094 2099 2098 2092 2093 2097 2092 2097 2096 2092 2096 2098 2092 2098 2094 2093 2095 2099 2093 2099 2097 2098 2099 2103 2098 2103 2102 2096 2097 2101 2096 2101 2100 2096 2100 2102 2096 2102 2098 2097 2099 2103 2097 2103 2101 2102 2103 2107 2102 2107 2106 2100 2101 2105 2100 2105 2104 2100 2104 2106 2100 2106 2102 2101 2103 2107 2101 2107 2105 2106 2107 2111 2106 2111 2110 2104 2105 2109 2104 2109 2108 2104 2108 2110 2104 2110 2106 2105 2107 2111 2105 2111 2109 2110 2111 2115 2110 2115 2114 2108 2109 2113 2108 2113 2112 2108 2112 2114 2108 2114 2110 2109 2111 2115 2109 2115 2113 2114 2115 2119 2114 2119 2118 2112 2113 2117 2112 2117 2116 2112 2116 2118 2112 2118 2114 2113 2115 2119 2113 2119 2117 2118 2119 2123 2118 2123 2122 2116 2117 2121 2116 2121 2120 2116 2120 2122 2116 2122 2118 2117 2119 2123 2117 2123 2121 2122 2123 2127 2122 2127 2126 2120 2121 2125 2120 2125 2124 2120 2124 2126 2120 2126 2122 2121 2123 2127 2121 2127 2125 2126 2127 2131 2126 2131 2130 2124 2125 2129 2124 2129 2128 2124 2128 2130 2124 2130 2126 2125 2127 2131 2125 2131 2129 2130 2131 2135 2130 2135 2134 2128 2129 2133 2128 2133 2132 2128 2132 2134 2128 2134 2130 2129 2131 2135 2129 2135 2133 2134 2135 2139 2134 2139 2138 2132 2133 2137 2132 2137 2136 2132 2136 2138 2132 2138 2134 2133 2135 2139 2133 2139 2137 2138 2139 2143 2138 2143 2142 2136 2137 2141 2136 2141 2140 2136 2140 2142 2136 2142 2138 2137 2139 2143 2137 2143 2141 2142 2143 2147 2142 2147 2146 2140 2141 2145 2140 2145 2144 2140 2144 2146 2140 2146 2142 2141 2143 2147 2141 2147 2145 2146 2147 2151 2146 2151 2150 2144 2145 2149 2144 2149 2148 2144 2148 2150 2144 2150 2146 2145 2147 2151 2145 2151 2149 2150 2151 2155 2150 2155 2154 2148 2149 2153 2148 2153 2152 2148 2152 2154 2148 2154 2150 2149 2151 2155 2149 2155 2153 2154 2155 2159 2154 2159 2158 2152 2153 2157 2152 2157 2156 2152 2156 2158 2152 2158 2154 2153 2155 2159 2153 2159 2157 2158 2159 2163 2158 2163 2162 2156 2157 2161 2156 2161 2160 2156 2160 2162 2156 2162 2158 2157 2159 2163 2157 2163 2161 2162 2163 2167 2162 2167 2166 2160 2161 2165 2160 2165 2164 2160 2164 2166 2160 2166 2162 2161 2163 2167 2161 2167 2165 2166 2167 2171 2166 2171 2170 2164 2165 2169 2164 2169 2168 2164 2168 2170 2164 2170 2166 2165 2167 2171 2165 2171 2169 2170 2171 2175 2170 2175 2174 2168 2169 2173 2168 2173 2172 2168 2172 2174 2168 2174 2170 2169 2171 2175 2169 2175 2173 2174 2175 2179 2174 2179 2178 2172 2173 2177 2172 2177 2176 2172 2176 2178 2172 2178 2174 2173 2175 2179 2173 2179 2177 2178 2179 2183 2178 2183 2182 2176 2177 2181 2176 2181 2180 2176 2180 2182 2176 2182 2178 2177 2179 2183 2177 2183 2181 2182 2183 2187 2182 2187 2186 2180 2181 2185 2180 2185 2184 2180 2184 2186 2180 2186 2182 2181 2183 2187 2181 2187 2185 2186 2187 2191 2186 2191 2190 2184 2185 2189 2184 2189 2188 2184 2188 2190 2184 2190 2186 2185 2187 2191 2185 2191 2189 2190 2191 2195 2190 2195 2194 2188 2189 2193 2188 2193 2192 2188 2192 2194 2188 2194 2190 2189 2191 2195 2189 2195 2193 2194 2195 2199 2194 2199 2198 2192 2193 2197 2192 2197 2196 2192 2196 2198 2192 2198 2194 2193 2195 2199 2193 2199 2197 2198 2199 2203 2198 2203 2202 2196 2197 2201 2196 2201 2200 2196 2200 2202 2196 2202 2198 2197 2199 2203 2197 2203 2201 2202 2203 2207 2202 2207 2206 2200 2201 2205 2200 2205 2204 2200 2204 2206 2200 2206 2202 2201 2203 2207 2201 2207 2205 2206 2207 2211 2206 2211 2210 2204 2205 2209 2204 2209 2208 2204 2208 2210 2204 2210 2206 2205 2207 2211 2205 2211 2209 2210 2211 2215 2210 2215 2214 2208 2209 2213 2208 2213 2212 2208 2212 2214 2208 2214 2210 2209 2211 2215 2209 2215 2213 2214 2215 2219 2214 2219 2218 2212 2213 2217 2212 2217 2216 2212 2216 2218 2212 2218 2214 2213 2215 2219 2213 2219 2217 2218 2219 2223 2218 2223 2222 2216 2217 2221 2216 2221 2220 2216 2220 2222 2216 2222 2218 2217 2219 2223 2217 2223 2221 2222 2223 2227 2222 2227 2226 2220 2221 2225 2220 2225 2224 2220 2224 2226 2220 2226 2222 2221 2223 2227 2221 2227 2225 2226 2227 2231 2226 2231 2230 2224 2225 2229 2224 2229 2228 2224 2228 2230 2224 2230 2226 2225 2227 2231 2225 2231 2229 2230 2231 2235 2230 2235 2234 2228 2229 2233 2228 2233 2232 2228 2232 2234 2228 2234 2230 2229 2231 2235 2229 2235 2233 2234 2235 2239 2234 2239 2238 2232 2233 2237 2232 2237 2236 2232 2236 2238 2232 2238 2234 2233 2235 2239 2233 2239 2237 2238 2239 2243 2238 2243 2242 2236 2237 2241 2236 2241 2240 2236 2240 2242 2236 2242 2238 2237 2239 2243 2237 2243 2241 2242 2243 2247 2242 2247 2246 2240 2241 2245 2240 2245 2244 2240 2244 2246 2240 2246 2242 2241 2243 2247 2241 2247 2245 2246 2247 2251 2246 2251 2250 2244 2245 2249 2244 2249 2248 2244 2248 2250 2244 2250 2246 2245 2247 2251 2245 2251 2249 2250 2251 2255 2250 2255 2254 2248 2249 2253 2248 2253 2252 2248 2252 2254 2248 2254 2250 2249 2251 2255 2249 2255 2253 2254 2255 2259 2254 2259 2258 2252 2253 2257 2252 2257 2256 2252 2256 2258 2252 2258 2254 2253 2255 2259 2253 2259 2257 2258 2259 2263 2258 2263 2262 2256 2257 2261 2256 2261 2260 2256 2260 2262 2256 2262 2258 2257 2259 2263 2257 2263 2261 2262 2263 2267 2262 2267 2266 2260 2261 2265 2260 2265 2264 2260 2264 2266 2260 2266 2262 2261 2263 2267 2261 2267 2265 2266 2267 2271 2266 2271 2270 2264 2265 2269 2264 2269 2268 2264 2268 2270 2264 2270 2266 2265 2267 2271 2265 2271 2269 2270 2271 2275 2270 2275 2274 2268 2269 2273 2268 2273 2272 2268 2272 2274 2268 2274 2270 2269 2271 2275 2269 2275 2273 2274 2275 2279 2274 2279 2278 2272 2273 2277 2272 2277 2276 2272 2276 2278 2272 2278 2274 2273 2275 2279 2273 2279 2277 2278 2279 2283 2278 2283 2282 2276 2277 2281 2276 2281 2280 2276 2280 2282 2276 2282 2278 2277 2279 2283 2277 2283 2281 2282 2283 2287 2282 2287 2286 2280 2281 2285 2280 2285 2284 2280 2284 2286 2280 2286 2282 2281 2283 2287 2281 2287 2285 2286 2287 2291 2286 2291 2290 2284 2285 2289 2284 2289 2288 2284 2288 2290 2284 2290 2286 2285 2287 2291 2285 2291 2289 2290 2291 2295 2290 2295 2294 2288 2289 2293 2288 2293 2292 2288 2292 2294 2288 2294 2290 2289 2291 2295 2289 2295 2293 2294 2295 2299 2294 2299 2298 2292 2293 2297 2292 2297 2296 2292 2296 2298 2292 2298 2294 2293 2295 2299 2293 2299 2297 2298 2299 2303 2298 2303 2302 2296 2297 2301 2296 2301 2300 2296 2300 2302 2296 2302 2298 2297 2299 2303 2297 2303 2301 2302 2303 2307 2302 2307 2306 2300 2301 2305 2300 2305 2304 2300 2304 2306 2300 2306 2302 2301 2303 2307 2301 2307 2305 2306 2307 2311 2306 2311 2310 2304 2305 2309 2304 2309 2308 2304 2308 2310 2304 2310 2306 2305 2307 2311 2305 2311 2309 2310 2311 2315 2310 2315 2314 2308 2309 2313 2308 2313 2312 2308 2312 2314 2308 2314 2310 2309 2311 2315 2309 2315 2313 2314 2315 2319 2314 2319 2318 2312 2313 2317 2312 2317 2316 2312 2316 2318 2312 2318 2314 2313 2315 2319 2313 2319 2317 2318 2319 2323 2318 2323 2322 2316 2317 2321 2316 2321 2320 2316 2320 2322 2316 2322 2318 2317 2319 2323 2317 2323 2321 2322 2323 2327 2322 2327 2326 2320 2321 2325 2320 2325 2324 2320 2324 2326 2320 2326 2322 2321 2323 2327 2321 2327 2325 2326 2327 2331 2326 2331 2330 2324 2325 2329 2324 2329 2328 2324 2328 2330 2324 2330 2326 2325 2327 2331 2325 2331 2329 2330 2331 2335 2330 2335 2334 2328 2329 2333 2328 2333 2332 2328 2332 2334 2328 2334 2330 2329 2331 2335 2329 2335 2333 2334 2335 2339 2334 2339 2338 2332 2333 2337 2332 2337 2336 2332 2336 2338 2332 2338 2334 2333 2335 2339 2333 2339 2337 2338 2339 2343 2338 2343 2342 2336 2337 2341 2336 2341 2340 2336 2340 2342 2336 2342 2338 2337 2339 2343 2337 2343 2341 2342 2343 2347 2342 2347 2346 2340 2341 2345 2340 2345 2344 2340 2344 2346 2340 2346 2342 2341 2343 2347 2341 2347 2345 2346 2347 2351 2346 2351 2350 2344 2345 2349 2344 2349 2348 2344 2348 2350 2344 2350 2346 2345 2347 2351 2345 2351 2349 2350 2351 2355 2350 2355 2354 2348 2349 2353 2348 2353 2352 2348 2352 2354 2348 2354 2350 2349 2351 2355 2349 2355 2353 2354 2355 2359 2354 2359 2358 2352 2353 2357 2352 2357 2356 2352 2356 2358 2352 2358 2354 2353 2355 2359 2353 2359 2357 2358 2359 2363 2358 2363 2362 2356 2357 2361 2356 2361 2360 2356 2360 2362 2356 2362 2358 2357 2359 2363 2357 2363 2361 2362 2363 2367 2362 2367 2366 2360 2361 2365 2360 2365 2364 2360 2364 2366 2360 2366 2362 2361 2363 2367 2361 2367 2365 2366 2367 2371 2366 2371 2370 2364 2365 2369 2364 2369 2368 2364 2368 2370 2364 2370 2366 2365 2367 2371 2365 2371 2369 2370 2371 2375 2370 2375 2374 2368 2369 2373 2368 2373 2372 2368 2372 2374 2368 2374 2370 2369 2371 2375 2369 2375 2373 2374 2375 2379 2374 2379 2378 2372 2373 2377 2372 2377 2376 2372 2376 2378 2372 2378 2374 2373 2375 2379 2373 2379 2377 2378 2379 2383 2378 2383 2382 2376 2377 2381 2376 2381 2380 2376 2380 2382 2376 2382 2378 2377 2379 2383 2377 2383 2381 2382 2383 2387 2382 2387 2386 2380 2381 2385 2380 2385 2384 2380 2384 2386 2380 2386 2382 2381 2383 2387 2381 2387 2385 2386 2387 2391 2386 2391 2390 2384 2385 2389 2384 2389 2388 2384 2388 2390 2384 2390 2386 2385 2387 2391 2385 2391 2389 2390 2391 2395 2390 2395 2394 2388 2389 2393 2388 2393 2392 2388 2392 2394 2388 2394 2390 2389 2391 2395 2389 2395 2393 2394 2395 2399 2394 2399 2398 2392 2393 2397 2392 2397 2396 2392 2396 2398 2392 2398 2394 2393 2395 2399 2393 2399 2397 2398 2399 2403 2398 2403 2402 2396 2397 2401 2396 2401 2400 2396 2400 2402 2396 2402 2398 2397 2399 2403 2397 2403 2401 2402 2403 2407 2402 2407 2406 2400 2401 2405 2400 2405 2404 2400 2404 2406 2400 2406 2402 2401 2403 2407 2401 2407 2405 2406 2407 2411 2406 2411 2410 2404 2405 2409 2404 2409 2408 2404 2408 2410 2404 2410 2406 2405 2407 2411 2405 2411 2409 2410 2411 2415 2410 2415 2414 2408 2409 2413 2408 2413 2412 2408 2412 2414 2408 2414 2410 2409 2411 2415 2409 2415 2413 2414 2415 2419 2414 2419 2418 2412 2413 2417 2412 2417 2416 2412 2416 2418 2412 2418 2414 2413 2415 2419 2413 2419 2417 2418 2419 2423 2418 2423 2422 2416 2417 2421 2416 2421 2420 2416 2420 2422 2416 2422 2418 2417 2419 2423 2417 2423 2421 2422 2423 2427 2422 2427 2426 2420 2421 2425 2420 2425 2424 2420 2424 2426 2420 2426 2422 2421 2423 2427 2421 2427 2425 2426 2427 2431 2426 2431 2430 2424 2425 2429 2424 2429 2428 2424 2428 2430 2424 2430 2426 2425 2427 2431 2425 2431 2429 2430 2431 2435 2430 2435 2434 2428 2429 2433 2428 2433 2432 2428 2432 2434 2428 2434 2430 2429 2431 2435 2429 2435 2433 2434 2435 2439 2434 2439 2438 2432 2433 2437 2432 2437 2436 2432 2436 2438 2432 2438 2434 2433 2435 2439 2433 2439 2437 2438 2439 2443 2438 2443 2442 2436 2437 2441 2436 2441 2440 2436 2440 2442 2436 2442 2438 2437 2439 2443 2437 2443 2441 2442 2443 2447 2442 2447 2446 2440 2441 2445 2440 2445 2444 2440 2444 2446 2440 2446 2442 2441 2443 2447 2441 2447 2445 2446 2447 2451 2446 2451 2450 2444 2445 2449 2444 2449 2448 2444 2448 2450 2444 2450 2446 2445 2447 2451 2445 2451 2449 2450 2451 2455 2450 2455 2454 2448 2449 2453 2448 2453 2452 2448 2452 2454 2448 2454 2450 2449 2451 2455 2449 2455 2453 2454 2455 2459 2454 2459 2458 2452 2453 2457 2452 2457 2456 2452 2456 2458 2452 2458 2454 2453 2455 2459 2453 2459 2457 2458 2459 2463 2458 2463 2462 2456 2457 2461 2456 2461 2460 2456 2460 2462 2456 2462 2458 2457 2459 2463 2457 2463 2461 2462 2463 2467 2462 2467 2466 2460 2461 2465 2460 2465 2464 2460 2464 2466 2460 2466 2462 2461 2463 2467 2461 2467 2465 2466 2467 2471 2466 2471 2470 2464 2465 2469 2464 2469 2468 2464 2468 2470 2464 2470 2466 2465 2467 2471 2465 2471 2469 2470 2471 2475 2470 2475 2474 2468 2469 2473 2468 2473 2472 2468 2472 2474 2468 2474 2470 2469 2471 2475 2469 2475 2473 2474 2475 2479 2474 2479 2478 2472 2473 2477 2472 2477 2476 2472 2476 2478 2472 2478 2474 2473 2475 2479 2473 2479 2477 2478 2479 2483 2478 2483 2482 2476 2477 2481 2476 2481 2480 2476 2480 2482 2476 2482 2478 2477 2479 2483 2477 2483 2481 2482 2483 2487 2482 2487 2486 2480 2481 2485 2480 2485 2484 2480 2484 2486 2480 2486 2482 2481 2483 2487 2481 2487 2485 2486 2487 2491 2486 2491 2490 2484 2485 2489 2484 2489 2488 2484 2488 2490 2484 2490 2486 2485 2487 2491 2485 2491 2489 2490 2491 2495 2490 2495 2494 2488 2489 2493 2488 2493 2492 2488 2492 2494 2488 2494 2490 2489 2491 2495 2489 2495 2493 2494 2495 2499 2494 2499 2498 2492 2493 2497 2492 2497 2496 2492 2496 2498 2492 2498 2494 2493 2495 2499 2493 2499 2497 2498 2499 2503 2498 2503 2502 2496 2497 2501 2496 2501 2500 2496 2500 2502 2496 2502 2498 2497 2499 2503 2497 2503 2501 2502 2503 2507 2502 2507 2506 2500 2501 2505 2500 2505 2504 2500 2504 2506 2500 2506 2502 2501 2503 2507 2501 2507 2505 2506 2507 2511 2506 2511 2510 2504 2505 2509 2504 2509 2508 2504 2508 2510 2504 2510 2506 2505 2507 2511 2505 2511 2509 2510 2511 2515 2510 2515 2514 2508 2509 2513 2508 2513 2512 2508 2512 2514 2508 2514 2510 2509 2511 2515 2509 2515 2513 2514 2515 2519 2514 2519 2518 2512 2513 2517 2512 2517 2516 2512 2516 2518 2512 2518 2514 2513 2515 2519 2513 2519 2517 2518 2519 2523 2518 2523 2522 2516 2517 2521 2516 2521 2520 2516 2520 2522 2516 2522 2518 2517 2519 2523 2517 2523 2521 2522 2523 2527 2522 2527 2526 2520 2521 2525 2520 2525 2524 2520 2524 2526 2520 2526 2522 2521 2523 2527 2521 2527 2525 2526 2527 2531 2526 2531 2530 2524 2525 2529 2524 2529 2528 2524 2528 2530 2524 2530 2526 2525 2527 2531 2525 2531 2529 2530 2531 2535 2530 2535 2534 2528 2529 2533 2528 2533 2532 2528 2532 2534 2528 2534 2530 2529 2531 2535 2529 2535 2533 2534 2535 2539 2534 2539 2538 2532 2533 2537 2532 2537 2536 2532 2536 2538 2532 2538 2534 2533 2535 2539 2533 2539 2537 2538 2539 2543 2538 2543 2542 2536 2537 2541 2536 2541 2540 2536 2540 2542 2536 2542 2538 2537 2539 2543 2537 2543 2541 2542 2543 2547 2542 2547 2546 2540 2541 2545 2540 2545 2544 2540 2544 2546 2540 2546 2542 2541 2543 2547 2541 2547 2545 2546 2547 2551 2546 2551 2550 2544 2545 2549 2544 2549 2548 2544 2548 2550 2544 2550 2546 2545 2547 2551 2545 2551 2549 2550 2551 2555 2550 2555 2554 2548 2549 2553 2548 2553 2552 2548 2552 2554 2548 2554 2550 2549 2551 2555 2549 2555 2553 2554 2555 2559 2554 2559 2558 2552 2553 2557 2552 2557 2556 2552 2556 2558 2552 2558 2554 2553 2555 2559 2553 2559 2557 2558 2559 2563 2558 2563 2562 2556 2557 2561 2556 2561 2560 2556 2560 2562 2556 2562 2558 2557 2559 2563 2557 2563 2561 2562 2563 2567 2562 2567 2566 2560 2561 2565 2560 2565 2564 2560 2564 2566 2560 2566 2562 2561 2563 2567 2561 2567 2565 2566 2567 2571 2566 2571 2570 2564 2565 2569 2564 2569 2568 2564 2568 2570 2564 2570 2566 2565 2567 2571 2565 2571 2569 2570 2571 2575 2570 2575 2574 2568 2569 2573 2568 2573 2572 2568 2572 2574 2568 2574 2570 2569 2571 2575 2569 2575 2573 2574 2575 2579 2574 2579 2578 2572 2573 2577 2572 2577 2576 2572 2576 2578 2572 2578 2574 2573 2575 2579 2573 2579 2577 2578 2579 2583 2578 2583 2582 2576 2577 2581 2576 2581 2580 2576 2580 2582 2576 2582 2578 2577 2579 2583 2577 2583 2581 2582 2583 2587 2582 2587 2586 2580 2581 2585 2580 2585 2584 2580 2584 2586 2580 2586 2582 2581 2583 2587 2581 2587 2585 2586 2587 2591 2586 2591 2590 2584 2585 2589 2584 2589 2588 2584 2588 2590 2584 2590 2586 2585 2587 2591 2585 2591 2589 2590 2591 2595 2590 2595 2594 2588 2589 2593 2588 2593 2592 2588 2592 2594 2588 2594 2590 2589 2591 2595 2589 2595 2593 2594 2595 2599 2594 2599 2598 2592 2593 2597 2592 2597 2596 2592 2596 2598 2592 2598 2594 2593 2595 2599 2593 2599 2597 2598 2599 2603 2598 2603 2602 2596 2597 2601 2596 2601 2600 2596 2600 2602 2596 2602 2598 2597 2599 2603 2597 2603 2601 2602 2603 2607 2602 2607 2606 2600 2601 2605 2600 2605 2604 2600 2604 2606 2600 2606 2602 2601 2603 2607 2601 2607 2605 2606 2607 2611 2606 2611 2610 2604 2605 2609 2604 2609 2608 2604 2608 2610 2604 2610 2606 2605 2607 2611 2605 2611 2609 2610 2611 2615 2610 2615 2614 2608 2609 2613 2608 2613 2612 2608 2612 2614 2608 2614 2610 2609 2611 2615 2609 2615 2613 2614 2615 2619 2614 2619 2618 2612 2613 2617 2612 2617 2616 2612 2616 2618 2612 2618 2614 2613 2615 2619 2613 2619 2617 2618 2619 2623 2618 2623 2622 2616 2617 2621 2616 2621 2620 2616 2620 2622 2616 2622 2618 2617 2619 2623 2617 2623 2621 2622 2623 2627 2622 2627 2626 2620 2621 2625 2620 2625 2624 2620 2624 2626 2620 2626 2622 2621 2623 2627 2621 2627 2625 2626 2627 2631 2626 2631 2630 2624 2625 2629 2624 2629 2628 2624 2628 2630 2624 2630 2626 2625 2627 2631 2625 2631 2629 2630 2631 2635 2630 2635 2634 2628 2629 2633 2628 2633 2632 2628 2632 2634 2628 2634 2630 2629 2631 2635 2629 2635 2633 2634 2635 2639 2634 2639 2638 2632 2633 2637 2632 2637 2636 2632 2636 2638 2632 2638 2634 2633 2635 2639 2633 2639 2637 2638 2639 2643 2638 2643 2642 2636 2637 2641 2636 2641 2640 2636 2640 2642 2636 2642 2638 2637 2639 2643 2637 2643 2641 2642 2643 2647 2642 2647 2646 2640 2641 2645 2640 2645 2644 2640 2644 2646 2640 2646 2642 2641 2643 2647 2641 2647 2645 2646 2647 2651 2646 2651 2650 2644 2645 2649 2644 2649 2648 2644 2648 2650 2644 2650 2646 2645 2647 2651 2645 2651 2649 2650 2651 2655 2650 2655 2654 2648 2649 2653 2648 2653 2652 2648 2652 2654 2648 2654 2650 2649 2651 2655 2649 2655 2653 2654 2655 2659 2654 2659 2658 2652 2653 2657 2652 2657 2656 2652 2656 2658 2652 2658 2654 2653 2655 2659 2653 2659 2657 2658 2659 2663 2658 2663 2662 2656 2657 2661 2656 2661 2660 2656 2660 2662 2656 2662 2658 2657 2659 2663 2657 2663 2661 2662 2663 2667 2662 2667 2666 2660 2661 2665 2660 2665 2664 2660 2664 2666 2660 2666 2662 2661 2663 2667 2661 2667 2665 2666 2667 2671 2666 2671 2670 2664 2665 2669 2664 2669 2668 2664 2668 2670 2664 2670 2666 2665 2667 2671 2665 2671 2669 2670 2671 2675 2670 2675 2674 2668 2669 2673 2668 2673 2672 2668 2672 2674 2668 2674 2670 2669 2671 2675 2669 2675 2673 2674 2675 2679 2674 2679 2678 2672 2673 2677 2672 2677 2676 2672 2676 2678 2672 2678 2674 2673 2675 2679 2673 2679 2677 2678 2679 2683 2678 2683 2682 2676 2677 2681 2676 2681 2680 2676 2680 2682 2676 2682 2678 2677 2679 2683 2677 2683 2681 2682 2683 2687 2682 2687 2686 2680 2681 2685 2680 2685 2684 2680 2684 2686 2680 2686 2682 2681 2683 2687 2681 2687 2685 2686 2687 2691 2686 2691 2690 2684 2685 2689 2684 2689 2688 2684 2688 2690 2684 2690 2686 2685 2687 2691 2685 2691 2689 2690 2691 2695 2690 2695 2694 2688 2689 2693 2688 2693 2692 2688 2692 2694 2688 2694 2690 2689 2691 2695 2689 2695 2693 2694 2695 2699 2694 2699 2698 2692 2693 2697 2692 2697 2696 2692 2696 2698 2692 2698 2694 2693 2695 2699 2693 2699 2697 2698 2699 2703 2698 2703 2702 2696 2697 2701 2696 2701 2700 2696 2700 2702 2696 2702 2698 2697 2699 2703 2697 2703 2701 2702 2703 2707 2702 2707 2706 2700 2701 2705 2700 2705 2704 2700 2704 2706 2700 2706 2702 2701 2703 2707 2701 2707 2705 2706 2707 2711 2706 2711 2710 2704 2705 2709 2704 2709 2708 2704 2708 2710 2704 2710 2706 2705 2707 2711 2705 2711 2709 2710 2711 2715 2710 2715 2714 2708 2709 2713 2708 2713 2712 2708 2712 2714 2708 2714 2710 2709 2711 2715 2709 2715 2713 2714 2715 2719 2714 2719 2718 2712 2713 2717 2712 2717 2716 2712 2716 2718 2712 2718 2714 2713 2715 2719 2713 2719 2717 2718 2719 2723 2718 2723 2722 2716 2717 2721 2716 2721 2720 2716 2720 2722 2716 2722 2718 2717 2719 2723 2717 2723 2721 2722 2723 2727 2722 2727 2726 2720 2721 2725 2720 2725 2724 2720 2724 2726 2720 2726 2722 2721 2723 2727 2721 2727 2725 2726 2727 2731 2726 2731 2730 2724 2725 2729 2724 2729 2728 2724 2728 2730 2724 2730 2726 2725 2727 2731 2725 2731 2729 2730 2731 2735 2730 2735 2734 2728 2729 2733 2728 2733 2732 2728 2732 2734 2728 2734 2730 2729 2731 2735 2729 2735 2733 2734 2735 2739 2734 2739 2738 2732 2733 2737 2732 2737 2736 2732 2736 2738 2732 2738 2734 2733 2735 2739 2733 2739 2737 2738 2739 2743 2738 2743 2742 2736 2737 2741 2736 2741 2740 2736 2740 2742 2736 2742 2738 2737 2739 2743 2737 2743 2741 2742 2743 2747 2742 2747 2746 2740 2741 2745 2740 2745 2744 2740 2744 2746 2740 2746 2742 2741 2743 2747 2741 2747 2745 2746 2747 2751 2746 2751 2750 2744 2745 2749 2744 2749 2748 2744 2748 2750 2744 2750 2746 2745 2747 2751 2745 2751 2749 2750 2751 2755 2750 2755 2754 2748 2749 2753 2748 2753 2752 2748 2752 2754 2748 2754 2750 2749 2751 2755 2749 2755 2753 2754 2755 2759 2754 2759 2758 2752 2753 2757 2752 2757 2756 2752 2756 2758 2752 2758 2754 2753 2755 2759 2753 2759 2757 2758 2759 2763 2758 2763 2762 2756 2757 2761 2756 2761 2760 2756 2760 2762 2756 2762 2758 2757 2759 2763 2757 2763 2761 2762 2763 2767 2762 2767 2766 2760 2761 2765 2760 2765 2764 2760 2764 2766 2760 2766 2762 2761 2763 2767 2761 2767 2765 2766 2767 2771 2766 2771 2770 2764 2765 2769 2764 2769 2768 2764 2768 2770 2764 2770 2766 2765 2767 2771 2765 2771 2769 2770 2771 2775 2770 2775 2774 2768 2769 2773 2768 2773 2772 2768 2772 2774 2768 2774 2770 2769 2771 2775 2769 2775 2773 2774 2775 2779 2774 2779 2778 2772 2773 2777 2772 2777 2776 2772 2776 2778 2772 2778 2774 2773 2775 2779 2773 2779 2777 2778 2779 2783 2778 2783 2782 2776 2777 2781 2776 2781 2780 2776 2780 2782 2776 2782 2778 2777 2779 2783 2777 2783 2781 2782 2783 2787 2782 2787 2786 2780 2781 2785 2780 2785 2784 2780 2784 2786 2780 2786 2782 2781 2783 2787 2781 2787 2785 2786 2787 2791 2786 2791 2790 2784 2785 2789 2784 2789 2788 2784 2788 2790 2784 2790 2786 2785 2787 2791 2785 2791 2789 2790 2791 2795 2790 2795 2794 2788 2789 2793 2788 2793 2792 2788 2792 2794 2788 2794 2790 2789 2791 2795 2789 2795 2793 2794 2795 2799 2794 2799 2798 2792 2793 2797 2792 2797 2796 2792 2796 2798 2792 2798 2794 2793 2795 2799 2793 2799 2797 2798 2799 2803 2798 2803 2802 2796 2797 2801 2796 2801 2800 2796 2800 2802 2796 2802 2798 2797 2799 2803 2797 2803 2801 2802 2803 2807 2802 2807 2806 2800 2801 2805 2800 2805 2804 2800 2804 2806 2800 2806 2802 2801 2803 2807 2801 2807 2805 2806 2807 2811 2806 2811 2810 2804 2805 2809 2804 2809 2808 2804 2808 2810 2804 2810 2806 2805 2807 2811 2805 2811 2809 2810 2811 2815 2810 2815 2814 2808 2809 2813 2808 2813 2812 2808 2812 2814 2808 2814 2810 2809 2811 2815 2809 2815 2813 2814 2815 2819 2814 2819 2818 2812 2813 2817 2812 2817 2816 2812 2816 2818 2812 2818 2814 2813 2815 2819 2813 2819 2817 2818 2819 2823 2818 2823 2822 2816 2817 2821 2816 2821 2820 2816 2820 2822 2816 2822 2818 2817 2819 2823 2817 2823 2821 2822 2823 2827 2822 2827 2826 2820 2821 2825 2820 2825 2824 2820 2824 2826 2820 2826 2822 2821 2823 2827 2821 2827 2825 2826 2827 2831 2826 2831 2830 2824 2825 2829 2824 2829 2828 2824 2828 2830 2824 2830 2826 2825 2827 2831 2825 2831 2829 2830 2831 2835 2830 2835 2834 2828 2829 2833 2828 2833 2832 2828 2832 2834 2828 2834 2830 2829 2831 2835 2829 2835 2833 2834 2835 2839 2834 2839 2838 2832 2833 2837 2832 2837 2836 2832 2836 2838 2832 2838 2834 2833 2835 2839 2833 2839 2837 2838 2839 2843 2838 2843 2842 2836 2837 2841 2836 2841 2840 2836 2840 2842 2836 2842 2838 2837 2839 2843 2837 2843 2841 2842 2843 3 2842 3 2 2840 2841 1 2840 1 0 2840 0 2 2840 2 2842 2841 2843 3 2841 3 1 2846 2847 2851 2846 2851 2850 2844 2845 2849 2844 2849 2848 2844 2848 2850 2844 2850 2846 2845 2847 2851 2845 2851 2849 2850 2851 2855 2850 2855 2854 2848 2849 2853 2848 2853 2852 2848 2852 2854 2848 2854 2850 2849 2851 2855 2849 2855 2853 2854 2855 2859 2854 2859 2858 2852 2853 2857 2852 2857 2856 2852 2856 2858 2852 2858 2854 2853 2855 2859 2853 2859 2857 2858 2859 2863 2858 2863 2862 2856 2857 2861 2856 2861 2860 2856 2860 2862 2856 2862 2858 2857 2859 2863 2857 2863 2861 2862 2863 2867 2862 2867 2866 2860 2861 2865 2860 2865 2864 2860 2864 2866 2860 2866 2862 2861 2863 2867 2861 2867 2865 2866 2867 2871 2866 2871 2870 2864 2865 2869 2864 2869 2868 2864 2868 2870 2864 2870 2866 2865 2867 2871 2865 2871 2869 2870 2871 2875 2870 2875 2874 2868 2869 2873 2868 2873 2872 2868 2872 2874 2868 2874 2870 2869 2871 2875 2869 2875 2873 2874 2875 2879 2874 2879 2878 2872 2873 2877 2872 2877 2876 2872 2876 2878 2872 2878 2874 2873 2875 2879 2873 2879 2877 2878 2879 2883 2878 2883 2882 2876 2877 2881 2876 2881 2880 2876 2880 2882 2876 2882 2878 2877 2879 2883 2877 2883 2881 2882 2883 2887 2882 2887 2886 2880 2881 2885 2880 2885 2884 2880 2884 2886 2880 2886 2882 2881 2883 2887 2881 2887 2885 2886 2887 2891 2886 2891 2890 2884 2885 2889 2884 2889 2888 2884 2888 2890 2884 2890 2886 2885 2887 2891 2885 2891 2889 2890 2891 2895 2890 2895 2894 2888 2889 2893 2888 2893 2892 2888 2892 2894 2888 2894 2890 2889 2891 2895 2889 2895 2893 2894 2895 2899 2894 2899 2898 2892 2893 2897 2892 2897 2896 2892 2896 2898 2892 2898 2894 2893 2895 2899 2893 2899 2897 2898 2899 2903 2898 2903 2902 2896 2897 2901 2896 2901 2900 2896 2900 2902 2896 2902 2898 2897 2899 2903 2897 2903 2901 2902 2903 2907 2902 2907 2906 2900 2901 2905 2900 2905 2904 2900 2904 2906 2900 2906 2902 2901 2903 2907 2901 2907 2905 2906 2907 2911 2906 2911 2910 2904 2905 2909 2904 2909 2908 2904 2908 2910 2904 2910 2906 2905 2907 2911 2905 2911 2909 2910 2911 2915 2910 2915 2914 2908 2909 2913 2908 2913 2912 2908 2912 2914 2908 2914 2910 2909 2911 2915 2909 2915 2913 2914 2915 2919 2914 2919 2918 2912 2913 2917 2912 2917 2916 2912 2916 2918 2912 2918 2914 2913 2915 2919 2913 2919 2917 2918 2919 2923 2918 2923 2922 2916 2917 2921 2916 2921 2920 2916 2920 2922 2916 2922 2918 2917 2919 2923 2917 2923 2921 2922 2923 2927 2922 2927 2926 2920 2921 2925 2920 2925 2924 2920 2924 2926 2920 2926 2922 2921 2923 2927 2921 2927 2925 2926 2927 2931 2926 2931 2930 2924 2925 2929 2924 2929 2928 2924 2928 2930 2924 2930 2926 2925 2927 2931 2925 2931 2929 2930 2931 2935 2930 2935 2934 2928 2929 2933 2928 2933 2932 2928 2932 2934 2928 2934 2930 2929 2931 2935 2929 2935 2933 2934 2935 2939 2934 2939 2938 2932 2933 2937 2932 2937 2936 2932 2936 2938 2932 2938 2934 2933 2935 2939 2933 2939 2937 2938 2939 2943 2938 2943 2942 2936 2937 2941 2936 2941 2940 2936 2940 2942 2936 2942 2938 2937 2939 2943 2937 2943 2941 2942 2943 2947 2942 2947 2946 2940 2941 2945 2940 2945 2944 2940 2944 2946 2940 2946 2942 2941 2943 2947 2941 2947 2945 2946 2947 2951 2946 2951 2950 2944 2945 2949 2944 2949 2948 2944 2948 2950 2944 2950 2946 2945 2947 2951 2945 2951 2949 2950 2951 2955 2950 2955 2954 2948 2949 2953 2948 2953 2952 2948 2952 2954 2948 2954 2950 2949 2951 2955 2949 2955 2953 2954 2955 2959 2954 2959 2958 2952 2953 2957 2952 2957 2956 2952 2956 2958 2952 2958 2954 2953 2955 2959 2953 2959 2957 2958 2959 2963 2958 2963 2962 2956 2957 2961 2956 2961 2960 2956 2960 2962 2956 2962 2958 2957 2959 2963 2957 2963 2961 2962 2963 2967 2962 2967 2966 2960 2961 2965 2960 2965 2964 2960 2964 2966 2960 2966 2962 2961 2963 2967 2961 2967 2965 2966 2967 2971 2966 2971 2970 2964 2965 2969 2964 2969 2968 2964 2968 2970 2964 2970 2966 2965 2967 2971 2965 2971 2969 2970 2971 2975 2970 2975 2974 2968 2969 2973 2968 2973 2972 2968 2972 2974 2968 2974 2970 2969 2971 2975 2969 2975 2973 2974 2975 2979 2974 2979 2978 2972 2973 2977 2972 2977 2976 2972 2976 2978 2972 2978 2974 2973 2975 2979 2973 2979 2977 2978 2979 2983 2978 2983 2982 2976 2977 2981 2976 2981 2980 2976 2980 2982 2976 2982 2978 2977 2979 2983 2977 2983 2981 2982 2983 2987 2982 2987 2986 2980 2981 2985 2980 2985 2984 2980 2984 2986 2980 2986 2982 2981 2983 2987 2981 2987 2985 2986 2987 2991 2986 2991 2990 2984 2985 2989 2984 2989 2988 2984 2988 2990 2984 2990 2986 2985 2987 2991 2985 2991 2989 2990 2991 2995 2990 2995 2994 2988 2989 2993 2988 2993 2992 2988 2992 2994 2988 2994 2990 2989 2991 2995 2989 2995 2993 2994 2995 2999 2994 2999 2998 2992 2993 2997 2992 2997 2996 2992 2996 2998 2992 2998 2994 2993 2995 2999 2993 2999 2997 2998 2999 3003 2998 3003 3002 2996 2997 3001 2996 3001 3000 2996 3000 3002 2996 3002 2998 2997 2999 3003 2997 3003 3001 3002 3003 3007 3002 3007 3006 3000 3001 3005 3000 3005 3004 3000 3004 3006 3000 3006 3002 3001 3003 3007 3001 3007 3005 3006 3007 3011 3006 3011 3010 3004 3005 3009 3004 3009 3008 3004 3008 3010 3004 3010 3006 3005 3007 3011 3005 3011 3009 3010 3011 3015 3010 3015 3014 3008 3009 3013 3008 3013 3012 3008 3012 3014 3008 3014 3010 3009 3011 3015 3009 3015 3013 3014 3015 3019 3014 3019 3018 3012 3013 3017 3012 3017 3016 3012 3016 3018 3012 3018 3014 3013 3015 3019 3013 3019 3017 3018 3019 3023 3018 3023 3022 3016 3017 3021 3016 3021 3020 3016 3020 3022 3016 3022 3018 3017 3019 3023 3017 3023 3021 3022 3023 3027 3022 3027 3026 3020 3021 3025 3020 3025 3024 3020 3024 3026 3020 3026 3022 3021 3023 3027 3021 3027 3025 3026 3027 3031 3026 3031 3030 3024 3025 3029 3024 3029 3028 3024 3028 3030 3024 3030 3026 3025 3027 3031 3025 3031 3029 3030 3031 3035 3030 3035 3034 3028 3029 3033 3028 3033 3032 3028 3032 3034 3028 3034 3030 3029 3031 3035 3029 3035 3033 3034 3035 3039 3034 3039 3038 3032 3033 3037 3032 3037 3036 3032 3036 3038 3032 3038 3034 3033 3035 3039 3033 3039 3037 3038 3039 3043 3038 3043 3042 3036 3037 3041 3036 3041 3040 3036 3040 3042 3036 3042 3038 3037 3039 3043 3037 3043 3041 3042 3043 3047 3042 3047 3046 3040 3041 3045 3040 3045 3044 3040 3044 3046 3040 3046 3042 3041 3043 3047 3041 3047 3045 3046 3047 3051 3046 3051 3050 3044 3045 3049 3044 3049 3048 3044 3048 3050 3044 3050 3046 3045 3047 3051 3045 3051 3049 3050 3051 3055 3050 3055 3054 3048 3049 3053 3048 3053 3052 3048 3052 3054 3048 3054 3050 3049 3051 3055 3049 3055 3053 3054 3055 3059 3054 3059 3058 3052 3053 3057 3052 3057 3056 3052 3056 3058 3052 3058 3054 3053 3055 3059 3053 3059 3057 3058 3059 3063 3058 3063 3062 3056 3057 3061 3056 3061 3060 3056 3060 3062 3056 3062 3058 3057 3059 3063 3057 3063 3061 3062 3063 3067 3062 3067 3066 3060 3061 3065 3060 3065 3064 3060 3064 3066 3060 3066 3062 3061 3063 3067 3061 3067 3065 3066 3067 3071 3066 3071 3070 3064 3065 3069 3064 3069 3068 3064 3068 3070 3064 3070 3066 3065 3067 3071 3065 3071 3069 3070 3071 3075 3070 3075 3074 3068 3069 3073 3068 3073 3072 3068 3072 3074 3068 3074 3070 3069 3071 3075 3069 3075 3073 3074 3075 3079 3074 3079 3078 3072 3073 3077 3072 3077 3076 3072 3076 3078 3072 3078 3074 3073 3075 3079 3073 3079 3077 3078 3079 3083 3078 3083 3082 3076 3077 3081 3076 3081 3080 3076 3080 3082 3076 3082 3078 3077 3079 3083 3077 3083 3081 3082 3083 3087 3082 3087 3086 3080 3081 3085 3080 3085 3084 3080 3084 3086 3080 3086 3082 3081 3083 3087 3081 3087 3085 3086 3087 3091 3086 3091 3090 3084 3085 3089 3084 3089 3088 3084 3088 3090 3084 3090 3086 3085 3087 3091 3085 3091 3089 3090 3091 3095 3090 3095 3094 3088 3089 3093 3088 3093 3092 3088 3092 3094 3088 3094 3090 3089 3091 3095 3089 3095 3093 3094 3095 3099 3094 3099 3098 3092 3093 3097 3092 3097 3096 3092 3096 3098 3092 3098 3094 3093 3095 3099 3093 3099 3097 3098 3099 3103 3098 3103 3102 3096 3097 3101 3096 3101 3100 3096 3100 3102 3096 3102 3098 3097 3099 3103 3097 3103 3101 3102 3103 3107 3102 3107 3106 3100 3101 3105 3100 3105 3104 3100 3104 3106 3100 3106 3102 3101 3103 3107 3101 3107 3105 3106 3107 3111 3106 3111 3110 3104 3105 3109 3104 3109 3108 3104 3108 3110 3104 3110 3106 3105 3107 3111 3105 3111 3109 3110 3111 3115 3110 3115 3114 3108 3109 3113 3108 3113 3112 3108 3112 3114 3108 3114 3110 3109 3111 3115 3109 3115 3113 3114 3115 3119 3114 3119 3118 3112 3113 3117 3112 3117 3116 3112 3116 3118 3112 3118 3114 3113 3115 3119 3113 3119 3117 3118 3119 3123 3118 3123 3122 3116 3117 3121 3116 3121 3120 3116 3120 3122 3116 3122 3118 3117 3119 3123 3117 3123 3121 3122 3123 3127 3122 3127 3126 3120 3121 3125 3120 3125 3124 3120 3124 3126 3120 3126 3122 3121 3123 3127 3121 3127 3125 3126 3127 3131 3126 3131 3130 3124 3125 3129 3124 3129 3128 3124 3128 3130 3124 3130 3126 3125 3127 3131 3125 3131 3129 3130 3131 3135 3130 3135 3134 3128 3129 3133 3128 3133 3132 3128 3132 3134 3128 3134 3130 3129 3131 3135 3129 3135 3133 3134 3135 3139 3134 3139 3138 3132 3133 3137 3132 3137 3136 3132 3136 3138 3132 3138 3134 3133 3135 3139 3133 3139 3137 3138 3139 3143 3138 3143 3142 3136 3137 3141 3136 3141 3140 3136 3140 3142 3136 3142 3138 3137 3139 3143 3137 3143 3141 3142 3143 3147 3142 3147 3146 3140 3141 3145 3140 3145 3144 3140 3144 3146 3140 3146 3142 3141 3143 3147 3141 3147 3145 3146 3147 3151 3146 3151 3150 3144 3145 3149 3144 3149 3148 3144 3148 3150 3144 3150 3146 3145 3147 3151 3145 3151 3149 3150 3151 3155 3150 3155 3154 3148 3149 3153 3148 3153 3152 3148 3152 3154 3148 3154 3150 3149 3151 3155 3149 3155 3153 3154 3155 3159 3154 3159 3158 3152 3153 3157 3152 3157 3156 3152 3156 3158 3152 3158 3154 3153 3155 3159 3153 3159 3157 3158 3159 3163 3158 3163 3162 3156 3157 3161 3156 3161 3160 3156 3160 3162 3156 3162 3158 3157 3159 3163 3157 3163 3161 3162 3163 3167 3162 3167 3166 3160 3161 3165 3160 3165 3164 3160 3164 3166 3160 3166 3162 3161 3163 3167 3161 3167 3165 3166 3167 3171 3166 3171 3170 3164 3165 3169 3164 3169 3168 3164 3168 3170 3164 3170 3166 3165 3167 3171 3165 3171 3169 3170 3171 3175 3170 3175 3174 3168 3169 3173 3168 3173 3172 3168 3172 3174 3168 3174 3170 3169 3171 3175 3169 3175 3173 3174 3175 3179 3174 3179 3178 3172 3173 3177 3172 3177 3176 3172 3176 3178 3172 3178 3174 3173 3175 3179 3173 3179 3177 3178 3179 3183 3178 3183 3182 3176 3177 3181 3176 3181 3180 3176 3180 3182 3176 3182 3178 3177 3179 3183 3177 3183 3181 3182 3183 3187 3182 3187 3186 3180 3181 3185 3180 3185 3184 3180 3184 3186 3180 3186 3182 3181 3183 3187 3181 3187 3185 3186 3187 3191 3186 3191 3190 3184 3185 3189 3184 3189 3188 3184 3188 3190 3184 3190 3186 3185 3187 3191 3185 3191 3189 3190 3191 3195 3190 3195 3194 3188 3189 3193 3188 3193 3192 3188 3192 3194 3188 3194 3190 3189 3191 3195 3189 3195 3193 3194 3195 3199 3194 3199 3198 3192 3193 3197 3192 3197 3196 3192 3196 3198 3192 3198 3194 3193 3195 3199 3193 3199 3197 3198 3199 3203 3198 3203 3202 3196 3197 3201 3196 3201 3200 3196 3200 3202 3196 3202 3198 3197 3199 3203 3197 3203 3201 3202 3203 3207 3202 3207 3206 3200 3201 3205 3200 3205 3204 3200 3204 3206 3200 3206 3202 3201 3203 3207 3201 3207 3205 3206 3207 3211 3206 3211 3210 3204 3205 3209 3204 3209 3208 3204 3208 3210 3204 3210 3206 3205 3207 3211 3205 3211 3209 3210 3211 3215 3210 3215 3214 3208 3209 3213 3208 3213 3212 3208 3212 3214 3208 3214 3210 3209 3211 3215 3209 3215 3213 3214 3215 3219 3214 3219 3218 3212 3213 3217 3212 3217 3216 3212 3216 3218 3212 3218 3214 3213 3215 3219 3213 3219 3217 3218 3219 3223 3218 3223 3222 3216 3217 3221 3216 3221 3220 3216 3220 3222 3216 3222 3218 3217 3219 3223 3217 3223 3221 3222 3223 3227 3222 3227 3226 3220 3221 3225 3220 3225 3224 3220 3224 3226 3220 3226 3222 3221 3223 3227 3221 3227 3225 3226 3227 3231 3226 3231 3230 3224 3225 3229 3224 3229 3228 3224 3228 3230 3224 3230 3226 3225 3227 3231 3225 3231 3229 3230 3231 3235 3230 3235 3234 3228 3229 3233 3228 3233 3232 3228 3232 3234 3228 3234 3230 3229 3231 3235 3229 3235 3233 3234 3235 3239 3234 3239 3238 3232 3233 3237 3232 3237 3236 3232 3236 3238 3232 3238 3234 3233 3235 3239 3233 3239 3237 3238 3239 3243 3238 3243 3242 3236 3237 3241 3236 3241 3240 3236 3240 3242 3236 3242 3238 3237 3239 3243 3237 3243 3241 3242 3243 3247 3242 3247 3246 3240 3241 3245 3240 3245 3244 3240 3244 3246 3240 3246 3242 3241 3243 3247 3241 3247 3245 3246 3247 3251 3246 3251 3250 3244 3245 3249 3244 3249 3248 3244 3248 3250 3244 3250 3246 3245 3247 3251 3245 3251 3249 3250 3251 3255 3250 3255 3254 3248 3249 3253 3248 3253 3252 3248 3252 3254 3248 3254 3250 3249 3251 3255 3249 3255 3253 3254 3255 3259 3254 3259 3258 3252 3253 3257 3252 3257 3256 3252 3256 3258 3252 3258 3254 3253 3255 3259 3253 3259 3257 3258 3259 3263 3258 3263 3262 3256 3257 3261 3256 3261 3260 3256 3260 3262 3256 3262 3258 3257 3259 3263 3257 3263 3261 3262 3263 3267 3262 3267 3266 3260 3261 3265 3260 3265 3264 3260 3264 3266 3260 3266 3262 3261 3263 3267 3261 3267 3265 3266 3267 3271 3266 3271 3270 3264 3265 3269 3264 3269 3268 3264 3268 3270 3264 3270 3266 3265 3267 3271 3265 3271 3269 3270 3271 3275 3270 3275 3274 3268 3269 3273 3268 3273 3272 3268 3272 3274 3268 3274 3270 3269 3271 3275 3269 3275 3273 3274 3275 3279 3274 3279 3278 3272 3273 3277 3272 3277 3276 3272 3276 3278 3272 3278 3274 3273 3275 3279 3273 3279 3277 3278 3279 3283 3278 3283 3282 3276 3277 3281 3276 3281 3280 3276 3280 3282 3276 3282 3278 3277 3279 3283 3277 3283 3281 3282 3283 3287 3282 3287 3286 3280 3281 3285 3280 3285 3284 3280 3284 3286 3280 3286 3282 3281 3283 3287 3281 3287 3285 3286 3287 3291 3286 3291 3290 3284 3285 3289 3284 3289 3288 3284 3288 3290 3284 3290 3286 3285 3287 3291 3285 3291 3289 3290 3291 3295 3290 3295 3294 3288 3289 3293 3288 3293 3292 3288 3292 3294 3288 3294 3290 3289 3291 3295 3289 3295 3293 3294 3295 3299 3294 3299 3298 3292 3293 3297 3292 3297 3296 3292 3296 3298 3292 3298 3294 3293 3295 3299 3293 3299 3297 3298 3299 3303 3298 3303 3302 3296 3297 3301 3296 3301 3300 3296 3300 3302 3296 3302 3298 3297 3299 3303 3297 3303 3301 3302 3303 3307 3302 3307 3306 3300 3301 3305 3300 3305 3304 3300 3304 3306 3300 3306 3302 3301 3303 3307 3301 3307 3305 3306 3307 3311 3306 3311 3310 3304 3305 3309 3304 3309 3308 3304 3308 3310 3304 3310 3306 3305 3307 3311 3305 3311 3309 3310 3311 3315 3310 3315 3314 3308 3309 3313 3308 3313 3312 3308 3312 3314 3308 3314 3310 3309 3311 3315 3309 3315 3313 3314 3315 3319 3314 3319 3318 3312 3313 3317 3312 3317 3316 3312 3316 3318 3312 3318 3314 3313 3315 3319 3313 3319 3317 3318 3319 3323 3318 3323 3322 3316 3317 3321 3316 3321 3320 3316 3320 3322 3316 3322 3318 3317 3319 3323 3317 3323 3321 3322 3323 3327 3322 3327 3326 3320 3321 3325 3320 3325 3324 3320 3324 3326 3320 3326 3322 3321 3323 3327 3321 3327 3325 3326 3327 3331 3326 3331 3330 3324 3325 3329 3324 3329 3328 3324 3328 3330 3324 3330 3326 3325 3327 3331 3325 3331 3329 3330 3331 3335 3330 3335 3334 3328 3329 3333 3328 3333 3332 3328 3332 3334 3328 3334 3330 3329 3331 3335 3329 3335 3333 3334 3335 3339 3334 3339 3338 3332 3333 3337 3332 3337 3336 3332 3336 3338 3332 3338 3334 3333 3335 3339 3333 3339 3337 3338 3339 3343 3338 3343 3342 3336 3337 3341 3336 3341 3340 3336 3340 3342 3336 3342 3338 3337 3339 3343 3337 3343 3341 3342 3343 3347 3342 3347 3346 3340 3341 3345 3340 3345 3344 3340 3344 3346 3340 3346 3342 3341 3343 3347 3341 3347 3345 3346 3347 3351 3346 3351 3350 3344 3345 3349 3344 3349 3348 3344 3348 3350 3344 3350 3346 3345 3347 3351 3345 3351 3349 3350 3351 3355 3350 3355 3354 3348 3349 3353 3348 3353 3352 3348 3352 3354 3348 3354 3350 3349 3351 3355 3349 3355 3353 3354 3355 3359 3354 3359 3358 3352 3353 3357 3352 3357 3356 3352 3356 3358 3352 3358 3354 3353 3355 3359 3353 3359 3357 3358 3359 3363 3358 3363 3362 3356 3357 3361 3356 3361 3360 3356 3360 3362 3356 3362 3358 3357 3359 3363 3357 3363 3361 3362 3363 3367 3362 3367 3366 3360 3361 3365 3360 3365 3364 3360 3364 3366 3360 3366 3362 3361 3363 3367 3361 3367 3365 3366 3367 3371 3366 3371 3370 3364 3365 3369 3364 3369 3368 3364 3368 3370 3364 3370 3366 3365 3367 3371 3365 3371 3369 3370 3371 3375 3370 3375 3374 3368 3369 3373 3368 3373 3372 3368 3372 3374 3368 3374 3370 3369 3371 3375 3369 3375 3373 3374 3375 3379 3374 3379 3378 3372 3373 3377 3372 3377 3376 3372 3376 3378 3372 3378 3374 3373 3375 3379 3373 3379 3377 3378 3379 3383 3378 3383 3382 3376 3377 3381 3376 3381 3380 3376 3380 3382 3376 3382 3378 3377 3379 3383 3377 3383 3381 3382 3383 3387 3382 3387 3386 3380 3381 3385 3380 3385 3384 3380 3384 3386 3380 3386 3382 3381 3383 3387 3381 3387 3385 3386 3387 3391 3386 3391 3390 3384 3385 3389 3384 3389 3388 3384 3388 3390 3384 3390 3386 3385 3387 3391 3385 3391 3389 3390 3391 3395 3390 3395 3394 3388 3389 3393 3388 3393 3392 3388 3392 3394 3388 3394 3390 3389 3391 3395 3389 3395 3393 3394 3395 3399 3394 3399 3398 3392 3393 3397 3392 3397 3396 3392 3396 3398 3392 3398 3394 3393 3395 3399 3393 3399 3397 3398 3399 3403 3398 3403 3402 3396 3397 3401 3396 3401 3400 3396 3400 3402 3396 3402 3398 3397 3399 3403 3397 3403 3401 3402 3403 3407 3402 3407 3406 3400 3401 3405 3400 3405 3404 3400 3404 3406 3400 3406 3402 3401 3403 3407 3401 3407 3405 3406 3407 3411 3406 3411 3410 3404 3405 3409 3404 3409 3408 3404 3408 3410 3404 3410 3406 3405 3407 3411 3405 3411 3409 3410 3411 3415 3410 3415 3414 3408 3409 3413 3408 3413 3412 3408 3412 3414 3408 3414 3410 3409 3411 3415 3409 3415 3413 3414 3415 3419 3414 3419 3418 3412 3413 3417 3412 3417 3416 3412 3416 3418 3412 3418 3414 3413 3415 3419 3413 3419 3417 3418 3419 3423 3418 3423 3422 3416 3417 3421 3416 3421 3420 3416 3420 3422 3416 3422 3418 3417 3419 3423 3417 3423 3421 3422 3423 3427 3422 3427 3426 3420 3421 3425 3420 3425 3424 3420 3424 3426 3420 3426 3422 3421 3423 3427 3421 3427 3425 3426 3427 3431 3426 3431 3430 3424 3425 3429 3424 3429 3428 3424 3428 3430 3424 3430 3426 3425 3427 3431 3425 3431 3429 3430 3431 3435 3430 3435 3434 3428 3429 3433 3428 3433 3432 3428 3432 3434 3428 3434 3430 3429 3431 3435 3429 3435 3433 3434 3435 3439 3434 3439 3438 3432 3433 3437 3432 3437 3436 3432 3436 3438 3432 3438 3434 3433 3435 3439 3433 3439 3437 3438 3439 3443 3438 3443 3442 3436 3437 3441 3436 3441 3440 3436 3440 3442 3436 3442 3438 3437 3439 3443 3437 3443 3441 3442 3443 3447 3442 3447 3446 3440 3441 3445 3440 3445 3444 3440 3444 3446 3440 3446 3442 3441 3443 3447 3441 3447 3445 3446 3447 3451 3446 3451 3450 3444 3445 3449 3444 3449 3448 3444 3448 3450 3444 3450 3446 3445 3447 3451 3445 3451 3449 3450 3451 3455 3450 3455 3454 3448 3449 3453 3448 3453 3452 3448 3452 3454 3448 3454 3450 3449 3451 3455 3449 3455 3453 3454 3455 3459 3454 3459 3458 3452 3453 3457 3452 3457 3456 3452 3456 3458 3452 3458 3454 3453 3455 3459 3453 3459 3457 3458 3459 3463 3458 3463 3462 3456 3457 3461 3456 3461 3460 3456 3460 3462 3456 3462 3458 3457 3459 3463 3457 3463 3461 3462 3463 3467 3462 3467 3466 3460 3461 3465 3460 3465 3464 3460 3464 3466 3460 3466 3462 3461 3463 3467 3461 3467 3465 3466 3467 3471 3466 3471 3470 3464 3465 3469 3464 3469 3468 3464 3468 3470 3464 3470 3466 3465 3467 3471 3465 3471 3469 3470 3471 3475 3470 3475 3474 3468 3469 3473 3468 3473 3472 3468 3472 3474 3468 3474 3470 3469 3471 3475 3469 3475 3473 3474 3475 3479 3474 3479 3478 3472 3473 3477 3472 3477 3476 3472 3476 3478 3472 3478 3474 3473 3475 3479 3473 3479 3477 3478 3479 3483 3478 3483 3482 3476 3477 3481 3476 3481 3480 3476 3480 3482 3476 3482 3478 3477 3479 3483 3477 3483 3481 3482 3483 3487 3482 3487 3486 3480 3481 3485 3480 3485 3484 3480 3484 3486 3480 3486 3482 3481 3483 3487 3481 3487 3485 3486 3487 3491 3486 3491 3490 3484 3485 3489 3484 3489 3488 3484 3488 3490 3484 3490 3486 3485 3487 3491 3485 3491 3489 3490 3491 3495 3490 3495 3494 3488 3489 3493 3488 3493 3492 3488 3492 3494 3488 3494 3490 3489 3491 3495 3489 3495 3493 3494 3495 3499 3494 3499 3498 3492 3493 3497 3492 3497 3496 3492 3496 3498 3492 3498 3494 3493 3495 3499 3493 3499 3497 3498 3499 3503 3498 3503 3502 3496 3497 3501 3496 3501 3500 3496 3500 3502 3496 3502 3498 3497 3499 3503 3497 3503 3501 3502 3503 3507 3502 3507 3506 3500 3501 3505 3500 3505 3504 3500 3504 3506 3500 3506 3502 3501 3503 3507 3501 3507 3505 3506 3507 3511 3506 3511 3510 3504 3505 3509 3504 3509 3508 3504 3508 3510 3504 3510 3506 3505 3507 3511 3505 3511 3509 3510 3511 3515 3510 3515 3514 3508 3509 3513 3508 3513 3512 3508 3512 3514 3508 3514 3510 3509 3511 3515 3509 3515 3513 3514 3515 3519 3514 3519 3518 3512 3513 3517 3512 3517 3516 3512 3516 3518 3512 3518 3514 3513 3515 3519 3513 3519 3517 3518 3519 3523 3518 3523 3522 3516 3517 3521 3516 3521 3520 3516 3520 3522 3516 3522 3518 3517 3519 3523 3517 3523 3521 3522 3523 3527 3522 3527 3526 3520 3521 3525 3520 3525 3524 3520 3524 3526 3520 3526 3522 3521 3523 3527 3521 3527 3525 3526 3527 3531 3526 3531 3530 3524 3525 3529 3524 3529 3528 3524 3528 3530 3524 3530 3526 3525 3527 3531 3525 3531 3529 3530 3531 3535 3530 3535 3534 3528 3529 3533 3528 3533 3532 3528 3532 3534 3528 3534 3530 3529 3531 3535 3529 3535 3533 3534 3535 3539 3534 3539 3538 3532 3533 3537 3532 3537 3536 3532 3536 3538 3532 3538 3534 3533 3535 3539 3533 3539 3537 3538 3539 3543 3538 3543 3542 3536 3537 3541 3536 3541 3540 3536 3540 3542 3536 3542 3538 3537 3539 3543 3537 3543 3541 3542 3543 3547 3542 3547 3546 3540 3541 3545 3540 3545 3544 3540 3544 3546 3540 3546 3542 3541 3543 3547 3541 3547 3545 3546 3547 3551 3546 3551 3550 3544 3545 3549 3544 3549 3548 3544 3548 3550 3544 3550 3546 3545 3547 3551 3545 3551 3549 3550 3551 3555 3550 3555 3554 3548 3549 3553 3548 3553 3552 3548 3552 3554 3548 3554 3550 3549 3551 3555 3549 3555 3553 3554 3555 3559 3554 3559 3558 3552 3553 3557 3552 3557 3556 3552 3556 3558 3552 3558 3554 3553 3555 3559 3553 3559 3557 3558 3559 3563 3558 3563 3562 3556 3557 3561 3556 3561 3560 3556 3560 3562 3556 3562 3558 3557 3559 3563 3557 3563 3561 3562 3563 3567 3562 3567 3566 3560 3561 3565 3560 3565 3564 3560 3564 3566 3560 3566 3562 3561 3563 3567 3561 3567 3565 3566 3567 3571 3566 3571 3570 3564 3565 3569 3564 3569 3568 3564 3568 3570 3564 3570 3566 3565 3567 3571 3565 3571 3569 3570 3571 3575 3570 3575 3574 3568 3569 3573 3568 3573 3572 3568 3572 3574 3568 3574 3570 3569 3571 3575 3569 3575 3573 3574 3575 3579 3574 3579 3578 3572 3573 3577 3572 3577 3576 3572 3576 3578 3572 3578 3574 3573 3575 3579 3573 3579 3577 3578 3579 3583 3578 3583 3582 3576 3577 3581 3576 3581 3580 3576 3580 3582 3576 3582 3578 3577 3579 3583 3577 3583 3581 3582 3583 3587 3582 3587 3586 3580 3581 3585 3580 3585 3584 3580 3584 3586 3580 3586 3582 3581 3583 3587 3581 3587 3585 3586 3587 3591 3586 3591 3590 3584 3585 3589 3584 3589 3588 3584 3588 3590 3584 3590 3586 3585 3587 3591 3585 3591 3589 3590 3591 3595 3590 3595 3594 3588 3589 3593 3588 3593 3592 3588 3592 3594 3588 3594 3590 3589 3591 3595 3589 3595 3593 3594 3595 3599 3594 3599 3598 3592 3593 3597 3592 3597 3596 3592 3596 3598 3592 3598 3594 3593 3595 3599 3593 3599 3597 3598 3599 3603 3598 3603 3602 3596 3597 3601 3596 3601 3600 3596 3600 3602 3596 3602 3598 3597 3599 3603 3597 3603 3601 3602 3603 3607 3602 3607 3606 3600 3601 3605 3600 3605 3604 3600 3604 3606 3600 3606 3602 3601 3603 3607 3601 3607 3605 3606 3607 3611 3606 3611 3610 3604 3605 3609 3604 3609 3608 3604 3608 3610 3604 3610 3606 3605 3607 3611 3605 3611 3609 3610 3611 3615 3610 3615 3614 3608 3609 3613 3608 3613 3612 3608 3612 3614 3608 3614 3610 3609 3611 3615 3609 3615 3613 3614 3615 3619 3614 3619 3618 3612 3613 3617 3612 3617 3616 3612 3616 3618 3612 3618 3614 3613 3615 3619 3613 3619 3617 3618 3619 3623 3618 3623 3622 3616 3617 3621 3616 3621 3620 3616 3620 3622 3616 3622 3618 3617 3619 3623 3617 3623 3621 3622 3623 3627 3622 3627 3626 3620 3621 3625 3620 3625 3624 3620 3624 3626 3620 3626 3622 3621 3623 3627 3621 3627 3625 3626 3627 3631 3626 3631 3630 3624 3625 3629 3624 3629 3628 3624 3628 3630 3624 3630 3626 3625 3627 3631 3625 3631 3629 3630 3631 3635 3630 3635 3634 3628 3629 3633 3628 3633 3632 3628 3632 3634 3628 3634 3630 3629 3631 3635 3629 3635 3633 3634 3635 3639 3634 3639 3638 3632 3633 3637 3632 3637 3636 3632 3636 3638 3632 3638 3634 3633 3635 3639 3633 3639 3637 3638 3639 3643 3638 3643 3642 3636 3637 3641 3636 3641 3640 3636 3640 3642 3636 3642 3638 3637 3639 3643 3637 3643 3641 3642 3643 3647 3642 3647 3646 3640 3641 3645 3640 3645 3644 3640 3644 3646 3640 3646 3642 3641 3643 3647 3641 3647 3645 3646 3647 3651 3646 3651 3650 3644 3645 3649 3644 3649 3648 3644 3648 3650 3644 3650 3646 3645 3647 3651 3645 3651 3649 3650 3651 3655 3650 3655 3654 3648 3649 3653 3648 3653 3652 3648 3652 3654 3648 3654 3650 3649 3651 3655 3649 3655 3653 3654 3655 3659 3654 3659 3658 3652 3653 3657 3652 3657 3656 3652 3656 3658 3652 3658 3654 3653 3655 3659 3653 3659 3657 3658 3659 3663 3658 3663 3662 3656 3657 3661 3656 3661 3660 3656 3660 3662 3656 3662 3658 3657 3659 3663 3657 3663 3661 3662 3663 3667 3662 3667 3666 3660 3661 3665 3660 3665 3664 3660 3664 3666 3660 3666 3662 3661 3663 3667 3661 3667 3665 3666 3667 3671 3666 3671 3670 3664 3665 3669 3664 3669 3668 3664 3668 3670 3664 3670 3666 3665 3667 3671 3665 3671 3669 3670 3671 3675 3670 3675 3674 3668 3669 3673 3668 3673 3672 3668 3672 3674 3668 3674 3670 3669 3671 3675 3669 3675 3673 3674 3675 3679 3674 3679 3678 3672 3673 3677 3672 3677 3676 3672 3676 3678 3672 3678 3674 3673 3675 3679 3673 3679 3677 3678 3679 3683 3678 3683 3682 3676 3677 3681 3676 3681 3680 3676 3680 3682 3676 3682 3678 3677 3679 3683 3677 3683 3681 3682 3683 3687 3682 3687 3686 3680 3681 3685 3680 3685 3684 3680 3684 3686 3680 3686 3682 3681 3683 3687 3681 3687 3685 3686 3687 3691 3686 3691 3690 3684 3685 3689 3684 3689 3688 3684 3688 3690 3684 3690 3686 3685 3687 3691 3685 3691 3689 3690 3691 3695 3690 3695 3694 3688 3689 3693 3688 3693 3692 3688 3692 3694 3688 3694 3690 3689 3691 3695 3689 3695 3693 3694 3695 3699 3694 3699 3698 3692 3693 3697 3692 3697 3696 3692 3696 3698 3692 3698 3694 3693 3695 3699 3693 3699 3697 3698 3699 3703 3698 3703 3702 3696 3697 3701 3696 3701 3700 3696 3700 3702 3696 3702 3698 3697 3699 3703 3697 3703 3701 3702 3703 3707 3702 3707 3706 3700 3701 3705 3700 3705 3704 3700 3704 3706 3700 3706 3702 3701 3703 3707 3701 3707 3705 3706 3707 3711 3706 3711 3710 3704 3705 3709 3704 3709 3708 3704 3708 3710 3704 3710 3706 3705 3707 3711 3705 3711 3709 3710 3711 3715 3710 3715 3714 3708 3709 3713 3708 3713 3712 3708 3712 3714 3708 3714 3710 3709 3711 3715 3709 3715 3713 3714 3715 3719 3714 3719 3718 3712 3713 3717 3712 3717 3716 3712 3716 3718 3712 3718 3714 3713 3715 3719 3713 3719 3717 3718 3719 3723 3718 3723 3722 3716 3717 3721 3716 3721 3720 3716 3720 3722 3716 3722 3718 3717 3719 3723 3717 3723 3721 3722 3723 3727 3722 3727 3726 3720 3721 3725 3720 3725 3724 3720 3724 3726 3720 3726 3722 3721 3723 3727 3721 3727 3725 3726 3727 3731 3726 3731 3730 3724 3725 3729 3724 3729 3728 3724 3728 3730 3724 3730 3726 3725 3727 3731 3725 3731 3729 3730 3731 3735 3730 3735 3734 3728 3729 3733 3728 3733 3732 3728 3732 3734 3728 3734 3730 3729 3731 3735 3729 3735 3733 3734 3735 3739 3734 3739 3738 3732 3733 3737 3732 3737 3736 3732 3736 3738 3732 3738 3734 3733 3735 3739 3733 3739 3737 3738 3739 3743 3738 3743 3742 3736 3737 3741 3736 3741 3740 3736 3740 3742 3736 3742 3738 3737 3739 3743 3737 3743 3741 3742 3743 3747 3742 3747 3746 3740 3741 3745 3740 3745 3744 3740 3744 3746 3740 3746 3742 3741 3743 3747 3741 3747 3745 3746 3747 3751 3746 3751 3750 3744 3745 3749 3744 3749 3748 3744 3748 3750 3744 3750 3746 3745 3747 3751 3745 3751 3749 3750 3751 3755 3750 3755 3754 3748 3749 3753 3748 3753 3752 3748 3752 3754 3748 3754 3750 3749 3751 3755 3749 3755 3753 3754 3755 3759 3754 3759 3758 3752 3753 3757 3752 3757 3756 3752 3756 3758 3752 3758 3754 3753 3755 3759 3753 3759 3757 3758 3759 3763 3758 3763 3762 3756 3757 3761 3756 3761 3760 3756 3760 3762 3756 3762 3758 3757 3759 3763 3757 3763 3761 3762 3763 3767 3762 3767 3766 3760 3761 3765 3760 3765 3764 3760 3764 3766 3760 3766 3762 3761 3763 3767 3761 3767 3765 3766 3767 3771 3766 3771 3770 3764 3765 3769 3764 3769 3768 3764 3768 3770 3764 3770 3766 3765 3767 3771 3765 3771 3769 3770 3771 3775 3770 3775 3774 3768 3769 3773 3768 3773 3772 3768 3772 3774 3768 3774 3770 3769 3771 3775 3769 3775 3773 3774 3775 3779 3774 3779 3778 3772 3773 3777 3772 3777 3776 3772 3776 3778 3772 3778 3774 3773 3775 3779 3773 3779 3777 3778 3779 3783 3778 3783 3782 3776 3777 3781 3776 3781 3780 3776 3780 3782 3776 3782 3778 3777 3779 3783 3777 3783 3781 3782 3783 3787 3782 3787 3786 3780 3781 3785 3780 3785 3784 3780 3784 3786 3780 3786 3782 3781 3783 3787 3781 3787 3785 3786 3787 3791 3786 3791 3790 3784 3785 3789 3784 3789 3788 3784 3788 3790 3784 3790 3786 3785 3787 3791 3785 3791 3789 3790 3791 3795 3790 3795 3794 3788 3789 3793 3788 3793 3792 3788 3792 3794 3788 3794 3790 3789 3791 3795 3789 3795 3793 3794 3795 3799 3794 3799 3798 3792 3793 3797 3792 3797 3796 3792 3796 3798 3792 3798 3794 3793 3795 3799 3793 3799 3797 3798 3799 3803 3798 3803 3802 3796 3797 3801 3796 3801 3800 3796 3800 3802 3796 3802 3798 3797 3799 3803 3797 3803 3801 3802 3803 3807 3802 3807 3806 3800 3801 3805 3800 3805 3804 3800 3804 3806 3800 3806 3802 3801 3803 3807 3801 3807 3805 3806 3807 3811 3806 3811 3810 3804 3805 3809 3804 3809 3808 3804 3808 3810 3804 3810 3806 3805 3807 3811 3805 3811 3809 3810 3811 3815 3810 3815 3814 3808 3809 3813 3808 3813 3812 3808 3812 3814 3808 3814 3810 3809 3811 3815 3809 3815 3813 3814 3815 3819 3814 3819 3818 3812 3813 3817 3812 3817 3816 3812 3816 3818 3812 3818 3814 3813 3815 3819 3813 3819 3817 3818 3819 3823 3818 3823 3822 3816 3817 3821 3816 3821 3820 3816 3820 3822 3816 3822 3818 3817 3819 3823 3817 3823 3821 3822 3823 3827 3822 3827 3826 3820 3821 3825 3820 3825 3824 3820 3824 3826 3820 3826 3822 3821 3823 3827 3821 3827 3825 3826 3827 3831 3826 3831 3830 3824 3825 3829 3824 3829 3828 3824 3828 3830 3824 3830 3826 3825 3827 3831 3825 3831 3829 3830 3831 3835 3830 3835 3834 3828 3829 3833 3828 3833 3832 3828 3832 3834 3828 3834 3830 3829 3831 3835 3829 3835 3833 3834 3835 3839 3834 3839 3838 3832 3833 3837 3832 3837 3836 3832 3836 3838 3832 3838 3834 3833 3835 3839 3833 3839 3837 3838 3839 3843 3838 3843 3842 3836 3837 3841 3836 3841 3840 3836 3840 3842 3836 3842 3838 3837 3839 3843 3837 3843 3841 3842 3843 3847 3842 3847 3846 3840 3841 3845 3840 3845 3844 3840 3844 3846 3840 3846 3842 3841 3843 3847 3841 3847 3845 3846 3847 3851 3846 3851 3850 3844 3845 3849 3844 3849 3848 3844 3848 3850 3844 3850 3846 3845 3847 3851 3845 3851 3849 3850 3851 3855 3850 3855 3854 3848 3849 3853 3848 3853 3852 3848 3852 3854 3848 3854 3850 3849 3851 3855 3849 3855 3853 3854 3855 3859 3854 3859 3858 3852 3853 3857 3852 3857 3856 3852 3856 3858 3852 3858 3854 3853 3855 3859 3853 3859 3857 3858 3859 3863 3858 3863 3862 3856 3857 3861 3856 3861 3860 3856 3860 3862 3856 3862 3858 3857 3859 3863 3857 3863 3861 3862 3863 3867 3862 3867 3866 3860 3861 3865 3860 3865 3864 3860 3864 3866 3860 3866 3862 3861 3863 3867 3861 3867 3865 3866 3867 3871 3866 3871 3870 3864 3865 3869 3864 3869 3868 3864 3868 3870 3864 3870 3866 3865 3867 3871 3865 3871 3869 3870 3871 3875 3870 3875 3874 3868 3869 3873 3868 3873 3872 3868 3872 3874 3868 3874 3870 3869 3871 3875 3869 3875 3873 3874 3875 3879 3874 3879 3878 3872 3873 3877 3872 3877 3876 3872 3876 3878 3872 3878 3874 3873 3875 3879 3873 3879 3877 3878 3879 3883 3878 3883 3882 3876 3877 3881 3876 3881 3880 3876 3880 3882 3876 3882 3878 3877 3879 3883 3877 3883 3881 3882 3883 3887 3882 3887 3886 3880 3881 3885 3880 3885 3884 3880 3884 3886 3880 3886 3882 3881 3883 3887 3881 3887 3885 3886 3887 3891 3886 3891 3890 3884 3885 3889 3884 3889 3888 3884 3888 3890 3884 3890 3886 3885 3887 3891 3885 3891 3889 3890 3891 3895 3890 3895 3894 3888 3889 3893 3888 3893 3892 3888 3892 3894 3888 3894 3890 3889 3891 3895 3889 3895 3893 3894 3895 3899 3894 3899 3898 3892 3893 3897 3892 3897 3896 3892 3896 3898 3892 3898 3894 3893 3895 3899 3893 3899 3897 3898 3899 3903 3898 3903 3902 3896 3897 3901 3896 3901 3900 3896 3900 3902 3896 3902 3898 3897 3899 3903 3897 3903 3901 3902 3903 3907 3902 3907 3906 3900 3901 3905 3900 3905 3904 3900 3904 3906 3900 3906 3902 3901 3903 3907 3901 3907 3905 3906 3907 3911 3906 3911 3910 3904 3905 3909 3904 3909 3908 3904 3908 3910 3904 3910 3906 3905 3907 3911 3905 3911 3909 3910 3911 3915 3910 3915 3914 3908 3909 3913 3908 3913 3912 3908 3912 3914 3908 3914 3910 3909 3911 3915 3909 3915 3913 3914 3915 3919 3914 3919 3918 3912 3913 3917 3912 3917 3916 3912 3916 3918 3912 3918 3914 3913 3915 3919 3913 3919 3917 3918 3919 3923 3918 3923 3922 3916 3917 3921 3916 3921 3920 3916 3920 3922 3916 3922 3918 3917 3919 3923 3917 3923 3921 3922 3923 3927 3922 3927 3926 3920 3921 3925 3920 3925 3924 3920 3924 3926 3920 3926 3922 3921 3923 3927 3921 3927 3925 3926 3927 3931 3926 3931 3930 3924 3925 3929 3924 3929 3928 3924 3928 3930 3924 3930 3926 3925 3927 3931 3925 3931 3929 3930 3931 3935 3930 3935 3934 3928 3929 3933 3928 3933 3932 3928 3932 3934 3928 3934 3930 3929 3931 3935 3929 3935 3933 3934 3935 3939 3934 3939 3938 3932 3933 3937 3932 3937 3936 3932 3936 3938 3932 3938 3934 3933 3935 3939 3933 3939 3937 3938 3939 3943 3938 3943 3942 3936 3937 3941 3936 3941 3940 3936 3940 3942 3936 3942 3938 3937 3939 3943 3937 3943 3941 3942 3943 3947 3942 3947 3946 3940 3941 3945 3940 3945 3944 3940 3944 3946 3940 3946 3942 3941 3943 3947 3941 3947 3945 3946 3947 3951 3946 3951 3950 3944 3945 3949 3944 3949 3948 3944 3948 3950 3944 3950 3946 3945 3947 3951 3945 3951 3949 3950 3951 3955 3950 3955 3954 3948 3949 3953 3948 3953 3952 3948 3952 3954 3948 3954 3950 3949 3951 3955 3949 3955 3953 3954 3955 3959 3954 3959 3958 3952 3953 3957 3952 3957 3956 3952 3956 3958 3952 3958 3954 3953 3955 3959 3953 3959 3957 3958 3959 3963 3958 3963 3962 3956 3957 3961 3956 3961 3960 3956 3960 3962 3956 3962 3958 3957 3959 3963 3957 3963 3961 3962 3963 3967 3962 3967 3966 3960 3961 3965 3960 3965 3964 3960 3964 3966 3960 3966 3962 3961 3963 3967 3961 3967 3965 3966 3967 3971 3966 3971 3970 3964 3965 3969 3964 3969 3968 3964 3968 3970 3964 3970 3966 3965 3967 3971 3965 3971 3969 3970 3971 3975 3970 3975 3974 3968 3969 3973 3968 3973 3972 3968 3972 3974 3968 3974 3970 3969 3971 3975 3969 3975 3973 3974 3975 3979 3974 3979 3978 3972 3973 3977 3972 3977 3976 3972 3976 3978 3972 3978 3974 3973 3975 3979 3973 3979 3977 3978 3979 3983 3978 3983 3982 3976 3977 3981 3976 3981 3980 3976 3980 3982 3976 3982 3978 3977 3979 3983 3977 3983 3981 3982 3983 3987 3982 3987 3986 3980 3981 3985 3980 3985 3984 3980 3984 3986 3980 3986 3982 3981 3983 3987 3981 3987 3985 3986 3987 3991 3986 3991 3990 3984 3985 3989 3984 3989 3988 3984 3988 3990 3984 3990 3986 3985 3987 3991 3985 3991 3989 3990 3991 3995 3990 3995 3994 3988 3989 3993 3988 3993 3992 3988 3992 3994 3988 3994 3990 3989 3991 3995 3989 3995 3993 3994 3995 3999 3994 3999 3998 3992 3993 3997 3992 3997 3996 3992 3996 3998 3992 3998 3994 3993 3995 3999 3993 3999 3997 3998 3999 4003 3998 4003 4002 3996 3997 4001 3996 4001 4000 3996 4000 4002 3996 4002 3998 3997 3999 4003 3997 4003 4001 4002 4003 4007 4002 4007 4006 4000 4001 4005 4000 4005 4004 4000 4004 4006 4000 4006 4002 4001 4003 4007 4001 4007 4005 4006 4007 4011 4006 4011 4010 4004 4005 4009 4004 4009 4008 4004 4008 4010 4004 4010 4006 4005 4007 4011 4005 4011 4009 4010 4011 4015 4010 4015 4014 4008 4009 4013 4008 4013 4012 4008 4012 4014 4008 4014 4010 4009 4011 4015 4009 4015 4013 4014 4015 4019 4014 4019 4018 4012 4013 4017 4012 4017 4016 4012 4016 4018 4012 4018 4014 4013 4015 4019 4013 4019 4017 4018 4019 4023 4018 4023 4022 4016 4017 4021 4016 4021 4020 4016 4020 4022 4016 4022 4018 4017 4019 4023 4017 4023 4021 4022 4023 4027 4022 4027 4026 4020 4021 4025 4020 4025 4024 4020 4024 4026 4020 4026 4022 4021 4023 4027 4021 4027 4025 4026 4027 4031 4026 4031 4030 4024 4025 4029 4024 4029 4028 4024 4028 4030 4024 4030 4026 4025 4027 4031 4025 4031 4029 4030 4031 4035 4030 4035 4034 4028 4029 4033 4028 4033 4032 4028 4032 4034 4028 4034 4030 4029 4031 4035 4029 4035 4033 4034 4035 4039 4034 4039 4038 4032 4033 4037 4032 4037 4036 4032 4036 4038 4032 4038 4034 4033 4035 4039 4033 4039 4037 4038 4039 4043 4038 4043 4042 4036 4037 4041 4036 4041 4040 4036 4040 4042 4036 4042 4038 4037 4039 4043 4037 4043 4041 4042 4043 4047 4042 4047 4046 4040 4041 4045 4040 4045 4044 4040 4044 4046 4040 4046 4042 4041 4043 4047 4041 4047 4045 4046 4047 4051 4046 4051 4050 4044 4045 4049 4044 4049 4048 4044 4048 4050 4044 4050 4046 4045 4047 4051 4045 4051 4049 4050 4051 4055 4050 4055 4054 4048 4049 4053 4048 4053 4052 4048 4052 4054 4048 4054 4050 4049 4051 4055 4049 4055 4053 4054 4055 4059 4054 4059 4058 4052 4053 4057 4052 4057 4056 4052 4056 4058 4052 4058 4054 4053 4055 4059 4053 4059 4057 4058 4059 4063 4058 4063 4062 4056 4057 4061 4056 4061 4060 4056 4060 4062 4056 4062 4058 4057 4059 4063 4057 4063 4061 4062 4063 4067 4062 4067 4066 4060 4061 4065 4060 4065 4064 4060 4064 4066 4060 4066 4062 4061 4063 4067 4061 4067 4065 4066 4067 4071 4066 4071 4070 4064 4065 4069 4064 4069 4068 4064 4068 4070 4064 4070 4066 4065 4067 4071 4065 4071 4069 4070 4071 4075 4070 4075 4074 4068 4069 4073 4068 4073 4072 4068 4072 4074 4068 4074 4070 4069 4071 4075 4069 4075 4073 4074 4075 4079 4074 4079 4078 4072 4073 4077 4072 4077 4076 4072 4076 4078 4072 4078 4074 4073 4075 4079 4073 4079 4077 4078 4079 4083 4078 4083 4082 4076 4077 4081 4076 4081 4080 4076 4080 4082 4076 4082 4078 4077 4079 4083 4077 4083 4081 4082 4083 4087 4082 4087 4086 4080 4081 4085 4080 4085 4084 4080 4084 4086 4080 4086 4082 4081 4083 4087 4081 4087 4085 4086 4087 4091 4086 4091 4090 4084 4085 4089 4084 4089 4088 4084 4088 4090 4084 4090 4086 4085 4087 4091 4085 4091 4089 4090 4091 4095 4090 4095 4094 4088 4089 4093 4088 4093 4092 4088 4092 4094 4088 4094 4090 4089 4091 4095 4089 4095 4093 4094 4095 4099 4094 4099 4098 4092 4093 4097 4092 4097 4096 4092 4096 4098 4092 4098 4094 4093 4095 4099 4093 4099 4097 4098 4099 4103 4098 4103 4102 4096 4097 4101 4096 4101 4100 4096 4100 4102 4096 4102 4098 4097 4099 4103 4097 4103 4101 4102 4103 4107 4102 4107 4106 4100 4101 4105 4100 4105 4104 4100 4104 4106 4100 4106 4102 4101 4103 4107 4101 4107 4105 4106 4107 4111 4106 4111 4110 4104 4105 4109 4104 4109 4108 4104 4108 4110 4104 4110 4106 4105 4107 4111 4105 4111 4109 4110 4111 4115 4110 4115 4114 4108 4109 4113 4108 4113 4112 4108 4112 4114 4108 4114 4110 4109 4111 4115 4109 4115 4113 4114 4115 4119 4114 4119 4118 4112 4113 4117 4112 4117 4116 4112 4116 4118 4112 4118 4114 4113 4115 4119 4113 4119 4117 4118 4119 4123 4118 4123 4122 4116 4117 4121 4116 4121 4120 4116 4120 4122 4116 4122 4118 4117 4119 4123 4117 4123 4121 4122 4123 4127 4122 4127 4126 4120 4121 4125 4120 4125 4124 4120 4124 4126 4120 4126 4122 4121 4123 4127 4121 4127 4125 4126 4127 4131 4126 4131 4130 4124 4125 4129 4124 4129 4128 4124 4128 4130 4124 4130 4126 4125 4127 4131 4125 4131 4129 4130 4131 4135 4130 4135 4134 4128 4129 4133 4128 4133 4132 4128 4132 4134 4128 4134 4130 4129 4131 4135 4129 4135 4133 4134 4135 4139 4134 4139 4138 4132 4133 4137 4132 4137 4136 4132 4136 4138 4132 4138 4134 4133 4135 4139 4133 4139 4137 4138 4139 4143 4138 4143 4142 4136 4137 4141 4136 4141 4140 4136 4140 4142 4136 4142 4138 4137 4139 4143 4137 4143 4141 4142 4143 4147 4142 4147 4146 4140 4141 4145 4140 4145 4144 4140 4144 4146 4140 4146 4142 4141 4143 4147 4141 4147 4145 4146 4147 4151 4146 4151 4150 4144 4145 4149 4144 4149 4148 4144 4148 4150 4144 4150 4146 4145 4147 4151 4145 4151 4149 4150 4151 4155 4150 4155 4154 4148 4149 4153 4148 4153 4152 4148 4152 4154 4148 4154 4150 4149 4151 4155 4149 4155 4153 4154 4155 4159 4154 4159 4158 4152 4153 4157 4152 4157 4156 4152 4156 4158 4152 4158 4154 4153 4155 4159 4153 4159 4157 4158 4159 4163 4158 4163 4162 4156 4157 4161 4156 4161 4160 4156 4160 4162 4156 4162 4158 4157 4159 4163 4157 4163 4161 4162 4163 4167 4162 4167 4166 4160 4161 4165 4160 4165 4164 4160 4164 4166 4160 4166 4162 4161 4163 4167 4161 4167 4165 4166 4167 4171 4166 4171 4170 4164 4165 4169 4164 4169 4168 4164 4168 4170 4164 4170 4166 4165 4167 4171 4165 4171 4169 4170 4171 4175 4170 4175 4174 4168 4169 4173 4168 4173 4172 4168 4172 4174 4168 4174 4170 4169 4171 4175 4169 4175 4173 4174 4175 4179 4174 4179 4178 4172 4173 4177 4172 4177 4176 4172 4176 4178 4172 4178 4174 4173 4175 4179 4173 4179 4177 4178 4179 4183 4178 4183 4182 4176 4177 4181 4176 4181 4180 4176 4180 4182 4176 4182 4178 4177 4179 4183 4177 4183 4181 4182 4183 4187 4182 4187 4186 4180 4181 4185 4180 4185 4184 4180 4184 4186 4180 4186 4182 4181 4183 4187 4181 4187 4185 4186 4187 4191 4186 4191 4190 4184 4185 4189 4184 4189 4188 4184 4188 4190 4184 4190 4186 4185 4187 4191 4185 4191 4189 4190 4191 4195 4190 4195 4194 4188 4189 4193 4188 4193 4192 4188 4192 4194 4188 4194 4190 4189 4191 4195 4189 4195 4193 4194 4195 4199 4194 4199 4198 4192 4193 4197 4192 4197 4196 4192 4196 4198 4192 4198 4194 4193 4195 4199 4193 4199 4197 4198 4199 4203 4198 4203 4202 4196 4197 4201 4196 4201 4200 4196 4200 4202 4196 4202 4198 4197 4199 4203 4197 4203 4201 4202 4203 4207 4202 4207 4206 4200 4201 4205 4200 4205 4204 4200 4204 4206 4200 4206 4202 4201 4203 4207 4201 4207 4205 4206 4207 4211 4206 4211 4210 4204 4205 4209 4204 4209 4208 4204 4208 4210 4204 4210 4206 4205 4207 4211 4205 4211 4209 4210 4211 4215 4210 4215 4214 4208 4209 4213 4208 4213 4212 4208 4212 4214 4208 4214 4210 4209 4211 4215 4209 4215 4213 4214 4215 4219 4214 4219 4218 4212 4213 4217 4212 4217 4216 4212 4216 4218 4212 4218 4214 4213 4215 4219 4213 4219 4217 4218 4219 4223 4218 4223 4222 4216 4217 4221 4216 4221 4220 4216 4220 4222 4216 4222 4218 4217 4219 4223 4217 4223 4221 4222 4223 4227 4222 4227 4226 4220 4221 4225 4220 4225 4224 4220 4224 4226 4220 4226 4222 4221 4223 4227 4221 4227 4225 4226 4227 4231 4226 4231 4230 4224 4225 4229 4224 4229 4228 4224 4228 4230 4224 4230 4226 4225 4227 4231 4225 4231 4229 4230 4231 4235 4230 4235 4234 4228 4229 4233 4228 4233 4232 4228 4232 4234 4228 4234 4230 4229 4231 4235 4229 4235 4233 4234 4235 4239 4234 4239 4238 4232 4233 4237 4232 4237 4236 4232 4236 4238 4232 4238 4234 4233 4235 4239 4233 4239 4237 4238 4239 4243 4238 4243 4242 4236 4237 4241 4236 4241 4240 4236 4240 4242 4236 4242 4238 4237 4239 4243 4237 4243 4241 4242 4243 4247 4242 4247 4246 4240 4241 4245 4240 4245 4244 4240 4244 4246 4240 4246 4242 4241 4243 4247 4241 4247 4245 4246 4247 4251 4246 4251 4250 4244 4245 4249 4244 4249 4248 4244 4248 4250 4244 4250 4246 4245 4247 4251 4245 4251 4249 4250 4251 4255 4250 4255 4254 4248 4249 4253 4248 4253 4252 4248 4252 4254 4248 4254 4250 4249 4251 4255 4249 4255 4253 4254 4255 4259 4254 4259 4258 4252 4253 4257 4252 4257 4256 4252 4256 4258 4252 4258 4254 4253 4255 4259 4253 4259 4257 4258 4259 4263 4258 4263 4262 4256 4257 4261 4256 4261 4260 4256 4260 4262 4256 4262 4258 4257 4259 4263 4257 4263 4261 4262 4263 4267 4262 4267 4266 4260 4261 4265 4260 4265 4264 4260 4264 4266 4260 4266 4262 4261 4263 4267 4261 4267 4265 4266 4267 4271 4266 4271 4270 4264 4265 4269 4264 4269 4268 4264 4268 4270 4264 4270 4266 4265 4267 4271 4265 4271 4269 4270 4271 4275 4270 4275 4274 4268 4269 4273 4268 4273 4272 4268 4272 4274 4268 4274 4270 4269 4271 4275 4269 4275 4273 4274 4275 4279 4274 4279 4278 4272 4273 4277 4272 4277 4276 4272 4276 4278 4272 4278 4274 4273 4275 4279 4273 4279 4277 4278 4279 4283 4278 4283 4282 4276 4277 4281 4276 4281 4280 4276 4280 4282 4276 4282 4278 4277 4279 4283 4277 4283 4281 4282 4283 4287 4282 4287 4286 4280 4281 4285 4280 4285 4284 4280 4284 4286 4280 4286 4282 4281 4283 4287 4281 4287 4285 4286 4287 4291 4286 4291 4290 4284 4285 4289 4284 4289 4288 4284 4288 4290 4284 4290 4286 4285 4287 4291 4285 4291 4289 4290 4291 4295 4290 4295 4294 4288 4289 4293 4288 4293 4292 4288 4292 4294 4288 4294 4290 4289 4291 4295 4289 4295 4293 4294 4295 4299 4294 4299 4298 4292 4293 4297 4292 4297 4296 4292 4296 4298 4292 4298 4294 4293 4295 4299 4293 4299 4297 4298 4299 4303 4298 4303 4302 4296 4297 4301 4296 4301 4300 4296 4300 4302 4296 4302 4298 4297 4299 4303 4297 4303 4301 4302 4303 4307 4302 4307 4306 4300 4301 4305 4300 4305 4304 4300 4304 4306 4300 4306 4302 4301 4303 4307 4301 4307 4305 4306 4307 4311 4306 4311 4310 4304 4305 4309 4304 4309 4308 4304 4308 4310 4304 4310 4306 4305 4307 4311 4305 4311 4309 4310 4311 4315 4310 4315 4314 4308 4309 4313 4308 4313 4312 4308 4312 4314 4308 4314 4310 4309 4311 4315 4309 4315 4313 4314 4315 4319 4314 4319 4318 4312 4313 4317 4312 4317 4316 4312 4316 4318 4312 4318 4314 4313 4315 4319 4313 4319 4317 4318 4319 4323 4318 4323 4322 4316 4317 4321 4316 4321 4320 4316 4320 4322 4316 4322 4318 4317 4319 4323 4317 4323 4321 4322 4323 4327 4322 4327 4326 4320 4321 4325 4320 4325 4324 4320 4324 4326 4320 4326 4322 4321 4323 4327 4321 4327 4325 4326 4327 4331 4326 4331 4330 4324 4325 4329 4324 4329 4328 4324 4328 4330 4324 4330 4326 4325 4327 4331 4325 4331 4329 4330 4331 4335 4330 4335 4334 4328 4329 4333 4328 4333 4332 4328 4332 4334 4328 4334 4330 4329 4331 4335 4329 4335 4333 4334 4335 4339 4334 4339 4338 4332 4333 4337 4332 4337 4336 4332 4336 4338 4332 4338 4334 4333 4335 4339 4333 4339 4337 4338 4339 4343 4338 4343 4342 4336 4337 4341 4336 4341 4340 4336 4340 4342 4336 4342 4338 4337 4339 4343 4337 4343 4341 4342 4343 4347 4342 4347 4346 4340 4341 4345 4340 4345 4344 4340 4344 4346 4340 4346 4342 4341 4343 4347 4341 4347 4345 4346 4347 4351 4346 4351 4350 4344 4345 4349 4344 4349 4348 4344 4348 4350 4344 4350 4346 4345 4347 4351 4345 4351 4349 4350 4351 4355 4350 4355 4354 4348 4349 4353 4348 4353 4352 4348 4352 4354 4348 4354 4350 4349 4351 4355 4349 4355 4353 4354 4355 4359 4354 4359 4358 4352 4353 4357 4352 4357 4356 4352 4356 4358 4352 4358 4354 4353 4355 4359 4353 4359 4357 4358 4359 4363 4358 4363 4362 4356 4357 4361 4356 4361 4360 4356 4360 4362 4356 4362 4358 4357 4359 4363 4357 4363 4361 4362 4363 4367 4362 4367 4366 4360 4361 4365 4360 4365 4364 4360 4364 4366 4360 4366 4362 4361 4363 4367 4361 4367 4365 4366 4367 4371 4366 4371 4370 4364 4365 4369 4364 4369 4368 4364 4368 4370 4364 4370 4366 4365 4367 4371 4365 4371 4369 4370 4371 4375 4370 4375 4374 4368 4369 4373 4368 4373 4372 4368 4372 4374 4368 4374 4370 4369 4371 4375 4369 4375 4373 4374 4375 4379 4374 4379 4378 4372 4373 4377 4372 4377 4376 4372 4376 4378 4372 4378 4374 4373 4375 4379 4373 4379 4377 4378 4379 4383 4378 4383 4382 4376 4377 4381 4376 4381 4380 4376 4380 4382 4376 4382 4378 4377 4379 4383 4377 4383 4381 4382 4383 4387 4382 4387 4386 4380 4381 4385 4380 4385 4384 4380 4384 4386 4380 4386 4382 4381 4383 4387 4381 4387 4385 4386 4387 4391 4386 4391 4390 4384 4385 4389 4384 4389 4388 4384 4388 4390 4384 4390 4386 4385 4387 4391 4385 4391 4389 4390 4391 4395 4390 4395 4394 4388 4389 4393 4388 4393 4392 4388 4392 4394 4388 4394 4390 4389 4391 4395 4389 4395 4393 4394 4395 4399 4394 4399 4398 4392 4393 4397 4392 4397 4396 4392 4396 4398 4392 4398 4394 4393 4395 4399 4393 4399 4397 4398 4399 4403 4398 4403 4402 4396 4397 4401 4396 4401 4400 4396 4400 4402 4396 4402 4398 4397 4399 4403 4397 4403 4401 4402 4403 4407 4402 4407 4406 4400 4401 4405 4400 4405 4404 4400 4404 4406 4400 4406 4402 4401 4403 4407 4401 4407 4405 4406 4407 4411 4406 4411 4410 4404 4405 4409 4404 4409 4408 4404 4408 4410 4404 4410 4406 4405 4407 4411 4405 4411 4409 4410 4411 4415 4410 4415 4414 4408 4409 4413 4408 4413 4412 4408 4412 4414 4408 4414 4410 4409 4411 4415 4409 4415 4413 4414 4415 4419 4414 4419 4418 4412 4413 4417 4412 4417 4416 4412 4416 4418 4412 4418 4414 4413 4415 4419 4413 4419 4417 4418 4419 4423 4418 4423 4422 4416 4417 4421 4416 4421 4420 4416 4420 4422 4416 4422 4418 4417 4419 4423 4417 4423 4421 4422 4423 4427 4422 4427 4426 4420 4421 4425 4420 4425 4424 4420 4424 4426 4420 4426 4422 4421 4423 4427 4421 4427 4425 4426 4427 4431 4426 4431 4430 4424 4425 4429 4424 4429 4428 4424 4428 4430 4424 4430 4426 4425 4427 4431 4425 4431 4429 4430 4431 4435 4430 4435 4434 4428 4429 4433 4428 4433 4432 4428 4432 4434 4428 4434 4430 4429 4431 4435 4429 4435 4433 4434 4435 4439 4434 4439 4438 4432 4433 4437 4432 4437 4436 4432 4436 4438 4432 4438 4434 4433 4435 4439 4433 4439 4437 4438 4439 4443 4438 4443 4442 4436 4437 4441 4436 4441 4440 4436 4440 4442 4436 4442 4438 4437 4439 4443 4437 4443 4441 4442 4443 4447 4442 4447 4446 4440 4441 4445 4440 4445 4444 4440 4444 4446 4440 4446 4442 4441 4443 4447 4441 4447 4445 4446 4447 4451 4446 4451 4450 4444 4445 4449 4444 4449 4448 4444 4448 4450 4444 4450 4446 4445 4447 4451 4445 4451 4449 4450 4451 4455 4450 4455 4454 4448 4449 4453 4448 4453 4452 4448 4452 4454 4448 4454 4450 4449 4451 4455 4449 4455 4453 4454 4455 4459 4454 4459 4458 4452 4453 4457 4452 4457 4456 4452 4456 4458 4452 4458 4454 4453 4455 4459 4453 4459 4457 4458 4459 4463 4458 4463 4462 4456 4457 4461 4456 4461 4460 4456 4460 4462 4456 4462 4458 4457 4459 4463 4457 4463 4461 4462 4463 4467 4462 4467 4466 4460 4461 4465 4460 4465 4464 4460 4464 4466 4460 4466 4462 4461 4463 4467 4461 4467 4465 4466 4467 4471 4466 4471 4470 4464 4465 4469 4464 4469 4468 4464 4468 4470 4464 4470 4466 4465 4467 4471 4465 4471 4469 4470 4471 4475 4470 4475 4474 4468 4469 4473 4468 4473 4472 4468 4472 4474 4468 4474 4470 4469 4471 4475 4469 4475 4473 4474 4475 4479 4474 4479 4478 4472 4473 4477 4472 4477 4476 4472 4476 4478 4472 4478 4474 4473 4475 4479 4473 4479 4477 4478 4479 4483 4478 4483 4482 4476 4477 4481 4476 4481 4480 4476 4480 4482 4476 4482 4478 4477 4479 4483 4477 4483 4481 4482 4483 4487 4482 4487 4486 4480 4481 4485 4480 4485 4484 4480 4484 4486 4480 4486 4482 4481 4483 4487 4481 4487 4485 4486 4487 4491 4486 4491 4490 4484 4485 4489 4484 4489 4488 4484 4488 4490 4484 4490 4486 4485 4487 4491 4485 4491 4489 4490 4491 4495 4490 4495 4494 4488 4489 4493 4488 4493 4492 4488 4492 4494 4488 4494 4490 4489 4491 4495 4489 4495 4493 4494 4495 4499 4494 4499 4498 4492 4493 4497 4492 4497 4496 4492 4496 4498 4492 4498 4494 4493 4495 4499 4493 4499 4497 4498 4499 4503 4498 4503 4502 4496 4497 4501 4496 4501 4500 4496 4500 4502 4496 4502 4498 4497 4499 4503 4497 4503 4501 4502 4503 4507 4502 4507 4506 4500 4501 4505 4500 4505 4504 4500 4504 4506 4500 4506 4502 4501 4503 4507 4501 4507 4505 4506 4507 4511 4506 4511 4510 4504 4505 4509 4504 4509 4508 4504 4508 4510 4504 4510 4506 4505 4507 4511 4505 4511 4509 4510 4511 4515 4510 4515 4514 4508 4509 4513 4508 4513 4512 4508 4512 4514 4508 4514 4510 4509 4511 4515 4509 4515 4513 4514 4515 4519 4514 4519 4518 4512 4513 4517 4512 4517 4516 4512 4516 4518 4512 4518 4514 4513 4515 4519 4513 4519 4517 4518 4519 4523 4518 4523 4522 4516 4517 4521 4516 4521 4520 4516 4520 4522 4516 4522 4518 4517 4519 4523 4517 4523 4521 4522 4523 4527 4522 4527 4526 4520 4521 4525 4520 4525 4524 4520 4524 4526 4520 4526 4522 4521 4523 4527 4521 4527 4525 4526 4527 4531 4526 4531 4530 4524 4525 4529 4524 4529 4528 4524 4528 4530 4524 4530 4526 4525 4527 4531 4525 4531 4529 4530 4531 4535 4530 4535 4534 4528 4529 4533 4528 4533 4532 4528 4532 4534 4528 4534 4530 4529 4531 4535 4529 4535 4533 4534 4535 4539 4534 4539 4538 4532 4533 4537 4532 4537 4536 4532 4536 4538 4532 4538 4534 4533 4535 4539 4533 4539 4537 4538 4539 4543 4538 4543 4542 4536 4537 4541 4536 4541 4540 4536 4540 4542 4536 4542 4538 4537 4539 4543 4537 4543 4541 4542 4543 4547 4542 4547 4546 4540 4541 4545 4540 4545 4544 4540 4544 4546 4540 4546 4542 4541 4543 4547 4541 4547 4545 4546 4547 4551 4546 4551 4550 4544 4545 4549 4544 4549 4548 4544 4548 4550 4544 4550 4546 4545 4547 4551 4545 4551 4549 4550 4551 4555 4550 4555 4554 4548 4549 4553 4548 4553 4552 4548 4552 4554 4548 4554 4550 4549 4551 4555 4549 4555 4553 4554 4555 4559 4554 4559 4558 4552 4553 4557 4552 4557 4556 4552 4556 4558 4552 4558 4554 4553 4555 4559 4553 4559 4557 4558 4559 4563 4558 4563 4562 4556 4557 4561 4556 4561 4560 4556 4560 4562 4556 4562 4558 4557 4559 4563 4557 4563 4561 4562 4563 4567 4562 4567 4566 4560 4561 4565 4560 4565 4564 4560 4564 4566 4560 4566 4562 4561 4563 4567 4561 4567 4565 4566 4567 4571 4566 4571 4570 4564 4565 4569 4564 4569 4568 4564 4568 4570 4564 4570 4566 4565 4567 4571 4565 4571 4569 4570 4571 4575 4570 4575 4574 4568 4569 4573 4568 4573 4572 4568 4572 4574 4568 4574 4570 4569 4571 4575 4569 4575 4573 4574 4575 4579 4574 4579 4578 4572 4573 4577 4572 4577 4576 4572 4576 4578 4572 4578 4574 4573 4575 4579 4573 4579 4577 4578 4579 4583 4578 4583 4582 4576 4577 4581 4576 4581 4580 4576 4580 4582 4576 4582 4578 4577 4579 4583 4577 4583 4581 4582 4583 4587 4582 4587 4586 4580 4581 4585 4580 4585 4584 4580 4584 4586 4580 4586 4582 4581 4583 4587 4581 4587 4585 4586 4587 4591 4586 4591 4590 4584 4585 4589 4584 4589 4588 4584 4588 4590 4584 4590 4586 4585 4587 4591 4585 4591 4589 4590 4591 4595 4590 4595 4594 4588 4589 4593 4588 4593 4592 4588 4592 4594 4588 4594 4590 4589 4591 4595 4589 4595 4593 4594 4595 4599 4594 4599 4598 4592 4593 4597 4592 4597 4596 4592 4596 4598 4592 4598 4594 4593 4595 4599 4593 4599 4597 4598 4599 4603 4598 4603 4602 4596 4597 4601 4596 4601 4600 4596 4600 4602 4596 4602 4598 4597 4599 4603 4597 4603 4601 4602 4603 4607 4602 4607 4606 4600 4601 4605 4600 4605 4604 4600 4604 4606 4600 4606 4602 4601 4603 4607 4601 4607 4605 4606 4607 4611 4606 4611 4610 4604 4605 4609 4604 4609 4608 4604 4608 4610 4604 4610 4606 4605 4607 4611 4605 4611 4609 4610 4611 4615 4610 4615 4614 4608 4609 4613 4608 4613 4612 4608 4612 4614 4608 4614 4610 4609 4611 4615 4609 4615 4613 4614 4615 4619 4614 4619 4618 4612 4613 4617 4612 4617 4616 4612 4616 4618 4612 4618 4614 4613 4615 4619 4613 4619 4617 4618 4619 4623 4618 4623 4622 4616 4617 4621 4616 4621 4620 4616 4620 4622 4616 4622 4618 4617 4619 4623 4617 4623 4621 4622 4623 4627 4622 4627 4626 4620 4621 4625 4620 4625 4624 4620 4624 4626 4620 4626 4622 4621 4623 4627 4621 4627 4625 4626 4627 4631 4626 4631 4630 4624 4625 4629 4624 4629 4628 4624 4628 4630 4624 4630 4626 4625 4627 4631 4625 4631 4629 4630 4631 4635 4630 4635 4634 4628 4629 4633 4628 4633 4632 4628 4632 4634 4628 4634 4630 4629 4631 4635 4629 4635 4633 4634 4635 4639 4634 4639 4638 4632 4633 4637 4632 4637 4636 4632 4636 4638 4632 4638 4634 4633 4635 4639 4633 4639 4637 4638 4639 4643 4638 4643 4642 4636 4637 4641 4636 4641 4640 4636 4640 4642 4636 4642 4638 4637 4639 4643 4637 4643 4641 4642 4643 4647 4642 4647 4646 4640 4641 4645 4640 4645 4644 4640 4644 4646 4640 4646 4642 4641 4643 4647 4641 4647 4645 4646 4647 4651 4646 4651 4650 4644 4645 4649 4644 4649 4648 4644 4648 4650 4644 4650 4646 4645 4647 4651 4645 4651 4649 4650 4651 4655 4650 4655 4654 4648 4649 4653 4648 4653 4652 4648 4652 4654 4648 4654 4650 4649 4651 4655 4649 4655 4653 4654 4655 4659 4654 4659 4658 4652 4653 4657 4652 4657 4656 4652 4656 4658 4652 4658 4654 4653 4655 4659 4653 4659 4657 4658 4659 4663 4658 4663 4662 4656 4657 4661 4656 4661 4660 4656 4660 4662 4656 4662 4658 4657 4659 4663 4657 4663 4661 4662 4663 4667 4662 4667 4666 4660 4661 4665 4660 4665 4664 4660 4664 4666 4660 4666 4662 4661 4663 4667 4661 4667 4665 4666 4667 4671 4666 4671 4670 4664 4665 4669 4664 4669 4668 4664 4668 4670 4664 4670 4666 4665 4667 4671 4665 4671 4669 4670 4671 4675 4670 4675 4674 4668 4669 4673 4668 4673 4672 4668 4672 4674 4668 4674 4670 4669 4671 4675 4669 4675 4673 4674 4675 4679 4674 4679 4678 4672 4673 4677 4672 4677 4676 4672 4676 4678 4672 4678 4674 4673 4675 4679 4673 4679 4677 4678 4679 4683 4678 4683 4682 4676 4677 4681 4676 4681 4680 4676 4680 4682 4676 4682 4678 4677 4679 4683 4677 4683 4681 4682 4683 4687 4682 4687 4686 4680 4681 4685 4680 4685 4684 4680 4684 4686 4680 4686 4682 4681 4683 4687 4681 4687 4685 4686 4687 4691 4686 4691 4690 4684 4685 4689 4684 4689 4688 4684 4688 4690 4684 4690 4686 4685 4687 4691 4685 4691 4689 4690 4691 4695 4690 4695 4694 4688 4689 4693 4688 4693 4692 4688 4692 4694 4688 4694 4690 4689 4691 4695 4689 4695 4693 4694 4695 4699 4694 4699 4698 4692 4693 4697 4692 4697 4696 4692 4696 4698 4692 4698 4694 4693 4695 4699 4693 4699 4697 4698 4699 4703 4698 4703 4702 4696 4697 4701 4696 4701 4700 4696 4700 4702 4696 4702 4698 4697 4699 4703 4697 4703 4701 4702 4703 4707 4702 4707 4706 4700 4701 4705 4700 4705 4704 4700 4704 4706 4700 4706 4702 4701 4703 4707 4701 4707 4705 4706 4707 4711 4706 4711 4710 4704 4705 4709 4704 4709 4708 4704 4708 4710 4704 4710 4706 4705 4707 4711 4705 4711 4709 4710 4711 4715 4710 4715 4714 4708 4709 4713 4708 4713 4712 4708 4712 4714 4708 4714 4710 4709 4711 4715 4709 4715 4713 4714 4715 4719 4714 4719 4718 4712 4713 4717 4712 4717 4716 4712 4716 4718 4712 4718 4714 4713 4715 4719 4713 4719 4717 4718 4719 4723 4718 4723 4722 4716 4717 4721 4716 4721 4720 4716 4720 4722 4716 4722 4718 4717 4719 4723 4717 4723 4721 4722 4723 4727 4722 4727 4726 4720 4721 4725 4720 4725 4724 4720 4724 4726 4720 4726 4722 4721 4723 4727 4721 4727 4725 4726 4727 4731 4726 4731 4730 4724 4725 4729 4724 4729 4728 4724 4728 4730 4724 4730 4726 4725 4727 4731 4725 4731 4729 4730 4731 4735 4730 4735 4734 4728 4729 4733 4728 4733 4732 4728 4732 4734 4728 4734 4730 4729 4731 4735 4729 4735 4733 4734 4735 4739 4734 4739 4738 4732 4733 4737 4732 4737 4736 4732 4736 4738 4732 4738 4734 4733 4735 4739 4733 4739 4737 4738 4739 4743 4738 4743 4742 4736 4737 4741 4736 4741 4740 4736 4740 4742 4736 4742 4738 4737 4739 4743 4737 4743 4741 4742 4743 4747 4742 4747 4746 4740 4741 4745 4740 4745 4744 4740 4744 4746 4740 4746 4742 4741 4743 4747 4741 4747 4745 4746 4747 4751 4746 4751 4750 4744 4745 4749 4744 4749 4748 4744 4748 4750 4744 4750 4746 4745 4747 4751 4745 4751 4749 4750 4751 4755 4750 4755 4754 4748 4749 4753 4748 4753 4752 4748 4752 4754 4748 4754 4750 4749 4751 4755 4749 4755 4753 4754 4755 4759 4754 4759 4758 4752 4753 4757 4752 4757 4756 4752 4756 4758 4752 4758 4754 4753 4755 4759 4753 4759 4757 4758 4759 4763 4758 4763 4762 4756 4757 4761 4756 4761 4760 4756 4760 4762 4756 4762 4758 4757 4759 4763 4757 4763 4761 4762 4763 4767 4762 4767 4766 4760 4761 4765 4760 4765 4764 4760 4764 4766 4760 4766 4762 4761 4763 4767 4761 4767 4765 4766 4767 4771 4766 4771 4770 4764 4765 4769 4764 4769 4768 4764 4768 4770 4764 4770 4766 4765 4767 4771 4765 4771 4769 4770 4771 4775 4770 4775 4774 4768 4769 4773 4768 4773 4772 4768 4772 4774 4768 4774 4770 4769 4771 4775 4769 4775 4773 4774 4775 4779 4774 4779 4778 4772 4773 4777 4772 4777 4776 4772 4776 4778 4772 4778 4774 4773 4775 4779 4773 4779 4777 4778 4779 4783 4778 4783 4782 4776 4777 4781 4776 4781 4780 4776 4780 4782 4776 4782 4778 4777 4779 4783 4777 4783 4781 4782 4783 4787 4782 4787 4786 4780 4781 4785 4780 4785 4784 4780 4784 4786 4780 4786 4782 4781 4783 4787 4781 4787 4785 4786 4787 4791 4786 4791 4790 4784 4785 4789 4784 4789 4788 4784 4788 4790 4784 4790 4786 4785 4787 4791 4785 4791 4789 4790 4791 4795 4790 4795 4794 4788 4789 4793 4788 4793 4792 4788 4792 4794 4788 4794 4790 4789 4791 4795 4789 4795 4793 4794 4795 4799 4794 4799 4798 4792 4793 4797 4792 4797 4796 4792 4796 4798 4792 4798 4794 4793 4795 4799 4793 4799 4797 4798 4799 4803 4798 4803 4802 4796 4797 4801 4796 4801 4800 4796 4800 4802 4796 4802 4798 4797 4799 4803 4797 4803 4801 4802 4803 4807 4802 4807 4806 4800 4801 4805 4800 4805 4804 4800 4804 4806 4800 4806 4802 4801 4803 4807 4801 4807 4805 4806 4807 4811 4806 4811 4810 4804 4805 4809 4804 4809 4808 4804 4808 4810 4804 4810 4806 4805 4807 4811 4805 4811 4809 4810 4811 4815 4810 4815 4814 4808 4809 4813 4808 4813 4812 4808 4812 4814 4808 4814 4810 4809 4811 4815 4809 4815 4813 4814 4815 4819 4814 4819 4818 4812 4813 4817 4812 4817 4816 4812 4816 4818 4812 4818 4814 4813 4815 4819 4813 4819 4817 4818 4819 4823 4818 4823 4822 4816 4817 4821 4816 4821 4820 4816 4820 4822 4816 4822 4818 4817 4819 4823 4817 4823 4821 4822 4823 4827 4822 4827 4826 4820 4821 4825 4820 4825 4824 4820 4824 4826 4820 4826 4822 4821 4823 4827 4821 4827 4825 4826 4827 4831 4826 4831 4830 4824 4825 4829 4824 4829 4828 4824 4828 4830 4824 4830 4826 4825 4827 4831 4825 4831 4829 4830 4831 4835 4830 4835 4834 4828 4829 4833 4828 4833 4832 4828 4832 4834 4828 4834 4830 4829 4831 4835 4829 4835 4833 4834 4835 4839 4834 4839 4838 4832 4833 4837 4832 4837 4836 4832 4836 4838 4832 4838 4834 4833 4835 4839 4833 4839 4837 4838 4839 4843 4838 4843 4842 4836 4837 4841 4836 4841 4840 4836 4840 4842 4836 4842 4838 4837 4839 4843 4837 4843 4841 4842 4843 4847 4842 4847 4846 4840 4841 4845 4840 4845 4844 4840 4844 4846 4840 4846 4842 4841 4843 4847 4841 4847 4845 4846 4847 4851 4846 4851 4850 4844 4845 4849 4844 4849 4848 4844 4848 4850 4844 4850 4846 4845 4847 4851 4845 4851 4849 4850 4851 4855 4850 4855 4854 4848 4849 4853 4848 4853 4852 4848 4852 4854 4848 4854 4850 4849 4851 4855 4849 4855 4853 4854 4855 4859 4854 4859 4858 4852 4853 4857 4852 4857 4856 4852 4856 4858 4852 4858 4854 4853 4855 4859 4853 4859 4857 4858 4859 4863 4858 4863 4862 4856 4857 4861 4856 4861 4860 4856 4860 4862 4856 4862 4858 4857 4859 4863 4857 4863 4861 4862 4863 4867 4862 4867 4866 4860 4861 4865 4860 4865 4864 4860 4864 4866 4860 4866 4862 4861 4863 4867 4861 4867 4865 4866 4867 4871 4866 4871 4870 4864 4865 4869 4864 4869 4868 4864 4868 4870 4864 4870 4866 4865 4867 4871 4865 4871 4869 4870 4871 4875 4870 4875 4874 4868 4869 4873 4868 4873 4872 4868 4872 4874 4868 4874 4870 4869 4871 4875 4869 4875 4873 4874 4875 4879 4874 4879 4878 4872 4873 4877 4872 4877 4876 4872 4876 4878 4872 4878 4874 4873 4875 4879 4873 4879 4877 4878 4879 4883 4878 4883 4882 4876 4877 4881 4876 4881 4880 4876 4880 4882 4876 4882 4878 4877 4879 4883 4877 4883 4881 4882 4883 4887 4882 4887 4886 4880 4881 4885 4880 4885 4884 4880 4884 4886 4880 4886 4882 4881 4883 4887 4881 4887 4885 4886 4887 4891 4886 4891 4890 4884 4885 4889 4884 4889 4888 4884 4888 4890 4884 4890 4886 4885 4887 4891 4885 4891 4889 4890 4891 4895 4890 4895 4894 4888 4889 4893 4888 4893 4892 4888 4892 4894 4888 4894 4890 4889 4891 4895 4889 4895 4893 4894 4895 4899 4894 4899 4898 4892 4893 4897 4892 4897 4896 4892 4896 4898 4892 4898 4894 4893 4895 4899 4893 4899 4897 4898 4899 4903 4898 4903 4902 4896 4897 4901 4896 4901 4900 4896 4900 4902 4896 4902 4898 4897 4899 4903 4897 4903 4901 4902 4903 4907 4902 4907 4906 4900 4901 4905 4900 4905 4904 4900 4904 4906 4900 4906 4902 4901 4903 4907 4901 4907 4905 4906 4907 4911 4906 4911 4910 4904 4905 4909 4904 4909 4908 4904 4908 4910 4904 4910 4906 4905 4907 4911 4905 4911 4909 4910 4911 4915 4910 4915 4914 4908 4909 4913 4908 4913 4912 4908 4912 4914 4908 4914 4910 4909 4911 4915 4909 4915 4913 4914 4915 4919 4914 4919 4918 4912 4913 4917 4912 4917 4916 4912 4916 4918 4912 4918 4914 4913 4915 4919 4913 4919 4917 4918 4919 4923 4918 4923 4922 4916 4917 4921 4916 4921 4920 4916 4920 4922 4916 4922 4918 4917 4919 4923 4917 4923 4921 4922 4923 4927 4922 4927 4926 4920 4921 4925 4920 4925 4924 4920 4924 4926 4920 4926 4922 4921 4923 4927 4921 4927 4925 4926 4927 4931 4926 4931 4930 4924 4925 4929 4924 4929 4928 4924 4928 4930 4924 4930 4926 4925 4927 4931 4925 4931 4929 4930 4931 4935 4930 4935 4934 4928 4929 4933 4928 4933 4932 4928 4932 4934 4928 4934 4930 4929 4931 4935 4929 4935 4933 4934 4935 4939 4934 4939 4938 4932 4933 4937 4932 4937 4936 4932 4936 4938 4932 4938 4934 4933 4935 4939 4933 4939 4937 4938 4939 4943 4938 4943 4942 4936 4937 4941 4936 4941 4940 4936 4940 4942 4936 4942 4938 4937 4939 4943 4937 4943 4941 4942 4943 4947 4942 4947 4946 4940 4941 4945 4940 4945 4944 4940 4944 4946 4940 4946 4942 4941 4943 4947 4941 4947 4945 4946 4947 4951 4946 4951 4950 4944 4945 4949 4944 4949 4948 4944 4948 4950 4944 4950 4946 4945 4947 4951 4945 4951 4949 4950 4951 4955 4950 4955 4954 4948 4949 4953 4948 4953 4952 4948 4952 4954 4948 4954 4950 4949 4951 4955 4949 4955 4953 4954 4955 4959 4954 4959 4958 4952 4953 4957 4952 4957 4956 4952 4956 4958 4952 4958 4954 4953 4955 4959 4953 4959 4957 4958 4959 4963 4958 4963 4962 4956 4957 4961 4956 4961 4960 4956 4960 4962 4956 4962 4958 4957 4959 4963 4957 4963 4961 4962 4963 4967 4962 4967 4966 4960 4961 4965 4960 4965 4964 4960 4964 4966 4960 4966 4962 4961 4963 4967 4961 4967 4965 4966 4967 4971 4966 4971 4970 4964 4965 4969 4964 4969 4968 4964 4968 4970 4964 4970 4966 4965 4967 4971 4965 4971 4969 4970 4971 4975 4970 4975 4974 4968 4969 4973 4968 4973 4972 4968 4972 4974 4968 4974 4970 4969 4971 4975 4969 4975 4973 4974 4975 4979 4974 4979 4978 4972 4973 4977 4972 4977 4976 4972 4976 4978 4972 4978 4974 4973 4975 4979 4973 4979 4977 4978 4979 4983 4978 4983 4982 4976 4977 4981 4976 4981 4980 4976 4980 4982 4976 4982 4978 4977 4979 4983 4977 4983 4981 4982 4983 4987 4982 4987 4986 4980 4981 4985 4980 4985 4984 4980 4984 4986 4980 4986 4982 4981 4983 4987 4981 4987 4985 4986 4987 4991 4986 4991 4990 4984 4985 4989 4984 4989 4988 4984 4988 4990 4984 4990 4986 4985 4987 4991 4985 4991 4989 4990 4991 4995 4990 4995 4994 4988 4989 4993 4988 4993 4992 4988 4992 4994 4988 4994 4990 4989 4991 4995 4989 4995 4993 4994 4995 4999 4994 4999 4998 4992 4993 4997 4992 4997 4996 4992 4996 4998 4992 4998 4994 4993 4995 4999 4993 4999 4997 4998 4999 5003 4998 5003 5002 4996 4997 5001 4996 5001 5000 4996 5000 5002 4996 5002 4998 4997 4999 5003 4997 5003 5001 5002 5003 5007 5002 5007 5006 5000 5001 5005 5000 5005 5004 5000 5004 5006 5000 5006 5002 5001 5003 5007 5001 5007 5005 5006 5007 5011 5006 5011 5010 5004 5005 5009 5004 5009 5008 5004 5008 5010 5004 5010 5006 5005 5007 5011 5005 5011 5009 5010 5011 5015 5010 5015 5014 5008 5009 5013 5008 5013 5012 5008 5012 5014 5008 5014 5010 5009 5011 5015 5009 5015 5013 5014 5015 5019 5014 5019 5018 5012 5013 5017 5012 5017 5016 5012 5016 5018 5012 5018 5014 5013 5015 5019 5013 5019 5017 5018 5019 5023 5018 5023 5022 5016 5017 5021 5016 5021 5020 5016 5020 5022 5016 5022 5018 5017 5019 5023 5017 5023 5021 5022 5023 5027 5022 5027 5026 5020 5021 5025 5020 5025 5024 5020 5024 5026 5020 5026 5022 5021 5023 5027 5021 5027 5025 5026 5027 5031 5026 5031 5030 5024 5025 5029 5024 5029 5028 5024 5028 5030 5024 5030 5026 5025 5027 5031 5025 5031 5029 5030 5031 5035 5030 5035 5034 5028 5029 5033 5028 5033 5032 5028 5032 5034 5028 5034 5030 5029 5031 5035 5029 5035 5033 5034 5035 5039 5034 5039 5038 5032 5033 5037 5032 5037 5036 5032 5036 5038 5032 5038 5034 5033 5035 5039 5033 5039 5037 5038 5039 5043 5038 5043 5042 5036 5037 5041 5036 5041 5040 5036 5040 5042 5036 5042 5038 5037 5039 5043 5037 5043 5041 5042 5043 5047 5042 5047 5046 5040 5041 5045 5040 5045 5044 5040 5044 5046 5040 5046 5042 5041 5043 5047 5041 5047 5045 5046 5047 5051 5046 5051 5050 5044 5045 5049 5044 5049 5048 5044 5048 5050 5044 5050 5046 5045 5047 5051 5045 5051 5049 5050 5051 5055 5050 5055 5054 5048 5049 5053 5048 5053 5052 5048 5052 5054 5048 5054 5050 5049 5051 5055 5049 5055 5053 5054 5055 5059 5054 5059 5058 5052 5053 5057 5052 5057 5056 5052 5056 5058 5052 5058 5054 5053 5055 5059 5053 5059 5057 5058 5059 5063 5058 5063 5062 5056 5057 5061 5056 5061 5060 5056 5060 5062 5056 5062 5058 5057 5059 5063 5057 5063 5061 5062 5063 5067 5062 5067 5066 5060 5061 5065 5060 5065 5064 5060 5064 5066 5060 5066 5062 5061 5063 5067 5061 5067 5065 5066 5067 5071 5066 5071 5070 5064 5065 5069 5064 5069 5068 5064 5068 5070 5064 5070 5066 5065 5067 5071 5065 5071 5069 5070 5071 5075 5070 5075 5074 5068 5069 5073 5068 5073 5072 5068 5072 5074 5068 5074 5070 5069 5071 5075 5069 5075 5073 5074 5075 5079 5074 5079 5078 5072 5073 5077 5072 5077 5076 5072 5076 5078 5072 5078 5074 5073 5075 5079 5073 5079 5077 5078 5079 5083 5078 5083 5082 5076 5077 5081 5076 5081 5080 5076 5080 5082 5076 5082 5078 5077 5079 5083 5077 5083 5081 5082 5083 5087 5082 5087 5086 5080 5081 5085 5080 5085 5084 5080 5084 5086 5080 5086 5082 5081 5083 5087 5081 5087 5085 5086 5087 5091 5086 5091 5090 5084 5085 5089 5084 5089 5088 5084 5088 5090 5084 5090 5086 5085 5087 5091 5085 5091 5089 5090 5091 5095 5090 5095 5094 5088 5089 5093 5088 5093 5092 5088 5092 5094 5088 5094 5090 5089 5091 5095 5089 5095 5093 5094 5095 5099 5094 5099 5098 5092 5093 5097 5092 5097 5096 5092 5096 5098 5092 5098 5094 5093 5095 5099 5093 5099 5097 5098 5099 5103 5098 5103 5102 5096 5097 5101 5096 5101 5100 5096 5100 5102 5096 5102 5098 5097 5099 5103 5097 5103 5101 5102 5103 5107 5102 5107 5106 5100 5101 5105 5100 5105 5104 5100 5104 5106 5100 5106 5102 5101 5103 5107 5101 5107 5105 5106 5107 5111 5106 5111 5110 5104 5105 5109 5104 5109 5108 5104 5108 5110 5104 5110 5106 5105 5107 5111 5105 5111 5109 5110 5111 5115 5110 5115 5114 5108 5109 5113 5108 5113 5112 5108 5112 5114 5108 5114 5110 5109 5111 5115 5109 5115 5113 5114 5115 5119 5114 5119 5118 5112 5113 5117 5112 5117 5116 5112 5116 5118 5112 5118 5114 5113 5115 5119 5113 5119 5117 5118 5119 5123 5118 5123 5122 5116 5117 5121 5116 5121 5120 5116 5120 5122 5116 5122 5118 5117 5119 5123 5117 5123 5121 5122 5123 5127 5122 5127 5126 5120 5121 5125 5120 5125 5124 5120 5124 5126 5120 5126 5122 5121 5123 5127 5121 5127 5125 5126 5127 5131 5126 5131 5130 5124 5125 5129 5124 5129 5128 5124 5128 5130 5124 5130 5126 5125 5127 5131 5125 5131 5129 5130 5131 5135 5130 5135 5134 5128 5129 5133 5128 5133 5132 5128 5132 5134 5128 5134 5130 5129 5131 5135 5129 5135 5133 5134 5135 5139 5134 5139 5138 5132 5133 5137 5132 5137 5136 5132 5136 5138 5132 5138 5134 5133 5135 5139 5133 5139 5137 5138 5139 5143 5138 5143 5142 5136 5137 5141 5136 5141 5140 5136 5140 5142 5136 5142 5138 5137 5139 5143 5137 5143 5141 5142 5143 5147 5142 5147 5146 5140 5141 5145 5140 5145 5144 5140 5144 5146 5140 5146 5142 5141 5143 5147 5141 5147 5145 5146 5147 5151 5146 5151 5150 5144 5145 5149 5144 5149 5148 5144 5148 5150 5144 5150 5146 5145 5147 5151 5145 5151 5149 5150 5151 5155 5150 5155 5154 5148 5149 5153 5148 5153 5152 5148 5152 5154 5148 5154 5150 5149 5151 5155 5149 5155 5153 5154 5155 5159 5154 5159 5158 5152 5153 5157 5152 5157 5156 5152 5156 5158 5152 5158 5154 5153 5155 5159 5153 5159 5157 5158 5159 5163 5158 5163 5162 5156 5157 5161 5156 5161 5160 5156 5160 5162 5156 5162 5158 5157 5159 5163 5157 5163 5161 5162 5163 5167 5162 5167 5166 5160 5161 5165 5160 5165 5164 5160 5164 5166 5160 5166 5162 5161 5163 5167 5161 5167 5165 5166 5167 5171 5166 5171 5170 5164 5165 5169 5164 5169 5168 5164 5168 5170 5164 5170 5166 5165 5167 5171 5165 5171 5169 5170 5171 5175 5170 5175 5174 5168 5169 5173 5168 5173 5172 5168 5172 5174 5168 5174 5170 5169 5171 5175 5169 5175 5173 5174 5175 5179 5174 5179 5178 5172 5173 5177 5172 5177 5176 5172 5176 5178 5172 5178 5174 5173 5175 5179 5173 5179 5177 5178 5179 5183 5178 5183 5182 5176 5177 5181 5176 5181 5180 5176 5180 5182 5176 5182 5178 5177 5179 5183 5177 5183 5181 5182 5183 5187 5182 5187 5186 5180 5181 5185 5180 5185 5184 5180 5184 5186 5180 5186 5182 5181 5183 5187 5181 5187 5185 5186 5187 5191 5186 5191 5190 5184 5185 5189 5184 5189 5188 5184 5188 5190 5184 5190 5186 5185 5187 5191 5185 5191 5189 5190 5191 5195 5190 5195 5194 5188 5189 5193 5188 5193 5192 5188 5192 5194 5188 5194 5190 5189 5191 5195 5189 5195 5193 5194 5195 5199 5194 5199 5198 5192 5193 5197 5192 5197 5196 5192 5196 5198 5192 5198 5194 5193 5195 5199 5193 5199 5197 5198 5199 5203 5198 5203 5202 5196 5197 5201 5196 5201 5200 5196 5200 5202 5196 5202 5198 5197 5199 5203 5197 5203 5201 5202 5203 5207 5202 5207 5206 5200 5201 5205 5200 5205 5204 5200 5204 5206 5200 5206 5202 5201 5203 5207 5201 5207 5205 5206 5207 5211 5206 5211 5210 5204 5205 5209 5204 5209 5208 5204 5208 5210 5204 5210 5206 5205 5207 5211 5205 5211 5209 5210 5211 5215 5210 5215 5214 5208 5209 5213 5208 5213 5212 5208 5212 5214 5208 5214 5210 5209 5211 5215 5209 5215 5213 5214 5215 5219 5214 5219 5218 5212 5213 5217 5212 5217 5216 5212 5216 5218 5212 5218 5214 5213 5215 5219 5213 5219 5217 5218 5219 5223 5218 5223 5222 5216 5217 5221 5216 5221 5220 5216 5220 5222 5216 5222 5218 5217 5219 5223 5217 5223 5221 5222 5223 5227 5222 5227 5226 5220 5221 5225 5220 5225 5224 5220 5224 5226 5220 5226 5222 5221 5223 5227 5221 5227 5225 5226 5227 5231 5226 5231 5230 5224 5225 5229 5224 5229 5228 5224 5228 5230 5224 5230 5226 5225 5227 5231 5225 5231 5229 5230 5231 5235 5230 5235 5234 5228 5229 5233 5228 5233 5232 5228 5232 5234 5228 5234 5230 5229 5231 5235 5229 5235 5233 5234 5235 5239 5234 5239 5238 5232 5233 5237 5232 5237 5236 5232 5236 5238 5232 5238 5234 5233 5235 5239 5233 5239 5237 5238 5239 5243 5238 5243 5242 5236 5237 5241 5236 5241 5240 5236 5240 5242 5236 5242 5238 5237 5239 5243 5237 5243 5241 5242 5243 5247 5242 5247 5246 5240 5241 5245 5240 5245 5244 5240 5244 5246 5240 5246 5242 5241 5243 5247 5241 5247 5245 5246 5247 5251 5246 5251 5250 5244 5245 5249 5244 5249 5248 5244 5248 5250 5244 5250 5246 5245 5247 5251 5245 5251 5249 5250 5251 5255 5250 5255 5254 5248 5249 5253 5248 5253 5252 5248 5252 5254 5248 5254 5250 5249 5251 5255 5249 5255 5253 5254 5255 5259 5254 5259 5258 5252 5253 5257 5252 5257 5256 5252 5256 5258 5252 5258 5254 5253 5255 5259 5253 5259 5257 5258 5259 5263 5258 5263 5262 5256 5257 5261 5256 5261 5260 5256 5260 5262 5256 5262 5258 5257 5259 5263 5257 5263 5261 5262 5263 5267 5262 5267 5266 5260 5261 5265 5260 5265 5264 5260 5264 5266 5260 5266 5262 5261 5263 5267 5261 5267 5265 5266 5267 5271 5266 5271 5270 5264 5265 5269 5264 5269 5268 5264 5268 5270 5264 5270 5266 5265 5267 5271 5265 5271 5269 5270 5271 5275 5270 5275 5274 5268 5269 5273 5268 5273 5272 5268 5272 5274 5268 5274 5270 5269 5271 5275 5269 5275 5273 5274 5275 5279 5274 5279 5278 5272 5273 5277 5272 5277 5276 5272 5276 5278 5272 5278 5274 5273 5275 5279 5273 5279 5277 5278 5279 5283 5278 5283 5282 5276 5277 5281 5276 5281 5280 5276 5280 5282 5276 5282 5278 5277 5279 5283 5277 5283 5281 5282 5283 5287 5282 5287 5286 5280 5281 5285 5280 5285 5284 5280 5284 5286 5280 5286 5282 5281 5283 5287 5281 5287 5285 5286 5287 5291 5286 5291 5290 5284 5285 5289 5284 5289 5288 5284 5288 5290 5284 5290 5286 5285 5287 5291 5285 5291 5289 5290 5291 5295 5290 5295 5294 5288 5289 5293 5288 5293 5292 5288 5292 5294 5288 5294 5290 5289 5291 5295 5289 5295 5293 5294 5295 5299 5294 5299 5298 5292 5293 5297 5292 5297 5296 5292 5296 5298 5292 5298 5294 5293 5295 5299 5293 5299 5297 5298 5299 5303 5298 5303 5302 5296 5297 5301 5296 5301 5300 5296 5300 5302 5296 5302 5298 5297 5299 5303 5297 5303 5301 5302 5303 5307 5302 5307 5306 5300 5301 5305 5300 5305 5304 5300 5304 5306 5300 5306 5302 5301 5303 5307 5301 5307 5305 5306 5307 5311 5306 5311 5310 5304 5305 5309 5304 5309 5308 5304 5308 5310 5304 5310 5306 5305 5307 5311 5305 5311 5309 5310 5311 5315 5310 5315 5314 5308 5309 5313 5308 5313 5312 5308 5312 5314 5308 5314 5310 5309 5311 5315 5309 5315 5313 5314 5315 5319 5314 5319 5318 5312 5313 5317 5312 5317 5316 5312 5316 5318 5312 5318 5314 5313 5315 5319 5313 5319 5317 5318 5319 5323 5318 5323 5322 5316 5317 5321 5316 5321 5320 5316 5320 5322 5316 5322 5318 5317 5319 5323 5317 5323 5321 5322 5323 5327 5322 5327 5326 5320 5321 5325 5320 5325 5324 5320 5324 5326 5320 5326 5322 5321 5323 5327 5321 5327 5325 5326 5327 5331 5326 5331 5330 5324 5325 5329 5324 5329 5328 5324 5328 5330 5324 5330 5326 5325 5327 5331 5325 5331 5329 5330 5331 5335 5330 5335 5334 5328 5329 5333 5328 5333 5332 5328 5332 5334 5328 5334 5330 5329 5331 5335 5329 5335 5333 5334 5335 5339 5334 5339 5338 5332 5333 5337 5332 5337 5336 5332 5336 5338 5332 5338 5334 5333 5335 5339 5333 5339 5337 5338 5339 5343 5338 5343 5342 5336 5337 5341 5336 5341 5340 5336 5340 5342 5336 5342 5338 5337 5339 5343 5337 5343 5341 5342 5343 5347 5342 5347 5346 5340 5341 5345 5340 5345 5344 5340 5344 5346 5340 5346 5342 5341 5343 5347 5341 5347 5345 5346 5347 5351 5346 5351 5350 5344 5345 5349 5344 5349 5348 5344 5348 5350 5344 5350 5346 5345 5347 5351 5345 5351 5349 5350 5351 5355 5350 5355 5354 5348 5349 5353 5348 5353 5352 5348 5352 5354 5348 5354 5350 5349 5351 5355 5349 5355 5353 5354 5355 5359 5354 5359 5358 5352 5353 5357 5352 5357 5356 5352 5356 5358 5352 5358 5354 5353 5355 5359 5353 5359 5357 5358 5359 5363 5358 5363 5362 5356 5357 5361 5356 5361 5360 5356 5360 5362 5356 5362 5358 5357 5359 5363 5357 5363 5361 5362 5363 5367 5362 5367 5366 5360 5361 5365 5360 5365 5364 5360 5364 5366 5360 5366 5362 5361 5363 5367 5361 5367 5365 5366 5367 5371 5366 5371 5370 5364 5365 5369 5364 5369 5368 5364 5368 5370 5364 5370 5366 5365 5367 5371 5365 5371 5369 5370 5371 5375 5370 5375 5374 5368 5369 5373 5368 5373 5372 5368 5372 5374 5368 5374 5370 5369 5371 5375 5369 5375 5373 5374 5375 5379 5374 5379 5378 5372 5373 5377 5372 5377 5376 5372 5376 5378 5372 5378 5374 5373 5375 5379 5373 5379 5377 5378 5379 5383 5378 5383 5382 5376 5377 5381 5376 5381 5380 5376 5380 5382 5376 5382 5378 5377 5379 5383 5377 5383 5381 5382 5383 5387 5382 5387 5386 5380 5381 5385 5380 5385 5384 5380 5384 5386 5380 5386 5382 5381 5383 5387 5381 5387 5385 5386 5387 5391 5386 5391 5390 5384 5385 5389 5384 5389 5388 5384 5388 5390 5384 5390 5386 5385 5387 5391 5385 5391 5389 5390 5391 5395 5390 5395 5394 5388 5389 5393 5388 5393 5392 5388 5392 5394 5388 5394 5390 5389 5391 5395 5389 5395 5393 5394 5395 5399 5394 5399 5398 5392 5393 5397 5392 5397 5396 5392 5396 5398 5392 5398 5394 5393 5395 5399 5393 5399 5397 5398 5399 5403 5398 5403 5402 5396 5397 5401 5396 5401 5400 5396 5400 5402 5396 5402 5398 5397 5399 5403 5397 5403 5401 5402 5403 5407 5402 5407 5406 5400 5401 5405 5400 5405 5404 5400 5404 5406 5400 5406 5402 5401 5403 5407 5401 5407 5405 5406 5407 5411 5406 5411 5410 5404 5405 5409 5404 5409 5408 5404 5408 5410 5404 5410 5406 5405 5407 5411 5405 5411 5409 5410 5411 5415 5410 5415 5414 5408 5409 5413 5408 5413 5412 5408 5412 5414 5408 5414 5410 5409 5411 5415 5409 5415 5413 5414 5415 5419 5414 5419 5418 5412 5413 5417 5412 5417 5416 5412 5416 5418 5412 5418 5414 5413 5415 5419 5413 5419 5417 5418 5419 5423 5418 5423 5422 5416 5417 5421 5416 5421 5420 5416 5420 5422 5416 5422 5418 5417 5419 5423 5417 5423 5421 5422 5423 5427 5422 5427 5426 5420 5421 5425 5420 5425 5424 5420 5424 5426 5420 5426 5422 5421 5423 5427 5421 5427 5425 5426 5427 5431 5426 5431 5430 5424 5425 5429 5424 5429 5428 5424 5428 5430 5424 5430 5426 5425 5427 5431 5425 5431 5429 5430 5431 5435 5430 5435 5434 5428 5429 5433 5428 5433 5432 5428 5432 5434 5428 5434 5430 5429 5431 5435 5429 5435 5433 5434 5435 5439 5434 5439 5438 5432 5433 5437 5432 5437 5436 5432 5436 5438 5432 5438 5434 5433 5435 5439 5433 5439 5437 5438 5439 5443 5438 5443 5442 5436 5437 5441 5436 5441 5440 5436 5440 5442 5436 5442 5438 5437 5439 5443 5437 5443 5441 5442 5443 5447 5442 5447 5446 5440 5441 5445 5440 5445 5444 5440 5444 5446 5440 5446 5442 5441 5443 5447 5441 5447 5445 5446 5447 5451 5446 5451 5450 5444 5445 5449 5444 5449 5448 5444 5448 5450 5444 5450 5446 5445 5447 5451 5445 5451 5449 5450 5451 5455 5450 5455 5454 5448 5449 5453 5448 5453 5452 5448 5452 5454 5448 5454 5450 5449 5451 5455 5449 5455 5453 5454 5455 5459 5454 5459 5458 5452 5453 5457 5452 5457 5456 5452 5456 5458 5452 5458 5454 5453 5455 5459 5453 5459 5457 5458 5459 5463 5458 5463 5462 5456 5457 5461 5456 5461 5460 5456 5460 5462 5456 5462 5458 5457 5459 5463 5457 5463 5461 5462 5463 5467 5462 5467 5466 5460 5461 5465 5460 5465 5464 5460 5464 5466 5460 5466 5462 5461 5463 5467 5461 5467 5465 5466 5467 5471 5466 5471 5470 5464 5465 5469 5464 5469 5468 5464 5468 5470 5464 5470 5466 5465 5467 5471 5465 5471 5469 5470 5471 5475 5470 5475 5474 5468 5469 5473 5468 5473 5472 5468 5472 5474 5468 5474 5470 5469 5471 5475 5469 5475 5473 5474 5475 5479 5474 5479 5478 5472 5473 5477 5472 5477 5476 5472 5476 5478 5472 5478 5474 5473 5475 5479 5473 5479 5477 5478 5479 5483 5478 5483 5482 5476 5477 5481 5476 5481 5480 5476 5480 5482 5476 5482 5478 5477 5479 5483 5477 5483 5481 5482 5483 5487 5482 5487 5486 5480 5481 5485 5480 5485 5484 5480 5484 5486 5480 5486 5482 5481 5483 5487 5481 5487 5485 5486 5487 5491 5486 5491 5490 5484 5485 5489 5484 5489 5488 5484 5488 5490 5484 5490 5486 5485 5487 5491 5485 5491 5489 5490 5491 5495 5490 5495 5494 5488 5489 5493 5488 5493 5492 5488 5492 5494 5488 5494 5490 5489 5491 5495 5489 5495 5493 5494 5495 5499 5494 5499 5498 5492 5493 5497 5492 5497 5496 5492 5496 5498 5492 5498 5494 5493 5495 5499 5493 5499 5497 5498 5499 5503 5498 5503 5502 5496 5497 5501 5496 5501 5500 5496 5500 5502 5496 5502 5498 5497 5499 5503 5497 5503 5501 5502 5503 5507 5502 5507 5506 5500 5501 5505 5500 5505 5504 5500 5504 5506 5500 5506 5502 5501 5503 5507 5501 5507 5505 5506 5507 5511 5506 5511 5510 5504 5505 5509 5504 5509 5508 5504 5508 5510 5504 5510 5506 5505 5507 5511 5505 5511 5509 5510 5511 5515 5510 5515 5514 5508 5509 5513 5508 5513 5512 5508 5512 5514 5508 5514 5510 5509 5511 5515 5509 5515 5513 5514 5515 5519 5514 5519 5518 5512 5513 5517 5512 5517 5516 5512 5516 5518 5512 5518 5514 5513 5515 5519 5513 5519 5517 5518 5519 5523 5518 5523 5522 5516 5517 5521 5516 5521 5520 5516 5520 5522 5516 5522 5518 5517 5519 5523 5517 5523 5521 5522 5523 5527 5522 5527 5526 5520 5521 5525 5520 5525 5524 5520 5524 5526 5520 5526 5522 5521 5523 5527 5521 5527 5525 5526 5527 5531 5526 5531 5530 5524 5525 5529 5524 5529 5528 5524 5528 5530 5524 5530 5526 5525 5527 5531 5525 5531 5529 5530 5531 5535 5530 5535 5534 5528 5529 5533 5528 5533 5532 5528 5532 5534 5528 5534 5530 5529 5531 5535 5529 5535 5533 5534 5535 5539 5534 5539 5538 5532 5533 5537 5532 5537 5536 5532 5536 5538 5532 5538 5534 5533 5535 5539 5533 5539 5537 5538 5539 5543 5538 5543 5542 5536 5537 5541 5536 5541 5540 5536 5540 5542 5536 5542 5538 5537 5539 5543 5537 5543 5541 5542 5543 5547 5542 5547 5546 5540 5541 5545 5540 5545 5544 5540 5544 5546 5540 5546 5542 5541 5543 5547 5541 5547 5545 5546 5547 5551 5546 5551 5550 5544 5545 5549 5544 5549 5548 5544 5548 5550 5544 5550 5546 5545 5547 5551 5545 5551 5549 5550 5551 5555 5550 5555 5554 5548 5549 5553 5548 5553 5552 5548 5552 5554 5548 5554 5550 5549 5551 5555 5549 5555 5553 5554 5555 5559 5554 5559 5558 5552 5553 5557 5552 5557 5556 5552 5556 5558 5552 5558 5554 5553 5555 5559 5553 5559 5557 5558 5559 5563 5558 5563 5562 5556 5557 5561 5556 5561 5560 5556 5560 5562 5556 5562 5558 5557 5559 5563 5557 5563 5561 5562 5563 5567 5562 5567 5566 5560 5561 5565 5560 5565 5564 5560 5564 5566 5560 5566 5562 5561 5563 5567 5561 5567 5565 5566 5567 5571 5566 5571 5570 5564 5565 5569 5564 5569 5568 5564 5568 5570 5564 5570 5566 5565 5567 5571 5565 5571 5569 5570 5571 5575 5570 5575 5574 5568 5569 5573 5568 5573 5572 5568 5572 5574 5568 5574 5570 5569 5571 5575 5569 5575 5573 5574 5575 5579 5574 5579 5578 5572 5573 5577 5572 5577 5576 5572 5576 5578 5572 5578 5574 5573 5575 5579 5573 5579 5577 5578 5579 5583 5578 5583 5582 5576 5577 5581 5576 5581 5580 5576 5580 5582 5576 5582 5578 5577 5579 5583 5577 5583 5581 5582 5583 5587 5582 5587 5586 5580 5581 5585 5580 5585 5584 5580 5584 5586 5580 5586 5582 5581 5583 5587 5581 5587 5585 5586 5587 5591 5586 5591 5590 5584 5585 5589 5584 5589 5588 5584 5588 5590 5584 5590 5586 5585 5587 5591 5585 5591 5589 5590 5591 5595 5590 5595 5594 5588 5589 5593 5588 5593 5592 5588 5592 5594 5588 5594 5590 5589 5591 5595 5589 5595 5593 5594 5595 5599 5594 5599 5598 5592 5593 5597 5592 5597 5596 5592 5596 5598 5592 5598 5594 5593 5595 5599 5593 5599 5597 5598 5599 5603 5598 5603 5602 5596 5597 5601 5596 5601 5600 5596 5600 5602 5596 5602 5598 5597 5599 5603 5597 5603 5601 5602 5603 5607 5602 5607 5606 5600 5601 5605 5600 5605 5604 5600 5604 5606 5600 5606 5602 5601 5603 5607 5601 5607 5605 5606 5607 5611 5606 5611 5610 5604 5605 5609 5604 5609 5608 5604 5608 5610 5604 5610 5606 5605 5607 5611 5605 5611 5609 5610 5611 5615 5610 5615 5614 5608 5609 5613 5608 5613 5612 5608 5612 5614 5608 5614 5610 5609 5611 5615 5609 5615 5613 5614 5615 5619 5614 5619 5618 5612 5613 5617 5612 5617 5616 5612 5616 5618 5612 5618 5614 5613 5615 5619 5613 5619 5617 5618 5619 5623 5618 5623 5622 5616 5617 5621 5616 5621 5620 5616 5620 5622 5616 5622 5618 5617 5619 5623 5617 5623 5621 5622 5623 5627 5622 5627 5626 5620 5621 5625 5620 5625 5624 5620 5624 5626 5620 5626 5622 5621 5623 5627 5621 5627 5625 5626 5627 5631 5626 5631 5630 5624 5625 5629 5624 5629 5628 5624 5628 5630 5624 5630 5626 5625 5627 5631 5625 5631 5629 5630 5631 5635 5630 5635 5634 5628 5629 5633 5628 5633 5632 5628 5632 5634 5628 5634 5630 5629 5631 5635 5629 5635 5633 5634 5635 5639 5634 5639 5638 5632 5633 5637 5632 5637 5636 5632 5636 5638 5632 5638 5634 5633 5635 5639 5633 5639 5637 5638 5639 5643 5638 5643 5642 5636 5637 5641 5636 5641 5640 5636 5640 5642 5636 5642 5638 5637 5639 5643 5637 5643 5641 5642 5643 5647 5642 5647 5646 5640 5641 5645 5640 5645 5644 5640 5644 5646 5640 5646 5642 5641 5643 5647 5641 5647 5645 5646 5647 5651 5646 5651 5650 5644 5645 5649 5644 5649 5648 5644 5648 5650 5644 5650 5646 5645 5647 5651 5645 5651 5649 5650 5651 5655 5650 5655 5654 5648 5649 5653 5648 5653 5652 5648 5652 5654 5648 5654 5650 5649 5651 5655 5649 5655 5653 5654 5655 5659 5654 5659 5658 5652 5653 5657 5652 5657 5656 5652 5656 5658 5652 5658 5654 5653 5655 5659 5653 5659 5657 5658 5659 5663 5658 5663 5662 5656 5657 5661 5656 5661 5660 5656 5660 5662 5656 5662 5658 5657 5659 5663 5657 5663 5661 5662 5663 5667 5662 5667 5666 5660 5661 5665 5660 5665 5664 5660 5664 5666 5660 5666 5662 5661 5663 5667 5661 5667 5665 5666 5667 5671 5666 5671 5670 5664 5665 5669 5664 5669 5668 5664 5668 5670 5664 5670 5666 5665 5667 5671 5665 5671 5669 5670 5671 5675 5670 5675 5674 5668 5669 5673 5668 5673 5672 5668 5672 5674 5668 5674 5670 5669 5671 5675 5669 5675 5673 5674 5675 5679 5674 5679 5678 5672 5673 5677 5672 5677 5676 5672 5676 5678 5672 5678 5674 5673 5675 5679 5673 5679 5677 5678 5679 5683 5678 5683 5682 5676 5677 5681 5676 5681 5680 5676 5680 5682 5676 5682 5678 5677 5679 5683 5677 5683 5681 5682 5683 5687 5682 5687 5686 5680 5681 5685 5680 5685 5684 5680 5684 5686 5680 5686 5682 5681 5683 5687 5681 5687 5685 5686 5687 2847 5686 2847 2846 5684 5685 2845 5684 2845 2844 5684 2844 2846 5684 2846 5686 5685 5687 2847 5685 2847 2845</p></triangles>
      </mesh>
    </geometry>
  </library_geometries>
  <library_visual_scenes><visual_scene id='cota_boundary_scene' name='COTA boundary strips'><node id='cota_boundary_strips'><instance_geometry url='#cota_boundary_strips_geometry'><bind_material><technique_common><instance_material symbol='boundary_white_material' target='#boundary_white_material'/></technique_common></bind_material></instance_geometry></node></visual_scene></library_visual_scenes>
  <scene><instance_visual_scene url='#cota_boundary_scene'/></scene>
</COLLADA>
