[0.000000] (-) TimerEvent: {}
[0.000083] (-) JobUnselected: {'identifier': 'eufs_launcher'}
[0.000108] (-) JobUnselected: {'identifier': 'eufs_models'}
[0.000131] (-) JobUnselected: {'identifier': 'eufs_plugins'}
[0.000148] (-) JobUnselected: {'identifier': 'eufs_racecar'}
[0.000210] (-) JobUnselected: {'identifier': 'eufs_rqt'}
[0.000229] (-) JobUnselected: {'identifier': 'eufs_sensors'}
[0.000244] (-) JobUnselected: {'identifier': 'eufs_tracks'}
[0.000259] (-) JobUnselected: {'identifier': 'gazebo_ros_battery'}
[0.000287] (eufs_msgs) JobQueued: {'identifier': 'eufs_msgs', 'dependencies': OrderedDict()}
[0.000331] (eufs_msgs) JobStarted: {'identifier': 'eufs_msgs'}
[0.005725] (eufs_msgs) JobProgress: {'identifier': 'eufs_msgs', 'progress': 'cmake'}
[0.005985] (eufs_msgs) Command: {'cmd': ['/usr/bin/cmake', '/home/gera/Desktop/EUFS_FORK_CONTAINERIZED/eufs-f1-sim/ws/src/eufs_msgs', '-DCMAKE_INSTALL_PREFIX=/home/gera/Desktop/EUFS_FORK_CONTAINERIZED/eufs-f1-sim/ws/install/eufs_msgs'], 'cwd': '/home/gera/Desktop/EUFS_FORK_CONTAINERIZED/eufs-f1-sim/ws/build/eufs_msgs', 'env': OrderedDict([('LESSOPEN', '| /usr/bin/lesspipe %s'), ('LANGUAGE', 'en_IN:en'), ('USER', 'gera'), ('XDG_SESSION_TYPE', 'x11'), ('CURSOR_RIPGREP_PATH', '/home/gera/.local/share/cursor-agent/versions/2026.09.10-fd3934a/rg'), ('SHLVL', '1'), ('LD_LIBRARY_PATH', '/usr/local/cuda-12.8/lib64:/home/gera/eufs_simulator/install/fmdv_msgs/lib:/home/gera/eufs_simulator/install/eufs_plugins/lib:/home/gera/eufs_simulator/install/eufs_models/lib:/home/gera/eufs_simulator/install/eufs_msgs/lib:/home/gera/zed2i_ros2/install/zed_ipc/lib:/home/gera/zed2i_ros2/install/zed_topic_benchmark_component/lib:/home/gera/zed2i_ros2/install/zed_topic_benchmark_interfaces/lib:/home/gera/zed2i_ros2/install/zed_rgb_convert/lib:/home/gera/zed2i_ros2/install/zed_aruco_localization/lib:/home/gera/zed2i_ros2/install/zed_components/lib:/home/gera/zed2i_ros2/install/rviz_plugin_zed_od/lib:/opt/ros/humble/opt/rviz_ogre_vendor/lib:/opt/ros/humble/lib/x86_64-linux-gnu:/opt/ros/humble/lib:/usr/local/cuda-12.8/lib64'), ('HOME', '/home/gera'), ('OLDPWD', '/home/gera/Desktop/EUFS_FORK_CONTAINERIZED/eufs-f1-sim/ws'), ('DESKTOP_SESSION', 'ubuntu-xorg'), ('CURSOR_AGENT_STORE_SHARED_PATHS', '{"user":{"path":"/run/user/1000/cursor_agent_stores/u351110900/files","readOnly":false}}'), ('ROS_PYTHON_VERSION', '3'), ('GNOME_SHELL_SESSION_MODE', 'ubuntu'), ('GTK_MODULES', 'gail:atk-bridge'), ('SYSTEMD_EXEC_PID', '2044'), ('NO_COLOR', '1'), ('DBUS_SESSION_BUS_ADDRESS', 'unix:path=/run/user/1000/bus'), ('COLORTERM', 'truecolor'), ('CURSOR_AGENT_STORE_FILES_DIR', '/run/user/1000/cursor_agent_stores/bc-eafff65d-f106-5942-b884-09a389a8a27b/files'), ('COLCON_PREFIX_PATH', '/home/gera/eufs_simulator/install:/home/gera/zed2i_ros2/install'), ('ROS_DISTRO', 'humble'), ('GTK_IM_MODULE', 'ibus'), ('LOGNAME', 'gera'), ('FORCE_COLOR', '0'), ('CURSOR_REQUEST_ID', 'fdb98065-3820-491b-ad4a-ad2e21bf209d'), ('EUFS_MASTER', '/home/gera/eufs_simulator'), ('_', '/usr/bin/colcon'), ('ROS_VERSION', '2'), ('XDG_SESSION_CLASS', 'user'), ('USERNAME', 'gera'), ('TERM', 'dumb'), ('GNOME_DESKTOP_SESSION_ID', 'this-is-deprecated'), ('NODE_COMPILE_CACHE', '/home/gera/.cache/cursor-compile-cache'), ('ROS_LOCALHOST_ONLY', '0'), ('WINDOWPATH', '2'), ('PATH', '/home/gera/.local/bin:/home/gera/.local/bin:/usr/local/cuda-12.8/bin:/home/gera/.local/share/cursor-agent/versions/2026.09.10-fd3934a:/opt/ros/humble/bin:/usr/local/cuda-12.8/bin:/home/gera/.local/bin:/usr/local/sbin:/usr/local/bin:/usr/sbin:/usr/bin:/sbin:/bin:/usr/games:/usr/local/games:/snap/bin:/snap/bin'), ('SESSION_MANAGER', 'local/kittygera:@/tmp/.ICE-unix/1703,unix/kittygera:/tmp/.ICE-unix/1703'), ('XDG_MENU_PREFIX', 'gnome-'), ('GNOME_TERMINAL_SCREEN', '/org/gnome/Terminal/screen/fd0f84ab_e1d6_491b_82f3_3d4d27f24752'), ('XDG_RUNTIME_DIR', '/run/user/1000'), ('AGENT_TRANSCRIPTS', '/home/gera/.cursor/projects/home-gera-Desktop-EUFS-FORK-CONTAINERIZED/agent-transcripts'), ('CURSOR_AGENT', '1'), ('DISPLAY', ':0'), ('LANG', 'en_US.UTF-8'), ('XDG_CURRENT_DESKTOP', 'ubuntu:GNOME'), ('XMODIFIERS', '@im=ibus'), ('XDG_SESSION_DESKTOP', 'ubuntu-xorg'), ('XAUTHORITY', '/run/user/1000/gdm/Xauthority'), ('LS_COLORS', ''), ('GNOME_TERMINAL_SERVICE', ':1.163'), ('SSH_AGENT_LAUNCHER', 'gnome-keyring'), ('SSH_AUTH_SOCK', '/run/user/1000/keyring/ssh'), ('AGENT_CLI_WORKER_SIGNAL_HANDLED', '1'), ('AMENT_PREFIX_PATH', '/home/gera/eufs_simulator/install/graph_slam:/home/gera/eufs_simulator/install/fmdv_monitor:/home/gera/eufs_simulator/install/fmdv_code:/home/gera/eufs_simulator/install/fmdv_msgs:/home/gera/eufs_simulator/install/eufs_launcher:/home/gera/eufs_simulator/install/eufs_tracks:/home/gera/eufs_simulator/install/eufs_sensors:/home/gera/eufs_simulator/install/eufs_rqt:/home/gera/eufs_simulator/install/eufs_racecar:/home/gera/eufs_simulator/install/eufs_plugins:/home/gera/eufs_simulator/install/eufs_models:/home/gera/eufs_simulator/install/eufs_msgs:/home/gera/zed2i_ros2/install/zed_ros2:/home/gera/zed2i_ros2/install/zed_robot_integration:/home/gera/zed2i_ros2/install/zed_ipc:/home/gera/zed2i_ros2/install/zed_multi_camera:/home/gera/zed2i_ros2/install/zed_display_rviz2:/home/gera/zed2i_ros2/install/zed_depth_to_laserscan:/home/gera/zed2i_ros2/install/zed_wrapper:/home/gera/zed2i_ros2/install/zed_tutorial_video:/home/gera/zed2i_ros2/install/zed_tutorial_pos_tracking:/home/gera/zed2i_ros2/install/zed_tutorial_depth:/home/gera/zed2i_ros2/install/zed_topic_benchmark:/home/gera/zed2i_ros2/install/zed_topic_benchmark_component:/home/gera/zed2i_ros2/install/zed_topic_benchmark_interfaces:/home/gera/zed2i_ros2/install/zed_rgb_convert:/home/gera/zed2i_ros2/install/zed_aruco_localization:/home/gera/zed2i_ros2/install/zed_components:/home/gera/zed2i_ros2/install/rviz_plugin_zed_od:/opt/ros/humble'), ('SHELL', '/bin/bash'), ('QT_ACCESSIBILITY', '1'), ('GDMSESSION', 'ubuntu-xorg'), ('LESSCLOSE', '/usr/bin/lesspipe %s %s'), ('GPG_AGENT_INFO', '/run/user/1000/gnupg/S.gpg-agent:0:1'), ('QT_IM_MODULE', 'ibus'), ('PWD', '/home/gera/Desktop/EUFS_FORK_CONTAINERIZED/eufs-f1-sim/ws/build/eufs_msgs'), ('LC_ALL', 'en_US.UTF-8'), ('XDG_CONFIG_DIRS', '/etc/xdg/xdg-ubuntu-xorg:/etc/xdg'), ('XDG_DATA_DIRS', '/usr/share/ubuntu-xorg:/usr/share/gnome:/usr/local/share/:/usr/share/:/var/lib/snapd/desktop'), ('CURSOR_CONVERSATION_ID', 'bc-eafff65d-f106-5942-b884-09a389a8a27b'), ('PYTHONPATH', '/home/gera/eufs_simulator/build/graph_slam:/home/gera/eufs_simulator/install/graph_slam/lib/python3.10/site-packages:/home/gera/eufs_simulator/build/fmdv_monitor:/home/gera/eufs_simulator/install/fmdv_monitor/lib/python3.10/site-packages:/home/gera/eufs_simulator/build/fmdv_code:/home/gera/eufs_simulator/install/fmdv_code/lib/python3.10/site-packages:/home/gera/eufs_simulator/install/fmdv_msgs/local/lib/python3.10/dist-packages:/home/gera/eufs_simulator/build/eufs_launcher/src:/home/gera/eufs_simulator/install/eufs_launcher/lib/python3.10/site-packages:/home/gera/eufs_simulator/build/eufs_tracks/src:/home/gera/eufs_simulator/install/eufs_tracks/lib/python3.10/site-packages:/home/gera/eufs_simulator/build/eufs_rqt/src:/home/gera/eufs_simulator/install/eufs_rqt/lib/python3.10/site-packages:/home/gera/eufs_simulator/build/eufs_racecar:/home/gera/eufs_simulator/install/eufs_racecar/lib/python3.10/site-packages:/home/gera/eufs_simulator/install/eufs_msgs/local/lib/python3.10/dist-packages:/home/gera/zed2i_ros2/install/zed_topic_benchmark_interfaces/local/lib/python3.10/dist-packages:/opt/ros/humble/lib/python3.10/site-packages:/opt/ros/humble/local/lib/python3.10/dist-packages'), ('GLOBAL_AGENT_ENVIRONMENT_VARIABLE_NAMESPACE', ''), ('COLCON', '1'), ('__CURSOR_SANDBOX_ENV_RESTORE', 'builtin unset CURSOR_CONVERSATION_ID CURSOR_REQUEST_ID CURSOR_AGENT_STORE_FILES_DIR CURSOR_AGENT_STORE_SHARED_PATHS 2>/dev/null || true; builtin export CURSOR_CONVERSATION_ID=\'bc-eafff65d-f106-5942-b884-09a389a8a27b\'; builtin export CURSOR_REQUEST_ID=\'fdb98065-3820-491b-ad4a-ad2e21bf209d\'; builtin export CURSOR_AGENT_STORE_FILES_DIR=\'/run/user/1000/cursor_agent_stores/bc-eafff65d-f106-5942-b884-09a389a8a27b/files\'; builtin export CURSOR_AGENT_STORE_SHARED_PATHS=\'{"user":{"path":"/run/user/1000/cursor_agent_stores/u351110900/files","readOnly":false}}\''), ('_ZO_DOCTOR', '0'), ('CURSOR_INVOKED_AS', 'agent'), ('VTE_VERSION', '6800'), ('CMAKE_PREFIX_PATH', '/home/gera/eufs_simulator/install/fmdv_msgs:/home/gera/eufs_simulator/install/eufs_sensors:/home/gera/eufs_simulator/install/eufs_plugins:/home/gera/eufs_simulator/install/eufs_models:/home/gera/eufs_simulator/install/eufs_msgs:/home/gera/zed2i_ros2/install/zed_ros2:/home/gera/zed2i_ros2/install/zed_robot_integration:/home/gera/zed2i_ros2/install/zed_ipc:/home/gera/zed2i_ros2/install/zed_multi_camera:/home/gera/zed2i_ros2/install/zed_display_rviz2:/home/gera/zed2i_ros2/install/zed_depth_to_laserscan:/home/gera/zed2i_ros2/install/zed_wrapper:/home/gera/zed2i_ros2/install/zed_tutorial_video:/home/gera/zed2i_ros2/install/zed_tutorial_pos_tracking:/home/gera/zed2i_ros2/install/zed_tutorial_depth:/home/gera/zed2i_ros2/install/zed_topic_benchmark:/home/gera/zed2i_ros2/install/zed_topic_benchmark_component:/home/gera/zed2i_ros2/install/zed_topic_benchmark_interfaces:/home/gera/zed2i_ros2/install/zed_rgb_convert:/home/gera/zed2i_ros2/install/zed_aruco_localization:/home/gera/zed2i_ros2/install/zed_components:/home/gera/zed2i_ros2/install/rviz_plugin_zed_od:/home/gera/eufs_simulator/install/graph_slam:/home/gera/eufs_simulator/install/fmdv_monitor:/home/gera/eufs_simulator/install/fmdv_code:/home/gera/eufs_simulator/install/eufs_launcher:/home/gera/eufs_simulator/install/eufs_tracks:/home/gera/eufs_simulator/install/eufs_rqt:/home/gera/eufs_simulator/install/eufs_racecar:/opt/ros/humble')]), 'shell': False}
[0.099347] (-) TimerEvent: {}
[0.199612] (-) TimerEvent: {}
[0.236579] (eufs_msgs) StdoutLine: {'line': b'-- The C compiler identification is GNU 11.4.0\n'}
[0.299770] (-) TimerEvent: {}
[0.380906] (eufs_msgs) StdoutLine: {'line': b'-- The CXX compiler identification is GNU 11.4.0\n'}
[0.397945] (eufs_msgs) StdoutLine: {'line': b'-- Detecting C compiler ABI info\n'}
[0.399893] (-) TimerEvent: {}
[0.500216] (-) TimerEvent: {}
[0.519446] (eufs_msgs) StdoutLine: {'line': b'-- Detecting C compiler ABI info - done\n'}
[0.531328] (eufs_msgs) StdoutLine: {'line': b'-- Check for working C compiler: /usr/bin/cc - skipped\n'}
[0.532120] (eufs_msgs) StdoutLine: {'line': b'-- Detecting C compile features\n'}
[0.533227] (eufs_msgs) StdoutLine: {'line': b'-- Detecting C compile features - done\n'}
[0.539846] (eufs_msgs) StdoutLine: {'line': b'-- Detecting CXX compiler ABI info\n'}
[0.600428] (-) TimerEvent: {}
[0.680702] (eufs_msgs) StdoutLine: {'line': b'-- Detecting CXX compiler ABI info - done\n'}
[0.692588] (eufs_msgs) StdoutLine: {'line': b'-- Check for working CXX compiler: /usr/bin/c++ - skipped\n'}
[0.693033] (eufs_msgs) StdoutLine: {'line': b'-- Detecting CXX compile features\n'}
[0.693676] (eufs_msgs) StdoutLine: {'line': b'-- Detecting CXX compile features - done\n'}
[0.700537] (-) TimerEvent: {}
[0.701360] (eufs_msgs) StdoutLine: {'line': b'-- Found ament_cmake: 1.3.12 (/opt/ros/humble/share/ament_cmake/cmake)\n'}
[0.800707] (-) TimerEvent: {}
[0.900960] (-) TimerEvent: {}
[0.919038] (eufs_msgs) StdoutLine: {'line': b'-- Found Python3: /usr/bin/python3 (found version "3.10.12") found components: Interpreter \n'}
[1.001187] (-) TimerEvent: {}
[1.066272] (eufs_msgs) StdoutLine: {'line': b'-- Found rosidl_default_generators: 1.2.0 (/opt/ros/humble/share/rosidl_default_generators/cmake)\n'}
[1.079925] (eufs_msgs) StdoutLine: {'line': b'-- Using all available rosidl_typesupport_c: rosidl_typesupport_fastrtps_c;rosidl_typesupport_introspection_c\n'}
[1.101297] (-) TimerEvent: {}
[1.102782] (eufs_msgs) StdoutLine: {'line': b'-- Found rosidl_adapter: 3.1.7 (/opt/ros/humble/share/rosidl_adapter/cmake)\n'}
[1.198550] (eufs_msgs) StdoutLine: {'line': b'-- Using all available rosidl_typesupport_cpp: rosidl_typesupport_fastrtps_cpp;rosidl_typesupport_introspection_cpp\n'}
[1.201387] (-) TimerEvent: {}
[1.270008] (eufs_msgs) StdoutLine: {'line': b'-- Found std_msgs: 4.9.0 (/opt/ros/humble/share/std_msgs/cmake)\n'}
[1.301599] (-) TimerEvent: {}
[1.330501] (eufs_msgs) StdoutLine: {'line': b'-- Found geometry_msgs: 4.9.0 (/opt/ros/humble/share/geometry_msgs/cmake)\n'}
[1.357158] (eufs_msgs) StdoutLine: {'line': b'-- Found sensor_msgs: 4.9.0 (/opt/ros/humble/share/sensor_msgs/cmake)\n'}
[1.401725] (-) TimerEvent: {}
[1.501965] (-) TimerEvent: {}
[1.602205] (-) TimerEvent: {}
[1.702434] (-) TimerEvent: {}
[1.802662] (-) TimerEvent: {}
[1.902852] (-) TimerEvent: {}
[2.003063] (-) TimerEvent: {}
[2.103266] (-) TimerEvent: {}
[2.119961] (eufs_msgs) StdoutLine: {'line': b'-- Found ament_cmake_ros: 0.10.0 (/opt/ros/humble/share/ament_cmake_ros/cmake)\n'}
[2.203401] (-) TimerEvent: {}
[2.303645] (-) TimerEvent: {}
[2.403873] (-) TimerEvent: {}
[2.504105] (-) TimerEvent: {}
[2.604340] (-) TimerEvent: {}
[2.633021] (eufs_msgs) StdoutLine: {'line': b'-- Using all available rosidl_typesupport_c: rosidl_typesupport_fastrtps_c;rosidl_typesupport_introspection_c\n'}
[2.704456] (-) TimerEvent: {}
[2.804691] (-) TimerEvent: {}
[2.904910] (-) TimerEvent: {}
[3.005157] (-) TimerEvent: {}
[3.105471] (-) TimerEvent: {}
[3.205738] (-) TimerEvent: {}
[3.294827] (eufs_msgs) StdoutLine: {'line': b'-- Using all available rosidl_typesupport_cpp: rosidl_typesupport_fastrtps_cpp;rosidl_typesupport_introspection_cpp\n'}
[3.305832] (-) TimerEvent: {}
[3.340575] (eufs_msgs) StdoutLine: {'line': b'-- Found PythonInterp: /usr/bin/python3 (found suitable version "3.10.12", minimum required is "3.6") \n'}
[3.348086] (eufs_msgs) StdoutLine: {'line': b'-- Found python_cmake_module: 0.10.0 (/opt/ros/humble/share/python_cmake_module/cmake)\n'}
[3.399336] (eufs_msgs) StdoutLine: {'line': b'-- Found PythonLibs: /usr/lib/x86_64-linux-gnu/libpython3.10.so (found suitable version "3.10.12", minimum required is "3.5") \n'}
[3.399612] (eufs_msgs) StdoutLine: {'line': b'-- Using PYTHON_EXECUTABLE: /usr/bin/python3\n'}
[3.399723] (eufs_msgs) StdoutLine: {'line': b'-- Using PYTHON_INCLUDE_DIRS: /usr/include/python3.10\n'}
[3.399820] (eufs_msgs) StdoutLine: {'line': b'-- Using PYTHON_LIBRARIES: /usr/lib/x86_64-linux-gnu/libpython3.10.so\n'}
[3.405942] (-) TimerEvent: {}
[3.439649] (eufs_msgs) StdoutLine: {'line': b'-- Found PythonExtra: .so  \n'}
[3.506197] (-) TimerEvent: {}
[3.606450] (-) TimerEvent: {}
[3.631279] (eufs_msgs) StdoutLine: {'line': b'-- Configuring done\n'}
[3.706602] (-) TimerEvent: {}
[3.806863] (-) TimerEvent: {}
[3.867253] (eufs_msgs) StdoutLine: {'line': b'-- Generating done\n'}
[3.900322] (eufs_msgs) StdoutLine: {'line': b'-- Build files have been written to: /home/gera/Desktop/EUFS_FORK_CONTAINERIZED/eufs-f1-sim/ws/build/eufs_msgs\n'}
[3.906992] (-) TimerEvent: {}
[3.915714] (eufs_msgs) CommandEnded: {'returncode': 0}
[3.918006] (eufs_msgs) JobProgress: {'identifier': 'eufs_msgs', 'progress': 'build'}
[3.918038] (eufs_msgs) Command: {'cmd': ['/usr/bin/cmake', '--build', '/home/gera/Desktop/EUFS_FORK_CONTAINERIZED/eufs-f1-sim/ws/build/eufs_msgs', '--', '-j20', '-l20'], 'cwd': '/home/gera/Desktop/EUFS_FORK_CONTAINERIZED/eufs-f1-sim/ws/build/eufs_msgs', 'env': OrderedDict([('LESSOPEN', '| /usr/bin/lesspipe %s'), ('LANGUAGE', 'en_IN:en'), ('USER', 'gera'), ('XDG_SESSION_TYPE', 'x11'), ('CURSOR_RIPGREP_PATH', '/home/gera/.local/share/cursor-agent/versions/2026.09.10-fd3934a/rg'), ('SHLVL', '1'), ('LD_LIBRARY_PATH', '/usr/local/cuda-12.8/lib64:/home/gera/eufs_simulator/install/fmdv_msgs/lib:/home/gera/eufs_simulator/install/eufs_plugins/lib:/home/gera/eufs_simulator/install/eufs_models/lib:/home/gera/eufs_simulator/install/eufs_msgs/lib:/home/gera/zed2i_ros2/install/zed_ipc/lib:/home/gera/zed2i_ros2/install/zed_topic_benchmark_component/lib:/home/gera/zed2i_ros2/install/zed_topic_benchmark_interfaces/lib:/home/gera/zed2i_ros2/install/zed_rgb_convert/lib:/home/gera/zed2i_ros2/install/zed_aruco_localization/lib:/home/gera/zed2i_ros2/install/zed_components/lib:/home/gera/zed2i_ros2/install/rviz_plugin_zed_od/lib:/opt/ros/humble/opt/rviz_ogre_vendor/lib:/opt/ros/humble/lib/x86_64-linux-gnu:/opt/ros/humble/lib:/usr/local/cuda-12.8/lib64'), ('HOME', '/home/gera'), ('OLDPWD', '/home/gera/Desktop/EUFS_FORK_CONTAINERIZED/eufs-f1-sim/ws'), ('DESKTOP_SESSION', 'ubuntu-xorg'), ('CURSOR_AGENT_STORE_SHARED_PATHS', '{"user":{"path":"/run/user/1000/cursor_agent_stores/u351110900/files","readOnly":false}}'), ('ROS_PYTHON_VERSION', '3'), ('GNOME_SHELL_SESSION_MODE', 'ubuntu'), ('GTK_MODULES', 'gail:atk-bridge'), ('SYSTEMD_EXEC_PID', '2044'), ('NO_COLOR', '1'), ('DBUS_SESSION_BUS_ADDRESS', 'unix:path=/run/user/1000/bus'), ('COLORTERM', 'truecolor'), ('CURSOR_AGENT_STORE_FILES_DIR', '/run/user/1000/cursor_agent_stores/bc-eafff65d-f106-5942-b884-09a389a8a27b/files'), ('COLCON_PREFIX_PATH', '/home/gera/eufs_simulator/install:/home/gera/zed2i_ros2/install'), ('ROS_DISTRO', 'humble'), ('GTK_IM_MODULE', 'ibus'), ('LOGNAME', 'gera'), ('FORCE_COLOR', '0'), ('CURSOR_REQUEST_ID', 'fdb98065-3820-491b-ad4a-ad2e21bf209d'), ('EUFS_MASTER', '/home/gera/eufs_simulator'), ('_', '/usr/bin/colcon'), ('ROS_VERSION', '2'), ('XDG_SESSION_CLASS', 'user'), ('USERNAME', 'gera'), ('TERM', 'dumb'), ('GNOME_DESKTOP_SESSION_ID', 'this-is-deprecated'), ('NODE_COMPILE_CACHE', '/home/gera/.cache/cursor-compile-cache'), ('ROS_LOCALHOST_ONLY', '0'), ('WINDOWPATH', '2'), ('PATH', '/home/gera/.local/bin:/home/gera/.local/bin:/usr/local/cuda-12.8/bin:/home/gera/.local/share/cursor-agent/versions/2026.09.10-fd3934a:/opt/ros/humble/bin:/usr/local/cuda-12.8/bin:/home/gera/.local/bin:/usr/local/sbin:/usr/local/bin:/usr/sbin:/usr/bin:/sbin:/bin:/usr/games:/usr/local/games:/snap/bin:/snap/bin'), ('SESSION_MANAGER', 'local/kittygera:@/tmp/.ICE-unix/1703,unix/kittygera:/tmp/.ICE-unix/1703'), ('XDG_MENU_PREFIX', 'gnome-'), ('GNOME_TERMINAL_SCREEN', '/org/gnome/Terminal/screen/fd0f84ab_e1d6_491b_82f3_3d4d27f24752'), ('XDG_RUNTIME_DIR', '/run/user/1000'), ('AGENT_TRANSCRIPTS', '/home/gera/.cursor/projects/home-gera-Desktop-EUFS-FORK-CONTAINERIZED/agent-transcripts'), ('CURSOR_AGENT', '1'), ('DISPLAY', ':0'), ('LANG', 'en_US.UTF-8'), ('XDG_CURRENT_DESKTOP', 'ubuntu:GNOME'), ('XMODIFIERS', '@im=ibus'), ('XDG_SESSION_DESKTOP', 'ubuntu-xorg'), ('XAUTHORITY', '/run/user/1000/gdm/Xauthority'), ('LS_COLORS', ''), ('GNOME_TERMINAL_SERVICE', ':1.163'), ('SSH_AGENT_LAUNCHER', 'gnome-keyring'), ('SSH_AUTH_SOCK', '/run/user/1000/keyring/ssh'), ('AGENT_CLI_WORKER_SIGNAL_HANDLED', '1'), ('AMENT_PREFIX_PATH', '/home/gera/eufs_simulator/install/graph_slam:/home/gera/eufs_simulator/install/fmdv_monitor:/home/gera/eufs_simulator/install/fmdv_code:/home/gera/eufs_simulator/install/fmdv_msgs:/home/gera/eufs_simulator/install/eufs_launcher:/home/gera/eufs_simulator/install/eufs_tracks:/home/gera/eufs_simulator/install/eufs_sensors:/home/gera/eufs_simulator/install/eufs_rqt:/home/gera/eufs_simulator/install/eufs_racecar:/home/gera/eufs_simulator/install/eufs_plugins:/home/gera/eufs_simulator/install/eufs_models:/home/gera/eufs_simulator/install/eufs_msgs:/home/gera/zed2i_ros2/install/zed_ros2:/home/gera/zed2i_ros2/install/zed_robot_integration:/home/gera/zed2i_ros2/install/zed_ipc:/home/gera/zed2i_ros2/install/zed_multi_camera:/home/gera/zed2i_ros2/install/zed_display_rviz2:/home/gera/zed2i_ros2/install/zed_depth_to_laserscan:/home/gera/zed2i_ros2/install/zed_wrapper:/home/gera/zed2i_ros2/install/zed_tutorial_video:/home/gera/zed2i_ros2/install/zed_tutorial_pos_tracking:/home/gera/zed2i_ros2/install/zed_tutorial_depth:/home/gera/zed2i_ros2/install/zed_topic_benchmark:/home/gera/zed2i_ros2/install/zed_topic_benchmark_component:/home/gera/zed2i_ros2/install/zed_topic_benchmark_interfaces:/home/gera/zed2i_ros2/install/zed_rgb_convert:/home/gera/zed2i_ros2/install/zed_aruco_localization:/home/gera/zed2i_ros2/install/zed_components:/home/gera/zed2i_ros2/install/rviz_plugin_zed_od:/opt/ros/humble'), ('SHELL', '/bin/bash'), ('QT_ACCESSIBILITY', '1'), ('GDMSESSION', 'ubuntu-xorg'), ('LESSCLOSE', '/usr/bin/lesspipe %s %s'), ('GPG_AGENT_INFO', '/run/user/1000/gnupg/S.gpg-agent:0:1'), ('QT_IM_MODULE', 'ibus'), ('PWD', '/home/gera/Desktop/EUFS_FORK_CONTAINERIZED/eufs-f1-sim/ws/build/eufs_msgs'), ('LC_ALL', 'en_US.UTF-8'), ('XDG_CONFIG_DIRS', '/etc/xdg/xdg-ubuntu-xorg:/etc/xdg'), ('XDG_DATA_DIRS', '/usr/share/ubuntu-xorg:/usr/share/gnome:/usr/local/share/:/usr/share/:/var/lib/snapd/desktop'), ('CURSOR_CONVERSATION_ID', 'bc-eafff65d-f106-5942-b884-09a389a8a27b'), ('PYTHONPATH', '/home/gera/eufs_simulator/build/graph_slam:/home/gera/eufs_simulator/install/graph_slam/lib/python3.10/site-packages:/home/gera/eufs_simulator/build/fmdv_monitor:/home/gera/eufs_simulator/install/fmdv_monitor/lib/python3.10/site-packages:/home/gera/eufs_simulator/build/fmdv_code:/home/gera/eufs_simulator/install/fmdv_code/lib/python3.10/site-packages:/home/gera/eufs_simulator/install/fmdv_msgs/local/lib/python3.10/dist-packages:/home/gera/eufs_simulator/build/eufs_launcher/src:/home/gera/eufs_simulator/install/eufs_launcher/lib/python3.10/site-packages:/home/gera/eufs_simulator/build/eufs_tracks/src:/home/gera/eufs_simulator/install/eufs_tracks/lib/python3.10/site-packages:/home/gera/eufs_simulator/build/eufs_rqt/src:/home/gera/eufs_simulator/install/eufs_rqt/lib/python3.10/site-packages:/home/gera/eufs_simulator/build/eufs_racecar:/home/gera/eufs_simulator/install/eufs_racecar/lib/python3.10/site-packages:/home/gera/eufs_simulator/install/eufs_msgs/local/lib/python3.10/dist-packages:/home/gera/zed2i_ros2/install/zed_topic_benchmark_interfaces/local/lib/python3.10/dist-packages:/opt/ros/humble/lib/python3.10/site-packages:/opt/ros/humble/local/lib/python3.10/dist-packages'), ('GLOBAL_AGENT_ENVIRONMENT_VARIABLE_NAMESPACE', ''), ('COLCON', '1'), ('__CURSOR_SANDBOX_ENV_RESTORE', 'builtin unset CURSOR_CONVERSATION_ID CURSOR_REQUEST_ID CURSOR_AGENT_STORE_FILES_DIR CURSOR_AGENT_STORE_SHARED_PATHS 2>/dev/null || true; builtin export CURSOR_CONVERSATION_ID=\'bc-eafff65d-f106-5942-b884-09a389a8a27b\'; builtin export CURSOR_REQUEST_ID=\'fdb98065-3820-491b-ad4a-ad2e21bf209d\'; builtin export CURSOR_AGENT_STORE_FILES_DIR=\'/run/user/1000/cursor_agent_stores/bc-eafff65d-f106-5942-b884-09a389a8a27b/files\'; builtin export CURSOR_AGENT_STORE_SHARED_PATHS=\'{"user":{"path":"/run/user/1000/cursor_agent_stores/u351110900/files","readOnly":false}}\''), ('_ZO_DOCTOR', '0'), ('CURSOR_INVOKED_AS', 'agent'), ('VTE_VERSION', '6800'), ('CMAKE_PREFIX_PATH', '/home/gera/eufs_simulator/install/fmdv_msgs:/home/gera/eufs_simulator/install/eufs_sensors:/home/gera/eufs_simulator/install/eufs_plugins:/home/gera/eufs_simulator/install/eufs_models:/home/gera/eufs_simulator/install/eufs_msgs:/home/gera/zed2i_ros2/install/zed_ros2:/home/gera/zed2i_ros2/install/zed_robot_integration:/home/gera/zed2i_ros2/install/zed_ipc:/home/gera/zed2i_ros2/install/zed_multi_camera:/home/gera/zed2i_ros2/install/zed_display_rviz2:/home/gera/zed2i_ros2/install/zed_depth_to_laserscan:/home/gera/zed2i_ros2/install/zed_wrapper:/home/gera/zed2i_ros2/install/zed_tutorial_video:/home/gera/zed2i_ros2/install/zed_tutorial_pos_tracking:/home/gera/zed2i_ros2/install/zed_tutorial_depth:/home/gera/zed2i_ros2/install/zed_topic_benchmark:/home/gera/zed2i_ros2/install/zed_topic_benchmark_component:/home/gera/zed2i_ros2/install/zed_topic_benchmark_interfaces:/home/gera/zed2i_ros2/install/zed_rgb_convert:/home/gera/zed2i_ros2/install/zed_aruco_localization:/home/gera/zed2i_ros2/install/zed_components:/home/gera/zed2i_ros2/install/rviz_plugin_zed_od:/home/gera/eufs_simulator/install/graph_slam:/home/gera/eufs_simulator/install/fmdv_monitor:/home/gera/eufs_simulator/install/fmdv_code:/home/gera/eufs_simulator/install/eufs_launcher:/home/gera/eufs_simulator/install/eufs_tracks:/home/gera/eufs_simulator/install/eufs_rqt:/home/gera/eufs_simulator/install/eufs_racecar:/opt/ros/humble')]), 'shell': False}
[3.990998] (eufs_msgs) StdoutLine: {'line': b'[  0%] Generating C code for ROS interfaces\n'}
[4.008368] (-) TimerEvent: {}
[4.018793] (eufs_msgs) StdoutLine: {'line': b'[  0%] Generating C++ code for ROS interfaces\n'}
[4.028889] (eufs_msgs) StdoutLine: {'line': b'[  0%] Built target ament_cmake_python_copy_eufs_msgs\n'}
[4.108516] (-) TimerEvent: {}
[4.208754] (-) TimerEvent: {}
[4.248452] (eufs_msgs) StdoutLine: {'line': b'running egg_info\n'}
[4.248786] (eufs_msgs) StdoutLine: {'line': b'creating eufs_msgs.egg-info\n'}
[4.248906] (eufs_msgs) StdoutLine: {'line': b'writing eufs_msgs.egg-info/PKG-INFO\n'}
[4.249003] (eufs_msgs) StdoutLine: {'line': b'writing dependency_links to eufs_msgs.egg-info/dependency_links.txt\n'}
[4.249074] (eufs_msgs) StdoutLine: {'line': b'writing top-level names to eufs_msgs.egg-info/top_level.txt\n'}
[4.249149] (eufs_msgs) StdoutLine: {'line': b"writing manifest file 'eufs_msgs.egg-info/SOURCES.txt'\n"}
[4.250292] (eufs_msgs) StdoutLine: {'line': b"reading manifest file 'eufs_msgs.egg-info/SOURCES.txt'\n"}
[4.250574] (eufs_msgs) StdoutLine: {'line': b"writing manifest file 'eufs_msgs.egg-info/SOURCES.txt'\n"}
[4.271343] (eufs_msgs) StdoutLine: {'line': b'[  0%] Built target ament_cmake_python_build_eufs_msgs_egg\n'}
[4.308865] (-) TimerEvent: {}
[4.409017] (-) TimerEvent: {}
[4.509207] (-) TimerEvent: {}
[4.609352] (-) TimerEvent: {}
[4.709506] (-) TimerEvent: {}
[4.809703] (-) TimerEvent: {}
[4.909866] (-) TimerEvent: {}
[5.010013] (-) TimerEvent: {}
[5.110221] (-) TimerEvent: {}
[5.210361] (-) TimerEvent: {}
[5.310549] (-) TimerEvent: {}
[5.410849] (-) TimerEvent: {}
[5.511069] (-) TimerEvent: {}
[5.611219] (-) TimerEvent: {}
[5.711368] (-) TimerEvent: {}
[5.811604] (-) TimerEvent: {}
[5.911860] (-) TimerEvent: {}
[6.012082] (-) TimerEvent: {}
[6.112241] (-) TimerEvent: {}
[6.212391] (-) TimerEvent: {}
[6.312553] (-) TimerEvent: {}
[6.412770] (-) TimerEvent: {}
[6.513004] (-) TimerEvent: {}
[6.613221] (-) TimerEvent: {}
[6.713392] (-) TimerEvent: {}
[6.813656] (-) TimerEvent: {}
[6.913846] (-) TimerEvent: {}
[7.014003] (-) TimerEvent: {}
[7.116252] (-) TimerEvent: {}
[7.161119] (eufs_msgs) StdoutLine: {'line': b'[  0%] Built target eufs_msgs__cpp\n'}
[7.174550] (eufs_msgs) StdoutLine: {'line': b'[  0%] Generating C++ type support for eProsima Fast-RTPS\n'}
[7.174786] (eufs_msgs) StdoutLine: {'line': b'[  0%] Generating C++ type support dispatch for ROS interfaces\n'}
[7.174879] (eufs_msgs) StdoutLine: {'line': b'[  0%] Generating C++ introspection for ROS interfaces\n'}
[7.216472] (-) TimerEvent: {}
[7.318250] (-) TimerEvent: {}
[7.357131] (eufs_msgs) StdoutLine: {'line': b'[  0%] Building C object CMakeFiles/eufs_msgs__rosidl_generator_c.dir/rosidl_generator_c/eufs_msgs/msg/detail/car_forces__functions.c.o\n'}
[7.357333] (eufs_msgs) StdoutLine: {'line': b'[  0%] Building C object CMakeFiles/eufs_msgs__rosidl_generator_c.dir/rosidl_generator_c/eufs_msgs/msg/detail/chassis_state__functions.c.o\n'}
[7.357399] (eufs_msgs) StdoutLine: {'line': b'[  1%] Building C object CMakeFiles/eufs_msgs__rosidl_generator_c.dir/rosidl_generator_c/eufs_msgs/msg/detail/car_state__functions.c.o\n'}
[7.357451] (eufs_msgs) StdoutLine: {'line': b'[  1%] Building C object CMakeFiles/eufs_msgs__rosidl_generator_c.dir/rosidl_generator_c/eufs_msgs/msg/detail/cone_array__functions.c.o\n'}
[7.357499] (eufs_msgs) StdoutLine: {'line': b'[  1%] Building C object CMakeFiles/eufs_msgs__rosidl_generator_c.dir/rosidl_generator_c/eufs_msgs/msg/detail/bounding_box__functions.c.o\n'}
[7.357545] (eufs_msgs) StdoutLine: {'line': b'[  1%] Building C object CMakeFiles/eufs_msgs__rosidl_generator_c.dir/rosidl_generator_c/eufs_msgs/msg/detail/bounding_boxes__functions.c.o\n'}
[7.357591] (eufs_msgs) StdoutLine: {'line': b'[  1%] Building C object CMakeFiles/eufs_msgs__rosidl_generator_c.dir/rosidl_generator_c/eufs_msgs/msg/detail/cone_array_with_covariance__functions.c.o\n'}
[7.357638] (eufs_msgs) StdoutLine: {'line': b'[  2%] Building C object CMakeFiles/eufs_msgs__rosidl_generator_c.dir/rosidl_generator_c/eufs_msgs/msg/detail/can_state__functions.c.o\n'}
[7.357962] (eufs_msgs) StdoutLine: {'line': b'[  2%] Building C object CMakeFiles/eufs_msgs__rosidl_generator_c.dir/rosidl_generator_c/eufs_msgs/msg/detail/cone_with_color_probability_array__functions.c.o\n'}
[7.358118] (eufs_msgs) StdoutLine: {'line': b'[  2%] Building C object CMakeFiles/eufs_msgs__rosidl_generator_c.dir/rosidl_generator_c/eufs_msgs/msg/detail/chassis_command__functions.c.o\n'}
[7.358214] (eufs_msgs) StdoutLine: {'line': b'[  3%] Building C object CMakeFiles/eufs_msgs__rosidl_generator_c.dir/rosidl_generator_c/eufs_msgs/msg/detail/cone_with_covariance__functions.c.o\n'}
[7.358307] (eufs_msgs) StdoutLine: {'line': b'[  3%] Building C object CMakeFiles/eufs_msgs__rosidl_generator_c.dir/rosidl_generator_c/eufs_msgs/msg/detail/cone_association_array__functions.c.o\n'}
[7.358380] (eufs_msgs) StdoutLine: {'line': b'[  3%] Building C object CMakeFiles/eufs_msgs__rosidl_generator_c.dir/rosidl_generator_c/eufs_msgs/msg/detail/cone_with_color_probability__functions.c.o\n'}
[7.360718] (eufs_msgs) StdoutLine: {'line': b'[  3%] Building C object CMakeFiles/eufs_msgs__rosidl_generator_c.dir/rosidl_generator_c/eufs_msgs/msg/detail/cone_association_array_array_stamped__functions.c.o\n'}
[7.361929] (eufs_msgs) StdoutLine: {'line': b'[  3%] Building C object CMakeFiles/eufs_msgs__rosidl_generator_c.dir/rosidl_generator_c/eufs_msgs/msg/detail/cone_association__functions.c.o\n'}
[7.364415] (eufs_msgs) StdoutLine: {'line': b'[  3%] Building C object CMakeFiles/eufs_msgs__rosidl_generator_c.dir/rosidl_generator_c/eufs_msgs/msg/detail/cone_association_array_stamped__functions.c.o\n'}
[7.364616] (eufs_msgs) StdoutLine: {'line': b'[  3%] Building C object CMakeFiles/eufs_msgs__rosidl_generator_c.dir/rosidl_generator_c/eufs_msgs/msg/detail/costmap__functions.c.o\n'}
[7.418347] (-) TimerEvent: {}
[7.433047] (eufs_msgs) StdoutLine: {'line': b'[  4%] Building C object CMakeFiles/eufs_msgs__rosidl_generator_c.dir/rosidl_generator_c/eufs_msgs/msg/detail/cpu_usage__functions.c.o\n'}
[7.433222] (eufs_msgs) StdoutLine: {'line': b'[  4%] Building C object CMakeFiles/eufs_msgs__rosidl_generator_c.dir/rosidl_generator_c/eufs_msgs/msg/detail/ekf_state__functions.c.o\n'}
[7.433289] (eufs_msgs) StdoutLine: {'line': b'[  4%] Building C object CMakeFiles/eufs_msgs__rosidl_generator_c.dir/rosidl_generator_c/eufs_msgs/msg/detail/cpu_status__functions.c.o\n'}
[7.433334] (eufs_msgs) StdoutLine: {'line': b'[  4%] Building C object CMakeFiles/eufs_msgs__rosidl_generator_c.dir/rosidl_generator_c/eufs_msgs/msg/detail/full_state__functions.c.o\n'}
[7.433377] (eufs_msgs) StdoutLine: {'line': b'[  4%] Building C object CMakeFiles/eufs_msgs__rosidl_generator_c.dir/rosidl_generator_c/eufs_msgs/msg/detail/ekf_err__functions.c.o\n'}
[7.435981] (eufs_msgs) StdoutLine: {'line': b'[  4%] Building C object CMakeFiles/eufs_msgs__rosidl_generator_c.dir/rosidl_generator_c/eufs_msgs/msg/detail/mpc_state__functions.c.o\n'}
[7.436143] (eufs_msgs) StdoutLine: {'line': b'[  4%] Building C object CMakeFiles/eufs_msgs__rosidl_generator_c.dir/rosidl_generator_c/eufs_msgs/msg/detail/integration_err__functions.c.o\n'}
[7.436225] (eufs_msgs) StdoutLine: {'line': b'[  4%] Building C object CMakeFiles/eufs_msgs__rosidl_generator_c.dir/rosidl_generator_c/eufs_msgs/msg/detail/heartbeat__functions.c.o\n'}
[7.436408] (eufs_msgs) StdoutLine: {'line': b'[  5%] Building C object CMakeFiles/eufs_msgs__rosidl_generator_c.dir/rosidl_generator_c/eufs_msgs/msg/detail/lap_stats__functions.c.o\n'}
[7.436529] (eufs_msgs) StdoutLine: {'line': b'[  5%] Building C object CMakeFiles/eufs_msgs__rosidl_generator_c.dir/rosidl_generator_c/eufs_msgs/msg/detail/node_state_array__functions.c.o\n'}
[7.436786] (eufs_msgs) StdoutLine: {'line': b'[  5%] Building C object CMakeFiles/eufs_msgs__rosidl_generator_c.dir/rosidl_generator_c/eufs_msgs/msg/detail/oss__functions.c.o\n'}
[7.439694] (eufs_msgs) StdoutLine: {'line': b'[  6%] Building C object CMakeFiles/eufs_msgs__rosidl_generator_c.dir/rosidl_generator_c/eufs_msgs/msg/detail/particle_slam_stamped__functions.c.o\n'}
[7.439851] (eufs_msgs) StdoutLine: {'line': b'[  6%] Building C object CMakeFiles/eufs_msgs__rosidl_generator_c.dir/rosidl_generator_c/eufs_msgs/msg/detail/particle_slam__functions.c.o\n'}
[7.439919] (eufs_msgs) StdoutLine: {'line': b'[  6%] Building C object CMakeFiles/eufs_msgs__rosidl_generator_c.dir/rosidl_generator_c/eufs_msgs/msg/detail/particle__functions.c.o\n'}
[7.440806] (eufs_msgs) StdoutLine: {'line': b'[  6%] Building C object CMakeFiles/eufs_msgs__rosidl_generator_c.dir/rosidl_generator_c/eufs_msgs/msg/detail/node_state__functions.c.o\n'}
[7.440984] (eufs_msgs) StdoutLine: {'line': b'[  6%] Building C object CMakeFiles/eufs_msgs__rosidl_generator_c.dir/rosidl_generator_c/eufs_msgs/msg/detail/particle_stamped__functions.c.o\n'}
[7.446256] (eufs_msgs) StdoutLine: {'line': b'[  6%] Building C object CMakeFiles/eufs_msgs__rosidl_generator_c.dir/rosidl_generator_c/eufs_msgs/msg/detail/path_integral_params__functions.c.o\n'}
[7.491248] (eufs_msgs) StdoutLine: {'line': b'[  6%] Building C object CMakeFiles/eufs_msgs__rosidl_generator_c.dir/rosidl_generator_c/eufs_msgs/msg/detail/path_integral_stats__functions.c.o\n'}
[7.491508] (eufs_msgs) StdoutLine: {'line': b'[  6%] Building C object CMakeFiles/eufs_msgs__rosidl_generator_c.dir/rosidl_generator_c/eufs_msgs/msg/detail/path_integral_timing__functions.c.o\n'}
[7.491610] (eufs_msgs) StdoutLine: {'line': b'[  6%] Building C object CMakeFiles/eufs_msgs__rosidl_generator_c.dir/rosidl_generator_c/eufs_msgs/msg/detail/planning_mode__functions.c.o\n'}
[7.491712] (eufs_msgs) StdoutLine: {'line': b'[  7%] Building C object CMakeFiles/eufs_msgs__rosidl_generator_c.dir/rosidl_generator_c/eufs_msgs/msg/detail/path_integral_status__functions.c.o\n'}
[7.495898] (eufs_msgs) StdoutLine: {'line': b'[  8%] Building C object CMakeFiles/eufs_msgs__rosidl_generator_c.dir/rosidl_generator_c/eufs_msgs/msg/detail/pure_pursuit_checkpoint__functions.c.o\n'}
[7.496112] (eufs_msgs) StdoutLine: {'line': b'[  8%] Building C object CMakeFiles/eufs_msgs__rosidl_generator_c.dir/rosidl_generator_c/eufs_msgs/msg/detail/point_array_stamped__functions.c.o\n'}
[7.501090] (eufs_msgs) StdoutLine: {'line': b'[  8%] Building C object CMakeFiles/eufs_msgs__rosidl_generator_c.dir/rosidl_generator_c/eufs_msgs/msg/detail/point_array__functions.c.o\n'}
[7.501301] (eufs_msgs) StdoutLine: {'line': b'[  8%] Building C object CMakeFiles/eufs_msgs__rosidl_generator_c.dir/rosidl_generator_c/eufs_msgs/msg/detail/pure_pursuit_checkpoint_array_stamped__functions.c.o\n'}
[7.501390] (eufs_msgs) StdoutLine: {'line': b'[  8%] Building C object CMakeFiles/eufs_msgs__rosidl_generator_c.dir/rosidl_generator_c/eufs_msgs/msg/detail/runstop__functions.c.o\n'}
[7.501466] (eufs_msgs) StdoutLine: {'line': b'[  8%] Building C object CMakeFiles/eufs_msgs__rosidl_generator_c.dir/rosidl_generator_c/eufs_msgs/msg/detail/slam_err__functions.c.o\n'}
[7.506494] (eufs_msgs) StdoutLine: {'line': b'[  8%] Building C object CMakeFiles/eufs_msgs__rosidl_generator_c.dir/rosidl_generator_c/eufs_msgs/msg/detail/slam_state__functions.c.o\n'}
[7.506695] (eufs_msgs) StdoutLine: {'line': b'[  9%] Building C object CMakeFiles/eufs_msgs__rosidl_generator_c.dir/rosidl_generator_c/eufs_msgs/msg/detail/state_machine_state__functions.c.o\n'}
[7.506793] (eufs_msgs) StdoutLine: {'line': b'[  9%] Building C object CMakeFiles/eufs_msgs__rosidl_generator_c.dir/rosidl_generator_c/eufs_msgs/msg/detail/stereo_image__functions.c.o\n'}
[7.516320] (eufs_msgs) StdoutLine: {'line': b'[  9%] Building C object CMakeFiles/eufs_msgs__rosidl_generator_c.dir/rosidl_generator_c/eufs_msgs/msg/detail/system_status__functions.c.o\n'}
[7.518435] (-) TimerEvent: {}
[7.525445] (eufs_msgs) StdoutLine: {'line': b'[  9%] Building C object CMakeFiles/eufs_msgs__rosidl_generator_c.dir/rosidl_generator_c/eufs_msgs/msg/detail/topic_status__functions.c.o\n'}
[7.531721] (eufs_msgs) StdoutLine: {'line': b'[  9%] Building C object CMakeFiles/eufs_msgs__rosidl_generator_c.dir/rosidl_generator_c/eufs_msgs/msg/detail/vehicle_commands__functions.c.o\n'}
[7.541526] (eufs_msgs) StdoutLine: {'line': b'[  9%] Building C object CMakeFiles/eufs_msgs__rosidl_generator_c.dir/rosidl_generator_c/eufs_msgs/msg/detail/vehicle_commands_stamped__functions.c.o\n'}
[7.546864] (eufs_msgs) StdoutLine: {'line': b'[ 10%] Building C object CMakeFiles/eufs_msgs__rosidl_generator_c.dir/rosidl_generator_c/eufs_msgs/msg/detail/waypoint__functions.c.o\n'}
[7.550071] (eufs_msgs) StdoutLine: {'line': b'[ 10%] Building C object CMakeFiles/eufs_msgs__rosidl_generator_c.dir/rosidl_generator_c/eufs_msgs/msg/detail/waypoint_array_stamped__functions.c.o\n'}
[7.552773] (eufs_msgs) StdoutLine: {'line': b'[ 10%] Building C object CMakeFiles/eufs_msgs__rosidl_generator_c.dir/rosidl_generator_c/eufs_msgs/msg/detail/wheel_odometry_err__functions.c.o\n'}
[7.557985] (eufs_msgs) StdoutLine: {'line': b'[ 10%] Building C object CMakeFiles/eufs_msgs__rosidl_generator_c.dir/rosidl_generator_c/eufs_msgs/msg/detail/wheel_speeds__functions.c.o\n'}
[7.564272] (eufs_msgs) StdoutLine: {'line': b'[ 10%] Building C object CMakeFiles/eufs_msgs__rosidl_generator_c.dir/rosidl_generator_c/eufs_msgs/msg/detail/wheel_speeds_stamped__functions.c.o\n'}
[7.565686] (eufs_msgs) StdoutLine: {'line': b'[ 11%] Building C object CMakeFiles/eufs_msgs__rosidl_generator_c.dir/rosidl_generator_c/eufs_msgs/action/detail/check_for_objects__functions.c.o\n'}
[7.569208] (eufs_msgs) StdoutLine: {'line': b'[ 11%] Building C object CMakeFiles/eufs_msgs__rosidl_generator_c.dir/rosidl_generator_c/eufs_msgs/srv/detail/record_start__functions.c.o\n'}
[7.569514] (eufs_msgs) StdoutLine: {'line': b'[ 11%] Building C object CMakeFiles/eufs_msgs__rosidl_generator_c.dir/rosidl_generator_c/eufs_msgs/srv/detail/set_can_state__functions.c.o\n'}
[7.570417] (eufs_msgs) StdoutLine: {'line': b'[ 11%] Building C object CMakeFiles/eufs_msgs__rosidl_generator_c.dir/rosidl_generator_c/eufs_msgs/srv/detail/register__functions.c.o\n'}
[7.570545] (eufs_msgs) StdoutLine: {'line': b'[ 11%] Building C object CMakeFiles/eufs_msgs__rosidl_generator_c.dir/rosidl_generator_c/eufs_msgs/srv/detail/record_stop__functions.c.o\n'}
[7.570690] (eufs_msgs) StdoutLine: {'line': b'[ 11%] Building C object CMakeFiles/eufs_msgs__rosidl_generator_c.dir/rosidl_generator_c/eufs_msgs/srv/detail/set_string__functions.c.o\n'}
[7.585228] (eufs_msgs) StdoutLine: {'line': b'[ 12%] Building C object CMakeFiles/eufs_msgs__rosidl_generator_c.dir/rosidl_generator_c/eufs_msgs/srv/detail/set_track__functions.c.o\n'}
[7.586413] (eufs_msgs) StdoutLine: {'line': b'[ 12%] Building C object CMakeFiles/eufs_msgs__rosidl_generator_c.dir/rosidl_generator_c/eufs_msgs/srv/detail/set_mission__functions.c.o\n'}
[7.587247] (eufs_msgs) StdoutLine: {'line': b'[ 12%] Building C object CMakeFiles/eufs_msgs__rosidl_generator_c.dir/rosidl_generator_c/eufs_msgs/srv/detail/get_map__functions.c.o\n'}
[7.618531] (-) TimerEvent: {}
[7.689024] (eufs_msgs) StdoutLine: {'line': b'[ 12%] Linking C shared library libeufs_msgs__rosidl_generator_c.so\n'}
[7.718643] (-) TimerEvent: {}
[7.746434] (eufs_msgs) StdoutLine: {'line': b'[ 12%] Built target eufs_msgs__rosidl_generator_c\n'}
[7.756854] (eufs_msgs) StdoutLine: {'line': b'[ 13%] Generating C type support dispatch for ROS interfaces\n'}
[7.759911] (eufs_msgs) StdoutLine: {'line': b'[ 14%] Generating C type support for eProsima Fast-RTPS\n'}
[7.760067] (eufs_msgs) StdoutLine: {'line': b'[ 15%] Generating C introspection for ROS interfaces\n'}
[7.818778] (-) TimerEvent: {}
[7.918962] (-) TimerEvent: {}
[8.019102] (-) TimerEvent: {}
[8.119269] (-) TimerEvent: {}
[8.219448] (-) TimerEvent: {}
[8.319629] (-) TimerEvent: {}
[8.419821] (-) TimerEvent: {}
[8.520015] (-) TimerEvent: {}
[8.620233] (-) TimerEvent: {}
[8.720434] (-) TimerEvent: {}
[8.820670] (-) TimerEvent: {}
[8.920929] (-) TimerEvent: {}
[9.021145] (-) TimerEvent: {}
[9.114935] (eufs_msgs) StdoutLine: {'line': b'[ 15%] Building CXX object CMakeFiles/eufs_msgs__rosidl_typesupport_cpp.dir/rosidl_typesupport_cpp/eufs_msgs/msg/chassis_command__type_support.cpp.o\n'}
[9.115254] (eufs_msgs) StdoutLine: {'line': b'[ 15%] Building CXX object CMakeFiles/eufs_msgs__rosidl_typesupport_cpp.dir/rosidl_typesupport_cpp/eufs_msgs/msg/car_state__type_support.cpp.o\n'}
[9.115351] (eufs_msgs) StdoutLine: {'line': b'[ 15%] Building CXX object CMakeFiles/eufs_msgs__rosidl_typesupport_cpp.dir/rosidl_typesupport_cpp/eufs_msgs/msg/can_state__type_support.cpp.o\n'}
[9.115413] (eufs_msgs) StdoutLine: {'line': b'[ 15%] Building CXX object CMakeFiles/eufs_msgs__rosidl_typesupport_cpp.dir/rosidl_typesupport_cpp/eufs_msgs/msg/car_forces__type_support.cpp.o\n'}
[9.115501] (eufs_msgs) StdoutLine: {'line': b'[ 15%] Building CXX object CMakeFiles/eufs_msgs__rosidl_typesupport_cpp.dir/rosidl_typesupport_cpp/eufs_msgs/msg/bounding_box__type_support.cpp.o\n'}
[9.115563] (eufs_msgs) StdoutLine: {'line': b'[ 16%] Building CXX object CMakeFiles/eufs_msgs__rosidl_typesupport_cpp.dir/rosidl_typesupport_cpp/eufs_msgs/msg/chassis_state__type_support.cpp.o\n'}
[9.115620] (eufs_msgs) StdoutLine: {'line': b'[ 17%] Building CXX object CMakeFiles/eufs_msgs__rosidl_typesupport_cpp.dir/rosidl_typesupport_cpp/eufs_msgs/msg/bounding_boxes__type_support.cpp.o\n'}
[9.115668] (eufs_msgs) StdoutLine: {'line': b'[ 17%] Building CXX object CMakeFiles/eufs_msgs__rosidl_typesupport_cpp.dir/rosidl_typesupport_cpp/eufs_msgs/msg/cone_array_with_covariance__type_support.cpp.o\n'}
[9.115720] (eufs_msgs) StdoutLine: {'line': b'[ 17%] Building CXX object CMakeFiles/eufs_msgs__rosidl_typesupport_cpp.dir/rosidl_typesupport_cpp/eufs_msgs/msg/cone_with_covariance__type_support.cpp.o\n'}
[9.115767] (eufs_msgs) StdoutLine: {'line': b'[ 17%] Building CXX object CMakeFiles/eufs_msgs__rosidl_typesupport_cpp.dir/rosidl_typesupport_cpp/eufs_msgs/msg/cone_array__type_support.cpp.o\n'}
[9.115813] (eufs_msgs) StdoutLine: {'line': b'[ 17%] Building CXX object CMakeFiles/eufs_msgs__rosidl_typesupport_cpp.dir/rosidl_typesupport_cpp/eufs_msgs/msg/cone_association_array__type_support.cpp.o\n'}
[9.115862] (eufs_msgs) StdoutLine: {'line': b'[ 17%] Building CXX object CMakeFiles/eufs_msgs__rosidl_typesupport_cpp.dir/rosidl_typesupport_cpp/eufs_msgs/msg/cone_with_color_probability__type_support.cpp.o\n'}
[9.116427] (eufs_msgs) StdoutLine: {'line': b'[ 18%] Building CXX object CMakeFiles/eufs_msgs__rosidl_typesupport_cpp.dir/rosidl_typesupport_cpp/eufs_msgs/msg/cone_association__type_support.cpp.o\n'}
[9.116612] (eufs_msgs) StdoutLine: {'line': b'[ 18%] Building CXX object CMakeFiles/eufs_msgs__rosidl_typesupport_cpp.dir/rosidl_typesupport_cpp/eufs_msgs/msg/cone_with_color_probability_array__type_support.cpp.o\n'}
[9.120058] (eufs_msgs) StdoutLine: {'line': b'[ 18%] Building CXX object CMakeFiles/eufs_msgs__rosidl_typesupport_cpp.dir/rosidl_typesupport_cpp/eufs_msgs/msg/cone_association_array_array_stamped__type_support.cpp.o\n'}
[9.121220] (-) TimerEvent: {}
[9.222251] (-) TimerEvent: {}
[9.322466] (-) TimerEvent: {}
[9.422682] (-) TimerEvent: {}
[9.497073] (eufs_msgs) StdoutLine: {'line': b'[ 18%] Building CXX object CMakeFiles/eufs_msgs__rosidl_typesupport_cpp.dir/rosidl_typesupport_cpp/eufs_msgs/msg/cone_association_array_stamped__type_support.cpp.o\n'}
[9.497308] (eufs_msgs) StdoutLine: {'line': b'[ 19%] Building CXX object CMakeFiles/eufs_msgs__rosidl_typesupport_cpp.dir/rosidl_typesupport_cpp/eufs_msgs/msg/cpu_status__type_support.cpp.o\n'}
[9.497846] (eufs_msgs) StdoutLine: {'line': b'[ 19%] Building CXX object CMakeFiles/eufs_msgs__rosidl_typesupport_cpp.dir/rosidl_typesupport_cpp/eufs_msgs/msg/costmap__type_support.cpp.o\n'}
[9.500394] (eufs_msgs) StdoutLine: {'line': b'[ 19%] Building CXX object CMakeFiles/eufs_msgs__rosidl_typesupport_cpp.dir/rosidl_typesupport_cpp/eufs_msgs/msg/cpu_usage__type_support.cpp.o\n'}
[9.510335] (eufs_msgs) StdoutLine: {'line': b'[ 19%] Building CXX object CMakeFiles/eufs_msgs__rosidl_typesupport_cpp.dir/rosidl_typesupport_cpp/eufs_msgs/msg/ekf_state__type_support.cpp.o\n'}
[9.518369] (eufs_msgs) StdoutLine: {'line': b'[ 19%] Building CXX object CMakeFiles/eufs_msgs__rosidl_typesupport_cpp.dir/rosidl_typesupport_cpp/eufs_msgs/msg/full_state__type_support.cpp.o\n'}
[9.519058] (eufs_msgs) StdoutLine: {'line': b'[ 19%] Building CXX object CMakeFiles/eufs_msgs__rosidl_typesupport_cpp.dir/rosidl_typesupport_cpp/eufs_msgs/msg/ekf_err__type_support.cpp.o\n'}
[9.524399] (-) TimerEvent: {}
[9.540611] (eufs_msgs) StdoutLine: {'line': b'[ 19%] Building CXX object CMakeFiles/eufs_msgs__rosidl_typesupport_cpp.dir/rosidl_typesupport_cpp/eufs_msgs/msg/heartbeat__type_support.cpp.o\n'}
[9.547327] (eufs_msgs) StdoutLine: {'line': b'[ 20%] Building CXX object CMakeFiles/eufs_msgs__rosidl_typesupport_cpp.dir/rosidl_typesupport_cpp/eufs_msgs/msg/integration_err__type_support.cpp.o\n'}
[9.552366] (eufs_msgs) StdoutLine: {'line': b'[ 20%] Building CXX object CMakeFiles/eufs_msgs__rosidl_typesupport_cpp.dir/rosidl_typesupport_cpp/eufs_msgs/msg/lap_stats__type_support.cpp.o\n'}
[9.556374] (eufs_msgs) StdoutLine: {'line': b'[ 20%] Building CXX object CMakeFiles/eufs_msgs__rosidl_typesupport_cpp.dir/rosidl_typesupport_cpp/eufs_msgs/msg/mpc_state__type_support.cpp.o\n'}
[9.569427] (eufs_msgs) StdoutLine: {'line': b'[ 20%] Building CXX object CMakeFiles/eufs_msgs__rosidl_typesupport_cpp.dir/rosidl_typesupport_cpp/eufs_msgs/msg/node_state__type_support.cpp.o\n'}
[9.617443] (eufs_msgs) StdoutLine: {'line': b'[ 20%] Building CXX object CMakeFiles/eufs_msgs__rosidl_typesupport_cpp.dir/rosidl_typesupport_cpp/eufs_msgs/msg/node_state_array__type_support.cpp.o\n'}
[9.627233] (-) TimerEvent: {}
[9.629524] (eufs_msgs) StdoutLine: {'line': b'[ 21%] Building CXX object CMakeFiles/eufs_msgs__rosidl_typesupport_cpp.dir/rosidl_typesupport_cpp/eufs_msgs/msg/oss__type_support.cpp.o\n'}
[9.640294] (eufs_msgs) StdoutLine: {'line': b'[ 21%] Building CXX object CMakeFiles/eufs_msgs__rosidl_typesupport_cpp.dir/rosidl_typesupport_cpp/eufs_msgs/msg/particle__type_support.cpp.o\n'}
[9.727329] (-) TimerEvent: {}
[9.827509] (-) TimerEvent: {}
[9.832142] (eufs_msgs) StdoutLine: {'line': b'[ 21%] Building CXX object CMakeFiles/eufs_msgs__rosidl_typesupport_cpp.dir/rosidl_typesupport_cpp/eufs_msgs/msg/particle_slam__type_support.cpp.o\n'}
[9.837979] (eufs_msgs) StdoutLine: {'line': b'[ 21%] Building CXX object CMakeFiles/eufs_msgs__rosidl_typesupport_cpp.dir/rosidl_typesupport_cpp/eufs_msgs/msg/particle_stamped__type_support.cpp.o\n'}
[9.838445] (eufs_msgs) StdoutLine: {'line': b'[ 21%] Building CXX object CMakeFiles/eufs_msgs__rosidl_typesupport_cpp.dir/rosidl_typesupport_cpp/eufs_msgs/msg/particle_slam_stamped__type_support.cpp.o\n'}
[9.845632] (eufs_msgs) StdoutLine: {'line': b'[ 22%] Building CXX object CMakeFiles/eufs_msgs__rosidl_typesupport_cpp.dir/rosidl_typesupport_cpp/eufs_msgs/msg/path_integral_params__type_support.cpp.o\n'}
[9.847243] (eufs_msgs) StdoutLine: {'line': b'[ 22%] Building CXX object CMakeFiles/eufs_msgs__rosidl_typesupport_cpp.dir/rosidl_typesupport_cpp/eufs_msgs/msg/path_integral_stats__type_support.cpp.o\n'}
[9.850429] (eufs_msgs) StdoutLine: {'line': b'[ 22%] Building CXX object CMakeFiles/eufs_msgs__rosidl_typesupport_cpp.dir/rosidl_typesupport_cpp/eufs_msgs/msg/path_integral_status__type_support.cpp.o\n'}
[9.859231] (eufs_msgs) StdoutLine: {'line': b'[ 22%] Building CXX object CMakeFiles/eufs_msgs__rosidl_typesupport_cpp.dir/rosidl_typesupport_cpp/eufs_msgs/msg/path_integral_timing__type_support.cpp.o\n'}
[9.928237] (-) TimerEvent: {}
[9.940284] (eufs_msgs) StdoutLine: {'line': b'[ 23%] Building CXX object CMakeFiles/eufs_msgs__rosidl_typesupport_cpp.dir/rosidl_typesupport_cpp/eufs_msgs/msg/point_array_stamped__type_support.cpp.o\n'}
[9.945084] (eufs_msgs) StdoutLine: {'line': b'[ 23%] Building CXX object CMakeFiles/eufs_msgs__rosidl_typesupport_cpp.dir/rosidl_typesupport_cpp/eufs_msgs/msg/point_array__type_support.cpp.o\n'}
[9.945522] (eufs_msgs) StdoutLine: {'line': b'[ 23%] Building CXX object CMakeFiles/eufs_msgs__rosidl_typesupport_cpp.dir/rosidl_typesupport_cpp/eufs_msgs/msg/pure_pursuit_checkpoint__type_support.cpp.o\n'}
[9.958726] (eufs_msgs) StdoutLine: {'line': b'[ 23%] Building CXX object CMakeFiles/eufs_msgs__rosidl_typesupport_cpp.dir/rosidl_typesupport_cpp/eufs_msgs/msg/pure_pursuit_checkpoint_array_stamped__type_support.cpp.o\n'}
[9.961478] (eufs_msgs) StdoutLine: {'line': b'[ 23%] Building CXX object CMakeFiles/eufs_msgs__rosidl_typesupport_cpp.dir/rosidl_typesupport_cpp/eufs_msgs/msg/runstop__type_support.cpp.o\n'}
[9.972604] (eufs_msgs) StdoutLine: {'line': b'[ 23%] Building CXX object CMakeFiles/eufs_msgs__rosidl_typesupport_cpp.dir/rosidl_typesupport_cpp/eufs_msgs/msg/planning_mode__type_support.cpp.o\n'}
[9.995309] (eufs_msgs) StdoutLine: {'line': b'[ 23%] Building CXX object CMakeFiles/eufs_msgs__rosidl_typesupport_cpp.dir/rosidl_typesupport_cpp/eufs_msgs/msg/slam_err__type_support.cpp.o\n'}
[10.028332] (-) TimerEvent: {}
[10.035841] (eufs_msgs) StdoutLine: {'line': b'[ 24%] Building CXX object CMakeFiles/eufs_msgs__rosidl_typesupport_cpp.dir/rosidl_typesupport_cpp/eufs_msgs/msg/slam_state__type_support.cpp.o\n'}
[10.128435] (-) TimerEvent: {}
[10.147845] (eufs_msgs) StdoutLine: {'line': b'[ 24%] Building CXX object CMakeFiles/eufs_msgs__rosidl_typesupport_cpp.dir/rosidl_typesupport_cpp/eufs_msgs/msg/state_machine_state__type_support.cpp.o\n'}
[10.182556] (eufs_msgs) StdoutLine: {'line': b'[ 24%] Building CXX object CMakeFiles/eufs_msgs__rosidl_typesupport_cpp.dir/rosidl_typesupport_cpp/eufs_msgs/msg/stereo_image__type_support.cpp.o\n'}
[10.200331] (eufs_msgs) StdoutLine: {'line': b'[ 24%] Building CXX object CMakeFiles/eufs_msgs__rosidl_typesupport_cpp.dir/rosidl_typesupport_cpp/eufs_msgs/msg/system_status__type_support.cpp.o\n'}
[10.228530] (-) TimerEvent: {}
[10.239549] (eufs_msgs) StdoutLine: {'line': b'[ 24%] Building CXX object CMakeFiles/eufs_msgs__rosidl_typesupport_cpp.dir/rosidl_typesupport_cpp/eufs_msgs/msg/topic_status__type_support.cpp.o\n'}
[10.244239] (eufs_msgs) StdoutLine: {'line': b'[ 24%] Building CXX object CMakeFiles/eufs_msgs__rosidl_typesupport_cpp.dir/rosidl_typesupport_cpp/eufs_msgs/msg/vehicle_commands__type_support.cpp.o\n'}
[10.289285] (eufs_msgs) StdoutLine: {'line': b'[ 25%] Building CXX object CMakeFiles/eufs_msgs__rosidl_typesupport_cpp.dir/rosidl_typesupport_cpp/eufs_msgs/msg/vehicle_commands_stamped__type_support.cpp.o\n'}
[10.302117] (eufs_msgs) StdoutLine: {'line': b'[ 25%] Building CXX object CMakeFiles/eufs_msgs__rosidl_typesupport_cpp.dir/rosidl_typesupport_cpp/eufs_msgs/msg/waypoint__type_support.cpp.o\n'}
[10.314038] (eufs_msgs) StdoutLine: {'line': b'[ 25%] Building CXX object CMakeFiles/eufs_msgs__rosidl_typesupport_cpp.dir/rosidl_typesupport_cpp/eufs_msgs/msg/waypoint_array_stamped__type_support.cpp.o\n'}
[10.314282] (eufs_msgs) StdoutLine: {'line': b'[ 25%] Building CXX object CMakeFiles/eufs_msgs__rosidl_typesupport_cpp.dir/rosidl_typesupport_cpp/eufs_msgs/msg/wheel_odometry_err__type_support.cpp.o\n'}
[10.314405] (eufs_msgs) StdoutLine: {'line': b'[ 25%] Building CXX object CMakeFiles/eufs_msgs__rosidl_typesupport_cpp.dir/rosidl_typesupport_cpp/eufs_msgs/msg/wheel_speeds__type_support.cpp.o\n'}
[10.328644] (-) TimerEvent: {}
[10.333383] (eufs_msgs) StdoutLine: {'line': b'[ 26%] Building CXX object CMakeFiles/eufs_msgs__rosidl_typesupport_cpp.dir/rosidl_typesupport_cpp/eufs_msgs/msg/wheel_speeds_stamped__type_support.cpp.o\n'}
[10.350342] (eufs_msgs) StdoutLine: {'line': b'[ 26%] Building CXX object CMakeFiles/eufs_msgs__rosidl_typesupport_cpp.dir/rosidl_typesupport_cpp/eufs_msgs/action/check_for_objects__type_support.cpp.o\n'}
[10.367098] (eufs_msgs) StdoutLine: {'line': b'[ 26%] Building CXX object CMakeFiles/eufs_msgs__rosidl_typesupport_cpp.dir/rosidl_typesupport_cpp/eufs_msgs/srv/record_start__type_support.cpp.o\n'}
[10.368053] (eufs_msgs) StdoutLine: {'line': b'[ 26%] Building CXX object CMakeFiles/eufs_msgs__rosidl_typesupport_cpp.dir/rosidl_typesupport_cpp/eufs_msgs/srv/record_stop__type_support.cpp.o\n'}
[10.428750] (-) TimerEvent: {}
[10.445212] (eufs_msgs) StdoutLine: {'line': b'[ 26%] Building CXX object CMakeFiles/eufs_msgs__rosidl_typesupport_cpp.dir/rosidl_typesupport_cpp/eufs_msgs/srv/register__type_support.cpp.o\n'}
[10.454855] (eufs_msgs) StdoutLine: {'line': b'[ 26%] Building CXX object CMakeFiles/eufs_msgs__rosidl_typesupport_cpp.dir/rosidl_typesupport_cpp/eufs_msgs/srv/set_can_state__type_support.cpp.o\n'}
[10.505224] (eufs_msgs) StdoutLine: {'line': b'[ 27%] Building CXX object CMakeFiles/eufs_msgs__rosidl_typesupport_cpp.dir/rosidl_typesupport_cpp/eufs_msgs/srv/set_string__type_support.cpp.o\n'}
[10.522022] (eufs_msgs) StdoutLine: {'line': b'[ 27%] Building CXX object CMakeFiles/eufs_msgs__rosidl_typesupport_cpp.dir/rosidl_typesupport_cpp/eufs_msgs/srv/set_track__type_support.cpp.o\n'}
[10.528850] (-) TimerEvent: {}
[10.549394] (eufs_msgs) StdoutLine: {'line': b'[ 27%] Building CXX object CMakeFiles/eufs_msgs__rosidl_typesupport_cpp.dir/rosidl_typesupport_cpp/eufs_msgs/srv/set_mission__type_support.cpp.o\n'}
[10.628947] (-) TimerEvent: {}
[10.665399] (eufs_msgs) StdoutLine: {'line': b'[ 27%] Building CXX object CMakeFiles/eufs_msgs__rosidl_typesupport_cpp.dir/rosidl_typesupport_cpp/eufs_msgs/srv/get_map__type_support.cpp.o\n'}
[10.692931] (eufs_msgs) StdoutLine: {'line': b'[ 27%] Building CXX object CMakeFiles/eufs_msgs__rosidl_typesupport_c.dir/rosidl_typesupport_c/eufs_msgs/msg/bounding_box__type_support.cpp.o\n'}
[10.694435] (eufs_msgs) StdoutLine: {'line': b'[ 27%] Building CXX object CMakeFiles/eufs_msgs__rosidl_typesupport_c.dir/rosidl_typesupport_c/eufs_msgs/msg/bounding_boxes__type_support.cpp.o\n'}
[10.697255] (eufs_msgs) StdoutLine: {'line': b'[ 27%] Building CXX object CMakeFiles/eufs_msgs__rosidl_typesupport_c.dir/rosidl_typesupport_c/eufs_msgs/msg/can_state__type_support.cpp.o\n'}
[10.729056] (-) TimerEvent: {}
[10.736907] (eufs_msgs) StdoutLine: {'line': b'[ 27%] Building CXX object CMakeFiles/eufs_msgs__rosidl_typesupport_c.dir/rosidl_typesupport_c/eufs_msgs/msg/car_forces__type_support.cpp.o\n'}
[10.742684] (eufs_msgs) StdoutLine: {'line': b'[ 27%] Building CXX object CMakeFiles/eufs_msgs__rosidl_typesupport_c.dir/rosidl_typesupport_c/eufs_msgs/msg/car_state__type_support.cpp.o\n'}
[10.749410] (eufs_msgs) StdoutLine: {'line': b'[ 28%] Building CXX object CMakeFiles/eufs_msgs__rosidl_typesupport_c.dir/rosidl_typesupport_c/eufs_msgs/msg/chassis_command__type_support.cpp.o\n'}
[10.750794] (eufs_msgs) StdoutLine: {'line': b'[ 28%] Building CXX object CMakeFiles/eufs_msgs__rosidl_typesupport_c.dir/rosidl_typesupport_c/eufs_msgs/msg/chassis_state__type_support.cpp.o\n'}
[10.756245] (eufs_msgs) StdoutLine: {'line': b'[ 28%] Building CXX object CMakeFiles/eufs_msgs__rosidl_typesupport_c.dir/rosidl_typesupport_c/eufs_msgs/msg/cone_array__type_support.cpp.o\n'}
[10.760128] (eufs_msgs) StdoutLine: {'line': b'[ 28%] Building CXX object CMakeFiles/eufs_msgs__rosidl_typesupport_c.dir/rosidl_typesupport_c/eufs_msgs/msg/cone_array_with_covariance__type_support.cpp.o\n'}
[10.774471] (eufs_msgs) StdoutLine: {'line': b'[ 28%] Building CXX object CMakeFiles/eufs_msgs__rosidl_typesupport_c.dir/rosidl_typesupport_c/eufs_msgs/msg/cone_with_color_probability__type_support.cpp.o\n'}
[10.775973] (eufs_msgs) StdoutLine: {'line': b'[ 29%] Building CXX object CMakeFiles/eufs_msgs__rosidl_typesupport_c.dir/rosidl_typesupport_c/eufs_msgs/msg/cone_with_color_probability_array__type_support.cpp.o\n'}
[10.786637] (eufs_msgs) StdoutLine: {'line': b'[ 29%] Building CXX object CMakeFiles/eufs_msgs__rosidl_typesupport_c.dir/rosidl_typesupport_c/eufs_msgs/msg/cone_with_covariance__type_support.cpp.o\n'}
[10.790342] (eufs_msgs) StdoutLine: {'line': b'[ 29%] Building CXX object CMakeFiles/eufs_msgs__rosidl_typesupport_c.dir/rosidl_typesupport_c/eufs_msgs/msg/cone_association__type_support.cpp.o\n'}
[10.800412] (eufs_msgs) StdoutLine: {'line': b'[ 29%] Building CXX object CMakeFiles/eufs_msgs__rosidl_typesupport_c.dir/rosidl_typesupport_c/eufs_msgs/msg/cone_association_array__type_support.cpp.o\n'}
[10.803017] (eufs_msgs) StdoutLine: {'line': b'[ 29%] Building CXX object CMakeFiles/eufs_msgs__rosidl_typesupport_c.dir/rosidl_typesupport_c/eufs_msgs/msg/cone_association_array_array_stamped__type_support.cpp.o\n'}
[10.809348] (eufs_msgs) StdoutLine: {'line': b'[ 29%] Building CXX object CMakeFiles/eufs_msgs__rosidl_typesupport_c.dir/rosidl_typesupport_c/eufs_msgs/msg/cone_association_array_stamped__type_support.cpp.o\n'}
[10.811548] (eufs_msgs) StdoutLine: {'line': b'[ 30%] Building CXX object CMakeFiles/eufs_msgs__rosidl_typesupport_c.dir/rosidl_typesupport_c/eufs_msgs/msg/costmap__type_support.cpp.o\n'}
[10.816259] (eufs_msgs) StdoutLine: {'line': b'[ 30%] Building CXX object CMakeFiles/eufs_msgs__rosidl_typesupport_c.dir/rosidl_typesupport_c/eufs_msgs/msg/cpu_usage__type_support.cpp.o\n'}
[10.818055] (eufs_msgs) StdoutLine: {'line': b'[ 30%] Building CXX object CMakeFiles/eufs_msgs__rosidl_typesupport_c.dir/rosidl_typesupport_c/eufs_msgs/msg/cpu_status__type_support.cpp.o\n'}
[10.824026] (eufs_msgs) StdoutLine: {'line': b'[ 30%] Building CXX object CMakeFiles/eufs_msgs__rosidl_typesupport_c.dir/rosidl_typesupport_c/eufs_msgs/msg/ekf_err__type_support.cpp.o\n'}
[10.827951] (eufs_msgs) StdoutLine: {'line': b'[ 30%] Building CXX object CMakeFiles/eufs_msgs__rosidl_typesupport_c.dir/rosidl_typesupport_c/eufs_msgs/msg/ekf_state__type_support.cpp.o\n'}
[10.829168] (-) TimerEvent: {}
[10.830918] (eufs_msgs) StdoutLine: {'line': b'[ 31%] Building CXX object CMakeFiles/eufs_msgs__rosidl_typesupport_c.dir/rosidl_typesupport_c/eufs_msgs/msg/full_state__type_support.cpp.o\n'}
[10.839450] (eufs_msgs) StdoutLine: {'line': b'[ 31%] Building CXX object CMakeFiles/eufs_msgs__rosidl_typesupport_c.dir/rosidl_typesupport_c/eufs_msgs/msg/heartbeat__type_support.cpp.o\n'}
[10.843860] (eufs_msgs) StdoutLine: {'line': b'[ 31%] Building CXX object CMakeFiles/eufs_msgs__rosidl_typesupport_c.dir/rosidl_typesupport_c/eufs_msgs/msg/lap_stats__type_support.cpp.o\n'}
[10.847475] (eufs_msgs) StdoutLine: {'line': b'[ 31%] Building CXX object CMakeFiles/eufs_msgs__rosidl_typesupport_c.dir/rosidl_typesupport_c/eufs_msgs/msg/integration_err__type_support.cpp.o\n'}
[10.847651] (eufs_msgs) StdoutLine: {'line': b'[ 31%] Building CXX object CMakeFiles/eufs_msgs__rosidl_typesupport_c.dir/rosidl_typesupport_c/eufs_msgs/msg/node_state_array__type_support.cpp.o\n'}
[10.847722] (eufs_msgs) StdoutLine: {'line': b'[ 32%] Building CXX object CMakeFiles/eufs_msgs__rosidl_typesupport_c.dir/rosidl_typesupport_c/eufs_msgs/msg/mpc_state__type_support.cpp.o\n'}
[10.847782] (eufs_msgs) StdoutLine: {'line': b'[ 32%] Building CXX object CMakeFiles/eufs_msgs__rosidl_typesupport_c.dir/rosidl_typesupport_c/eufs_msgs/msg/node_state__type_support.cpp.o\n'}
[10.852940] (eufs_msgs) StdoutLine: {'line': b'[ 32%] Building CXX object CMakeFiles/eufs_msgs__rosidl_typesupport_c.dir/rosidl_typesupport_c/eufs_msgs/msg/oss__type_support.cpp.o\n'}
[10.859084] (eufs_msgs) StdoutLine: {'line': b'[ 32%] Building CXX object CMakeFiles/eufs_msgs__rosidl_typesupport_c.dir/rosidl_typesupport_c/eufs_msgs/msg/particle__type_support.cpp.o\n'}
[10.859720] (eufs_msgs) StdoutLine: {'line': b'[ 32%] Building CXX object CMakeFiles/eufs_msgs__rosidl_typesupport_c.dir/rosidl_typesupport_c/eufs_msgs/msg/particle_slam__type_support.cpp.o\n'}
[10.860570] (eufs_msgs) StdoutLine: {'line': b'[ 32%] Building CXX object CMakeFiles/eufs_msgs__rosidl_typesupport_c.dir/rosidl_typesupport_c/eufs_msgs/msg/particle_slam_stamped__type_support.cpp.o\n'}
[10.866409] (eufs_msgs) StdoutLine: {'line': b'[ 33%] Building CXX object CMakeFiles/eufs_msgs__rosidl_typesupport_c.dir/rosidl_typesupport_c/eufs_msgs/msg/particle_stamped__type_support.cpp.o\n'}
[10.881393] (eufs_msgs) StdoutLine: {'line': b'[ 33%] Building CXX object CMakeFiles/eufs_msgs__rosidl_typesupport_c.dir/rosidl_typesupport_c/eufs_msgs/msg/path_integral_status__type_support.cpp.o\n'}
[10.881723] (eufs_msgs) StdoutLine: {'line': b'[ 33%] Building CXX object CMakeFiles/eufs_msgs__rosidl_typesupport_c.dir/rosidl_typesupport_c/eufs_msgs/msg/path_integral_params__type_support.cpp.o\n'}
[10.883263] (eufs_msgs) StdoutLine: {'line': b'[ 33%] Building CXX object CMakeFiles/eufs_msgs__rosidl_typesupport_c.dir/rosidl_typesupport_c/eufs_msgs/msg/path_integral_timing__type_support.cpp.o\n'}
[10.883370] (eufs_msgs) StdoutLine: {'line': b'[ 34%] Building CXX object CMakeFiles/eufs_msgs__rosidl_typesupport_c.dir/rosidl_typesupport_c/eufs_msgs/msg/planning_mode__type_support.cpp.o\n'}
[10.883872] (eufs_msgs) StdoutLine: {'line': b'[ 34%] Building CXX object CMakeFiles/eufs_msgs__rosidl_typesupport_c.dir/rosidl_typesupport_c/eufs_msgs/msg/path_integral_stats__type_support.cpp.o\n'}
[10.886718] (eufs_msgs) StdoutLine: {'line': b'[ 34%] Building CXX object CMakeFiles/eufs_msgs__rosidl_typesupport_c.dir/rosidl_typesupport_c/eufs_msgs/msg/point_array__type_support.cpp.o\n'}
[10.886928] (eufs_msgs) StdoutLine: {'line': b'[ 34%] Building CXX object CMakeFiles/eufs_msgs__rosidl_typesupport_c.dir/rosidl_typesupport_c/eufs_msgs/msg/point_array_stamped__type_support.cpp.o\n'}
[10.890436] (eufs_msgs) StdoutLine: {'line': b'[ 34%] Building CXX object CMakeFiles/eufs_msgs__rosidl_typesupport_c.dir/rosidl_typesupport_c/eufs_msgs/msg/pure_pursuit_checkpoint_array_stamped__type_support.cpp.o\n'}
[10.890662] (eufs_msgs) StdoutLine: {'line': b'[ 34%] Building CXX object CMakeFiles/eufs_msgs__rosidl_typesupport_c.dir/rosidl_typesupport_c/eufs_msgs/msg/pure_pursuit_checkpoint__type_support.cpp.o\n'}
[10.890849] (eufs_msgs) StdoutLine: {'line': b'[ 34%] Building CXX object CMakeFiles/eufs_msgs__rosidl_typesupport_c.dir/rosidl_typesupport_c/eufs_msgs/msg/runstop__type_support.cpp.o\n'}
[10.900577] (eufs_msgs) StdoutLine: {'line': b'[ 34%] Building CXX object CMakeFiles/eufs_msgs__rosidl_typesupport_c.dir/rosidl_typesupport_c/eufs_msgs/msg/slam_state__type_support.cpp.o\n'}
[10.902735] (eufs_msgs) StdoutLine: {'line': b'[ 35%] Building CXX object CMakeFiles/eufs_msgs__rosidl_typesupport_c.dir/rosidl_typesupport_c/eufs_msgs/msg/slam_err__type_support.cpp.o\n'}
[10.906420] (eufs_msgs) StdoutLine: {'line': b'[ 36%] Building CXX object CMakeFiles/eufs_msgs__rosidl_typesupport_introspection_cpp.dir/rosidl_typesupport_introspection_cpp/eufs_msgs/msg/detail/bounding_box__type_support.cpp.o\n'}
[10.909876] (eufs_msgs) StdoutLine: {'line': b'[ 36%] Building CXX object CMakeFiles/eufs_msgs__rosidl_typesupport_c.dir/rosidl_typesupport_c/eufs_msgs/msg/state_machine_state__type_support.cpp.o\n'}
[10.916306] (eufs_msgs) StdoutLine: {'line': b'[ 36%] Building CXX object CMakeFiles/eufs_msgs__rosidl_typesupport_c.dir/rosidl_typesupport_c/eufs_msgs/msg/stereo_image__type_support.cpp.o\n'}
[10.916538] (eufs_msgs) StdoutLine: {'line': b'[ 36%] Building CXX object CMakeFiles/eufs_msgs__rosidl_typesupport_c.dir/rosidl_typesupport_c/eufs_msgs/msg/system_status__type_support.cpp.o\n'}
[10.917508] (eufs_msgs) StdoutLine: {'line': b'[ 36%] Building CXX object CMakeFiles/eufs_msgs__rosidl_typesupport_introspection_cpp.dir/rosidl_typesupport_introspection_cpp/eufs_msgs/msg/detail/bounding_boxes__type_support.cpp.o\n'}
[10.926883] (eufs_msgs) StdoutLine: {'line': b'[ 37%] Building CXX object CMakeFiles/eufs_msgs__rosidl_typesupport_c.dir/rosidl_typesupport_c/eufs_msgs/msg/topic_status__type_support.cpp.o\n'}
[10.927056] (eufs_msgs) StdoutLine: {'line': b'[ 37%] Building CXX object CMakeFiles/eufs_msgs__rosidl_typesupport_c.dir/rosidl_typesupport_c/eufs_msgs/msg/vehicle_commands__type_support.cpp.o\n'}
[10.927123] (eufs_msgs) StdoutLine: {'line': b'[ 37%] Building CXX object CMakeFiles/eufs_msgs__rosidl_typesupport_introspection_cpp.dir/rosidl_typesupport_introspection_cpp/eufs_msgs/msg/detail/car_forces__type_support.cpp.o\n'}
[10.927183] (eufs_msgs) StdoutLine: {'line': b'[ 37%] Building CXX object CMakeFiles/eufs_msgs__rosidl_typesupport_introspection_cpp.dir/rosidl_typesupport_introspection_cpp/eufs_msgs/msg/detail/can_state__type_support.cpp.o\n'}
[10.927238] (eufs_msgs) StdoutLine: {'line': b'[ 37%] Building CXX object CMakeFiles/eufs_msgs__rosidl_typesupport_c.dir/rosidl_typesupport_c/eufs_msgs/msg/vehicle_commands_stamped__type_support.cpp.o\n'}
[10.927287] (eufs_msgs) StdoutLine: {'line': b'[ 37%] Building CXX object CMakeFiles/eufs_msgs__rosidl_typesupport_c.dir/rosidl_typesupport_c/eufs_msgs/msg/waypoint__type_support.cpp.o\n'}
[10.927336] (eufs_msgs) StdoutLine: {'line': b'[ 37%] Building CXX object CMakeFiles/eufs_msgs__rosidl_typesupport_c.dir/rosidl_typesupport_c/eufs_msgs/msg/waypoint_array_stamped__type_support.cpp.o\n'}
[10.931346] (-) TimerEvent: {}
[10.932584] (eufs_msgs) StdoutLine: {'line': b'[ 37%] Building CXX object CMakeFiles/eufs_msgs__rosidl_typesupport_introspection_cpp.dir/rosidl_typesupport_introspection_cpp/eufs_msgs/msg/detail/car_state__type_support.cpp.o\n'}
[10.932793] (eufs_msgs) StdoutLine: {'line': b'[ 37%] Building CXX object CMakeFiles/eufs_msgs__rosidl_typesupport_introspection_cpp.dir/rosidl_typesupport_introspection_cpp/eufs_msgs/msg/detail/chassis_command__type_support.cpp.o\n'}
[10.938668] (eufs_msgs) StdoutLine: {'line': b'[ 37%] Building CXX object CMakeFiles/eufs_msgs__rosidl_typesupport_c.dir/rosidl_typesupport_c/eufs_msgs/msg/wheel_odometry_err__type_support.cpp.o\n'}
[10.944547] (eufs_msgs) StdoutLine: {'line': b'[ 38%] Building CXX object CMakeFiles/eufs_msgs__rosidl_typesupport_c.dir/rosidl_typesupport_c/eufs_msgs/msg/wheel_speeds__type_support.cpp.o\n'}
[10.951615] (eufs_msgs) StdoutLine: {'line': b'[ 39%] Building CXX object CMakeFiles/eufs_msgs__rosidl_typesupport_introspection_cpp.dir/rosidl_typesupport_introspection_cpp/eufs_msgs/msg/detail/chassis_state__type_support.cpp.o\n'}
[10.960258] (eufs_msgs) StdoutLine: {'line': b'[ 39%] Building CXX object CMakeFiles/eufs_msgs__rosidl_typesupport_introspection_cpp.dir/rosidl_typesupport_introspection_cpp/eufs_msgs/msg/detail/cone_array__type_support.cpp.o\n'}
[10.960422] (eufs_msgs) StdoutLine: {'line': b'[ 39%] Building CXX object CMakeFiles/eufs_msgs__rosidl_typesupport_c.dir/rosidl_typesupport_c/eufs_msgs/action/check_for_objects__type_support.cpp.o\n'}
[10.960687] (eufs_msgs) StdoutLine: {'line': b'[ 39%] Building CXX object CMakeFiles/eufs_msgs__rosidl_typesupport_introspection_cpp.dir/rosidl_typesupport_introspection_cpp/eufs_msgs/msg/detail/cone_array_with_covariance__type_support.cpp.o\n'}
[10.962747] (eufs_msgs) StdoutLine: {'line': b'[ 39%] Building CXX object CMakeFiles/eufs_msgs__rosidl_typesupport_c.dir/rosidl_typesupport_c/eufs_msgs/srv/record_start__type_support.cpp.o\n'}
[10.965242] (eufs_msgs) StdoutLine: {'line': b'[ 39%] Building CXX object CMakeFiles/eufs_msgs__rosidl_typesupport_c.dir/rosidl_typesupport_c/eufs_msgs/srv/record_stop__type_support.cpp.o\n'}
[10.966718] (eufs_msgs) StdoutLine: {'line': b'[ 39%] Building CXX object CMakeFiles/eufs_msgs__rosidl_typesupport_introspection_cpp.dir/rosidl_typesupport_introspection_cpp/eufs_msgs/msg/detail/cone_with_color_probability__type_support.cpp.o\n'}
[10.966872] (eufs_msgs) StdoutLine: {'line': b'[ 39%] Building CXX object CMakeFiles/eufs_msgs__rosidl_typesupport_c.dir/rosidl_typesupport_c/eufs_msgs/msg/wheel_speeds_stamped__type_support.cpp.o\n'}
[10.981232] (eufs_msgs) StdoutLine: {'line': b'[ 40%] Building CXX object CMakeFiles/eufs_msgs__rosidl_typesupport_c.dir/rosidl_typesupport_c/eufs_msgs/srv/register__type_support.cpp.o\n'}
[10.985019] (eufs_msgs) StdoutLine: {'line': b'[ 40%] Building CXX object CMakeFiles/eufs_msgs__rosidl_typesupport_c.dir/rosidl_typesupport_c/eufs_msgs/srv/set_can_state__type_support.cpp.o\n'}
[10.999592] (eufs_msgs) StdoutLine: {'line': b'[ 40%] Building CXX object CMakeFiles/eufs_msgs__rosidl_typesupport_c.dir/rosidl_typesupport_c/eufs_msgs/srv/set_string__type_support.cpp.o\n'}
[11.005238] (eufs_msgs) StdoutLine: {'line': b'[ 40%] Building CXX object CMakeFiles/eufs_msgs__rosidl_typesupport_c.dir/rosidl_typesupport_c/eufs_msgs/srv/set_track__type_support.cpp.o\n'}
[11.025006] (eufs_msgs) StdoutLine: {'line': b'[ 41%] Building CXX object CMakeFiles/eufs_msgs__rosidl_typesupport_c.dir/rosidl_typesupport_c/eufs_msgs/srv/set_mission__type_support.cpp.o\n'}
[11.025230] (eufs_msgs) StdoutLine: {'line': b'[ 41%] Building CXX object CMakeFiles/eufs_msgs__rosidl_typesupport_c.dir/rosidl_typesupport_c/eufs_msgs/srv/get_map__type_support.cpp.o\n'}
[11.025529] (eufs_msgs) StdoutLine: {'line': b'[ 41%] Building CXX object CMakeFiles/eufs_msgs__rosidl_typesupport_introspection_cpp.dir/rosidl_typesupport_introspection_cpp/eufs_msgs/msg/detail/cone_with_color_probability_array__type_support.cpp.o\n'}
[11.032089] (-) TimerEvent: {}
[11.036252] (eufs_msgs) StdoutLine: {'line': b'[ 41%] Linking CXX shared library libeufs_msgs__rosidl_typesupport_cpp.so\n'}
[11.041541] (eufs_msgs) StdoutLine: {'line': b'[ 41%] Building CXX object CMakeFiles/eufs_msgs__rosidl_typesupport_introspection_cpp.dir/rosidl_typesupport_introspection_cpp/eufs_msgs/msg/detail/cone_association__type_support.cpp.o\n'}
[11.044628] (eufs_msgs) StdoutLine: {'line': b'[ 42%] Building CXX object CMakeFiles/eufs_msgs__rosidl_typesupport_introspection_cpp.dir/rosidl_typesupport_introspection_cpp/eufs_msgs/msg/detail/cone_with_covariance__type_support.cpp.o\n'}
[11.050774] (eufs_msgs) StdoutLine: {'line': b'[ 42%] Building CXX object CMakeFiles/eufs_msgs__rosidl_typesupport_introspection_cpp.dir/rosidl_typesupport_introspection_cpp/eufs_msgs/msg/detail/cone_association_array__type_support.cpp.o\n'}
[11.063259] (eufs_msgs) StdoutLine: {'line': b'[ 42%] Building CXX object CMakeFiles/eufs_msgs__rosidl_typesupport_introspection_cpp.dir/rosidl_typesupport_introspection_cpp/eufs_msgs/msg/detail/cone_association_array_array_stamped__type_support.cpp.o\n'}
[11.064093] (eufs_msgs) StdoutLine: {'line': b'[ 42%] Linking CXX shared library libeufs_msgs__rosidl_typesupport_c.so\n'}
[11.137236] (-) TimerEvent: {}
[11.173515] (eufs_msgs) StdoutLine: {'line': b'[ 42%] Built target eufs_msgs__rosidl_typesupport_c\n'}
[11.189235] (eufs_msgs) StdoutLine: {'line': b'[ 42%] Building CXX object CMakeFiles/eufs_msgs__rosidl_typesupport_introspection_cpp.dir/rosidl_typesupport_introspection_cpp/eufs_msgs/msg/detail/cone_association_array_stamped__type_support.cpp.o\n'}
[11.237347] (-) TimerEvent: {}
[11.242739] (eufs_msgs) StdoutLine: {'line': b'[ 42%] Built target eufs_msgs__rosidl_typesupport_cpp\n'}
[11.277236] (eufs_msgs) StdoutLine: {'line': b'[ 42%] Building CXX object CMakeFiles/eufs_msgs__rosidl_typesupport_introspection_cpp.dir/rosidl_typesupport_introspection_cpp/eufs_msgs/msg/detail/costmap__type_support.cpp.o\n'}
[11.337456] (-) TimerEvent: {}
[11.371757] (eufs_msgs) StdoutLine: {'line': b'[ 43%] Building CXX object CMakeFiles/eufs_msgs__rosidl_typesupport_introspection_cpp.dir/rosidl_typesupport_introspection_cpp/eufs_msgs/msg/detail/cpu_status__type_support.cpp.o\n'}
[11.381140] (eufs_msgs) StdoutLine: {'line': b'[ 43%] Building CXX object CMakeFiles/eufs_msgs__rosidl_typesupport_introspection_cpp.dir/rosidl_typesupport_introspection_cpp/eufs_msgs/msg/detail/cpu_usage__type_support.cpp.o\n'}
[11.406810] (eufs_msgs) StdoutLine: {'line': b'[ 43%] Building CXX object CMakeFiles/eufs_msgs__rosidl_typesupport_introspection_cpp.dir/rosidl_typesupport_introspection_cpp/eufs_msgs/msg/detail/ekf_err__type_support.cpp.o\n'}
[11.419295] (eufs_msgs) StdoutLine: {'line': b'[ 43%] Building CXX object CMakeFiles/eufs_msgs__rosidl_typesupport_introspection_cpp.dir/rosidl_typesupport_introspection_cpp/eufs_msgs/msg/detail/ekf_state__type_support.cpp.o\n'}
[11.437552] (-) TimerEvent: {}
[11.438578] (eufs_msgs) StdoutLine: {'line': b'[ 43%] Building CXX object CMakeFiles/eufs_msgs__rosidl_typesupport_introspection_cpp.dir/rosidl_typesupport_introspection_cpp/eufs_msgs/msg/detail/full_state__type_support.cpp.o\n'}
[11.446378] (eufs_msgs) StdoutLine: {'line': b'[ 44%] Building CXX object CMakeFiles/eufs_msgs__rosidl_typesupport_introspection_cpp.dir/rosidl_typesupport_introspection_cpp/eufs_msgs/msg/detail/heartbeat__type_support.cpp.o\n'}
[11.457473] (eufs_msgs) StdoutLine: {'line': b'[ 44%] Building CXX object CMakeFiles/eufs_msgs__rosidl_typesupport_introspection_cpp.dir/rosidl_typesupport_introspection_cpp/eufs_msgs/msg/detail/integration_err__type_support.cpp.o\n'}
[11.466606] (eufs_msgs) StdoutLine: {'line': b'[ 44%] Building CXX object CMakeFiles/eufs_msgs__rosidl_typesupport_introspection_cpp.dir/rosidl_typesupport_introspection_cpp/eufs_msgs/msg/detail/mpc_state__type_support.cpp.o\n'}
[11.467013] (eufs_msgs) StdoutLine: {'line': b'[ 44%] Building CXX object CMakeFiles/eufs_msgs__rosidl_typesupport_introspection_cpp.dir/rosidl_typesupport_introspection_cpp/eufs_msgs/msg/detail/lap_stats__type_support.cpp.o\n'}
[11.537671] (-) TimerEvent: {}
[11.540263] (eufs_msgs) StdoutLine: {'line': b'[ 44%] Building CXX object CMakeFiles/eufs_msgs__rosidl_typesupport_introspection_cpp.dir/rosidl_typesupport_introspection_cpp/eufs_msgs/msg/detail/node_state__type_support.cpp.o\n'}
[11.540481] (eufs_msgs) StdoutLine: {'line': b'[ 45%] Building CXX object CMakeFiles/eufs_msgs__rosidl_typesupport_introspection_cpp.dir/rosidl_typesupport_introspection_cpp/eufs_msgs/msg/detail/node_state_array__type_support.cpp.o\n'}
[11.557318] (eufs_msgs) StdoutLine: {'line': b'[ 45%] Building CXX object CMakeFiles/eufs_msgs__rosidl_typesupport_introspection_cpp.dir/rosidl_typesupport_introspection_cpp/eufs_msgs/msg/detail/oss__type_support.cpp.o\n'}
[11.623860] (eufs_msgs) StdoutLine: {'line': b'[ 45%] Building CXX object CMakeFiles/eufs_msgs__rosidl_typesupport_introspection_cpp.dir/rosidl_typesupport_introspection_cpp/eufs_msgs/msg/detail/particle__type_support.cpp.o\n'}
[11.637778] (-) TimerEvent: {}
[11.649480] (eufs_msgs) StdoutLine: {'line': b'[ 45%] Building CXX object CMakeFiles/eufs_msgs__rosidl_typesupport_introspection_cpp.dir/rosidl_typesupport_introspection_cpp/eufs_msgs/msg/detail/particle_slam__type_support.cpp.o\n'}
[11.735155] (eufs_msgs) StdoutLine: {'line': b'[ 45%] Building CXX object CMakeFiles/eufs_msgs__rosidl_typesupport_introspection_cpp.dir/rosidl_typesupport_introspection_cpp/eufs_msgs/msg/detail/particle_slam_stamped__type_support.cpp.o\n'}
[11.737952] (-) TimerEvent: {}
[11.758560] (eufs_msgs) StdoutLine: {'line': b'[ 45%] Building CXX object CMakeFiles/eufs_msgs__rosidl_typesupport_introspection_cpp.dir/rosidl_typesupport_introspection_cpp/eufs_msgs/msg/detail/particle_stamped__type_support.cpp.o\n'}
[11.794842] (eufs_msgs) StdoutLine: {'line': b'[ 46%] Building CXX object CMakeFiles/eufs_msgs__rosidl_typesupport_introspection_cpp.dir/rosidl_typesupport_introspection_cpp/eufs_msgs/msg/detail/path_integral_params__type_support.cpp.o\n'}
[11.798239] (eufs_msgs) StdoutLine: {'line': b'[ 46%] Building CXX object CMakeFiles/eufs_msgs__rosidl_typesupport_introspection_cpp.dir/rosidl_typesupport_introspection_cpp/eufs_msgs/msg/detail/path_integral_stats__type_support.cpp.o\n'}
[11.835656] (eufs_msgs) StdoutLine: {'line': b'[ 46%] Building CXX object CMakeFiles/eufs_msgs__rosidl_typesupport_introspection_cpp.dir/rosidl_typesupport_introspection_cpp/eufs_msgs/msg/detail/path_integral_status__type_support.cpp.o\n'}
[11.839301] (-) TimerEvent: {}
[11.880392] (eufs_msgs) StdoutLine: {'line': b'[ 46%] Building CXX object CMakeFiles/eufs_msgs__rosidl_typesupport_introspection_cpp.dir/rosidl_typesupport_introspection_cpp/eufs_msgs/msg/detail/path_integral_timing__type_support.cpp.o\n'}
[11.916066] (eufs_msgs) StdoutLine: {'line': b'[ 47%] Building CXX object CMakeFiles/eufs_msgs__rosidl_typesupport_introspection_cpp.dir/rosidl_typesupport_introspection_cpp/eufs_msgs/msg/detail/point_array__type_support.cpp.o\n'}
[11.916285] (eufs_msgs) StdoutLine: {'line': b'[ 47%] Building CXX object CMakeFiles/eufs_msgs__rosidl_typesupport_introspection_cpp.dir/rosidl_typesupport_introspection_cpp/eufs_msgs/msg/detail/planning_mode__type_support.cpp.o\n'}
[11.919471] (eufs_msgs) StdoutLine: {'line': b'[ 47%] Building CXX object CMakeFiles/eufs_msgs__rosidl_typesupport_introspection_cpp.dir/rosidl_typesupport_introspection_cpp/eufs_msgs/msg/detail/point_array_stamped__type_support.cpp.o\n'}
[11.923237] (eufs_msgs) StdoutLine: {'line': b'[ 47%] Building CXX object CMakeFiles/eufs_msgs__rosidl_typesupport_introspection_cpp.dir/rosidl_typesupport_introspection_cpp/eufs_msgs/msg/detail/pure_pursuit_checkpoint__type_support.cpp.o\n'}
[11.943307] (eufs_msgs) StdoutLine: {'line': b'[ 47%] Building CXX object CMakeFiles/eufs_msgs__rosidl_typesupport_introspection_cpp.dir/rosidl_typesupport_introspection_cpp/eufs_msgs/msg/detail/pure_pursuit_checkpoint_array_stamped__type_support.cpp.o\n'}
[11.943508] (-) TimerEvent: {}
[12.008277] (eufs_msgs) StdoutLine: {'line': b'[ 47%] Building CXX object CMakeFiles/eufs_msgs__rosidl_typesupport_introspection_cpp.dir/rosidl_typesupport_introspection_cpp/eufs_msgs/msg/detail/runstop__type_support.cpp.o\n'}
[12.012049] (eufs_msgs) StdoutLine: {'line': b'[ 47%] Building CXX object CMakeFiles/eufs_msgs__rosidl_typesupport_introspection_cpp.dir/rosidl_typesupport_introspection_cpp/eufs_msgs/msg/detail/slam_err__type_support.cpp.o\n'}
[12.035121] (eufs_msgs) StdoutLine: {'line': b'[ 48%] Building CXX object CMakeFiles/eufs_msgs__rosidl_typesupport_introspection_cpp.dir/rosidl_typesupport_introspection_cpp/eufs_msgs/msg/detail/slam_state__type_support.cpp.o\n'}
[12.043636] (-) TimerEvent: {}
[12.143867] (-) TimerEvent: {}
[12.196821] (eufs_msgs) StdoutLine: {'line': b'[ 48%] Building CXX object CMakeFiles/eufs_msgs__rosidl_typesupport_introspection_cpp.dir/rosidl_typesupport_introspection_cpp/eufs_msgs/msg/detail/state_machine_state__type_support.cpp.o\n'}
[12.232903] (eufs_msgs) StdoutLine: {'line': b'[ 48%] Building CXX object CMakeFiles/eufs_msgs__rosidl_typesupport_introspection_cpp.dir/rosidl_typesupport_introspection_cpp/eufs_msgs/msg/detail/system_status__type_support.cpp.o\n'}
[12.242583] (eufs_msgs) StdoutLine: {'line': b'[ 48%] Building CXX object CMakeFiles/eufs_msgs__rosidl_typesupport_introspection_cpp.dir/rosidl_typesupport_introspection_cpp/eufs_msgs/msg/detail/stereo_image__type_support.cpp.o\n'}
[12.243967] (-) TimerEvent: {}
[12.260928] (eufs_msgs) StdoutLine: {'line': b'[ 48%] Building CXX object CMakeFiles/eufs_msgs__rosidl_typesupport_introspection_cpp.dir/rosidl_typesupport_introspection_cpp/eufs_msgs/msg/detail/topic_status__type_support.cpp.o\n'}
[12.276899] (eufs_msgs) StdoutLine: {'line': b'[ 49%] Building CXX object CMakeFiles/eufs_msgs__rosidl_typesupport_introspection_cpp.dir/rosidl_typesupport_introspection_cpp/eufs_msgs/msg/detail/vehicle_commands__type_support.cpp.o\n'}
[12.289267] (eufs_msgs) StdoutLine: {'line': b'[ 49%] Building CXX object CMakeFiles/eufs_msgs__rosidl_typesupport_introspection_cpp.dir/rosidl_typesupport_introspection_cpp/eufs_msgs/msg/detail/vehicle_commands_stamped__type_support.cpp.o\n'}
[12.309690] (eufs_msgs) StdoutLine: {'line': b'[ 49%] Building CXX object CMakeFiles/eufs_msgs__rosidl_typesupport_introspection_cpp.dir/rosidl_typesupport_introspection_cpp/eufs_msgs/msg/detail/waypoint__type_support.cpp.o\n'}
[12.314899] (eufs_msgs) StdoutLine: {'line': b'[ 49%] Building CXX object CMakeFiles/eufs_msgs__rosidl_typesupport_introspection_cpp.dir/rosidl_typesupport_introspection_cpp/eufs_msgs/msg/detail/waypoint_array_stamped__type_support.cpp.o\n'}
[12.333281] (eufs_msgs) StdoutLine: {'line': b'[ 49%] Building CXX object CMakeFiles/eufs_msgs__rosidl_typesupport_introspection_cpp.dir/rosidl_typesupport_introspection_cpp/eufs_msgs/msg/detail/wheel_odometry_err__type_support.cpp.o\n'}
[12.344095] (-) TimerEvent: {}
[12.365951] (eufs_msgs) StdoutLine: {'line': b'[ 49%] Building CXX object CMakeFiles/eufs_msgs__rosidl_typesupport_introspection_cpp.dir/rosidl_typesupport_introspection_cpp/eufs_msgs/msg/detail/wheel_speeds__type_support.cpp.o\n'}
[12.444211] (-) TimerEvent: {}
[12.457094] (eufs_msgs) StdoutLine: {'line': b'[ 50%] Building CXX object CMakeFiles/eufs_msgs__rosidl_typesupport_introspection_cpp.dir/rosidl_typesupport_introspection_cpp/eufs_msgs/msg/detail/wheel_speeds_stamped__type_support.cpp.o\n'}
[12.469800] (eufs_msgs) StdoutLine: {'line': b'[ 50%] Building CXX object CMakeFiles/eufs_msgs__rosidl_typesupport_introspection_cpp.dir/rosidl_typesupport_introspection_cpp/eufs_msgs/action/detail/check_for_objects__type_support.cpp.o\n'}
[12.476236] (eufs_msgs) StdoutLine: {'line': b'[ 50%] Building CXX object CMakeFiles/eufs_msgs__rosidl_typesupport_introspection_cpp.dir/rosidl_typesupport_introspection_cpp/eufs_msgs/srv/detail/record_start__type_support.cpp.o\n'}
[12.505691] (eufs_msgs) StdoutLine: {'line': b'[ 50%] Building CXX object CMakeFiles/eufs_msgs__rosidl_typesupport_introspection_cpp.dir/rosidl_typesupport_introspection_cpp/eufs_msgs/srv/detail/register__type_support.cpp.o\n'}
[12.511705] (eufs_msgs) StdoutLine: {'line': b'[ 50%] Building CXX object CMakeFiles/eufs_msgs__rosidl_typesupport_introspection_cpp.dir/rosidl_typesupport_introspection_cpp/eufs_msgs/srv/detail/record_stop__type_support.cpp.o\n'}
[12.532910] (eufs_msgs) StdoutLine: {'line': b'[ 51%] Building CXX object CMakeFiles/eufs_msgs__rosidl_typesupport_introspection_cpp.dir/rosidl_typesupport_introspection_cpp/eufs_msgs/srv/detail/set_can_state__type_support.cpp.o\n'}
[12.544335] (-) TimerEvent: {}
[12.623238] (eufs_msgs) StdoutLine: {'line': b'[ 51%] Building CXX object CMakeFiles/eufs_msgs__rosidl_typesupport_introspection_cpp.dir/rosidl_typesupport_introspection_cpp/eufs_msgs/srv/detail/set_string__type_support.cpp.o\n'}
[12.644460] (-) TimerEvent: {}
[12.708921] (eufs_msgs) StdoutLine: {'line': b'[ 52%] Building CXX object CMakeFiles/eufs_msgs__rosidl_typesupport_fastrtps_cpp.dir/rosidl_typesupport_fastrtps_cpp/eufs_msgs/msg/detail/dds_fastrtps/bounding_boxes__type_support.cpp.o\n'}
[12.714022] (eufs_msgs) StdoutLine: {'line': b'[ 52%] Building CXX object CMakeFiles/eufs_msgs__rosidl_typesupport_fastrtps_cpp.dir/rosidl_typesupport_fastrtps_cpp/eufs_msgs/msg/detail/dds_fastrtps/bounding_box__type_support.cpp.o\n'}
[12.720996] (eufs_msgs) StdoutLine: {'line': b'[ 52%] Building CXX object CMakeFiles/eufs_msgs__rosidl_typesupport_fastrtps_cpp.dir/rosidl_typesupport_fastrtps_cpp/eufs_msgs/msg/detail/dds_fastrtps/can_state__type_support.cpp.o\n'}
[12.726459] (eufs_msgs) StdoutLine: {'line': b'[ 52%] Building CXX object CMakeFiles/eufs_msgs__rosidl_typesupport_introspection_cpp.dir/rosidl_typesupport_introspection_cpp/eufs_msgs/srv/detail/set_track__type_support.cpp.o\n'}
[12.742419] (eufs_msgs) StdoutLine: {'line': b'[ 52%] Building CXX object CMakeFiles/eufs_msgs__rosidl_typesupport_introspection_cpp.dir/rosidl_typesupport_introspection_cpp/eufs_msgs/srv/detail/set_mission__type_support.cpp.o\n'}
[12.744565] (-) TimerEvent: {}
[12.749635] (eufs_msgs) StdoutLine: {'line': b'[ 52%] Building CXX object CMakeFiles/eufs_msgs__rosidl_typesupport_fastrtps_cpp.dir/rosidl_typesupport_fastrtps_cpp/eufs_msgs/msg/detail/dds_fastrtps/car_forces__type_support.cpp.o\n'}
[12.773245] (eufs_msgs) StdoutLine: {'line': b'[ 52%] Building CXX object CMakeFiles/eufs_msgs__rosidl_typesupport_fastrtps_cpp.dir/rosidl_typesupport_fastrtps_cpp/eufs_msgs/msg/detail/dds_fastrtps/car_state__type_support.cpp.o\n'}
[12.791281] (eufs_msgs) StdoutLine: {'line': b'[ 52%] Building CXX object CMakeFiles/eufs_msgs__rosidl_typesupport_fastrtps_cpp.dir/rosidl_typesupport_fastrtps_cpp/eufs_msgs/msg/detail/dds_fastrtps/chassis_command__type_support.cpp.o\n'}
[12.799232] (eufs_msgs) StdoutLine: {'line': b'[ 52%] Building CXX object CMakeFiles/eufs_msgs__rosidl_typesupport_introspection_cpp.dir/rosidl_typesupport_introspection_cpp/eufs_msgs/srv/detail/get_map__type_support.cpp.o\n'}
[12.814033] (eufs_msgs) StdoutLine: {'line': b'[ 53%] Building CXX object CMakeFiles/eufs_msgs__rosidl_typesupport_fastrtps_cpp.dir/rosidl_typesupport_fastrtps_cpp/eufs_msgs/msg/detail/dds_fastrtps/chassis_state__type_support.cpp.o\n'}
[12.817307] (eufs_msgs) StdoutLine: {'line': b'[ 53%] Building CXX object CMakeFiles/eufs_msgs__rosidl_typesupport_fastrtps_cpp.dir/rosidl_typesupport_fastrtps_cpp/eufs_msgs/msg/detail/dds_fastrtps/cone_array__type_support.cpp.o\n'}
[12.844698] (-) TimerEvent: {}
[12.849409] (eufs_msgs) StdoutLine: {'line': b'[ 53%] Building CXX object CMakeFiles/eufs_msgs__rosidl_typesupport_fastrtps_c.dir/rosidl_typesupport_fastrtps_c/eufs_msgs/msg/detail/bounding_box__type_support_c.cpp.o\n'}
[12.905847] (eufs_msgs) StdoutLine: {'line': b'[ 53%] Building CXX object CMakeFiles/eufs_msgs__rosidl_typesupport_fastrtps_cpp.dir/rosidl_typesupport_fastrtps_cpp/eufs_msgs/msg/detail/dds_fastrtps/cone_array_with_covariance__type_support.cpp.o\n'}
[12.906043] (eufs_msgs) StdoutLine: {'line': b'[ 53%] Building CXX object CMakeFiles/eufs_msgs__rosidl_typesupport_fastrtps_cpp.dir/rosidl_typesupport_fastrtps_cpp/eufs_msgs/msg/detail/dds_fastrtps/cone_with_color_probability__type_support.cpp.o\n'}
[12.944807] (-) TimerEvent: {}
[13.014854] (eufs_msgs) StdoutLine: {'line': b'[ 53%] Building CXX object CMakeFiles/eufs_msgs__rosidl_typesupport_fastrtps_c.dir/rosidl_typesupport_fastrtps_c/eufs_msgs/msg/detail/bounding_boxes__type_support_c.cpp.o\n'}
[13.044481] (eufs_msgs) StdoutLine: {'line': b'[ 53%] Building CXX object CMakeFiles/eufs_msgs__rosidl_typesupport_fastrtps_cpp.dir/rosidl_typesupport_fastrtps_cpp/eufs_msgs/msg/detail/dds_fastrtps/cone_with_color_probability_array__type_support.cpp.o\n'}
[13.044878] (-) TimerEvent: {}
[13.071032] (eufs_msgs) StdoutLine: {'line': b'[ 53%] Building CXX object CMakeFiles/eufs_msgs__rosidl_typesupport_fastrtps_c.dir/rosidl_typesupport_fastrtps_c/eufs_msgs/msg/detail/can_state__type_support_c.cpp.o\n'}
[13.113917] (eufs_msgs) StdoutLine: {'line': b'[ 54%] Building CXX object CMakeFiles/eufs_msgs__rosidl_typesupport_fastrtps_cpp.dir/rosidl_typesupport_fastrtps_cpp/eufs_msgs/msg/detail/dds_fastrtps/cone_with_covariance__type_support.cpp.o\n'}
[13.145002] (-) TimerEvent: {}
[13.155425] (eufs_msgs) StdoutLine: {'line': b'[ 54%] Building CXX object CMakeFiles/eufs_msgs__rosidl_typesupport_fastrtps_c.dir/rosidl_typesupport_fastrtps_c/eufs_msgs/msg/detail/car_forces__type_support_c.cpp.o\n'}
[13.176166] (eufs_msgs) StdoutLine: {'line': b'[ 55%] Building CXX object CMakeFiles/eufs_msgs__rosidl_typesupport_fastrtps_c.dir/rosidl_typesupport_fastrtps_c/eufs_msgs/msg/detail/car_state__type_support_c.cpp.o\n'}
[13.182255] (eufs_msgs) StdoutLine: {'line': b'[ 55%] Building CXX object CMakeFiles/eufs_msgs__rosidl_typesupport_fastrtps_c.dir/rosidl_typesupport_fastrtps_c/eufs_msgs/msg/detail/chassis_command__type_support_c.cpp.o\n'}
[13.210473] (eufs_msgs) StdoutLine: {'line': b'[ 55%] Building CXX object CMakeFiles/eufs_msgs__rosidl_typesupport_fastrtps_c.dir/rosidl_typesupport_fastrtps_c/eufs_msgs/msg/detail/chassis_state__type_support_c.cpp.o\n'}
[13.236134] (eufs_msgs) StdoutLine: {'line': b'[ 55%] Building CXX object CMakeFiles/eufs_msgs__rosidl_typesupport_fastrtps_cpp.dir/rosidl_typesupport_fastrtps_cpp/eufs_msgs/msg/detail/dds_fastrtps/cone_association__type_support.cpp.o\n'}
[13.245133] (-) TimerEvent: {}
[13.254420] (eufs_msgs) StdoutLine: {'line': b'[ 55%] Building CXX object CMakeFiles/eufs_msgs__rosidl_typesupport_fastrtps_cpp.dir/rosidl_typesupport_fastrtps_cpp/eufs_msgs/msg/detail/dds_fastrtps/cone_association_array__type_support.cpp.o\n'}
[13.280012] (eufs_msgs) StdoutLine: {'line': b'[ 55%] Building CXX object CMakeFiles/eufs_msgs__rosidl_typesupport_fastrtps_c.dir/rosidl_typesupport_fastrtps_c/eufs_msgs/msg/detail/cone_array__type_support_c.cpp.o\n'}
[13.319644] (eufs_msgs) StdoutLine: {'line': b'[ 55%] Building CXX object CMakeFiles/eufs_msgs__rosidl_typesupport_fastrtps_c.dir/rosidl_typesupport_fastrtps_c/eufs_msgs/msg/detail/cone_with_color_probability__type_support_c.cpp.o\n'}
[13.325306] (eufs_msgs) StdoutLine: {'line': b'[ 56%] Building CXX object CMakeFiles/eufs_msgs__rosidl_typesupport_fastrtps_c.dir/rosidl_typesupport_fastrtps_c/eufs_msgs/msg/detail/cone_with_color_probability_array__type_support_c.cpp.o\n'}
[13.326303] (eufs_msgs) StdoutLine: {'line': b'[ 56%] Building CXX object CMakeFiles/eufs_msgs__rosidl_typesupport_fastrtps_c.dir/rosidl_typesupport_fastrtps_c/eufs_msgs/msg/detail/cone_array_with_covariance__type_support_c.cpp.o\n'}
[13.344477] (eufs_msgs) StdoutLine: {'line': b'[ 56%] Building CXX object CMakeFiles/eufs_msgs__rosidl_typesupport_fastrtps_cpp.dir/rosidl_typesupport_fastrtps_cpp/eufs_msgs/msg/detail/dds_fastrtps/cone_association_array_array_stamped__type_support.cpp.o\n'}
[13.345208] (-) TimerEvent: {}
[13.349545] (eufs_msgs) StdoutLine: {'line': b'[ 56%] Building CXX object CMakeFiles/eufs_msgs__rosidl_typesupport_fastrtps_c.dir/rosidl_typesupport_fastrtps_c/eufs_msgs/msg/detail/cone_with_covariance__type_support_c.cpp.o\n'}
[13.365471] (eufs_msgs) StdoutLine: {'line': b'[ 57%] Building CXX object CMakeFiles/eufs_msgs__rosidl_typesupport_fastrtps_c.dir/rosidl_typesupport_fastrtps_c/eufs_msgs/msg/detail/cone_association__type_support_c.cpp.o\n'}
[13.365710] (eufs_msgs) StdoutLine: {'line': b'[ 57%] Linking CXX shared library libeufs_msgs__rosidl_typesupport_introspection_cpp.so\n'}
[13.420301] (eufs_msgs) StdoutLine: {'line': b'[ 57%] Building CXX object CMakeFiles/eufs_msgs__rosidl_typesupport_fastrtps_cpp.dir/rosidl_typesupport_fastrtps_cpp/eufs_msgs/msg/detail/dds_fastrtps/cone_association_array_stamped__type_support.cpp.o\n'}
[13.445349] (-) TimerEvent: {}
[13.494860] (eufs_msgs) StdoutLine: {'line': b'[ 57%] Building CXX object CMakeFiles/eufs_msgs__rosidl_typesupport_fastrtps_c.dir/rosidl_typesupport_fastrtps_c/eufs_msgs/msg/detail/cone_association_array__type_support_c.cpp.o\n'}
[13.534446] (eufs_msgs) StdoutLine: {'line': b'[ 57%] Building CXX object CMakeFiles/eufs_msgs__rosidl_typesupport_fastrtps_cpp.dir/rosidl_typesupport_fastrtps_cpp/eufs_msgs/msg/detail/dds_fastrtps/costmap__type_support.cpp.o\n'}
[13.545473] (-) TimerEvent: {}
[13.557098] (eufs_msgs) StdoutLine: {'line': b'[ 58%] Building CXX object CMakeFiles/eufs_msgs__rosidl_typesupport_fastrtps_cpp.dir/rosidl_typesupport_fastrtps_cpp/eufs_msgs/msg/detail/dds_fastrtps/cpu_usage__type_support.cpp.o\n'}
[13.558387] (eufs_msgs) StdoutLine: {'line': b'[ 58%] Building CXX object CMakeFiles/eufs_msgs__rosidl_typesupport_fastrtps_cpp.dir/rosidl_typesupport_fastrtps_cpp/eufs_msgs/msg/detail/dds_fastrtps/cpu_status__type_support.cpp.o\n'}
[13.590787] (eufs_msgs) StdoutLine: {'line': b'[ 58%] Built target eufs_msgs__rosidl_typesupport_introspection_cpp\n'}
[13.595523] (eufs_msgs) StdoutLine: {'line': b'[ 58%] Building CXX object CMakeFiles/eufs_msgs__rosidl_typesupport_fastrtps_c.dir/rosidl_typesupport_fastrtps_c/eufs_msgs/msg/detail/cone_association_array_array_stamped__type_support_c.cpp.o\n'}
[13.599426] (eufs_msgs) StdoutLine: {'line': b'[ 58%] Building C object CMakeFiles/eufs_msgs__rosidl_typesupport_introspection_c.dir/rosidl_typesupport_introspection_c/eufs_msgs/msg/detail/bounding_box__type_support.c.o\n'}
[13.610455] (eufs_msgs) StdoutLine: {'line': b'[ 58%] Building C object CMakeFiles/eufs_msgs__rosidl_typesupport_introspection_c.dir/rosidl_typesupport_introspection_c/eufs_msgs/msg/detail/bounding_boxes__type_support.c.o\n'}
[13.627344] (eufs_msgs) StdoutLine: {'line': b'[ 58%] Building C object CMakeFiles/eufs_msgs__rosidl_typesupport_introspection_c.dir/rosidl_typesupport_introspection_c/eufs_msgs/msg/detail/can_state__type_support.c.o\n'}
[13.642097] (eufs_msgs) StdoutLine: {'line': b'[ 58%] Building CXX object CMakeFiles/eufs_msgs__rosidl_typesupport_fastrtps_cpp.dir/rosidl_typesupport_fastrtps_cpp/eufs_msgs/msg/detail/dds_fastrtps/ekf_err__type_support.cpp.o\n'}
[13.645576] (-) TimerEvent: {}
[13.666427] (eufs_msgs) StdoutLine: {'line': b'[ 58%] Building CXX object CMakeFiles/eufs_msgs__rosidl_typesupport_fastrtps_cpp.dir/rosidl_typesupport_fastrtps_cpp/eufs_msgs/msg/detail/dds_fastrtps/ekf_state__type_support.cpp.o\n'}
[13.672630] (eufs_msgs) StdoutLine: {'line': b'[ 58%] Building C object CMakeFiles/eufs_msgs__rosidl_typesupport_introspection_c.dir/rosidl_typesupport_introspection_c/eufs_msgs/msg/detail/car_forces__type_support.c.o\n'}
[13.680418] (eufs_msgs) StdoutLine: {'line': b'[ 59%] Building C object CMakeFiles/eufs_msgs__rosidl_typesupport_introspection_c.dir/rosidl_typesupport_introspection_c/eufs_msgs/msg/detail/car_state__type_support.c.o\n'}
[13.680601] (eufs_msgs) StdoutLine: {'line': b'[ 59%] Building CXX object CMakeFiles/eufs_msgs__rosidl_typesupport_fastrtps_cpp.dir/rosidl_typesupport_fastrtps_cpp/eufs_msgs/msg/detail/dds_fastrtps/full_state__type_support.cpp.o\n'}
[13.683244] (eufs_msgs) StdoutLine: {'line': b'[ 60%] Building CXX object CMakeFiles/eufs_msgs__rosidl_typesupport_fastrtps_c.dir/rosidl_typesupport_fastrtps_c/eufs_msgs/msg/detail/cone_association_array_stamped__type_support_c.cpp.o\n'}
[13.685563] (eufs_msgs) StdoutLine: {'line': b'[ 61%] Building CXX object CMakeFiles/eufs_msgs__rosidl_typesupport_fastrtps_cpp.dir/rosidl_typesupport_fastrtps_cpp/eufs_msgs/msg/detail/dds_fastrtps/heartbeat__type_support.cpp.o\n'}
[13.733251] (eufs_msgs) StdoutLine: {'line': b'[ 61%] Building CXX object CMakeFiles/eufs_msgs__rosidl_typesupport_fastrtps_c.dir/rosidl_typesupport_fastrtps_c/eufs_msgs/msg/detail/costmap__type_support_c.cpp.o\n'}
[13.733472] (eufs_msgs) StdoutLine: {'line': b'[ 61%] Building CXX object CMakeFiles/eufs_msgs__rosidl_typesupport_fastrtps_c.dir/rosidl_typesupport_fastrtps_c/eufs_msgs/msg/detail/cpu_status__type_support_c.cpp.o\n'}
[13.737280] (eufs_msgs) StdoutLine: {'line': b'[ 61%] Building C object CMakeFiles/eufs_msgs__rosidl_typesupport_introspection_c.dir/rosidl_typesupport_introspection_c/eufs_msgs/msg/detail/chassis_command__type_support.c.o\n'}
[13.745716] (-) TimerEvent: {}
[13.750962] (eufs_msgs) StdoutLine: {'line': b'[ 61%] Building C object CMakeFiles/eufs_msgs__rosidl_typesupport_introspection_c.dir/rosidl_typesupport_introspection_c/eufs_msgs/msg/detail/chassis_state__type_support.c.o\n'}
[13.765091] (eufs_msgs) StdoutLine: {'line': b'[ 61%] Building CXX object CMakeFiles/eufs_msgs__rosidl_typesupport_fastrtps_cpp.dir/rosidl_typesupport_fastrtps_cpp/eufs_msgs/msg/detail/dds_fastrtps/integration_err__type_support.cpp.o\n'}
[13.765338] (eufs_msgs) StdoutLine: {'line': b'[ 61%] Building C object CMakeFiles/eufs_msgs__rosidl_typesupport_introspection_c.dir/rosidl_typesupport_introspection_c/eufs_msgs/msg/detail/cone_array__type_support.c.o\n'}
[13.770913] (eufs_msgs) StdoutLine: {'line': b'[ 61%] Building CXX object CMakeFiles/eufs_msgs__rosidl_typesupport_fastrtps_c.dir/rosidl_typesupport_fastrtps_c/eufs_msgs/msg/detail/cpu_usage__type_support_c.cpp.o\n'}
[13.789230] (eufs_msgs) StdoutLine: {'line': b'[ 61%] Building CXX object CMakeFiles/eufs_msgs__rosidl_typesupport_fastrtps_cpp.dir/rosidl_typesupport_fastrtps_cpp/eufs_msgs/msg/detail/dds_fastrtps/lap_stats__type_support.cpp.o\n'}
[13.804278] (eufs_msgs) StdoutLine: {'line': b'[ 61%] Building CXX object CMakeFiles/eufs_msgs__rosidl_typesupport_fastrtps_cpp.dir/rosidl_typesupport_fastrtps_cpp/eufs_msgs/msg/detail/dds_fastrtps/mpc_state__type_support.cpp.o\n'}
[13.847258] (-) TimerEvent: {}
[13.860441] (eufs_msgs) StdoutLine: {'line': b'[ 61%] Building C object CMakeFiles/eufs_msgs__rosidl_typesupport_introspection_c.dir/rosidl_typesupport_introspection_c/eufs_msgs/msg/detail/cone_array_with_covariance__type_support.c.o\n'}
[13.882892] (eufs_msgs) StdoutLine: {'line': b'[ 61%] Building C object CMakeFiles/eufs_msgs__rosidl_typesupport_introspection_c.dir/rosidl_typesupport_introspection_c/eufs_msgs/msg/detail/cone_with_color_probability__type_support.c.o\n'}
[13.888653] (eufs_msgs) StdoutLine: {'line': b'[ 61%] Building CXX object CMakeFiles/eufs_msgs__rosidl_typesupport_fastrtps_c.dir/rosidl_typesupport_fastrtps_c/eufs_msgs/msg/detail/ekf_err__type_support_c.cpp.o\n'}
[13.941776] (eufs_msgs) StdoutLine: {'line': b'[ 62%] Building C object CMakeFiles/eufs_msgs__rosidl_typesupport_introspection_c.dir/rosidl_typesupport_introspection_c/eufs_msgs/msg/detail/cone_with_color_probability_array__type_support.c.o\n'}
[13.942028] (eufs_msgs) StdoutLine: {'line': b'[ 62%] Building C object CMakeFiles/eufs_msgs__rosidl_typesupport_introspection_c.dir/rosidl_typesupport_introspection_c/eufs_msgs/msg/detail/cone_with_covariance__type_support.c.o\n'}
[13.952814] (eufs_msgs) StdoutLine: {'line': b'[ 62%] Building C object CMakeFiles/eufs_msgs__rosidl_typesupport_introspection_c.dir/rosidl_typesupport_introspection_c/eufs_msgs/msg/detail/cone_association__type_support.c.o\n'}
[13.953062] (-) TimerEvent: {}
[14.024334] (eufs_msgs) StdoutLine: {'line': b'[ 62%] Building C object CMakeFiles/eufs_msgs__rosidl_typesupport_introspection_c.dir/rosidl_typesupport_introspection_c/eufs_msgs/msg/detail/cone_association_array__type_support.c.o\n'}
[14.024580] (eufs_msgs) StdoutLine: {'line': b'[ 62%] Building CXX object CMakeFiles/eufs_msgs__rosidl_typesupport_fastrtps_cpp.dir/rosidl_typesupport_fastrtps_cpp/eufs_msgs/msg/detail/dds_fastrtps/node_state__type_support.cpp.o\n'}
[14.024673] (eufs_msgs) StdoutLine: {'line': b'[ 62%] Building CXX object CMakeFiles/eufs_msgs__rosidl_typesupport_fastrtps_c.dir/rosidl_typesupport_fastrtps_c/eufs_msgs/msg/detail/ekf_state__type_support_c.cpp.o\n'}
[14.027171] (eufs_msgs) StdoutLine: {'line': b'[ 62%] Building C object CMakeFiles/eufs_msgs__rosidl_typesupport_introspection_c.dir/rosidl_typesupport_introspection_c/eufs_msgs/msg/detail/cone_association_array_array_stamped__type_support.c.o\n'}
[14.031444] (eufs_msgs) StdoutLine: {'line': b'[ 62%] Building CXX object CMakeFiles/eufs_msgs__rosidl_typesupport_fastrtps_cpp.dir/rosidl_typesupport_fastrtps_cpp/eufs_msgs/msg/detail/dds_fastrtps/node_state_array__type_support.cpp.o\n'}
[14.033439] (eufs_msgs) StdoutLine: {'line': b'[ 63%] Building CXX object CMakeFiles/eufs_msgs__rosidl_typesupport_fastrtps_c.dir/rosidl_typesupport_fastrtps_c/eufs_msgs/msg/detail/full_state__type_support_c.cpp.o\n'}
[14.057297] (-) TimerEvent: {}
[14.062365] (eufs_msgs) StdoutLine: {'line': b'[ 64%] Building C object CMakeFiles/eufs_msgs__rosidl_typesupport_introspection_c.dir/rosidl_typesupport_introspection_c/eufs_msgs/msg/detail/cone_association_array_stamped__type_support.c.o\n'}
[14.081040] (eufs_msgs) StdoutLine: {'line': b'[ 64%] Building CXX object CMakeFiles/eufs_msgs__rosidl_typesupport_fastrtps_c.dir/rosidl_typesupport_fastrtps_c/eufs_msgs/msg/detail/heartbeat__type_support_c.cpp.o\n'}
[14.093036] (eufs_msgs) StdoutLine: {'line': b'[ 64%] Building CXX object CMakeFiles/eufs_msgs__rosidl_typesupport_fastrtps_c.dir/rosidl_typesupport_fastrtps_c/eufs_msgs/msg/detail/integration_err__type_support_c.cpp.o\n'}
[14.100638] (eufs_msgs) StdoutLine: {'line': b'[ 64%] Building CXX object CMakeFiles/eufs_msgs__rosidl_typesupport_fastrtps_c.dir/rosidl_typesupport_fastrtps_c/eufs_msgs/msg/detail/lap_stats__type_support_c.cpp.o\n'}
[14.108467] (eufs_msgs) StdoutLine: {'line': b'[ 64%] Building C object CMakeFiles/eufs_msgs__rosidl_typesupport_introspection_c.dir/rosidl_typesupport_introspection_c/eufs_msgs/msg/detail/costmap__type_support.c.o\n'}
[14.117420] (eufs_msgs) StdoutLine: {'line': b'[ 64%] Building C object CMakeFiles/eufs_msgs__rosidl_typesupport_introspection_c.dir/rosidl_typesupport_introspection_c/eufs_msgs/msg/detail/cpu_status__type_support.c.o\n'}
[14.123430] (eufs_msgs) StdoutLine: {'line': b'[ 64%] Building C object CMakeFiles/eufs_msgs__rosidl_typesupport_introspection_c.dir/rosidl_typesupport_introspection_c/eufs_msgs/msg/detail/cpu_usage__type_support.c.o\n'}
[14.123609] (eufs_msgs) StdoutLine: {'line': b'[ 64%] Building CXX object CMakeFiles/eufs_msgs__rosidl_typesupport_fastrtps_c.dir/rosidl_typesupport_fastrtps_c/eufs_msgs/msg/detail/mpc_state__type_support_c.cpp.o\n'}
[14.139487] (eufs_msgs) StdoutLine: {'line': b'[ 64%] Building C object CMakeFiles/eufs_msgs__rosidl_typesupport_introspection_c.dir/rosidl_typesupport_introspection_c/eufs_msgs/msg/detail/ekf_err__type_support.c.o\n'}
[14.151427] (eufs_msgs) StdoutLine: {'line': b'[ 65%] Building CXX object CMakeFiles/eufs_msgs__rosidl_typesupport_fastrtps_cpp.dir/rosidl_typesupport_fastrtps_cpp/eufs_msgs/msg/detail/dds_fastrtps/oss__type_support.cpp.o\n'}
[14.158454] (-) TimerEvent: {}
[14.171500] (eufs_msgs) StdoutLine: {'line': b'[ 66%] Building C object CMakeFiles/eufs_msgs__rosidl_typesupport_introspection_c.dir/rosidl_typesupport_introspection_c/eufs_msgs/msg/detail/ekf_state__type_support.c.o\n'}
[14.179294] (eufs_msgs) StdoutLine: {'line': b'[ 66%] Building CXX object CMakeFiles/eufs_msgs__rosidl_typesupport_fastrtps_c.dir/rosidl_typesupport_fastrtps_c/eufs_msgs/msg/detail/node_state_array__type_support_c.cpp.o\n'}
[14.180348] (eufs_msgs) StdoutLine: {'line': b'[ 67%] Building CXX object CMakeFiles/eufs_msgs__rosidl_typesupport_fastrtps_c.dir/rosidl_typesupport_fastrtps_c/eufs_msgs/msg/detail/node_state__type_support_c.cpp.o\n'}
[14.187410] (eufs_msgs) StdoutLine: {'line': b'[ 67%] Building C object CMakeFiles/eufs_msgs__rosidl_typesupport_introspection_c.dir/rosidl_typesupport_introspection_c/eufs_msgs/msg/detail/full_state__type_support.c.o\n'}
[14.187616] (eufs_msgs) StdoutLine: {'line': b'[ 67%] Building CXX object CMakeFiles/eufs_msgs__rosidl_typesupport_fastrtps_cpp.dir/rosidl_typesupport_fastrtps_cpp/eufs_msgs/msg/detail/dds_fastrtps/particle__type_support.cpp.o\n'}
[14.190520] (eufs_msgs) StdoutLine: {'line': b'[ 67%] Building C object CMakeFiles/eufs_msgs__rosidl_typesupport_introspection_c.dir/rosidl_typesupport_introspection_c/eufs_msgs/msg/detail/heartbeat__type_support.c.o\n'}
[14.196807] (eufs_msgs) StdoutLine: {'line': b'[ 67%] Building CXX object CMakeFiles/eufs_msgs__rosidl_typesupport_fastrtps_cpp.dir/rosidl_typesupport_fastrtps_cpp/eufs_msgs/msg/detail/dds_fastrtps/particle_slam__type_support.cpp.o\n'}
[14.217014] (eufs_msgs) StdoutLine: {'line': b'[ 67%] Building CXX object CMakeFiles/eufs_msgs__rosidl_typesupport_fastrtps_cpp.dir/rosidl_typesupport_fastrtps_cpp/eufs_msgs/msg/detail/dds_fastrtps/particle_slam_stamped__type_support.cpp.o\n'}
[14.231276] (eufs_msgs) StdoutLine: {'line': b'[ 67%] Building CXX object CMakeFiles/eufs_msgs__rosidl_typesupport_fastrtps_cpp.dir/rosidl_typesupport_fastrtps_cpp/eufs_msgs/msg/detail/dds_fastrtps/particle_stamped__type_support.cpp.o\n'}
[14.239281] (eufs_msgs) StdoutLine: {'line': b'[ 67%] Building C object CMakeFiles/eufs_msgs__rosidl_typesupport_introspection_c.dir/rosidl_typesupport_introspection_c/eufs_msgs/msg/detail/integration_err__type_support.c.o\n'}
[14.258572] (-) TimerEvent: {}
[14.260083] (eufs_msgs) StdoutLine: {'line': b'[ 67%] Building C object CMakeFiles/eufs_msgs__rosidl_typesupport_introspection_c.dir/rosidl_typesupport_introspection_c/eufs_msgs/msg/detail/lap_stats__type_support.c.o\n'}
[14.291400] (eufs_msgs) StdoutLine: {'line': b'[ 67%] Building CXX object CMakeFiles/eufs_msgs__rosidl_typesupport_fastrtps_c.dir/rosidl_typesupport_fastrtps_c/eufs_msgs/msg/detail/oss__type_support_c.cpp.o\n'}
[14.299387] (eufs_msgs) StdoutLine: {'line': b'[ 67%] Building CXX object CMakeFiles/eufs_msgs__rosidl_typesupport_fastrtps_c.dir/rosidl_typesupport_fastrtps_c/eufs_msgs/msg/detail/particle__type_support_c.cpp.o\n'}
[14.313587] (eufs_msgs) StdoutLine: {'line': b'[ 67%] Building C object CMakeFiles/eufs_msgs__rosidl_typesupport_introspection_c.dir/rosidl_typesupport_introspection_c/eufs_msgs/msg/detail/mpc_state__type_support.c.o\n'}
[14.346439] (eufs_msgs) StdoutLine: {'line': b'[ 67%] Building CXX object CMakeFiles/eufs_msgs__rosidl_typesupport_fastrtps_c.dir/rosidl_typesupport_fastrtps_c/eufs_msgs/msg/detail/particle_slam__type_support_c.cpp.o\n'}
[14.358685] (-) TimerEvent: {}
[14.374246] (eufs_msgs) StdoutLine: {'line': b'[ 68%] Building C object CMakeFiles/eufs_msgs__rosidl_typesupport_introspection_c.dir/rosidl_typesupport_introspection_c/eufs_msgs/msg/detail/node_state__type_support.c.o\n'}
[14.376514] (eufs_msgs) StdoutLine: {'line': b'[ 68%] Building CXX object CMakeFiles/eufs_msgs__rosidl_typesupport_fastrtps_c.dir/rosidl_typesupport_fastrtps_c/eufs_msgs/msg/detail/particle_slam_stamped__type_support_c.cpp.o\n'}
[14.409775] (eufs_msgs) StdoutLine: {'line': b'[ 68%] Building C object CMakeFiles/eufs_msgs__rosidl_typesupport_introspection_c.dir/rosidl_typesupport_introspection_c/eufs_msgs/msg/detail/node_state_array__type_support.c.o\n'}
[14.439494] (eufs_msgs) StdoutLine: {'line': b'[ 68%] Building C object CMakeFiles/eufs_msgs__rosidl_typesupport_introspection_c.dir/rosidl_typesupport_introspection_c/eufs_msgs/msg/detail/oss__type_support.c.o\n'}
[14.453328] (eufs_msgs) StdoutLine: {'line': b'[ 69%] Building CXX object CMakeFiles/eufs_msgs__rosidl_typesupport_fastrtps_cpp.dir/rosidl_typesupport_fastrtps_cpp/eufs_msgs/msg/detail/dds_fastrtps/path_integral_params__type_support.cpp.o\n'}
[14.457653] (eufs_msgs) StdoutLine: {'line': b'[ 70%] Building CXX object CMakeFiles/eufs_msgs__rosidl_typesupport_fastrtps_cpp.dir/rosidl_typesupport_fastrtps_cpp/eufs_msgs/msg/detail/dds_fastrtps/path_integral_stats__type_support.cpp.o\n'}
[14.457855] (eufs_msgs) StdoutLine: {'line': b'[ 70%] Building CXX object CMakeFiles/eufs_msgs__rosidl_typesupport_fastrtps_c.dir/rosidl_typesupport_fastrtps_c/eufs_msgs/msg/detail/particle_stamped__type_support_c.cpp.o\n'}
[14.458070] (eufs_msgs) StdoutLine: {'line': b'[ 70%] Building CXX object CMakeFiles/eufs_msgs__rosidl_typesupport_fastrtps_cpp.dir/rosidl_typesupport_fastrtps_cpp/eufs_msgs/msg/detail/dds_fastrtps/path_integral_status__type_support.cpp.o\n'}
[14.461258] (-) TimerEvent: {}
[14.486447] (eufs_msgs) StdoutLine: {'line': b'[ 70%] Building CXX object CMakeFiles/eufs_msgs__rosidl_typesupport_fastrtps_c.dir/rosidl_typesupport_fastrtps_c/eufs_msgs/msg/detail/path_integral_params__type_support_c.cpp.o\n'}
[14.498030] (eufs_msgs) StdoutLine: {'line': b'[ 70%] Building C object CMakeFiles/eufs_msgs__rosidl_typesupport_introspection_c.dir/rosidl_typesupport_introspection_c/eufs_msgs/msg/detail/particle__type_support.c.o\n'}
[14.518047] (eufs_msgs) StdoutLine: {'line': b'[ 70%] Building CXX object CMakeFiles/eufs_msgs__rosidl_typesupport_fastrtps_c.dir/rosidl_typesupport_fastrtps_c/eufs_msgs/msg/detail/path_integral_stats__type_support_c.cpp.o\n'}
[14.524001] (eufs_msgs) StdoutLine: {'line': b'[ 70%] Building CXX object CMakeFiles/eufs_msgs__rosidl_typesupport_fastrtps_cpp.dir/rosidl_typesupport_fastrtps_cpp/eufs_msgs/msg/detail/dds_fastrtps/path_integral_timing__type_support.cpp.o\n'}
[14.545272] (eufs_msgs) StdoutLine: {'line': b'[ 70%] Building C object CMakeFiles/eufs_msgs__rosidl_typesupport_introspection_c.dir/rosidl_typesupport_introspection_c/eufs_msgs/msg/detail/particle_slam__type_support.c.o\n'}
[14.561393] (-) TimerEvent: {}
[14.592703] (eufs_msgs) StdoutLine: {'line': b'[ 71%] Building C object CMakeFiles/eufs_msgs__rosidl_typesupport_introspection_c.dir/rosidl_typesupport_introspection_c/eufs_msgs/msg/detail/particle_slam_stamped__type_support.c.o\n'}
[14.599262] (eufs_msgs) StdoutLine: {'line': b'[ 71%] Building CXX object CMakeFiles/eufs_msgs__rosidl_typesupport_fastrtps_c.dir/rosidl_typesupport_fastrtps_c/eufs_msgs/msg/detail/path_integral_status__type_support_c.cpp.o\n'}
[14.643264] (eufs_msgs) StdoutLine: {'line': b'[ 71%] Building C object CMakeFiles/eufs_msgs__rosidl_typesupport_introspection_c.dir/rosidl_typesupport_introspection_c/eufs_msgs/msg/detail/particle_stamped__type_support.c.o\n'}
[14.661500] (-) TimerEvent: {}
[14.684284] (eufs_msgs) StdoutLine: {'line': b'[ 71%] Building C object CMakeFiles/eufs_msgs__rosidl_typesupport_introspection_c.dir/rosidl_typesupport_introspection_c/eufs_msgs/msg/detail/path_integral_params__type_support.c.o\n'}
[14.692625] (eufs_msgs) StdoutLine: {'line': b'[ 71%] Building CXX object CMakeFiles/eufs_msgs__rosidl_typesupport_fastrtps_c.dir/rosidl_typesupport_fastrtps_c/eufs_msgs/msg/detail/path_integral_timing__type_support_c.cpp.o\n'}
[14.707883] (eufs_msgs) StdoutLine: {'line': b'[ 71%] Building CXX object CMakeFiles/eufs_msgs__rosidl_typesupport_fastrtps_cpp.dir/rosidl_typesupport_fastrtps_cpp/eufs_msgs/msg/detail/dds_fastrtps/point_array__type_support.cpp.o\n'}
[14.708089] (eufs_msgs) StdoutLine: {'line': b'[ 71%] Building CXX object CMakeFiles/eufs_msgs__rosidl_typesupport_fastrtps_cpp.dir/rosidl_typesupport_fastrtps_cpp/eufs_msgs/msg/detail/dds_fastrtps/planning_mode__type_support.cpp.o\n'}
[14.713278] (eufs_msgs) StdoutLine: {'line': b'[ 72%] Building CXX object CMakeFiles/eufs_msgs__rosidl_typesupport_fastrtps_c.dir/rosidl_typesupport_fastrtps_c/eufs_msgs/msg/detail/planning_mode__type_support_c.cpp.o\n'}
[14.721771] (eufs_msgs) StdoutLine: {'line': b'[ 72%] Building CXX object CMakeFiles/eufs_msgs__rosidl_typesupport_fastrtps_c.dir/rosidl_typesupport_fastrtps_c/eufs_msgs/msg/detail/point_array__type_support_c.cpp.o\n'}
[14.726729] (eufs_msgs) StdoutLine: {'line': b'[ 72%] Building C object CMakeFiles/eufs_msgs__rosidl_typesupport_introspection_c.dir/rosidl_typesupport_introspection_c/eufs_msgs/msg/detail/path_integral_stats__type_support.c.o\n'}
[14.757009] (eufs_msgs) StdoutLine: {'line': b'[ 72%] Building CXX object CMakeFiles/eufs_msgs__rosidl_typesupport_fastrtps_cpp.dir/rosidl_typesupport_fastrtps_cpp/eufs_msgs/msg/detail/dds_fastrtps/pure_pursuit_checkpoint__type_support.cpp.o\n'}
[14.759662] (eufs_msgs) StdoutLine: {'line': b'[ 73%] Building CXX object CMakeFiles/eufs_msgs__rosidl_typesupport_fastrtps_cpp.dir/rosidl_typesupport_fastrtps_cpp/eufs_msgs/msg/detail/dds_fastrtps/point_array_stamped__type_support.cpp.o\n'}
[14.761710] (-) TimerEvent: {}
[14.763133] (eufs_msgs) StdoutLine: {'line': b'[ 73%] Building CXX object CMakeFiles/eufs_msgs__rosidl_typesupport_fastrtps_cpp.dir/rosidl_typesupport_fastrtps_cpp/eufs_msgs/msg/detail/dds_fastrtps/pure_pursuit_checkpoint_array_stamped__type_support.cpp.o\n'}
[14.765241] (eufs_msgs) StdoutLine: {'line': b'[ 73%] Building CXX object CMakeFiles/eufs_msgs__rosidl_typesupport_fastrtps_c.dir/rosidl_typesupport_fastrtps_c/eufs_msgs/msg/detail/point_array_stamped__type_support_c.cpp.o\n'}
[14.770747] (eufs_msgs) StdoutLine: {'line': b'[ 73%] Building CXX object CMakeFiles/eufs_msgs__rosidl_typesupport_fastrtps_c.dir/rosidl_typesupport_fastrtps_c/eufs_msgs/msg/detail/pure_pursuit_checkpoint__type_support_c.cpp.o\n'}
[14.778490] (eufs_msgs) StdoutLine: {'line': b'[ 73%] Building C object CMakeFiles/eufs_msgs__rosidl_typesupport_introspection_c.dir/rosidl_typesupport_introspection_c/eufs_msgs/msg/detail/path_integral_status__type_support.c.o\n'}
[14.825495] (eufs_msgs) StdoutLine: {'line': b'[ 73%] Building C object CMakeFiles/eufs_msgs__rosidl_typesupport_introspection_c.dir/rosidl_typesupport_introspection_c/eufs_msgs/msg/detail/path_integral_timing__type_support.c.o\n'}
[14.834750] (eufs_msgs) StdoutLine: {'line': b'[ 73%] Building CXX object CMakeFiles/eufs_msgs__rosidl_typesupport_fastrtps_cpp.dir/rosidl_typesupport_fastrtps_cpp/eufs_msgs/msg/detail/dds_fastrtps/runstop__type_support.cpp.o\n'}
[14.862279] (-) TimerEvent: {}
[14.873241] (eufs_msgs) StdoutLine: {'line': b'[ 74%] Building C object CMakeFiles/eufs_msgs__rosidl_typesupport_introspection_c.dir/rosidl_typesupport_introspection_c/eufs_msgs/msg/detail/point_array__type_support.c.o\n'}
[14.873485] (eufs_msgs) StdoutLine: {'line': b'[ 74%] Building C object CMakeFiles/eufs_msgs__rosidl_typesupport_introspection_c.dir/rosidl_typesupport_introspection_c/eufs_msgs/msg/detail/planning_mode__type_support.c.o\n'}
[14.877247] (eufs_msgs) StdoutLine: {'line': b'[ 74%] Building CXX object CMakeFiles/eufs_msgs__rosidl_typesupport_fastrtps_cpp.dir/rosidl_typesupport_fastrtps_cpp/eufs_msgs/msg/detail/dds_fastrtps/slam_err__type_support.cpp.o\n'}
[14.890666] (eufs_msgs) StdoutLine: {'line': b'[ 75%] Building CXX object CMakeFiles/eufs_msgs__rosidl_typesupport_fastrtps_cpp.dir/rosidl_typesupport_fastrtps_cpp/eufs_msgs/msg/detail/dds_fastrtps/slam_state__type_support.cpp.o\n'}
[14.906261] (eufs_msgs) StdoutLine: {'line': b'[ 75%] Building CXX object CMakeFiles/eufs_msgs__rosidl_typesupport_fastrtps_cpp.dir/rosidl_typesupport_fastrtps_cpp/eufs_msgs/msg/detail/dds_fastrtps/state_machine_state__type_support.cpp.o\n'}
[14.911056] (eufs_msgs) StdoutLine: {'line': b'[ 75%] Building CXX object CMakeFiles/eufs_msgs__rosidl_typesupport_fastrtps_cpp.dir/rosidl_typesupport_fastrtps_cpp/eufs_msgs/msg/detail/dds_fastrtps/stereo_image__type_support.cpp.o\n'}
[14.913261] (eufs_msgs) StdoutLine: {'line': b'[ 75%] Building CXX object CMakeFiles/eufs_msgs__rosidl_typesupport_fastrtps_cpp.dir/rosidl_typesupport_fastrtps_cpp/eufs_msgs/msg/detail/dds_fastrtps/system_status__type_support.cpp.o\n'}
[14.927494] (eufs_msgs) StdoutLine: {'line': b'[ 75%] Building C object CMakeFiles/eufs_msgs__rosidl_typesupport_introspection_c.dir/rosidl_typesupport_introspection_c/eufs_msgs/msg/detail/point_array_stamped__type_support.c.o\n'}
[14.933992] (eufs_msgs) StdoutLine: {'line': b'[ 75%] Building CXX object CMakeFiles/eufs_msgs__rosidl_typesupport_fastrtps_c.dir/rosidl_typesupport_fastrtps_c/eufs_msgs/msg/detail/pure_pursuit_checkpoint_array_stamped__type_support_c.cpp.o\n'}
[14.962402] (-) TimerEvent: {}
[14.973409] (eufs_msgs) StdoutLine: {'line': b'[ 75%] Building CXX object CMakeFiles/eufs_msgs__rosidl_typesupport_fastrtps_cpp.dir/rosidl_typesupport_fastrtps_cpp/eufs_msgs/msg/detail/dds_fastrtps/topic_status__type_support.cpp.o\n'}
[14.985411] (eufs_msgs) StdoutLine: {'line': b'[ 75%] Building C object CMakeFiles/eufs_msgs__rosidl_typesupport_introspection_c.dir/rosidl_typesupport_introspection_c/eufs_msgs/msg/detail/pure_pursuit_checkpoint__type_support.c.o\n'}
[15.042345] (eufs_msgs) StdoutLine: {'line': b'[ 75%] Building C object CMakeFiles/eufs_msgs__rosidl_typesupport_introspection_c.dir/rosidl_typesupport_introspection_c/eufs_msgs/msg/detail/pure_pursuit_checkpoint_array_stamped__type_support.c.o\n'}
[15.054485] (eufs_msgs) StdoutLine: {'line': b'[ 76%] Building C object CMakeFiles/eufs_msgs__rosidl_typesupport_introspection_c.dir/rosidl_typesupport_introspection_c/eufs_msgs/msg/detail/runstop__type_support.c.o\n'}
[15.063347] (-) TimerEvent: {}
[15.096623] (eufs_msgs) StdoutLine: {'line': b'[ 76%] Building C object CMakeFiles/eufs_msgs__rosidl_typesupport_introspection_c.dir/rosidl_typesupport_introspection_c/eufs_msgs/msg/detail/slam_err__type_support.c.o\n'}
[15.108208] (eufs_msgs) StdoutLine: {'line': b'[ 77%] Building CXX object CMakeFiles/eufs_msgs__rosidl_typesupport_fastrtps_c.dir/rosidl_typesupport_fastrtps_c/eufs_msgs/msg/detail/runstop__type_support_c.cpp.o\n'}
[15.132342] (eufs_msgs) StdoutLine: {'line': b'[ 77%] Building C object CMakeFiles/eufs_msgs__rosidl_typesupport_introspection_c.dir/rosidl_typesupport_introspection_c/eufs_msgs/msg/detail/slam_state__type_support.c.o\n'}
[15.140981] (eufs_msgs) StdoutLine: {'line': b'[ 77%] Building C object CMakeFiles/eufs_msgs__rosidl_typesupport_introspection_c.dir/rosidl_typesupport_introspection_c/eufs_msgs/msg/detail/state_machine_state__type_support.c.o\n'}
[15.142620] (eufs_msgs) StdoutLine: {'line': b'[ 77%] Building C object CMakeFiles/eufs_msgs__rosidl_typesupport_introspection_c.dir/rosidl_typesupport_introspection_c/eufs_msgs/msg/detail/stereo_image__type_support.c.o\n'}
[15.163493] (-) TimerEvent: {}
[15.181215] (eufs_msgs) StdoutLine: {'line': b'[ 78%] Building CXX object CMakeFiles/eufs_msgs__rosidl_typesupport_fastrtps_cpp.dir/rosidl_typesupport_fastrtps_cpp/eufs_msgs/msg/detail/dds_fastrtps/vehicle_commands__type_support.cpp.o\n'}
[15.183601] (eufs_msgs) StdoutLine: {'line': b'[ 78%] Building CXX object CMakeFiles/eufs_msgs__rosidl_typesupport_fastrtps_c.dir/rosidl_typesupport_fastrtps_c/eufs_msgs/msg/detail/slam_err__type_support_c.cpp.o\n'}
[15.195127] (eufs_msgs) StdoutLine: {'line': b'[ 78%] Building C object CMakeFiles/eufs_msgs__rosidl_typesupport_introspection_c.dir/rosidl_typesupport_introspection_c/eufs_msgs/msg/detail/system_status__type_support.c.o\n'}
[15.201244] (eufs_msgs) StdoutLine: {'line': b'[ 79%] Building C object CMakeFiles/eufs_msgs__rosidl_typesupport_introspection_c.dir/rosidl_typesupport_introspection_c/eufs_msgs/msg/detail/topic_status__type_support.c.o\n'}
[15.220467] (eufs_msgs) StdoutLine: {'line': b'[ 79%] Building C object CMakeFiles/eufs_msgs__rosidl_typesupport_introspection_c.dir/rosidl_typesupport_introspection_c/eufs_msgs/msg/detail/vehicle_commands__type_support.c.o\n'}
[15.225448] (eufs_msgs) StdoutLine: {'line': b'[ 79%] Building C object CMakeFiles/eufs_msgs__rosidl_typesupport_introspection_c.dir/rosidl_typesupport_introspection_c/eufs_msgs/msg/detail/vehicle_commands_stamped__type_support.c.o\n'}
[15.242264] (eufs_msgs) StdoutLine: {'line': b'[ 79%] Building C object CMakeFiles/eufs_msgs__rosidl_typesupport_introspection_c.dir/rosidl_typesupport_introspection_c/eufs_msgs/msg/detail/waypoint__type_support.c.o\n'}
[15.244106] (eufs_msgs) StdoutLine: {'line': b'[ 79%] Building C object CMakeFiles/eufs_msgs__rosidl_typesupport_introspection_c.dir/rosidl_typesupport_introspection_c/eufs_msgs/msg/detail/waypoint_array_stamped__type_support.c.o\n'}
[15.251122] (eufs_msgs) StdoutLine: {'line': b'[ 80%] Building C object CMakeFiles/eufs_msgs__rosidl_typesupport_introspection_c.dir/rosidl_typesupport_introspection_c/eufs_msgs/msg/detail/wheel_odometry_err__type_support.c.o\n'}
[15.262319] (eufs_msgs) StdoutLine: {'line': b'[ 80%] Building CXX object CMakeFiles/eufs_msgs__rosidl_typesupport_fastrtps_c.dir/rosidl_typesupport_fastrtps_c/eufs_msgs/msg/detail/slam_state__type_support_c.cpp.o\n'}
[15.264964] (-) TimerEvent: {}
[15.277417] (eufs_msgs) StdoutLine: {'line': b'[ 80%] Building CXX object CMakeFiles/eufs_msgs__rosidl_typesupport_fastrtps_cpp.dir/rosidl_typesupport_fastrtps_cpp/eufs_msgs/msg/detail/dds_fastrtps/vehicle_commands_stamped__type_support.cpp.o\n'}
[15.291634] (eufs_msgs) StdoutLine: {'line': b'[ 80%] Building C object CMakeFiles/eufs_msgs__rosidl_typesupport_introspection_c.dir/rosidl_typesupport_introspection_c/eufs_msgs/msg/detail/wheel_speeds__type_support.c.o\n'}
[15.291814] (eufs_msgs) StdoutLine: {'line': b'[ 80%] Building CXX object CMakeFiles/eufs_msgs__rosidl_typesupport_fastrtps_c.dir/rosidl_typesupport_fastrtps_c/eufs_msgs/msg/detail/state_machine_state__type_support_c.cpp.o\n'}
[15.297316] (eufs_msgs) StdoutLine: {'line': b'[ 80%] Building CXX object CMakeFiles/eufs_msgs__rosidl_typesupport_fastrtps_cpp.dir/rosidl_typesupport_fastrtps_cpp/eufs_msgs/msg/detail/dds_fastrtps/waypoint__type_support.cpp.o\n'}
[15.299880] (eufs_msgs) StdoutLine: {'line': b'[ 80%] Building CXX object CMakeFiles/eufs_msgs__rosidl_typesupport_fastrtps_c.dir/rosidl_typesupport_fastrtps_c/eufs_msgs/msg/detail/stereo_image__type_support_c.cpp.o\n'}
[15.319778] (eufs_msgs) StdoutLine: {'line': b'[ 80%] Building CXX object CMakeFiles/eufs_msgs__rosidl_typesupport_fastrtps_cpp.dir/rosidl_typesupport_fastrtps_cpp/eufs_msgs/msg/detail/dds_fastrtps/waypoint_array_stamped__type_support.cpp.o\n'}
[15.337617] (eufs_msgs) StdoutLine: {'line': b'[ 80%] Building C object CMakeFiles/eufs_msgs__rosidl_typesupport_introspection_c.dir/rosidl_typesupport_introspection_c/eufs_msgs/msg/detail/wheel_speeds_stamped__type_support.c.o\n'}
[15.339721] (eufs_msgs) StdoutLine: {'line': b'[ 80%] Building CXX object CMakeFiles/eufs_msgs__rosidl_typesupport_fastrtps_cpp.dir/rosidl_typesupport_fastrtps_cpp/eufs_msgs/msg/detail/dds_fastrtps/wheel_odometry_err__type_support.cpp.o\n'}
[15.343246] (eufs_msgs) StdoutLine: {'line': b'[ 81%] Building CXX object CMakeFiles/eufs_msgs__rosidl_typesupport_fastrtps_c.dir/rosidl_typesupport_fastrtps_c/eufs_msgs/msg/detail/topic_status__type_support_c.cpp.o\n'}
[15.343460] (eufs_msgs) StdoutLine: {'line': b'[ 81%] Building CXX object CMakeFiles/eufs_msgs__rosidl_typesupport_fastrtps_cpp.dir/rosidl_typesupport_fastrtps_cpp/eufs_msgs/msg/detail/dds_fastrtps/wheel_speeds__type_support.cpp.o\n'}
[15.345203] (eufs_msgs) StdoutLine: {'line': b'[ 81%] Building CXX object CMakeFiles/eufs_msgs__rosidl_typesupport_fastrtps_c.dir/rosidl_typesupport_fastrtps_c/eufs_msgs/msg/detail/system_status__type_support_c.cpp.o\n'}
[15.357483] (eufs_msgs) StdoutLine: {'line': b'[ 81%] Building CXX object CMakeFiles/eufs_msgs__rosidl_typesupport_fastrtps_c.dir/rosidl_typesupport_fastrtps_c/eufs_msgs/msg/detail/vehicle_commands__type_support_c.cpp.o\n'}
[15.365084] (-) TimerEvent: {}
[15.402239] (eufs_msgs) StdoutLine: {'line': b'[ 81%] Building C object CMakeFiles/eufs_msgs__rosidl_typesupport_introspection_c.dir/rosidl_typesupport_introspection_c/eufs_msgs/action/detail/check_for_objects__type_support.c.o\n'}
[15.402605] (eufs_msgs) StdoutLine: {'line': b'[ 82%] Building CXX object CMakeFiles/eufs_msgs__rosidl_typesupport_fastrtps_cpp.dir/rosidl_typesupport_fastrtps_cpp/eufs_msgs/msg/detail/dds_fastrtps/wheel_speeds_stamped__type_support.cpp.o\n'}
[15.409251] (eufs_msgs) StdoutLine: {'line': b'[ 82%] Building C object CMakeFiles/eufs_msgs__rosidl_typesupport_introspection_c.dir/rosidl_typesupport_introspection_c/eufs_msgs/srv/detail/record_start__type_support.c.o\n'}
[15.409510] (eufs_msgs) StdoutLine: {'line': b'[ 82%] Building CXX object CMakeFiles/eufs_msgs__rosidl_typesupport_fastrtps_c.dir/rosidl_typesupport_fastrtps_c/eufs_msgs/msg/detail/vehicle_commands_stamped__type_support_c.cpp.o\n'}
[15.426825] (eufs_msgs) StdoutLine: {'line': b'[ 83%] Building C object CMakeFiles/eufs_msgs__rosidl_typesupport_introspection_c.dir/rosidl_typesupport_introspection_c/eufs_msgs/srv/detail/record_stop__type_support.c.o\n'}
[15.439381] (eufs_msgs) StdoutLine: {'line': b'[ 83%] Building CXX object CMakeFiles/eufs_msgs__rosidl_typesupport_fastrtps_c.dir/rosidl_typesupport_fastrtps_c/eufs_msgs/msg/detail/waypoint__type_support_c.cpp.o\n'}
[15.465225] (-) TimerEvent: {}
[15.476077] (eufs_msgs) StdoutLine: {'line': b'[ 83%] Building CXX object CMakeFiles/eufs_msgs__rosidl_typesupport_fastrtps_c.dir/rosidl_typesupport_fastrtps_c/eufs_msgs/msg/detail/waypoint_array_stamped__type_support_c.cpp.o\n'}
[15.486434] (eufs_msgs) StdoutLine: {'line': b'[ 83%] Building C object CMakeFiles/eufs_msgs__rosidl_typesupport_introspection_c.dir/rosidl_typesupport_introspection_c/eufs_msgs/srv/detail/register__type_support.c.o\n'}
[15.497002] (eufs_msgs) StdoutLine: {'line': b'[ 83%] Building C object CMakeFiles/eufs_msgs__rosidl_typesupport_introspection_c.dir/rosidl_typesupport_introspection_c/eufs_msgs/srv/detail/set_can_state__type_support.c.o\n'}
[15.543379] (eufs_msgs) StdoutLine: {'line': b'[ 83%] Building CXX object CMakeFiles/eufs_msgs__rosidl_typesupport_fastrtps_cpp.dir/rosidl_typesupport_fastrtps_cpp/eufs_msgs/action/detail/dds_fastrtps/check_for_objects__type_support.cpp.o\n'}
[15.559413] (eufs_msgs) StdoutLine: {'line': b'[ 83%] Building C object CMakeFiles/eufs_msgs__rosidl_typesupport_introspection_c.dir/rosidl_typesupport_introspection_c/eufs_msgs/srv/detail/set_string__type_support.c.o\n'}
[15.565325] (-) TimerEvent: {}
[15.566943] (eufs_msgs) StdoutLine: {'line': b'[ 84%] Building CXX object CMakeFiles/eufs_msgs__rosidl_typesupport_fastrtps_c.dir/rosidl_typesupport_fastrtps_c/eufs_msgs/msg/detail/wheel_odometry_err__type_support_c.cpp.o\n'}
[15.578145] (eufs_msgs) StdoutLine: {'line': b'[ 84%] Building CXX object CMakeFiles/eufs_msgs__rosidl_typesupport_fastrtps_cpp.dir/rosidl_typesupport_fastrtps_cpp/eufs_msgs/srv/detail/dds_fastrtps/record_start__type_support.cpp.o\n'}
[15.606954] (eufs_msgs) StdoutLine: {'line': b'[ 84%] Building C object CMakeFiles/eufs_msgs__rosidl_typesupport_introspection_c.dir/rosidl_typesupport_introspection_c/eufs_msgs/srv/detail/set_track__type_support.c.o\n'}
[15.648850] (eufs_msgs) StdoutLine: {'line': b'[ 84%] Building C object CMakeFiles/eufs_msgs__rosidl_typesupport_introspection_c.dir/rosidl_typesupport_introspection_c/eufs_msgs/srv/detail/set_mission__type_support.c.o\n'}
[15.654439] (eufs_msgs) StdoutLine: {'line': b'[ 85%] Building C object CMakeFiles/eufs_msgs__rosidl_typesupport_introspection_c.dir/rosidl_typesupport_introspection_c/eufs_msgs/srv/detail/get_map__type_support.c.o\n'}
[15.665459] (-) TimerEvent: {}
[15.691053] (eufs_msgs) StdoutLine: {'line': b'[ 85%] Building CXX object CMakeFiles/eufs_msgs__rosidl_typesupport_fastrtps_c.dir/rosidl_typesupport_fastrtps_c/eufs_msgs/msg/detail/wheel_speeds__type_support_c.cpp.o\n'}
[15.706406] (eufs_msgs) StdoutLine: {'line': b'[ 85%] Linking C shared library libeufs_msgs__rosidl_typesupport_introspection_c.so\n'}
[15.727723] (eufs_msgs) StdoutLine: {'line': b'[ 85%] Building CXX object CMakeFiles/eufs_msgs__rosidl_typesupport_fastrtps_cpp.dir/rosidl_typesupport_fastrtps_cpp/eufs_msgs/srv/detail/dds_fastrtps/record_stop__type_support.cpp.o\n'}
[15.734242] (eufs_msgs) StdoutLine: {'line': b'[ 85%] Building CXX object CMakeFiles/eufs_msgs__rosidl_typesupport_fastrtps_c.dir/rosidl_typesupport_fastrtps_c/eufs_msgs/msg/detail/wheel_speeds_stamped__type_support_c.cpp.o\n'}
[15.742410] (eufs_msgs) StdoutLine: {'line': b'[ 85%] Building CXX object CMakeFiles/eufs_msgs__rosidl_typesupport_fastrtps_cpp.dir/rosidl_typesupport_fastrtps_cpp/eufs_msgs/srv/detail/dds_fastrtps/register__type_support.cpp.o\n'}
[15.756906] (eufs_msgs) StdoutLine: {'line': b'[ 85%] Building CXX object CMakeFiles/eufs_msgs__rosidl_typesupport_fastrtps_c.dir/rosidl_typesupport_fastrtps_c/eufs_msgs/action/detail/check_for_objects__type_support_c.cpp.o\n'}
[15.765580] (-) TimerEvent: {}
[15.784903] (eufs_msgs) StdoutLine: {'line': b'[ 86%] Building CXX object CMakeFiles/eufs_msgs__rosidl_typesupport_fastrtps_cpp.dir/rosidl_typesupport_fastrtps_cpp/eufs_msgs/srv/detail/dds_fastrtps/set_can_state__type_support.cpp.o\n'}
[15.794236] (eufs_msgs) StdoutLine: {'line': b'[ 86%] Building CXX object CMakeFiles/eufs_msgs__rosidl_typesupport_fastrtps_c.dir/rosidl_typesupport_fastrtps_c/eufs_msgs/srv/detail/record_start__type_support_c.cpp.o\n'}
[15.794567] (eufs_msgs) StdoutLine: {'line': b'[ 86%] Building CXX object CMakeFiles/eufs_msgs__rosidl_typesupport_fastrtps_cpp.dir/rosidl_typesupport_fastrtps_cpp/eufs_msgs/srv/detail/dds_fastrtps/set_string__type_support.cpp.o\n'}
[15.803824] (eufs_msgs) StdoutLine: {'line': b'[ 86%] Building CXX object CMakeFiles/eufs_msgs__rosidl_typesupport_fastrtps_c.dir/rosidl_typesupport_fastrtps_c/eufs_msgs/srv/detail/record_stop__type_support_c.cpp.o\n'}
[15.804022] (eufs_msgs) StdoutLine: {'line': b'[ 87%] Building CXX object CMakeFiles/eufs_msgs__rosidl_typesupport_fastrtps_c.dir/rosidl_typesupport_fastrtps_c/eufs_msgs/srv/detail/register__type_support_c.cpp.o\n'}
[15.808444] (eufs_msgs) StdoutLine: {'line': b'[ 87%] Building CXX object CMakeFiles/eufs_msgs__rosidl_typesupport_fastrtps_c.dir/rosidl_typesupport_fastrtps_c/eufs_msgs/srv/detail/set_can_state__type_support_c.cpp.o\n'}
[15.808630] (eufs_msgs) StdoutLine: {'line': b'[ 87%] Built target eufs_msgs__rosidl_typesupport_introspection_c\n'}
[15.810013] (eufs_msgs) StdoutLine: {'line': b'[ 87%] Building CXX object CMakeFiles/eufs_msgs__rosidl_typesupport_fastrtps_c.dir/rosidl_typesupport_fastrtps_c/eufs_msgs/srv/detail/set_string__type_support_c.cpp.o\n'}
[15.819713] (eufs_msgs) StdoutLine: {'line': b'[ 87%] Building CXX object CMakeFiles/eufs_msgs__rosidl_typesupport_fastrtps_c.dir/rosidl_typesupport_fastrtps_c/eufs_msgs/srv/detail/set_track__type_support_c.cpp.o\n'}
[15.827691] (eufs_msgs) StdoutLine: {'line': b'[ 87%] Building CXX object CMakeFiles/eufs_msgs__rosidl_typesupport_fastrtps_c.dir/rosidl_typesupport_fastrtps_c/eufs_msgs/srv/detail/set_mission__type_support_c.cpp.o\n'}
[15.853287] (eufs_msgs) StdoutLine: {'line': b'[ 88%] Building CXX object CMakeFiles/eufs_msgs__rosidl_typesupport_fastrtps_c.dir/rosidl_typesupport_fastrtps_c/eufs_msgs/srv/detail/get_map__type_support_c.cpp.o\n'}
[15.865693] (-) TimerEvent: {}
[15.890263] (eufs_msgs) StdoutLine: {'line': b'[ 88%] Building CXX object CMakeFiles/eufs_msgs__rosidl_typesupport_fastrtps_cpp.dir/rosidl_typesupport_fastrtps_cpp/eufs_msgs/srv/detail/dds_fastrtps/set_track__type_support.cpp.o\n'}
[15.966246] (-) TimerEvent: {}
[15.966597] (eufs_msgs) StdoutLine: {'line': b'[ 88%] Building CXX object CMakeFiles/eufs_msgs__rosidl_typesupport_fastrtps_cpp.dir/rosidl_typesupport_fastrtps_cpp/eufs_msgs/srv/detail/dds_fastrtps/set_mission__type_support.cpp.o\n'}
[16.050630] (eufs_msgs) StdoutLine: {'line': b'[ 88%] Building CXX object CMakeFiles/eufs_msgs__rosidl_typesupport_fastrtps_cpp.dir/rosidl_typesupport_fastrtps_cpp/eufs_msgs/srv/detail/dds_fastrtps/get_map__type_support.cpp.o\n'}
[16.066365] (-) TimerEvent: {}
[16.166578] (-) TimerEvent: {}
[16.266758] (-) TimerEvent: {}
[16.288243] (eufs_msgs) StdoutLine: {'line': b'[ 88%] Linking CXX shared library libeufs_msgs__rosidl_typesupport_fastrtps_c.so\n'}
[16.363861] (eufs_msgs) StdoutLine: {'line': b'[ 88%] Built target eufs_msgs__rosidl_typesupport_fastrtps_c\n'}
[16.366833] (-) TimerEvent: {}
[16.392464] (eufs_msgs) StdoutLine: {'line': b'[ 88%] Linking CXX shared library libeufs_msgs__rosidl_typesupport_fastrtps_cpp.so\n'}
[16.466979] (-) TimerEvent: {}
[16.567241] (-) TimerEvent: {}
[16.570481] (eufs_msgs) StdoutLine: {'line': b'[ 88%] Built target eufs_msgs__rosidl_typesupport_fastrtps_cpp\n'}
[16.608718] (eufs_msgs) StdoutLine: {'line': b'[ 88%] Built target eufs_msgs\n'}
[16.650699] (eufs_msgs) StdoutLine: {'line': b'[ 88%] Generating Python code for ROS interfaces\n'}
[16.667339] (-) TimerEvent: {}
[16.767551] (-) TimerEvent: {}
[16.867769] (-) TimerEvent: {}
[16.967983] (-) TimerEvent: {}
[17.068193] (-) TimerEvent: {}
[17.168378] (-) TimerEvent: {}
[17.268559] (-) TimerEvent: {}
[17.368712] (-) TimerEvent: {}
[17.468871] (-) TimerEvent: {}
[17.569035] (-) TimerEvent: {}
[17.669245] (-) TimerEvent: {}
[17.769433] (-) TimerEvent: {}
[17.869650] (-) TimerEvent: {}
[17.969849] (-) TimerEvent: {}
[18.070047] (-) TimerEvent: {}
[18.170281] (-) TimerEvent: {}
[18.270497] (-) TimerEvent: {}
[18.370711] (-) TimerEvent: {}
[18.470913] (-) TimerEvent: {}
[18.571235] (-) TimerEvent: {}
[18.671507] (-) TimerEvent: {}
[18.771784] (-) TimerEvent: {}
[18.872100] (-) TimerEvent: {}
[18.972417] (-) TimerEvent: {}
[19.072667] (-) TimerEvent: {}
[19.172989] (-) TimerEvent: {}
[19.273306] (-) TimerEvent: {}
[19.373552] (-) TimerEvent: {}
[19.473746] (-) TimerEvent: {}
[19.573975] (-) TimerEvent: {}
[19.674198] (-) TimerEvent: {}
[19.774368] (-) TimerEvent: {}
[19.874610] (-) TimerEvent: {}
[19.974845] (-) TimerEvent: {}
[20.075026] (-) TimerEvent: {}
[20.175194] (-) TimerEvent: {}
[20.275338] (-) TimerEvent: {}
[20.375483] (-) TimerEvent: {}
[20.475652] (-) TimerEvent: {}
[20.575822] (-) TimerEvent: {}
[20.675990] (-) TimerEvent: {}
[20.776134] (-) TimerEvent: {}
[20.876389] (-) TimerEvent: {}
[20.976571] (-) TimerEvent: {}
[21.076844] (-) TimerEvent: {}
[21.177117] (-) TimerEvent: {}
[21.277406] (-) TimerEvent: {}
[21.377640] (-) TimerEvent: {}
[21.477839] (-) TimerEvent: {}
[21.578038] (-) TimerEvent: {}
[21.678226] (-) TimerEvent: {}
[21.778406] (-) TimerEvent: {}
[21.878573] (-) TimerEvent: {}
[21.978864] (-) TimerEvent: {}
[22.079251] (-) TimerEvent: {}
[22.179455] (-) TimerEvent: {}
[22.279658] (-) TimerEvent: {}
[22.379838] (-) TimerEvent: {}
[22.480032] (-) TimerEvent: {}
[22.580221] (-) TimerEvent: {}
[22.680381] (-) TimerEvent: {}
[22.759716] (eufs_msgs) StdoutLine: {'line': b'[ 88%] Built target eufs_msgs__py\n'}
[22.780535] (-) TimerEvent: {}
[22.802771] (eufs_msgs) StdoutLine: {'line': b'[ 88%] Building C object CMakeFiles/eufs_msgs__rosidl_generator_py.dir/rosidl_generator_py/eufs_msgs/msg/_bounding_box_s.c.o\n'}
[22.803162] (eufs_msgs) StdoutLine: {'line': b'[ 89%] Building C object CMakeFiles/eufs_msgs__rosidl_generator_py.dir/rosidl_generator_py/eufs_msgs/msg/_can_state_s.c.o\n'}
[22.803739] (eufs_msgs) StdoutLine: {'line': b'[ 89%] Building C object CMakeFiles/eufs_msgs__rosidl_generator_py.dir/rosidl_generator_py/eufs_msgs/msg/_bounding_boxes_s.c.o\n'}
[22.803892] (eufs_msgs) StdoutLine: {'line': b'[ 89%] Building C object CMakeFiles/eufs_msgs__rosidl_generator_py.dir/rosidl_generator_py/eufs_msgs/msg/_car_forces_s.c.o\n'}
[22.804029] (eufs_msgs) StdoutLine: {'line': b'[ 89%] Building C object CMakeFiles/eufs_msgs__rosidl_generator_py.dir/rosidl_generator_py/eufs_msgs/msg/_car_state_s.c.o\n'}
[22.804162] (eufs_msgs) StdoutLine: {'line': b'[ 89%] Building C object CMakeFiles/eufs_msgs__rosidl_generator_py.dir/rosidl_generator_py/eufs_msgs/msg/_chassis_state_s.c.o\n'}
[22.804322] (eufs_msgs) StdoutLine: {'line': b'[ 90%] Building C object CMakeFiles/eufs_msgs__rosidl_generator_py.dir/rosidl_generator_py/eufs_msgs/msg/_cone_array_s.c.o\n'}
[22.805428] (eufs_msgs) StdoutLine: {'line': b'[ 90%] Building C object CMakeFiles/eufs_msgs__rosidl_generator_py.dir/rosidl_generator_py/eufs_msgs/msg/_cone_array_with_covariance_s.c.o\n'}
[22.805718] (eufs_msgs) StdoutLine: {'line': b'[ 90%] Building C object CMakeFiles/eufs_msgs__rosidl_generator_py.dir/rosidl_generator_py/eufs_msgs/msg/_cone_with_color_probability_s.c.o\n'}
[22.805864] (eufs_msgs) StdoutLine: {'line': b'[ 90%] Building C object CMakeFiles/eufs_msgs__rosidl_generator_py.dir/rosidl_generator_py/eufs_msgs/msg/_cone_with_color_probability_array_s.c.o\n'}
[22.805986] (eufs_msgs) StdoutLine: {'line': b'[ 90%] Building C object CMakeFiles/eufs_msgs__rosidl_generator_py.dir/rosidl_generator_py/eufs_msgs/msg/_cone_with_covariance_s.c.o\n'}
[22.806069] (eufs_msgs) StdoutLine: {'line': b'[ 90%] Building C object CMakeFiles/eufs_msgs__rosidl_generator_py.dir/rosidl_generator_py/eufs_msgs/msg/_cone_association_array_stamped_s.c.o\n'}
[22.806444] (eufs_msgs) StdoutLine: {'line': b'[ 91%] Building C object CMakeFiles/eufs_msgs__rosidl_generator_py.dir/rosidl_generator_py/eufs_msgs/msg/_cone_association_s.c.o\n'}
[22.806574] (eufs_msgs) StdoutLine: {'line': b'[ 91%] Building C object CMakeFiles/eufs_msgs__rosidl_generator_py.dir/rosidl_generator_py/eufs_msgs/msg/_cone_association_array_array_stamped_s.c.o\n'}
[22.806644] (eufs_msgs) StdoutLine: {'line': b'[ 91%] Building C object CMakeFiles/eufs_msgs__rosidl_generator_py.dir/rosidl_generator_py/eufs_msgs/msg/_cone_association_array_s.c.o\n'}
[22.807008] (eufs_msgs) StdoutLine: {'line': b'[ 91%] Building C object CMakeFiles/eufs_msgs__rosidl_generator_py.dir/rosidl_generator_py/eufs_msgs/msg/_costmap_s.c.o\n'}
[22.808951] (eufs_msgs) StdoutLine: {'line': b'[ 91%] Building C object CMakeFiles/eufs_msgs__rosidl_generator_py.dir/rosidl_generator_py/eufs_msgs/msg/_chassis_command_s.c.o\n'}
[22.810106] (eufs_msgs) StdoutLine: {'line': b'[ 91%] Building C object CMakeFiles/eufs_msgs__rosidl_generator_py.dir/rosidl_generator_py/eufs_msgs/msg/_cpu_usage_s.c.o\n'}
[22.813476] (eufs_msgs) StdoutLine: {'line': b'[ 91%] Building C object CMakeFiles/eufs_msgs__rosidl_generator_py.dir/rosidl_generator_py/eufs_msgs/msg/_ekf_err_s.c.o\n'}
[22.814216] (eufs_msgs) StdoutLine: {'line': b'[ 92%] Building C object CMakeFiles/eufs_msgs__rosidl_generator_py.dir/rosidl_generator_py/eufs_msgs/msg/_cpu_status_s.c.o\n'}
[22.880874] (-) TimerEvent: {}
[22.957483] (eufs_msgs) StdoutLine: {'line': b'[ 92%] Building C object CMakeFiles/eufs_msgs__rosidl_generator_py.dir/rosidl_generator_py/eufs_msgs/msg/_full_state_s.c.o\n'}
[22.957713] (eufs_msgs) StdoutLine: {'line': b'[ 92%] Building C object CMakeFiles/eufs_msgs__rosidl_generator_py.dir/rosidl_generator_py/eufs_msgs/msg/_ekf_state_s.c.o\n'}
[22.963291] (eufs_msgs) StdoutLine: {'line': b'[ 93%] Building C object CMakeFiles/eufs_msgs__rosidl_generator_py.dir/rosidl_generator_py/eufs_msgs/msg/_lap_stats_s.c.o\n'}
[22.963507] (eufs_msgs) StdoutLine: {'line': b'[ 93%] Building C object CMakeFiles/eufs_msgs__rosidl_generator_py.dir/rosidl_generator_py/eufs_msgs/msg/_integration_err_s.c.o\n'}
[22.963595] (eufs_msgs) StdoutLine: {'line': b'[ 93%] Building C object CMakeFiles/eufs_msgs__rosidl_generator_py.dir/rosidl_generator_py/eufs_msgs/msg/_heartbeat_s.c.o\n'}
[22.965794] (eufs_msgs) StdoutLine: {'line': b'[ 93%] Building C object CMakeFiles/eufs_msgs__rosidl_generator_py.dir/rosidl_generator_py/eufs_msgs/msg/_mpc_state_s.c.o\n'}
[22.968290] (eufs_msgs) StdoutLine: {'line': b'[ 94%] Building C object CMakeFiles/eufs_msgs__rosidl_generator_py.dir/rosidl_generator_py/eufs_msgs/msg/_oss_s.c.o\n'}
[22.968683] (eufs_msgs) StdoutLine: {'line': b'[ 94%] Building C object CMakeFiles/eufs_msgs__rosidl_generator_py.dir/rosidl_generator_py/eufs_msgs/msg/_node_state_s.c.o\n'}
[22.968784] (eufs_msgs) StdoutLine: {'line': b'[ 94%] Building C object CMakeFiles/eufs_msgs__rosidl_generator_py.dir/rosidl_generator_py/eufs_msgs/msg/_particle_slam_s.c.o\n'}
[22.968944] (eufs_msgs) StdoutLine: {'line': b'[ 94%] Building C object CMakeFiles/eufs_msgs__rosidl_generator_py.dir/rosidl_generator_py/eufs_msgs/msg/_node_state_array_s.c.o\n'}
[22.969091] (eufs_msgs) StdoutLine: {'line': b'[ 94%] Building C object CMakeFiles/eufs_msgs__rosidl_generator_py.dir/rosidl_generator_py/eufs_msgs/msg/_path_integral_params_s.c.o\n'}
[22.969166] (eufs_msgs) StdoutLine: {'line': b'[ 94%] Building C object CMakeFiles/eufs_msgs__rosidl_generator_py.dir/rosidl_generator_py/eufs_msgs/msg/_particle_s.c.o\n'}
[22.969259] (eufs_msgs) StdoutLine: {'line': b'[ 95%] Building C object CMakeFiles/eufs_msgs__rosidl_generator_py.dir/rosidl_generator_py/eufs_msgs/msg/_path_integral_stats_s.c.o\n'}
[22.969341] (eufs_msgs) StdoutLine: {'line': b'[ 95%] Building C object CMakeFiles/eufs_msgs__rosidl_generator_py.dir/rosidl_generator_py/eufs_msgs/msg/_particle_slam_stamped_s.c.o\n'}
[22.969427] (eufs_msgs) StdoutLine: {'line': b'[ 95%] Building C object CMakeFiles/eufs_msgs__rosidl_generator_py.dir/rosidl_generator_py/eufs_msgs/msg/_path_integral_status_s.c.o\n'}
[22.969622] (eufs_msgs) StdoutLine: {'line': b'[ 95%] Building C object CMakeFiles/eufs_msgs__rosidl_generator_py.dir/rosidl_generator_py/eufs_msgs/msg/_particle_stamped_s.c.o\n'}
[22.976275] (eufs_msgs) StdoutLine: {'line': b'[ 95%] Building C object CMakeFiles/eufs_msgs__rosidl_generator_py.dir/rosidl_generator_py/eufs_msgs/msg/_path_integral_timing_s.c.o\n'}
[22.981411] (-) TimerEvent: {}
[22.986778] (eufs_msgs) StdoutLine: {'line': b'[ 95%] Building C object CMakeFiles/eufs_msgs__rosidl_generator_py.dir/rosidl_generator_py/eufs_msgs/msg/_planning_mode_s.c.o\n'}
[22.986948] (eufs_msgs) StdoutLine: {'line': b'[ 95%] Building C object CMakeFiles/eufs_msgs__rosidl_generator_py.dir/rosidl_generator_py/eufs_msgs/msg/_point_array_s.c.o\n'}
[22.999397] (eufs_msgs) StdoutLine: {'line': b'[ 96%] Building C object CMakeFiles/eufs_msgs__rosidl_generator_py.dir/rosidl_generator_py/eufs_msgs/msg/_point_array_stamped_s.c.o\n'}
[23.080894] (eufs_msgs) StdoutLine: {'line': b'[ 96%] Building C object CMakeFiles/eufs_msgs__rosidl_generator_py.dir/rosidl_generator_py/eufs_msgs/msg/_pure_pursuit_checkpoint_s.c.o\n'}
[23.081106] (eufs_msgs) StdoutLine: {'line': b'[ 96%] Building C object CMakeFiles/eufs_msgs__rosidl_generator_py.dir/rosidl_generator_py/eufs_msgs/msg/_pure_pursuit_checkpoint_array_stamped_s.c.o\n'}
[23.081407] (-) TimerEvent: {}
[23.088234] (eufs_msgs) StdoutLine: {'line': b'[ 96%] Building C object CMakeFiles/eufs_msgs__rosidl_generator_py.dir/rosidl_generator_py/eufs_msgs/msg/_slam_err_s.c.o\n'}
[23.088444] (eufs_msgs) StdoutLine: {'line': b'[ 96%] Building C object CMakeFiles/eufs_msgs__rosidl_generator_py.dir/rosidl_generator_py/eufs_msgs/msg/_slam_state_s.c.o\n'}
[23.088546] (eufs_msgs) StdoutLine: {'line': b'[ 97%] Building C object CMakeFiles/eufs_msgs__rosidl_generator_py.dir/rosidl_generator_py/eufs_msgs/msg/_state_machine_state_s.c.o\n'}
[23.088620] (eufs_msgs) StdoutLine: {'line': b'[ 97%] Building C object CMakeFiles/eufs_msgs__rosidl_generator_py.dir/rosidl_generator_py/eufs_msgs/msg/_runstop_s.c.o\n'}
[23.091820] (eufs_msgs) StdoutLine: {'line': b'[ 97%] Building C object CMakeFiles/eufs_msgs__rosidl_generator_py.dir/rosidl_generator_py/eufs_msgs/msg/_stereo_image_s.c.o\n'}
[23.093723] (eufs_msgs) StdoutLine: {'line': b'[ 97%] Building C object CMakeFiles/eufs_msgs__rosidl_generator_py.dir/rosidl_generator_py/eufs_msgs/msg/_topic_status_s.c.o\n'}
[23.093944] (eufs_msgs) StdoutLine: {'line': b'[ 97%] Building C object CMakeFiles/eufs_msgs__rosidl_generator_py.dir/rosidl_generator_py/eufs_msgs/msg/_system_status_s.c.o\n'}
[23.094274] (eufs_msgs) StdoutLine: {'line': b'[ 97%] Building C object CMakeFiles/eufs_msgs__rosidl_generator_py.dir/rosidl_generator_py/eufs_msgs/msg/_waypoint_s.c.o\n'}
[23.094392] (eufs_msgs) StdoutLine: {'line': b'[ 97%] Building C object CMakeFiles/eufs_msgs__rosidl_generator_py.dir/rosidl_generator_py/eufs_msgs/msg/_vehicle_commands_s.c.o\n'}
[23.096613] (eufs_msgs) StdoutLine: {'line': b'[ 98%] Building C object CMakeFiles/eufs_msgs__rosidl_generator_py.dir/rosidl_generator_py/eufs_msgs/msg/_vehicle_commands_stamped_s.c.o\n'}
[23.104501] (eufs_msgs) StdoutLine: {'line': b'[ 98%] Building C object CMakeFiles/eufs_msgs__rosidl_generator_py.dir/rosidl_generator_py/eufs_msgs/msg/_waypoint_array_stamped_s.c.o\n'}
[23.104846] (eufs_msgs) StdoutLine: {'line': b'[ 98%] Building C object CMakeFiles/eufs_msgs__rosidl_generator_py.dir/rosidl_generator_py/eufs_msgs/msg/_wheel_odometry_err_s.c.o\n'}
[23.113703] (eufs_msgs) StdoutLine: {'line': b'[ 99%] Building C object CMakeFiles/eufs_msgs__rosidl_generator_py.dir/rosidl_generator_py/eufs_msgs/msg/_wheel_speeds_stamped_s.c.o\n'}
[23.119224] (eufs_msgs) StdoutLine: {'line': b'[ 99%] Building C object CMakeFiles/eufs_msgs__rosidl_generator_py.dir/rosidl_generator_py/eufs_msgs/msg/_wheel_speeds_s.c.o\n'}
[23.119404] (eufs_msgs) StdoutLine: {'line': b'[ 99%] Building C object CMakeFiles/eufs_msgs__rosidl_generator_py.dir/rosidl_generator_py/eufs_msgs/action/_check_for_objects_s.c.o\n'}
[23.119471] (eufs_msgs) StdoutLine: {'line': b'[ 99%] Building C object CMakeFiles/eufs_msgs__rosidl_generator_py.dir/rosidl_generator_py/eufs_msgs/srv/_record_stop_s.c.o\n'}
[23.121241] (eufs_msgs) StdoutLine: {'line': b'[ 99%] Building C object CMakeFiles/eufs_msgs__rosidl_generator_py.dir/rosidl_generator_py/eufs_msgs/srv/_record_start_s.c.o\n'}
[23.159495] (eufs_msgs) StdoutLine: {'line': b'[ 99%] Building C object CMakeFiles/eufs_msgs__rosidl_generator_py.dir/rosidl_generator_py/eufs_msgs/srv/_register_s.c.o\n'}
[23.207263] (-) TimerEvent: {}
[23.248037] (eufs_msgs) StdoutLine: {'line': b'[ 99%] Building C object CMakeFiles/eufs_msgs__rosidl_generator_py.dir/rosidl_generator_py/eufs_msgs/srv/_get_map_s.c.o\n'}
[23.249263] (eufs_msgs) StdoutLine: {'line': b'[ 99%] Building C object CMakeFiles/eufs_msgs__rosidl_generator_py.dir/rosidl_generator_py/eufs_msgs/srv/_set_mission_s.c.o\n'}
[23.249386] (eufs_msgs) StdoutLine: {'line': b'[ 99%] Building C object CMakeFiles/eufs_msgs__rosidl_generator_py.dir/rosidl_generator_py/eufs_msgs/srv/_set_track_s.c.o\n'}
[23.249557] (eufs_msgs) StdoutLine: {'line': b'[100%] Building C object CMakeFiles/eufs_msgs__rosidl_generator_py.dir/rosidl_generator_py/eufs_msgs/srv/_set_string_s.c.o\n'}
[23.249631] (eufs_msgs) StdoutLine: {'line': b'[100%] Building C object CMakeFiles/eufs_msgs__rosidl_generator_py.dir/rosidl_generator_py/eufs_msgs/srv/_set_can_state_s.c.o\n'}
[23.307360] (-) TimerEvent: {}
[23.362770] (eufs_msgs) StdoutLine: {'line': b'[100%] Linking C shared library rosidl_generator_py/eufs_msgs/libeufs_msgs__rosidl_generator_py.so\n'}
[23.407518] (-) TimerEvent: {}
[23.463360] (eufs_msgs) StdoutLine: {'line': b'[100%] Built target eufs_msgs__rosidl_generator_py\n'}
[23.500746] (eufs_msgs) StdoutLine: {'line': b'[100%] Building C object CMakeFiles/eufs_msgs__rosidl_typesupport_c__pyext.dir/rosidl_generator_py/eufs_msgs/_eufs_msgs_s.ep.rosidl_typesupport_c.c.o\n'}
[23.501285] (eufs_msgs) StdoutLine: {'line': b'[100%] Building C object CMakeFiles/eufs_msgs__rosidl_typesupport_introspection_c__pyext.dir/rosidl_generator_py/eufs_msgs/_eufs_msgs_s.ep.rosidl_typesupport_introspection_c.c.o\n'}
[23.502443] (eufs_msgs) StdoutLine: {'line': b'[100%] Building C object CMakeFiles/eufs_msgs__rosidl_typesupport_fastrtps_c__pyext.dir/rosidl_generator_py/eufs_msgs/_eufs_msgs_s.ep.rosidl_typesupport_fastrtps_c.c.o\n'}
[23.507612] (-) TimerEvent: {}
[23.607880] (-) TimerEvent: {}
[23.708201] (-) TimerEvent: {}
[23.780181] (eufs_msgs) StdoutLine: {'line': b'[100%] Linking C shared library rosidl_generator_py/eufs_msgs/eufs_msgs_s__rosidl_typesupport_introspection_c.cpython-310-x86_64-linux-gnu.so\n'}
[23.782906] (eufs_msgs) StdoutLine: {'line': b'[100%] Linking C shared library rosidl_generator_py/eufs_msgs/eufs_msgs_s__rosidl_typesupport_fastrtps_c.cpython-310-x86_64-linux-gnu.so\n'}
[23.792843] (eufs_msgs) StdoutLine: {'line': b'[100%] Linking C shared library rosidl_generator_py/eufs_msgs/eufs_msgs_s__rosidl_typesupport_c.cpython-310-x86_64-linux-gnu.so\n'}
[23.808281] (-) TimerEvent: {}
[23.824572] (eufs_msgs) StdoutLine: {'line': b'[100%] Built target eufs_msgs__rosidl_typesupport_introspection_c__pyext\n'}
[23.832142] (eufs_msgs) StdoutLine: {'line': b'[100%] Built target eufs_msgs__rosidl_typesupport_fastrtps_c__pyext\n'}
[23.841248] (eufs_msgs) StdoutLine: {'line': b'[100%] Built target eufs_msgs__rosidl_typesupport_c__pyext\n'}
[23.860381] (eufs_msgs) CommandEnded: {'returncode': 0}
[23.862356] (eufs_msgs) JobProgress: {'identifier': 'eufs_msgs', 'progress': 'install'}
[23.875676] (eufs_msgs) Command: {'cmd': ['/usr/bin/cmake', '--install', '/home/gera/Desktop/EUFS_FORK_CONTAINERIZED/eufs-f1-sim/ws/build/eufs_msgs'], 'cwd': '/home/gera/Desktop/EUFS_FORK_CONTAINERIZED/eufs-f1-sim/ws/build/eufs_msgs', 'env': OrderedDict([('LESSOPEN', '| /usr/bin/lesspipe %s'), ('LANGUAGE', 'en_IN:en'), ('USER', 'gera'), ('XDG_SESSION_TYPE', 'x11'), ('CURSOR_RIPGREP_PATH', '/home/gera/.local/share/cursor-agent/versions/2026.09.10-fd3934a/rg'), ('SHLVL', '1'), ('LD_LIBRARY_PATH', '/usr/local/cuda-12.8/lib64:/home/gera/eufs_simulator/install/fmdv_msgs/lib:/home/gera/eufs_simulator/install/eufs_plugins/lib:/home/gera/eufs_simulator/install/eufs_models/lib:/home/gera/eufs_simulator/install/eufs_msgs/lib:/home/gera/zed2i_ros2/install/zed_ipc/lib:/home/gera/zed2i_ros2/install/zed_topic_benchmark_component/lib:/home/gera/zed2i_ros2/install/zed_topic_benchmark_interfaces/lib:/home/gera/zed2i_ros2/install/zed_rgb_convert/lib:/home/gera/zed2i_ros2/install/zed_aruco_localization/lib:/home/gera/zed2i_ros2/install/zed_components/lib:/home/gera/zed2i_ros2/install/rviz_plugin_zed_od/lib:/opt/ros/humble/opt/rviz_ogre_vendor/lib:/opt/ros/humble/lib/x86_64-linux-gnu:/opt/ros/humble/lib:/usr/local/cuda-12.8/lib64'), ('HOME', '/home/gera'), ('OLDPWD', '/home/gera/Desktop/EUFS_FORK_CONTAINERIZED/eufs-f1-sim/ws'), ('DESKTOP_SESSION', 'ubuntu-xorg'), ('CURSOR_AGENT_STORE_SHARED_PATHS', '{"user":{"path":"/run/user/1000/cursor_agent_stores/u351110900/files","readOnly":false}}'), ('ROS_PYTHON_VERSION', '3'), ('GNOME_SHELL_SESSION_MODE', 'ubuntu'), ('GTK_MODULES', 'gail:atk-bridge'), ('SYSTEMD_EXEC_PID', '2044'), ('NO_COLOR', '1'), ('DBUS_SESSION_BUS_ADDRESS', 'unix:path=/run/user/1000/bus'), ('COLORTERM', 'truecolor'), ('CURSOR_AGENT_STORE_FILES_DIR', '/run/user/1000/cursor_agent_stores/bc-eafff65d-f106-5942-b884-09a389a8a27b/files'), ('COLCON_PREFIX_PATH', '/home/gera/eufs_simulator/install:/home/gera/zed2i_ros2/install'), ('ROS_DISTRO', 'humble'), ('GTK_IM_MODULE', 'ibus'), ('LOGNAME', 'gera'), ('FORCE_COLOR', '0'), ('CURSOR_REQUEST_ID', 'fdb98065-3820-491b-ad4a-ad2e21bf209d'), ('EUFS_MASTER', '/home/gera/eufs_simulator'), ('_', '/usr/bin/colcon'), ('ROS_VERSION', '2'), ('XDG_SESSION_CLASS', 'user'), ('USERNAME', 'gera'), ('TERM', 'dumb'), ('GNOME_DESKTOP_SESSION_ID', 'this-is-deprecated'), ('NODE_COMPILE_CACHE', '/home/gera/.cache/cursor-compile-cache'), ('ROS_LOCALHOST_ONLY', '0'), ('WINDOWPATH', '2'), ('PATH', '/home/gera/.local/bin:/home/gera/.local/bin:/usr/local/cuda-12.8/bin:/home/gera/.local/share/cursor-agent/versions/2026.09.10-fd3934a:/opt/ros/humble/bin:/usr/local/cuda-12.8/bin:/home/gera/.local/bin:/usr/local/sbin:/usr/local/bin:/usr/sbin:/usr/bin:/sbin:/bin:/usr/games:/usr/local/games:/snap/bin:/snap/bin'), ('SESSION_MANAGER', 'local/kittygera:@/tmp/.ICE-unix/1703,unix/kittygera:/tmp/.ICE-unix/1703'), ('XDG_MENU_PREFIX', 'gnome-'), ('GNOME_TERMINAL_SCREEN', '/org/gnome/Terminal/screen/fd0f84ab_e1d6_491b_82f3_3d4d27f24752'), ('XDG_RUNTIME_DIR', '/run/user/1000'), ('AGENT_TRANSCRIPTS', '/home/gera/.cursor/projects/home-gera-Desktop-EUFS-FORK-CONTAINERIZED/agent-transcripts'), ('CURSOR_AGENT', '1'), ('DISPLAY', ':0'), ('LANG', 'en_US.UTF-8'), ('XDG_CURRENT_DESKTOP', 'ubuntu:GNOME'), ('XMODIFIERS', '@im=ibus'), ('XDG_SESSION_DESKTOP', 'ubuntu-xorg'), ('XAUTHORITY', '/run/user/1000/gdm/Xauthority'), ('LS_COLORS', ''), ('GNOME_TERMINAL_SERVICE', ':1.163'), ('SSH_AGENT_LAUNCHER', 'gnome-keyring'), ('SSH_AUTH_SOCK', '/run/user/1000/keyring/ssh'), ('AGENT_CLI_WORKER_SIGNAL_HANDLED', '1'), ('AMENT_PREFIX_PATH', '/home/gera/eufs_simulator/install/graph_slam:/home/gera/eufs_simulator/install/fmdv_monitor:/home/gera/eufs_simulator/install/fmdv_code:/home/gera/eufs_simulator/install/fmdv_msgs:/home/gera/eufs_simulator/install/eufs_launcher:/home/gera/eufs_simulator/install/eufs_tracks:/home/gera/eufs_simulator/install/eufs_sensors:/home/gera/eufs_simulator/install/eufs_rqt:/home/gera/eufs_simulator/install/eufs_racecar:/home/gera/eufs_simulator/install/eufs_plugins:/home/gera/eufs_simulator/install/eufs_models:/home/gera/eufs_simulator/install/eufs_msgs:/home/gera/zed2i_ros2/install/zed_ros2:/home/gera/zed2i_ros2/install/zed_robot_integration:/home/gera/zed2i_ros2/install/zed_ipc:/home/gera/zed2i_ros2/install/zed_multi_camera:/home/gera/zed2i_ros2/install/zed_display_rviz2:/home/gera/zed2i_ros2/install/zed_depth_to_laserscan:/home/gera/zed2i_ros2/install/zed_wrapper:/home/gera/zed2i_ros2/install/zed_tutorial_video:/home/gera/zed2i_ros2/install/zed_tutorial_pos_tracking:/home/gera/zed2i_ros2/install/zed_tutorial_depth:/home/gera/zed2i_ros2/install/zed_topic_benchmark:/home/gera/zed2i_ros2/install/zed_topic_benchmark_component:/home/gera/zed2i_ros2/install/zed_topic_benchmark_interfaces:/home/gera/zed2i_ros2/install/zed_rgb_convert:/home/gera/zed2i_ros2/install/zed_aruco_localization:/home/gera/zed2i_ros2/install/zed_components:/home/gera/zed2i_ros2/install/rviz_plugin_zed_od:/opt/ros/humble'), ('SHELL', '/bin/bash'), ('QT_ACCESSIBILITY', '1'), ('GDMSESSION', 'ubuntu-xorg'), ('LESSCLOSE', '/usr/bin/lesspipe %s %s'), ('GPG_AGENT_INFO', '/run/user/1000/gnupg/S.gpg-agent:0:1'), ('QT_IM_MODULE', 'ibus'), ('PWD', '/home/gera/Desktop/EUFS_FORK_CONTAINERIZED/eufs-f1-sim/ws/build/eufs_msgs'), ('LC_ALL', 'en_US.UTF-8'), ('XDG_CONFIG_DIRS', '/etc/xdg/xdg-ubuntu-xorg:/etc/xdg'), ('XDG_DATA_DIRS', '/usr/share/ubuntu-xorg:/usr/share/gnome:/usr/local/share/:/usr/share/:/var/lib/snapd/desktop'), ('CURSOR_CONVERSATION_ID', 'bc-eafff65d-f106-5942-b884-09a389a8a27b'), ('PYTHONPATH', '/home/gera/eufs_simulator/build/graph_slam:/home/gera/eufs_simulator/install/graph_slam/lib/python3.10/site-packages:/home/gera/eufs_simulator/build/fmdv_monitor:/home/gera/eufs_simulator/install/fmdv_monitor/lib/python3.10/site-packages:/home/gera/eufs_simulator/build/fmdv_code:/home/gera/eufs_simulator/install/fmdv_code/lib/python3.10/site-packages:/home/gera/eufs_simulator/install/fmdv_msgs/local/lib/python3.10/dist-packages:/home/gera/eufs_simulator/build/eufs_launcher/src:/home/gera/eufs_simulator/install/eufs_launcher/lib/python3.10/site-packages:/home/gera/eufs_simulator/build/eufs_tracks/src:/home/gera/eufs_simulator/install/eufs_tracks/lib/python3.10/site-packages:/home/gera/eufs_simulator/build/eufs_rqt/src:/home/gera/eufs_simulator/install/eufs_rqt/lib/python3.10/site-packages:/home/gera/eufs_simulator/build/eufs_racecar:/home/gera/eufs_simulator/install/eufs_racecar/lib/python3.10/site-packages:/home/gera/eufs_simulator/install/eufs_msgs/local/lib/python3.10/dist-packages:/home/gera/zed2i_ros2/install/zed_topic_benchmark_interfaces/local/lib/python3.10/dist-packages:/opt/ros/humble/lib/python3.10/site-packages:/opt/ros/humble/local/lib/python3.10/dist-packages'), ('GLOBAL_AGENT_ENVIRONMENT_VARIABLE_NAMESPACE', ''), ('COLCON', '1'), ('__CURSOR_SANDBOX_ENV_RESTORE', 'builtin unset CURSOR_CONVERSATION_ID CURSOR_REQUEST_ID CURSOR_AGENT_STORE_FILES_DIR CURSOR_AGENT_STORE_SHARED_PATHS 2>/dev/null || true; builtin export CURSOR_CONVERSATION_ID=\'bc-eafff65d-f106-5942-b884-09a389a8a27b\'; builtin export CURSOR_REQUEST_ID=\'fdb98065-3820-491b-ad4a-ad2e21bf209d\'; builtin export CURSOR_AGENT_STORE_FILES_DIR=\'/run/user/1000/cursor_agent_stores/bc-eafff65d-f106-5942-b884-09a389a8a27b/files\'; builtin export CURSOR_AGENT_STORE_SHARED_PATHS=\'{"user":{"path":"/run/user/1000/cursor_agent_stores/u351110900/files","readOnly":false}}\''), ('_ZO_DOCTOR', '0'), ('CURSOR_INVOKED_AS', 'agent'), ('VTE_VERSION', '6800'), ('CMAKE_PREFIX_PATH', '/home/gera/eufs_simulator/install/fmdv_msgs:/home/gera/eufs_simulator/install/eufs_sensors:/home/gera/eufs_simulator/install/eufs_plugins:/home/gera/eufs_simulator/install/eufs_models:/home/gera/eufs_simulator/install/eufs_msgs:/home/gera/zed2i_ros2/install/zed_ros2:/home/gera/zed2i_ros2/install/zed_robot_integration:/home/gera/zed2i_ros2/install/zed_ipc:/home/gera/zed2i_ros2/install/zed_multi_camera:/home/gera/zed2i_ros2/install/zed_display_rviz2:/home/gera/zed2i_ros2/install/zed_depth_to_laserscan:/home/gera/zed2i_ros2/install/zed_wrapper:/home/gera/zed2i_ros2/install/zed_tutorial_video:/home/gera/zed2i_ros2/install/zed_tutorial_pos_tracking:/home/gera/zed2i_ros2/install/zed_tutorial_depth:/home/gera/zed2i_ros2/install/zed_topic_benchmark:/home/gera/zed2i_ros2/install/zed_topic_benchmark_component:/home/gera/zed2i_ros2/install/zed_topic_benchmark_interfaces:/home/gera/zed2i_ros2/install/zed_rgb_convert:/home/gera/zed2i_ros2/install/zed_aruco_localization:/home/gera/zed2i_ros2/install/zed_components:/home/gera/zed2i_ros2/install/rviz_plugin_zed_od:/home/gera/eufs_simulator/install/graph_slam:/home/gera/eufs_simulator/install/fmdv_monitor:/home/gera/eufs_simulator/install/fmdv_code:/home/gera/eufs_simulator/install/eufs_launcher:/home/gera/eufs_simulator/install/eufs_tracks:/home/gera/eufs_simulator/install/eufs_rqt:/home/gera/eufs_simulator/install/eufs_racecar:/opt/ros/humble')]), 'shell': False}
[23.891441] (eufs_msgs) StdoutLine: {'line': b'-- Install configuration: ""\n'}
[23.892395] (eufs_msgs) StdoutLine: {'line': b'-- Installing: /home/gera/Desktop/EUFS_FORK_CONTAINERIZED/eufs-f1-sim/ws/install/eufs_msgs/share/ament_index/resource_index/rosidl_interfaces/eufs_msgs\n'}
[23.892501] (eufs_msgs) StdoutLine: {'line': b'-- Installing: /home/gera/Desktop/EUFS_FORK_CONTAINERIZED/eufs-f1-sim/ws/install/eufs_msgs/include/eufs_msgs/eufs_msgs\n'}
[23.892572] (eufs_msgs) StdoutLine: {'line': b'-- Installing: /home/gera/Desktop/EUFS_FORK_CONTAINERIZED/eufs-f1-sim/ws/install/eufs_msgs/include/eufs_msgs/eufs_msgs/action\n'}
[23.892646] (eufs_msgs) StdoutLine: {'line': b'-- Installing: /home/gera/Desktop/EUFS_FORK_CONTAINERIZED/eufs-f1-sim/ws/install/eufs_msgs/include/eufs_msgs/eufs_msgs/action/detail\n'}
[23.892736] (eufs_msgs) StdoutLine: {'line': b'-- Installing: /home/gera/Desktop/EUFS_FORK_CONTAINERIZED/eufs-f1-sim/ws/install/eufs_msgs/include/eufs_msgs/eufs_msgs/action/detail/check_for_objects__type_support.h\n'}
[23.893012] (eufs_msgs) StdoutLine: {'line': b'-- Installing: /home/gera/Desktop/EUFS_FORK_CONTAINERIZED/eufs-f1-sim/ws/install/eufs_msgs/include/eufs_msgs/eufs_msgs/action/detail/check_for_objects__functions.c\n'}
[23.893307] (eufs_msgs) StdoutLine: {'line': b'-- Installing: /home/gera/Desktop/EUFS_FORK_CONTAINERIZED/eufs-f1-sim/ws/install/eufs_msgs/include/eufs_msgs/eufs_msgs/action/detail/check_for_objects__struct.h\n'}
[23.893415] (eufs_msgs) StdoutLine: {'line': b'-- Installing: /home/gera/Desktop/EUFS_FORK_CONTAINERIZED/eufs-f1-sim/ws/install/eufs_msgs/include/eufs_msgs/eufs_msgs/action/detail/check_for_objects__functions.h\n'}
[23.893499] (eufs_msgs) StdoutLine: {'line': b'-- Installing: /home/gera/Desktop/EUFS_FORK_CONTAINERIZED/eufs-f1-sim/ws/install/eufs_msgs/include/eufs_msgs/eufs_msgs/action/check_for_objects.h\n'}
[23.894530] (eufs_msgs) StdoutLine: {'line': b'-- Installing: /home/gera/Desktop/EUFS_FORK_CONTAINERIZED/eufs-f1-sim/ws/install/eufs_msgs/include/eufs_msgs/eufs_msgs/srv\n'}
[23.894829] (eufs_msgs) StdoutLine: {'line': b'-- Installing: /home/gera/Desktop/EUFS_FORK_CONTAINERIZED/eufs-f1-sim/ws/install/eufs_msgs/include/eufs_msgs/eufs_msgs/srv/set_mission.h\n'}
[23.894975] (eufs_msgs) StdoutLine: {'line': b'-- Installing: /home/gera/Desktop/EUFS_FORK_CONTAINERIZED/eufs-f1-sim/ws/install/eufs_msgs/include/eufs_msgs/eufs_msgs/srv/detail\n'}
[23.895103] (eufs_msgs) StdoutLine: {'line': b'-- Installing: /home/gera/Desktop/EUFS_FORK_CONTAINERIZED/eufs-f1-sim/ws/install/eufs_msgs/include/eufs_msgs/eufs_msgs/srv/detail/get_map__type_support.h\n'}
[23.895251] (eufs_msgs) StdoutLine: {'line': b'-- Installing: /home/gera/Desktop/EUFS_FORK_CONTAINERIZED/eufs-f1-sim/ws/install/eufs_msgs/include/eufs_msgs/eufs_msgs/srv/detail/record_start__struct.h\n'}
[23.895380] (eufs_msgs) StdoutLine: {'line': b'-- Installing: /home/gera/Desktop/EUFS_FORK_CONTAINERIZED/eufs-f1-sim/ws/install/eufs_msgs/include/eufs_msgs/eufs_msgs/srv/detail/record_stop__struct.h\n'}
[23.895737] (eufs_msgs) StdoutLine: {'line': b'-- Installing: /home/gera/Desktop/EUFS_FORK_CONTAINERIZED/eufs-f1-sim/ws/install/eufs_msgs/include/eufs_msgs/eufs_msgs/srv/detail/record_stop__type_support.h\n'}
[23.896116] (eufs_msgs) StdoutLine: {'line': b'-- Installing: /home/gera/Desktop/EUFS_FORK_CONTAINERIZED/eufs-f1-sim/ws/install/eufs_msgs/include/eufs_msgs/eufs_msgs/srv/detail/record_start__type_support.h\n'}
[23.896441] (eufs_msgs) StdoutLine: {'line': b'-- Installing: /home/gera/Desktop/EUFS_FORK_CONTAINERIZED/eufs-f1-sim/ws/install/eufs_msgs/include/eufs_msgs/eufs_msgs/srv/detail/set_track__type_support.h\n'}
[23.896574] (eufs_msgs) StdoutLine: {'line': b'-- Installing: /home/gera/Desktop/EUFS_FORK_CONTAINERIZED/eufs-f1-sim/ws/install/eufs_msgs/include/eufs_msgs/eufs_msgs/srv/detail/record_stop__functions.h\n'}
[23.896655] (eufs_msgs) StdoutLine: {'line': b'-- Installing: /home/gera/Desktop/EUFS_FORK_CONTAINERIZED/eufs-f1-sim/ws/install/eufs_msgs/include/eufs_msgs/eufs_msgs/srv/detail/record_stop__functions.c\n'}
[23.897110] (eufs_msgs) StdoutLine: {'line': b'-- Installing: /home/gera/Desktop/EUFS_FORK_CONTAINERIZED/eufs-f1-sim/ws/install/eufs_msgs/include/eufs_msgs/eufs_msgs/srv/detail/set_can_state__functions.c\n'}
[23.897413] (eufs_msgs) StdoutLine: {'line': b'-- Installing: /home/gera/Desktop/EUFS_FORK_CONTAINERIZED/eufs-f1-sim/ws/install/eufs_msgs/include/eufs_msgs/eufs_msgs/srv/detail/set_string__type_support.h\n'}
[23.898334] (eufs_msgs) StdoutLine: {'line': b'-- Installing: /home/gera/Desktop/EUFS_FORK_CONTAINERIZED/eufs-f1-sim/ws/install/eufs_msgs/include/eufs_msgs/eufs_msgs/srv/detail/get_map__functions.h\n'}
[23.898913] (eufs_msgs) StdoutLine: {'line': b'-- Installing: /home/gera/Desktop/EUFS_FORK_CONTAINERIZED/eufs-f1-sim/ws/install/eufs_msgs/include/eufs_msgs/eufs_msgs/srv/detail/record_start__functions.h\n'}
[23.899464] (eufs_msgs) StdoutLine: {'line': b'-- Installing: /home/gera/Desktop/EUFS_FORK_CONTAINERIZED/eufs-f1-sim/ws/install/eufs_msgs/include/eufs_msgs/eufs_msgs/srv/detail/set_track__struct.h\n'}
[23.899843] (eufs_msgs) StdoutLine: {'line': b'-- Installing: /home/gera/Desktop/EUFS_FORK_CONTAINERIZED/eufs-f1-sim/ws/install/eufs_msgs/include/eufs_msgs/eufs_msgs/srv/detail/set_mission__functions.h\n'}
[23.900017] (eufs_msgs) StdoutLine: {'line': b'-- Installing: /home/gera/Desktop/EUFS_FORK_CONTAINERIZED/eufs-f1-sim/ws/install/eufs_msgs/include/eufs_msgs/eufs_msgs/srv/detail/set_mission__type_support.h\n'}
[23.900400] (eufs_msgs) StdoutLine: {'line': b'-- Installing: /home/gera/Desktop/EUFS_FORK_CONTAINERIZED/eufs-f1-sim/ws/install/eufs_msgs/include/eufs_msgs/eufs_msgs/srv/detail/get_map__struct.h\n'}
[23.900830] (eufs_msgs) StdoutLine: {'line': b'-- Installing: /home/gera/Desktop/EUFS_FORK_CONTAINERIZED/eufs-f1-sim/ws/install/eufs_msgs/include/eufs_msgs/eufs_msgs/srv/detail/set_mission__functions.c\n'}
[23.901163] (eufs_msgs) StdoutLine: {'line': b'-- Installing: /home/gera/Desktop/EUFS_FORK_CONTAINERIZED/eufs-f1-sim/ws/install/eufs_msgs/include/eufs_msgs/eufs_msgs/srv/detail/record_start__functions.c\n'}
[23.901539] (eufs_msgs) StdoutLine: {'line': b'-- Installing: /home/gera/Desktop/EUFS_FORK_CONTAINERIZED/eufs-f1-sim/ws/install/eufs_msgs/include/eufs_msgs/eufs_msgs/srv/detail/get_map__functions.c\n'}
[23.901970] (eufs_msgs) StdoutLine: {'line': b'-- Installing: /home/gera/Desktop/EUFS_FORK_CONTAINERIZED/eufs-f1-sim/ws/install/eufs_msgs/include/eufs_msgs/eufs_msgs/srv/detail/set_track__functions.c\n'}
[23.902212] (eufs_msgs) StdoutLine: {'line': b'-- Installing: /home/gera/Desktop/EUFS_FORK_CONTAINERIZED/eufs-f1-sim/ws/install/eufs_msgs/include/eufs_msgs/eufs_msgs/srv/detail/set_string__functions.h\n'}
[23.902484] (eufs_msgs) StdoutLine: {'line': b'-- Installing: /home/gera/Desktop/EUFS_FORK_CONTAINERIZED/eufs-f1-sim/ws/install/eufs_msgs/include/eufs_msgs/eufs_msgs/srv/detail/register__functions.c\n'}
[23.902762] (eufs_msgs) StdoutLine: {'line': b'-- Installing: /home/gera/Desktop/EUFS_FORK_CONTAINERIZED/eufs-f1-sim/ws/install/eufs_msgs/include/eufs_msgs/eufs_msgs/srv/detail/register__type_support.h\n'}
[23.903105] (eufs_msgs) StdoutLine: {'line': b'-- Installing: /home/gera/Desktop/EUFS_FORK_CONTAINERIZED/eufs-f1-sim/ws/install/eufs_msgs/include/eufs_msgs/eufs_msgs/srv/detail/set_can_state__functions.h\n'}
[23.903630] (eufs_msgs) StdoutLine: {'line': b'-- Installing: /home/gera/Desktop/EUFS_FORK_CONTAINERIZED/eufs-f1-sim/ws/install/eufs_msgs/include/eufs_msgs/eufs_msgs/srv/detail/register__struct.h\n'}
[23.904117] (eufs_msgs) StdoutLine: {'line': b'-- Installing: /home/gera/Desktop/EUFS_FORK_CONTAINERIZED/eufs-f1-sim/ws/install/eufs_msgs/include/eufs_msgs/eufs_msgs/srv/detail/set_track__functions.h\n'}
[23.904623] (eufs_msgs) StdoutLine: {'line': b'-- Installing: /home/gera/Desktop/EUFS_FORK_CONTAINERIZED/eufs-f1-sim/ws/install/eufs_msgs/include/eufs_msgs/eufs_msgs/srv/detail/set_string__functions.c\n'}
[23.904977] (eufs_msgs) StdoutLine: {'line': b'-- Installing: /home/gera/Desktop/EUFS_FORK_CONTAINERIZED/eufs-f1-sim/ws/install/eufs_msgs/include/eufs_msgs/eufs_msgs/srv/detail/set_can_state__struct.h\n'}
[23.905353] (eufs_msgs) StdoutLine: {'line': b'-- Installing: /home/gera/Desktop/EUFS_FORK_CONTAINERIZED/eufs-f1-sim/ws/install/eufs_msgs/include/eufs_msgs/eufs_msgs/srv/detail/set_string__struct.h\n'}
[23.905793] (eufs_msgs) StdoutLine: {'line': b'-- Installing: /home/gera/Desktop/EUFS_FORK_CONTAINERIZED/eufs-f1-sim/ws/install/eufs_msgs/include/eufs_msgs/eufs_msgs/srv/detail/set_mission__struct.h\n'}
[23.905928] (eufs_msgs) StdoutLine: {'line': b'-- Installing: /home/gera/Desktop/EUFS_FORK_CONTAINERIZED/eufs-f1-sim/ws/install/eufs_msgs/include/eufs_msgs/eufs_msgs/srv/detail/register__functions.h\n'}
[23.906063] (eufs_msgs) StdoutLine: {'line': b'-- Installing: /home/gera/Desktop/EUFS_FORK_CONTAINERIZED/eufs-f1-sim/ws/install/eufs_msgs/include/eufs_msgs/eufs_msgs/srv/detail/set_can_state__type_support.h\n'}
[23.906347] (eufs_msgs) StdoutLine: {'line': b'-- Installing: /home/gera/Desktop/EUFS_FORK_CONTAINERIZED/eufs-f1-sim/ws/install/eufs_msgs/include/eufs_msgs/eufs_msgs/srv/set_can_state.h\n'}
[23.906597] (eufs_msgs) StdoutLine: {'line': b'-- Installing: /home/gera/Desktop/EUFS_FORK_CONTAINERIZED/eufs-f1-sim/ws/install/eufs_msgs/include/eufs_msgs/eufs_msgs/srv/record_start.h\n'}
[23.906738] (eufs_msgs) StdoutLine: {'line': b'-- Installing: /home/gera/Desktop/EUFS_FORK_CONTAINERIZED/eufs-f1-sim/ws/install/eufs_msgs/include/eufs_msgs/eufs_msgs/srv/set_string.h\n'}
[23.906979] (eufs_msgs) StdoutLine: {'line': b'-- Installing: /home/gera/Desktop/EUFS_FORK_CONTAINERIZED/eufs-f1-sim/ws/install/eufs_msgs/include/eufs_msgs/eufs_msgs/srv/set_track.h\n'}
[23.907106] (eufs_msgs) StdoutLine: {'line': b'-- Installing: /home/gera/Desktop/EUFS_FORK_CONTAINERIZED/eufs-f1-sim/ws/install/eufs_msgs/include/eufs_msgs/eufs_msgs/srv/record_stop.h\n'}
[23.907353] (eufs_msgs) StdoutLine: {'line': b'-- Installing: /home/gera/Desktop/EUFS_FORK_CONTAINERIZED/eufs-f1-sim/ws/install/eufs_msgs/include/eufs_msgs/eufs_msgs/srv/register.h\n'}
[23.907486] (eufs_msgs) StdoutLine: {'line': b'-- Installing: /home/gera/Desktop/EUFS_FORK_CONTAINERIZED/eufs-f1-sim/ws/install/eufs_msgs/include/eufs_msgs/eufs_msgs/srv/get_map.h\n'}
[23.907612] (eufs_msgs) StdoutLine: {'line': b'-- Installing: /home/gera/Desktop/EUFS_FORK_CONTAINERIZED/eufs-f1-sim/ws/install/eufs_msgs/include/eufs_msgs/eufs_msgs/msg\n'}
[23.907739] (eufs_msgs) StdoutLine: {'line': b'-- Installing: /home/gera/Desktop/EUFS_FORK_CONTAINERIZED/eufs-f1-sim/ws/install/eufs_msgs/include/eufs_msgs/eufs_msgs/msg/point_array_stamped.h\n'}
[23.908036] (eufs_msgs) StdoutLine: {'line': b'-- Installing: /home/gera/Desktop/EUFS_FORK_CONTAINERIZED/eufs-f1-sim/ws/install/eufs_msgs/include/eufs_msgs/eufs_msgs/msg/car_forces.h\n'}
[23.908879] (-) TimerEvent: {}
[23.909006] (eufs_msgs) StdoutLine: {'line': b'-- Installing: /home/gera/Desktop/EUFS_FORK_CONTAINERIZED/eufs-f1-sim/ws/install/eufs_msgs/include/eufs_msgs/eufs_msgs/msg/oss.h\n'}
[23.909152] (eufs_msgs) StdoutLine: {'line': b'-- Installing: /home/gera/Desktop/EUFS_FORK_CONTAINERIZED/eufs-f1-sim/ws/install/eufs_msgs/include/eufs_msgs/eufs_msgs/msg/vehicle_commands.h\n'}
[23.909397] (eufs_msgs) StdoutLine: {'line': b'-- Installing: /home/gera/Desktop/EUFS_FORK_CONTAINERIZED/eufs-f1-sim/ws/install/eufs_msgs/include/eufs_msgs/eufs_msgs/msg/cone_association_array_stamped.h\n'}
[23.909478] (eufs_msgs) StdoutLine: {'line': b'-- Installing: /home/gera/Desktop/EUFS_FORK_CONTAINERIZED/eufs-f1-sim/ws/install/eufs_msgs/include/eufs_msgs/eufs_msgs/msg/particle_slam.h\n'}
[23.909553] (eufs_msgs) StdoutLine: {'line': b'-- Installing: /home/gera/Desktop/EUFS_FORK_CONTAINERIZED/eufs-f1-sim/ws/install/eufs_msgs/include/eufs_msgs/eufs_msgs/msg/slam_err.h\n'}
[23.909622] (eufs_msgs) StdoutLine: {'line': b'-- Installing: /home/gera/Desktop/EUFS_FORK_CONTAINERIZED/eufs-f1-sim/ws/install/eufs_msgs/include/eufs_msgs/eufs_msgs/msg/cone_with_covariance.h\n'}
[23.909690] (eufs_msgs) StdoutLine: {'line': b'-- Installing: /home/gera/Desktop/EUFS_FORK_CONTAINERIZED/eufs-f1-sim/ws/install/eufs_msgs/include/eufs_msgs/eufs_msgs/msg/wheel_speeds_stamped.h\n'}
[23.909759] (eufs_msgs) StdoutLine: {'line': b'-- Installing: /home/gera/Desktop/EUFS_FORK_CONTAINERIZED/eufs-f1-sim/ws/install/eufs_msgs/include/eufs_msgs/eufs_msgs/msg/path_integral_status.h\n'}
[23.909825] (eufs_msgs) StdoutLine: {'line': b'-- Installing: /home/gera/Desktop/EUFS_FORK_CONTAINERIZED/eufs-f1-sim/ws/install/eufs_msgs/include/eufs_msgs/eufs_msgs/msg/point_array.h\n'}
[23.909892] (eufs_msgs) StdoutLine: {'line': b'-- Installing: /home/gera/Desktop/EUFS_FORK_CONTAINERIZED/eufs-f1-sim/ws/install/eufs_msgs/include/eufs_msgs/eufs_msgs/msg/topic_status.h\n'}
[23.909957] (eufs_msgs) StdoutLine: {'line': b'-- Installing: /home/gera/Desktop/EUFS_FORK_CONTAINERIZED/eufs-f1-sim/ws/install/eufs_msgs/include/eufs_msgs/eufs_msgs/msg/cone_array.h\n'}
[23.910490] (eufs_msgs) StdoutLine: {'line': b'-- Installing: /home/gera/Desktop/EUFS_FORK_CONTAINERIZED/eufs-f1-sim/ws/install/eufs_msgs/include/eufs_msgs/eufs_msgs/msg/runstop.h\n'}
[23.910562] (eufs_msgs) StdoutLine: {'line': b'-- Installing: /home/gera/Desktop/EUFS_FORK_CONTAINERIZED/eufs-f1-sim/ws/install/eufs_msgs/include/eufs_msgs/eufs_msgs/msg/slam_state.h\n'}
[23.910628] (eufs_msgs) StdoutLine: {'line': b'-- Installing: /home/gera/Desktop/EUFS_FORK_CONTAINERIZED/eufs-f1-sim/ws/install/eufs_msgs/include/eufs_msgs/eufs_msgs/msg/wheel_speeds.h\n'}
[23.910810] (eufs_msgs) StdoutLine: {'line': b'-- Installing: /home/gera/Desktop/EUFS_FORK_CONTAINERIZED/eufs-f1-sim/ws/install/eufs_msgs/include/eufs_msgs/eufs_msgs/msg/chassis_command.h\n'}
[23.910877] (eufs_msgs) StdoutLine: {'line': b'-- Installing: /home/gera/Desktop/EUFS_FORK_CONTAINERIZED/eufs-f1-sim/ws/install/eufs_msgs/include/eufs_msgs/eufs_msgs/msg/cone_with_color_probability_array.h\n'}
[23.910942] (eufs_msgs) StdoutLine: {'line': b'-- Installing: /home/gera/Desktop/EUFS_FORK_CONTAINERIZED/eufs-f1-sim/ws/install/eufs_msgs/include/eufs_msgs/eufs_msgs/msg/ekf_err.h\n'}
[23.911009] (eufs_msgs) StdoutLine: {'line': b'-- Installing: /home/gera/Desktop/EUFS_FORK_CONTAINERIZED/eufs-f1-sim/ws/install/eufs_msgs/include/eufs_msgs/eufs_msgs/msg/stereo_image.h\n'}
[23.911075] (eufs_msgs) StdoutLine: {'line': b'-- Installing: /home/gera/Desktop/EUFS_FORK_CONTAINERIZED/eufs-f1-sim/ws/install/eufs_msgs/include/eufs_msgs/eufs_msgs/msg/path_integral_stats.h\n'}
[23.911142] (eufs_msgs) StdoutLine: {'line': b'-- Installing: /home/gera/Desktop/EUFS_FORK_CONTAINERIZED/eufs-f1-sim/ws/install/eufs_msgs/include/eufs_msgs/eufs_msgs/msg/path_integral_timing.h\n'}
[23.911217] (eufs_msgs) StdoutLine: {'line': b'-- Installing: /home/gera/Desktop/EUFS_FORK_CONTAINERIZED/eufs-f1-sim/ws/install/eufs_msgs/include/eufs_msgs/eufs_msgs/msg/cone_with_color_probability.h\n'}
[23.911284] (eufs_msgs) StdoutLine: {'line': b'-- Installing: /home/gera/Desktop/EUFS_FORK_CONTAINERIZED/eufs-f1-sim/ws/install/eufs_msgs/include/eufs_msgs/eufs_msgs/msg/ekf_state.h\n'}
[23.911351] (eufs_msgs) StdoutLine: {'line': b'-- Installing: /home/gera/Desktop/EUFS_FORK_CONTAINERIZED/eufs-f1-sim/ws/install/eufs_msgs/include/eufs_msgs/eufs_msgs/msg/cone_association_array_array_stamped.h\n'}
[23.911909] (eufs_msgs) StdoutLine: {'line': b'-- Installing: /home/gera/Desktop/EUFS_FORK_CONTAINERIZED/eufs-f1-sim/ws/install/eufs_msgs/include/eufs_msgs/eufs_msgs/msg/bounding_boxes.h\n'}
[23.912628] (eufs_msgs) StdoutLine: {'line': b'-- Installing: /home/gera/Desktop/EUFS_FORK_CONTAINERIZED/eufs-f1-sim/ws/install/eufs_msgs/include/eufs_msgs/eufs_msgs/msg/detail\n'}
[23.912947] (eufs_msgs) StdoutLine: {'line': b'-- Installing: /home/gera/Desktop/EUFS_FORK_CONTAINERIZED/eufs-f1-sim/ws/install/eufs_msgs/include/eufs_msgs/eufs_msgs/msg/detail/costmap__struct.h\n'}
[23.913254] (eufs_msgs) StdoutLine: {'line': b'-- Installing: /home/gera/Desktop/EUFS_FORK_CONTAINERIZED/eufs-f1-sim/ws/install/eufs_msgs/include/eufs_msgs/eufs_msgs/msg/detail/car_forces__functions.h\n'}
[23.913521] (eufs_msgs) StdoutLine: {'line': b'-- Installing: /home/gera/Desktop/EUFS_FORK_CONTAINERIZED/eufs-f1-sim/ws/install/eufs_msgs/include/eufs_msgs/eufs_msgs/msg/detail/wheel_speeds_stamped__functions.c\n'}
[23.913834] (eufs_msgs) StdoutLine: {'line': b'-- Installing: /home/gera/Desktop/EUFS_FORK_CONTAINERIZED/eufs-f1-sim/ws/install/eufs_msgs/include/eufs_msgs/eufs_msgs/msg/detail/ekf_state__type_support.h\n'}
[23.914059] (eufs_msgs) StdoutLine: {'line': b'-- Installing: /home/gera/Desktop/EUFS_FORK_CONTAINERIZED/eufs-f1-sim/ws/install/eufs_msgs/include/eufs_msgs/eufs_msgs/msg/detail/bounding_box__functions.h\n'}
[23.914372] (eufs_msgs) StdoutLine: {'line': b'-- Installing: /home/gera/Desktop/EUFS_FORK_CONTAINERIZED/eufs-f1-sim/ws/install/eufs_msgs/include/eufs_msgs/eufs_msgs/msg/detail/cone_association_array_stamped__functions.h\n'}
[23.914664] (eufs_msgs) StdoutLine: {'line': b'-- Installing: /home/gera/Desktop/EUFS_FORK_CONTAINERIZED/eufs-f1-sim/ws/install/eufs_msgs/include/eufs_msgs/eufs_msgs/msg/detail/heartbeat__functions.c\n'}
[23.914758] (eufs_msgs) StdoutLine: {'line': b'-- Installing: /home/gera/Desktop/EUFS_FORK_CONTAINERIZED/eufs-f1-sim/ws/install/eufs_msgs/include/eufs_msgs/eufs_msgs/msg/detail/path_integral_timing__struct.h\n'}
[23.914838] (eufs_msgs) StdoutLine: {'line': b'-- Installing: /home/gera/Desktop/EUFS_FORK_CONTAINERIZED/eufs-f1-sim/ws/install/eufs_msgs/include/eufs_msgs/eufs_msgs/msg/detail/costmap__functions.h\n'}
[23.914955] (eufs_msgs) StdoutLine: {'line': b'-- Installing: /home/gera/Desktop/EUFS_FORK_CONTAINERIZED/eufs-f1-sim/ws/install/eufs_msgs/include/eufs_msgs/eufs_msgs/msg/detail/particle_slam__struct.h\n'}
[23.915027] (eufs_msgs) StdoutLine: {'line': b'-- Installing: /home/gera/Desktop/EUFS_FORK_CONTAINERIZED/eufs-f1-sim/ws/install/eufs_msgs/include/eufs_msgs/eufs_msgs/msg/detail/cone_array_with_covariance__type_support.h\n'}
[23.915098] (eufs_msgs) StdoutLine: {'line': b'-- Installing: /home/gera/Desktop/EUFS_FORK_CONTAINERIZED/eufs-f1-sim/ws/install/eufs_msgs/include/eufs_msgs/eufs_msgs/msg/detail/cone_with_covariance__functions.h\n'}
[23.915165] (eufs_msgs) StdoutLine: {'line': b'-- Installing: /home/gera/Desktop/EUFS_FORK_CONTAINERIZED/eufs-f1-sim/ws/install/eufs_msgs/include/eufs_msgs/eufs_msgs/msg/detail/chassis_state__type_support.h\n'}
[23.915520] (eufs_msgs) StdoutLine: {'line': b'-- Installing: /home/gera/Desktop/EUFS_FORK_CONTAINERIZED/eufs-f1-sim/ws/install/eufs_msgs/include/eufs_msgs/eufs_msgs/msg/detail/ekf_err__struct.h\n'}
[23.915891] (eufs_msgs) StdoutLine: {'line': b'-- Installing: /home/gera/Desktop/EUFS_FORK_CONTAINERIZED/eufs-f1-sim/ws/install/eufs_msgs/include/eufs_msgs/eufs_msgs/msg/detail/cone_association__functions.c\n'}
[23.916157] (eufs_msgs) StdoutLine: {'line': b'-- Installing: /home/gera/Desktop/EUFS_FORK_CONTAINERIZED/eufs-f1-sim/ws/install/eufs_msgs/include/eufs_msgs/eufs_msgs/msg/detail/mpc_state__functions.c\n'}
[23.916510] (eufs_msgs) StdoutLine: {'line': b'-- Installing: /home/gera/Desktop/EUFS_FORK_CONTAINERIZED/eufs-f1-sim/ws/install/eufs_msgs/include/eufs_msgs/eufs_msgs/msg/detail/slam_state__struct.h\n'}
[23.916727] (eufs_msgs) StdoutLine: {'line': b'-- Installing: /home/gera/Desktop/EUFS_FORK_CONTAINERIZED/eufs-f1-sim/ws/install/eufs_msgs/include/eufs_msgs/eufs_msgs/msg/detail/pure_pursuit_checkpoint_array_stamped__struct.h\n'}
[23.917059] (eufs_msgs) StdoutLine: {'line': b'-- Installing: /home/gera/Desktop/EUFS_FORK_CONTAINERIZED/eufs-f1-sim/ws/install/eufs_msgs/include/eufs_msgs/eufs_msgs/msg/detail/path_integral_timing__functions.c\n'}
[23.917342] (eufs_msgs) StdoutLine: {'line': b'-- Installing: /home/gera/Desktop/EUFS_FORK_CONTAINERIZED/eufs-f1-sim/ws/install/eufs_msgs/include/eufs_msgs/eufs_msgs/msg/detail/pure_pursuit_checkpoint__functions.h\n'}
[23.917622] (eufs_msgs) StdoutLine: {'line': b'-- Installing: /home/gera/Desktop/EUFS_FORK_CONTAINERIZED/eufs-f1-sim/ws/install/eufs_msgs/include/eufs_msgs/eufs_msgs/msg/detail/vehicle_commands_stamped__struct.h\n'}
[23.917891] (eufs_msgs) StdoutLine: {'line': b'-- Installing: /home/gera/Desktop/EUFS_FORK_CONTAINERIZED/eufs-f1-sim/ws/install/eufs_msgs/include/eufs_msgs/eufs_msgs/msg/detail/pure_pursuit_checkpoint_array_stamped__type_support.h\n'}
[23.918194] (eufs_msgs) StdoutLine: {'line': b'-- Installing: /home/gera/Desktop/EUFS_FORK_CONTAINERIZED/eufs-f1-sim/ws/install/eufs_msgs/include/eufs_msgs/eufs_msgs/msg/detail/cpu_status__functions.h\n'}
[23.918496] (eufs_msgs) StdoutLine: {'line': b'-- Installing: /home/gera/Desktop/EUFS_FORK_CONTAINERIZED/eufs-f1-sim/ws/install/eufs_msgs/include/eufs_msgs/eufs_msgs/msg/detail/oss__struct.h\n'}
[23.918767] (eufs_msgs) StdoutLine: {'line': b'-- Installing: /home/gera/Desktop/EUFS_FORK_CONTAINERIZED/eufs-f1-sim/ws/install/eufs_msgs/include/eufs_msgs/eufs_msgs/msg/detail/integration_err__functions.c\n'}
[23.919054] (eufs_msgs) StdoutLine: {'line': b'-- Installing: /home/gera/Desktop/EUFS_FORK_CONTAINERIZED/eufs-f1-sim/ws/install/eufs_msgs/include/eufs_msgs/eufs_msgs/msg/detail/particle_slam__functions.h\n'}
[23.919365] (eufs_msgs) StdoutLine: {'line': b'-- Installing: /home/gera/Desktop/EUFS_FORK_CONTAINERIZED/eufs-f1-sim/ws/install/eufs_msgs/include/eufs_msgs/eufs_msgs/msg/detail/particle_stamped__functions.h\n'}
[23.919654] (eufs_msgs) StdoutLine: {'line': b'-- Installing: /home/gera/Desktop/EUFS_FORK_CONTAINERIZED/eufs-f1-sim/ws/install/eufs_msgs/include/eufs_msgs/eufs_msgs/msg/detail/car_forces__struct.h\n'}
[23.919920] (eufs_msgs) StdoutLine: {'line': b'-- Installing: /home/gera/Desktop/EUFS_FORK_CONTAINERIZED/eufs-f1-sim/ws/install/eufs_msgs/include/eufs_msgs/eufs_msgs/msg/detail/lap_stats__struct.h\n'}
[23.920242] (eufs_msgs) StdoutLine: {'line': b'-- Installing: /home/gera/Desktop/EUFS_FORK_CONTAINERIZED/eufs-f1-sim/ws/install/eufs_msgs/include/eufs_msgs/eufs_msgs/msg/detail/vehicle_commands__type_support.h\n'}
[23.920521] (eufs_msgs) StdoutLine: {'line': b'-- Installing: /home/gera/Desktop/EUFS_FORK_CONTAINERIZED/eufs-f1-sim/ws/install/eufs_msgs/include/eufs_msgs/eufs_msgs/msg/detail/waypoint__struct.h\n'}
[23.920843] (eufs_msgs) StdoutLine: {'line': b'-- Installing: /home/gera/Desktop/EUFS_FORK_CONTAINERIZED/eufs-f1-sim/ws/install/eufs_msgs/include/eufs_msgs/eufs_msgs/msg/detail/vehicle_commands__functions.h\n'}
[23.921073] (eufs_msgs) StdoutLine: {'line': b'-- Installing: /home/gera/Desktop/EUFS_FORK_CONTAINERIZED/eufs-f1-sim/ws/install/eufs_msgs/include/eufs_msgs/eufs_msgs/msg/detail/vehicle_commands_stamped__functions.h\n'}
[23.921394] (eufs_msgs) StdoutLine: {'line': b'-- Installing: /home/gera/Desktop/EUFS_FORK_CONTAINERIZED/eufs-f1-sim/ws/install/eufs_msgs/include/eufs_msgs/eufs_msgs/msg/detail/ekf_err__functions.h\n'}
[23.921660] (eufs_msgs) StdoutLine: {'line': b'-- Installing: /home/gera/Desktop/EUFS_FORK_CONTAINERIZED/eufs-f1-sim/ws/install/eufs_msgs/include/eufs_msgs/eufs_msgs/msg/detail/cone_array__functions.h\n'}
[23.921988] (eufs_msgs) StdoutLine: {'line': b'-- Installing: /home/gera/Desktop/EUFS_FORK_CONTAINERIZED/eufs-f1-sim/ws/install/eufs_msgs/include/eufs_msgs/eufs_msgs/msg/detail/path_integral_stats__type_support.h\n'}
[23.922273] (eufs_msgs) StdoutLine: {'line': b'-- Installing: /home/gera/Desktop/EUFS_FORK_CONTAINERIZED/eufs-f1-sim/ws/install/eufs_msgs/include/eufs_msgs/eufs_msgs/msg/detail/cone_array__functions.c\n'}
[23.922552] (eufs_msgs) StdoutLine: {'line': b'-- Installing: /home/gera/Desktop/EUFS_FORK_CONTAINERIZED/eufs-f1-sim/ws/install/eufs_msgs/include/eufs_msgs/eufs_msgs/msg/detail/node_state__struct.h\n'}
[23.922814] (eufs_msgs) StdoutLine: {'line': b'-- Installing: /home/gera/Desktop/EUFS_FORK_CONTAINERIZED/eufs-f1-sim/ws/install/eufs_msgs/include/eufs_msgs/eufs_msgs/msg/detail/cone_association__functions.h\n'}
[23.923052] (eufs_msgs) StdoutLine: {'line': b'-- Installing: /home/gera/Desktop/EUFS_FORK_CONTAINERIZED/eufs-f1-sim/ws/install/eufs_msgs/include/eufs_msgs/eufs_msgs/msg/detail/wheel_speeds_stamped__struct.h\n'}
[23.923276] (eufs_msgs) StdoutLine: {'line': b'-- Installing: /home/gera/Desktop/EUFS_FORK_CONTAINERIZED/eufs-f1-sim/ws/install/eufs_msgs/include/eufs_msgs/eufs_msgs/msg/detail/slam_state__functions.h\n'}
[23.924622] (eufs_msgs) StdoutLine: {'line': b'-- Installing: /home/gera/Desktop/EUFS_FORK_CONTAINERIZED/eufs-f1-sim/ws/install/eufs_msgs/include/eufs_msgs/eufs_msgs/msg/detail/slam_err__type_support.h\n'}
[23.925016] (eufs_msgs) StdoutLine: {'line': b'-- Installing: /home/gera/Desktop/EUFS_FORK_CONTAINERIZED/eufs-f1-sim/ws/install/eufs_msgs/include/eufs_msgs/eufs_msgs/msg/detail/ekf_state__struct.h\n'}
[23.925156] (eufs_msgs) StdoutLine: {'line': b'-- Installing: /home/gera/Desktop/EUFS_FORK_CONTAINERIZED/eufs-f1-sim/ws/install/eufs_msgs/include/eufs_msgs/eufs_msgs/msg/detail/particle_stamped__struct.h\n'}
[23.925413] (eufs_msgs) StdoutLine: {'line': b'-- Installing: /home/gera/Desktop/EUFS_FORK_CONTAINERIZED/eufs-f1-sim/ws/install/eufs_msgs/include/eufs_msgs/eufs_msgs/msg/detail/path_integral_status__struct.h\n'}
[23.925492] (eufs_msgs) StdoutLine: {'line': b'-- Installing: /home/gera/Desktop/EUFS_FORK_CONTAINERIZED/eufs-f1-sim/ws/install/eufs_msgs/include/eufs_msgs/eufs_msgs/msg/detail/point_array__functions.h\n'}
[23.925560] (eufs_msgs) StdoutLine: {'line': b'-- Installing: /home/gera/Desktop/EUFS_FORK_CONTAINERIZED/eufs-f1-sim/ws/install/eufs_msgs/include/eufs_msgs/eufs_msgs/msg/detail/state_machine_state__type_support.h\n'}
[23.925625] (eufs_msgs) StdoutLine: {'line': b'-- Installing: /home/gera/Desktop/EUFS_FORK_CONTAINERIZED/eufs-f1-sim/ws/install/eufs_msgs/include/eufs_msgs/eufs_msgs/msg/detail/stereo_image__functions.h\n'}
[23.925709] (eufs_msgs) StdoutLine: {'line': b'-- Installing: /home/gera/Desktop/EUFS_FORK_CONTAINERIZED/eufs-f1-sim/ws/install/eufs_msgs/include/eufs_msgs/eufs_msgs/msg/detail/path_integral_params__functions.c\n'}
[23.925777] (eufs_msgs) StdoutLine: {'line': b'-- Installing: /home/gera/Desktop/EUFS_FORK_CONTAINERIZED/eufs-f1-sim/ws/install/eufs_msgs/include/eufs_msgs/eufs_msgs/msg/detail/cpu_status__type_support.h\n'}
[23.925843] (eufs_msgs) StdoutLine: {'line': b'-- Installing: /home/gera/Desktop/EUFS_FORK_CONTAINERIZED/eufs-f1-sim/ws/install/eufs_msgs/include/eufs_msgs/eufs_msgs/msg/detail/costmap__functions.c\n'}
[23.925913] (eufs_msgs) StdoutLine: {'line': b'-- Installing: /home/gera/Desktop/EUFS_FORK_CONTAINERIZED/eufs-f1-sim/ws/install/eufs_msgs/include/eufs_msgs/eufs_msgs/msg/detail/wheel_speeds__struct.h\n'}
[23.926055] (eufs_msgs) StdoutLine: {'line': b'-- Installing: /home/gera/Desktop/EUFS_FORK_CONTAINERIZED/eufs-f1-sim/ws/install/eufs_msgs/include/eufs_msgs/eufs_msgs/msg/detail/can_state__functions.h\n'}
[23.926117] (eufs_msgs) StdoutLine: {'line': b'-- Installing: /home/gera/Desktop/EUFS_FORK_CONTAINERIZED/eufs-f1-sim/ws/install/eufs_msgs/include/eufs_msgs/eufs_msgs/msg/detail/heartbeat__struct.h\n'}
[23.926258] (eufs_msgs) StdoutLine: {'line': b'-- Installing: /home/gera/Desktop/EUFS_FORK_CONTAINERIZED/eufs-f1-sim/ws/install/eufs_msgs/include/eufs_msgs/eufs_msgs/msg/detail/oss__functions.c\n'}
[23.926324] (eufs_msgs) StdoutLine: {'line': b'-- Installing: /home/gera/Desktop/EUFS_FORK_CONTAINERIZED/eufs-f1-sim/ws/install/eufs_msgs/include/eufs_msgs/eufs_msgs/msg/detail/cpu_status__functions.c\n'}
[23.926383] (eufs_msgs) StdoutLine: {'line': b'-- Installing: /home/gera/Desktop/EUFS_FORK_CONTAINERIZED/eufs-f1-sim/ws/install/eufs_msgs/include/eufs_msgs/eufs_msgs/msg/detail/runstop__functions.h\n'}
[23.926441] (eufs_msgs) StdoutLine: {'line': b'-- Installing: /home/gera/Desktop/EUFS_FORK_CONTAINERIZED/eufs-f1-sim/ws/install/eufs_msgs/include/eufs_msgs/eufs_msgs/msg/detail/planning_mode__type_support.h\n'}
[23.926501] (eufs_msgs) StdoutLine: {'line': b'-- Installing: /home/gera/Desktop/EUFS_FORK_CONTAINERIZED/eufs-f1-sim/ws/install/eufs_msgs/include/eufs_msgs/eufs_msgs/msg/detail/cone_association__struct.h\n'}
[23.926559] (eufs_msgs) StdoutLine: {'line': b'-- Installing: /home/gera/Desktop/EUFS_FORK_CONTAINERIZED/eufs-f1-sim/ws/install/eufs_msgs/include/eufs_msgs/eufs_msgs/msg/detail/vehicle_commands_stamped__functions.c\n'}
[23.926618] (eufs_msgs) StdoutLine: {'line': b'-- Installing: /home/gera/Desktop/EUFS_FORK_CONTAINERIZED/eufs-f1-sim/ws/install/eufs_msgs/include/eufs_msgs/eufs_msgs/msg/detail/node_state__type_support.h\n'}
[23.926685] (eufs_msgs) StdoutLine: {'line': b'-- Installing: /home/gera/Desktop/EUFS_FORK_CONTAINERIZED/eufs-f1-sim/ws/install/eufs_msgs/include/eufs_msgs/eufs_msgs/msg/detail/cone_with_color_probability_array__type_support.h\n'}
[23.926751] (eufs_msgs) StdoutLine: {'line': b'-- Installing: /home/gera/Desktop/EUFS_FORK_CONTAINERIZED/eufs-f1-sim/ws/install/eufs_msgs/include/eufs_msgs/eufs_msgs/msg/detail/waypoint_array_stamped__functions.c\n'}
[23.926817] (eufs_msgs) StdoutLine: {'line': b'-- Installing: /home/gera/Desktop/EUFS_FORK_CONTAINERIZED/eufs-f1-sim/ws/install/eufs_msgs/include/eufs_msgs/eufs_msgs/msg/detail/car_state__functions.c\n'}
[23.926887] (eufs_msgs) StdoutLine: {'line': b'-- Installing: /home/gera/Desktop/EUFS_FORK_CONTAINERIZED/eufs-f1-sim/ws/install/eufs_msgs/include/eufs_msgs/eufs_msgs/msg/detail/cone_with_covariance__functions.c\n'}
[23.927372] (eufs_msgs) StdoutLine: {'line': b'-- Installing: /home/gera/Desktop/EUFS_FORK_CONTAINERIZED/eufs-f1-sim/ws/install/eufs_msgs/include/eufs_msgs/eufs_msgs/msg/detail/runstop__struct.h\n'}
[23.927711] (eufs_msgs) StdoutLine: {'line': b'-- Installing: /home/gera/Desktop/EUFS_FORK_CONTAINERIZED/eufs-f1-sim/ws/install/eufs_msgs/include/eufs_msgs/eufs_msgs/msg/detail/can_state__functions.c\n'}
[23.927976] (eufs_msgs) StdoutLine: {'line': b'-- Installing: /home/gera/Desktop/EUFS_FORK_CONTAINERIZED/eufs-f1-sim/ws/install/eufs_msgs/include/eufs_msgs/eufs_msgs/msg/detail/particle__struct.h\n'}
[23.928534] (eufs_msgs) StdoutLine: {'line': b'-- Installing: /home/gera/Desktop/EUFS_FORK_CONTAINERIZED/eufs-f1-sim/ws/install/eufs_msgs/include/eufs_msgs/eufs_msgs/msg/detail/slam_state__functions.c\n'}
[23.929414] (eufs_msgs) StdoutLine: {'line': b'-- Installing: /home/gera/Desktop/EUFS_FORK_CONTAINERIZED/eufs-f1-sim/ws/install/eufs_msgs/include/eufs_msgs/eufs_msgs/msg/detail/heartbeat__functions.h\n'}
[23.929599] (eufs_msgs) StdoutLine: {'line': b'-- Installing: /home/gera/Desktop/EUFS_FORK_CONTAINERIZED/eufs-f1-sim/ws/install/eufs_msgs/include/eufs_msgs/eufs_msgs/msg/detail/particle_stamped__functions.c\n'}
[23.930140] (eufs_msgs) StdoutLine: {'line': b'-- Installing: /home/gera/Desktop/EUFS_FORK_CONTAINERIZED/eufs-f1-sim/ws/install/eufs_msgs/include/eufs_msgs/eufs_msgs/msg/detail/particle_slam__functions.c\n'}
[23.930533] (eufs_msgs) StdoutLine: {'line': b'-- Installing: /home/gera/Desktop/EUFS_FORK_CONTAINERIZED/eufs-f1-sim/ws/install/eufs_msgs/include/eufs_msgs/eufs_msgs/msg/detail/planning_mode__functions.c\n'}
[23.930803] (eufs_msgs) StdoutLine: {'line': b'-- Installing: /home/gera/Desktop/EUFS_FORK_CONTAINERIZED/eufs-f1-sim/ws/install/eufs_msgs/include/eufs_msgs/eufs_msgs/msg/detail/system_status__functions.h\n'}
[23.931079] (eufs_msgs) StdoutLine: {'line': b'-- Installing: /home/gera/Desktop/EUFS_FORK_CONTAINERIZED/eufs-f1-sim/ws/install/eufs_msgs/include/eufs_msgs/eufs_msgs/msg/detail/planning_mode__functions.h\n'}
[23.931353] (eufs_msgs) StdoutLine: {'line': b'-- Installing: /home/gera/Desktop/EUFS_FORK_CONTAINERIZED/eufs-f1-sim/ws/install/eufs_msgs/include/eufs_msgs/eufs_msgs/msg/detail/node_state__functions.c\n'}
[23.931647] (eufs_msgs) StdoutLine: {'line': b'-- Installing: /home/gera/Desktop/EUFS_FORK_CONTAINERIZED/eufs-f1-sim/ws/install/eufs_msgs/include/eufs_msgs/eufs_msgs/msg/detail/cone_association_array__functions.c\n'}
[23.931875] (eufs_msgs) StdoutLine: {'line': b'-- Installing: /home/gera/Desktop/EUFS_FORK_CONTAINERIZED/eufs-f1-sim/ws/install/eufs_msgs/include/eufs_msgs/eufs_msgs/msg/detail/vehicle_commands__struct.h\n'}
[23.932161] (eufs_msgs) StdoutLine: {'line': b'-- Installing: /home/gera/Desktop/EUFS_FORK_CONTAINERIZED/eufs-f1-sim/ws/install/eufs_msgs/include/eufs_msgs/eufs_msgs/msg/detail/full_state__struct.h\n'}
[23.932453] (eufs_msgs) StdoutLine: {'line': b'-- Installing: /home/gera/Desktop/EUFS_FORK_CONTAINERIZED/eufs-f1-sim/ws/install/eufs_msgs/include/eufs_msgs/eufs_msgs/msg/detail/cone_association_array__struct.h\n'}
[23.932715] (eufs_msgs) StdoutLine: {'line': b'-- Installing: /home/gera/Desktop/EUFS_FORK_CONTAINERIZED/eufs-f1-sim/ws/install/eufs_msgs/include/eufs_msgs/eufs_msgs/msg/detail/ekf_state__functions.h\n'}
[23.932992] (eufs_msgs) StdoutLine: {'line': b'-- Installing: /home/gera/Desktop/EUFS_FORK_CONTAINERIZED/eufs-f1-sim/ws/install/eufs_msgs/include/eufs_msgs/eufs_msgs/msg/detail/particle__functions.c\n'}
[23.935408] (eufs_msgs) StdoutLine: {'line': b'-- Installing: /home/gera/Desktop/EUFS_FORK_CONTAINERIZED/eufs-f1-sim/ws/install/eufs_msgs/include/eufs_msgs/eufs_msgs/msg/detail/pure_pursuit_checkpoint__type_support.h\n'}
[23.936122] (eufs_msgs) StdoutLine: {'line': b'-- Installing: /home/gera/Desktop/EUFS_FORK_CONTAINERIZED/eufs-f1-sim/ws/install/eufs_msgs/include/eufs_msgs/eufs_msgs/msg/detail/cone_with_color_probability_array__functions.c\n'}
[23.936293] (eufs_msgs) StdoutLine: {'line': b'-- Installing: /home/gera/Desktop/EUFS_FORK_CONTAINERIZED/eufs-f1-sim/ws/install/eufs_msgs/include/eufs_msgs/eufs_msgs/msg/detail/bounding_boxes__type_support.h\n'}
[23.936776] (eufs_msgs) StdoutLine: {'line': b'-- Installing: /home/gera/Desktop/EUFS_FORK_CONTAINERIZED/eufs-f1-sim/ws/install/eufs_msgs/include/eufs_msgs/eufs_msgs/msg/detail/particle__functions.h\n'}
[23.937018] (eufs_msgs) StdoutLine: {'line': b'-- Installing: /home/gera/Desktop/EUFS_FORK_CONTAINERIZED/eufs-f1-sim/ws/install/eufs_msgs/include/eufs_msgs/eufs_msgs/msg/detail/slam_err__functions.c\n'}
[23.937171] (eufs_msgs) StdoutLine: {'line': b'-- Installing: /home/gera/Desktop/EUFS_FORK_CONTAINERIZED/eufs-f1-sim/ws/install/eufs_msgs/include/eufs_msgs/eufs_msgs/msg/detail/cone_association_array_stamped__struct.h\n'}
[23.937340] (eufs_msgs) StdoutLine: {'line': b'-- Installing: /home/gera/Desktop/EUFS_FORK_CONTAINERIZED/eufs-f1-sim/ws/install/eufs_msgs/include/eufs_msgs/eufs_msgs/msg/detail/particle_slam_stamped__struct.h\n'}
[23.937463] (eufs_msgs) StdoutLine: {'line': b'-- Installing: /home/gera/Desktop/EUFS_FORK_CONTAINERIZED/eufs-f1-sim/ws/install/eufs_msgs/include/eufs_msgs/eufs_msgs/msg/detail/point_array_stamped__type_support.h\n'}
[23.937583] (eufs_msgs) StdoutLine: {'line': b'-- Installing: /home/gera/Desktop/EUFS_FORK_CONTAINERIZED/eufs-f1-sim/ws/install/eufs_msgs/include/eufs_msgs/eufs_msgs/msg/detail/slam_err__struct.h\n'}
[23.937721] (eufs_msgs) StdoutLine: {'line': b'-- Installing: /home/gera/Desktop/EUFS_FORK_CONTAINERIZED/eufs-f1-sim/ws/install/eufs_msgs/include/eufs_msgs/eufs_msgs/msg/detail/path_integral_status__type_support.h\n'}
[23.938054] (eufs_msgs) StdoutLine: {'line': b'-- Installing: /home/gera/Desktop/EUFS_FORK_CONTAINERIZED/eufs-f1-sim/ws/install/eufs_msgs/include/eufs_msgs/eufs_msgs/msg/detail/node_state_array__functions.h\n'}
[23.938434] (eufs_msgs) StdoutLine: {'line': b'-- Installing: /home/gera/Desktop/EUFS_FORK_CONTAINERIZED/eufs-f1-sim/ws/install/eufs_msgs/include/eufs_msgs/eufs_msgs/msg/detail/oss__type_support.h\n'}
[23.938740] (eufs_msgs) StdoutLine: {'line': b'-- Installing: /home/gera/Desktop/EUFS_FORK_CONTAINERIZED/eufs-f1-sim/ws/install/eufs_msgs/include/eufs_msgs/eufs_msgs/msg/detail/mpc_state__type_support.h\n'}
[23.939051] (eufs_msgs) StdoutLine: {'line': b'-- Installing: /home/gera/Desktop/EUFS_FORK_CONTAINERIZED/eufs-f1-sim/ws/install/eufs_msgs/include/eufs_msgs/eufs_msgs/msg/detail/cpu_usage__functions.c\n'}
[23.939360] (eufs_msgs) StdoutLine: {'line': b'-- Installing: /home/gera/Desktop/EUFS_FORK_CONTAINERIZED/eufs-f1-sim/ws/install/eufs_msgs/include/eufs_msgs/eufs_msgs/msg/detail/point_array__type_support.h\n'}
[23.939654] (eufs_msgs) StdoutLine: {'line': b'-- Installing: /home/gera/Desktop/EUFS_FORK_CONTAINERIZED/eufs-f1-sim/ws/install/eufs_msgs/include/eufs_msgs/eufs_msgs/msg/detail/path_integral_timing__functions.h\n'}
[23.939755] (eufs_msgs) StdoutLine: {'line': b'-- Installing: /home/gera/Desktop/EUFS_FORK_CONTAINERIZED/eufs-f1-sim/ws/install/eufs_msgs/include/eufs_msgs/eufs_msgs/msg/detail/cone_association_array_array_stamped__functions.c\n'}
[23.939834] (eufs_msgs) StdoutLine: {'line': b'-- Installing: /home/gera/Desktop/EUFS_FORK_CONTAINERIZED/eufs-f1-sim/ws/install/eufs_msgs/include/eufs_msgs/eufs_msgs/msg/detail/particle_slam_stamped__functions.c\n'}
[23.940117] (eufs_msgs) StdoutLine: {'line': b'-- Installing: /home/gera/Desktop/EUFS_FORK_CONTAINERIZED/eufs-f1-sim/ws/install/eufs_msgs/include/eufs_msgs/eufs_msgs/msg/detail/cone_with_color_probability__type_support.h\n'}
[23.940536] (eufs_msgs) StdoutLine: {'line': b'-- Installing: /home/gera/Desktop/EUFS_FORK_CONTAINERIZED/eufs-f1-sim/ws/install/eufs_msgs/include/eufs_msgs/eufs_msgs/msg/detail/can_state__struct.h\n'}
[23.940934] (eufs_msgs) StdoutLine: {'line': b'-- Installing: /home/gera/Desktop/EUFS_FORK_CONTAINERIZED/eufs-f1-sim/ws/install/eufs_msgs/include/eufs_msgs/eufs_msgs/msg/detail/cone_with_covariance__type_support.h\n'}
[23.941023] (eufs_msgs) StdoutLine: {'line': b'-- Installing: /home/gera/Desktop/EUFS_FORK_CONTAINERIZED/eufs-f1-sim/ws/install/eufs_msgs/include/eufs_msgs/eufs_msgs/msg/detail/chassis_command__functions.c\n'}
[23.941099] (eufs_msgs) StdoutLine: {'line': b'-- Installing: /home/gera/Desktop/EUFS_FORK_CONTAINERIZED/eufs-f1-sim/ws/install/eufs_msgs/include/eufs_msgs/eufs_msgs/msg/detail/path_integral_stats__struct.h\n'}
[23.941170] (eufs_msgs) StdoutLine: {'line': b'-- Installing: /home/gera/Desktop/EUFS_FORK_CONTAINERIZED/eufs-f1-sim/ws/install/eufs_msgs/include/eufs_msgs/eufs_msgs/msg/detail/bounding_box__struct.h\n'}
[23.941260] (eufs_msgs) StdoutLine: {'line': b'-- Installing: /home/gera/Desktop/EUFS_FORK_CONTAINERIZED/eufs-f1-sim/ws/install/eufs_msgs/include/eufs_msgs/eufs_msgs/msg/detail/particle_stamped__type_support.h\n'}
[23.941439] (eufs_msgs) StdoutLine: {'line': b'-- Installing: /home/gera/Desktop/EUFS_FORK_CONTAINERIZED/eufs-f1-sim/ws/install/eufs_msgs/include/eufs_msgs/eufs_msgs/msg/detail/point_array__functions.c\n'}
[23.941504] (eufs_msgs) StdoutLine: {'line': b'-- Installing: /home/gera/Desktop/EUFS_FORK_CONTAINERIZED/eufs-f1-sim/ws/install/eufs_msgs/include/eufs_msgs/eufs_msgs/msg/detail/cone_array__struct.h\n'}
[23.941663] (eufs_msgs) StdoutLine: {'line': b'-- Installing: /home/gera/Desktop/EUFS_FORK_CONTAINERIZED/eufs-f1-sim/ws/install/eufs_msgs/include/eufs_msgs/eufs_msgs/msg/detail/point_array__struct.h\n'}
[23.941729] (eufs_msgs) StdoutLine: {'line': b'-- Installing: /home/gera/Desktop/EUFS_FORK_CONTAINERIZED/eufs-f1-sim/ws/install/eufs_msgs/include/eufs_msgs/eufs_msgs/msg/detail/pure_pursuit_checkpoint__functions.c\n'}
[23.941800] (eufs_msgs) StdoutLine: {'line': b'-- Installing: /home/gera/Desktop/EUFS_FORK_CONTAINERIZED/eufs-f1-sim/ws/install/eufs_msgs/include/eufs_msgs/eufs_msgs/msg/detail/heartbeat__type_support.h\n'}
[23.941869] (eufs_msgs) StdoutLine: {'line': b'-- Installing: /home/gera/Desktop/EUFS_FORK_CONTAINERIZED/eufs-f1-sim/ws/install/eufs_msgs/include/eufs_msgs/eufs_msgs/msg/detail/pure_pursuit_checkpoint_array_stamped__functions.c\n'}
[23.941938] (eufs_msgs) StdoutLine: {'line': b'-- Installing: /home/gera/Desktop/EUFS_FORK_CONTAINERIZED/eufs-f1-sim/ws/install/eufs_msgs/include/eufs_msgs/eufs_msgs/msg/detail/cpu_status__struct.h\n'}
[23.942006] (eufs_msgs) StdoutLine: {'line': b'-- Installing: /home/gera/Desktop/EUFS_FORK_CONTAINERIZED/eufs-f1-sim/ws/install/eufs_msgs/include/eufs_msgs/eufs_msgs/msg/detail/costmap__type_support.h\n'}
[23.942074] (eufs_msgs) StdoutLine: {'line': b'-- Installing: /home/gera/Desktop/EUFS_FORK_CONTAINERIZED/eufs-f1-sim/ws/install/eufs_msgs/include/eufs_msgs/eufs_msgs/msg/detail/wheel_odometry_err__type_support.h\n'}
[23.942141] (eufs_msgs) StdoutLine: {'line': b'-- Installing: /home/gera/Desktop/EUFS_FORK_CONTAINERIZED/eufs-f1-sim/ws/install/eufs_msgs/include/eufs_msgs/eufs_msgs/msg/detail/slam_err__functions.h\n'}
[23.944104] (eufs_msgs) StdoutLine: {'line': b'-- Installing: /home/gera/Desktop/EUFS_FORK_CONTAINERIZED/eufs-f1-sim/ws/install/eufs_msgs/include/eufs_msgs/eufs_msgs/msg/detail/topic_status__type_support.h\n'}
[23.944771] (eufs_msgs) StdoutLine: {'line': b'-- Installing: /home/gera/Desktop/EUFS_FORK_CONTAINERIZED/eufs-f1-sim/ws/install/eufs_msgs/include/eufs_msgs/eufs_msgs/msg/detail/stereo_image__struct.h\n'}
[23.945096] (eufs_msgs) StdoutLine: {'line': b'-- Installing: /home/gera/Desktop/EUFS_FORK_CONTAINERIZED/eufs-f1-sim/ws/install/eufs_msgs/include/eufs_msgs/eufs_msgs/msg/detail/stereo_image__type_support.h\n'}
[23.945256] (eufs_msgs) StdoutLine: {'line': b'-- Installing: /home/gera/Desktop/EUFS_FORK_CONTAINERIZED/eufs-f1-sim/ws/install/eufs_msgs/include/eufs_msgs/eufs_msgs/msg/detail/cone_association_array_array_stamped__struct.h\n'}
[23.945394] (eufs_msgs) StdoutLine: {'line': b'-- Installing: /home/gera/Desktop/EUFS_FORK_CONTAINERIZED/eufs-f1-sim/ws/install/eufs_msgs/include/eufs_msgs/eufs_msgs/msg/detail/state_machine_state__struct.h\n'}
[23.945470] (eufs_msgs) StdoutLine: {'line': b'-- Installing: /home/gera/Desktop/EUFS_FORK_CONTAINERIZED/eufs-f1-sim/ws/install/eufs_msgs/include/eufs_msgs/eufs_msgs/msg/detail/path_integral_params__functions.h\n'}
[23.945543] (eufs_msgs) StdoutLine: {'line': b'-- Installing: /home/gera/Desktop/EUFS_FORK_CONTAINERIZED/eufs-f1-sim/ws/install/eufs_msgs/include/eufs_msgs/eufs_msgs/msg/detail/bounding_box__functions.c\n'}
[23.945609] (eufs_msgs) StdoutLine: {'line': b'-- Installing: /home/gera/Desktop/EUFS_FORK_CONTAINERIZED/eufs-f1-sim/ws/install/eufs_msgs/include/eufs_msgs/eufs_msgs/msg/detail/cone_array_with_covariance__functions.h\n'}
[23.945795] (eufs_msgs) StdoutLine: {'line': b'-- Installing: /home/gera/Desktop/EUFS_FORK_CONTAINERIZED/eufs-f1-sim/ws/install/eufs_msgs/include/eufs_msgs/eufs_msgs/msg/detail/integration_err__functions.h\n'}
[23.945864] (eufs_msgs) StdoutLine: {'line': b'-- Installing: /home/gera/Desktop/EUFS_FORK_CONTAINERIZED/eufs-f1-sim/ws/install/eufs_msgs/include/eufs_msgs/eufs_msgs/msg/detail/cone_association_array__type_support.h\n'}
[23.945925] (eufs_msgs) StdoutLine: {'line': b'-- Installing: /home/gera/Desktop/EUFS_FORK_CONTAINERIZED/eufs-f1-sim/ws/install/eufs_msgs/include/eufs_msgs/eufs_msgs/msg/detail/cone_association_array_stamped__type_support.h\n'}
[23.946048] (eufs_msgs) StdoutLine: {'line': b'-- Installing: /home/gera/Desktop/EUFS_FORK_CONTAINERIZED/eufs-f1-sim/ws/install/eufs_msgs/include/eufs_msgs/eufs_msgs/msg/detail/full_state__type_support.h\n'}
[23.946115] (eufs_msgs) StdoutLine: {'line': b'-- Installing: /home/gera/Desktop/EUFS_FORK_CONTAINERIZED/eufs-f1-sim/ws/install/eufs_msgs/include/eufs_msgs/eufs_msgs/msg/detail/runstop__functions.c\n'}
[23.946185] (eufs_msgs) StdoutLine: {'line': b'-- Installing: /home/gera/Desktop/EUFS_FORK_CONTAINERIZED/eufs-f1-sim/ws/install/eufs_msgs/include/eufs_msgs/eufs_msgs/msg/detail/cpu_usage__functions.h\n'}
[23.946254] (eufs_msgs) StdoutLine: {'line': b'-- Installing: /home/gera/Desktop/EUFS_FORK_CONTAINERIZED/eufs-f1-sim/ws/install/eufs_msgs/include/eufs_msgs/eufs_msgs/msg/detail/cone_array__type_support.h\n'}
[23.946314] (eufs_msgs) StdoutLine: {'line': b'-- Installing: /home/gera/Desktop/EUFS_FORK_CONTAINERIZED/eufs-f1-sim/ws/install/eufs_msgs/include/eufs_msgs/eufs_msgs/msg/detail/waypoint_array_stamped__struct.h\n'}
[23.946373] (eufs_msgs) StdoutLine: {'line': b'-- Installing: /home/gera/Desktop/EUFS_FORK_CONTAINERIZED/eufs-f1-sim/ws/install/eufs_msgs/include/eufs_msgs/eufs_msgs/msg/detail/waypoint_array_stamped__type_support.h\n'}
[23.946431] (eufs_msgs) StdoutLine: {'line': b'-- Installing: /home/gera/Desktop/EUFS_FORK_CONTAINERIZED/eufs-f1-sim/ws/install/eufs_msgs/include/eufs_msgs/eufs_msgs/msg/detail/topic_status__functions.c\n'}
[23.946489] (eufs_msgs) StdoutLine: {'line': b'-- Installing: /home/gera/Desktop/EUFS_FORK_CONTAINERIZED/eufs-f1-sim/ws/install/eufs_msgs/include/eufs_msgs/eufs_msgs/msg/detail/chassis_command__type_support.h\n'}
[23.946547] (eufs_msgs) StdoutLine: {'line': b'-- Installing: /home/gera/Desktop/EUFS_FORK_CONTAINERIZED/eufs-f1-sim/ws/install/eufs_msgs/include/eufs_msgs/eufs_msgs/msg/detail/chassis_state__functions.c\n'}
[23.946603] (eufs_msgs) StdoutLine: {'line': b'-- Installing: /home/gera/Desktop/EUFS_FORK_CONTAINERIZED/eufs-f1-sim/ws/install/eufs_msgs/include/eufs_msgs/eufs_msgs/msg/detail/integration_err__struct.h\n'}
[23.946661] (eufs_msgs) StdoutLine: {'line': b'-- Installing: /home/gera/Desktop/EUFS_FORK_CONTAINERIZED/eufs-f1-sim/ws/install/eufs_msgs/include/eufs_msgs/eufs_msgs/msg/detail/pure_pursuit_checkpoint__struct.h\n'}
[23.946717] (eufs_msgs) StdoutLine: {'line': b'-- Installing: /home/gera/Desktop/EUFS_FORK_CONTAINERIZED/eufs-f1-sim/ws/install/eufs_msgs/include/eufs_msgs/eufs_msgs/msg/detail/cone_association_array_stamped__functions.c\n'}
[23.946773] (eufs_msgs) StdoutLine: {'line': b'-- Installing: /home/gera/Desktop/EUFS_FORK_CONTAINERIZED/eufs-f1-sim/ws/install/eufs_msgs/include/eufs_msgs/eufs_msgs/msg/detail/bounding_boxes__functions.c\n'}
[23.946830] (eufs_msgs) StdoutLine: {'line': b'-- Installing: /home/gera/Desktop/EUFS_FORK_CONTAINERIZED/eufs-f1-sim/ws/install/eufs_msgs/include/eufs_msgs/eufs_msgs/msg/detail/car_state__type_support.h\n'}
[23.946908] (eufs_msgs) StdoutLine: {'line': b'-- Installing: /home/gera/Desktop/EUFS_FORK_CONTAINERIZED/eufs-f1-sim/ws/install/eufs_msgs/include/eufs_msgs/eufs_msgs/msg/detail/chassis_command__struct.h\n'}
[23.946965] (eufs_msgs) StdoutLine: {'line': b'-- Installing: /home/gera/Desktop/EUFS_FORK_CONTAINERIZED/eufs-f1-sim/ws/install/eufs_msgs/include/eufs_msgs/eufs_msgs/msg/detail/stereo_image__functions.c\n'}
[23.947022] (eufs_msgs) StdoutLine: {'line': b'-- Installing: /home/gera/Desktop/EUFS_FORK_CONTAINERIZED/eufs-f1-sim/ws/install/eufs_msgs/include/eufs_msgs/eufs_msgs/msg/detail/cone_array_with_covariance__functions.c\n'}
[23.947080] (eufs_msgs) StdoutLine: {'line': b'-- Installing: /home/gera/Desktop/EUFS_FORK_CONTAINERIZED/eufs-f1-sim/ws/install/eufs_msgs/include/eufs_msgs/eufs_msgs/msg/detail/path_integral_status__functions.c\n'}
[23.947144] (eufs_msgs) StdoutLine: {'line': b'-- Installing: /home/gera/Desktop/EUFS_FORK_CONTAINERIZED/eufs-f1-sim/ws/install/eufs_msgs/include/eufs_msgs/eufs_msgs/msg/detail/mpc_state__struct.h\n'}
[23.947229] (eufs_msgs) StdoutLine: {'line': b'-- Installing: /home/gera/Desktop/EUFS_FORK_CONTAINERIZED/eufs-f1-sim/ws/install/eufs_msgs/include/eufs_msgs/eufs_msgs/msg/detail/wheel_speeds_stamped__functions.h\n'}
[23.947351] (eufs_msgs) StdoutLine: {'line': b'-- Installing: /home/gera/Desktop/EUFS_FORK_CONTAINERIZED/eufs-f1-sim/ws/install/eufs_msgs/include/eufs_msgs/eufs_msgs/msg/detail/wheel_odometry_err__functions.h\n'}
[23.947421] (eufs_msgs) StdoutLine: {'line': b'-- Installing: /home/gera/Desktop/EUFS_FORK_CONTAINERIZED/eufs-f1-sim/ws/install/eufs_msgs/include/eufs_msgs/eufs_msgs/msg/detail/node_state__functions.h\n'}
[23.947485] (eufs_msgs) StdoutLine: {'line': b'-- Installing: /home/gera/Desktop/EUFS_FORK_CONTAINERIZED/eufs-f1-sim/ws/install/eufs_msgs/include/eufs_msgs/eufs_msgs/msg/detail/cone_array_with_covariance__struct.h\n'}
[23.947549] (eufs_msgs) StdoutLine: {'line': b'-- Installing: /home/gera/Desktop/EUFS_FORK_CONTAINERIZED/eufs-f1-sim/ws/install/eufs_msgs/include/eufs_msgs/eufs_msgs/msg/detail/particle_slam_stamped__functions.h\n'}
[23.947612] (eufs_msgs) StdoutLine: {'line': b'-- Installing: /home/gera/Desktop/EUFS_FORK_CONTAINERIZED/eufs-f1-sim/ws/install/eufs_msgs/include/eufs_msgs/eufs_msgs/msg/detail/wheel_odometry_err__functions.c\n'}
[23.947677] (eufs_msgs) StdoutLine: {'line': b'-- Installing: /home/gera/Desktop/EUFS_FORK_CONTAINERIZED/eufs-f1-sim/ws/install/eufs_msgs/include/eufs_msgs/eufs_msgs/msg/detail/car_forces__functions.c\n'}
[23.947847] (eufs_msgs) StdoutLine: {'line': b'-- Installing: /home/gera/Desktop/EUFS_FORK_CONTAINERIZED/eufs-f1-sim/ws/install/eufs_msgs/include/eufs_msgs/eufs_msgs/msg/detail/point_array_stamped__struct.h\n'}
[23.947914] (eufs_msgs) StdoutLine: {'line': b'-- Installing: /home/gera/Desktop/EUFS_FORK_CONTAINERIZED/eufs-f1-sim/ws/install/eufs_msgs/include/eufs_msgs/eufs_msgs/msg/detail/topic_status__functions.h\n'}
[23.947981] (eufs_msgs) StdoutLine: {'line': b'-- Installing: /home/gera/Desktop/EUFS_FORK_CONTAINERIZED/eufs-f1-sim/ws/install/eufs_msgs/include/eufs_msgs/eufs_msgs/msg/detail/runstop__type_support.h\n'}
[23.948044] (eufs_msgs) StdoutLine: {'line': b'-- Installing: /home/gera/Desktop/EUFS_FORK_CONTAINERIZED/eufs-f1-sim/ws/install/eufs_msgs/include/eufs_msgs/eufs_msgs/msg/detail/particle__type_support.h\n'}
[23.948108] (eufs_msgs) StdoutLine: {'line': b'-- Installing: /home/gera/Desktop/EUFS_FORK_CONTAINERIZED/eufs-f1-sim/ws/install/eufs_msgs/include/eufs_msgs/eufs_msgs/msg/detail/mpc_state__functions.h\n'}
[23.948173] (eufs_msgs) StdoutLine: {'line': b'-- Installing: /home/gera/Desktop/EUFS_FORK_CONTAINERIZED/eufs-f1-sim/ws/install/eufs_msgs/include/eufs_msgs/eufs_msgs/msg/detail/cpu_usage__struct.h\n'}
[23.948250] (eufs_msgs) StdoutLine: {'line': b'-- Installing: /home/gera/Desktop/EUFS_FORK_CONTAINERIZED/eufs-f1-sim/ws/install/eufs_msgs/include/eufs_msgs/eufs_msgs/msg/detail/lap_stats__functions.h\n'}
[23.948312] (eufs_msgs) StdoutLine: {'line': b'-- Installing: /home/gera/Desktop/EUFS_FORK_CONTAINERIZED/eufs-f1-sim/ws/install/eufs_msgs/include/eufs_msgs/eufs_msgs/msg/detail/path_integral_params__type_support.h\n'}
[23.948372] (eufs_msgs) StdoutLine: {'line': b'-- Installing: /home/gera/Desktop/EUFS_FORK_CONTAINERIZED/eufs-f1-sim/ws/install/eufs_msgs/include/eufs_msgs/eufs_msgs/msg/detail/wheel_speeds__functions.c\n'}
[23.948433] (eufs_msgs) StdoutLine: {'line': b'-- Installing: /home/gera/Desktop/EUFS_FORK_CONTAINERIZED/eufs-f1-sim/ws/install/eufs_msgs/include/eufs_msgs/eufs_msgs/msg/detail/car_state__struct.h\n'}
[23.948491] (eufs_msgs) StdoutLine: {'line': b'-- Installing: /home/gera/Desktop/EUFS_FORK_CONTAINERIZED/eufs-f1-sim/ws/install/eufs_msgs/include/eufs_msgs/eufs_msgs/msg/detail/path_integral_params__struct.h\n'}
[23.948557] (eufs_msgs) StdoutLine: {'line': b'-- Installing: /home/gera/Desktop/EUFS_FORK_CONTAINERIZED/eufs-f1-sim/ws/install/eufs_msgs/include/eufs_msgs/eufs_msgs/msg/detail/cone_with_color_probability_array__functions.h\n'}
[23.948807] (eufs_msgs) StdoutLine: {'line': b'-- Installing: /home/gera/Desktop/EUFS_FORK_CONTAINERIZED/eufs-f1-sim/ws/install/eufs_msgs/include/eufs_msgs/eufs_msgs/msg/detail/wheel_speeds__type_support.h\n'}
[23.948877] (eufs_msgs) StdoutLine: {'line': b'-- Installing: /home/gera/Desktop/EUFS_FORK_CONTAINERIZED/eufs-f1-sim/ws/install/eufs_msgs/include/eufs_msgs/eufs_msgs/msg/detail/state_machine_state__functions.c\n'}
[23.950120] (eufs_msgs) StdoutLine: {'line': b'-- Installing: /home/gera/Desktop/EUFS_FORK_CONTAINERIZED/eufs-f1-sim/ws/install/eufs_msgs/include/eufs_msgs/eufs_msgs/msg/detail/wheel_speeds__functions.h\n'}
[23.950758] (eufs_msgs) StdoutLine: {'line': b'-- Installing: /home/gera/Desktop/EUFS_FORK_CONTAINERIZED/eufs-f1-sim/ws/install/eufs_msgs/include/eufs_msgs/eufs_msgs/msg/detail/pure_pursuit_checkpoint_array_stamped__functions.h\n'}
[23.951187] (eufs_msgs) StdoutLine: {'line': b'-- Installing: /home/gera/Desktop/EUFS_FORK_CONTAINERIZED/eufs-f1-sim/ws/install/eufs_msgs/include/eufs_msgs/eufs_msgs/msg/detail/full_state__functions.c\n'}
[23.951758] (eufs_msgs) StdoutLine: {'line': b'-- Installing: /home/gera/Desktop/EUFS_FORK_CONTAINERIZED/eufs-f1-sim/ws/install/eufs_msgs/include/eufs_msgs/eufs_msgs/msg/detail/node_state_array__functions.c\n'}
[23.951896] (eufs_msgs) StdoutLine: {'line': b'-- Installing: /home/gera/Desktop/EUFS_FORK_CONTAINERIZED/eufs-f1-sim/ws/install/eufs_msgs/include/eufs_msgs/eufs_msgs/msg/detail/waypoint__type_support.h\n'}
[23.952049] (eufs_msgs) StdoutLine: {'line': b'-- Installing: /home/gera/Desktop/EUFS_FORK_CONTAINERIZED/eufs-f1-sim/ws/install/eufs_msgs/include/eufs_msgs/eufs_msgs/msg/detail/waypoint__functions.h\n'}
[23.952446] (eufs_msgs) StdoutLine: {'line': b'-- Installing: /home/gera/Desktop/EUFS_FORK_CONTAINERIZED/eufs-f1-sim/ws/install/eufs_msgs/include/eufs_msgs/eufs_msgs/msg/detail/waypoint_array_stamped__functions.h\n'}
[23.952934] (eufs_msgs) StdoutLine: {'line': b'-- Installing: /home/gera/Desktop/EUFS_FORK_CONTAINERIZED/eufs-f1-sim/ws/install/eufs_msgs/include/eufs_msgs/eufs_msgs/msg/detail/bounding_boxes__functions.h\n'}
[23.953065] (eufs_msgs) StdoutLine: {'line': b'-- Installing: /home/gera/Desktop/EUFS_FORK_CONTAINERIZED/eufs-f1-sim/ws/install/eufs_msgs/include/eufs_msgs/eufs_msgs/msg/detail/waypoint__functions.c\n'}
[23.953205] (eufs_msgs) StdoutLine: {'line': b'-- Installing: /home/gera/Desktop/EUFS_FORK_CONTAINERIZED/eufs-f1-sim/ws/install/eufs_msgs/include/eufs_msgs/eufs_msgs/msg/detail/cone_with_color_probability__functions.h\n'}
[23.953801] (eufs_msgs) StdoutLine: {'line': b'-- Installing: /home/gera/Desktop/EUFS_FORK_CONTAINERIZED/eufs-f1-sim/ws/install/eufs_msgs/include/eufs_msgs/eufs_msgs/msg/detail/can_state__type_support.h\n'}
[23.953936] (eufs_msgs) StdoutLine: {'line': b'-- Installing: /home/gera/Desktop/EUFS_FORK_CONTAINERIZED/eufs-f1-sim/ws/install/eufs_msgs/include/eufs_msgs/eufs_msgs/msg/detail/point_array_stamped__functions.h\n'}
[23.954430] (eufs_msgs) StdoutLine: {'line': b'-- Installing: /home/gera/Desktop/EUFS_FORK_CONTAINERIZED/eufs-f1-sim/ws/install/eufs_msgs/include/eufs_msgs/eufs_msgs/msg/detail/bounding_boxes__struct.h\n'}
[23.954763] (eufs_msgs) StdoutLine: {'line': b'-- Installing: /home/gera/Desktop/EUFS_FORK_CONTAINERIZED/eufs-f1-sim/ws/install/eufs_msgs/include/eufs_msgs/eufs_msgs/msg/detail/path_integral_stats__functions.c\n'}
[23.954895] (eufs_msgs) StdoutLine: {'line': b'-- Installing: /home/gera/Desktop/EUFS_FORK_CONTAINERIZED/eufs-f1-sim/ws/install/eufs_msgs/include/eufs_msgs/eufs_msgs/msg/detail/cone_association_array_array_stamped__functions.h\n'}
[23.955027] (eufs_msgs) StdoutLine: {'line': b'-- Installing: /home/gera/Desktop/EUFS_FORK_CONTAINERIZED/eufs-f1-sim/ws/install/eufs_msgs/include/eufs_msgs/eufs_msgs/msg/detail/wheel_speeds_stamped__type_support.h\n'}
[23.955607] (eufs_msgs) StdoutLine: {'line': b'-- Installing: /home/gera/Desktop/EUFS_FORK_CONTAINERIZED/eufs-f1-sim/ws/install/eufs_msgs/include/eufs_msgs/eufs_msgs/msg/detail/cone_association_array__functions.h\n'}
[23.956458] (eufs_msgs) StdoutLine: {'line': b'-- Installing: /home/gera/Desktop/EUFS_FORK_CONTAINERIZED/eufs-f1-sim/ws/install/eufs_msgs/include/eufs_msgs/eufs_msgs/msg/detail/path_integral_timing__type_support.h\n'}
[23.956825] (eufs_msgs) StdoutLine: {'line': b'-- Installing: /home/gera/Desktop/EUFS_FORK_CONTAINERIZED/eufs-f1-sim/ws/install/eufs_msgs/include/eufs_msgs/eufs_msgs/msg/detail/car_forces__type_support.h\n'}
[23.957086] (eufs_msgs) StdoutLine: {'line': b'-- Installing: /home/gera/Desktop/EUFS_FORK_CONTAINERIZED/eufs-f1-sim/ws/install/eufs_msgs/include/eufs_msgs/eufs_msgs/msg/detail/slam_state__type_support.h\n'}
[23.957350] (eufs_msgs) StdoutLine: {'line': b'-- Installing: /home/gera/Desktop/EUFS_FORK_CONTAINERIZED/eufs-f1-sim/ws/install/eufs_msgs/include/eufs_msgs/eufs_msgs/msg/detail/point_array_stamped__functions.c\n'}
[23.957609] (eufs_msgs) StdoutLine: {'line': b'-- Installing: /home/gera/Desktop/EUFS_FORK_CONTAINERIZED/eufs-f1-sim/ws/install/eufs_msgs/include/eufs_msgs/eufs_msgs/msg/detail/node_state_array__type_support.h\n'}
[23.957826] (eufs_msgs) StdoutLine: {'line': b'-- Installing: /home/gera/Desktop/EUFS_FORK_CONTAINERIZED/eufs-f1-sim/ws/install/eufs_msgs/include/eufs_msgs/eufs_msgs/msg/detail/cone_with_color_probability__functions.c\n'}
[23.958085] (eufs_msgs) StdoutLine: {'line': b'-- Installing: /home/gera/Desktop/EUFS_FORK_CONTAINERIZED/eufs-f1-sim/ws/install/eufs_msgs/include/eufs_msgs/eufs_msgs/msg/detail/integration_err__type_support.h\n'}
[23.958437] (eufs_msgs) StdoutLine: {'line': b'-- Installing: /home/gera/Desktop/EUFS_FORK_CONTAINERIZED/eufs-f1-sim/ws/install/eufs_msgs/include/eufs_msgs/eufs_msgs/msg/detail/cone_with_covariance__struct.h\n'}
[23.958689] (eufs_msgs) StdoutLine: {'line': b'-- Installing: /home/gera/Desktop/EUFS_FORK_CONTAINERIZED/eufs-f1-sim/ws/install/eufs_msgs/include/eufs_msgs/eufs_msgs/msg/detail/vehicle_commands_stamped__type_support.h\n'}
[23.958777] (eufs_msgs) StdoutLine: {'line': b'-- Installing: /home/gera/Desktop/EUFS_FORK_CONTAINERIZED/eufs-f1-sim/ws/install/eufs_msgs/include/eufs_msgs/eufs_msgs/msg/detail/path_integral_stats__functions.h\n'}
[23.958857] (eufs_msgs) StdoutLine: {'line': b'-- Installing: /home/gera/Desktop/EUFS_FORK_CONTAINERIZED/eufs-f1-sim/ws/install/eufs_msgs/include/eufs_msgs/eufs_msgs/msg/detail/lap_stats__type_support.h\n'}
[23.959037] (eufs_msgs) StdoutLine: {'line': b'-- Installing: /home/gera/Desktop/EUFS_FORK_CONTAINERIZED/eufs-f1-sim/ws/install/eufs_msgs/include/eufs_msgs/eufs_msgs/msg/detail/car_state__functions.h\n'}
[23.959168] (eufs_msgs) StdoutLine: {'line': b'-- Installing: /home/gera/Desktop/EUFS_FORK_CONTAINERIZED/eufs-f1-sim/ws/install/eufs_msgs/include/eufs_msgs/eufs_msgs/msg/detail/ekf_err__type_support.h\n'}
[23.959312] (eufs_msgs) StdoutLine: {'line': b'-- Installing: /home/gera/Desktop/EUFS_FORK_CONTAINERIZED/eufs-f1-sim/ws/install/eufs_msgs/include/eufs_msgs/eufs_msgs/msg/detail/oss__functions.h\n'}
[23.959381] (eufs_msgs) StdoutLine: {'line': b'-- Installing: /home/gera/Desktop/EUFS_FORK_CONTAINERIZED/eufs-f1-sim/ws/install/eufs_msgs/include/eufs_msgs/eufs_msgs/msg/detail/ekf_state__functions.c\n'}
[23.959449] (eufs_msgs) StdoutLine: {'line': b'-- Installing: /home/gera/Desktop/EUFS_FORK_CONTAINERIZED/eufs-f1-sim/ws/install/eufs_msgs/include/eufs_msgs/eufs_msgs/msg/detail/ekf_err__functions.c\n'}
[23.959517] (eufs_msgs) StdoutLine: {'line': b'-- Installing: /home/gera/Desktop/EUFS_FORK_CONTAINERIZED/eufs-f1-sim/ws/install/eufs_msgs/include/eufs_msgs/eufs_msgs/msg/detail/cone_association__type_support.h\n'}
[23.959586] (eufs_msgs) StdoutLine: {'line': b'-- Installing: /home/gera/Desktop/EUFS_FORK_CONTAINERIZED/eufs-f1-sim/ws/install/eufs_msgs/include/eufs_msgs/eufs_msgs/msg/detail/bounding_box__type_support.h\n'}
[23.959661] (eufs_msgs) StdoutLine: {'line': b'-- Installing: /home/gera/Desktop/EUFS_FORK_CONTAINERIZED/eufs-f1-sim/ws/install/eufs_msgs/include/eufs_msgs/eufs_msgs/msg/detail/path_integral_status__functions.h\n'}
[23.959915] (eufs_msgs) StdoutLine: {'line': b'-- Installing: /home/gera/Desktop/EUFS_FORK_CONTAINERIZED/eufs-f1-sim/ws/install/eufs_msgs/include/eufs_msgs/eufs_msgs/msg/detail/cpu_usage__type_support.h\n'}
[23.960006] (eufs_msgs) StdoutLine: {'line': b'-- Installing: /home/gera/Desktop/EUFS_FORK_CONTAINERIZED/eufs-f1-sim/ws/install/eufs_msgs/include/eufs_msgs/eufs_msgs/msg/detail/system_status__type_support.h\n'}
[23.960075] (eufs_msgs) StdoutLine: {'line': b'-- Installing: /home/gera/Desktop/EUFS_FORK_CONTAINERIZED/eufs-f1-sim/ws/install/eufs_msgs/include/eufs_msgs/eufs_msgs/msg/detail/particle_slam_stamped__type_support.h\n'}
[23.960142] (eufs_msgs) StdoutLine: {'line': b'-- Installing: /home/gera/Desktop/EUFS_FORK_CONTAINERIZED/eufs-f1-sim/ws/install/eufs_msgs/include/eufs_msgs/eufs_msgs/msg/detail/vehicle_commands__functions.c\n'}
[23.960353] (eufs_msgs) StdoutLine: {'line': b'-- Installing: /home/gera/Desktop/EUFS_FORK_CONTAINERIZED/eufs-f1-sim/ws/install/eufs_msgs/include/eufs_msgs/eufs_msgs/msg/detail/chassis_state__struct.h\n'}
[23.960420] (eufs_msgs) StdoutLine: {'line': b'-- Installing: /home/gera/Desktop/EUFS_FORK_CONTAINERIZED/eufs-f1-sim/ws/install/eufs_msgs/include/eufs_msgs/eufs_msgs/msg/detail/cone_with_color_probability_array__struct.h\n'}
[23.960485] (eufs_msgs) StdoutLine: {'line': b'-- Installing: /home/gera/Desktop/EUFS_FORK_CONTAINERIZED/eufs-f1-sim/ws/install/eufs_msgs/include/eufs_msgs/eufs_msgs/msg/detail/cone_with_color_probability__struct.h\n'}
[23.960548] (eufs_msgs) StdoutLine: {'line': b'-- Installing: /home/gera/Desktop/EUFS_FORK_CONTAINERIZED/eufs-f1-sim/ws/install/eufs_msgs/include/eufs_msgs/eufs_msgs/msg/detail/lap_stats__functions.c\n'}
[23.960612] (eufs_msgs) StdoutLine: {'line': b'-- Installing: /home/gera/Desktop/EUFS_FORK_CONTAINERIZED/eufs-f1-sim/ws/install/eufs_msgs/include/eufs_msgs/eufs_msgs/msg/detail/system_status__struct.h\n'}
[23.960675] (eufs_msgs) StdoutLine: {'line': b'-- Installing: /home/gera/Desktop/EUFS_FORK_CONTAINERIZED/eufs-f1-sim/ws/install/eufs_msgs/include/eufs_msgs/eufs_msgs/msg/detail/topic_status__struct.h\n'}
[23.960737] (eufs_msgs) StdoutLine: {'line': b'-- Installing: /home/gera/Desktop/EUFS_FORK_CONTAINERIZED/eufs-f1-sim/ws/install/eufs_msgs/include/eufs_msgs/eufs_msgs/msg/detail/particle_slam__type_support.h\n'}
[23.960798] (eufs_msgs) StdoutLine: {'line': b'-- Installing: /home/gera/Desktop/EUFS_FORK_CONTAINERIZED/eufs-f1-sim/ws/install/eufs_msgs/include/eufs_msgs/eufs_msgs/msg/detail/system_status__functions.c\n'}
[23.960864] (eufs_msgs) StdoutLine: {'line': b'-- Installing: /home/gera/Desktop/EUFS_FORK_CONTAINERIZED/eufs-f1-sim/ws/install/eufs_msgs/include/eufs_msgs/eufs_msgs/msg/detail/planning_mode__struct.h\n'}
[23.960926] (eufs_msgs) StdoutLine: {'line': b'-- Installing: /home/gera/Desktop/EUFS_FORK_CONTAINERIZED/eufs-f1-sim/ws/install/eufs_msgs/include/eufs_msgs/eufs_msgs/msg/detail/chassis_command__functions.h\n'}
[23.960989] (eufs_msgs) StdoutLine: {'line': b'-- Installing: /home/gera/Desktop/EUFS_FORK_CONTAINERIZED/eufs-f1-sim/ws/install/eufs_msgs/include/eufs_msgs/eufs_msgs/msg/detail/chassis_state__functions.h\n'}
[23.961147] (eufs_msgs) StdoutLine: {'line': b'-- Installing: /home/gera/Desktop/EUFS_FORK_CONTAINERIZED/eufs-f1-sim/ws/install/eufs_msgs/include/eufs_msgs/eufs_msgs/msg/detail/node_state_array__struct.h\n'}
[23.961293] (eufs_msgs) StdoutLine: {'line': b'-- Installing: /home/gera/Desktop/EUFS_FORK_CONTAINERIZED/eufs-f1-sim/ws/install/eufs_msgs/include/eufs_msgs/eufs_msgs/msg/detail/wheel_odometry_err__struct.h\n'}
[23.961460] (eufs_msgs) StdoutLine: {'line': b'-- Installing: /home/gera/Desktop/EUFS_FORK_CONTAINERIZED/eufs-f1-sim/ws/install/eufs_msgs/include/eufs_msgs/eufs_msgs/msg/detail/state_machine_state__functions.h\n'}
[23.961522] (eufs_msgs) StdoutLine: {'line': b'-- Installing: /home/gera/Desktop/EUFS_FORK_CONTAINERIZED/eufs-f1-sim/ws/install/eufs_msgs/include/eufs_msgs/eufs_msgs/msg/detail/cone_association_array_array_stamped__type_support.h\n'}
[23.961650] (eufs_msgs) StdoutLine: {'line': b'-- Installing: /home/gera/Desktop/EUFS_FORK_CONTAINERIZED/eufs-f1-sim/ws/install/eufs_msgs/include/eufs_msgs/eufs_msgs/msg/detail/full_state__functions.h\n'}
[23.961718] (eufs_msgs) StdoutLine: {'line': b'-- Installing: /home/gera/Desktop/EUFS_FORK_CONTAINERIZED/eufs-f1-sim/ws/install/eufs_msgs/include/eufs_msgs/eufs_msgs/msg/car_state.h\n'}
[23.961785] (eufs_msgs) StdoutLine: {'line': b'-- Installing: /home/gera/Desktop/EUFS_FORK_CONTAINERIZED/eufs-f1-sim/ws/install/eufs_msgs/include/eufs_msgs/eufs_msgs/msg/node_state.h\n'}
[23.961852] (eufs_msgs) StdoutLine: {'line': b'-- Installing: /home/gera/Desktop/EUFS_FORK_CONTAINERIZED/eufs-f1-sim/ws/install/eufs_msgs/include/eufs_msgs/eufs_msgs/msg/full_state.h\n'}
[23.961917] (eufs_msgs) StdoutLine: {'line': b'-- Installing: /home/gera/Desktop/EUFS_FORK_CONTAINERIZED/eufs-f1-sim/ws/install/eufs_msgs/include/eufs_msgs/eufs_msgs/msg/cpu_usage.h\n'}
[23.961982] (eufs_msgs) StdoutLine: {'line': b'-- Installing: /home/gera/Desktop/EUFS_FORK_CONTAINERIZED/eufs-f1-sim/ws/install/eufs_msgs/include/eufs_msgs/eufs_msgs/msg/integration_err.h\n'}
[23.962045] (eufs_msgs) StdoutLine: {'line': b'-- Installing: /home/gera/Desktop/EUFS_FORK_CONTAINERIZED/eufs-f1-sim/ws/install/eufs_msgs/include/eufs_msgs/eufs_msgs/msg/mpc_state.h\n'}
[23.962107] (eufs_msgs) StdoutLine: {'line': b'-- Installing: /home/gera/Desktop/EUFS_FORK_CONTAINERIZED/eufs-f1-sim/ws/install/eufs_msgs/include/eufs_msgs/eufs_msgs/msg/planning_mode.h\n'}
[23.962170] (eufs_msgs) StdoutLine: {'line': b'-- Installing: /home/gera/Desktop/EUFS_FORK_CONTAINERIZED/eufs-f1-sim/ws/install/eufs_msgs/include/eufs_msgs/eufs_msgs/msg/waypoint.h\n'}
[23.962363] (eufs_msgs) StdoutLine: {'line': b'-- Installing: /home/gera/Desktop/EUFS_FORK_CONTAINERIZED/eufs-f1-sim/ws/install/eufs_msgs/include/eufs_msgs/eufs_msgs/msg/can_state.h\n'}
[23.962440] (eufs_msgs) StdoutLine: {'line': b'-- Installing: /home/gera/Desktop/EUFS_FORK_CONTAINERIZED/eufs-f1-sim/ws/install/eufs_msgs/include/eufs_msgs/eufs_msgs/msg/chassis_state.h\n'}
[23.962507] (eufs_msgs) StdoutLine: {'line': b'-- Installing: /home/gera/Desktop/EUFS_FORK_CONTAINERIZED/eufs-f1-sim/ws/install/eufs_msgs/include/eufs_msgs/eufs_msgs/msg/wheel_odometry_err.h\n'}
[23.962573] (eufs_msgs) StdoutLine: {'line': b'-- Installing: /home/gera/Desktop/EUFS_FORK_CONTAINERIZED/eufs-f1-sim/ws/install/eufs_msgs/include/eufs_msgs/eufs_msgs/msg/state_machine_state.h\n'}
[23.962639] (eufs_msgs) StdoutLine: {'line': b'-- Installing: /home/gera/Desktop/EUFS_FORK_CONTAINERIZED/eufs-f1-sim/ws/install/eufs_msgs/include/eufs_msgs/eufs_msgs/msg/costmap.h\n'}
[23.962703] (eufs_msgs) StdoutLine: {'line': b'-- Installing: /home/gera/Desktop/EUFS_FORK_CONTAINERIZED/eufs-f1-sim/ws/install/eufs_msgs/include/eufs_msgs/eufs_msgs/msg/cpu_status.h\n'}
[23.962767] (eufs_msgs) StdoutLine: {'line': b'-- Installing: /home/gera/Desktop/EUFS_FORK_CONTAINERIZED/eufs-f1-sim/ws/install/eufs_msgs/include/eufs_msgs/eufs_msgs/msg/bounding_box.h\n'}
[23.962830] (eufs_msgs) StdoutLine: {'line': b'-- Installing: /home/gera/Desktop/EUFS_FORK_CONTAINERIZED/eufs-f1-sim/ws/install/eufs_msgs/include/eufs_msgs/eufs_msgs/msg/cone_association_array.h\n'}
[23.962894] (eufs_msgs) StdoutLine: {'line': b'-- Installing: /home/gera/Desktop/EUFS_FORK_CONTAINERIZED/eufs-f1-sim/ws/install/eufs_msgs/include/eufs_msgs/eufs_msgs/msg/lap_stats.h\n'}
[23.962960] (eufs_msgs) StdoutLine: {'line': b'-- Installing: /home/gera/Desktop/EUFS_FORK_CONTAINERIZED/eufs-f1-sim/ws/install/eufs_msgs/include/eufs_msgs/eufs_msgs/msg/system_status.h\n'}
[23.963024] (eufs_msgs) StdoutLine: {'line': b'-- Installing: /home/gera/Desktop/EUFS_FORK_CONTAINERIZED/eufs-f1-sim/ws/install/eufs_msgs/include/eufs_msgs/eufs_msgs/msg/particle.h\n'}
[23.963086] (eufs_msgs) StdoutLine: {'line': b'-- Installing: /home/gera/Desktop/EUFS_FORK_CONTAINERIZED/eufs-f1-sim/ws/install/eufs_msgs/include/eufs_msgs/eufs_msgs/msg/vehicle_commands_stamped.h\n'}
[23.963148] (eufs_msgs) StdoutLine: {'line': b'-- Installing: /home/gera/Desktop/EUFS_FORK_CONTAINERIZED/eufs-f1-sim/ws/install/eufs_msgs/include/eufs_msgs/eufs_msgs/msg/rosidl_generator_c__visibility_control.h\n'}
[23.963319] (eufs_msgs) StdoutLine: {'line': b'-- Installing: /home/gera/Desktop/EUFS_FORK_CONTAINERIZED/eufs-f1-sim/ws/install/eufs_msgs/include/eufs_msgs/eufs_msgs/msg/particle_slam_stamped.h\n'}
[23.963385] (eufs_msgs) StdoutLine: {'line': b'-- Installing: /home/gera/Desktop/EUFS_FORK_CONTAINERIZED/eufs-f1-sim/ws/install/eufs_msgs/include/eufs_msgs/eufs_msgs/msg/cone_association.h\n'}
[23.963527] (eufs_msgs) StdoutLine: {'line': b'-- Installing: /home/gera/Desktop/EUFS_FORK_CONTAINERIZED/eufs-f1-sim/ws/install/eufs_msgs/include/eufs_msgs/eufs_msgs/msg/path_integral_params.h\n'}
[23.963591] (eufs_msgs) StdoutLine: {'line': b'-- Installing: /home/gera/Desktop/EUFS_FORK_CONTAINERIZED/eufs-f1-sim/ws/install/eufs_msgs/include/eufs_msgs/eufs_msgs/msg/pure_pursuit_checkpoint_array_stamped.h\n'}
[23.963655] (eufs_msgs) StdoutLine: {'line': b'-- Installing: /home/gera/Desktop/EUFS_FORK_CONTAINERIZED/eufs-f1-sim/ws/install/eufs_msgs/include/eufs_msgs/eufs_msgs/msg/cone_array_with_covariance.h\n'}
[23.963717] (eufs_msgs) StdoutLine: {'line': b'-- Installing: /home/gera/Desktop/EUFS_FORK_CONTAINERIZED/eufs-f1-sim/ws/install/eufs_msgs/include/eufs_msgs/eufs_msgs/msg/heartbeat.h\n'}
[23.963784] (eufs_msgs) StdoutLine: {'line': b'-- Installing: /home/gera/Desktop/EUFS_FORK_CONTAINERIZED/eufs-f1-sim/ws/install/eufs_msgs/include/eufs_msgs/eufs_msgs/msg/pure_pursuit_checkpoint.h\n'}
[23.963849] (eufs_msgs) StdoutLine: {'line': b'-- Installing: /home/gera/Desktop/EUFS_FORK_CONTAINERIZED/eufs-f1-sim/ws/install/eufs_msgs/include/eufs_msgs/eufs_msgs/msg/node_state_array.h\n'}
[23.963916] (eufs_msgs) StdoutLine: {'line': b'-- Installing: /home/gera/Desktop/EUFS_FORK_CONTAINERIZED/eufs-f1-sim/ws/install/eufs_msgs/include/eufs_msgs/eufs_msgs/msg/waypoint_array_stamped.h\n'}
[23.963981] (eufs_msgs) StdoutLine: {'line': b'-- Installing: /home/gera/Desktop/EUFS_FORK_CONTAINERIZED/eufs-f1-sim/ws/install/eufs_msgs/include/eufs_msgs/eufs_msgs/msg/particle_stamped.h\n'}
[23.964048] (eufs_msgs) StdoutLine: {'line': b'-- Installing: /home/gera/Desktop/EUFS_FORK_CONTAINERIZED/eufs-f1-sim/ws/install/eufs_msgs/share/eufs_msgs/environment/library_path.sh\n'}
[23.964113] (eufs_msgs) StdoutLine: {'line': b'-- Installing: /home/gera/Desktop/EUFS_FORK_CONTAINERIZED/eufs-f1-sim/ws/install/eufs_msgs/share/eufs_msgs/environment/library_path.dsv\n'}
[23.964187] (eufs_msgs) StdoutLine: {'line': b'-- Installing: /home/gera/Desktop/EUFS_FORK_CONTAINERIZED/eufs-f1-sim/ws/install/eufs_msgs/lib/libeufs_msgs__rosidl_generator_c.so\n'}
[23.964267] (eufs_msgs) StdoutLine: {'line': b'-- Set runtime path of "/home/gera/Desktop/EUFS_FORK_CONTAINERIZED/eufs-f1-sim/ws/install/eufs_msgs/lib/libeufs_msgs__rosidl_generator_c.so" to ""\n'}
[23.964334] (eufs_msgs) StdoutLine: {'line': b'-- Up-to-date: /home/gera/Desktop/EUFS_FORK_CONTAINERIZED/eufs-f1-sim/ws/install/eufs_msgs/include/eufs_msgs/eufs_msgs\n'}
[23.964400] (eufs_msgs) StdoutLine: {'line': b'-- Up-to-date: /home/gera/Desktop/EUFS_FORK_CONTAINERIZED/eufs-f1-sim/ws/install/eufs_msgs/include/eufs_msgs/eufs_msgs/action\n'}
[23.964464] (eufs_msgs) StdoutLine: {'line': b'-- Up-to-date: /home/gera/Desktop/EUFS_FORK_CONTAINERIZED/eufs-f1-sim/ws/install/eufs_msgs/include/eufs_msgs/eufs_msgs/action/detail\n'}
[23.964528] (eufs_msgs) StdoutLine: {'line': b'-- Installing: /home/gera/Desktop/EUFS_FORK_CONTAINERIZED/eufs-f1-sim/ws/install/eufs_msgs/include/eufs_msgs/eufs_msgs/action/detail/check_for_objects__rosidl_typesupport_fastrtps_c.h\n'}
[23.964593] (eufs_msgs) StdoutLine: {'line': b'-- Up-to-date: /home/gera/Desktop/EUFS_FORK_CONTAINERIZED/eufs-f1-sim/ws/install/eufs_msgs/include/eufs_msgs/eufs_msgs/srv\n'}
[23.964655] (eufs_msgs) StdoutLine: {'line': b'-- Up-to-date: /home/gera/Desktop/EUFS_FORK_CONTAINERIZED/eufs-f1-sim/ws/install/eufs_msgs/include/eufs_msgs/eufs_msgs/srv/detail\n'}
[23.964720] (eufs_msgs) StdoutLine: {'line': b'-- Installing: /home/gera/Desktop/EUFS_FORK_CONTAINERIZED/eufs-f1-sim/ws/install/eufs_msgs/include/eufs_msgs/eufs_msgs/srv/detail/record_start__rosidl_typesupport_fastrtps_c.h\n'}
[23.964887] (eufs_msgs) StdoutLine: {'line': b'-- Installing: /home/gera/Desktop/EUFS_FORK_CONTAINERIZED/eufs-f1-sim/ws/install/eufs_msgs/include/eufs_msgs/eufs_msgs/srv/detail/set_can_state__rosidl_typesupport_fastrtps_c.h\n'}
[23.964953] (eufs_msgs) StdoutLine: {'line': b'-- Installing: /home/gera/Desktop/EUFS_FORK_CONTAINERIZED/eufs-f1-sim/ws/install/eufs_msgs/include/eufs_msgs/eufs_msgs/srv/detail/get_map__rosidl_typesupport_fastrtps_c.h\n'}
[23.965019] (eufs_msgs) StdoutLine: {'line': b'-- Installing: /home/gera/Desktop/EUFS_FORK_CONTAINERIZED/eufs-f1-sim/ws/install/eufs_msgs/include/eufs_msgs/eufs_msgs/srv/detail/set_mission__rosidl_typesupport_fastrtps_c.h\n'}
[23.965103] (eufs_msgs) StdoutLine: {'line': b'-- Installing: /home/gera/Desktop/EUFS_FORK_CONTAINERIZED/eufs-f1-sim/ws/install/eufs_msgs/include/eufs_msgs/eufs_msgs/srv/detail/set_track__rosidl_typesupport_fastrtps_c.h\n'}
[23.965170] (eufs_msgs) StdoutLine: {'line': b'-- Installing: /home/gera/Desktop/EUFS_FORK_CONTAINERIZED/eufs-f1-sim/ws/install/eufs_msgs/include/eufs_msgs/eufs_msgs/srv/detail/register__rosidl_typesupport_fastrtps_c.h\n'}
[23.965253] (eufs_msgs) StdoutLine: {'line': b'-- Installing: /home/gera/Desktop/EUFS_FORK_CONTAINERIZED/eufs-f1-sim/ws/install/eufs_msgs/include/eufs_msgs/eufs_msgs/srv/detail/record_stop__rosidl_typesupport_fastrtps_c.h\n'}
[23.965367] (eufs_msgs) StdoutLine: {'line': b'-- Installing: /home/gera/Desktop/EUFS_FORK_CONTAINERIZED/eufs-f1-sim/ws/install/eufs_msgs/include/eufs_msgs/eufs_msgs/srv/detail/set_string__rosidl_typesupport_fastrtps_c.h\n'}
[23.965574] (eufs_msgs) StdoutLine: {'line': b'-- Up-to-date: /home/gera/Desktop/EUFS_FORK_CONTAINERIZED/eufs-f1-sim/ws/install/eufs_msgs/include/eufs_msgs/eufs_msgs/msg\n'}
[23.965647] (eufs_msgs) StdoutLine: {'line': b'-- Installing: /home/gera/Desktop/EUFS_FORK_CONTAINERIZED/eufs-f1-sim/ws/install/eufs_msgs/include/eufs_msgs/eufs_msgs/msg/rosidl_typesupport_fastrtps_c__visibility_control.h\n'}
[23.965705] (eufs_msgs) StdoutLine: {'line': b'-- Up-to-date: /home/gera/Desktop/EUFS_FORK_CONTAINERIZED/eufs-f1-sim/ws/install/eufs_msgs/include/eufs_msgs/eufs_msgs/msg/detail\n'}
[23.965763] (eufs_msgs) StdoutLine: {'line': b'-- Installing: /home/gera/Desktop/EUFS_FORK_CONTAINERIZED/eufs-f1-sim/ws/install/eufs_msgs/include/eufs_msgs/eufs_msgs/msg/detail/bounding_box__rosidl_typesupport_fastrtps_c.h\n'}
[23.965864] (eufs_msgs) StdoutLine: {'line': b'-- Installing: /home/gera/Desktop/EUFS_FORK_CONTAINERIZED/eufs-f1-sim/ws/install/eufs_msgs/include/eufs_msgs/eufs_msgs/msg/detail/cone_association_array_stamped__rosidl_typesupport_fastrtps_c.h\n'}
[23.965931] (eufs_msgs) StdoutLine: {'line': b'-- Installing: /home/gera/Desktop/EUFS_FORK_CONTAINERIZED/eufs-f1-sim/ws/install/eufs_msgs/include/eufs_msgs/eufs_msgs/msg/detail/waypoint__rosidl_typesupport_fastrtps_c.h\n'}
[23.965999] (eufs_msgs) StdoutLine: {'line': b'-- Installing: /home/gera/Desktop/EUFS_FORK_CONTAINERIZED/eufs-f1-sim/ws/install/eufs_msgs/include/eufs_msgs/eufs_msgs/msg/detail/pure_pursuit_checkpoint_array_stamped__rosidl_typesupport_fastrtps_c.h\n'}
[23.966067] (eufs_msgs) StdoutLine: {'line': b'-- Installing: /home/gera/Desktop/EUFS_FORK_CONTAINERIZED/eufs-f1-sim/ws/install/eufs_msgs/include/eufs_msgs/eufs_msgs/msg/detail/car_state__rosidl_typesupport_fastrtps_c.h\n'}
[23.966132] (eufs_msgs) StdoutLine: {'line': b'-- Installing: /home/gera/Desktop/EUFS_FORK_CONTAINERIZED/eufs-f1-sim/ws/install/eufs_msgs/include/eufs_msgs/eufs_msgs/msg/detail/oss__rosidl_typesupport_fastrtps_c.h\n'}
[23.966205] (eufs_msgs) StdoutLine: {'line': b'-- Installing: /home/gera/Desktop/EUFS_FORK_CONTAINERIZED/eufs-f1-sim/ws/install/eufs_msgs/include/eufs_msgs/eufs_msgs/msg/detail/path_integral_params__rosidl_typesupport_fastrtps_c.h\n'}
[23.966278] (eufs_msgs) StdoutLine: {'line': b'-- Installing: /home/gera/Desktop/EUFS_FORK_CONTAINERIZED/eufs-f1-sim/ws/install/eufs_msgs/include/eufs_msgs/eufs_msgs/msg/detail/runstop__rosidl_typesupport_fastrtps_c.h\n'}
[23.966425] (eufs_msgs) StdoutLine: {'line': b'-- Installing: /home/gera/Desktop/EUFS_FORK_CONTAINERIZED/eufs-f1-sim/ws/install/eufs_msgs/include/eufs_msgs/eufs_msgs/msg/detail/node_state__rosidl_typesupport_fastrtps_c.h\n'}
[23.966492] (eufs_msgs) StdoutLine: {'line': b'-- Installing: /home/gera/Desktop/EUFS_FORK_CONTAINERIZED/eufs-f1-sim/ws/install/eufs_msgs/include/eufs_msgs/eufs_msgs/msg/detail/pure_pursuit_checkpoint__rosidl_typesupport_fastrtps_c.h\n'}
[23.966558] (eufs_msgs) StdoutLine: {'line': b'-- Installing: /home/gera/Desktop/EUFS_FORK_CONTAINERIZED/eufs-f1-sim/ws/install/eufs_msgs/include/eufs_msgs/eufs_msgs/msg/detail/bounding_boxes__rosidl_typesupport_fastrtps_c.h\n'}
[23.966621] (eufs_msgs) StdoutLine: {'line': b'-- Installing: /home/gera/Desktop/EUFS_FORK_CONTAINERIZED/eufs-f1-sim/ws/install/eufs_msgs/include/eufs_msgs/eufs_msgs/msg/detail/path_integral_timing__rosidl_typesupport_fastrtps_c.h\n'}
[23.966685] (eufs_msgs) StdoutLine: {'line': b'-- Installing: /home/gera/Desktop/EUFS_FORK_CONTAINERIZED/eufs-f1-sim/ws/install/eufs_msgs/include/eufs_msgs/eufs_msgs/msg/detail/cpu_usage__rosidl_typesupport_fastrtps_c.h\n'}
[23.966750] (eufs_msgs) StdoutLine: {'line': b'-- Installing: /home/gera/Desktop/EUFS_FORK_CONTAINERIZED/eufs-f1-sim/ws/install/eufs_msgs/include/eufs_msgs/eufs_msgs/msg/detail/cone_association__rosidl_typesupport_fastrtps_c.h\n'}
[23.966816] (eufs_msgs) StdoutLine: {'line': b'-- Installing: /home/gera/Desktop/EUFS_FORK_CONTAINERIZED/eufs-f1-sim/ws/install/eufs_msgs/include/eufs_msgs/eufs_msgs/msg/detail/planning_mode__rosidl_typesupport_fastrtps_c.h\n'}
[23.966881] (eufs_msgs) StdoutLine: {'line': b'-- Installing: /home/gera/Desktop/EUFS_FORK_CONTAINERIZED/eufs-f1-sim/ws/install/eufs_msgs/include/eufs_msgs/eufs_msgs/msg/detail/mpc_state__rosidl_typesupport_fastrtps_c.h\n'}
[23.966945] (eufs_msgs) StdoutLine: {'line': b'-- Installing: /home/gera/Desktop/EUFS_FORK_CONTAINERIZED/eufs-f1-sim/ws/install/eufs_msgs/include/eufs_msgs/eufs_msgs/msg/detail/wheel_speeds__rosidl_typesupport_fastrtps_c.h\n'}
[23.967007] (eufs_msgs) StdoutLine: {'line': b'-- Installing: /home/gera/Desktop/EUFS_FORK_CONTAINERIZED/eufs-f1-sim/ws/install/eufs_msgs/include/eufs_msgs/eufs_msgs/msg/detail/integration_err__rosidl_typesupport_fastrtps_c.h\n'}
[23.967071] (eufs_msgs) StdoutLine: {'line': b'-- Installing: /home/gera/Desktop/EUFS_FORK_CONTAINERIZED/eufs-f1-sim/ws/install/eufs_msgs/include/eufs_msgs/eufs_msgs/msg/detail/particle_slam__rosidl_typesupport_fastrtps_c.h\n'}
[23.967497] (eufs_msgs) StdoutLine: {'line': b'-- Installing: /home/gera/Desktop/EUFS_FORK_CONTAINERIZED/eufs-f1-sim/ws/install/eufs_msgs/include/eufs_msgs/eufs_msgs/msg/detail/vehicle_commands__rosidl_typesupport_fastrtps_c.h\n'}
[23.967574] (eufs_msgs) StdoutLine: {'line': b'-- Installing: /home/gera/Desktop/EUFS_FORK_CONTAINERIZED/eufs-f1-sim/ws/install/eufs_msgs/include/eufs_msgs/eufs_msgs/msg/detail/wheel_speeds_stamped__rosidl_typesupport_fastrtps_c.h\n'}
[23.967638] (eufs_msgs) StdoutLine: {'line': b'-- Installing: /home/gera/Desktop/EUFS_FORK_CONTAINERIZED/eufs-f1-sim/ws/install/eufs_msgs/include/eufs_msgs/eufs_msgs/msg/detail/particle_stamped__rosidl_typesupport_fastrtps_c.h\n'}
[23.967838] (eufs_msgs) StdoutLine: {'line': b'-- Installing: /home/gera/Desktop/EUFS_FORK_CONTAINERIZED/eufs-f1-sim/ws/install/eufs_msgs/include/eufs_msgs/eufs_msgs/msg/detail/car_forces__rosidl_typesupport_fastrtps_c.h\n'}
[23.967904] (eufs_msgs) StdoutLine: {'line': b'-- Installing: /home/gera/Desktop/EUFS_FORK_CONTAINERIZED/eufs-f1-sim/ws/install/eufs_msgs/include/eufs_msgs/eufs_msgs/msg/detail/point_array__rosidl_typesupport_fastrtps_c.h\n'}
[23.967969] (eufs_msgs) StdoutLine: {'line': b'-- Installing: /home/gera/Desktop/EUFS_FORK_CONTAINERIZED/eufs-f1-sim/ws/install/eufs_msgs/include/eufs_msgs/eufs_msgs/msg/detail/slam_err__rosidl_typesupport_fastrtps_c.h\n'}
[23.968032] (eufs_msgs) StdoutLine: {'line': b'-- Installing: /home/gera/Desktop/EUFS_FORK_CONTAINERIZED/eufs-f1-sim/ws/install/eufs_msgs/include/eufs_msgs/eufs_msgs/msg/detail/cone_with_color_probability_array__rosidl_typesupport_fastrtps_c.h\n'}
[23.968372] (eufs_msgs) StdoutLine: {'line': b'-- Installing: /home/gera/Desktop/EUFS_FORK_CONTAINERIZED/eufs-f1-sim/ws/install/eufs_msgs/include/eufs_msgs/eufs_msgs/msg/detail/ekf_err__rosidl_typesupport_fastrtps_c.h\n'}
[23.968442] (eufs_msgs) StdoutLine: {'line': b'-- Installing: /home/gera/Desktop/EUFS_FORK_CONTAINERIZED/eufs-f1-sim/ws/install/eufs_msgs/include/eufs_msgs/eufs_msgs/msg/detail/particle_slam_stamped__rosidl_typesupport_fastrtps_c.h\n'}
[23.968508] (eufs_msgs) StdoutLine: {'line': b'-- Installing: /home/gera/Desktop/EUFS_FORK_CONTAINERIZED/eufs-f1-sim/ws/install/eufs_msgs/include/eufs_msgs/eufs_msgs/msg/detail/stereo_image__rosidl_typesupport_fastrtps_c.h\n'}
[23.968574] (eufs_msgs) StdoutLine: {'line': b'-- Installing: /home/gera/Desktop/EUFS_FORK_CONTAINERIZED/eufs-f1-sim/ws/install/eufs_msgs/include/eufs_msgs/eufs_msgs/msg/detail/wheel_odometry_err__rosidl_typesupport_fastrtps_c.h\n'}
[23.968638] (eufs_msgs) StdoutLine: {'line': b'-- Installing: /home/gera/Desktop/EUFS_FORK_CONTAINERIZED/eufs-f1-sim/ws/install/eufs_msgs/include/eufs_msgs/eufs_msgs/msg/detail/heartbeat__rosidl_typesupport_fastrtps_c.h\n'}
[23.968701] (eufs_msgs) StdoutLine: {'line': b'-- Installing: /home/gera/Desktop/EUFS_FORK_CONTAINERIZED/eufs-f1-sim/ws/install/eufs_msgs/include/eufs_msgs/eufs_msgs/msg/detail/cone_association_array_array_stamped__rosidl_typesupport_fastrtps_c.h\n'}
[23.968764] (eufs_msgs) StdoutLine: {'line': b'-- Installing: /home/gera/Desktop/EUFS_FORK_CONTAINERIZED/eufs-f1-sim/ws/install/eufs_msgs/include/eufs_msgs/eufs_msgs/msg/detail/point_array_stamped__rosidl_typesupport_fastrtps_c.h\n'}
[23.968827] (eufs_msgs) StdoutLine: {'line': b'-- Installing: /home/gera/Desktop/EUFS_FORK_CONTAINERIZED/eufs-f1-sim/ws/install/eufs_msgs/include/eufs_msgs/eufs_msgs/msg/detail/full_state__rosidl_typesupport_fastrtps_c.h\n'}
[23.968890] (eufs_msgs) StdoutLine: {'line': b'-- Installing: /home/gera/Desktop/EUFS_FORK_CONTAINERIZED/eufs-f1-sim/ws/install/eufs_msgs/include/eufs_msgs/eufs_msgs/msg/detail/waypoint_array_stamped__rosidl_typesupport_fastrtps_c.h\n'}
[23.968955] (eufs_msgs) StdoutLine: {'line': b'-- Installing: /home/gera/Desktop/EUFS_FORK_CONTAINERIZED/eufs-f1-sim/ws/install/eufs_msgs/include/eufs_msgs/eufs_msgs/msg/detail/cone_array__rosidl_typesupport_fastrtps_c.h\n'}
[23.969018] (eufs_msgs) StdoutLine: {'line': b'-- Installing: /home/gera/Desktop/EUFS_FORK_CONTAINERIZED/eufs-f1-sim/ws/install/eufs_msgs/include/eufs_msgs/eufs_msgs/msg/detail/node_state_array__rosidl_typesupport_fastrtps_c.h\n'}
[23.969082] (eufs_msgs) StdoutLine: {'line': b'-- Installing: /home/gera/Desktop/EUFS_FORK_CONTAINERIZED/eufs-f1-sim/ws/install/eufs_msgs/include/eufs_msgs/eufs_msgs/msg/detail/cone_array_with_covariance__rosidl_typesupport_fastrtps_c.h\n'}
[23.969145] (eufs_msgs) StdoutLine: {'line': b'-- Installing: /home/gera/Desktop/EUFS_FORK_CONTAINERIZED/eufs-f1-sim/ws/install/eufs_msgs/include/eufs_msgs/eufs_msgs/msg/detail/cone_with_covariance__rosidl_typesupport_fastrtps_c.h\n'}
[23.969220] (eufs_msgs) StdoutLine: {'line': b'-- Installing: /home/gera/Desktop/EUFS_FORK_CONTAINERIZED/eufs-f1-sim/ws/install/eufs_msgs/include/eufs_msgs/eufs_msgs/msg/detail/vehicle_commands_stamped__rosidl_typesupport_fastrtps_c.h\n'}
[23.969287] (eufs_msgs) StdoutLine: {'line': b'-- Installing: /home/gera/Desktop/EUFS_FORK_CONTAINERIZED/eufs-f1-sim/ws/install/eufs_msgs/include/eufs_msgs/eufs_msgs/msg/detail/system_status__rosidl_typesupport_fastrtps_c.h\n'}
[23.969356] (eufs_msgs) StdoutLine: {'line': b'-- Installing: /home/gera/Desktop/EUFS_FORK_CONTAINERIZED/eufs-f1-sim/ws/install/eufs_msgs/include/eufs_msgs/eufs_msgs/msg/detail/chassis_command__rosidl_typesupport_fastrtps_c.h\n'}
[23.969421] (eufs_msgs) StdoutLine: {'line': b'-- Installing: /home/gera/Desktop/EUFS_FORK_CONTAINERIZED/eufs-f1-sim/ws/install/eufs_msgs/include/eufs_msgs/eufs_msgs/msg/detail/lap_stats__rosidl_typesupport_fastrtps_c.h\n'}
[23.969485] (eufs_msgs) StdoutLine: {'line': b'-- Installing: /home/gera/Desktop/EUFS_FORK_CONTAINERIZED/eufs-f1-sim/ws/install/eufs_msgs/include/eufs_msgs/eufs_msgs/msg/detail/path_integral_status__rosidl_typesupport_fastrtps_c.h\n'}
[23.969911] (eufs_msgs) StdoutLine: {'line': b'-- Installing: /home/gera/Desktop/EUFS_FORK_CONTAINERIZED/eufs-f1-sim/ws/install/eufs_msgs/include/eufs_msgs/eufs_msgs/msg/detail/cone_association_array__rosidl_typesupport_fastrtps_c.h\n'}
[23.970081] (eufs_msgs) StdoutLine: {'line': b'-- Installing: /home/gera/Desktop/EUFS_FORK_CONTAINERIZED/eufs-f1-sim/ws/install/eufs_msgs/include/eufs_msgs/eufs_msgs/msg/detail/cone_with_color_probability__rosidl_typesupport_fastrtps_c.h\n'}
[23.970148] (eufs_msgs) StdoutLine: {'line': b'-- Installing: /home/gera/Desktop/EUFS_FORK_CONTAINERIZED/eufs-f1-sim/ws/install/eufs_msgs/include/eufs_msgs/eufs_msgs/msg/detail/ekf_state__rosidl_typesupport_fastrtps_c.h\n'}
[23.970232] (eufs_msgs) StdoutLine: {'line': b'-- Installing: /home/gera/Desktop/EUFS_FORK_CONTAINERIZED/eufs-f1-sim/ws/install/eufs_msgs/include/eufs_msgs/eufs_msgs/msg/detail/cpu_status__rosidl_typesupport_fastrtps_c.h\n'}
[23.970303] (eufs_msgs) StdoutLine: {'line': b'-- Installing: /home/gera/Desktop/EUFS_FORK_CONTAINERIZED/eufs-f1-sim/ws/install/eufs_msgs/include/eufs_msgs/eufs_msgs/msg/detail/state_machine_state__rosidl_typesupport_fastrtps_c.h\n'}
[23.970367] (eufs_msgs) StdoutLine: {'line': b'-- Installing: /home/gera/Desktop/EUFS_FORK_CONTAINERIZED/eufs-f1-sim/ws/install/eufs_msgs/include/eufs_msgs/eufs_msgs/msg/detail/path_integral_stats__rosidl_typesupport_fastrtps_c.h\n'}
[23.970426] (eufs_msgs) StdoutLine: {'line': b'-- Installing: /home/gera/Desktop/EUFS_FORK_CONTAINERIZED/eufs-f1-sim/ws/install/eufs_msgs/include/eufs_msgs/eufs_msgs/msg/detail/slam_state__rosidl_typesupport_fastrtps_c.h\n'}
[23.970488] (eufs_msgs) StdoutLine: {'line': b'-- Installing: /home/gera/Desktop/EUFS_FORK_CONTAINERIZED/eufs-f1-sim/ws/install/eufs_msgs/include/eufs_msgs/eufs_msgs/msg/detail/topic_status__rosidl_typesupport_fastrtps_c.h\n'}
[23.970549] (eufs_msgs) StdoutLine: {'line': b'-- Installing: /home/gera/Desktop/EUFS_FORK_CONTAINERIZED/eufs-f1-sim/ws/install/eufs_msgs/include/eufs_msgs/eufs_msgs/msg/detail/can_state__rosidl_typesupport_fastrtps_c.h\n'}
[23.970614] (eufs_msgs) StdoutLine: {'line': b'-- Installing: /home/gera/Desktop/EUFS_FORK_CONTAINERIZED/eufs-f1-sim/ws/install/eufs_msgs/include/eufs_msgs/eufs_msgs/msg/detail/particle__rosidl_typesupport_fastrtps_c.h\n'}
[23.970678] (eufs_msgs) StdoutLine: {'line': b'-- Installing: /home/gera/Desktop/EUFS_FORK_CONTAINERIZED/eufs-f1-sim/ws/install/eufs_msgs/include/eufs_msgs/eufs_msgs/msg/detail/costmap__rosidl_typesupport_fastrtps_c.h\n'}
[23.970747] (eufs_msgs) StdoutLine: {'line': b'-- Installing: /home/gera/Desktop/EUFS_FORK_CONTAINERIZED/eufs-f1-sim/ws/install/eufs_msgs/include/eufs_msgs/eufs_msgs/msg/detail/chassis_state__rosidl_typesupport_fastrtps_c.h\n'}
[23.970816] (eufs_msgs) StdoutLine: {'line': b'-- Installing: /home/gera/Desktop/EUFS_FORK_CONTAINERIZED/eufs-f1-sim/ws/install/eufs_msgs/lib/libeufs_msgs__rosidl_typesupport_fastrtps_c.so\n'}
[23.970884] (eufs_msgs) StdoutLine: {'line': b'-- Set runtime path of "/home/gera/Desktop/EUFS_FORK_CONTAINERIZED/eufs-f1-sim/ws/install/eufs_msgs/lib/libeufs_msgs__rosidl_typesupport_fastrtps_c.so" to ""\n'}
[23.970954] (eufs_msgs) StdoutLine: {'line': b'-- Up-to-date: /home/gera/Desktop/EUFS_FORK_CONTAINERIZED/eufs-f1-sim/ws/install/eufs_msgs/include/eufs_msgs/eufs_msgs\n'}
[23.971024] (eufs_msgs) StdoutLine: {'line': b'-- Up-to-date: /home/gera/Desktop/EUFS_FORK_CONTAINERIZED/eufs-f1-sim/ws/install/eufs_msgs/include/eufs_msgs/eufs_msgs/action\n'}
[23.971092] (eufs_msgs) StdoutLine: {'line': b'-- Up-to-date: /home/gera/Desktop/EUFS_FORK_CONTAINERIZED/eufs-f1-sim/ws/install/eufs_msgs/include/eufs_msgs/eufs_msgs/action/detail\n'}
[23.971160] (eufs_msgs) StdoutLine: {'line': b'-- Installing: /home/gera/Desktop/EUFS_FORK_CONTAINERIZED/eufs-f1-sim/ws/install/eufs_msgs/include/eufs_msgs/eufs_msgs/action/detail/check_for_objects__type_support.c\n'}
[23.971241] (eufs_msgs) StdoutLine: {'line': b'-- Installing: /home/gera/Desktop/EUFS_FORK_CONTAINERIZED/eufs-f1-sim/ws/install/eufs_msgs/include/eufs_msgs/eufs_msgs/action/detail/check_for_objects__rosidl_typesupport_introspection_c.h\n'}
[23.971380] (eufs_msgs) StdoutLine: {'line': b'-- Up-to-date: /home/gera/Desktop/EUFS_FORK_CONTAINERIZED/eufs-f1-sim/ws/install/eufs_msgs/include/eufs_msgs/eufs_msgs/srv\n'}
[23.971906] (eufs_msgs) StdoutLine: {'line': b'-- Up-to-date: /home/gera/Desktop/EUFS_FORK_CONTAINERIZED/eufs-f1-sim/ws/install/eufs_msgs/include/eufs_msgs/eufs_msgs/srv/detail\n'}
[23.972674] (eufs_msgs) StdoutLine: {'line': b'-- Installing: /home/gera/Desktop/EUFS_FORK_CONTAINERIZED/eufs-f1-sim/ws/install/eufs_msgs/include/eufs_msgs/eufs_msgs/srv/detail/set_can_state__type_support.c\n'}
[23.974575] (eufs_msgs) StdoutLine: {'line': b'-- Installing: /home/gera/Desktop/EUFS_FORK_CONTAINERIZED/eufs-f1-sim/ws/install/eufs_msgs/include/eufs_msgs/eufs_msgs/srv/detail/set_mission__type_support.c\n'}
[23.974794] (eufs_msgs) StdoutLine: {'line': b'-- Installing: /home/gera/Desktop/EUFS_FORK_CONTAINERIZED/eufs-f1-sim/ws/install/eufs_msgs/include/eufs_msgs/eufs_msgs/srv/detail/set_mission__rosidl_typesupport_introspection_c.h\n'}
[23.974923] (eufs_msgs) StdoutLine: {'line': b'-- Installing: /home/gera/Desktop/EUFS_FORK_CONTAINERIZED/eufs-f1-sim/ws/install/eufs_msgs/include/eufs_msgs/eufs_msgs/srv/detail/set_can_state__rosidl_typesupport_introspection_c.h\n'}
[23.975121] (eufs_msgs) StdoutLine: {'line': b'-- Installing: /home/gera/Desktop/EUFS_FORK_CONTAINERIZED/eufs-f1-sim/ws/install/eufs_msgs/include/eufs_msgs/eufs_msgs/srv/detail/set_string__rosidl_typesupport_introspection_c.h\n'}
[23.975407] (eufs_msgs) StdoutLine: {'line': b'-- Installing: /home/gera/Desktop/EUFS_FORK_CONTAINERIZED/eufs-f1-sim/ws/install/eufs_msgs/include/eufs_msgs/eufs_msgs/srv/detail/get_map__rosidl_typesupport_introspection_c.h\n'}
[23.975517] (eufs_msgs) StdoutLine: {'line': b'-- Installing: /home/gera/Desktop/EUFS_FORK_CONTAINERIZED/eufs-f1-sim/ws/install/eufs_msgs/include/eufs_msgs/eufs_msgs/srv/detail/register__rosidl_typesupport_introspection_c.h\n'}
[23.975582] (eufs_msgs) StdoutLine: {'line': b'-- Installing: /home/gera/Desktop/EUFS_FORK_CONTAINERIZED/eufs-f1-sim/ws/install/eufs_msgs/include/eufs_msgs/eufs_msgs/srv/detail/set_track__rosidl_typesupport_introspection_c.h\n'}
[23.975644] (eufs_msgs) StdoutLine: {'line': b'-- Installing: /home/gera/Desktop/EUFS_FORK_CONTAINERIZED/eufs-f1-sim/ws/install/eufs_msgs/include/eufs_msgs/eufs_msgs/srv/detail/set_string__type_support.c\n'}
[23.975703] (eufs_msgs) StdoutLine: {'line': b'-- Installing: /home/gera/Desktop/EUFS_FORK_CONTAINERIZED/eufs-f1-sim/ws/install/eufs_msgs/include/eufs_msgs/eufs_msgs/srv/detail/record_start__type_support.c\n'}
[23.975764] (eufs_msgs) StdoutLine: {'line': b'-- Installing: /home/gera/Desktop/EUFS_FORK_CONTAINERIZED/eufs-f1-sim/ws/install/eufs_msgs/include/eufs_msgs/eufs_msgs/srv/detail/get_map__type_support.c\n'}
[23.975825] (eufs_msgs) StdoutLine: {'line': b'-- Installing: /home/gera/Desktop/EUFS_FORK_CONTAINERIZED/eufs-f1-sim/ws/install/eufs_msgs/include/eufs_msgs/eufs_msgs/srv/detail/record_stop__type_support.c\n'}
[23.975885] (eufs_msgs) StdoutLine: {'line': b'-- Installing: /home/gera/Desktop/EUFS_FORK_CONTAINERIZED/eufs-f1-sim/ws/install/eufs_msgs/include/eufs_msgs/eufs_msgs/srv/detail/record_stop__rosidl_typesupport_introspection_c.h\n'}
[23.975945] (eufs_msgs) StdoutLine: {'line': b'-- Installing: /home/gera/Desktop/EUFS_FORK_CONTAINERIZED/eufs-f1-sim/ws/install/eufs_msgs/include/eufs_msgs/eufs_msgs/srv/detail/register__type_support.c\n'}
[23.976005] (eufs_msgs) StdoutLine: {'line': b'-- Installing: /home/gera/Desktop/EUFS_FORK_CONTAINERIZED/eufs-f1-sim/ws/install/eufs_msgs/include/eufs_msgs/eufs_msgs/srv/detail/set_track__type_support.c\n'}
[23.976063] (eufs_msgs) StdoutLine: {'line': b'-- Installing: /home/gera/Desktop/EUFS_FORK_CONTAINERIZED/eufs-f1-sim/ws/install/eufs_msgs/include/eufs_msgs/eufs_msgs/srv/detail/record_start__rosidl_typesupport_introspection_c.h\n'}
[23.976121] (eufs_msgs) StdoutLine: {'line': b'-- Up-to-date: /home/gera/Desktop/EUFS_FORK_CONTAINERIZED/eufs-f1-sim/ws/install/eufs_msgs/include/eufs_msgs/eufs_msgs/msg\n'}
[23.976210] (eufs_msgs) StdoutLine: {'line': b'-- Up-to-date: /home/gera/Desktop/EUFS_FORK_CONTAINERIZED/eufs-f1-sim/ws/install/eufs_msgs/include/eufs_msgs/eufs_msgs/msg/detail\n'}
[23.976280] (eufs_msgs) StdoutLine: {'line': b'-- Installing: /home/gera/Desktop/EUFS_FORK_CONTAINERIZED/eufs-f1-sim/ws/install/eufs_msgs/include/eufs_msgs/eufs_msgs/msg/detail/wheel_speeds_stamped__type_support.c\n'}
[23.976339] (eufs_msgs) StdoutLine: {'line': b'-- Installing: /home/gera/Desktop/EUFS_FORK_CONTAINERIZED/eufs-f1-sim/ws/install/eufs_msgs/include/eufs_msgs/eufs_msgs/msg/detail/path_integral_status__rosidl_typesupport_introspection_c.h\n'}
[23.976398] (eufs_msgs) StdoutLine: {'line': b'-- Installing: /home/gera/Desktop/EUFS_FORK_CONTAINERIZED/eufs-f1-sim/ws/install/eufs_msgs/include/eufs_msgs/eufs_msgs/msg/detail/cone_association__rosidl_typesupport_introspection_c.h\n'}
[23.976457] (eufs_msgs) StdoutLine: {'line': b'-- Installing: /home/gera/Desktop/EUFS_FORK_CONTAINERIZED/eufs-f1-sim/ws/install/eufs_msgs/include/eufs_msgs/eufs_msgs/msg/detail/wheel_speeds_stamped__rosidl_typesupport_introspection_c.h\n'}
[23.976521] (eufs_msgs) StdoutLine: {'line': b'-- Installing: /home/gera/Desktop/EUFS_FORK_CONTAINERIZED/eufs-f1-sim/ws/install/eufs_msgs/include/eufs_msgs/eufs_msgs/msg/detail/point_array_stamped__type_support.c\n'}
[23.976579] (eufs_msgs) StdoutLine: {'line': b'-- Installing: /home/gera/Desktop/EUFS_FORK_CONTAINERIZED/eufs-f1-sim/ws/install/eufs_msgs/include/eufs_msgs/eufs_msgs/msg/detail/slam_state__type_support.c\n'}
[23.976638] (eufs_msgs) StdoutLine: {'line': b'-- Installing: /home/gera/Desktop/EUFS_FORK_CONTAINERIZED/eufs-f1-sim/ws/install/eufs_msgs/include/eufs_msgs/eufs_msgs/msg/detail/mpc_state__type_support.c\n'}
[23.976696] (eufs_msgs) StdoutLine: {'line': b'-- Installing: /home/gera/Desktop/EUFS_FORK_CONTAINERIZED/eufs-f1-sim/ws/install/eufs_msgs/include/eufs_msgs/eufs_msgs/msg/detail/cpu_status__rosidl_typesupport_introspection_c.h\n'}
[23.976753] (eufs_msgs) StdoutLine: {'line': b'-- Installing: /home/gera/Desktop/EUFS_FORK_CONTAINERIZED/eufs-f1-sim/ws/install/eufs_msgs/include/eufs_msgs/eufs_msgs/msg/detail/cone_with_color_probability__rosidl_typesupport_introspection_c.h\n'}
[23.976809] (eufs_msgs) StdoutLine: {'line': b'-- Installing: /home/gera/Desktop/EUFS_FORK_CONTAINERIZED/eufs-f1-sim/ws/install/eufs_msgs/include/eufs_msgs/eufs_msgs/msg/detail/particle_slam_stamped__rosidl_typesupport_introspection_c.h\n'}
[23.976867] (eufs_msgs) StdoutLine: {'line': b'-- Installing: /home/gera/Desktop/EUFS_FORK_CONTAINERIZED/eufs-f1-sim/ws/install/eufs_msgs/include/eufs_msgs/eufs_msgs/msg/detail/ekf_err__type_support.c\n'}
[23.976937] (eufs_msgs) StdoutLine: {'line': b'-- Installing: /home/gera/Desktop/EUFS_FORK_CONTAINERIZED/eufs-f1-sim/ws/install/eufs_msgs/include/eufs_msgs/eufs_msgs/msg/detail/node_state_array__type_support.c\n'}
[23.976996] (eufs_msgs) StdoutLine: {'line': b'-- Installing: /home/gera/Desktop/EUFS_FORK_CONTAINERIZED/eufs-f1-sim/ws/install/eufs_msgs/include/eufs_msgs/eufs_msgs/msg/detail/point_array_stamped__rosidl_typesupport_introspection_c.h\n'}
[23.977053] (eufs_msgs) StdoutLine: {'line': b'-- Installing: /home/gera/Desktop/EUFS_FORK_CONTAINERIZED/eufs-f1-sim/ws/install/eufs_msgs/include/eufs_msgs/eufs_msgs/msg/detail/cone_association_array_array_stamped__rosidl_typesupport_introspection_c.h\n'}
[23.977111] (eufs_msgs) StdoutLine: {'line': b'-- Installing: /home/gera/Desktop/EUFS_FORK_CONTAINERIZED/eufs-f1-sim/ws/install/eufs_msgs/include/eufs_msgs/eufs_msgs/msg/detail/ekf_err__rosidl_typesupport_introspection_c.h\n'}
[23.977168] (eufs_msgs) StdoutLine: {'line': b'-- Installing: /home/gera/Desktop/EUFS_FORK_CONTAINERIZED/eufs-f1-sim/ws/install/eufs_msgs/include/eufs_msgs/eufs_msgs/msg/detail/car_state__type_support.c\n'}
[23.977256] (eufs_msgs) StdoutLine: {'line': b'-- Installing: /home/gera/Desktop/EUFS_FORK_CONTAINERIZED/eufs-f1-sim/ws/install/eufs_msgs/include/eufs_msgs/eufs_msgs/msg/detail/pure_pursuit_checkpoint_array_stamped__type_support.c\n'}
[23.977324] (eufs_msgs) StdoutLine: {'line': b'-- Installing: /home/gera/Desktop/EUFS_FORK_CONTAINERIZED/eufs-f1-sim/ws/install/eufs_msgs/include/eufs_msgs/eufs_msgs/msg/detail/cone_array__rosidl_typesupport_introspection_c.h\n'}
[23.977384] (eufs_msgs) StdoutLine: {'line': b'-- Installing: /home/gera/Desktop/EUFS_FORK_CONTAINERIZED/eufs-f1-sim/ws/install/eufs_msgs/include/eufs_msgs/eufs_msgs/msg/detail/oss__rosidl_typesupport_introspection_c.h\n'}
[23.977449] (eufs_msgs) StdoutLine: {'line': b'-- Installing: /home/gera/Desktop/EUFS_FORK_CONTAINERIZED/eufs-f1-sim/ws/install/eufs_msgs/include/eufs_msgs/eufs_msgs/msg/detail/pure_pursuit_checkpoint__type_support.c\n'}
[23.977752] (eufs_msgs) StdoutLine: {'line': b'-- Installing: /home/gera/Desktop/EUFS_FORK_CONTAINERIZED/eufs-f1-sim/ws/install/eufs_msgs/include/eufs_msgs/eufs_msgs/msg/detail/cpu_status__type_support.c\n'}
[23.977826] (eufs_msgs) StdoutLine: {'line': b'-- Installing: /home/gera/Desktop/EUFS_FORK_CONTAINERIZED/eufs-f1-sim/ws/install/eufs_msgs/include/eufs_msgs/eufs_msgs/msg/detail/bounding_box__type_support.c\n'}
[23.977895] (eufs_msgs) StdoutLine: {'line': b'-- Installing: /home/gera/Desktop/EUFS_FORK_CONTAINERIZED/eufs-f1-sim/ws/install/eufs_msgs/include/eufs_msgs/eufs_msgs/msg/detail/particle__type_support.c\n'}
[23.977963] (eufs_msgs) StdoutLine: {'line': b'-- Installing: /home/gera/Desktop/EUFS_FORK_CONTAINERIZED/eufs-f1-sim/ws/install/eufs_msgs/include/eufs_msgs/eufs_msgs/msg/detail/point_array__rosidl_typesupport_introspection_c.h\n'}
[23.978028] (eufs_msgs) StdoutLine: {'line': b'-- Installing: /home/gera/Desktop/EUFS_FORK_CONTAINERIZED/eufs-f1-sim/ws/install/eufs_msgs/include/eufs_msgs/eufs_msgs/msg/detail/vehicle_commands__type_support.c\n'}
[23.978093] (eufs_msgs) StdoutLine: {'line': b'-- Installing: /home/gera/Desktop/EUFS_FORK_CONTAINERIZED/eufs-f1-sim/ws/install/eufs_msgs/include/eufs_msgs/eufs_msgs/msg/detail/integration_err__type_support.c\n'}
[23.978155] (eufs_msgs) StdoutLine: {'line': b'-- Installing: /home/gera/Desktop/EUFS_FORK_CONTAINERIZED/eufs-f1-sim/ws/install/eufs_msgs/include/eufs_msgs/eufs_msgs/msg/detail/lap_stats__rosidl_typesupport_introspection_c.h\n'}
[23.978358] (eufs_msgs) StdoutLine: {'line': b'-- Installing: /home/gera/Desktop/EUFS_FORK_CONTAINERIZED/eufs-f1-sim/ws/install/eufs_msgs/include/eufs_msgs/eufs_msgs/msg/detail/can_state__rosidl_typesupport_introspection_c.h\n'}
[23.978424] (eufs_msgs) StdoutLine: {'line': b'-- Installing: /home/gera/Desktop/EUFS_FORK_CONTAINERIZED/eufs-f1-sim/ws/install/eufs_msgs/include/eufs_msgs/eufs_msgs/msg/detail/stereo_image__rosidl_typesupport_introspection_c.h\n'}
[23.978486] (eufs_msgs) StdoutLine: {'line': b'-- Installing: /home/gera/Desktop/EUFS_FORK_CONTAINERIZED/eufs-f1-sim/ws/install/eufs_msgs/include/eufs_msgs/eufs_msgs/msg/detail/cone_with_color_probability__type_support.c\n'}
[23.978558] (eufs_msgs) StdoutLine: {'line': b'-- Installing: /home/gera/Desktop/EUFS_FORK_CONTAINERIZED/eufs-f1-sim/ws/install/eufs_msgs/include/eufs_msgs/eufs_msgs/msg/detail/wheel_odometry_err__type_support.c\n'}
[23.978625] (eufs_msgs) StdoutLine: {'line': b'-- Installing: /home/gera/Desktop/EUFS_FORK_CONTAINERIZED/eufs-f1-sim/ws/install/eufs_msgs/include/eufs_msgs/eufs_msgs/msg/detail/cone_array_with_covariance__type_support.c\n'}
[23.978692] (eufs_msgs) StdoutLine: {'line': b'-- Installing: /home/gera/Desktop/EUFS_FORK_CONTAINERIZED/eufs-f1-sim/ws/install/eufs_msgs/include/eufs_msgs/eufs_msgs/msg/detail/runstop__rosidl_typesupport_introspection_c.h\n'}
[23.978758] (eufs_msgs) StdoutLine: {'line': b'-- Installing: /home/gera/Desktop/EUFS_FORK_CONTAINERIZED/eufs-f1-sim/ws/install/eufs_msgs/include/eufs_msgs/eufs_msgs/msg/detail/bounding_boxes__type_support.c\n'}
[23.978904] (eufs_msgs) StdoutLine: {'line': b'-- Installing: /home/gera/Desktop/EUFS_FORK_CONTAINERIZED/eufs-f1-sim/ws/install/eufs_msgs/include/eufs_msgs/eufs_msgs/msg/detail/particle_stamped__rosidl_typesupport_introspection_c.h\n'}
[23.978976] (eufs_msgs) StdoutLine: {'line': b'-- Installing: /home/gera/Desktop/EUFS_FORK_CONTAINERIZED/eufs-f1-sim/ws/install/eufs_msgs/include/eufs_msgs/eufs_msgs/msg/detail/cone_array__type_support.c\n'}
[23.979042] (eufs_msgs) StdoutLine: {'line': b'-- Installing: /home/gera/Desktop/EUFS_FORK_CONTAINERIZED/eufs-f1-sim/ws/install/eufs_msgs/include/eufs_msgs/eufs_msgs/msg/detail/particle_slam_stamped__type_support.c\n'}
[23.979109] (eufs_msgs) StdoutLine: {'line': b'-- Installing: /home/gera/Desktop/EUFS_FORK_CONTAINERIZED/eufs-f1-sim/ws/install/eufs_msgs/include/eufs_msgs/eufs_msgs/msg/detail/path_integral_timing__type_support.c\n'}
[23.979180] (eufs_msgs) StdoutLine: {'line': b'-- Installing: /home/gera/Desktop/EUFS_FORK_CONTAINERIZED/eufs-f1-sim/ws/install/eufs_msgs/include/eufs_msgs/eufs_msgs/msg/detail/cone_association_array__rosidl_typesupport_introspection_c.h\n'}
[23.979315] (eufs_msgs) StdoutLine: {'line': b'-- Installing: /home/gera/Desktop/EUFS_FORK_CONTAINERIZED/eufs-f1-sim/ws/install/eufs_msgs/include/eufs_msgs/eufs_msgs/msg/detail/cpu_usage__rosidl_typesupport_introspection_c.h\n'}
[23.979380] (eufs_msgs) StdoutLine: {'line': b'-- Installing: /home/gera/Desktop/EUFS_FORK_CONTAINERIZED/eufs-f1-sim/ws/install/eufs_msgs/include/eufs_msgs/eufs_msgs/msg/detail/particle__rosidl_typesupport_introspection_c.h\n'}
[23.979444] (eufs_msgs) StdoutLine: {'line': b'-- Installing: /home/gera/Desktop/EUFS_FORK_CONTAINERIZED/eufs-f1-sim/ws/install/eufs_msgs/include/eufs_msgs/eufs_msgs/msg/detail/cone_array_with_covariance__rosidl_typesupport_introspection_c.h\n'}
[23.979508] (eufs_msgs) StdoutLine: {'line': b'-- Installing: /home/gera/Desktop/EUFS_FORK_CONTAINERIZED/eufs-f1-sim/ws/install/eufs_msgs/include/eufs_msgs/eufs_msgs/msg/detail/runstop__type_support.c\n'}
[23.979570] (eufs_msgs) StdoutLine: {'line': b'-- Installing: /home/gera/Desktop/EUFS_FORK_CONTAINERIZED/eufs-f1-sim/ws/install/eufs_msgs/include/eufs_msgs/eufs_msgs/msg/detail/ekf_state__rosidl_typesupport_introspection_c.h\n'}
[23.979633] (eufs_msgs) StdoutLine: {'line': b'-- Installing: /home/gera/Desktop/EUFS_FORK_CONTAINERIZED/eufs-f1-sim/ws/install/eufs_msgs/include/eufs_msgs/eufs_msgs/msg/detail/particle_slam__rosidl_typesupport_introspection_c.h\n'}
[23.979696] (eufs_msgs) StdoutLine: {'line': b'-- Installing: /home/gera/Desktop/EUFS_FORK_CONTAINERIZED/eufs-f1-sim/ws/install/eufs_msgs/include/eufs_msgs/eufs_msgs/msg/detail/pure_pursuit_checkpoint__rosidl_typesupport_introspection_c.h\n'}
[23.979758] (eufs_msgs) StdoutLine: {'line': b'-- Installing: /home/gera/Desktop/EUFS_FORK_CONTAINERIZED/eufs-f1-sim/ws/install/eufs_msgs/include/eufs_msgs/eufs_msgs/msg/detail/integration_err__rosidl_typesupport_introspection_c.h\n'}
[23.979819] (eufs_msgs) StdoutLine: {'line': b'-- Installing: /home/gera/Desktop/EUFS_FORK_CONTAINERIZED/eufs-f1-sim/ws/install/eufs_msgs/include/eufs_msgs/eufs_msgs/msg/detail/planning_mode__rosidl_typesupport_introspection_c.h\n'}
[23.979883] (eufs_msgs) StdoutLine: {'line': b'-- Installing: /home/gera/Desktop/EUFS_FORK_CONTAINERIZED/eufs-f1-sim/ws/install/eufs_msgs/include/eufs_msgs/eufs_msgs/msg/detail/mpc_state__rosidl_typesupport_introspection_c.h\n'}
[23.980053] (eufs_msgs) StdoutLine: {'line': b'-- Installing: /home/gera/Desktop/EUFS_FORK_CONTAINERIZED/eufs-f1-sim/ws/install/eufs_msgs/include/eufs_msgs/eufs_msgs/msg/detail/wheel_speeds__type_support.c\n'}
[23.980115] (eufs_msgs) StdoutLine: {'line': b'-- Installing: /home/gera/Desktop/EUFS_FORK_CONTAINERIZED/eufs-f1-sim/ws/install/eufs_msgs/include/eufs_msgs/eufs_msgs/msg/detail/costmap__rosidl_typesupport_introspection_c.h\n'}
[23.980173] (eufs_msgs) StdoutLine: {'line': b'-- Installing: /home/gera/Desktop/EUFS_FORK_CONTAINERIZED/eufs-f1-sim/ws/install/eufs_msgs/include/eufs_msgs/eufs_msgs/msg/detail/wheel_speeds__rosidl_typesupport_introspection_c.h\n'}
[23.980319] (eufs_msgs) StdoutLine: {'line': b'-- Installing: /home/gera/Desktop/EUFS_FORK_CONTAINERIZED/eufs-f1-sim/ws/install/eufs_msgs/include/eufs_msgs/eufs_msgs/msg/detail/heartbeat__rosidl_typesupport_introspection_c.h\n'}
[23.980384] (eufs_msgs) StdoutLine: {'line': b'-- Installing: /home/gera/Desktop/EUFS_FORK_CONTAINERIZED/eufs-f1-sim/ws/install/eufs_msgs/include/eufs_msgs/eufs_msgs/msg/detail/path_integral_params__type_support.c\n'}
[23.980442] (eufs_msgs) StdoutLine: {'line': b'-- Installing: /home/gera/Desktop/EUFS_FORK_CONTAINERIZED/eufs-f1-sim/ws/install/eufs_msgs/include/eufs_msgs/eufs_msgs/msg/detail/lap_stats__type_support.c\n'}
[23.980500] (eufs_msgs) StdoutLine: {'line': b'-- Installing: /home/gera/Desktop/EUFS_FORK_CONTAINERIZED/eufs-f1-sim/ws/install/eufs_msgs/include/eufs_msgs/eufs_msgs/msg/detail/cone_with_covariance__type_support.c\n'}
[23.980558] (eufs_msgs) StdoutLine: {'line': b'-- Installing: /home/gera/Desktop/EUFS_FORK_CONTAINERIZED/eufs-f1-sim/ws/install/eufs_msgs/include/eufs_msgs/eufs_msgs/msg/detail/topic_status__type_support.c\n'}
[23.980613] (eufs_msgs) StdoutLine: {'line': b'-- Installing: /home/gera/Desktop/EUFS_FORK_CONTAINERIZED/eufs-f1-sim/ws/install/eufs_msgs/include/eufs_msgs/eufs_msgs/msg/detail/cpu_usage__type_support.c\n'}
[23.980729] (eufs_msgs) StdoutLine: {'line': b'-- Installing: /home/gera/Desktop/EUFS_FORK_CONTAINERIZED/eufs-f1-sim/ws/install/eufs_msgs/include/eufs_msgs/eufs_msgs/msg/detail/cone_association_array_stamped__type_support.c\n'}
[23.980790] (eufs_msgs) StdoutLine: {'line': b'-- Installing: /home/gera/Desktop/EUFS_FORK_CONTAINERIZED/eufs-f1-sim/ws/install/eufs_msgs/include/eufs_msgs/eufs_msgs/msg/detail/costmap__type_support.c\n'}
[23.981093] (eufs_msgs) StdoutLine: {'line': b'-- Installing: /home/gera/Desktop/EUFS_FORK_CONTAINERIZED/eufs-f1-sim/ws/install/eufs_msgs/include/eufs_msgs/eufs_msgs/msg/detail/oss__type_support.c\n'}
[23.981151] (eufs_msgs) StdoutLine: {'line': b'-- Installing: /home/gera/Desktop/EUFS_FORK_CONTAINERIZED/eufs-f1-sim/ws/install/eufs_msgs/include/eufs_msgs/eufs_msgs/msg/detail/state_machine_state__type_support.c\n'}
[23.981231] (eufs_msgs) StdoutLine: {'line': b'-- Installing: /home/gera/Desktop/EUFS_FORK_CONTAINERIZED/eufs-f1-sim/ws/install/eufs_msgs/include/eufs_msgs/eufs_msgs/msg/detail/waypoint_array_stamped__type_support.c\n'}
[23.981296] (eufs_msgs) StdoutLine: {'line': b'-- Installing: /home/gera/Desktop/EUFS_FORK_CONTAINERIZED/eufs-f1-sim/ws/install/eufs_msgs/include/eufs_msgs/eufs_msgs/msg/detail/car_forces__type_support.c\n'}
[23.981356] (eufs_msgs) StdoutLine: {'line': b'-- Installing: /home/gera/Desktop/EUFS_FORK_CONTAINERIZED/eufs-f1-sim/ws/install/eufs_msgs/include/eufs_msgs/eufs_msgs/msg/detail/bounding_box__rosidl_typesupport_introspection_c.h\n'}
[23.981417] (eufs_msgs) StdoutLine: {'line': b'-- Installing: /home/gera/Desktop/EUFS_FORK_CONTAINERIZED/eufs-f1-sim/ws/install/eufs_msgs/include/eufs_msgs/eufs_msgs/msg/detail/car_state__rosidl_typesupport_introspection_c.h\n'}
[23.981475] (eufs_msgs) StdoutLine: {'line': b'-- Installing: /home/gera/Desktop/EUFS_FORK_CONTAINERIZED/eufs-f1-sim/ws/install/eufs_msgs/include/eufs_msgs/eufs_msgs/msg/detail/path_integral_status__type_support.c\n'}
[23.981538] (eufs_msgs) StdoutLine: {'line': b'-- Installing: /home/gera/Desktop/EUFS_FORK_CONTAINERIZED/eufs-f1-sim/ws/install/eufs_msgs/include/eufs_msgs/eufs_msgs/msg/detail/topic_status__rosidl_typesupport_introspection_c.h\n'}
[23.981602] (eufs_msgs) StdoutLine: {'line': b'-- Installing: /home/gera/Desktop/EUFS_FORK_CONTAINERIZED/eufs-f1-sim/ws/install/eufs_msgs/include/eufs_msgs/eufs_msgs/msg/detail/vehicle_commands_stamped__type_support.c\n'}
[23.981665] (eufs_msgs) StdoutLine: {'line': b'-- Installing: /home/gera/Desktop/EUFS_FORK_CONTAINERIZED/eufs-f1-sim/ws/install/eufs_msgs/include/eufs_msgs/eufs_msgs/msg/detail/system_status__type_support.c\n'}
[23.981726] (eufs_msgs) StdoutLine: {'line': b'-- Installing: /home/gera/Desktop/EUFS_FORK_CONTAINERIZED/eufs-f1-sim/ws/install/eufs_msgs/include/eufs_msgs/eufs_msgs/msg/detail/bounding_boxes__rosidl_typesupport_introspection_c.h\n'}
[23.981789] (eufs_msgs) StdoutLine: {'line': b'-- Installing: /home/gera/Desktop/EUFS_FORK_CONTAINERIZED/eufs-f1-sim/ws/install/eufs_msgs/include/eufs_msgs/eufs_msgs/msg/detail/wheel_odometry_err__rosidl_typesupport_introspection_c.h\n'}
[23.982231] (eufs_msgs) StdoutLine: {'line': b'-- Installing: /home/gera/Desktop/EUFS_FORK_CONTAINERIZED/eufs-f1-sim/ws/install/eufs_msgs/include/eufs_msgs/eufs_msgs/msg/detail/waypoint__rosidl_typesupport_introspection_c.h\n'}
[23.982357] (eufs_msgs) StdoutLine: {'line': b'-- Installing: /home/gera/Desktop/EUFS_FORK_CONTAINERIZED/eufs-f1-sim/ws/install/eufs_msgs/include/eufs_msgs/eufs_msgs/msg/detail/point_array__type_support.c\n'}
[23.982469] (eufs_msgs) StdoutLine: {'line': b'-- Installing: /home/gera/Desktop/EUFS_FORK_CONTAINERIZED/eufs-f1-sim/ws/install/eufs_msgs/include/eufs_msgs/eufs_msgs/msg/detail/can_state__type_support.c\n'}
[23.982575] (eufs_msgs) StdoutLine: {'line': b'-- Installing: /home/gera/Desktop/EUFS_FORK_CONTAINERIZED/eufs-f1-sim/ws/install/eufs_msgs/include/eufs_msgs/eufs_msgs/msg/detail/waypoint__type_support.c\n'}
[23.982688] (eufs_msgs) StdoutLine: {'line': b'-- Installing: /home/gera/Desktop/EUFS_FORK_CONTAINERIZED/eufs-f1-sim/ws/install/eufs_msgs/include/eufs_msgs/eufs_msgs/msg/detail/chassis_state__rosidl_typesupport_introspection_c.h\n'}
[23.982796] (eufs_msgs) StdoutLine: {'line': b'-- Installing: /home/gera/Desktop/EUFS_FORK_CONTAINERIZED/eufs-f1-sim/ws/install/eufs_msgs/include/eufs_msgs/eufs_msgs/msg/detail/cone_association_array__type_support.c\n'}
[23.982903] (eufs_msgs) StdoutLine: {'line': b'-- Installing: /home/gera/Desktop/EUFS_FORK_CONTAINERIZED/eufs-f1-sim/ws/install/eufs_msgs/include/eufs_msgs/eufs_msgs/msg/detail/cone_association__type_support.c\n'}
[23.983021] (eufs_msgs) StdoutLine: {'line': b'-- Installing: /home/gera/Desktop/EUFS_FORK_CONTAINERIZED/eufs-f1-sim/ws/install/eufs_msgs/include/eufs_msgs/eufs_msgs/msg/detail/path_integral_params__rosidl_typesupport_introspection_c.h\n'}
[23.983126] (eufs_msgs) StdoutLine: {'line': b'-- Installing: /home/gera/Desktop/EUFS_FORK_CONTAINERIZED/eufs-f1-sim/ws/install/eufs_msgs/include/eufs_msgs/eufs_msgs/msg/detail/slam_err__type_support.c\n'}
[23.983485] (eufs_msgs) StdoutLine: {'line': b'-- Installing: /home/gera/Desktop/EUFS_FORK_CONTAINERIZED/eufs-f1-sim/ws/install/eufs_msgs/include/eufs_msgs/eufs_msgs/msg/detail/car_forces__rosidl_typesupport_introspection_c.h\n'}
[23.983678] (eufs_msgs) StdoutLine: {'line': b'-- Installing: /home/gera/Desktop/EUFS_FORK_CONTAINERIZED/eufs-f1-sim/ws/install/eufs_msgs/include/eufs_msgs/eufs_msgs/msg/detail/vehicle_commands__rosidl_typesupport_introspection_c.h\n'}
[23.983745] (eufs_msgs) StdoutLine: {'line': b'-- Installing: /home/gera/Desktop/EUFS_FORK_CONTAINERIZED/eufs-f1-sim/ws/install/eufs_msgs/include/eufs_msgs/eufs_msgs/msg/detail/node_state__type_support.c\n'}
[23.983813] (eufs_msgs) StdoutLine: {'line': b'-- Installing: /home/gera/Desktop/EUFS_FORK_CONTAINERIZED/eufs-f1-sim/ws/install/eufs_msgs/include/eufs_msgs/eufs_msgs/msg/detail/path_integral_stats__rosidl_typesupport_introspection_c.h\n'}
[23.983878] (eufs_msgs) StdoutLine: {'line': b'-- Installing: /home/gera/Desktop/EUFS_FORK_CONTAINERIZED/eufs-f1-sim/ws/install/eufs_msgs/include/eufs_msgs/eufs_msgs/msg/detail/chassis_command__rosidl_typesupport_introspection_c.h\n'}
[23.983944] (eufs_msgs) StdoutLine: {'line': b'-- Installing: /home/gera/Desktop/EUFS_FORK_CONTAINERIZED/eufs-f1-sim/ws/install/eufs_msgs/include/eufs_msgs/eufs_msgs/msg/detail/particle_slam__type_support.c\n'}
[23.984008] (eufs_msgs) StdoutLine: {'line': b'-- Installing: /home/gera/Desktop/EUFS_FORK_CONTAINERIZED/eufs-f1-sim/ws/install/eufs_msgs/include/eufs_msgs/eufs_msgs/msg/detail/full_state__rosidl_typesupport_introspection_c.h\n'}
[23.984074] (eufs_msgs) StdoutLine: {'line': b'-- Installing: /home/gera/Desktop/EUFS_FORK_CONTAINERIZED/eufs-f1-sim/ws/install/eufs_msgs/include/eufs_msgs/eufs_msgs/msg/detail/system_status__rosidl_typesupport_introspection_c.h\n'}
[23.984137] (eufs_msgs) StdoutLine: {'line': b'-- Installing: /home/gera/Desktop/EUFS_FORK_CONTAINERIZED/eufs-f1-sim/ws/install/eufs_msgs/include/eufs_msgs/eufs_msgs/msg/detail/state_machine_state__rosidl_typesupport_introspection_c.h\n'}
[23.984213] (eufs_msgs) StdoutLine: {'line': b'-- Installing: /home/gera/Desktop/EUFS_FORK_CONTAINERIZED/eufs-f1-sim/ws/install/eufs_msgs/include/eufs_msgs/eufs_msgs/msg/detail/pure_pursuit_checkpoint_array_stamped__rosidl_typesupport_introspection_c.h\n'}
[23.984494] (eufs_msgs) StdoutLine: {'line': b'-- Installing: /home/gera/Desktop/EUFS_FORK_CONTAINERIZED/eufs-f1-sim/ws/install/eufs_msgs/include/eufs_msgs/eufs_msgs/msg/detail/stereo_image__type_support.c\n'}
[23.984556] (eufs_msgs) StdoutLine: {'line': b'-- Installing: /home/gera/Desktop/EUFS_FORK_CONTAINERIZED/eufs-f1-sim/ws/install/eufs_msgs/include/eufs_msgs/eufs_msgs/msg/detail/cone_with_color_probability_array__type_support.c\n'}
[23.984616] (eufs_msgs) StdoutLine: {'line': b'-- Installing: /home/gera/Desktop/EUFS_FORK_CONTAINERIZED/eufs-f1-sim/ws/install/eufs_msgs/include/eufs_msgs/eufs_msgs/msg/detail/node_state_array__rosidl_typesupport_introspection_c.h\n'}
[23.984785] (eufs_msgs) StdoutLine: {'line': b'-- Installing: /home/gera/Desktop/EUFS_FORK_CONTAINERIZED/eufs-f1-sim/ws/install/eufs_msgs/include/eufs_msgs/eufs_msgs/msg/detail/vehicle_commands_stamped__rosidl_typesupport_introspection_c.h\n'}
[23.984846] (eufs_msgs) StdoutLine: {'line': b'-- Installing: /home/gera/Desktop/EUFS_FORK_CONTAINERIZED/eufs-f1-sim/ws/install/eufs_msgs/include/eufs_msgs/eufs_msgs/msg/detail/slam_state__rosidl_typesupport_introspection_c.h\n'}
[23.984909] (eufs_msgs) StdoutLine: {'line': b'-- Installing: /home/gera/Desktop/EUFS_FORK_CONTAINERIZED/eufs-f1-sim/ws/install/eufs_msgs/include/eufs_msgs/eufs_msgs/msg/detail/waypoint_array_stamped__rosidl_typesupport_introspection_c.h\n'}
[23.984975] (eufs_msgs) StdoutLine: {'line': b'-- Installing: /home/gera/Desktop/EUFS_FORK_CONTAINERIZED/eufs-f1-sim/ws/install/eufs_msgs/include/eufs_msgs/eufs_msgs/msg/detail/heartbeat__type_support.c\n'}
[23.985038] (eufs_msgs) StdoutLine: {'line': b'-- Installing: /home/gera/Desktop/EUFS_FORK_CONTAINERIZED/eufs-f1-sim/ws/install/eufs_msgs/include/eufs_msgs/eufs_msgs/msg/detail/slam_err__rosidl_typesupport_introspection_c.h\n'}
[23.985100] (eufs_msgs) StdoutLine: {'line': b'-- Installing: /home/gera/Desktop/EUFS_FORK_CONTAINERIZED/eufs-f1-sim/ws/install/eufs_msgs/include/eufs_msgs/eufs_msgs/msg/detail/full_state__type_support.c\n'}
[23.985163] (eufs_msgs) StdoutLine: {'line': b'-- Installing: /home/gera/Desktop/EUFS_FORK_CONTAINERIZED/eufs-f1-sim/ws/install/eufs_msgs/include/eufs_msgs/eufs_msgs/msg/detail/path_integral_stats__type_support.c\n'}
[23.985236] (eufs_msgs) StdoutLine: {'line': b'-- Installing: /home/gera/Desktop/EUFS_FORK_CONTAINERIZED/eufs-f1-sim/ws/install/eufs_msgs/include/eufs_msgs/eufs_msgs/msg/detail/ekf_state__type_support.c\n'}
[23.985301] (eufs_msgs) StdoutLine: {'line': b'-- Installing: /home/gera/Desktop/EUFS_FORK_CONTAINERIZED/eufs-f1-sim/ws/install/eufs_msgs/include/eufs_msgs/eufs_msgs/msg/detail/cone_with_covariance__rosidl_typesupport_introspection_c.h\n'}
[23.985362] (eufs_msgs) StdoutLine: {'line': b'-- Installing: /home/gera/Desktop/EUFS_FORK_CONTAINERIZED/eufs-f1-sim/ws/install/eufs_msgs/include/eufs_msgs/eufs_msgs/msg/detail/cone_with_color_probability_array__rosidl_typesupport_introspection_c.h\n'}
[23.985427] (eufs_msgs) StdoutLine: {'line': b'-- Installing: /home/gera/Desktop/EUFS_FORK_CONTAINERIZED/eufs-f1-sim/ws/install/eufs_msgs/include/eufs_msgs/eufs_msgs/msg/detail/path_integral_timing__rosidl_typesupport_introspection_c.h\n'}
[23.985695] (eufs_msgs) StdoutLine: {'line': b'-- Installing: /home/gera/Desktop/EUFS_FORK_CONTAINERIZED/eufs-f1-sim/ws/install/eufs_msgs/include/eufs_msgs/eufs_msgs/msg/detail/cone_association_array_stamped__rosidl_typesupport_introspection_c.h\n'}
[23.985754] (eufs_msgs) StdoutLine: {'line': b'-- Installing: /home/gera/Desktop/EUFS_FORK_CONTAINERIZED/eufs-f1-sim/ws/install/eufs_msgs/include/eufs_msgs/eufs_msgs/msg/detail/particle_stamped__type_support.c\n'}
[23.985816] (eufs_msgs) StdoutLine: {'line': b'-- Installing: /home/gera/Desktop/EUFS_FORK_CONTAINERIZED/eufs-f1-sim/ws/install/eufs_msgs/include/eufs_msgs/eufs_msgs/msg/detail/node_state__rosidl_typesupport_introspection_c.h\n'}
[23.985980] (eufs_msgs) StdoutLine: {'line': b'-- Installing: /home/gera/Desktop/EUFS_FORK_CONTAINERIZED/eufs-f1-sim/ws/install/eufs_msgs/include/eufs_msgs/eufs_msgs/msg/detail/planning_mode__type_support.c\n'}
[23.986043] (eufs_msgs) StdoutLine: {'line': b'-- Installing: /home/gera/Desktop/EUFS_FORK_CONTAINERIZED/eufs-f1-sim/ws/install/eufs_msgs/include/eufs_msgs/eufs_msgs/msg/detail/chassis_command__type_support.c\n'}
[23.986107] (eufs_msgs) StdoutLine: {'line': b'-- Installing: /home/gera/Desktop/EUFS_FORK_CONTAINERIZED/eufs-f1-sim/ws/install/eufs_msgs/include/eufs_msgs/eufs_msgs/msg/detail/chassis_state__type_support.c\n'}
[23.986170] (eufs_msgs) StdoutLine: {'line': b'-- Installing: /home/gera/Desktop/EUFS_FORK_CONTAINERIZED/eufs-f1-sim/ws/install/eufs_msgs/include/eufs_msgs/eufs_msgs/msg/detail/cone_association_array_array_stamped__type_support.c\n'}
[23.986410] (eufs_msgs) StdoutLine: {'line': b'-- Installing: /home/gera/Desktop/EUFS_FORK_CONTAINERIZED/eufs-f1-sim/ws/install/eufs_msgs/include/eufs_msgs/eufs_msgs/msg/rosidl_typesupport_introspection_c__visibility_control.h\n'}
[23.986468] (eufs_msgs) StdoutLine: {'line': b'-- Installing: /home/gera/Desktop/EUFS_FORK_CONTAINERIZED/eufs-f1-sim/ws/install/eufs_msgs/lib/libeufs_msgs__rosidl_typesupport_introspection_c.so\n'}
[23.986530] (eufs_msgs) StdoutLine: {'line': b'-- Set runtime path of "/home/gera/Desktop/EUFS_FORK_CONTAINERIZED/eufs-f1-sim/ws/install/eufs_msgs/lib/libeufs_msgs__rosidl_typesupport_introspection_c.so" to ""\n'}
[23.986595] (eufs_msgs) StdoutLine: {'line': b'-- Installing: /home/gera/Desktop/EUFS_FORK_CONTAINERIZED/eufs-f1-sim/ws/install/eufs_msgs/lib/libeufs_msgs__rosidl_typesupport_c.so\n'}
[23.986835] (eufs_msgs) StdoutLine: {'line': b'-- Set runtime path of "/home/gera/Desktop/EUFS_FORK_CONTAINERIZED/eufs-f1-sim/ws/install/eufs_msgs/lib/libeufs_msgs__rosidl_typesupport_c.so" to ""\n'}
[23.986896] (eufs_msgs) StdoutLine: {'line': b'-- Up-to-date: /home/gera/Desktop/EUFS_FORK_CONTAINERIZED/eufs-f1-sim/ws/install/eufs_msgs/include/eufs_msgs/eufs_msgs\n'}
[23.986955] (eufs_msgs) StdoutLine: {'line': b'-- Up-to-date: /home/gera/Desktop/EUFS_FORK_CONTAINERIZED/eufs-f1-sim/ws/install/eufs_msgs/include/eufs_msgs/eufs_msgs/action\n'}
[23.987017] (eufs_msgs) StdoutLine: {'line': b'-- Installing: /home/gera/Desktop/EUFS_FORK_CONTAINERIZED/eufs-f1-sim/ws/install/eufs_msgs/include/eufs_msgs/eufs_msgs/action/check_for_objects.hpp\n'}
[23.987080] (eufs_msgs) StdoutLine: {'line': b'-- Up-to-date: /home/gera/Desktop/EUFS_FORK_CONTAINERIZED/eufs-f1-sim/ws/install/eufs_msgs/include/eufs_msgs/eufs_msgs/action/detail\n'}
[23.987143] (eufs_msgs) StdoutLine: {'line': b'-- Installing: /home/gera/Desktop/EUFS_FORK_CONTAINERIZED/eufs-f1-sim/ws/install/eufs_msgs/include/eufs_msgs/eufs_msgs/action/detail/check_for_objects__type_support.hpp\n'}
[23.987217] (eufs_msgs) StdoutLine: {'line': b'-- Installing: /home/gera/Desktop/EUFS_FORK_CONTAINERIZED/eufs-f1-sim/ws/install/eufs_msgs/include/eufs_msgs/eufs_msgs/action/detail/check_for_objects__traits.hpp\n'}
[23.987285] (eufs_msgs) StdoutLine: {'line': b'-- Installing: /home/gera/Desktop/EUFS_FORK_CONTAINERIZED/eufs-f1-sim/ws/install/eufs_msgs/include/eufs_msgs/eufs_msgs/action/detail/check_for_objects__builder.hpp\n'}
[23.987346] (eufs_msgs) StdoutLine: {'line': b'-- Installing: /home/gera/Desktop/EUFS_FORK_CONTAINERIZED/eufs-f1-sim/ws/install/eufs_msgs/include/eufs_msgs/eufs_msgs/action/detail/check_for_objects__struct.hpp\n'}
[23.987408] (eufs_msgs) StdoutLine: {'line': b'-- Up-to-date: /home/gera/Desktop/EUFS_FORK_CONTAINERIZED/eufs-f1-sim/ws/install/eufs_msgs/include/eufs_msgs/eufs_msgs/srv\n'}
[23.987471] (eufs_msgs) StdoutLine: {'line': b'-- Installing: /home/gera/Desktop/EUFS_FORK_CONTAINERIZED/eufs-f1-sim/ws/install/eufs_msgs/include/eufs_msgs/eufs_msgs/srv/record_start.hpp\n'}
[23.987535] (eufs_msgs) StdoutLine: {'line': b'-- Installing: /home/gera/Desktop/EUFS_FORK_CONTAINERIZED/eufs-f1-sim/ws/install/eufs_msgs/include/eufs_msgs/eufs_msgs/srv/set_mission.hpp\n'}
[23.987599] (eufs_msgs) StdoutLine: {'line': b'-- Installing: /home/gera/Desktop/EUFS_FORK_CONTAINERIZED/eufs-f1-sim/ws/install/eufs_msgs/include/eufs_msgs/eufs_msgs/srv/set_can_state.hpp\n'}
[23.987796] (eufs_msgs) StdoutLine: {'line': b'-- Installing: /home/gera/Desktop/EUFS_FORK_CONTAINERIZED/eufs-f1-sim/ws/install/eufs_msgs/include/eufs_msgs/eufs_msgs/srv/record_stop.hpp\n'}
[23.987855] (eufs_msgs) StdoutLine: {'line': b'-- Up-to-date: /home/gera/Desktop/EUFS_FORK_CONTAINERIZED/eufs-f1-sim/ws/install/eufs_msgs/include/eufs_msgs/eufs_msgs/srv/detail\n'}
[23.987920] (eufs_msgs) StdoutLine: {'line': b'-- Installing: /home/gera/Desktop/EUFS_FORK_CONTAINERIZED/eufs-f1-sim/ws/install/eufs_msgs/include/eufs_msgs/eufs_msgs/srv/detail/record_start__traits.hpp\n'}
[23.988193] (eufs_msgs) StdoutLine: {'line': b'-- Installing: /home/gera/Desktop/EUFS_FORK_CONTAINERIZED/eufs-f1-sim/ws/install/eufs_msgs/include/eufs_msgs/eufs_msgs/srv/detail/register__builder.hpp\n'}
[23.988261] (eufs_msgs) StdoutLine: {'line': b'-- Installing: /home/gera/Desktop/EUFS_FORK_CONTAINERIZED/eufs-f1-sim/ws/install/eufs_msgs/include/eufs_msgs/eufs_msgs/srv/detail/get_map__type_support.hpp\n'}
[23.988320] (eufs_msgs) StdoutLine: {'line': b'-- Installing: /home/gera/Desktop/EUFS_FORK_CONTAINERIZED/eufs-f1-sim/ws/install/eufs_msgs/include/eufs_msgs/eufs_msgs/srv/detail/set_mission__builder.hpp\n'}
[23.988384] (eufs_msgs) StdoutLine: {'line': b'-- Installing: /home/gera/Desktop/EUFS_FORK_CONTAINERIZED/eufs-f1-sim/ws/install/eufs_msgs/include/eufs_msgs/eufs_msgs/srv/detail/record_start__builder.hpp\n'}
[23.988448] (eufs_msgs) StdoutLine: {'line': b'-- Installing: /home/gera/Desktop/EUFS_FORK_CONTAINERIZED/eufs-f1-sim/ws/install/eufs_msgs/include/eufs_msgs/eufs_msgs/srv/detail/register__struct.hpp\n'}
[23.988524] (eufs_msgs) StdoutLine: {'line': b'-- Installing: /home/gera/Desktop/EUFS_FORK_CONTAINERIZED/eufs-f1-sim/ws/install/eufs_msgs/include/eufs_msgs/eufs_msgs/srv/detail/get_map__builder.hpp\n'}
[23.988590] (eufs_msgs) StdoutLine: {'line': b'-- Installing: /home/gera/Desktop/EUFS_FORK_CONTAINERIZED/eufs-f1-sim/ws/install/eufs_msgs/include/eufs_msgs/eufs_msgs/srv/detail/set_mission__traits.hpp\n'}
[23.988656] (eufs_msgs) StdoutLine: {'line': b'-- Installing: /home/gera/Desktop/EUFS_FORK_CONTAINERIZED/eufs-f1-sim/ws/install/eufs_msgs/include/eufs_msgs/eufs_msgs/srv/detail/set_string__struct.hpp\n'}
[23.988718] (eufs_msgs) StdoutLine: {'line': b'-- Installing: /home/gera/Desktop/EUFS_FORK_CONTAINERIZED/eufs-f1-sim/ws/install/eufs_msgs/include/eufs_msgs/eufs_msgs/srv/detail/record_stop__type_support.hpp\n'}
[23.988780] (eufs_msgs) StdoutLine: {'line': b'-- Installing: /home/gera/Desktop/EUFS_FORK_CONTAINERIZED/eufs-f1-sim/ws/install/eufs_msgs/include/eufs_msgs/eufs_msgs/srv/detail/register__type_support.hpp\n'}
[23.988967] (eufs_msgs) StdoutLine: {'line': b'-- Installing: /home/gera/Desktop/EUFS_FORK_CONTAINERIZED/eufs-f1-sim/ws/install/eufs_msgs/include/eufs_msgs/eufs_msgs/srv/detail/set_can_state__type_support.hpp\n'}
[23.989037] (eufs_msgs) StdoutLine: {'line': b'-- Installing: /home/gera/Desktop/EUFS_FORK_CONTAINERIZED/eufs-f1-sim/ws/install/eufs_msgs/include/eufs_msgs/eufs_msgs/srv/detail/set_can_state__struct.hpp\n'}
[23.989102] (eufs_msgs) StdoutLine: {'line': b'-- Installing: /home/gera/Desktop/EUFS_FORK_CONTAINERIZED/eufs-f1-sim/ws/install/eufs_msgs/include/eufs_msgs/eufs_msgs/srv/detail/set_string__traits.hpp\n'}
[23.989166] (eufs_msgs) StdoutLine: {'line': b'-- Installing: /home/gera/Desktop/EUFS_FORK_CONTAINERIZED/eufs-f1-sim/ws/install/eufs_msgs/include/eufs_msgs/eufs_msgs/srv/detail/get_map__traits.hpp\n'}
[23.989239] (eufs_msgs) StdoutLine: {'line': b'-- Installing: /home/gera/Desktop/EUFS_FORK_CONTAINERIZED/eufs-f1-sim/ws/install/eufs_msgs/include/eufs_msgs/eufs_msgs/srv/detail/set_track__traits.hpp\n'}
[23.989304] (eufs_msgs) StdoutLine: {'line': b'-- Installing: /home/gera/Desktop/EUFS_FORK_CONTAINERIZED/eufs-f1-sim/ws/install/eufs_msgs/include/eufs_msgs/eufs_msgs/srv/detail/record_start__struct.hpp\n'}
[23.989369] (eufs_msgs) StdoutLine: {'line': b'-- Installing: /home/gera/Desktop/EUFS_FORK_CONTAINERIZED/eufs-f1-sim/ws/install/eufs_msgs/include/eufs_msgs/eufs_msgs/srv/detail/record_stop__traits.hpp\n'}
[23.989605] (eufs_msgs) StdoutLine: {'line': b'-- Installing: /home/gera/Desktop/EUFS_FORK_CONTAINERIZED/eufs-f1-sim/ws/install/eufs_msgs/include/eufs_msgs/eufs_msgs/srv/detail/get_map__struct.hpp\n'}
[23.989666] (eufs_msgs) StdoutLine: {'line': b'-- Installing: /home/gera/Desktop/EUFS_FORK_CONTAINERIZED/eufs-f1-sim/ws/install/eufs_msgs/include/eufs_msgs/eufs_msgs/srv/detail/set_track__type_support.hpp\n'}
[23.989730] (eufs_msgs) StdoutLine: {'line': b'-- Installing: /home/gera/Desktop/EUFS_FORK_CONTAINERIZED/eufs-f1-sim/ws/install/eufs_msgs/include/eufs_msgs/eufs_msgs/srv/detail/record_start__type_support.hpp\n'}
[23.989795] (eufs_msgs) StdoutLine: {'line': b'-- Installing: /home/gera/Desktop/EUFS_FORK_CONTAINERIZED/eufs-f1-sim/ws/install/eufs_msgs/include/eufs_msgs/eufs_msgs/srv/detail/record_stop__struct.hpp\n'}
[23.989859] (eufs_msgs) StdoutLine: {'line': b'-- Installing: /home/gera/Desktop/EUFS_FORK_CONTAINERIZED/eufs-f1-sim/ws/install/eufs_msgs/include/eufs_msgs/eufs_msgs/srv/detail/register__traits.hpp\n'}
[23.989923] (eufs_msgs) StdoutLine: {'line': b'-- Installing: /home/gera/Desktop/EUFS_FORK_CONTAINERIZED/eufs-f1-sim/ws/install/eufs_msgs/include/eufs_msgs/eufs_msgs/srv/detail/set_string__builder.hpp\n'}
[23.989990] (eufs_msgs) StdoutLine: {'line': b'-- Installing: /home/gera/Desktop/EUFS_FORK_CONTAINERIZED/eufs-f1-sim/ws/install/eufs_msgs/include/eufs_msgs/eufs_msgs/srv/detail/set_track__builder.hpp\n'}
[23.990056] (eufs_msgs) StdoutLine: {'line': b'-- Installing: /home/gera/Desktop/EUFS_FORK_CONTAINERIZED/eufs-f1-sim/ws/install/eufs_msgs/include/eufs_msgs/eufs_msgs/srv/detail/set_string__type_support.hpp\n'}
[23.990119] (eufs_msgs) StdoutLine: {'line': b'-- Installing: /home/gera/Desktop/EUFS_FORK_CONTAINERIZED/eufs-f1-sim/ws/install/eufs_msgs/include/eufs_msgs/eufs_msgs/srv/detail/set_mission__type_support.hpp\n'}
[23.990340] (eufs_msgs) StdoutLine: {'line': b'-- Installing: /home/gera/Desktop/EUFS_FORK_CONTAINERIZED/eufs-f1-sim/ws/install/eufs_msgs/include/eufs_msgs/eufs_msgs/srv/detail/set_mission__struct.hpp\n'}
[23.990412] (eufs_msgs) StdoutLine: {'line': b'-- Installing: /home/gera/Desktop/EUFS_FORK_CONTAINERIZED/eufs-f1-sim/ws/install/eufs_msgs/include/eufs_msgs/eufs_msgs/srv/detail/set_track__struct.hpp\n'}
[23.990479] (eufs_msgs) StdoutLine: {'line': b'-- Installing: /home/gera/Desktop/EUFS_FORK_CONTAINERIZED/eufs-f1-sim/ws/install/eufs_msgs/include/eufs_msgs/eufs_msgs/srv/detail/record_stop__builder.hpp\n'}
[23.990544] (eufs_msgs) StdoutLine: {'line': b'-- Installing: /home/gera/Desktop/EUFS_FORK_CONTAINERIZED/eufs-f1-sim/ws/install/eufs_msgs/include/eufs_msgs/eufs_msgs/srv/detail/set_can_state__traits.hpp\n'}
[23.990607] (eufs_msgs) StdoutLine: {'line': b'-- Installing: /home/gera/Desktop/EUFS_FORK_CONTAINERIZED/eufs-f1-sim/ws/install/eufs_msgs/include/eufs_msgs/eufs_msgs/srv/detail/set_can_state__builder.hpp\n'}
[23.990673] (eufs_msgs) StdoutLine: {'line': b'-- Installing: /home/gera/Desktop/EUFS_FORK_CONTAINERIZED/eufs-f1-sim/ws/install/eufs_msgs/include/eufs_msgs/eufs_msgs/srv/get_map.hpp\n'}
[23.990737] (eufs_msgs) StdoutLine: {'line': b'-- Installing: /home/gera/Desktop/EUFS_FORK_CONTAINERIZED/eufs-f1-sim/ws/install/eufs_msgs/include/eufs_msgs/eufs_msgs/srv/set_track.hpp\n'}
[23.990800] (eufs_msgs) StdoutLine: {'line': b'-- Installing: /home/gera/Desktop/EUFS_FORK_CONTAINERIZED/eufs-f1-sim/ws/install/eufs_msgs/include/eufs_msgs/eufs_msgs/srv/register.hpp\n'}
[23.990862] (eufs_msgs) StdoutLine: {'line': b'-- Installing: /home/gera/Desktop/EUFS_FORK_CONTAINERIZED/eufs-f1-sim/ws/install/eufs_msgs/include/eufs_msgs/eufs_msgs/srv/set_string.hpp\n'}
[23.990929] (eufs_msgs) StdoutLine: {'line': b'-- Up-to-date: /home/gera/Desktop/EUFS_FORK_CONTAINERIZED/eufs-f1-sim/ws/install/eufs_msgs/include/eufs_msgs/eufs_msgs/msg\n'}
[23.991138] (eufs_msgs) StdoutLine: {'line': b'-- Installing: /home/gera/Desktop/EUFS_FORK_CONTAINERIZED/eufs-f1-sim/ws/install/eufs_msgs/include/eufs_msgs/eufs_msgs/msg/cone_with_color_probability.hpp\n'}
[23.991222] (eufs_msgs) StdoutLine: {'line': b'-- Installing: /home/gera/Desktop/EUFS_FORK_CONTAINERIZED/eufs-f1-sim/ws/install/eufs_msgs/include/eufs_msgs/eufs_msgs/msg/state_machine_state.hpp\n'}
[23.991397] (eufs_msgs) StdoutLine: {'line': b'-- Installing: /home/gera/Desktop/EUFS_FORK_CONTAINERIZED/eufs-f1-sim/ws/install/eufs_msgs/include/eufs_msgs/eufs_msgs/msg/path_integral_stats.hpp\n'}
[23.991465] (eufs_msgs) StdoutLine: {'line': b'-- Installing: /home/gera/Desktop/EUFS_FORK_CONTAINERIZED/eufs-f1-sim/ws/install/eufs_msgs/include/eufs_msgs/eufs_msgs/msg/stereo_image.hpp\n'}
[23.991536] (eufs_msgs) StdoutLine: {'line': b'-- Installing: /home/gera/Desktop/EUFS_FORK_CONTAINERIZED/eufs-f1-sim/ws/install/eufs_msgs/include/eufs_msgs/eufs_msgs/msg/costmap.hpp\n'}
[23.991607] (eufs_msgs) StdoutLine: {'line': b'-- Installing: /home/gera/Desktop/EUFS_FORK_CONTAINERIZED/eufs-f1-sim/ws/install/eufs_msgs/include/eufs_msgs/eufs_msgs/msg/oss.hpp\n'}
[23.991674] (eufs_msgs) StdoutLine: {'line': b'-- Installing: /home/gera/Desktop/EUFS_FORK_CONTAINERIZED/eufs-f1-sim/ws/install/eufs_msgs/include/eufs_msgs/eufs_msgs/msg/planning_mode.hpp\n'}
[23.991740] (eufs_msgs) StdoutLine: {'line': b'-- Installing: /home/gera/Desktop/EUFS_FORK_CONTAINERIZED/eufs-f1-sim/ws/install/eufs_msgs/include/eufs_msgs/eufs_msgs/msg/pure_pursuit_checkpoint.hpp\n'}
[23.991960] (eufs_msgs) StdoutLine: {'line': b'-- Installing: /home/gera/Desktop/EUFS_FORK_CONTAINERIZED/eufs-f1-sim/ws/install/eufs_msgs/include/eufs_msgs/eufs_msgs/msg/can_state.hpp\n'}
[23.992067] (eufs_msgs) StdoutLine: {'line': b'-- Installing: /home/gera/Desktop/EUFS_FORK_CONTAINERIZED/eufs-f1-sim/ws/install/eufs_msgs/include/eufs_msgs/eufs_msgs/msg/particle_slam_stamped.hpp\n'}
[23.992145] (eufs_msgs) StdoutLine: {'line': b'-- Installing: /home/gera/Desktop/EUFS_FORK_CONTAINERIZED/eufs-f1-sim/ws/install/eufs_msgs/include/eufs_msgs/eufs_msgs/msg/path_integral_timing.hpp\n'}
[23.992239] (eufs_msgs) StdoutLine: {'line': b'-- Installing: /home/gera/Desktop/EUFS_FORK_CONTAINERIZED/eufs-f1-sim/ws/install/eufs_msgs/include/eufs_msgs/eufs_msgs/msg/cone_with_color_probability_array.hpp\n'}
[23.995256] (eufs_msgs) StdoutLine: {'line': b'-- Installing: /home/gera/Desktop/EUFS_FORK_CONTAINERIZED/eufs-f1-sim/ws/install/eufs_msgs/include/eufs_msgs/eufs_msgs/msg/wheel_speeds.hpp\n'}
[23.995733] (eufs_msgs) StdoutLine: {'line': b'-- Installing: /home/gera/Desktop/EUFS_FORK_CONTAINERIZED/eufs-f1-sim/ws/install/eufs_msgs/include/eufs_msgs/eufs_msgs/msg/system_status.hpp\n'}
[23.995822] (eufs_msgs) StdoutLine: {'line': b'-- Installing: /home/gera/Desktop/EUFS_FORK_CONTAINERIZED/eufs-f1-sim/ws/install/eufs_msgs/include/eufs_msgs/eufs_msgs/msg/node_state_array.hpp\n'}
[23.995894] (eufs_msgs) StdoutLine: {'line': b'-- Installing: /home/gera/Desktop/EUFS_FORK_CONTAINERIZED/eufs-f1-sim/ws/install/eufs_msgs/include/eufs_msgs/eufs_msgs/msg/waypoint.hpp\n'}
[23.995964] (eufs_msgs) StdoutLine: {'line': b'-- Installing: /home/gera/Desktop/EUFS_FORK_CONTAINERIZED/eufs-f1-sim/ws/install/eufs_msgs/include/eufs_msgs/eufs_msgs/msg/runstop.hpp\n'}
[23.996029] (eufs_msgs) StdoutLine: {'line': b'-- Installing: /home/gera/Desktop/EUFS_FORK_CONTAINERIZED/eufs-f1-sim/ws/install/eufs_msgs/include/eufs_msgs/eufs_msgs/msg/ekf_err.hpp\n'}
[23.996096] (eufs_msgs) StdoutLine: {'line': b'-- Installing: /home/gera/Desktop/EUFS_FORK_CONTAINERIZED/eufs-f1-sim/ws/install/eufs_msgs/include/eufs_msgs/eufs_msgs/msg/cone_association.hpp\n'}
[23.996453] (eufs_msgs) StdoutLine: {'line': b'-- Installing: /home/gera/Desktop/EUFS_FORK_CONTAINERIZED/eufs-f1-sim/ws/install/eufs_msgs/include/eufs_msgs/eufs_msgs/msg/full_state.hpp\n'}
[23.996542] (eufs_msgs) StdoutLine: {'line': b'-- Installing: /home/gera/Desktop/EUFS_FORK_CONTAINERIZED/eufs-f1-sim/ws/install/eufs_msgs/include/eufs_msgs/eufs_msgs/msg/particle_stamped.hpp\n'}
[23.996612] (eufs_msgs) StdoutLine: {'line': b'-- Up-to-date: /home/gera/Desktop/EUFS_FORK_CONTAINERIZED/eufs-f1-sim/ws/install/eufs_msgs/include/eufs_msgs/eufs_msgs/msg/detail\n'}
[23.999776] (eufs_msgs) StdoutLine: {'line': b'-- Installing: /home/gera/Desktop/EUFS_FORK_CONTAINERIZED/eufs-f1-sim/ws/install/eufs_msgs/include/eufs_msgs/eufs_msgs/msg/detail/cone_array_with_covariance__struct.hpp\n'}
[23.999991] (eufs_msgs) StdoutLine: {'line': b'-- Installing: /home/gera/Desktop/EUFS_FORK_CONTAINERIZED/eufs-f1-sim/ws/install/eufs_msgs/include/eufs_msgs/eufs_msgs/msg/detail/bounding_box__builder.hpp\n'}
[24.000077] (eufs_msgs) StdoutLine: {'line': b'-- Installing: /home/gera/Desktop/EUFS_FORK_CONTAINERIZED/eufs-f1-sim/ws/install/eufs_msgs/include/eufs_msgs/eufs_msgs/msg/detail/runstop__struct.hpp\n'}
[24.000152] (eufs_msgs) StdoutLine: {'line': b'-- Installing: /home/gera/Desktop/EUFS_FORK_CONTAINERIZED/eufs-f1-sim/ws/install/eufs_msgs/include/eufs_msgs/eufs_msgs/msg/detail/cone_with_color_probability__struct.hpp\n'}
[24.000374] (eufs_msgs) StdoutLine: {'line': b'-- Installing: /home/gera/Desktop/EUFS_FORK_CONTAINERIZED/eufs-f1-sim/ws/install/eufs_msgs/include/eufs_msgs/eufs_msgs/msg/detail/vehicle_commands__traits.hpp\n'}
[24.000596] (eufs_msgs) StdoutLine: {'line': b'-- Installing: /home/gera/Desktop/EUFS_FORK_CONTAINERIZED/eufs-f1-sim/ws/install/eufs_msgs/include/eufs_msgs/eufs_msgs/msg/detail/vehicle_commands__struct.hpp\n'}
[24.000714] (eufs_msgs) StdoutLine: {'line': b'-- Installing: /home/gera/Desktop/EUFS_FORK_CONTAINERIZED/eufs-f1-sim/ws/install/eufs_msgs/include/eufs_msgs/eufs_msgs/msg/detail/node_state__builder.hpp\n'}
[24.000836] (eufs_msgs) StdoutLine: {'line': b'-- Installing: /home/gera/Desktop/EUFS_FORK_CONTAINERIZED/eufs-f1-sim/ws/install/eufs_msgs/include/eufs_msgs/eufs_msgs/msg/detail/wheel_odometry_err__type_support.hpp\n'}
[24.000953] (eufs_msgs) StdoutLine: {'line': b'-- Installing: /home/gera/Desktop/EUFS_FORK_CONTAINERIZED/eufs-f1-sim/ws/install/eufs_msgs/include/eufs_msgs/eufs_msgs/msg/detail/cone_with_color_probability_array__struct.hpp\n'}
[24.001068] (eufs_msgs) StdoutLine: {'line': b'-- Installing: /home/gera/Desktop/EUFS_FORK_CONTAINERIZED/eufs-f1-sim/ws/install/eufs_msgs/include/eufs_msgs/eufs_msgs/msg/detail/cpu_status__builder.hpp\n'}
[24.001198] (eufs_msgs) StdoutLine: {'line': b'-- Installing: /home/gera/Desktop/EUFS_FORK_CONTAINERIZED/eufs-f1-sim/ws/install/eufs_msgs/include/eufs_msgs/eufs_msgs/msg/detail/cone_association_array_stamped__struct.hpp\n'}
[24.001534] (eufs_msgs) StdoutLine: {'line': b'-- Installing: /home/gera/Desktop/EUFS_FORK_CONTAINERIZED/eufs-f1-sim/ws/install/eufs_msgs/include/eufs_msgs/eufs_msgs/msg/detail/planning_mode__type_support.hpp\n'}
[24.001676] (eufs_msgs) StdoutLine: {'line': b'-- Installing: /home/gera/Desktop/EUFS_FORK_CONTAINERIZED/eufs-f1-sim/ws/install/eufs_msgs/include/eufs_msgs/eufs_msgs/msg/detail/heartbeat__traits.hpp\n'}
[24.001746] (eufs_msgs) StdoutLine: {'line': b'-- Installing: /home/gera/Desktop/EUFS_FORK_CONTAINERIZED/eufs-f1-sim/ws/install/eufs_msgs/include/eufs_msgs/eufs_msgs/msg/detail/oss__traits.hpp\n'}
[24.001814] (eufs_msgs) StdoutLine: {'line': b'-- Installing: /home/gera/Desktop/EUFS_FORK_CONTAINERIZED/eufs-f1-sim/ws/install/eufs_msgs/include/eufs_msgs/eufs_msgs/msg/detail/runstop__builder.hpp\n'}
[24.001880] (eufs_msgs) StdoutLine: {'line': b'-- Installing: /home/gera/Desktop/EUFS_FORK_CONTAINERIZED/eufs-f1-sim/ws/install/eufs_msgs/include/eufs_msgs/eufs_msgs/msg/detail/bounding_boxes__builder.hpp\n'}
[24.001945] (eufs_msgs) StdoutLine: {'line': b'-- Installing: /home/gera/Desktop/EUFS_FORK_CONTAINERIZED/eufs-f1-sim/ws/install/eufs_msgs/include/eufs_msgs/eufs_msgs/msg/detail/integration_err__traits.hpp\n'}
[24.002009] (eufs_msgs) StdoutLine: {'line': b'-- Installing: /home/gera/Desktop/EUFS_FORK_CONTAINERIZED/eufs-f1-sim/ws/install/eufs_msgs/include/eufs_msgs/eufs_msgs/msg/detail/integration_err__builder.hpp\n'}
[24.002073] (eufs_msgs) StdoutLine: {'line': b'-- Installing: /home/gera/Desktop/EUFS_FORK_CONTAINERIZED/eufs-f1-sim/ws/install/eufs_msgs/include/eufs_msgs/eufs_msgs/msg/detail/chassis_state__type_support.hpp\n'}
[24.002136] (eufs_msgs) StdoutLine: {'line': b'-- Installing: /home/gera/Desktop/EUFS_FORK_CONTAINERIZED/eufs-f1-sim/ws/install/eufs_msgs/include/eufs_msgs/eufs_msgs/msg/detail/ekf_state__builder.hpp\n'}
[24.002376] (eufs_msgs) StdoutLine: {'line': b'-- Installing: /home/gera/Desktop/EUFS_FORK_CONTAINERIZED/eufs-f1-sim/ws/install/eufs_msgs/include/eufs_msgs/eufs_msgs/msg/detail/waypoint__traits.hpp\n'}
[24.002446] (eufs_msgs) StdoutLine: {'line': b'-- Installing: /home/gera/Desktop/EUFS_FORK_CONTAINERIZED/eufs-f1-sim/ws/install/eufs_msgs/include/eufs_msgs/eufs_msgs/msg/detail/costmap__struct.hpp\n'}
[24.002511] (eufs_msgs) StdoutLine: {'line': b'-- Installing: /home/gera/Desktop/EUFS_FORK_CONTAINERIZED/eufs-f1-sim/ws/install/eufs_msgs/include/eufs_msgs/eufs_msgs/msg/detail/wheel_speeds_stamped__traits.hpp\n'}
[24.002718] (eufs_msgs) StdoutLine: {'line': b'-- Installing: /home/gera/Desktop/EUFS_FORK_CONTAINERIZED/eufs-f1-sim/ws/install/eufs_msgs/include/eufs_msgs/eufs_msgs/msg/detail/particle_slam__type_support.hpp\n'}
[24.002782] (eufs_msgs) StdoutLine: {'line': b'-- Installing: /home/gera/Desktop/EUFS_FORK_CONTAINERIZED/eufs-f1-sim/ws/install/eufs_msgs/include/eufs_msgs/eufs_msgs/msg/detail/cone_with_color_probability_array__type_support.hpp\n'}
[24.002848] (eufs_msgs) StdoutLine: {'line': b'-- Installing: /home/gera/Desktop/EUFS_FORK_CONTAINERIZED/eufs-f1-sim/ws/install/eufs_msgs/include/eufs_msgs/eufs_msgs/msg/detail/cone_association_array_array_stamped__struct.hpp\n'}
[24.002912] (eufs_msgs) StdoutLine: {'line': b'-- Installing: /home/gera/Desktop/EUFS_FORK_CONTAINERIZED/eufs-f1-sim/ws/install/eufs_msgs/include/eufs_msgs/eufs_msgs/msg/detail/cone_array__builder.hpp\n'}
[24.002976] (eufs_msgs) StdoutLine: {'line': b'-- Installing: /home/gera/Desktop/EUFS_FORK_CONTAINERIZED/eufs-f1-sim/ws/install/eufs_msgs/include/eufs_msgs/eufs_msgs/msg/detail/bounding_boxes__struct.hpp\n'}
[24.003196] (eufs_msgs) StdoutLine: {'line': b'-- Installing: /home/gera/Desktop/EUFS_FORK_CONTAINERIZED/eufs-f1-sim/ws/install/eufs_msgs/include/eufs_msgs/eufs_msgs/msg/detail/can_state__type_support.hpp\n'}
[24.003268] (eufs_msgs) StdoutLine: {'line': b'-- Installing: /home/gera/Desktop/EUFS_FORK_CONTAINERIZED/eufs-f1-sim/ws/install/eufs_msgs/include/eufs_msgs/eufs_msgs/msg/detail/stereo_image__builder.hpp\n'}
[24.003332] (eufs_msgs) StdoutLine: {'line': b'-- Installing: /home/gera/Desktop/EUFS_FORK_CONTAINERIZED/eufs-f1-sim/ws/install/eufs_msgs/include/eufs_msgs/eufs_msgs/msg/detail/particle__struct.hpp\n'}
[24.003396] (eufs_msgs) StdoutLine: {'line': b'-- Installing: /home/gera/Desktop/EUFS_FORK_CONTAINERIZED/eufs-f1-sim/ws/install/eufs_msgs/include/eufs_msgs/eufs_msgs/msg/detail/path_integral_timing__builder.hpp\n'}
[24.003460] (eufs_msgs) StdoutLine: {'line': b'-- Installing: /home/gera/Desktop/EUFS_FORK_CONTAINERIZED/eufs-f1-sim/ws/install/eufs_msgs/include/eufs_msgs/eufs_msgs/msg/detail/slam_state__type_support.hpp\n'}
[24.003524] (eufs_msgs) StdoutLine: {'line': b'-- Installing: /home/gera/Desktop/EUFS_FORK_CONTAINERIZED/eufs-f1-sim/ws/install/eufs_msgs/include/eufs_msgs/eufs_msgs/msg/detail/point_array__traits.hpp\n'}
[24.003591] (eufs_msgs) StdoutLine: {'line': b'-- Installing: /home/gera/Desktop/EUFS_FORK_CONTAINERIZED/eufs-f1-sim/ws/install/eufs_msgs/include/eufs_msgs/eufs_msgs/msg/detail/stereo_image__struct.hpp\n'}
[24.003656] (eufs_msgs) StdoutLine: {'line': b'-- Installing: /home/gera/Desktop/EUFS_FORK_CONTAINERIZED/eufs-f1-sim/ws/install/eufs_msgs/include/eufs_msgs/eufs_msgs/msg/detail/state_machine_state__traits.hpp\n'}
[24.003720] (eufs_msgs) StdoutLine: {'line': b'-- Installing: /home/gera/Desktop/EUFS_FORK_CONTAINERIZED/eufs-f1-sim/ws/install/eufs_msgs/include/eufs_msgs/eufs_msgs/msg/detail/node_state__traits.hpp\n'}
[24.003785] (eufs_msgs) StdoutLine: {'line': b'-- Installing: /home/gera/Desktop/EUFS_FORK_CONTAINERIZED/eufs-f1-sim/ws/install/eufs_msgs/include/eufs_msgs/eufs_msgs/msg/detail/cone_array_with_covariance__builder.hpp\n'}
[24.003847] (eufs_msgs) StdoutLine: {'line': b'-- Installing: /home/gera/Desktop/EUFS_FORK_CONTAINERIZED/eufs-f1-sim/ws/install/eufs_msgs/include/eufs_msgs/eufs_msgs/msg/detail/vehicle_commands__builder.hpp\n'}
[24.004089] (eufs_msgs) StdoutLine: {'line': b'-- Installing: /home/gera/Desktop/EUFS_FORK_CONTAINERIZED/eufs-f1-sim/ws/install/eufs_msgs/include/eufs_msgs/eufs_msgs/msg/detail/wheel_speeds__traits.hpp\n'}
[24.004158] (eufs_msgs) StdoutLine: {'line': b'-- Installing: /home/gera/Desktop/EUFS_FORK_CONTAINERIZED/eufs-f1-sim/ws/install/eufs_msgs/include/eufs_msgs/eufs_msgs/msg/detail/slam_err__builder.hpp\n'}
[24.004236] (eufs_msgs) StdoutLine: {'line': b'-- Installing: /home/gera/Desktop/EUFS_FORK_CONTAINERIZED/eufs-f1-sim/ws/install/eufs_msgs/include/eufs_msgs/eufs_msgs/msg/detail/path_integral_params__type_support.hpp\n'}
[24.004303] (eufs_msgs) StdoutLine: {'line': b'-- Installing: /home/gera/Desktop/EUFS_FORK_CONTAINERIZED/eufs-f1-sim/ws/install/eufs_msgs/include/eufs_msgs/eufs_msgs/msg/detail/slam_state__builder.hpp\n'}
[24.004366] (eufs_msgs) StdoutLine: {'line': b'-- Installing: /home/gera/Desktop/EUFS_FORK_CONTAINERIZED/eufs-f1-sim/ws/install/eufs_msgs/include/eufs_msgs/eufs_msgs/msg/detail/wheel_odometry_err__builder.hpp\n'}
[24.004432] (eufs_msgs) StdoutLine: {'line': b'-- Installing: /home/gera/Desktop/EUFS_FORK_CONTAINERIZED/eufs-f1-sim/ws/install/eufs_msgs/include/eufs_msgs/eufs_msgs/msg/detail/wheel_odometry_err__struct.hpp\n'}
[24.004496] (eufs_msgs) StdoutLine: {'line': b'-- Installing: /home/gera/Desktop/EUFS_FORK_CONTAINERIZED/eufs-f1-sim/ws/install/eufs_msgs/include/eufs_msgs/eufs_msgs/msg/detail/point_array_stamped__struct.hpp\n'}
[24.004558] (eufs_msgs) StdoutLine: {'line': b'-- Installing: /home/gera/Desktop/EUFS_FORK_CONTAINERIZED/eufs-f1-sim/ws/install/eufs_msgs/include/eufs_msgs/eufs_msgs/msg/detail/lap_stats__builder.hpp\n'}
[24.004622] (eufs_msgs) StdoutLine: {'line': b'-- Installing: /home/gera/Desktop/EUFS_FORK_CONTAINERIZED/eufs-f1-sim/ws/install/eufs_msgs/include/eufs_msgs/eufs_msgs/msg/detail/mpc_state__struct.hpp\n'}
[24.004685] (eufs_msgs) StdoutLine: {'line': b'-- Installing: /home/gera/Desktop/EUFS_FORK_CONTAINERIZED/eufs-f1-sim/ws/install/eufs_msgs/include/eufs_msgs/eufs_msgs/msg/detail/wheel_odometry_err__traits.hpp\n'}
[24.004941] (eufs_msgs) StdoutLine: {'line': b'-- Installing: /home/gera/Desktop/EUFS_FORK_CONTAINERIZED/eufs-f1-sim/ws/install/eufs_msgs/include/eufs_msgs/eufs_msgs/msg/detail/cone_with_covariance__struct.hpp\n'}
[24.005008] (eufs_msgs) StdoutLine: {'line': b'-- Installing: /home/gera/Desktop/EUFS_FORK_CONTAINERIZED/eufs-f1-sim/ws/install/eufs_msgs/include/eufs_msgs/eufs_msgs/msg/detail/chassis_command__type_support.hpp\n'}
[24.005072] (eufs_msgs) StdoutLine: {'line': b'-- Installing: /home/gera/Desktop/EUFS_FORK_CONTAINERIZED/eufs-f1-sim/ws/install/eufs_msgs/include/eufs_msgs/eufs_msgs/msg/detail/cone_association_array_array_stamped__traits.hpp\n'}
[24.005287] (eufs_msgs) StdoutLine: {'line': b'-- Installing: /home/gera/Desktop/EUFS_FORK_CONTAINERIZED/eufs-f1-sim/ws/install/eufs_msgs/include/eufs_msgs/eufs_msgs/msg/detail/cone_association__type_support.hpp\n'}
[24.005360] (eufs_msgs) StdoutLine: {'line': b'-- Installing: /home/gera/Desktop/EUFS_FORK_CONTAINERIZED/eufs-f1-sim/ws/install/eufs_msgs/include/eufs_msgs/eufs_msgs/msg/detail/can_state__builder.hpp\n'}
[24.005427] (eufs_msgs) StdoutLine: {'line': b'-- Installing: /home/gera/Desktop/EUFS_FORK_CONTAINERIZED/eufs-f1-sim/ws/install/eufs_msgs/include/eufs_msgs/eufs_msgs/msg/detail/slam_err__struct.hpp\n'}
[24.005490] (eufs_msgs) StdoutLine: {'line': b'-- Installing: /home/gera/Desktop/EUFS_FORK_CONTAINERIZED/eufs-f1-sim/ws/install/eufs_msgs/include/eufs_msgs/eufs_msgs/msg/detail/path_integral_status__struct.hpp\n'}
[24.005555] (eufs_msgs) StdoutLine: {'line': b'-- Installing: /home/gera/Desktop/EUFS_FORK_CONTAINERIZED/eufs-f1-sim/ws/install/eufs_msgs/include/eufs_msgs/eufs_msgs/msg/detail/path_integral_timing__struct.hpp\n'}
[24.005620] (eufs_msgs) StdoutLine: {'line': b'-- Installing: /home/gera/Desktop/EUFS_FORK_CONTAINERIZED/eufs-f1-sim/ws/install/eufs_msgs/include/eufs_msgs/eufs_msgs/msg/detail/cone_with_color_probability__traits.hpp\n'}
[24.005684] (eufs_msgs) StdoutLine: {'line': b'-- Installing: /home/gera/Desktop/EUFS_FORK_CONTAINERIZED/eufs-f1-sim/ws/install/eufs_msgs/include/eufs_msgs/eufs_msgs/msg/detail/cone_association_array_array_stamped__builder.hpp\n'}
[24.005858] (eufs_msgs) StdoutLine: {'line': b'-- Installing: /home/gera/Desktop/EUFS_FORK_CONTAINERIZED/eufs-f1-sim/ws/install/eufs_msgs/include/eufs_msgs/eufs_msgs/msg/detail/point_array_stamped__type_support.hpp\n'}
[24.005924] (eufs_msgs) StdoutLine: {'line': b'-- Installing: /home/gera/Desktop/EUFS_FORK_CONTAINERIZED/eufs-f1-sim/ws/install/eufs_msgs/include/eufs_msgs/eufs_msgs/msg/detail/ekf_state__type_support.hpp\n'}
[24.005988] (eufs_msgs) StdoutLine: {'line': b'-- Installing: /home/gera/Desktop/EUFS_FORK_CONTAINERIZED/eufs-f1-sim/ws/install/eufs_msgs/include/eufs_msgs/eufs_msgs/msg/detail/slam_err__traits.hpp\n'}
[24.006052] (eufs_msgs) StdoutLine: {'line': b'-- Installing: /home/gera/Desktop/EUFS_FORK_CONTAINERIZED/eufs-f1-sim/ws/install/eufs_msgs/include/eufs_msgs/eufs_msgs/msg/detail/full_state__builder.hpp\n'}
[24.006117] (eufs_msgs) StdoutLine: {'line': b'-- Installing: /home/gera/Desktop/EUFS_FORK_CONTAINERIZED/eufs-f1-sim/ws/install/eufs_msgs/include/eufs_msgs/eufs_msgs/msg/detail/ekf_state__traits.hpp\n'}
[24.006189] (eufs_msgs) StdoutLine: {'line': b'-- Installing: /home/gera/Desktop/EUFS_FORK_CONTAINERIZED/eufs-f1-sim/ws/install/eufs_msgs/include/eufs_msgs/eufs_msgs/msg/detail/cone_with_covariance__builder.hpp\n'}
[24.006259] (eufs_msgs) StdoutLine: {'line': b'-- Installing: /home/gera/Desktop/EUFS_FORK_CONTAINERIZED/eufs-f1-sim/ws/install/eufs_msgs/include/eufs_msgs/eufs_msgs/msg/detail/chassis_command__traits.hpp\n'}
[24.006323] (eufs_msgs) StdoutLine: {'line': b'-- Installing: /home/gera/Desktop/EUFS_FORK_CONTAINERIZED/eufs-f1-sim/ws/install/eufs_msgs/include/eufs_msgs/eufs_msgs/msg/detail/node_state_array__struct.hpp\n'}
[24.006388] (eufs_msgs) StdoutLine: {'line': b'-- Installing: /home/gera/Desktop/EUFS_FORK_CONTAINERIZED/eufs-f1-sim/ws/install/eufs_msgs/include/eufs_msgs/eufs_msgs/msg/detail/point_array__struct.hpp\n'}
[24.006452] (eufs_msgs) StdoutLine: {'line': b'-- Installing: /home/gera/Desktop/EUFS_FORK_CONTAINERIZED/eufs-f1-sim/ws/install/eufs_msgs/include/eufs_msgs/eufs_msgs/msg/detail/chassis_state__builder.hpp\n'}
[24.006517] (eufs_msgs) StdoutLine: {'line': b'-- Installing: /home/gera/Desktop/EUFS_FORK_CONTAINERIZED/eufs-f1-sim/ws/install/eufs_msgs/include/eufs_msgs/eufs_msgs/msg/detail/particle_stamped__type_support.hpp\n'}
[24.006580] (eufs_msgs) StdoutLine: {'line': b'-- Installing: /home/gera/Desktop/EUFS_FORK_CONTAINERIZED/eufs-f1-sim/ws/install/eufs_msgs/include/eufs_msgs/eufs_msgs/msg/detail/oss__builder.hpp\n'}
[24.006645] (eufs_msgs) StdoutLine: {'line': b'-- Installing: /home/gera/Desktop/EUFS_FORK_CONTAINERIZED/eufs-f1-sim/ws/install/eufs_msgs/include/eufs_msgs/eufs_msgs/msg/detail/oss__type_support.hpp\n'}
[24.006709] (eufs_msgs) StdoutLine: {'line': b'-- Installing: /home/gera/Desktop/EUFS_FORK_CONTAINERIZED/eufs-f1-sim/ws/install/eufs_msgs/include/eufs_msgs/eufs_msgs/msg/detail/cone_association_array_stamped__type_support.hpp\n'}
[24.006773] (eufs_msgs) StdoutLine: {'line': b'-- Installing: /home/gera/Desktop/EUFS_FORK_CONTAINERIZED/eufs-f1-sim/ws/install/eufs_msgs/include/eufs_msgs/eufs_msgs/msg/detail/path_integral_params__builder.hpp\n'}
[24.007057] (eufs_msgs) StdoutLine: {'line': b'-- Installing: /home/gera/Desktop/EUFS_FORK_CONTAINERIZED/eufs-f1-sim/ws/install/eufs_msgs/include/eufs_msgs/eufs_msgs/msg/detail/heartbeat__builder.hpp\n'}
[24.007126] (eufs_msgs) StdoutLine: {'line': b'-- Installing: /home/gera/Desktop/EUFS_FORK_CONTAINERIZED/eufs-f1-sim/ws/install/eufs_msgs/include/eufs_msgs/eufs_msgs/msg/detail/stereo_image__type_support.hpp\n'}
[24.007288] (eufs_msgs) StdoutLine: {'line': b'-- Installing: /home/gera/Desktop/EUFS_FORK_CONTAINERIZED/eufs-f1-sim/ws/install/eufs_msgs/include/eufs_msgs/eufs_msgs/msg/detail/ekf_err__type_support.hpp\n'}
[24.007441] (eufs_msgs) StdoutLine: {'line': b'-- Installing: /home/gera/Desktop/EUFS_FORK_CONTAINERIZED/eufs-f1-sim/ws/install/eufs_msgs/include/eufs_msgs/eufs_msgs/msg/detail/integration_err__struct.hpp\n'}
[24.007579] (eufs_msgs) StdoutLine: {'line': b'-- Installing: /home/gera/Desktop/EUFS_FORK_CONTAINERIZED/eufs-f1-sim/ws/install/eufs_msgs/include/eufs_msgs/eufs_msgs/msg/detail/vehicle_commands_stamped__traits.hpp\n'}
[24.007644] (eufs_msgs) StdoutLine: {'line': b'-- Installing: /home/gera/Desktop/EUFS_FORK_CONTAINERIZED/eufs-f1-sim/ws/install/eufs_msgs/include/eufs_msgs/eufs_msgs/msg/detail/waypoint__type_support.hpp\n'}
[24.007709] (eufs_msgs) StdoutLine: {'line': b'-- Installing: /home/gera/Desktop/EUFS_FORK_CONTAINERIZED/eufs-f1-sim/ws/install/eufs_msgs/include/eufs_msgs/eufs_msgs/msg/detail/cone_association__struct.hpp\n'}
[24.007778] (eufs_msgs) StdoutLine: {'line': b'-- Installing: /home/gera/Desktop/EUFS_FORK_CONTAINERIZED/eufs-f1-sim/ws/install/eufs_msgs/include/eufs_msgs/eufs_msgs/msg/detail/car_forces__builder.hpp\n'}
[24.007840] (eufs_msgs) StdoutLine: {'line': b'-- Installing: /home/gera/Desktop/EUFS_FORK_CONTAINERIZED/eufs-f1-sim/ws/install/eufs_msgs/include/eufs_msgs/eufs_msgs/msg/detail/pure_pursuit_checkpoint__struct.hpp\n'}
[24.007906] (eufs_msgs) StdoutLine: {'line': b'-- Installing: /home/gera/Desktop/EUFS_FORK_CONTAINERIZED/eufs-f1-sim/ws/install/eufs_msgs/include/eufs_msgs/eufs_msgs/msg/detail/slam_err__type_support.hpp\n'}
[24.007970] (eufs_msgs) StdoutLine: {'line': b'-- Installing: /home/gera/Desktop/EUFS_FORK_CONTAINERIZED/eufs-f1-sim/ws/install/eufs_msgs/include/eufs_msgs/eufs_msgs/msg/detail/chassis_state__struct.hpp\n'}
[24.008036] (eufs_msgs) StdoutLine: {'line': b'-- Installing: /home/gera/Desktop/EUFS_FORK_CONTAINERIZED/eufs-f1-sim/ws/install/eufs_msgs/include/eufs_msgs/eufs_msgs/msg/detail/particle_stamped__builder.hpp\n'}
[24.008100] (eufs_msgs) StdoutLine: {'line': b'-- Installing: /home/gera/Desktop/EUFS_FORK_CONTAINERIZED/eufs-f1-sim/ws/install/eufs_msgs/include/eufs_msgs/eufs_msgs/msg/detail/oss__struct.hpp\n'}
[24.008165] (eufs_msgs) StdoutLine: {'line': b'-- Installing: /home/gera/Desktop/EUFS_FORK_CONTAINERIZED/eufs-f1-sim/ws/install/eufs_msgs/include/eufs_msgs/eufs_msgs/msg/detail/wheel_speeds_stamped__builder.hpp\n'}
[24.008254] (eufs_msgs) StdoutLine: {'line': b'-- Installing: /home/gera/Desktop/EUFS_FORK_CONTAINERIZED/eufs-f1-sim/ws/install/eufs_msgs/include/eufs_msgs/eufs_msgs/msg/detail/system_status__struct.hpp\n'}
[24.008322] (eufs_msgs) StdoutLine: {'line': b'-- Installing: /home/gera/Desktop/EUFS_FORK_CONTAINERIZED/eufs-f1-sim/ws/install/eufs_msgs/include/eufs_msgs/eufs_msgs/msg/detail/path_integral_stats__builder.hpp\n'}
[24.008387] (eufs_msgs) StdoutLine: {'line': b'-- Installing: /home/gera/Desktop/EUFS_FORK_CONTAINERIZED/eufs-f1-sim/ws/install/eufs_msgs/include/eufs_msgs/eufs_msgs/msg/detail/cpu_usage__traits.hpp\n'}
[24.008454] (eufs_msgs) StdoutLine: {'line': b'-- Installing: /home/gera/Desktop/EUFS_FORK_CONTAINERIZED/eufs-f1-sim/ws/install/eufs_msgs/include/eufs_msgs/eufs_msgs/msg/detail/wheel_speeds__struct.hpp\n'}
[24.008521] (eufs_msgs) StdoutLine: {'line': b'-- Installing: /home/gera/Desktop/EUFS_FORK_CONTAINERIZED/eufs-f1-sim/ws/install/eufs_msgs/include/eufs_msgs/eufs_msgs/msg/detail/state_machine_state__builder.hpp\n'}
[24.008587] (eufs_msgs) StdoutLine: {'line': b'-- Installing: /home/gera/Desktop/EUFS_FORK_CONTAINERIZED/eufs-f1-sim/ws/install/eufs_msgs/include/eufs_msgs/eufs_msgs/msg/detail/ekf_state__struct.hpp\n'}
[24.008652] (eufs_msgs) StdoutLine: {'line': b'-- Installing: /home/gera/Desktop/EUFS_FORK_CONTAINERIZED/eufs-f1-sim/ws/install/eufs_msgs/include/eufs_msgs/eufs_msgs/msg/detail/cone_array__traits.hpp\n'}
[24.008716] (eufs_msgs) StdoutLine: {'line': b'-- Installing: /home/gera/Desktop/EUFS_FORK_CONTAINERIZED/eufs-f1-sim/ws/install/eufs_msgs/include/eufs_msgs/eufs_msgs/msg/detail/mpc_state__type_support.hpp\n'}
[24.008780] (eufs_msgs) StdoutLine: {'line': b'-- Installing: /home/gera/Desktop/EUFS_FORK_CONTAINERIZED/eufs-f1-sim/ws/install/eufs_msgs/include/eufs_msgs/eufs_msgs/msg/detail/chassis_command__struct.hpp\n'}
[24.008846] (eufs_msgs) StdoutLine: {'line': b'-- Installing: /home/gera/Desktop/EUFS_FORK_CONTAINERIZED/eufs-f1-sim/ws/install/eufs_msgs/include/eufs_msgs/eufs_msgs/msg/detail/pure_pursuit_checkpoint__traits.hpp\n'}
[24.009149] (-) TimerEvent: {}
[24.009180] (eufs_msgs) StdoutLine: {'line': b'-- Installing: /home/gera/Desktop/EUFS_FORK_CONTAINERIZED/eufs-f1-sim/ws/install/eufs_msgs/include/eufs_msgs/eufs_msgs/msg/detail/particle__builder.hpp\n'}
[24.009382] (eufs_msgs) StdoutLine: {'line': b'-- Installing: /home/gera/Desktop/EUFS_FORK_CONTAINERIZED/eufs-f1-sim/ws/install/eufs_msgs/include/eufs_msgs/eufs_msgs/msg/detail/node_state_array__type_support.hpp\n'}
[24.009516] (eufs_msgs) StdoutLine: {'line': b'-- Installing: /home/gera/Desktop/EUFS_FORK_CONTAINERIZED/eufs-f1-sim/ws/install/eufs_msgs/include/eufs_msgs/eufs_msgs/msg/detail/chassis_state__traits.hpp\n'}
[24.009673] (eufs_msgs) StdoutLine: {'line': b'-- Installing: /home/gera/Desktop/EUFS_FORK_CONTAINERIZED/eufs-f1-sim/ws/install/eufs_msgs/include/eufs_msgs/eufs_msgs/msg/detail/path_integral_params__struct.hpp\n'}
[24.009735] (eufs_msgs) StdoutLine: {'line': b'-- Installing: /home/gera/Desktop/EUFS_FORK_CONTAINERIZED/eufs-f1-sim/ws/install/eufs_msgs/include/eufs_msgs/eufs_msgs/msg/detail/vehicle_commands_stamped__builder.hpp\n'}
[24.009797] (eufs_msgs) StdoutLine: {'line': b'-- Installing: /home/gera/Desktop/EUFS_FORK_CONTAINERIZED/eufs-f1-sim/ws/install/eufs_msgs/include/eufs_msgs/eufs_msgs/msg/detail/costmap__builder.hpp\n'}
[24.009862] (eufs_msgs) StdoutLine: {'line': b'-- Installing: /home/gera/Desktop/EUFS_FORK_CONTAINERIZED/eufs-f1-sim/ws/install/eufs_msgs/include/eufs_msgs/eufs_msgs/msg/detail/path_integral_stats__type_support.hpp\n'}
[24.009926] (eufs_msgs) StdoutLine: {'line': b'-- Installing: /home/gera/Desktop/EUFS_FORK_CONTAINERIZED/eufs-f1-sim/ws/install/eufs_msgs/include/eufs_msgs/eufs_msgs/msg/detail/car_state__builder.hpp\n'}
[24.009993] (eufs_msgs) StdoutLine: {'line': b'-- Installing: /home/gera/Desktop/EUFS_FORK_CONTAINERIZED/eufs-f1-sim/ws/install/eufs_msgs/include/eufs_msgs/eufs_msgs/msg/detail/path_integral_status__traits.hpp\n'}
[24.010057] (eufs_msgs) StdoutLine: {'line': b'-- Installing: /home/gera/Desktop/EUFS_FORK_CONTAINERIZED/eufs-f1-sim/ws/install/eufs_msgs/include/eufs_msgs/eufs_msgs/msg/detail/chassis_command__builder.hpp\n'}
[24.010117] (eufs_msgs) StdoutLine: {'line': b'-- Installing: /home/gera/Desktop/EUFS_FORK_CONTAINERIZED/eufs-f1-sim/ws/install/eufs_msgs/include/eufs_msgs/eufs_msgs/msg/detail/cpu_status__traits.hpp\n'}
[24.010190] (eufs_msgs) StdoutLine: {'line': b'-- Installing: /home/gera/Desktop/EUFS_FORK_CONTAINERIZED/eufs-f1-sim/ws/install/eufs_msgs/include/eufs_msgs/eufs_msgs/msg/detail/wheel_speeds__builder.hpp\n'}
[24.010338] (eufs_msgs) StdoutLine: {'line': b'-- Installing: /home/gera/Desktop/EUFS_FORK_CONTAINERIZED/eufs-f1-sim/ws/install/eufs_msgs/include/eufs_msgs/eufs_msgs/msg/detail/system_status__builder.hpp\n'}
[24.010465] (eufs_msgs) StdoutLine: {'line': b'-- Installing: /home/gera/Desktop/EUFS_FORK_CONTAINERIZED/eufs-f1-sim/ws/install/eufs_msgs/include/eufs_msgs/eufs_msgs/msg/detail/cpu_usage__type_support.hpp\n'}
[24.010529] (eufs_msgs) StdoutLine: {'line': b'-- Installing: /home/gera/Desktop/EUFS_FORK_CONTAINERIZED/eufs-f1-sim/ws/install/eufs_msgs/include/eufs_msgs/eufs_msgs/msg/detail/path_integral_status__type_support.hpp\n'}
[24.010587] (eufs_msgs) StdoutLine: {'line': b'-- Installing: /home/gera/Desktop/EUFS_FORK_CONTAINERIZED/eufs-f1-sim/ws/install/eufs_msgs/include/eufs_msgs/eufs_msgs/msg/detail/path_integral_stats__traits.hpp\n'}
[24.010649] (eufs_msgs) StdoutLine: {'line': b'-- Installing: /home/gera/Desktop/EUFS_FORK_CONTAINERIZED/eufs-f1-sim/ws/install/eufs_msgs/include/eufs_msgs/eufs_msgs/msg/detail/system_status__type_support.hpp\n'}
[24.010715] (eufs_msgs) StdoutLine: {'line': b'-- Installing: /home/gera/Desktop/EUFS_FORK_CONTAINERIZED/eufs-f1-sim/ws/install/eufs_msgs/include/eufs_msgs/eufs_msgs/msg/detail/cpu_usage__struct.hpp\n'}
[24.010778] (eufs_msgs) StdoutLine: {'line': b'-- Installing: /home/gera/Desktop/EUFS_FORK_CONTAINERIZED/eufs-f1-sim/ws/install/eufs_msgs/include/eufs_msgs/eufs_msgs/msg/detail/bounding_box__struct.hpp\n'}
[24.010932] (eufs_msgs) StdoutLine: {'line': b'-- Installing: /home/gera/Desktop/EUFS_FORK_CONTAINERIZED/eufs-f1-sim/ws/install/eufs_msgs/include/eufs_msgs/eufs_msgs/msg/detail/path_integral_status__builder.hpp\n'}
[24.010994] (eufs_msgs) StdoutLine: {'line': b'-- Installing: /home/gera/Desktop/EUFS_FORK_CONTAINERIZED/eufs-f1-sim/ws/install/eufs_msgs/include/eufs_msgs/eufs_msgs/msg/detail/lap_stats__struct.hpp\n'}
[24.011054] (eufs_msgs) StdoutLine: {'line': b'-- Installing: /home/gera/Desktop/EUFS_FORK_CONTAINERIZED/eufs-f1-sim/ws/install/eufs_msgs/include/eufs_msgs/eufs_msgs/msg/detail/waypoint_array_stamped__type_support.hpp\n'}
[24.011123] (eufs_msgs) StdoutLine: {'line': b'-- Installing: /home/gera/Desktop/EUFS_FORK_CONTAINERIZED/eufs-f1-sim/ws/install/eufs_msgs/include/eufs_msgs/eufs_msgs/msg/detail/node_state__type_support.hpp\n'}
[24.011209] (eufs_msgs) StdoutLine: {'line': b'-- Installing: /home/gera/Desktop/EUFS_FORK_CONTAINERIZED/eufs-f1-sim/ws/install/eufs_msgs/include/eufs_msgs/eufs_msgs/msg/detail/cone_association_array_stamped__traits.hpp\n'}
[24.011443] (eufs_msgs) StdoutLine: {'line': b'-- Installing: /home/gera/Desktop/EUFS_FORK_CONTAINERIZED/eufs-f1-sim/ws/install/eufs_msgs/include/eufs_msgs/eufs_msgs/msg/detail/node_state_array__traits.hpp\n'}
[24.011505] (eufs_msgs) StdoutLine: {'line': b'-- Installing: /home/gera/Desktop/EUFS_FORK_CONTAINERIZED/eufs-f1-sim/ws/install/eufs_msgs/include/eufs_msgs/eufs_msgs/msg/detail/heartbeat__struct.hpp\n'}
[24.011568] (eufs_msgs) StdoutLine: {'line': b'-- Installing: /home/gera/Desktop/EUFS_FORK_CONTAINERIZED/eufs-f1-sim/ws/install/eufs_msgs/include/eufs_msgs/eufs_msgs/msg/detail/bounding_boxes__type_support.hpp\n'}
[24.011687] (eufs_msgs) StdoutLine: {'line': b'-- Installing: /home/gera/Desktop/EUFS_FORK_CONTAINERIZED/eufs-f1-sim/ws/install/eufs_msgs/include/eufs_msgs/eufs_msgs/msg/detail/waypoint_array_stamped__traits.hpp\n'}
[24.011852] (eufs_msgs) StdoutLine: {'line': b'-- Installing: /home/gera/Desktop/EUFS_FORK_CONTAINERIZED/eufs-f1-sim/ws/install/eufs_msgs/include/eufs_msgs/eufs_msgs/msg/detail/cone_array_with_covariance__traits.hpp\n'}
[24.011910] (eufs_msgs) StdoutLine: {'line': b'-- Installing: /home/gera/Desktop/EUFS_FORK_CONTAINERIZED/eufs-f1-sim/ws/install/eufs_msgs/include/eufs_msgs/eufs_msgs/msg/detail/integration_err__type_support.hpp\n'}
[24.012018] (eufs_msgs) StdoutLine: {'line': b'-- Installing: /home/gera/Desktop/EUFS_FORK_CONTAINERIZED/eufs-f1-sim/ws/install/eufs_msgs/include/eufs_msgs/eufs_msgs/msg/detail/vehicle_commands__type_support.hpp\n'}
[24.012076] (eufs_msgs) StdoutLine: {'line': b'-- Installing: /home/gera/Desktop/EUFS_FORK_CONTAINERIZED/eufs-f1-sim/ws/install/eufs_msgs/include/eufs_msgs/eufs_msgs/msg/detail/point_array_stamped__traits.hpp\n'}
[24.012136] (eufs_msgs) StdoutLine: {'line': b'-- Installing: /home/gera/Desktop/EUFS_FORK_CONTAINERIZED/eufs-f1-sim/ws/install/eufs_msgs/include/eufs_msgs/eufs_msgs/msg/detail/can_state__struct.hpp\n'}
[24.012280] (eufs_msgs) StdoutLine: {'line': b'-- Installing: /home/gera/Desktop/EUFS_FORK_CONTAINERIZED/eufs-f1-sim/ws/install/eufs_msgs/include/eufs_msgs/eufs_msgs/msg/detail/path_integral_params__traits.hpp\n'}
[24.012400] (eufs_msgs) StdoutLine: {'line': b'-- Installing: /home/gera/Desktop/EUFS_FORK_CONTAINERIZED/eufs-f1-sim/ws/install/eufs_msgs/include/eufs_msgs/eufs_msgs/msg/detail/point_array_stamped__builder.hpp\n'}
[24.012461] (eufs_msgs) StdoutLine: {'line': b'-- Installing: /home/gera/Desktop/EUFS_FORK_CONTAINERIZED/eufs-f1-sim/ws/install/eufs_msgs/include/eufs_msgs/eufs_msgs/msg/detail/ekf_err__traits.hpp\n'}
[24.012520] (eufs_msgs) StdoutLine: {'line': b'-- Installing: /home/gera/Desktop/EUFS_FORK_CONTAINERIZED/eufs-f1-sim/ws/install/eufs_msgs/include/eufs_msgs/eufs_msgs/msg/detail/cone_with_color_probability__type_support.hpp\n'}
[24.012580] (eufs_msgs) StdoutLine: {'line': b'-- Installing: /home/gera/Desktop/EUFS_FORK_CONTAINERIZED/eufs-f1-sim/ws/install/eufs_msgs/include/eufs_msgs/eufs_msgs/msg/detail/car_forces__struct.hpp\n'}
[24.012729] (eufs_msgs) StdoutLine: {'line': b'-- Installing: /home/gera/Desktop/EUFS_FORK_CONTAINERIZED/eufs-f1-sim/ws/install/eufs_msgs/include/eufs_msgs/eufs_msgs/msg/detail/cone_with_color_probability_array__builder.hpp\n'}
[24.012788] (eufs_msgs) StdoutLine: {'line': b'-- Installing: /home/gera/Desktop/EUFS_FORK_CONTAINERIZED/eufs-f1-sim/ws/install/eufs_msgs/include/eufs_msgs/eufs_msgs/msg/detail/cone_association__builder.hpp\n'}
[24.012848] (eufs_msgs) StdoutLine: {'line': b'-- Installing: /home/gera/Desktop/EUFS_FORK_CONTAINERIZED/eufs-f1-sim/ws/install/eufs_msgs/include/eufs_msgs/eufs_msgs/msg/detail/cone_with_covariance__traits.hpp\n'}
[24.012909] (eufs_msgs) StdoutLine: {'line': b'-- Installing: /home/gera/Desktop/EUFS_FORK_CONTAINERIZED/eufs-f1-sim/ws/install/eufs_msgs/include/eufs_msgs/eufs_msgs/msg/detail/vehicle_commands_stamped__struct.hpp\n'}
[24.012969] (eufs_msgs) StdoutLine: {'line': b'-- Installing: /home/gera/Desktop/EUFS_FORK_CONTAINERIZED/eufs-f1-sim/ws/install/eufs_msgs/include/eufs_msgs/eufs_msgs/msg/detail/car_state__type_support.hpp\n'}
[24.013028] (eufs_msgs) StdoutLine: {'line': b'-- Installing: /home/gera/Desktop/EUFS_FORK_CONTAINERIZED/eufs-f1-sim/ws/install/eufs_msgs/include/eufs_msgs/eufs_msgs/msg/detail/cone_association__traits.hpp\n'}
[24.013086] (eufs_msgs) StdoutLine: {'line': b'-- Installing: /home/gera/Desktop/EUFS_FORK_CONTAINERIZED/eufs-f1-sim/ws/install/eufs_msgs/include/eufs_msgs/eufs_msgs/msg/detail/node_state_array__builder.hpp\n'}
[24.013146] (eufs_msgs) StdoutLine: {'line': b'-- Installing: /home/gera/Desktop/EUFS_FORK_CONTAINERIZED/eufs-f1-sim/ws/install/eufs_msgs/include/eufs_msgs/eufs_msgs/msg/detail/wheel_speeds_stamped__struct.hpp\n'}
[24.013213] (eufs_msgs) StdoutLine: {'line': b'-- Installing: /home/gera/Desktop/EUFS_FORK_CONTAINERIZED/eufs-f1-sim/ws/install/eufs_msgs/include/eufs_msgs/eufs_msgs/msg/detail/heartbeat__type_support.hpp\n'}
[24.013395] (eufs_msgs) StdoutLine: {'line': b'-- Installing: /home/gera/Desktop/EUFS_FORK_CONTAINERIZED/eufs-f1-sim/ws/install/eufs_msgs/include/eufs_msgs/eufs_msgs/msg/detail/waypoint__struct.hpp\n'}
[24.013447] (eufs_msgs) StdoutLine: {'line': b'-- Installing: /home/gera/Desktop/EUFS_FORK_CONTAINERIZED/eufs-f1-sim/ws/install/eufs_msgs/include/eufs_msgs/eufs_msgs/msg/detail/state_machine_state__struct.hpp\n'}
[24.013499] (eufs_msgs) StdoutLine: {'line': b'-- Installing: /home/gera/Desktop/EUFS_FORK_CONTAINERIZED/eufs-f1-sim/ws/install/eufs_msgs/include/eufs_msgs/eufs_msgs/msg/detail/slam_state__traits.hpp\n'}
[24.013549] (eufs_msgs) StdoutLine: {'line': b'-- Installing: /home/gera/Desktop/EUFS_FORK_CONTAINERIZED/eufs-f1-sim/ws/install/eufs_msgs/include/eufs_msgs/eufs_msgs/msg/detail/cpu_usage__builder.hpp\n'}
[24.013604] (eufs_msgs) StdoutLine: {'line': b'-- Installing: /home/gera/Desktop/EUFS_FORK_CONTAINERIZED/eufs-f1-sim/ws/install/eufs_msgs/include/eufs_msgs/eufs_msgs/msg/detail/particle__traits.hpp\n'}
[24.013654] (eufs_msgs) StdoutLine: {'line': b'-- Installing: /home/gera/Desktop/EUFS_FORK_CONTAINERIZED/eufs-f1-sim/ws/install/eufs_msgs/include/eufs_msgs/eufs_msgs/msg/detail/vehicle_commands_stamped__type_support.hpp\n'}
[24.013862] (eufs_msgs) StdoutLine: {'line': b'-- Installing: /home/gera/Desktop/EUFS_FORK_CONTAINERIZED/eufs-f1-sim/ws/install/eufs_msgs/include/eufs_msgs/eufs_msgs/msg/detail/cone_association_array__struct.hpp\n'}
[24.013915] (eufs_msgs) StdoutLine: {'line': b'-- Installing: /home/gera/Desktop/EUFS_FORK_CONTAINERIZED/eufs-f1-sim/ws/install/eufs_msgs/include/eufs_msgs/eufs_msgs/msg/detail/point_array__type_support.hpp\n'}
[24.013966] (eufs_msgs) StdoutLine: {'line': b'-- Installing: /home/gera/Desktop/EUFS_FORK_CONTAINERIZED/eufs-f1-sim/ws/install/eufs_msgs/include/eufs_msgs/eufs_msgs/msg/detail/cone_association_array__builder.hpp\n'}
[24.014020] (eufs_msgs) StdoutLine: {'line': b'-- Installing: /home/gera/Desktop/EUFS_FORK_CONTAINERIZED/eufs-f1-sim/ws/install/eufs_msgs/include/eufs_msgs/eufs_msgs/msg/detail/particle_slam_stamped__traits.hpp\n'}
[24.014076] (eufs_msgs) StdoutLine: {'line': b'-- Installing: /home/gera/Desktop/EUFS_FORK_CONTAINERIZED/eufs-f1-sim/ws/install/eufs_msgs/include/eufs_msgs/eufs_msgs/msg/detail/pure_pursuit_checkpoint_array_stamped__type_support.hpp\n'}
[24.014388] (eufs_msgs) StdoutLine: {'line': b'-- Installing: /home/gera/Desktop/EUFS_FORK_CONTAINERIZED/eufs-f1-sim/ws/install/eufs_msgs/include/eufs_msgs/eufs_msgs/msg/detail/full_state__type_support.hpp\n'}
[24.014500] (eufs_msgs) StdoutLine: {'line': b'-- Installing: /home/gera/Desktop/EUFS_FORK_CONTAINERIZED/eufs-f1-sim/ws/install/eufs_msgs/include/eufs_msgs/eufs_msgs/msg/detail/particle_slam_stamped__type_support.hpp\n'}
[24.014564] (eufs_msgs) StdoutLine: {'line': b'-- Installing: /home/gera/Desktop/EUFS_FORK_CONTAINERIZED/eufs-f1-sim/ws/install/eufs_msgs/include/eufs_msgs/eufs_msgs/msg/detail/pure_pursuit_checkpoint__builder.hpp\n'}
[24.014622] (eufs_msgs) StdoutLine: {'line': b'-- Installing: /home/gera/Desktop/EUFS_FORK_CONTAINERIZED/eufs-f1-sim/ws/install/eufs_msgs/include/eufs_msgs/eufs_msgs/msg/detail/particle_slam_stamped__builder.hpp\n'}
[24.014680] (eufs_msgs) StdoutLine: {'line': b'-- Installing: /home/gera/Desktop/EUFS_FORK_CONTAINERIZED/eufs-f1-sim/ws/install/eufs_msgs/include/eufs_msgs/eufs_msgs/msg/detail/bounding_box__traits.hpp\n'}
[24.014737] (eufs_msgs) StdoutLine: {'line': b'-- Installing: /home/gera/Desktop/EUFS_FORK_CONTAINERIZED/eufs-f1-sim/ws/install/eufs_msgs/include/eufs_msgs/eufs_msgs/msg/detail/waypoint_array_stamped__struct.hpp\n'}
[24.014794] (eufs_msgs) StdoutLine: {'line': b'-- Installing: /home/gera/Desktop/EUFS_FORK_CONTAINERIZED/eufs-f1-sim/ws/install/eufs_msgs/include/eufs_msgs/eufs_msgs/msg/detail/path_integral_stats__struct.hpp\n'}
[24.014851] (eufs_msgs) StdoutLine: {'line': b'-- Installing: /home/gera/Desktop/EUFS_FORK_CONTAINERIZED/eufs-f1-sim/ws/install/eufs_msgs/include/eufs_msgs/eufs_msgs/msg/detail/pure_pursuit_checkpoint_array_stamped__struct.hpp\n'}
[24.014907] (eufs_msgs) StdoutLine: {'line': b'-- Installing: /home/gera/Desktop/EUFS_FORK_CONTAINERIZED/eufs-f1-sim/ws/install/eufs_msgs/include/eufs_msgs/eufs_msgs/msg/detail/particle_slam_stamped__struct.hpp\n'}
[24.014977] (eufs_msgs) StdoutLine: {'line': b'-- Installing: /home/gera/Desktop/EUFS_FORK_CONTAINERIZED/eufs-f1-sim/ws/install/eufs_msgs/include/eufs_msgs/eufs_msgs/msg/detail/cone_association_array_stamped__builder.hpp\n'}
[24.015034] (eufs_msgs) StdoutLine: {'line': b'-- Installing: /home/gera/Desktop/EUFS_FORK_CONTAINERIZED/eufs-f1-sim/ws/install/eufs_msgs/include/eufs_msgs/eufs_msgs/msg/detail/car_state__struct.hpp\n'}
[24.015090] (eufs_msgs) StdoutLine: {'line': b'-- Installing: /home/gera/Desktop/EUFS_FORK_CONTAINERIZED/eufs-f1-sim/ws/install/eufs_msgs/include/eufs_msgs/eufs_msgs/msg/detail/topic_status__type_support.hpp\n'}
[24.015148] (eufs_msgs) StdoutLine: {'line': b'-- Installing: /home/gera/Desktop/EUFS_FORK_CONTAINERIZED/eufs-f1-sim/ws/install/eufs_msgs/include/eufs_msgs/eufs_msgs/msg/detail/bounding_boxes__traits.hpp\n'}
[24.015215] (eufs_msgs) StdoutLine: {'line': b'-- Installing: /home/gera/Desktop/EUFS_FORK_CONTAINERIZED/eufs-f1-sim/ws/install/eufs_msgs/include/eufs_msgs/eufs_msgs/msg/detail/runstop__traits.hpp\n'}
[24.015395] (eufs_msgs) StdoutLine: {'line': b'-- Installing: /home/gera/Desktop/EUFS_FORK_CONTAINERIZED/eufs-f1-sim/ws/install/eufs_msgs/include/eufs_msgs/eufs_msgs/msg/detail/particle_stamped__struct.hpp\n'}
[24.015453] (eufs_msgs) StdoutLine: {'line': b'-- Installing: /home/gera/Desktop/EUFS_FORK_CONTAINERIZED/eufs-f1-sim/ws/install/eufs_msgs/include/eufs_msgs/eufs_msgs/msg/detail/waypoint_array_stamped__builder.hpp\n'}
[24.015510] (eufs_msgs) StdoutLine: {'line': b'-- Installing: /home/gera/Desktop/EUFS_FORK_CONTAINERIZED/eufs-f1-sim/ws/install/eufs_msgs/include/eufs_msgs/eufs_msgs/msg/detail/ekf_err__struct.hpp\n'}
[24.015626] (eufs_msgs) StdoutLine: {'line': b'-- Installing: /home/gera/Desktop/EUFS_FORK_CONTAINERIZED/eufs-f1-sim/ws/install/eufs_msgs/include/eufs_msgs/eufs_msgs/msg/detail/particle__type_support.hpp\n'}
[24.015706] (eufs_msgs) StdoutLine: {'line': b'-- Installing: /home/gera/Desktop/EUFS_FORK_CONTAINERIZED/eufs-f1-sim/ws/install/eufs_msgs/include/eufs_msgs/eufs_msgs/msg/detail/costmap__type_support.hpp\n'}
[24.015855] (eufs_msgs) StdoutLine: {'line': b'-- Installing: /home/gera/Desktop/EUFS_FORK_CONTAINERIZED/eufs-f1-sim/ws/install/eufs_msgs/include/eufs_msgs/eufs_msgs/msg/detail/pure_pursuit_checkpoint_array_stamped__builder.hpp\n'}
[24.016036] (eufs_msgs) StdoutLine: {'line': b'-- Installing: /home/gera/Desktop/EUFS_FORK_CONTAINERIZED/eufs-f1-sim/ws/install/eufs_msgs/include/eufs_msgs/eufs_msgs/msg/detail/system_status__traits.hpp\n'}
[24.016099] (eufs_msgs) StdoutLine: {'line': b'-- Installing: /home/gera/Desktop/EUFS_FORK_CONTAINERIZED/eufs-f1-sim/ws/install/eufs_msgs/include/eufs_msgs/eufs_msgs/msg/detail/bounding_box__type_support.hpp\n'}
[24.016157] (eufs_msgs) StdoutLine: {'line': b'-- Installing: /home/gera/Desktop/EUFS_FORK_CONTAINERIZED/eufs-f1-sim/ws/install/eufs_msgs/include/eufs_msgs/eufs_msgs/msg/detail/particle_slam__traits.hpp\n'}
[24.016272] (eufs_msgs) StdoutLine: {'line': b'-- Installing: /home/gera/Desktop/EUFS_FORK_CONTAINERIZED/eufs-f1-sim/ws/install/eufs_msgs/include/eufs_msgs/eufs_msgs/msg/detail/topic_status__traits.hpp\n'}
[24.016335] (eufs_msgs) StdoutLine: {'line': b'-- Installing: /home/gera/Desktop/EUFS_FORK_CONTAINERIZED/eufs-f1-sim/ws/install/eufs_msgs/include/eufs_msgs/eufs_msgs/msg/detail/mpc_state__builder.hpp\n'}
[24.016392] (eufs_msgs) StdoutLine: {'line': b'-- Installing: /home/gera/Desktop/EUFS_FORK_CONTAINERIZED/eufs-f1-sim/ws/install/eufs_msgs/include/eufs_msgs/eufs_msgs/msg/detail/particle_stamped__traits.hpp\n'}
[24.016449] (eufs_msgs) StdoutLine: {'line': b'-- Installing: /home/gera/Desktop/EUFS_FORK_CONTAINERIZED/eufs-f1-sim/ws/install/eufs_msgs/include/eufs_msgs/eufs_msgs/msg/detail/costmap__traits.hpp\n'}
[24.016506] (eufs_msgs) StdoutLine: {'line': b'-- Installing: /home/gera/Desktop/EUFS_FORK_CONTAINERIZED/eufs-f1-sim/ws/install/eufs_msgs/include/eufs_msgs/eufs_msgs/msg/detail/cone_association_array__traits.hpp\n'}
[24.016562] (eufs_msgs) StdoutLine: {'line': b'-- Installing: /home/gera/Desktop/EUFS_FORK_CONTAINERIZED/eufs-f1-sim/ws/install/eufs_msgs/include/eufs_msgs/eufs_msgs/msg/detail/point_array__builder.hpp\n'}
[24.016617] (eufs_msgs) StdoutLine: {'line': b'-- Installing: /home/gera/Desktop/EUFS_FORK_CONTAINERIZED/eufs-f1-sim/ws/install/eufs_msgs/include/eufs_msgs/eufs_msgs/msg/detail/ekf_err__builder.hpp\n'}
[24.016673] (eufs_msgs) StdoutLine: {'line': b'-- Installing: /home/gera/Desktop/EUFS_FORK_CONTAINERIZED/eufs-f1-sim/ws/install/eufs_msgs/include/eufs_msgs/eufs_msgs/msg/detail/full_state__struct.hpp\n'}
[24.016727] (eufs_msgs) StdoutLine: {'line': b'-- Installing: /home/gera/Desktop/EUFS_FORK_CONTAINERIZED/eufs-f1-sim/ws/install/eufs_msgs/include/eufs_msgs/eufs_msgs/msg/detail/topic_status__builder.hpp\n'}
[24.016782] (eufs_msgs) StdoutLine: {'line': b'-- Installing: /home/gera/Desktop/EUFS_FORK_CONTAINERIZED/eufs-f1-sim/ws/install/eufs_msgs/include/eufs_msgs/eufs_msgs/msg/detail/cone_array_with_covariance__type_support.hpp\n'}
[24.016837] (eufs_msgs) StdoutLine: {'line': b'-- Installing: /home/gera/Desktop/EUFS_FORK_CONTAINERIZED/eufs-f1-sim/ws/install/eufs_msgs/include/eufs_msgs/eufs_msgs/msg/detail/path_integral_timing__traits.hpp\n'}
[24.016892] (eufs_msgs) StdoutLine: {'line': b'-- Installing: /home/gera/Desktop/EUFS_FORK_CONTAINERIZED/eufs-f1-sim/ws/install/eufs_msgs/include/eufs_msgs/eufs_msgs/msg/detail/lap_stats__type_support.hpp\n'}
[24.016947] (eufs_msgs) StdoutLine: {'line': b'-- Installing: /home/gera/Desktop/EUFS_FORK_CONTAINERIZED/eufs-f1-sim/ws/install/eufs_msgs/include/eufs_msgs/eufs_msgs/msg/detail/wheel_speeds_stamped__type_support.hpp\n'}
[24.017001] (eufs_msgs) StdoutLine: {'line': b'-- Installing: /home/gera/Desktop/EUFS_FORK_CONTAINERIZED/eufs-f1-sim/ws/install/eufs_msgs/include/eufs_msgs/eufs_msgs/msg/detail/runstop__type_support.hpp\n'}
[24.017057] (eufs_msgs) StdoutLine: {'line': b'-- Installing: /home/gera/Desktop/EUFS_FORK_CONTAINERIZED/eufs-f1-sim/ws/install/eufs_msgs/include/eufs_msgs/eufs_msgs/msg/detail/lap_stats__traits.hpp\n'}
[24.017250] (eufs_msgs) StdoutLine: {'line': b'-- Installing: /home/gera/Desktop/EUFS_FORK_CONTAINERIZED/eufs-f1-sim/ws/install/eufs_msgs/include/eufs_msgs/eufs_msgs/msg/detail/cone_association_array_array_stamped__type_support.hpp\n'}
[24.017310] (eufs_msgs) StdoutLine: {'line': b'-- Installing: /home/gera/Desktop/EUFS_FORK_CONTAINERIZED/eufs-f1-sim/ws/install/eufs_msgs/include/eufs_msgs/eufs_msgs/msg/detail/mpc_state__traits.hpp\n'}
[24.017367] (eufs_msgs) StdoutLine: {'line': b'-- Installing: /home/gera/Desktop/EUFS_FORK_CONTAINERIZED/eufs-f1-sim/ws/install/eufs_msgs/include/eufs_msgs/eufs_msgs/msg/detail/node_state__struct.hpp\n'}
[24.017476] (eufs_msgs) StdoutLine: {'line': b'-- Installing: /home/gera/Desktop/EUFS_FORK_CONTAINERIZED/eufs-f1-sim/ws/install/eufs_msgs/include/eufs_msgs/eufs_msgs/msg/detail/particle_slam__builder.hpp\n'}
[24.017533] (eufs_msgs) StdoutLine: {'line': b'-- Installing: /home/gera/Desktop/EUFS_FORK_CONTAINERIZED/eufs-f1-sim/ws/install/eufs_msgs/include/eufs_msgs/eufs_msgs/msg/detail/pure_pursuit_checkpoint_array_stamped__traits.hpp\n'}
[24.017587] (eufs_msgs) StdoutLine: {'line': b'-- Installing: /home/gera/Desktop/EUFS_FORK_CONTAINERIZED/eufs-f1-sim/ws/install/eufs_msgs/include/eufs_msgs/eufs_msgs/msg/detail/cone_array__struct.hpp\n'}
[24.017640] (eufs_msgs) StdoutLine: {'line': b'-- Installing: /home/gera/Desktop/EUFS_FORK_CONTAINERIZED/eufs-f1-sim/ws/install/eufs_msgs/include/eufs_msgs/eufs_msgs/msg/detail/wheel_speeds__type_support.hpp\n'}
[24.017695] (eufs_msgs) StdoutLine: {'line': b'-- Installing: /home/gera/Desktop/EUFS_FORK_CONTAINERIZED/eufs-f1-sim/ws/install/eufs_msgs/include/eufs_msgs/eufs_msgs/msg/detail/cpu_status__type_support.hpp\n'}
[24.017812] (eufs_msgs) StdoutLine: {'line': b'-- Installing: /home/gera/Desktop/EUFS_FORK_CONTAINERIZED/eufs-f1-sim/ws/install/eufs_msgs/include/eufs_msgs/eufs_msgs/msg/detail/slam_state__struct.hpp\n'}
[24.017863] (eufs_msgs) StdoutLine: {'line': b'-- Installing: /home/gera/Desktop/EUFS_FORK_CONTAINERIZED/eufs-f1-sim/ws/install/eufs_msgs/include/eufs_msgs/eufs_msgs/msg/detail/car_forces__type_support.hpp\n'}
[24.017916] (eufs_msgs) StdoutLine: {'line': b'-- Installing: /home/gera/Desktop/EUFS_FORK_CONTAINERIZED/eufs-f1-sim/ws/install/eufs_msgs/include/eufs_msgs/eufs_msgs/msg/detail/cone_association_array__type_support.hpp\n'}
[24.017970] (eufs_msgs) StdoutLine: {'line': b'-- Installing: /home/gera/Desktop/EUFS_FORK_CONTAINERIZED/eufs-f1-sim/ws/install/eufs_msgs/include/eufs_msgs/eufs_msgs/msg/detail/stereo_image__traits.hpp\n'}
[24.018024] (eufs_msgs) StdoutLine: {'line': b'-- Installing: /home/gera/Desktop/EUFS_FORK_CONTAINERIZED/eufs-f1-sim/ws/install/eufs_msgs/include/eufs_msgs/eufs_msgs/msg/detail/state_machine_state__type_support.hpp\n'}
[24.018075] (eufs_msgs) StdoutLine: {'line': b'-- Installing: /home/gera/Desktop/EUFS_FORK_CONTAINERIZED/eufs-f1-sim/ws/install/eufs_msgs/include/eufs_msgs/eufs_msgs/msg/detail/car_forces__traits.hpp\n'}
[24.018126] (eufs_msgs) StdoutLine: {'line': b'-- Installing: /home/gera/Desktop/EUFS_FORK_CONTAINERIZED/eufs-f1-sim/ws/install/eufs_msgs/include/eufs_msgs/eufs_msgs/msg/detail/planning_mode__traits.hpp\n'}
[24.018181] (eufs_msgs) StdoutLine: {'line': b'-- Installing: /home/gera/Desktop/EUFS_FORK_CONTAINERIZED/eufs-f1-sim/ws/install/eufs_msgs/include/eufs_msgs/eufs_msgs/msg/detail/cpu_status__struct.hpp\n'}
[24.018292] (eufs_msgs) StdoutLine: {'line': b'-- Installing: /home/gera/Desktop/EUFS_FORK_CONTAINERIZED/eufs-f1-sim/ws/install/eufs_msgs/include/eufs_msgs/eufs_msgs/msg/detail/cone_array__type_support.hpp\n'}
[24.018347] (eufs_msgs) StdoutLine: {'line': b'-- Installing: /home/gera/Desktop/EUFS_FORK_CONTAINERIZED/eufs-f1-sim/ws/install/eufs_msgs/include/eufs_msgs/eufs_msgs/msg/detail/cone_with_color_probability_array__traits.hpp\n'}
[24.018400] (eufs_msgs) StdoutLine: {'line': b'-- Installing: /home/gera/Desktop/EUFS_FORK_CONTAINERIZED/eufs-f1-sim/ws/install/eufs_msgs/include/eufs_msgs/eufs_msgs/msg/detail/cone_with_color_probability__builder.hpp\n'}
[24.018541] (eufs_msgs) StdoutLine: {'line': b'-- Installing: /home/gera/Desktop/EUFS_FORK_CONTAINERIZED/eufs-f1-sim/ws/install/eufs_msgs/include/eufs_msgs/eufs_msgs/msg/detail/path_integral_timing__type_support.hpp\n'}
[24.018592] (eufs_msgs) StdoutLine: {'line': b'-- Installing: /home/gera/Desktop/EUFS_FORK_CONTAINERIZED/eufs-f1-sim/ws/install/eufs_msgs/include/eufs_msgs/eufs_msgs/msg/detail/cone_with_covariance__type_support.hpp\n'}
[24.018645] (eufs_msgs) StdoutLine: {'line': b'-- Installing: /home/gera/Desktop/EUFS_FORK_CONTAINERIZED/eufs-f1-sim/ws/install/eufs_msgs/include/eufs_msgs/eufs_msgs/msg/detail/can_state__traits.hpp\n'}
[24.018696] (eufs_msgs) StdoutLine: {'line': b'-- Installing: /home/gera/Desktop/EUFS_FORK_CONTAINERIZED/eufs-f1-sim/ws/install/eufs_msgs/include/eufs_msgs/eufs_msgs/msg/detail/topic_status__struct.hpp\n'}
[24.018748] (eufs_msgs) StdoutLine: {'line': b'-- Installing: /home/gera/Desktop/EUFS_FORK_CONTAINERIZED/eufs-f1-sim/ws/install/eufs_msgs/include/eufs_msgs/eufs_msgs/msg/detail/waypoint__builder.hpp\n'}
[24.018799] (eufs_msgs) StdoutLine: {'line': b'-- Installing: /home/gera/Desktop/EUFS_FORK_CONTAINERIZED/eufs-f1-sim/ws/install/eufs_msgs/include/eufs_msgs/eufs_msgs/msg/detail/full_state__traits.hpp\n'}
[24.018865] (eufs_msgs) StdoutLine: {'line': b'-- Installing: /home/gera/Desktop/EUFS_FORK_CONTAINERIZED/eufs-f1-sim/ws/install/eufs_msgs/include/eufs_msgs/eufs_msgs/msg/detail/car_state__traits.hpp\n'}
[24.018922] (eufs_msgs) StdoutLine: {'line': b'-- Installing: /home/gera/Desktop/EUFS_FORK_CONTAINERIZED/eufs-f1-sim/ws/install/eufs_msgs/include/eufs_msgs/eufs_msgs/msg/detail/planning_mode__builder.hpp\n'}
[24.019034] (eufs_msgs) StdoutLine: {'line': b'-- Installing: /home/gera/Desktop/EUFS_FORK_CONTAINERIZED/eufs-f1-sim/ws/install/eufs_msgs/include/eufs_msgs/eufs_msgs/msg/detail/pure_pursuit_checkpoint__type_support.hpp\n'}
[24.019089] (eufs_msgs) StdoutLine: {'line': b'-- Installing: /home/gera/Desktop/EUFS_FORK_CONTAINERIZED/eufs-f1-sim/ws/install/eufs_msgs/include/eufs_msgs/eufs_msgs/msg/detail/planning_mode__struct.hpp\n'}
[24.019141] (eufs_msgs) StdoutLine: {'line': b'-- Installing: /home/gera/Desktop/EUFS_FORK_CONTAINERIZED/eufs-f1-sim/ws/install/eufs_msgs/include/eufs_msgs/eufs_msgs/msg/detail/particle_slam__struct.hpp\n'}
[24.019249] (eufs_msgs) StdoutLine: {'line': b'-- Installing: /home/gera/Desktop/EUFS_FORK_CONTAINERIZED/eufs-f1-sim/ws/install/eufs_msgs/include/eufs_msgs/eufs_msgs/msg/chassis_state.hpp\n'}
[24.019301] (eufs_msgs) StdoutLine: {'line': b'-- Installing: /home/gera/Desktop/EUFS_FORK_CONTAINERIZED/eufs-f1-sim/ws/install/eufs_msgs/include/eufs_msgs/eufs_msgs/msg/cone_array.hpp\n'}
[24.019353] (eufs_msgs) StdoutLine: {'line': b'-- Installing: /home/gera/Desktop/EUFS_FORK_CONTAINERIZED/eufs-f1-sim/ws/install/eufs_msgs/include/eufs_msgs/eufs_msgs/msg/point_array.hpp\n'}
[24.019403] (eufs_msgs) StdoutLine: {'line': b'-- Installing: /home/gera/Desktop/EUFS_FORK_CONTAINERIZED/eufs-f1-sim/ws/install/eufs_msgs/include/eufs_msgs/eufs_msgs/msg/lap_stats.hpp\n'}
[24.019510] (eufs_msgs) StdoutLine: {'line': b'-- Installing: /home/gera/Desktop/EUFS_FORK_CONTAINERIZED/eufs-f1-sim/ws/install/eufs_msgs/include/eufs_msgs/eufs_msgs/msg/topic_status.hpp\n'}
[24.019562] (eufs_msgs) StdoutLine: {'line': b'-- Installing: /home/gera/Desktop/EUFS_FORK_CONTAINERIZED/eufs-f1-sim/ws/install/eufs_msgs/include/eufs_msgs/eufs_msgs/msg/cpu_status.hpp\n'}
[24.019614] (eufs_msgs) StdoutLine: {'line': b'-- Installing: /home/gera/Desktop/EUFS_FORK_CONTAINERIZED/eufs-f1-sim/ws/install/eufs_msgs/include/eufs_msgs/eufs_msgs/msg/waypoint_array_stamped.hpp\n'}
[24.019666] (eufs_msgs) StdoutLine: {'line': b'-- Installing: /home/gera/Desktop/EUFS_FORK_CONTAINERIZED/eufs-f1-sim/ws/install/eufs_msgs/include/eufs_msgs/eufs_msgs/msg/wheel_odometry_err.hpp\n'}
[24.019715] (eufs_msgs) StdoutLine: {'line': b'-- Installing: /home/gera/Desktop/EUFS_FORK_CONTAINERIZED/eufs-f1-sim/ws/install/eufs_msgs/include/eufs_msgs/eufs_msgs/msg/node_state.hpp\n'}
[24.019765] (eufs_msgs) StdoutLine: {'line': b'-- Installing: /home/gera/Desktop/EUFS_FORK_CONTAINERIZED/eufs-f1-sim/ws/install/eufs_msgs/include/eufs_msgs/eufs_msgs/msg/particle.hpp\n'}
[24.019876] (eufs_msgs) StdoutLine: {'line': b'-- Installing: /home/gera/Desktop/EUFS_FORK_CONTAINERIZED/eufs-f1-sim/ws/install/eufs_msgs/include/eufs_msgs/eufs_msgs/msg/cpu_usage.hpp\n'}
[24.019929] (eufs_msgs) StdoutLine: {'line': b'-- Installing: /home/gera/Desktop/EUFS_FORK_CONTAINERIZED/eufs-f1-sim/ws/install/eufs_msgs/include/eufs_msgs/eufs_msgs/msg/pure_pursuit_checkpoint_array_stamped.hpp\n'}
[24.019982] (eufs_msgs) StdoutLine: {'line': b'-- Installing: /home/gera/Desktop/EUFS_FORK_CONTAINERIZED/eufs-f1-sim/ws/install/eufs_msgs/include/eufs_msgs/eufs_msgs/msg/cone_association_array.hpp\n'}
[24.020036] (eufs_msgs) StdoutLine: {'line': b'-- Installing: /home/gera/Desktop/EUFS_FORK_CONTAINERIZED/eufs-f1-sim/ws/install/eufs_msgs/include/eufs_msgs/eufs_msgs/msg/slam_state.hpp\n'}
[24.020090] (eufs_msgs) StdoutLine: {'line': b'-- Installing: /home/gera/Desktop/EUFS_FORK_CONTAINERIZED/eufs-f1-sim/ws/install/eufs_msgs/include/eufs_msgs/eufs_msgs/msg/ekf_state.hpp\n'}
[24.020147] (eufs_msgs) StdoutLine: {'line': b'-- Installing: /home/gera/Desktop/EUFS_FORK_CONTAINERIZED/eufs-f1-sim/ws/install/eufs_msgs/include/eufs_msgs/eufs_msgs/msg/slam_err.hpp\n'}
[24.020204] (eufs_msgs) StdoutLine: {'line': b'-- Installing: /home/gera/Desktop/EUFS_FORK_CONTAINERIZED/eufs-f1-sim/ws/install/eufs_msgs/include/eufs_msgs/eufs_msgs/msg/path_integral_status.hpp\n'}
[24.020336] (eufs_msgs) StdoutLine: {'line': b'-- Installing: /home/gera/Desktop/EUFS_FORK_CONTAINERIZED/eufs-f1-sim/ws/install/eufs_msgs/include/eufs_msgs/eufs_msgs/msg/cone_association_array_array_stamped.hpp\n'}
[24.020383] (eufs_msgs) StdoutLine: {'line': b'-- Installing: /home/gera/Desktop/EUFS_FORK_CONTAINERIZED/eufs-f1-sim/ws/install/eufs_msgs/include/eufs_msgs/eufs_msgs/msg/integration_err.hpp\n'}
[24.020434] (eufs_msgs) StdoutLine: {'line': b'-- Installing: /home/gera/Desktop/EUFS_FORK_CONTAINERIZED/eufs-f1-sim/ws/install/eufs_msgs/include/eufs_msgs/eufs_msgs/msg/particle_slam.hpp\n'}
[24.020484] (eufs_msgs) StdoutLine: {'line': b'-- Installing: /home/gera/Desktop/EUFS_FORK_CONTAINERIZED/eufs-f1-sim/ws/install/eufs_msgs/include/eufs_msgs/eufs_msgs/msg/point_array_stamped.hpp\n'}
[24.020532] (eufs_msgs) StdoutLine: {'line': b'-- Installing: /home/gera/Desktop/EUFS_FORK_CONTAINERIZED/eufs-f1-sim/ws/install/eufs_msgs/include/eufs_msgs/eufs_msgs/msg/wheel_speeds_stamped.hpp\n'}
[24.020580] (eufs_msgs) StdoutLine: {'line': b'-- Installing: /home/gera/Desktop/EUFS_FORK_CONTAINERIZED/eufs-f1-sim/ws/install/eufs_msgs/include/eufs_msgs/eufs_msgs/msg/bounding_boxes.hpp\n'}
[24.020680] (eufs_msgs) StdoutLine: {'line': b'-- Installing: /home/gera/Desktop/EUFS_FORK_CONTAINERIZED/eufs-f1-sim/ws/install/eufs_msgs/include/eufs_msgs/eufs_msgs/msg/heartbeat.hpp\n'}
[24.020728] (eufs_msgs) StdoutLine: {'line': b'-- Installing: /home/gera/Desktop/EUFS_FORK_CONTAINERIZED/eufs-f1-sim/ws/install/eufs_msgs/include/eufs_msgs/eufs_msgs/msg/chassis_command.hpp\n'}
[24.020774] (eufs_msgs) StdoutLine: {'line': b'-- Installing: /home/gera/Desktop/EUFS_FORK_CONTAINERIZED/eufs-f1-sim/ws/install/eufs_msgs/include/eufs_msgs/eufs_msgs/msg/cone_association_array_stamped.hpp\n'}
[24.020823] (eufs_msgs) StdoutLine: {'line': b'-- Installing: /home/gera/Desktop/EUFS_FORK_CONTAINERIZED/eufs-f1-sim/ws/install/eufs_msgs/include/eufs_msgs/eufs_msgs/msg/rosidl_generator_cpp__visibility_control.hpp\n'}
[24.020873] (eufs_msgs) StdoutLine: {'line': b'-- Installing: /home/gera/Desktop/EUFS_FORK_CONTAINERIZED/eufs-f1-sim/ws/install/eufs_msgs/include/eufs_msgs/eufs_msgs/msg/car_state.hpp\n'}
[24.020921] (eufs_msgs) StdoutLine: {'line': b'-- Installing: /home/gera/Desktop/EUFS_FORK_CONTAINERIZED/eufs-f1-sim/ws/install/eufs_msgs/include/eufs_msgs/eufs_msgs/msg/car_forces.hpp\n'}
[24.020970] (eufs_msgs) StdoutLine: {'line': b'-- Installing: /home/gera/Desktop/EUFS_FORK_CONTAINERIZED/eufs-f1-sim/ws/install/eufs_msgs/include/eufs_msgs/eufs_msgs/msg/vehicle_commands_stamped.hpp\n'}
[24.021020] (eufs_msgs) StdoutLine: {'line': b'-- Installing: /home/gera/Desktop/EUFS_FORK_CONTAINERIZED/eufs-f1-sim/ws/install/eufs_msgs/include/eufs_msgs/eufs_msgs/msg/vehicle_commands.hpp\n'}
[24.021156] (eufs_msgs) StdoutLine: {'line': b'-- Installing: /home/gera/Desktop/EUFS_FORK_CONTAINERIZED/eufs-f1-sim/ws/install/eufs_msgs/include/eufs_msgs/eufs_msgs/msg/cone_array_with_covariance.hpp\n'}
[24.021259] (eufs_msgs) StdoutLine: {'line': b'-- Installing: /home/gera/Desktop/EUFS_FORK_CONTAINERIZED/eufs-f1-sim/ws/install/eufs_msgs/include/eufs_msgs/eufs_msgs/msg/bounding_box.hpp\n'}
[24.021306] (eufs_msgs) StdoutLine: {'line': b'-- Installing: /home/gera/Desktop/EUFS_FORK_CONTAINERIZED/eufs-f1-sim/ws/install/eufs_msgs/include/eufs_msgs/eufs_msgs/msg/path_integral_params.hpp\n'}
[24.021350] (eufs_msgs) StdoutLine: {'line': b'-- Installing: /home/gera/Desktop/EUFS_FORK_CONTAINERIZED/eufs-f1-sim/ws/install/eufs_msgs/include/eufs_msgs/eufs_msgs/msg/cone_with_covariance.hpp\n'}
[24.021394] (eufs_msgs) StdoutLine: {'line': b'-- Installing: /home/gera/Desktop/EUFS_FORK_CONTAINERIZED/eufs-f1-sim/ws/install/eufs_msgs/include/eufs_msgs/eufs_msgs/msg/mpc_state.hpp\n'}
[24.021443] (eufs_msgs) StdoutLine: {'line': b'-- Up-to-date: /home/gera/Desktop/EUFS_FORK_CONTAINERIZED/eufs-f1-sim/ws/install/eufs_msgs/include/eufs_msgs/eufs_msgs\n'}
[24.021492] (eufs_msgs) StdoutLine: {'line': b'-- Up-to-date: /home/gera/Desktop/EUFS_FORK_CONTAINERIZED/eufs-f1-sim/ws/install/eufs_msgs/include/eufs_msgs/eufs_msgs/action\n'}
[24.021541] (eufs_msgs) StdoutLine: {'line': b'-- Up-to-date: /home/gera/Desktop/EUFS_FORK_CONTAINERIZED/eufs-f1-sim/ws/install/eufs_msgs/include/eufs_msgs/eufs_msgs/action/detail\n'}
[24.021589] (eufs_msgs) StdoutLine: {'line': b'-- Installing: /home/gera/Desktop/EUFS_FORK_CONTAINERIZED/eufs-f1-sim/ws/install/eufs_msgs/include/eufs_msgs/eufs_msgs/action/detail/check_for_objects__rosidl_typesupport_fastrtps_cpp.hpp\n'}
[24.021638] (eufs_msgs) StdoutLine: {'line': b'-- Installing: /home/gera/Desktop/EUFS_FORK_CONTAINERIZED/eufs-f1-sim/ws/install/eufs_msgs/include/eufs_msgs/eufs_msgs/action/detail/dds_fastrtps\n'}
[24.021686] (eufs_msgs) StdoutLine: {'line': b'-- Up-to-date: /home/gera/Desktop/EUFS_FORK_CONTAINERIZED/eufs-f1-sim/ws/install/eufs_msgs/include/eufs_msgs/eufs_msgs/srv\n'}
[24.021746] (eufs_msgs) StdoutLine: {'line': b'-- Up-to-date: /home/gera/Desktop/EUFS_FORK_CONTAINERIZED/eufs-f1-sim/ws/install/eufs_msgs/include/eufs_msgs/eufs_msgs/srv/detail\n'}
[24.021797] (eufs_msgs) StdoutLine: {'line': b'-- Installing: /home/gera/Desktop/EUFS_FORK_CONTAINERIZED/eufs-f1-sim/ws/install/eufs_msgs/include/eufs_msgs/eufs_msgs/srv/detail/set_string__rosidl_typesupport_fastrtps_cpp.hpp\n'}
[24.021845] (eufs_msgs) StdoutLine: {'line': b'-- Installing: /home/gera/Desktop/EUFS_FORK_CONTAINERIZED/eufs-f1-sim/ws/install/eufs_msgs/include/eufs_msgs/eufs_msgs/srv/detail/record_stop__rosidl_typesupport_fastrtps_cpp.hpp\n'}
[24.021892] (eufs_msgs) StdoutLine: {'line': b'-- Installing: /home/gera/Desktop/EUFS_FORK_CONTAINERIZED/eufs-f1-sim/ws/install/eufs_msgs/include/eufs_msgs/eufs_msgs/srv/detail/register__rosidl_typesupport_fastrtps_cpp.hpp\n'}
[24.021942] (eufs_msgs) StdoutLine: {'line': b'-- Installing: /home/gera/Desktop/EUFS_FORK_CONTAINERIZED/eufs-f1-sim/ws/install/eufs_msgs/include/eufs_msgs/eufs_msgs/srv/detail/set_track__rosidl_typesupport_fastrtps_cpp.hpp\n'}
[24.021991] (eufs_msgs) StdoutLine: {'line': b'-- Installing: /home/gera/Desktop/EUFS_FORK_CONTAINERIZED/eufs-f1-sim/ws/install/eufs_msgs/include/eufs_msgs/eufs_msgs/srv/detail/record_start__rosidl_typesupport_fastrtps_cpp.hpp\n'}
[24.022044] (eufs_msgs) StdoutLine: {'line': b'-- Installing: /home/gera/Desktop/EUFS_FORK_CONTAINERIZED/eufs-f1-sim/ws/install/eufs_msgs/include/eufs_msgs/eufs_msgs/srv/detail/set_mission__rosidl_typesupport_fastrtps_cpp.hpp\n'}
[24.022141] (eufs_msgs) StdoutLine: {'line': b'-- Installing: /home/gera/Desktop/EUFS_FORK_CONTAINERIZED/eufs-f1-sim/ws/install/eufs_msgs/include/eufs_msgs/eufs_msgs/srv/detail/get_map__rosidl_typesupport_fastrtps_cpp.hpp\n'}
[24.022196] (eufs_msgs) StdoutLine: {'line': b'-- Installing: /home/gera/Desktop/EUFS_FORK_CONTAINERIZED/eufs-f1-sim/ws/install/eufs_msgs/include/eufs_msgs/eufs_msgs/srv/detail/set_can_state__rosidl_typesupport_fastrtps_cpp.hpp\n'}
[24.022251] (eufs_msgs) StdoutLine: {'line': b'-- Installing: /home/gera/Desktop/EUFS_FORK_CONTAINERIZED/eufs-f1-sim/ws/install/eufs_msgs/include/eufs_msgs/eufs_msgs/srv/detail/dds_fastrtps\n'}
[24.022298] (eufs_msgs) StdoutLine: {'line': b'-- Up-to-date: /home/gera/Desktop/EUFS_FORK_CONTAINERIZED/eufs-f1-sim/ws/install/eufs_msgs/include/eufs_msgs/eufs_msgs/msg\n'}
[24.022342] (eufs_msgs) StdoutLine: {'line': b'-- Installing: /home/gera/Desktop/EUFS_FORK_CONTAINERIZED/eufs-f1-sim/ws/install/eufs_msgs/include/eufs_msgs/eufs_msgs/msg/rosidl_typesupport_fastrtps_cpp__visibility_control.h\n'}
[24.022386] (eufs_msgs) StdoutLine: {'line': b'-- Up-to-date: /home/gera/Desktop/EUFS_FORK_CONTAINERIZED/eufs-f1-sim/ws/install/eufs_msgs/include/eufs_msgs/eufs_msgs/msg/detail\n'}
[24.022429] (eufs_msgs) StdoutLine: {'line': b'-- Installing: /home/gera/Desktop/EUFS_FORK_CONTAINERIZED/eufs-f1-sim/ws/install/eufs_msgs/include/eufs_msgs/eufs_msgs/msg/detail/heartbeat__rosidl_typesupport_fastrtps_cpp.hpp\n'}
[24.022473] (eufs_msgs) StdoutLine: {'line': b'-- Installing: /home/gera/Desktop/EUFS_FORK_CONTAINERIZED/eufs-f1-sim/ws/install/eufs_msgs/include/eufs_msgs/eufs_msgs/msg/detail/slam_err__rosidl_typesupport_fastrtps_cpp.hpp\n'}
[24.022595] (eufs_msgs) StdoutLine: {'line': b'-- Installing: /home/gera/Desktop/EUFS_FORK_CONTAINERIZED/eufs-f1-sim/ws/install/eufs_msgs/include/eufs_msgs/eufs_msgs/msg/detail/wheel_speeds__rosidl_typesupport_fastrtps_cpp.hpp\n'}
[24.022699] (eufs_msgs) StdoutLine: {'line': b'-- Installing: /home/gera/Desktop/EUFS_FORK_CONTAINERIZED/eufs-f1-sim/ws/install/eufs_msgs/include/eufs_msgs/eufs_msgs/msg/detail/cone_array_with_covariance__rosidl_typesupport_fastrtps_cpp.hpp\n'}
[24.022746] (eufs_msgs) StdoutLine: {'line': b'-- Installing: /home/gera/Desktop/EUFS_FORK_CONTAINERIZED/eufs-f1-sim/ws/install/eufs_msgs/include/eufs_msgs/eufs_msgs/msg/detail/node_state__rosidl_typesupport_fastrtps_cpp.hpp\n'}
[24.022796] (eufs_msgs) StdoutLine: {'line': b'-- Installing: /home/gera/Desktop/EUFS_FORK_CONTAINERIZED/eufs-f1-sim/ws/install/eufs_msgs/include/eufs_msgs/eufs_msgs/msg/detail/path_integral_stats__rosidl_typesupport_fastrtps_cpp.hpp\n'}
[24.022846] (eufs_msgs) StdoutLine: {'line': b'-- Installing: /home/gera/Desktop/EUFS_FORK_CONTAINERIZED/eufs-f1-sim/ws/install/eufs_msgs/include/eufs_msgs/eufs_msgs/msg/detail/cone_association__rosidl_typesupport_fastrtps_cpp.hpp\n'}
[24.022895] (eufs_msgs) StdoutLine: {'line': b'-- Installing: /home/gera/Desktop/EUFS_FORK_CONTAINERIZED/eufs-f1-sim/ws/install/eufs_msgs/include/eufs_msgs/eufs_msgs/msg/detail/path_integral_timing__rosidl_typesupport_fastrtps_cpp.hpp\n'}
[24.022943] (eufs_msgs) StdoutLine: {'line': b'-- Installing: /home/gera/Desktop/EUFS_FORK_CONTAINERIZED/eufs-f1-sim/ws/install/eufs_msgs/include/eufs_msgs/eufs_msgs/msg/detail/vehicle_commands__rosidl_typesupport_fastrtps_cpp.hpp\n'}
[24.022994] (eufs_msgs) StdoutLine: {'line': b'-- Installing: /home/gera/Desktop/EUFS_FORK_CONTAINERIZED/eufs-f1-sim/ws/install/eufs_msgs/include/eufs_msgs/eufs_msgs/msg/detail/pure_pursuit_checkpoint__rosidl_typesupport_fastrtps_cpp.hpp\n'}
[24.023042] (eufs_msgs) StdoutLine: {'line': b'-- Installing: /home/gera/Desktop/EUFS_FORK_CONTAINERIZED/eufs-f1-sim/ws/install/eufs_msgs/include/eufs_msgs/eufs_msgs/msg/detail/lap_stats__rosidl_typesupport_fastrtps_cpp.hpp\n'}
[24.023090] (eufs_msgs) StdoutLine: {'line': b'-- Installing: /home/gera/Desktop/EUFS_FORK_CONTAINERIZED/eufs-f1-sim/ws/install/eufs_msgs/include/eufs_msgs/eufs_msgs/msg/detail/state_machine_state__rosidl_typesupport_fastrtps_cpp.hpp\n'}
[24.023139] (eufs_msgs) StdoutLine: {'line': b'-- Installing: /home/gera/Desktop/EUFS_FORK_CONTAINERIZED/eufs-f1-sim/ws/install/eufs_msgs/include/eufs_msgs/eufs_msgs/msg/detail/pure_pursuit_checkpoint_array_stamped__rosidl_typesupport_fastrtps_cpp.hpp\n'}
[24.023250] (eufs_msgs) StdoutLine: {'line': b'-- Installing: /home/gera/Desktop/EUFS_FORK_CONTAINERIZED/eufs-f1-sim/ws/install/eufs_msgs/include/eufs_msgs/eufs_msgs/msg/detail/bounding_box__rosidl_typesupport_fastrtps_cpp.hpp\n'}
[24.023342] (eufs_msgs) StdoutLine: {'line': b'-- Installing: /home/gera/Desktop/EUFS_FORK_CONTAINERIZED/eufs-f1-sim/ws/install/eufs_msgs/include/eufs_msgs/eufs_msgs/msg/detail/waypoint__rosidl_typesupport_fastrtps_cpp.hpp\n'}
[24.023389] (eufs_msgs) StdoutLine: {'line': b'-- Installing: /home/gera/Desktop/EUFS_FORK_CONTAINERIZED/eufs-f1-sim/ws/install/eufs_msgs/include/eufs_msgs/eufs_msgs/msg/detail/path_integral_status__rosidl_typesupport_fastrtps_cpp.hpp\n'}
[24.023501] (eufs_msgs) StdoutLine: {'line': b'-- Installing: /home/gera/Desktop/EUFS_FORK_CONTAINERIZED/eufs-f1-sim/ws/install/eufs_msgs/include/eufs_msgs/eufs_msgs/msg/detail/path_integral_params__rosidl_typesupport_fastrtps_cpp.hpp\n'}
[24.023549] (eufs_msgs) StdoutLine: {'line': b'-- Installing: /home/gera/Desktop/EUFS_FORK_CONTAINERIZED/eufs-f1-sim/ws/install/eufs_msgs/include/eufs_msgs/eufs_msgs/msg/detail/system_status__rosidl_typesupport_fastrtps_cpp.hpp\n'}
[24.023594] (eufs_msgs) StdoutLine: {'line': b'-- Installing: /home/gera/Desktop/EUFS_FORK_CONTAINERIZED/eufs-f1-sim/ws/install/eufs_msgs/include/eufs_msgs/eufs_msgs/msg/detail/node_state_array__rosidl_typesupport_fastrtps_cpp.hpp\n'}
[24.023640] (eufs_msgs) StdoutLine: {'line': b'-- Installing: /home/gera/Desktop/EUFS_FORK_CONTAINERIZED/eufs-f1-sim/ws/install/eufs_msgs/include/eufs_msgs/eufs_msgs/msg/detail/runstop__rosidl_typesupport_fastrtps_cpp.hpp\n'}
[24.023686] (eufs_msgs) StdoutLine: {'line': b'-- Installing: /home/gera/Desktop/EUFS_FORK_CONTAINERIZED/eufs-f1-sim/ws/install/eufs_msgs/include/eufs_msgs/eufs_msgs/msg/detail/cone_association_array_stamped__rosidl_typesupport_fastrtps_cpp.hpp\n'}
[24.023730] (eufs_msgs) StdoutLine: {'line': b'-- Installing: /home/gera/Desktop/EUFS_FORK_CONTAINERIZED/eufs-f1-sim/ws/install/eufs_msgs/include/eufs_msgs/eufs_msgs/msg/detail/waypoint_array_stamped__rosidl_typesupport_fastrtps_cpp.hpp\n'}
[24.023775] (eufs_msgs) StdoutLine: {'line': b'-- Installing: /home/gera/Desktop/EUFS_FORK_CONTAINERIZED/eufs-f1-sim/ws/install/eufs_msgs/include/eufs_msgs/eufs_msgs/msg/detail/mpc_state__rosidl_typesupport_fastrtps_cpp.hpp\n'}
[24.023821] (eufs_msgs) StdoutLine: {'line': b'-- Installing: /home/gera/Desktop/EUFS_FORK_CONTAINERIZED/eufs-f1-sim/ws/install/eufs_msgs/include/eufs_msgs/eufs_msgs/msg/detail/topic_status__rosidl_typesupport_fastrtps_cpp.hpp\n'}
[24.023868] (eufs_msgs) StdoutLine: {'line': b'-- Installing: /home/gera/Desktop/EUFS_FORK_CONTAINERIZED/eufs-f1-sim/ws/install/eufs_msgs/include/eufs_msgs/eufs_msgs/msg/detail/particle_stamped__rosidl_typesupport_fastrtps_cpp.hpp\n'}
[24.024004] (eufs_msgs) StdoutLine: {'line': b'-- Installing: /home/gera/Desktop/EUFS_FORK_CONTAINERIZED/eufs-f1-sim/ws/install/eufs_msgs/include/eufs_msgs/eufs_msgs/msg/detail/ekf_state__rosidl_typesupport_fastrtps_cpp.hpp\n'}
[24.024053] (eufs_msgs) StdoutLine: {'line': b'-- Installing: /home/gera/Desktop/EUFS_FORK_CONTAINERIZED/eufs-f1-sim/ws/install/eufs_msgs/include/eufs_msgs/eufs_msgs/msg/detail/can_state__rosidl_typesupport_fastrtps_cpp.hpp\n'}
[24.024100] (eufs_msgs) StdoutLine: {'line': b'-- Installing: /home/gera/Desktop/EUFS_FORK_CONTAINERIZED/eufs-f1-sim/ws/install/eufs_msgs/include/eufs_msgs/eufs_msgs/msg/detail/bounding_boxes__rosidl_typesupport_fastrtps_cpp.hpp\n'}
[24.024146] (eufs_msgs) StdoutLine: {'line': b'-- Installing: /home/gera/Desktop/EUFS_FORK_CONTAINERIZED/eufs-f1-sim/ws/install/eufs_msgs/include/eufs_msgs/eufs_msgs/msg/detail/cone_with_color_probability__rosidl_typesupport_fastrtps_cpp.hpp\n'}
[24.024305] (eufs_msgs) StdoutLine: {'line': b'-- Installing: /home/gera/Desktop/EUFS_FORK_CONTAINERIZED/eufs-f1-sim/ws/install/eufs_msgs/include/eufs_msgs/eufs_msgs/msg/detail/costmap__rosidl_typesupport_fastrtps_cpp.hpp\n'}
[24.024350] (eufs_msgs) StdoutLine: {'line': b'-- Installing: /home/gera/Desktop/EUFS_FORK_CONTAINERIZED/eufs-f1-sim/ws/install/eufs_msgs/include/eufs_msgs/eufs_msgs/msg/detail/chassis_command__rosidl_typesupport_fastrtps_cpp.hpp\n'}
[24.024436] (eufs_msgs) StdoutLine: {'line': b'-- Installing: /home/gera/Desktop/EUFS_FORK_CONTAINERIZED/eufs-f1-sim/ws/install/eufs_msgs/include/eufs_msgs/eufs_msgs/msg/detail/chassis_state__rosidl_typesupport_fastrtps_cpp.hpp\n'}
[24.024483] (eufs_msgs) StdoutLine: {'line': b'-- Installing: /home/gera/Desktop/EUFS_FORK_CONTAINERIZED/eufs-f1-sim/ws/install/eufs_msgs/include/eufs_msgs/eufs_msgs/msg/detail/point_array__rosidl_typesupport_fastrtps_cpp.hpp\n'}
[24.024532] (eufs_msgs) StdoutLine: {'line': b'-- Installing: /home/gera/Desktop/EUFS_FORK_CONTAINERIZED/eufs-f1-sim/ws/install/eufs_msgs/include/eufs_msgs/eufs_msgs/msg/detail/cpu_status__rosidl_typesupport_fastrtps_cpp.hpp\n'}
[24.024579] (eufs_msgs) StdoutLine: {'line': b'-- Installing: /home/gera/Desktop/EUFS_FORK_CONTAINERIZED/eufs-f1-sim/ws/install/eufs_msgs/include/eufs_msgs/eufs_msgs/msg/detail/ekf_err__rosidl_typesupport_fastrtps_cpp.hpp\n'}
[24.024625] (eufs_msgs) StdoutLine: {'line': b'-- Installing: /home/gera/Desktop/EUFS_FORK_CONTAINERIZED/eufs-f1-sim/ws/install/eufs_msgs/include/eufs_msgs/eufs_msgs/msg/detail/integration_err__rosidl_typesupport_fastrtps_cpp.hpp\n'}
[24.024671] (eufs_msgs) StdoutLine: {'line': b'-- Installing: /home/gera/Desktop/EUFS_FORK_CONTAINERIZED/eufs-f1-sim/ws/install/eufs_msgs/include/eufs_msgs/eufs_msgs/msg/detail/particle_slam__rosidl_typesupport_fastrtps_cpp.hpp\n'}
[24.024770] (eufs_msgs) StdoutLine: {'line': b'-- Installing: /home/gera/Desktop/EUFS_FORK_CONTAINERIZED/eufs-f1-sim/ws/install/eufs_msgs/include/eufs_msgs/eufs_msgs/msg/detail/cone_association_array_array_stamped__rosidl_typesupport_fastrtps_cpp.hpp\n'}
[24.024812] (eufs_msgs) StdoutLine: {'line': b'-- Installing: /home/gera/Desktop/EUFS_FORK_CONTAINERIZED/eufs-f1-sim/ws/install/eufs_msgs/include/eufs_msgs/eufs_msgs/msg/detail/cone_array__rosidl_typesupport_fastrtps_cpp.hpp\n'}
[24.024857] (eufs_msgs) StdoutLine: {'line': b'-- Installing: /home/gera/Desktop/EUFS_FORK_CONTAINERIZED/eufs-f1-sim/ws/install/eufs_msgs/include/eufs_msgs/eufs_msgs/msg/detail/car_forces__rosidl_typesupport_fastrtps_cpp.hpp\n'}
[24.024903] (eufs_msgs) StdoutLine: {'line': b'-- Installing: /home/gera/Desktop/EUFS_FORK_CONTAINERIZED/eufs-f1-sim/ws/install/eufs_msgs/include/eufs_msgs/eufs_msgs/msg/detail/vehicle_commands_stamped__rosidl_typesupport_fastrtps_cpp.hpp\n'}
[24.024950] (eufs_msgs) StdoutLine: {'line': b'-- Installing: /home/gera/Desktop/EUFS_FORK_CONTAINERIZED/eufs-f1-sim/ws/install/eufs_msgs/include/eufs_msgs/eufs_msgs/msg/detail/car_state__rosidl_typesupport_fastrtps_cpp.hpp\n'}
[24.024996] (eufs_msgs) StdoutLine: {'line': b'-- Installing: /home/gera/Desktop/EUFS_FORK_CONTAINERIZED/eufs-f1-sim/ws/install/eufs_msgs/include/eufs_msgs/eufs_msgs/msg/detail/full_state__rosidl_typesupport_fastrtps_cpp.hpp\n'}
[24.025042] (eufs_msgs) StdoutLine: {'line': b'-- Installing: /home/gera/Desktop/EUFS_FORK_CONTAINERIZED/eufs-f1-sim/ws/install/eufs_msgs/include/eufs_msgs/eufs_msgs/msg/detail/particle_slam_stamped__rosidl_typesupport_fastrtps_cpp.hpp\n'}
[24.025087] (eufs_msgs) StdoutLine: {'line': b'-- Installing: /home/gera/Desktop/EUFS_FORK_CONTAINERIZED/eufs-f1-sim/ws/install/eufs_msgs/include/eufs_msgs/eufs_msgs/msg/detail/cone_association_array__rosidl_typesupport_fastrtps_cpp.hpp\n'}
[24.025134] (eufs_msgs) StdoutLine: {'line': b'-- Installing: /home/gera/Desktop/EUFS_FORK_CONTAINERIZED/eufs-f1-sim/ws/install/eufs_msgs/include/eufs_msgs/eufs_msgs/msg/detail/cone_with_color_probability_array__rosidl_typesupport_fastrtps_cpp.hpp\n'}
[24.025188] (eufs_msgs) StdoutLine: {'line': b'-- Installing: /home/gera/Desktop/EUFS_FORK_CONTAINERIZED/eufs-f1-sim/ws/install/eufs_msgs/include/eufs_msgs/eufs_msgs/msg/detail/cone_with_covariance__rosidl_typesupport_fastrtps_cpp.hpp\n'}
[24.025294] (eufs_msgs) StdoutLine: {'line': b'-- Installing: /home/gera/Desktop/EUFS_FORK_CONTAINERIZED/eufs-f1-sim/ws/install/eufs_msgs/include/eufs_msgs/eufs_msgs/msg/detail/particle__rosidl_typesupport_fastrtps_cpp.hpp\n'}
[24.025417] (eufs_msgs) StdoutLine: {'line': b'-- Installing: /home/gera/Desktop/EUFS_FORK_CONTAINERIZED/eufs-f1-sim/ws/install/eufs_msgs/include/eufs_msgs/eufs_msgs/msg/detail/wheel_odometry_err__rosidl_typesupport_fastrtps_cpp.hpp\n'}
[24.025462] (eufs_msgs) StdoutLine: {'line': b'-- Installing: /home/gera/Desktop/EUFS_FORK_CONTAINERIZED/eufs-f1-sim/ws/install/eufs_msgs/include/eufs_msgs/eufs_msgs/msg/detail/cpu_usage__rosidl_typesupport_fastrtps_cpp.hpp\n'}
[24.025505] (eufs_msgs) StdoutLine: {'line': b'-- Installing: /home/gera/Desktop/EUFS_FORK_CONTAINERIZED/eufs-f1-sim/ws/install/eufs_msgs/include/eufs_msgs/eufs_msgs/msg/detail/wheel_speeds_stamped__rosidl_typesupport_fastrtps_cpp.hpp\n'}
[24.025550] (eufs_msgs) StdoutLine: {'line': b'-- Installing: /home/gera/Desktop/EUFS_FORK_CONTAINERIZED/eufs-f1-sim/ws/install/eufs_msgs/include/eufs_msgs/eufs_msgs/msg/detail/dds_fastrtps\n'}
[24.025593] (eufs_msgs) StdoutLine: {'line': b'-- Installing: /home/gera/Desktop/EUFS_FORK_CONTAINERIZED/eufs-f1-sim/ws/install/eufs_msgs/include/eufs_msgs/eufs_msgs/msg/detail/oss__rosidl_typesupport_fastrtps_cpp.hpp\n'}
[24.025638] (eufs_msgs) StdoutLine: {'line': b'-- Installing: /home/gera/Desktop/EUFS_FORK_CONTAINERIZED/eufs-f1-sim/ws/install/eufs_msgs/include/eufs_msgs/eufs_msgs/msg/detail/planning_mode__rosidl_typesupport_fastrtps_cpp.hpp\n'}
[24.025684] (eufs_msgs) StdoutLine: {'line': b'-- Installing: /home/gera/Desktop/EUFS_FORK_CONTAINERIZED/eufs-f1-sim/ws/install/eufs_msgs/include/eufs_msgs/eufs_msgs/msg/detail/point_array_stamped__rosidl_typesupport_fastrtps_cpp.hpp\n'}
[24.025730] (eufs_msgs) StdoutLine: {'line': b'-- Installing: /home/gera/Desktop/EUFS_FORK_CONTAINERIZED/eufs-f1-sim/ws/install/eufs_msgs/include/eufs_msgs/eufs_msgs/msg/detail/slam_state__rosidl_typesupport_fastrtps_cpp.hpp\n'}
[24.025776] (eufs_msgs) StdoutLine: {'line': b'-- Installing: /home/gera/Desktop/EUFS_FORK_CONTAINERIZED/eufs-f1-sim/ws/install/eufs_msgs/include/eufs_msgs/eufs_msgs/msg/detail/stereo_image__rosidl_typesupport_fastrtps_cpp.hpp\n'}
[24.025821] (eufs_msgs) StdoutLine: {'line': b'-- Installing: /home/gera/Desktop/EUFS_FORK_CONTAINERIZED/eufs-f1-sim/ws/install/eufs_msgs/lib/libeufs_msgs__rosidl_typesupport_fastrtps_cpp.so\n'}
[24.026028] (eufs_msgs) StdoutLine: {'line': b'-- Set runtime path of "/home/gera/Desktop/EUFS_FORK_CONTAINERIZED/eufs-f1-sim/ws/install/eufs_msgs/lib/libeufs_msgs__rosidl_typesupport_fastrtps_cpp.so" to ""\n'}
[24.026074] (eufs_msgs) StdoutLine: {'line': b'-- Up-to-date: /home/gera/Desktop/EUFS_FORK_CONTAINERIZED/eufs-f1-sim/ws/install/eufs_msgs/include/eufs_msgs/eufs_msgs\n'}
[24.026126] (eufs_msgs) StdoutLine: {'line': b'-- Up-to-date: /home/gera/Desktop/EUFS_FORK_CONTAINERIZED/eufs-f1-sim/ws/install/eufs_msgs/include/eufs_msgs/eufs_msgs/action\n'}
[24.026191] (eufs_msgs) StdoutLine: {'line': b'-- Up-to-date: /home/gera/Desktop/EUFS_FORK_CONTAINERIZED/eufs-f1-sim/ws/install/eufs_msgs/include/eufs_msgs/eufs_msgs/action/detail\n'}
[24.026994] (eufs_msgs) StdoutLine: {'line': b'-- Installing: /home/gera/Desktop/EUFS_FORK_CONTAINERIZED/eufs-f1-sim/ws/install/eufs_msgs/include/eufs_msgs/eufs_msgs/action/detail/check_for_objects__rosidl_typesupport_introspection_cpp.hpp\n'}
[24.027242] (eufs_msgs) StdoutLine: {'line': b'-- Installing: /home/gera/Desktop/EUFS_FORK_CONTAINERIZED/eufs-f1-sim/ws/install/eufs_msgs/include/eufs_msgs/eufs_msgs/action/detail/check_for_objects__type_support.cpp\n'}
[24.027440] (eufs_msgs) StdoutLine: {'line': b'-- Up-to-date: /home/gera/Desktop/EUFS_FORK_CONTAINERIZED/eufs-f1-sim/ws/install/eufs_msgs/include/eufs_msgs/eufs_msgs/srv\n'}
[24.027766] (eufs_msgs) StdoutLine: {'line': b'-- Up-to-date: /home/gera/Desktop/EUFS_FORK_CONTAINERIZED/eufs-f1-sim/ws/install/eufs_msgs/include/eufs_msgs/eufs_msgs/srv/detail\n'}
[24.028006] (eufs_msgs) StdoutLine: {'line': b'-- Installing: /home/gera/Desktop/EUFS_FORK_CONTAINERIZED/eufs-f1-sim/ws/install/eufs_msgs/include/eufs_msgs/eufs_msgs/srv/detail/set_can_state__rosidl_typesupport_introspection_cpp.hpp\n'}
[24.028232] (eufs_msgs) StdoutLine: {'line': b'-- Installing: /home/gera/Desktop/EUFS_FORK_CONTAINERIZED/eufs-f1-sim/ws/install/eufs_msgs/include/eufs_msgs/eufs_msgs/srv/detail/record_start__rosidl_typesupport_introspection_cpp.hpp\n'}
[24.028422] (eufs_msgs) StdoutLine: {'line': b'-- Installing: /home/gera/Desktop/EUFS_FORK_CONTAINERIZED/eufs-f1-sim/ws/install/eufs_msgs/include/eufs_msgs/eufs_msgs/srv/detail/register__rosidl_typesupport_introspection_cpp.hpp\n'}
[24.028614] (eufs_msgs) StdoutLine: {'line': b'-- Installing: /home/gera/Desktop/EUFS_FORK_CONTAINERIZED/eufs-f1-sim/ws/install/eufs_msgs/include/eufs_msgs/eufs_msgs/srv/detail/set_track__type_support.cpp\n'}
[24.028824] (eufs_msgs) StdoutLine: {'line': b'-- Installing: /home/gera/Desktop/EUFS_FORK_CONTAINERIZED/eufs-f1-sim/ws/install/eufs_msgs/include/eufs_msgs/eufs_msgs/srv/detail/get_map__rosidl_typesupport_introspection_cpp.hpp\n'}
[24.029037] (eufs_msgs) StdoutLine: {'line': b'-- Installing: /home/gera/Desktop/EUFS_FORK_CONTAINERIZED/eufs-f1-sim/ws/install/eufs_msgs/include/eufs_msgs/eufs_msgs/srv/detail/set_string__type_support.cpp\n'}
[24.029311] (eufs_msgs) StdoutLine: {'line': b'-- Installing: /home/gera/Desktop/EUFS_FORK_CONTAINERIZED/eufs-f1-sim/ws/install/eufs_msgs/include/eufs_msgs/eufs_msgs/srv/detail/set_mission__rosidl_typesupport_introspection_cpp.hpp\n'}
[24.029466] (eufs_msgs) StdoutLine: {'line': b'-- Installing: /home/gera/Desktop/EUFS_FORK_CONTAINERIZED/eufs-f1-sim/ws/install/eufs_msgs/include/eufs_msgs/eufs_msgs/srv/detail/set_string__rosidl_typesupport_introspection_cpp.hpp\n'}
[24.029516] (eufs_msgs) StdoutLine: {'line': b'-- Installing: /home/gera/Desktop/EUFS_FORK_CONTAINERIZED/eufs-f1-sim/ws/install/eufs_msgs/include/eufs_msgs/eufs_msgs/srv/detail/get_map__type_support.cpp\n'}
[24.029559] (eufs_msgs) StdoutLine: {'line': b'-- Installing: /home/gera/Desktop/EUFS_FORK_CONTAINERIZED/eufs-f1-sim/ws/install/eufs_msgs/include/eufs_msgs/eufs_msgs/srv/detail/set_can_state__type_support.cpp\n'}
[24.029601] (eufs_msgs) StdoutLine: {'line': b'-- Installing: /home/gera/Desktop/EUFS_FORK_CONTAINERIZED/eufs-f1-sim/ws/install/eufs_msgs/include/eufs_msgs/eufs_msgs/srv/detail/set_mission__type_support.cpp\n'}
[24.029642] (eufs_msgs) StdoutLine: {'line': b'-- Installing: /home/gera/Desktop/EUFS_FORK_CONTAINERIZED/eufs-f1-sim/ws/install/eufs_msgs/include/eufs_msgs/eufs_msgs/srv/detail/register__type_support.cpp\n'}
[24.029684] (eufs_msgs) StdoutLine: {'line': b'-- Installing: /home/gera/Desktop/EUFS_FORK_CONTAINERIZED/eufs-f1-sim/ws/install/eufs_msgs/include/eufs_msgs/eufs_msgs/srv/detail/record_start__type_support.cpp\n'}
[24.029724] (eufs_msgs) StdoutLine: {'line': b'-- Installing: /home/gera/Desktop/EUFS_FORK_CONTAINERIZED/eufs-f1-sim/ws/install/eufs_msgs/include/eufs_msgs/eufs_msgs/srv/detail/record_stop__rosidl_typesupport_introspection_cpp.hpp\n'}
[24.029764] (eufs_msgs) StdoutLine: {'line': b'-- Installing: /home/gera/Desktop/EUFS_FORK_CONTAINERIZED/eufs-f1-sim/ws/install/eufs_msgs/include/eufs_msgs/eufs_msgs/srv/detail/set_track__rosidl_typesupport_introspection_cpp.hpp\n'}
[24.029804] (eufs_msgs) StdoutLine: {'line': b'-- Installing: /home/gera/Desktop/EUFS_FORK_CONTAINERIZED/eufs-f1-sim/ws/install/eufs_msgs/include/eufs_msgs/eufs_msgs/srv/detail/record_stop__type_support.cpp\n'}
[24.029896] (eufs_msgs) StdoutLine: {'line': b'-- Up-to-date: /home/gera/Desktop/EUFS_FORK_CONTAINERIZED/eufs-f1-sim/ws/install/eufs_msgs/include/eufs_msgs/eufs_msgs/msg\n'}
[24.029968] (eufs_msgs) StdoutLine: {'line': b'-- Up-to-date: /home/gera/Desktop/EUFS_FORK_CONTAINERIZED/eufs-f1-sim/ws/install/eufs_msgs/include/eufs_msgs/eufs_msgs/msg/detail\n'}
[24.030009] (eufs_msgs) StdoutLine: {'line': b'-- Installing: /home/gera/Desktop/EUFS_FORK_CONTAINERIZED/eufs-f1-sim/ws/install/eufs_msgs/include/eufs_msgs/eufs_msgs/msg/detail/cone_array_with_covariance__rosidl_typesupport_introspection_cpp.hpp\n'}
[24.030051] (eufs_msgs) StdoutLine: {'line': b'-- Installing: /home/gera/Desktop/EUFS_FORK_CONTAINERIZED/eufs-f1-sim/ws/install/eufs_msgs/include/eufs_msgs/eufs_msgs/msg/detail/costmap__rosidl_typesupport_introspection_cpp.hpp\n'}
[24.030091] (eufs_msgs) StdoutLine: {'line': b'-- Installing: /home/gera/Desktop/EUFS_FORK_CONTAINERIZED/eufs-f1-sim/ws/install/eufs_msgs/include/eufs_msgs/eufs_msgs/msg/detail/path_integral_timing__type_support.cpp\n'}
[24.030170] (eufs_msgs) StdoutLine: {'line': b'-- Installing: /home/gera/Desktop/EUFS_FORK_CONTAINERIZED/eufs-f1-sim/ws/install/eufs_msgs/include/eufs_msgs/eufs_msgs/msg/detail/chassis_command__rosidl_typesupport_introspection_cpp.hpp\n'}
[24.030280] (eufs_msgs) StdoutLine: {'line': b'-- Installing: /home/gera/Desktop/EUFS_FORK_CONTAINERIZED/eufs-f1-sim/ws/install/eufs_msgs/include/eufs_msgs/eufs_msgs/msg/detail/node_state__type_support.cpp\n'}
[24.030320] (eufs_msgs) StdoutLine: {'line': b'-- Installing: /home/gera/Desktop/EUFS_FORK_CONTAINERIZED/eufs-f1-sim/ws/install/eufs_msgs/include/eufs_msgs/eufs_msgs/msg/detail/wheel_odometry_err__rosidl_typesupport_introspection_cpp.hpp\n'}
[24.030359] (eufs_msgs) StdoutLine: {'line': b'-- Installing: /home/gera/Desktop/EUFS_FORK_CONTAINERIZED/eufs-f1-sim/ws/install/eufs_msgs/include/eufs_msgs/eufs_msgs/msg/detail/ekf_state__rosidl_typesupport_introspection_cpp.hpp\n'}
[24.030399] (eufs_msgs) StdoutLine: {'line': b'-- Installing: /home/gera/Desktop/EUFS_FORK_CONTAINERIZED/eufs-f1-sim/ws/install/eufs_msgs/include/eufs_msgs/eufs_msgs/msg/detail/cone_with_color_probability__type_support.cpp\n'}
[24.030437] (eufs_msgs) StdoutLine: {'line': b'-- Installing: /home/gera/Desktop/EUFS_FORK_CONTAINERIZED/eufs-f1-sim/ws/install/eufs_msgs/include/eufs_msgs/eufs_msgs/msg/detail/state_machine_state__rosidl_typesupport_introspection_cpp.hpp\n'}
[24.030477] (eufs_msgs) StdoutLine: {'line': b'-- Installing: /home/gera/Desktop/EUFS_FORK_CONTAINERIZED/eufs-f1-sim/ws/install/eufs_msgs/include/eufs_msgs/eufs_msgs/msg/detail/pure_pursuit_checkpoint_array_stamped__type_support.cpp\n'}
[24.030515] (eufs_msgs) StdoutLine: {'line': b'-- Installing: /home/gera/Desktop/EUFS_FORK_CONTAINERIZED/eufs-f1-sim/ws/install/eufs_msgs/include/eufs_msgs/eufs_msgs/msg/detail/cone_with_covariance__type_support.cpp\n'}
[24.030553] (eufs_msgs) StdoutLine: {'line': b'-- Installing: /home/gera/Desktop/EUFS_FORK_CONTAINERIZED/eufs-f1-sim/ws/install/eufs_msgs/include/eufs_msgs/eufs_msgs/msg/detail/system_status__type_support.cpp\n'}
[24.030591] (eufs_msgs) StdoutLine: {'line': b'-- Installing: /home/gera/Desktop/EUFS_FORK_CONTAINERIZED/eufs-f1-sim/ws/install/eufs_msgs/include/eufs_msgs/eufs_msgs/msg/detail/mpc_state__rosidl_typesupport_introspection_cpp.hpp\n'}
[24.030680] (eufs_msgs) StdoutLine: {'line': b'-- Installing: /home/gera/Desktop/EUFS_FORK_CONTAINERIZED/eufs-f1-sim/ws/install/eufs_msgs/include/eufs_msgs/eufs_msgs/msg/detail/path_integral_params__rosidl_typesupport_introspection_cpp.hpp\n'}
[24.030720] (eufs_msgs) StdoutLine: {'line': b'-- Installing: /home/gera/Desktop/EUFS_FORK_CONTAINERIZED/eufs-f1-sim/ws/install/eufs_msgs/include/eufs_msgs/eufs_msgs/msg/detail/particle_slam__rosidl_typesupport_introspection_cpp.hpp\n'}
[24.030759] (eufs_msgs) StdoutLine: {'line': b'-- Installing: /home/gera/Desktop/EUFS_FORK_CONTAINERIZED/eufs-f1-sim/ws/install/eufs_msgs/include/eufs_msgs/eufs_msgs/msg/detail/cone_with_covariance__rosidl_typesupport_introspection_cpp.hpp\n'}
[24.030798] (eufs_msgs) StdoutLine: {'line': b'-- Installing: /home/gera/Desktop/EUFS_FORK_CONTAINERIZED/eufs-f1-sim/ws/install/eufs_msgs/include/eufs_msgs/eufs_msgs/msg/detail/cone_with_color_probability_array__rosidl_typesupport_introspection_cpp.hpp\n'}
[24.030839] (eufs_msgs) StdoutLine: {'line': b'-- Installing: /home/gera/Desktop/EUFS_FORK_CONTAINERIZED/eufs-f1-sim/ws/install/eufs_msgs/include/eufs_msgs/eufs_msgs/msg/detail/cpu_status__rosidl_typesupport_introspection_cpp.hpp\n'}
[24.030880] (eufs_msgs) StdoutLine: {'line': b'-- Installing: /home/gera/Desktop/EUFS_FORK_CONTAINERIZED/eufs-f1-sim/ws/install/eufs_msgs/include/eufs_msgs/eufs_msgs/msg/detail/chassis_state__type_support.cpp\n'}
[24.030918] (eufs_msgs) StdoutLine: {'line': b'-- Installing: /home/gera/Desktop/EUFS_FORK_CONTAINERIZED/eufs-f1-sim/ws/install/eufs_msgs/include/eufs_msgs/eufs_msgs/msg/detail/node_state_array__type_support.cpp\n'}
[24.031010] (eufs_msgs) StdoutLine: {'line': b'-- Installing: /home/gera/Desktop/EUFS_FORK_CONTAINERIZED/eufs-f1-sim/ws/install/eufs_msgs/include/eufs_msgs/eufs_msgs/msg/detail/bounding_boxes__rosidl_typesupport_introspection_cpp.hpp\n'}
[24.031050] (eufs_msgs) StdoutLine: {'line': b'-- Installing: /home/gera/Desktop/EUFS_FORK_CONTAINERIZED/eufs-f1-sim/ws/install/eufs_msgs/include/eufs_msgs/eufs_msgs/msg/detail/cone_array__type_support.cpp\n'}
[24.031094] (eufs_msgs) StdoutLine: {'line': b'-- Installing: /home/gera/Desktop/EUFS_FORK_CONTAINERIZED/eufs-f1-sim/ws/install/eufs_msgs/include/eufs_msgs/eufs_msgs/msg/detail/cone_array_with_covariance__type_support.cpp\n'}
[24.031135] (eufs_msgs) StdoutLine: {'line': b'-- Installing: /home/gera/Desktop/EUFS_FORK_CONTAINERIZED/eufs-f1-sim/ws/install/eufs_msgs/include/eufs_msgs/eufs_msgs/msg/detail/waypoint__rosidl_typesupport_introspection_cpp.hpp\n'}
[24.031180] (eufs_msgs) StdoutLine: {'line': b'-- Installing: /home/gera/Desktop/EUFS_FORK_CONTAINERIZED/eufs-f1-sim/ws/install/eufs_msgs/include/eufs_msgs/eufs_msgs/msg/detail/cone_association_array__type_support.cpp\n'}
[24.031293] (eufs_msgs) StdoutLine: {'line': b'-- Installing: /home/gera/Desktop/EUFS_FORK_CONTAINERIZED/eufs-f1-sim/ws/install/eufs_msgs/include/eufs_msgs/eufs_msgs/msg/detail/point_array__rosidl_typesupport_introspection_cpp.hpp\n'}
[24.031368] (eufs_msgs) StdoutLine: {'line': b'-- Installing: /home/gera/Desktop/EUFS_FORK_CONTAINERIZED/eufs-f1-sim/ws/install/eufs_msgs/include/eufs_msgs/eufs_msgs/msg/detail/wheel_speeds_stamped__type_support.cpp\n'}
[24.031406] (eufs_msgs) StdoutLine: {'line': b'-- Installing: /home/gera/Desktop/EUFS_FORK_CONTAINERIZED/eufs-f1-sim/ws/install/eufs_msgs/include/eufs_msgs/eufs_msgs/msg/detail/can_state__type_support.cpp\n'}
[24.031445] (eufs_msgs) StdoutLine: {'line': b'-- Installing: /home/gera/Desktop/EUFS_FORK_CONTAINERIZED/eufs-f1-sim/ws/install/eufs_msgs/include/eufs_msgs/eufs_msgs/msg/detail/costmap__type_support.cpp\n'}
[24.031482] (eufs_msgs) StdoutLine: {'line': b'-- Installing: /home/gera/Desktop/EUFS_FORK_CONTAINERIZED/eufs-f1-sim/ws/install/eufs_msgs/include/eufs_msgs/eufs_msgs/msg/detail/wheel_speeds__rosidl_typesupport_introspection_cpp.hpp\n'}
[24.031520] (eufs_msgs) StdoutLine: {'line': b'-- Installing: /home/gera/Desktop/EUFS_FORK_CONTAINERIZED/eufs-f1-sim/ws/install/eufs_msgs/include/eufs_msgs/eufs_msgs/msg/detail/planning_mode__rosidl_typesupport_introspection_cpp.hpp\n'}
[24.031558] (eufs_msgs) StdoutLine: {'line': b'-- Installing: /home/gera/Desktop/EUFS_FORK_CONTAINERIZED/eufs-f1-sim/ws/install/eufs_msgs/include/eufs_msgs/eufs_msgs/msg/detail/runstop__rosidl_typesupport_introspection_cpp.hpp\n'}
[24.031595] (eufs_msgs) StdoutLine: {'line': b'-- Installing: /home/gera/Desktop/EUFS_FORK_CONTAINERIZED/eufs-f1-sim/ws/install/eufs_msgs/include/eufs_msgs/eufs_msgs/msg/detail/point_array__type_support.cpp\n'}
[24.031632] (eufs_msgs) StdoutLine: {'line': b'-- Installing: /home/gera/Desktop/EUFS_FORK_CONTAINERIZED/eufs-f1-sim/ws/install/eufs_msgs/include/eufs_msgs/eufs_msgs/msg/detail/node_state_array__rosidl_typesupport_introspection_cpp.hpp\n'}
[24.031669] (eufs_msgs) StdoutLine: {'line': b'-- Installing: /home/gera/Desktop/EUFS_FORK_CONTAINERIZED/eufs-f1-sim/ws/install/eufs_msgs/include/eufs_msgs/eufs_msgs/msg/detail/point_array_stamped__type_support.cpp\n'}
[24.031706] (eufs_msgs) StdoutLine: {'line': b'-- Installing: /home/gera/Desktop/EUFS_FORK_CONTAINERIZED/eufs-f1-sim/ws/install/eufs_msgs/include/eufs_msgs/eufs_msgs/msg/detail/particle_slam__type_support.cpp\n'}
[24.031812] (eufs_msgs) StdoutLine: {'line': b'-- Installing: /home/gera/Desktop/EUFS_FORK_CONTAINERIZED/eufs-f1-sim/ws/install/eufs_msgs/include/eufs_msgs/eufs_msgs/msg/detail/point_array_stamped__rosidl_typesupport_introspection_cpp.hpp\n'}
[24.031850] (eufs_msgs) StdoutLine: {'line': b'-- Installing: /home/gera/Desktop/EUFS_FORK_CONTAINERIZED/eufs-f1-sim/ws/install/eufs_msgs/include/eufs_msgs/eufs_msgs/msg/detail/wheel_odometry_err__type_support.cpp\n'}
[24.031922] (eufs_msgs) StdoutLine: {'line': b'-- Installing: /home/gera/Desktop/EUFS_FORK_CONTAINERIZED/eufs-f1-sim/ws/install/eufs_msgs/include/eufs_msgs/eufs_msgs/msg/detail/cone_association_array_stamped__type_support.cpp\n'}
[24.031961] (eufs_msgs) StdoutLine: {'line': b'-- Installing: /home/gera/Desktop/EUFS_FORK_CONTAINERIZED/eufs-f1-sim/ws/install/eufs_msgs/include/eufs_msgs/eufs_msgs/msg/detail/node_state__rosidl_typesupport_introspection_cpp.hpp\n'}
[24.031999] (eufs_msgs) StdoutLine: {'line': b'-- Installing: /home/gera/Desktop/EUFS_FORK_CONTAINERIZED/eufs-f1-sim/ws/install/eufs_msgs/include/eufs_msgs/eufs_msgs/msg/detail/particle__type_support.cpp\n'}
[24.032037] (eufs_msgs) StdoutLine: {'line': b'-- Installing: /home/gera/Desktop/EUFS_FORK_CONTAINERIZED/eufs-f1-sim/ws/install/eufs_msgs/include/eufs_msgs/eufs_msgs/msg/detail/integration_err__rosidl_typesupport_introspection_cpp.hpp\n'}
[24.032115] (eufs_msgs) StdoutLine: {'line': b'-- Installing: /home/gera/Desktop/EUFS_FORK_CONTAINERIZED/eufs-f1-sim/ws/install/eufs_msgs/include/eufs_msgs/eufs_msgs/msg/detail/lap_stats__type_support.cpp\n'}
[24.032254] (eufs_msgs) StdoutLine: {'line': b'-- Installing: /home/gera/Desktop/EUFS_FORK_CONTAINERIZED/eufs-f1-sim/ws/install/eufs_msgs/include/eufs_msgs/eufs_msgs/msg/detail/pure_pursuit_checkpoint_array_stamped__rosidl_typesupport_introspection_cpp.hpp\n'}
[24.032461] (eufs_msgs) StdoutLine: {'line': b'-- Installing: /home/gera/Desktop/EUFS_FORK_CONTAINERIZED/eufs-f1-sim/ws/install/eufs_msgs/include/eufs_msgs/eufs_msgs/msg/detail/car_state__rosidl_typesupport_introspection_cpp.hpp\n'}
[24.032631] (eufs_msgs) StdoutLine: {'line': b'-- Installing: /home/gera/Desktop/EUFS_FORK_CONTAINERIZED/eufs-f1-sim/ws/install/eufs_msgs/include/eufs_msgs/eufs_msgs/msg/detail/system_status__rosidl_typesupport_introspection_cpp.hpp\n'}
[24.032806] (eufs_msgs) StdoutLine: {'line': b'-- Installing: /home/gera/Desktop/EUFS_FORK_CONTAINERIZED/eufs-f1-sim/ws/install/eufs_msgs/include/eufs_msgs/eufs_msgs/msg/detail/heartbeat__rosidl_typesupport_introspection_cpp.hpp\n'}
[24.032991] (eufs_msgs) StdoutLine: {'line': b'-- Installing: /home/gera/Desktop/EUFS_FORK_CONTAINERIZED/eufs-f1-sim/ws/install/eufs_msgs/include/eufs_msgs/eufs_msgs/msg/detail/oss__rosidl_typesupport_introspection_cpp.hpp\n'}
[24.033158] (eufs_msgs) StdoutLine: {'line': b'-- Installing: /home/gera/Desktop/EUFS_FORK_CONTAINERIZED/eufs-f1-sim/ws/install/eufs_msgs/include/eufs_msgs/eufs_msgs/msg/detail/car_forces__type_support.cpp\n'}
[24.033320] (eufs_msgs) StdoutLine: {'line': b'-- Installing: /home/gera/Desktop/EUFS_FORK_CONTAINERIZED/eufs-f1-sim/ws/install/eufs_msgs/include/eufs_msgs/eufs_msgs/msg/detail/chassis_state__rosidl_typesupport_introspection_cpp.hpp\n'}
[24.033494] (eufs_msgs) StdoutLine: {'line': b'-- Installing: /home/gera/Desktop/EUFS_FORK_CONTAINERIZED/eufs-f1-sim/ws/install/eufs_msgs/include/eufs_msgs/eufs_msgs/msg/detail/path_integral_timing__rosidl_typesupport_introspection_cpp.hpp\n'}
[24.033627] (eufs_msgs) StdoutLine: {'line': b'-- Installing: /home/gera/Desktop/EUFS_FORK_CONTAINERIZED/eufs-f1-sim/ws/install/eufs_msgs/include/eufs_msgs/eufs_msgs/msg/detail/cone_association_array_array_stamped__rosidl_typesupport_introspection_cpp.hpp\n'}
[24.033718] (eufs_msgs) StdoutLine: {'line': b'-- Installing: /home/gera/Desktop/EUFS_FORK_CONTAINERIZED/eufs-f1-sim/ws/install/eufs_msgs/include/eufs_msgs/eufs_msgs/msg/detail/state_machine_state__type_support.cpp\n'}
[24.033840] (eufs_msgs) StdoutLine: {'line': b'-- Installing: /home/gera/Desktop/EUFS_FORK_CONTAINERIZED/eufs-f1-sim/ws/install/eufs_msgs/include/eufs_msgs/eufs_msgs/msg/detail/particle__rosidl_typesupport_introspection_cpp.hpp\n'}
[24.033933] (eufs_msgs) StdoutLine: {'line': b'-- Installing: /home/gera/Desktop/EUFS_FORK_CONTAINERIZED/eufs-f1-sim/ws/install/eufs_msgs/include/eufs_msgs/eufs_msgs/msg/detail/cpu_usage__type_support.cpp\n'}
[24.034023] (eufs_msgs) StdoutLine: {'line': b'-- Installing: /home/gera/Desktop/EUFS_FORK_CONTAINERIZED/eufs-f1-sim/ws/install/eufs_msgs/include/eufs_msgs/eufs_msgs/msg/detail/car_state__type_support.cpp\n'}
[24.034135] (eufs_msgs) StdoutLine: {'line': b'-- Installing: /home/gera/Desktop/EUFS_FORK_CONTAINERIZED/eufs-f1-sim/ws/install/eufs_msgs/include/eufs_msgs/eufs_msgs/msg/detail/cone_with_color_probability_array__type_support.cpp\n'}
[24.034241] (eufs_msgs) StdoutLine: {'line': b'-- Installing: /home/gera/Desktop/EUFS_FORK_CONTAINERIZED/eufs-f1-sim/ws/install/eufs_msgs/include/eufs_msgs/eufs_msgs/msg/detail/ekf_err__type_support.cpp\n'}
[24.034336] (eufs_msgs) StdoutLine: {'line': b'-- Installing: /home/gera/Desktop/EUFS_FORK_CONTAINERIZED/eufs-f1-sim/ws/install/eufs_msgs/include/eufs_msgs/eufs_msgs/msg/detail/can_state__rosidl_typesupport_introspection_cpp.hpp\n'}
[24.034442] (eufs_msgs) StdoutLine: {'line': b'-- Installing: /home/gera/Desktop/EUFS_FORK_CONTAINERIZED/eufs-f1-sim/ws/install/eufs_msgs/include/eufs_msgs/eufs_msgs/msg/detail/ekf_state__type_support.cpp\n'}
[24.034532] (eufs_msgs) StdoutLine: {'line': b'-- Installing: /home/gera/Desktop/EUFS_FORK_CONTAINERIZED/eufs-f1-sim/ws/install/eufs_msgs/include/eufs_msgs/eufs_msgs/msg/detail/wheel_speeds__type_support.cpp\n'}
[24.034624] (eufs_msgs) StdoutLine: {'line': b'-- Installing: /home/gera/Desktop/EUFS_FORK_CONTAINERIZED/eufs-f1-sim/ws/install/eufs_msgs/include/eufs_msgs/eufs_msgs/msg/detail/topic_status__type_support.cpp\n'}
[24.034780] (eufs_msgs) StdoutLine: {'line': b'-- Installing: /home/gera/Desktop/EUFS_FORK_CONTAINERIZED/eufs-f1-sim/ws/install/eufs_msgs/include/eufs_msgs/eufs_msgs/msg/detail/cone_association__rosidl_typesupport_introspection_cpp.hpp\n'}
[24.034871] (eufs_msgs) StdoutLine: {'line': b'-- Installing: /home/gera/Desktop/EUFS_FORK_CONTAINERIZED/eufs-f1-sim/ws/install/eufs_msgs/include/eufs_msgs/eufs_msgs/msg/detail/waypoint_array_stamped__type_support.cpp\n'}
[24.034957] (eufs_msgs) StdoutLine: {'line': b'-- Installing: /home/gera/Desktop/EUFS_FORK_CONTAINERIZED/eufs-f1-sim/ws/install/eufs_msgs/include/eufs_msgs/eufs_msgs/msg/detail/slam_err__type_support.cpp\n'}
[24.035100] (eufs_msgs) StdoutLine: {'line': b'-- Installing: /home/gera/Desktop/EUFS_FORK_CONTAINERIZED/eufs-f1-sim/ws/install/eufs_msgs/include/eufs_msgs/eufs_msgs/msg/detail/path_integral_stats__type_support.cpp\n'}
[24.035258] (eufs_msgs) StdoutLine: {'line': b'-- Installing: /home/gera/Desktop/EUFS_FORK_CONTAINERIZED/eufs-f1-sim/ws/install/eufs_msgs/include/eufs_msgs/eufs_msgs/msg/detail/runstop__type_support.cpp\n'}
[24.035351] (eufs_msgs) StdoutLine: {'line': b'-- Installing: /home/gera/Desktop/EUFS_FORK_CONTAINERIZED/eufs-f1-sim/ws/install/eufs_msgs/include/eufs_msgs/eufs_msgs/msg/detail/vehicle_commands_stamped__rosidl_typesupport_introspection_cpp.hpp\n'}
[24.035506] (eufs_msgs) StdoutLine: {'line': b'-- Installing: /home/gera/Desktop/EUFS_FORK_CONTAINERIZED/eufs-f1-sim/ws/install/eufs_msgs/include/eufs_msgs/eufs_msgs/msg/detail/full_state__rosidl_typesupport_introspection_cpp.hpp\n'}
[24.035726] (eufs_msgs) StdoutLine: {'line': b'-- Installing: /home/gera/Desktop/EUFS_FORK_CONTAINERIZED/eufs-f1-sim/ws/install/eufs_msgs/include/eufs_msgs/eufs_msgs/msg/detail/pure_pursuit_checkpoint__rosidl_typesupport_introspection_cpp.hpp\n'}
[24.035791] (eufs_msgs) StdoutLine: {'line': b'-- Installing: /home/gera/Desktop/EUFS_FORK_CONTAINERIZED/eufs-f1-sim/ws/install/eufs_msgs/include/eufs_msgs/eufs_msgs/msg/detail/integration_err__type_support.cpp\n'}
[24.035831] (eufs_msgs) StdoutLine: {'line': b'-- Installing: /home/gera/Desktop/EUFS_FORK_CONTAINERIZED/eufs-f1-sim/ws/install/eufs_msgs/include/eufs_msgs/eufs_msgs/msg/detail/cone_array__rosidl_typesupport_introspection_cpp.hpp\n'}
[24.035866] (eufs_msgs) StdoutLine: {'line': b'-- Installing: /home/gera/Desktop/EUFS_FORK_CONTAINERIZED/eufs-f1-sim/ws/install/eufs_msgs/include/eufs_msgs/eufs_msgs/msg/detail/stereo_image__type_support.cpp\n'}
[24.035900] (eufs_msgs) StdoutLine: {'line': b'-- Installing: /home/gera/Desktop/EUFS_FORK_CONTAINERIZED/eufs-f1-sim/ws/install/eufs_msgs/include/eufs_msgs/eufs_msgs/msg/detail/cone_association_array__rosidl_typesupport_introspection_cpp.hpp\n'}
[24.035932] (eufs_msgs) StdoutLine: {'line': b'-- Installing: /home/gera/Desktop/EUFS_FORK_CONTAINERIZED/eufs-f1-sim/ws/install/eufs_msgs/include/eufs_msgs/eufs_msgs/msg/detail/particle_slam_stamped__type_support.cpp\n'}
[24.035974] (eufs_msgs) StdoutLine: {'line': b'-- Installing: /home/gera/Desktop/EUFS_FORK_CONTAINERIZED/eufs-f1-sim/ws/install/eufs_msgs/include/eufs_msgs/eufs_msgs/msg/detail/full_state__type_support.cpp\n'}
[24.036006] (eufs_msgs) StdoutLine: {'line': b'-- Installing: /home/gera/Desktop/EUFS_FORK_CONTAINERIZED/eufs-f1-sim/ws/install/eufs_msgs/include/eufs_msgs/eufs_msgs/msg/detail/bounding_box__rosidl_typesupport_introspection_cpp.hpp\n'}
[24.036040] (eufs_msgs) StdoutLine: {'line': b'-- Installing: /home/gera/Desktop/EUFS_FORK_CONTAINERIZED/eufs-f1-sim/ws/install/eufs_msgs/include/eufs_msgs/eufs_msgs/msg/detail/wheel_speeds_stamped__rosidl_typesupport_introspection_cpp.hpp\n'}
[24.036071] (eufs_msgs) StdoutLine: {'line': b'-- Installing: /home/gera/Desktop/EUFS_FORK_CONTAINERIZED/eufs-f1-sim/ws/install/eufs_msgs/include/eufs_msgs/eufs_msgs/msg/detail/stereo_image__rosidl_typesupport_introspection_cpp.hpp\n'}
[24.036102] (eufs_msgs) StdoutLine: {'line': b'-- Installing: /home/gera/Desktop/EUFS_FORK_CONTAINERIZED/eufs-f1-sim/ws/install/eufs_msgs/include/eufs_msgs/eufs_msgs/msg/detail/path_integral_status__type_support.cpp\n'}
[24.036132] (eufs_msgs) StdoutLine: {'line': b'-- Installing: /home/gera/Desktop/EUFS_FORK_CONTAINERIZED/eufs-f1-sim/ws/install/eufs_msgs/include/eufs_msgs/eufs_msgs/msg/detail/bounding_box__type_support.cpp\n'}
[24.036163] (eufs_msgs) StdoutLine: {'line': b'-- Installing: /home/gera/Desktop/EUFS_FORK_CONTAINERIZED/eufs-f1-sim/ws/install/eufs_msgs/include/eufs_msgs/eufs_msgs/msg/detail/cone_association_array_stamped__rosidl_typesupport_introspection_cpp.hpp\n'}
[24.036213] (eufs_msgs) StdoutLine: {'line': b'-- Installing: /home/gera/Desktop/EUFS_FORK_CONTAINERIZED/eufs-f1-sim/ws/install/eufs_msgs/include/eufs_msgs/eufs_msgs/msg/detail/slam_state__type_support.cpp\n'}
[24.036246] (eufs_msgs) StdoutLine: {'line': b'-- Installing: /home/gera/Desktop/EUFS_FORK_CONTAINERIZED/eufs-f1-sim/ws/install/eufs_msgs/include/eufs_msgs/eufs_msgs/msg/detail/planning_mode__type_support.cpp\n'}
[24.036276] (eufs_msgs) StdoutLine: {'line': b'-- Installing: /home/gera/Desktop/EUFS_FORK_CONTAINERIZED/eufs-f1-sim/ws/install/eufs_msgs/include/eufs_msgs/eufs_msgs/msg/detail/cone_association__type_support.cpp\n'}
[24.036306] (eufs_msgs) StdoutLine: {'line': b'-- Installing: /home/gera/Desktop/EUFS_FORK_CONTAINERIZED/eufs-f1-sim/ws/install/eufs_msgs/include/eufs_msgs/eufs_msgs/msg/detail/lap_stats__rosidl_typesupport_introspection_cpp.hpp\n'}
[24.036337] (eufs_msgs) StdoutLine: {'line': b'-- Installing: /home/gera/Desktop/EUFS_FORK_CONTAINERIZED/eufs-f1-sim/ws/install/eufs_msgs/include/eufs_msgs/eufs_msgs/msg/detail/waypoint__type_support.cpp\n'}
[24.036370] (eufs_msgs) StdoutLine: {'line': b'-- Installing: /home/gera/Desktop/EUFS_FORK_CONTAINERIZED/eufs-f1-sim/ws/install/eufs_msgs/include/eufs_msgs/eufs_msgs/msg/detail/cone_association_array_array_stamped__type_support.cpp\n'}
[24.036400] (eufs_msgs) StdoutLine: {'line': b'-- Installing: /home/gera/Desktop/EUFS_FORK_CONTAINERIZED/eufs-f1-sim/ws/install/eufs_msgs/include/eufs_msgs/eufs_msgs/msg/detail/particle_slam_stamped__rosidl_typesupport_introspection_cpp.hpp\n'}
[24.036428] (eufs_msgs) StdoutLine: {'line': b'-- Installing: /home/gera/Desktop/EUFS_FORK_CONTAINERIZED/eufs-f1-sim/ws/install/eufs_msgs/include/eufs_msgs/eufs_msgs/msg/detail/particle_stamped__type_support.cpp\n'}
[24.036457] (eufs_msgs) StdoutLine: {'line': b'-- Installing: /home/gera/Desktop/EUFS_FORK_CONTAINERIZED/eufs-f1-sim/ws/install/eufs_msgs/include/eufs_msgs/eufs_msgs/msg/detail/car_forces__rosidl_typesupport_introspection_cpp.hpp\n'}
[24.036486] (eufs_msgs) StdoutLine: {'line': b'-- Installing: /home/gera/Desktop/EUFS_FORK_CONTAINERIZED/eufs-f1-sim/ws/install/eufs_msgs/include/eufs_msgs/eufs_msgs/msg/detail/slam_err__rosidl_typesupport_introspection_cpp.hpp\n'}
[24.036516] (eufs_msgs) StdoutLine: {'line': b'-- Installing: /home/gera/Desktop/EUFS_FORK_CONTAINERIZED/eufs-f1-sim/ws/install/eufs_msgs/include/eufs_msgs/eufs_msgs/msg/detail/cpu_status__type_support.cpp\n'}
[24.036547] (eufs_msgs) StdoutLine: {'line': b'-- Installing: /home/gera/Desktop/EUFS_FORK_CONTAINERIZED/eufs-f1-sim/ws/install/eufs_msgs/include/eufs_msgs/eufs_msgs/msg/detail/cpu_usage__rosidl_typesupport_introspection_cpp.hpp\n'}
[24.036577] (eufs_msgs) StdoutLine: {'line': b'-- Installing: /home/gera/Desktop/EUFS_FORK_CONTAINERIZED/eufs-f1-sim/ws/install/eufs_msgs/include/eufs_msgs/eufs_msgs/msg/detail/cone_with_color_probability__rosidl_typesupport_introspection_cpp.hpp\n'}
[24.036622] (eufs_msgs) StdoutLine: {'line': b'-- Installing: /home/gera/Desktop/EUFS_FORK_CONTAINERIZED/eufs-f1-sim/ws/install/eufs_msgs/include/eufs_msgs/eufs_msgs/msg/detail/mpc_state__type_support.cpp\n'}
[24.036664] (eufs_msgs) StdoutLine: {'line': b'-- Installing: /home/gera/Desktop/EUFS_FORK_CONTAINERIZED/eufs-f1-sim/ws/install/eufs_msgs/include/eufs_msgs/eufs_msgs/msg/detail/bounding_boxes__type_support.cpp\n'}
[24.036704] (eufs_msgs) StdoutLine: {'line': b'-- Installing: /home/gera/Desktop/EUFS_FORK_CONTAINERIZED/eufs-f1-sim/ws/install/eufs_msgs/include/eufs_msgs/eufs_msgs/msg/detail/heartbeat__type_support.cpp\n'}
[24.036736] (eufs_msgs) StdoutLine: {'line': b'-- Installing: /home/gera/Desktop/EUFS_FORK_CONTAINERIZED/eufs-f1-sim/ws/install/eufs_msgs/include/eufs_msgs/eufs_msgs/msg/detail/vehicle_commands__type_support.cpp\n'}
[24.036766] (eufs_msgs) StdoutLine: {'line': b'-- Installing: /home/gera/Desktop/EUFS_FORK_CONTAINERIZED/eufs-f1-sim/ws/install/eufs_msgs/include/eufs_msgs/eufs_msgs/msg/detail/slam_state__rosidl_typesupport_introspection_cpp.hpp\n'}
[24.036797] (eufs_msgs) StdoutLine: {'line': b'-- Installing: /home/gera/Desktop/EUFS_FORK_CONTAINERIZED/eufs-f1-sim/ws/install/eufs_msgs/include/eufs_msgs/eufs_msgs/msg/detail/topic_status__rosidl_typesupport_introspection_cpp.hpp\n'}
[24.036828] (eufs_msgs) StdoutLine: {'line': b'-- Installing: /home/gera/Desktop/EUFS_FORK_CONTAINERIZED/eufs-f1-sim/ws/install/eufs_msgs/include/eufs_msgs/eufs_msgs/msg/detail/waypoint_array_stamped__rosidl_typesupport_introspection_cpp.hpp\n'}
[24.036858] (eufs_msgs) StdoutLine: {'line': b'-- Installing: /home/gera/Desktop/EUFS_FORK_CONTAINERIZED/eufs-f1-sim/ws/install/eufs_msgs/include/eufs_msgs/eufs_msgs/msg/detail/pure_pursuit_checkpoint__type_support.cpp\n'}
[24.036888] (eufs_msgs) StdoutLine: {'line': b'-- Installing: /home/gera/Desktop/EUFS_FORK_CONTAINERIZED/eufs-f1-sim/ws/install/eufs_msgs/include/eufs_msgs/eufs_msgs/msg/detail/particle_stamped__rosidl_typesupport_introspection_cpp.hpp\n'}
[24.036920] (eufs_msgs) StdoutLine: {'line': b'-- Installing: /home/gera/Desktop/EUFS_FORK_CONTAINERIZED/eufs-f1-sim/ws/install/eufs_msgs/include/eufs_msgs/eufs_msgs/msg/detail/ekf_err__rosidl_typesupport_introspection_cpp.hpp\n'}
[24.036948] (eufs_msgs) StdoutLine: {'line': b'-- Installing: /home/gera/Desktop/EUFS_FORK_CONTAINERIZED/eufs-f1-sim/ws/install/eufs_msgs/include/eufs_msgs/eufs_msgs/msg/detail/path_integral_stats__rosidl_typesupport_introspection_cpp.hpp\n'}
[24.036981] (eufs_msgs) StdoutLine: {'line': b'-- Installing: /home/gera/Desktop/EUFS_FORK_CONTAINERIZED/eufs-f1-sim/ws/install/eufs_msgs/include/eufs_msgs/eufs_msgs/msg/detail/path_integral_status__rosidl_typesupport_introspection_cpp.hpp\n'}
[24.037010] (eufs_msgs) StdoutLine: {'line': b'-- Installing: /home/gera/Desktop/EUFS_FORK_CONTAINERIZED/eufs-f1-sim/ws/install/eufs_msgs/include/eufs_msgs/eufs_msgs/msg/detail/chassis_command__type_support.cpp\n'}
[24.037039] (eufs_msgs) StdoutLine: {'line': b'-- Installing: /home/gera/Desktop/EUFS_FORK_CONTAINERIZED/eufs-f1-sim/ws/install/eufs_msgs/include/eufs_msgs/eufs_msgs/msg/detail/path_integral_params__type_support.cpp\n'}
[24.037069] (eufs_msgs) StdoutLine: {'line': b'-- Installing: /home/gera/Desktop/EUFS_FORK_CONTAINERIZED/eufs-f1-sim/ws/install/eufs_msgs/include/eufs_msgs/eufs_msgs/msg/detail/oss__type_support.cpp\n'}
[24.037098] (eufs_msgs) StdoutLine: {'line': b'-- Installing: /home/gera/Desktop/EUFS_FORK_CONTAINERIZED/eufs-f1-sim/ws/install/eufs_msgs/include/eufs_msgs/eufs_msgs/msg/detail/vehicle_commands_stamped__type_support.cpp\n'}
[24.037130] (eufs_msgs) StdoutLine: {'line': b'-- Installing: /home/gera/Desktop/EUFS_FORK_CONTAINERIZED/eufs-f1-sim/ws/install/eufs_msgs/include/eufs_msgs/eufs_msgs/msg/detail/vehicle_commands__rosidl_typesupport_introspection_cpp.hpp\n'}
[24.037158] (eufs_msgs) StdoutLine: {'line': b'-- Installing: /home/gera/Desktop/EUFS_FORK_CONTAINERIZED/eufs-f1-sim/ws/install/eufs_msgs/lib/libeufs_msgs__rosidl_typesupport_introspection_cpp.so\n'}
[24.037194] (eufs_msgs) StdoutLine: {'line': b'-- Set runtime path of "/home/gera/Desktop/EUFS_FORK_CONTAINERIZED/eufs-f1-sim/ws/install/eufs_msgs/lib/libeufs_msgs__rosidl_typesupport_introspection_cpp.so" to ""\n'}
[24.037224] (eufs_msgs) StdoutLine: {'line': b'-- Installing: /home/gera/Desktop/EUFS_FORK_CONTAINERIZED/eufs-f1-sim/ws/install/eufs_msgs/lib/libeufs_msgs__rosidl_typesupport_cpp.so\n'}
[24.037252] (eufs_msgs) StdoutLine: {'line': b'-- Set runtime path of "/home/gera/Desktop/EUFS_FORK_CONTAINERIZED/eufs-f1-sim/ws/install/eufs_msgs/lib/libeufs_msgs__rosidl_typesupport_cpp.so" to ""\n'}
[24.037280] (eufs_msgs) StdoutLine: {'line': b'-- Installing: /home/gera/Desktop/EUFS_FORK_CONTAINERIZED/eufs-f1-sim/ws/install/eufs_msgs/share/eufs_msgs/environment/pythonpath.sh\n'}
[24.037308] (eufs_msgs) StdoutLine: {'line': b'-- Installing: /home/gera/Desktop/EUFS_FORK_CONTAINERIZED/eufs-f1-sim/ws/install/eufs_msgs/share/eufs_msgs/environment/pythonpath.dsv\n'}
[24.037336] (eufs_msgs) StdoutLine: {'line': b'-- Installing: /home/gera/Desktop/EUFS_FORK_CONTAINERIZED/eufs-f1-sim/ws/install/eufs_msgs/local/lib/python3.10/dist-packages/eufs_msgs-2.0.0-py3.10.egg-info\n'}
[24.037364] (eufs_msgs) StdoutLine: {'line': b'-- Installing: /home/gera/Desktop/EUFS_FORK_CONTAINERIZED/eufs-f1-sim/ws/install/eufs_msgs/local/lib/python3.10/dist-packages/eufs_msgs-2.0.0-py3.10.egg-info/dependency_links.txt\n'}
[24.037391] (eufs_msgs) StdoutLine: {'line': b'-- Installing: /home/gera/Desktop/EUFS_FORK_CONTAINERIZED/eufs-f1-sim/ws/install/eufs_msgs/local/lib/python3.10/dist-packages/eufs_msgs-2.0.0-py3.10.egg-info/PKG-INFO\n'}
[24.037419] (eufs_msgs) StdoutLine: {'line': b'-- Installing: /home/gera/Desktop/EUFS_FORK_CONTAINERIZED/eufs-f1-sim/ws/install/eufs_msgs/local/lib/python3.10/dist-packages/eufs_msgs-2.0.0-py3.10.egg-info/top_level.txt\n'}
[24.037454] (eufs_msgs) StdoutLine: {'line': b'-- Installing: /home/gera/Desktop/EUFS_FORK_CONTAINERIZED/eufs-f1-sim/ws/install/eufs_msgs/local/lib/python3.10/dist-packages/eufs_msgs-2.0.0-py3.10.egg-info/SOURCES.txt\n'}
[24.048433] (eufs_msgs) StdoutLine: {'line': b'-- Installing: /home/gera/Desktop/EUFS_FORK_CONTAINERIZED/eufs-f1-sim/ws/install/eufs_msgs/local/lib/python3.10/dist-packages/eufs_msgs\n'}
[24.048550] (eufs_msgs) StdoutLine: {'line': b'-- Installing: /home/gera/Desktop/EUFS_FORK_CONTAINERIZED/eufs-f1-sim/ws/install/eufs_msgs/local/lib/python3.10/dist-packages/eufs_msgs/_eufs_msgs_s.ep.rosidl_typesupport_introspection_c.c\n'}
[24.048667] (eufs_msgs) StdoutLine: {'line': b'-- Installing: /home/gera/Desktop/EUFS_FORK_CONTAINERIZED/eufs-f1-sim/ws/install/eufs_msgs/local/lib/python3.10/dist-packages/eufs_msgs/action\n'}
[24.048763] (eufs_msgs) StdoutLine: {'line': b'-- Installing: /home/gera/Desktop/EUFS_FORK_CONTAINERIZED/eufs-f1-sim/ws/install/eufs_msgs/local/lib/python3.10/dist-packages/eufs_msgs/action/__init__.py\n'}
[24.048860] (eufs_msgs) StdoutLine: {'line': b'-- Installing: /home/gera/Desktop/EUFS_FORK_CONTAINERIZED/eufs-f1-sim/ws/install/eufs_msgs/local/lib/python3.10/dist-packages/eufs_msgs/action/_check_for_objects_s.c\n'}
[24.048914] (eufs_msgs) StdoutLine: {'line': b'-- Installing: /home/gera/Desktop/EUFS_FORK_CONTAINERIZED/eufs-f1-sim/ws/install/eufs_msgs/local/lib/python3.10/dist-packages/eufs_msgs/action/_check_for_objects.py\n'}
[24.048977] (eufs_msgs) StdoutLine: {'line': b'-- Installing: /home/gera/Desktop/EUFS_FORK_CONTAINERIZED/eufs-f1-sim/ws/install/eufs_msgs/local/lib/python3.10/dist-packages/eufs_msgs/eufs_msgs_s__rosidl_typesupport_c.cpython-310-x86_64-linux-gnu.so\n'}
[24.049051] (eufs_msgs) StdoutLine: {'line': b'-- Installing: /home/gera/Desktop/EUFS_FORK_CONTAINERIZED/eufs-f1-sim/ws/install/eufs_msgs/local/lib/python3.10/dist-packages/eufs_msgs/eufs_msgs_s__rosidl_typesupport_introspection_c.cpython-310-x86_64-linux-gnu.so\n'}
[24.049140] (eufs_msgs) StdoutLine: {'line': b'-- Installing: /home/gera/Desktop/EUFS_FORK_CONTAINERIZED/eufs-f1-sim/ws/install/eufs_msgs/local/lib/python3.10/dist-packages/eufs_msgs/srv\n'}
[24.049239] (eufs_msgs) StdoutLine: {'line': b'-- Installing: /home/gera/Desktop/EUFS_FORK_CONTAINERIZED/eufs-f1-sim/ws/install/eufs_msgs/local/lib/python3.10/dist-packages/eufs_msgs/srv/_record_stop_s.c\n'}
[24.049350] (eufs_msgs) StdoutLine: {'line': b'-- Installing: /home/gera/Desktop/EUFS_FORK_CONTAINERIZED/eufs-f1-sim/ws/install/eufs_msgs/local/lib/python3.10/dist-packages/eufs_msgs/srv/_register_s.c\n'}
[24.049460] (eufs_msgs) StdoutLine: {'line': b'-- Installing: /home/gera/Desktop/EUFS_FORK_CONTAINERIZED/eufs-f1-sim/ws/install/eufs_msgs/local/lib/python3.10/dist-packages/eufs_msgs/srv/_set_string.py\n'}
[24.049570] (eufs_msgs) StdoutLine: {'line': b'-- Installing: /home/gera/Desktop/EUFS_FORK_CONTAINERIZED/eufs-f1-sim/ws/install/eufs_msgs/local/lib/python3.10/dist-packages/eufs_msgs/srv/_set_track_s.c\n'}
[24.049665] (eufs_msgs) StdoutLine: {'line': b'-- Installing: /home/gera/Desktop/EUFS_FORK_CONTAINERIZED/eufs-f1-sim/ws/install/eufs_msgs/local/lib/python3.10/dist-packages/eufs_msgs/srv/_set_can_state_s.c\n'}
[24.049748] (eufs_msgs) StdoutLine: {'line': b'-- Installing: /home/gera/Desktop/EUFS_FORK_CONTAINERIZED/eufs-f1-sim/ws/install/eufs_msgs/local/lib/python3.10/dist-packages/eufs_msgs/srv/_set_mission.py\n'}
[24.049849] (eufs_msgs) StdoutLine: {'line': b'-- Installing: /home/gera/Desktop/EUFS_FORK_CONTAINERIZED/eufs-f1-sim/ws/install/eufs_msgs/local/lib/python3.10/dist-packages/eufs_msgs/srv/_get_map.py\n'}
[24.049930] (eufs_msgs) StdoutLine: {'line': b'-- Installing: /home/gera/Desktop/EUFS_FORK_CONTAINERIZED/eufs-f1-sim/ws/install/eufs_msgs/local/lib/python3.10/dist-packages/eufs_msgs/srv/_record_start_s.c\n'}
[24.049985] (eufs_msgs) StdoutLine: {'line': b'-- Installing: /home/gera/Desktop/EUFS_FORK_CONTAINERIZED/eufs-f1-sim/ws/install/eufs_msgs/local/lib/python3.10/dist-packages/eufs_msgs/srv/_set_can_state.py\n'}
[24.050039] (eufs_msgs) StdoutLine: {'line': b'-- Installing: /home/gera/Desktop/EUFS_FORK_CONTAINERIZED/eufs-f1-sim/ws/install/eufs_msgs/local/lib/python3.10/dist-packages/eufs_msgs/srv/_set_track.py\n'}
[24.050114] (eufs_msgs) StdoutLine: {'line': b'-- Installing: /home/gera/Desktop/EUFS_FORK_CONTAINERIZED/eufs-f1-sim/ws/install/eufs_msgs/local/lib/python3.10/dist-packages/eufs_msgs/srv/_record_stop.py\n'}
[24.050169] (eufs_msgs) StdoutLine: {'line': b'-- Installing: /home/gera/Desktop/EUFS_FORK_CONTAINERIZED/eufs-f1-sim/ws/install/eufs_msgs/local/lib/python3.10/dist-packages/eufs_msgs/srv/_record_start.py\n'}
[24.050256] (eufs_msgs) StdoutLine: {'line': b'-- Installing: /home/gera/Desktop/EUFS_FORK_CONTAINERIZED/eufs-f1-sim/ws/install/eufs_msgs/local/lib/python3.10/dist-packages/eufs_msgs/srv/_get_map_s.c\n'}
[24.050316] (eufs_msgs) StdoutLine: {'line': b'-- Installing: /home/gera/Desktop/EUFS_FORK_CONTAINERIZED/eufs-f1-sim/ws/install/eufs_msgs/local/lib/python3.10/dist-packages/eufs_msgs/srv/__init__.py\n'}
[24.050370] (eufs_msgs) StdoutLine: {'line': b'-- Installing: /home/gera/Desktop/EUFS_FORK_CONTAINERIZED/eufs-f1-sim/ws/install/eufs_msgs/local/lib/python3.10/dist-packages/eufs_msgs/srv/_register.py\n'}
[24.050458] (eufs_msgs) StdoutLine: {'line': b'-- Installing: /home/gera/Desktop/EUFS_FORK_CONTAINERIZED/eufs-f1-sim/ws/install/eufs_msgs/local/lib/python3.10/dist-packages/eufs_msgs/srv/_set_mission_s.c\n'}
[24.050513] (eufs_msgs) StdoutLine: {'line': b'-- Installing: /home/gera/Desktop/EUFS_FORK_CONTAINERIZED/eufs-f1-sim/ws/install/eufs_msgs/local/lib/python3.10/dist-packages/eufs_msgs/srv/_set_string_s.c\n'}
[24.050566] (eufs_msgs) StdoutLine: {'line': b'-- Installing: /home/gera/Desktop/EUFS_FORK_CONTAINERIZED/eufs-f1-sim/ws/install/eufs_msgs/local/lib/python3.10/dist-packages/eufs_msgs/libeufs_msgs__rosidl_generator_py.so\n'}
[24.050625] (eufs_msgs) StdoutLine: {'line': b'-- Installing: /home/gera/Desktop/EUFS_FORK_CONTAINERIZED/eufs-f1-sim/ws/install/eufs_msgs/local/lib/python3.10/dist-packages/eufs_msgs/eufs_msgs_s__rosidl_typesupport_fastrtps_c.cpython-310-x86_64-linux-gnu.so\n'}
[24.050793] (eufs_msgs) StdoutLine: {'line': b'-- Installing: /home/gera/Desktop/EUFS_FORK_CONTAINERIZED/eufs-f1-sim/ws/install/eufs_msgs/local/lib/python3.10/dist-packages/eufs_msgs/_eufs_msgs_s.ep.rosidl_typesupport_c.c\n'}
[24.050938] (eufs_msgs) StdoutLine: {'line': b'-- Installing: /home/gera/Desktop/EUFS_FORK_CONTAINERIZED/eufs-f1-sim/ws/install/eufs_msgs/local/lib/python3.10/dist-packages/eufs_msgs/__init__.py\n'}
[24.051071] (eufs_msgs) StdoutLine: {'line': b'-- Installing: /home/gera/Desktop/EUFS_FORK_CONTAINERIZED/eufs-f1-sim/ws/install/eufs_msgs/local/lib/python3.10/dist-packages/eufs_msgs/_eufs_msgs_s.ep.rosidl_typesupport_fastrtps_c.c\n'}
[24.051174] (eufs_msgs) StdoutLine: {'line': b'-- Installing: /home/gera/Desktop/EUFS_FORK_CONTAINERIZED/eufs-f1-sim/ws/install/eufs_msgs/local/lib/python3.10/dist-packages/eufs_msgs/msg\n'}
[24.051284] (eufs_msgs) StdoutLine: {'line': b'-- Installing: /home/gera/Desktop/EUFS_FORK_CONTAINERIZED/eufs-f1-sim/ws/install/eufs_msgs/local/lib/python3.10/dist-packages/eufs_msgs/msg/_waypoint_s.c\n'}
[24.051394] (eufs_msgs) StdoutLine: {'line': b'-- Installing: /home/gera/Desktop/EUFS_FORK_CONTAINERIZED/eufs-f1-sim/ws/install/eufs_msgs/local/lib/python3.10/dist-packages/eufs_msgs/msg/_slam_err.py\n'}
[24.051497] (eufs_msgs) StdoutLine: {'line': b'-- Installing: /home/gera/Desktop/EUFS_FORK_CONTAINERIZED/eufs-f1-sim/ws/install/eufs_msgs/local/lib/python3.10/dist-packages/eufs_msgs/msg/_node_state.py\n'}
[24.051597] (eufs_msgs) StdoutLine: {'line': b'-- Installing: /home/gera/Desktop/EUFS_FORK_CONTAINERIZED/eufs-f1-sim/ws/install/eufs_msgs/local/lib/python3.10/dist-packages/eufs_msgs/msg/_cone_association.py\n'}
[24.051706] (eufs_msgs) StdoutLine: {'line': b'-- Installing: /home/gera/Desktop/EUFS_FORK_CONTAINERIZED/eufs-f1-sim/ws/install/eufs_msgs/local/lib/python3.10/dist-packages/eufs_msgs/msg/_cpu_status.py\n'}
[24.051812] (eufs_msgs) StdoutLine: {'line': b'-- Installing: /home/gera/Desktop/EUFS_FORK_CONTAINERIZED/eufs-f1-sim/ws/install/eufs_msgs/local/lib/python3.10/dist-packages/eufs_msgs/msg/_integration_err.py\n'}
[24.051903] (eufs_msgs) StdoutLine: {'line': b'-- Installing: /home/gera/Desktop/EUFS_FORK_CONTAINERIZED/eufs-f1-sim/ws/install/eufs_msgs/local/lib/python3.10/dist-packages/eufs_msgs/msg/_chassis_command.py\n'}
[24.052008] (eufs_msgs) StdoutLine: {'line': b'-- Installing: /home/gera/Desktop/EUFS_FORK_CONTAINERIZED/eufs-f1-sim/ws/install/eufs_msgs/local/lib/python3.10/dist-packages/eufs_msgs/msg/_wheel_speeds_stamped.py\n'}
[24.052114] (eufs_msgs) StdoutLine: {'line': b'-- Installing: /home/gera/Desktop/EUFS_FORK_CONTAINERIZED/eufs-f1-sim/ws/install/eufs_msgs/local/lib/python3.10/dist-packages/eufs_msgs/msg/_node_state_array_s.c\n'}
[24.052227] (eufs_msgs) StdoutLine: {'line': b'-- Installing: /home/gera/Desktop/EUFS_FORK_CONTAINERIZED/eufs-f1-sim/ws/install/eufs_msgs/local/lib/python3.10/dist-packages/eufs_msgs/msg/_point_array_stamped.py\n'}
[24.052328] (eufs_msgs) StdoutLine: {'line': b'-- Installing: /home/gera/Desktop/EUFS_FORK_CONTAINERIZED/eufs-f1-sim/ws/install/eufs_msgs/local/lib/python3.10/dist-packages/eufs_msgs/msg/_chassis_command_s.c\n'}
[24.052427] (eufs_msgs) StdoutLine: {'line': b'-- Installing: /home/gera/Desktop/EUFS_FORK_CONTAINERIZED/eufs-f1-sim/ws/install/eufs_msgs/local/lib/python3.10/dist-packages/eufs_msgs/msg/_ekf_err.py\n'}
[24.052527] (eufs_msgs) StdoutLine: {'line': b'-- Installing: /home/gera/Desktop/EUFS_FORK_CONTAINERIZED/eufs-f1-sim/ws/install/eufs_msgs/local/lib/python3.10/dist-packages/eufs_msgs/msg/_path_integral_status_s.c\n'}
[24.052629] (eufs_msgs) StdoutLine: {'line': b'-- Installing: /home/gera/Desktop/EUFS_FORK_CONTAINERIZED/eufs-f1-sim/ws/install/eufs_msgs/local/lib/python3.10/dist-packages/eufs_msgs/msg/_node_state_s.c\n'}
[24.052741] (eufs_msgs) StdoutLine: {'line': b'-- Installing: /home/gera/Desktop/EUFS_FORK_CONTAINERIZED/eufs-f1-sim/ws/install/eufs_msgs/local/lib/python3.10/dist-packages/eufs_msgs/msg/_planning_mode.py\n'}
[24.052835] (eufs_msgs) StdoutLine: {'line': b'-- Installing: /home/gera/Desktop/EUFS_FORK_CONTAINERIZED/eufs-f1-sim/ws/install/eufs_msgs/local/lib/python3.10/dist-packages/eufs_msgs/msg/_topic_status_s.c\n'}
[24.052942] (eufs_msgs) StdoutLine: {'line': b'-- Installing: /home/gera/Desktop/EUFS_FORK_CONTAINERIZED/eufs-f1-sim/ws/install/eufs_msgs/local/lib/python3.10/dist-packages/eufs_msgs/msg/_vehicle_commands_s.c\n'}
[24.053038] (eufs_msgs) StdoutLine: {'line': b'-- Installing: /home/gera/Desktop/EUFS_FORK_CONTAINERIZED/eufs-f1-sim/ws/install/eufs_msgs/local/lib/python3.10/dist-packages/eufs_msgs/msg/_bounding_box_s.c\n'}
[24.053143] (eufs_msgs) StdoutLine: {'line': b'-- Installing: /home/gera/Desktop/EUFS_FORK_CONTAINERIZED/eufs-f1-sim/ws/install/eufs_msgs/local/lib/python3.10/dist-packages/eufs_msgs/msg/_mpc_state.py\n'}
[24.053259] (eufs_msgs) StdoutLine: {'line': b'-- Installing: /home/gera/Desktop/EUFS_FORK_CONTAINERIZED/eufs-f1-sim/ws/install/eufs_msgs/local/lib/python3.10/dist-packages/eufs_msgs/msg/_waypoint_array_stamped_s.c\n'}
[24.053401] (eufs_msgs) StdoutLine: {'line': b'-- Installing: /home/gera/Desktop/EUFS_FORK_CONTAINERIZED/eufs-f1-sim/ws/install/eufs_msgs/local/lib/python3.10/dist-packages/eufs_msgs/msg/_cone_with_covariance_s.c\n'}
[24.053543] (eufs_msgs) StdoutLine: {'line': b'-- Installing: /home/gera/Desktop/EUFS_FORK_CONTAINERIZED/eufs-f1-sim/ws/install/eufs_msgs/local/lib/python3.10/dist-packages/eufs_msgs/msg/_particle_s.c\n'}
[24.053653] (eufs_msgs) StdoutLine: {'line': b'-- Installing: /home/gera/Desktop/EUFS_FORK_CONTAINERIZED/eufs-f1-sim/ws/install/eufs_msgs/local/lib/python3.10/dist-packages/eufs_msgs/msg/_cpu_status_s.c\n'}
[24.053794] (eufs_msgs) StdoutLine: {'line': b'-- Installing: /home/gera/Desktop/EUFS_FORK_CONTAINERIZED/eufs-f1-sim/ws/install/eufs_msgs/local/lib/python3.10/dist-packages/eufs_msgs/msg/_path_integral_params.py\n'}
[24.053930] (eufs_msgs) StdoutLine: {'line': b'-- Installing: /home/gera/Desktop/EUFS_FORK_CONTAINERIZED/eufs-f1-sim/ws/install/eufs_msgs/local/lib/python3.10/dist-packages/eufs_msgs/msg/_cpu_usage_s.c\n'}
[24.054054] (eufs_msgs) StdoutLine: {'line': b'-- Installing: /home/gera/Desktop/EUFS_FORK_CONTAINERIZED/eufs-f1-sim/ws/install/eufs_msgs/local/lib/python3.10/dist-packages/eufs_msgs/msg/_point_array.py\n'}
[24.054204] (eufs_msgs) StdoutLine: {'line': b'-- Installing: /home/gera/Desktop/EUFS_FORK_CONTAINERIZED/eufs-f1-sim/ws/install/eufs_msgs/local/lib/python3.10/dist-packages/eufs_msgs/msg/_vehicle_commands_stamped_s.c\n'}
[24.054340] (eufs_msgs) StdoutLine: {'line': b'-- Installing: /home/gera/Desktop/EUFS_FORK_CONTAINERIZED/eufs-f1-sim/ws/install/eufs_msgs/local/lib/python3.10/dist-packages/eufs_msgs/msg/_full_state.py\n'}
[24.054485] (eufs_msgs) StdoutLine: {'line': b'-- Installing: /home/gera/Desktop/EUFS_FORK_CONTAINERIZED/eufs-f1-sim/ws/install/eufs_msgs/local/lib/python3.10/dist-packages/eufs_msgs/msg/_ekf_state_s.c\n'}
[24.054597] (eufs_msgs) StdoutLine: {'line': b'-- Installing: /home/gera/Desktop/EUFS_FORK_CONTAINERIZED/eufs-f1-sim/ws/install/eufs_msgs/local/lib/python3.10/dist-packages/eufs_msgs/msg/_particle_slam_s.c\n'}
[24.054737] (eufs_msgs) StdoutLine: {'line': b'-- Installing: /home/gera/Desktop/EUFS_FORK_CONTAINERIZED/eufs-f1-sim/ws/install/eufs_msgs/local/lib/python3.10/dist-packages/eufs_msgs/msg/_path_integral_params_s.c\n'}
[24.054865] (eufs_msgs) StdoutLine: {'line': b'-- Installing: /home/gera/Desktop/EUFS_FORK_CONTAINERIZED/eufs-f1-sim/ws/install/eufs_msgs/local/lib/python3.10/dist-packages/eufs_msgs/msg/_mpc_state_s.c\n'}
[24.054969] (eufs_msgs) StdoutLine: {'line': b'-- Installing: /home/gera/Desktop/EUFS_FORK_CONTAINERIZED/eufs-f1-sim/ws/install/eufs_msgs/local/lib/python3.10/dist-packages/eufs_msgs/msg/_cone_with_color_probability_array_s.c\n'}
[24.055028] (eufs_msgs) StdoutLine: {'line': b'-- Installing: /home/gera/Desktop/EUFS_FORK_CONTAINERIZED/eufs-f1-sim/ws/install/eufs_msgs/local/lib/python3.10/dist-packages/eufs_msgs/msg/_costmap.py\n'}
[24.055080] (eufs_msgs) StdoutLine: {'line': b'-- Installing: /home/gera/Desktop/EUFS_FORK_CONTAINERIZED/eufs-f1-sim/ws/install/eufs_msgs/local/lib/python3.10/dist-packages/eufs_msgs/msg/_cone_with_color_probability_array.py\n'}
[24.055132] (eufs_msgs) StdoutLine: {'line': b'-- Installing: /home/gera/Desktop/EUFS_FORK_CONTAINERIZED/eufs-f1-sim/ws/install/eufs_msgs/local/lib/python3.10/dist-packages/eufs_msgs/msg/_lap_stats.py\n'}
[24.055188] (eufs_msgs) StdoutLine: {'line': b'-- Installing: /home/gera/Desktop/EUFS_FORK_CONTAINERIZED/eufs-f1-sim/ws/install/eufs_msgs/local/lib/python3.10/dist-packages/eufs_msgs/msg/_vehicle_commands.py\n'}
[24.055247] (eufs_msgs) StdoutLine: {'line': b'-- Installing: /home/gera/Desktop/EUFS_FORK_CONTAINERIZED/eufs-f1-sim/ws/install/eufs_msgs/local/lib/python3.10/dist-packages/eufs_msgs/msg/_planning_mode_s.c\n'}
[24.055300] (eufs_msgs) StdoutLine: {'line': b'-- Installing: /home/gera/Desktop/EUFS_FORK_CONTAINERIZED/eufs-f1-sim/ws/install/eufs_msgs/local/lib/python3.10/dist-packages/eufs_msgs/msg/_cone_association_array.py\n'}
[24.055358] (eufs_msgs) StdoutLine: {'line': b'-- Installing: /home/gera/Desktop/EUFS_FORK_CONTAINERIZED/eufs-f1-sim/ws/install/eufs_msgs/local/lib/python3.10/dist-packages/eufs_msgs/msg/_system_status.py\n'}
[24.055414] (eufs_msgs) StdoutLine: {'line': b'-- Installing: /home/gera/Desktop/EUFS_FORK_CONTAINERIZED/eufs-f1-sim/ws/install/eufs_msgs/local/lib/python3.10/dist-packages/eufs_msgs/msg/_topic_status.py\n'}
[24.055470] (eufs_msgs) StdoutLine: {'line': b'-- Installing: /home/gera/Desktop/EUFS_FORK_CONTAINERIZED/eufs-f1-sim/ws/install/eufs_msgs/local/lib/python3.10/dist-packages/eufs_msgs/msg/_car_state_s.c\n'}
[24.055525] (eufs_msgs) StdoutLine: {'line': b'-- Installing: /home/gera/Desktop/EUFS_FORK_CONTAINERIZED/eufs-f1-sim/ws/install/eufs_msgs/local/lib/python3.10/dist-packages/eufs_msgs/msg/_point_array_s.c\n'}
[24.055582] (eufs_msgs) StdoutLine: {'line': b'-- Installing: /home/gera/Desktop/EUFS_FORK_CONTAINERIZED/eufs-f1-sim/ws/install/eufs_msgs/local/lib/python3.10/dist-packages/eufs_msgs/msg/_cone_array.py\n'}
[24.055636] (eufs_msgs) StdoutLine: {'line': b'-- Installing: /home/gera/Desktop/EUFS_FORK_CONTAINERIZED/eufs-f1-sim/ws/install/eufs_msgs/local/lib/python3.10/dist-packages/eufs_msgs/msg/_particle.py\n'}
[24.055688] (eufs_msgs) StdoutLine: {'line': b'-- Installing: /home/gera/Desktop/EUFS_FORK_CONTAINERIZED/eufs-f1-sim/ws/install/eufs_msgs/local/lib/python3.10/dist-packages/eufs_msgs/msg/_integration_err_s.c\n'}
[24.055740] (eufs_msgs) StdoutLine: {'line': b'-- Installing: /home/gera/Desktop/EUFS_FORK_CONTAINERIZED/eufs-f1-sim/ws/install/eufs_msgs/local/lib/python3.10/dist-packages/eufs_msgs/msg/_pure_pursuit_checkpoint_array_stamped.py\n'}
[24.055793] (eufs_msgs) StdoutLine: {'line': b'-- Installing: /home/gera/Desktop/EUFS_FORK_CONTAINERIZED/eufs-f1-sim/ws/install/eufs_msgs/local/lib/python3.10/dist-packages/eufs_msgs/msg/_bounding_boxes.py\n'}
[24.055847] (eufs_msgs) StdoutLine: {'line': b'-- Installing: /home/gera/Desktop/EUFS_FORK_CONTAINERIZED/eufs-f1-sim/ws/install/eufs_msgs/local/lib/python3.10/dist-packages/eufs_msgs/msg/_full_state_s.c\n'}
[24.055900] (eufs_msgs) StdoutLine: {'line': b'-- Installing: /home/gera/Desktop/EUFS_FORK_CONTAINERIZED/eufs-f1-sim/ws/install/eufs_msgs/local/lib/python3.10/dist-packages/eufs_msgs/msg/_slam_err_s.c\n'}
[24.055960] (eufs_msgs) StdoutLine: {'line': b'-- Installing: /home/gera/Desktop/EUFS_FORK_CONTAINERIZED/eufs-f1-sim/ws/install/eufs_msgs/local/lib/python3.10/dist-packages/eufs_msgs/msg/_cone_with_color_probability.py\n'}
[24.056013] (eufs_msgs) StdoutLine: {'line': b'-- Installing: /home/gera/Desktop/EUFS_FORK_CONTAINERIZED/eufs-f1-sim/ws/install/eufs_msgs/local/lib/python3.10/dist-packages/eufs_msgs/msg/_particle_stamped.py\n'}
[24.056072] (eufs_msgs) StdoutLine: {'line': b'-- Installing: /home/gera/Desktop/EUFS_FORK_CONTAINERIZED/eufs-f1-sim/ws/install/eufs_msgs/local/lib/python3.10/dist-packages/eufs_msgs/msg/_cone_with_color_probability_s.c\n'}
[24.056129] (eufs_msgs) StdoutLine: {'line': b'-- Installing: /home/gera/Desktop/EUFS_FORK_CONTAINERIZED/eufs-f1-sim/ws/install/eufs_msgs/local/lib/python3.10/dist-packages/eufs_msgs/msg/_slam_state.py\n'}
[24.056192] (eufs_msgs) StdoutLine: {'line': b'-- Installing: /home/gera/Desktop/EUFS_FORK_CONTAINERIZED/eufs-f1-sim/ws/install/eufs_msgs/local/lib/python3.10/dist-packages/eufs_msgs/msg/_waypoint.py\n'}
[24.056249] (eufs_msgs) StdoutLine: {'line': b'-- Installing: /home/gera/Desktop/EUFS_FORK_CONTAINERIZED/eufs-f1-sim/ws/install/eufs_msgs/local/lib/python3.10/dist-packages/eufs_msgs/msg/_car_state.py\n'}
[24.056303] (eufs_msgs) StdoutLine: {'line': b'-- Installing: /home/gera/Desktop/EUFS_FORK_CONTAINERIZED/eufs-f1-sim/ws/install/eufs_msgs/local/lib/python3.10/dist-packages/eufs_msgs/msg/_cone_association_array_stamped_s.c\n'}
[24.056355] (eufs_msgs) StdoutLine: {'line': b'-- Installing: /home/gera/Desktop/EUFS_FORK_CONTAINERIZED/eufs-f1-sim/ws/install/eufs_msgs/local/lib/python3.10/dist-packages/eufs_msgs/msg/_wheel_speeds_stamped_s.c\n'}
[24.056410] (eufs_msgs) StdoutLine: {'line': b'-- Installing: /home/gera/Desktop/EUFS_FORK_CONTAINERIZED/eufs-f1-sim/ws/install/eufs_msgs/local/lib/python3.10/dist-packages/eufs_msgs/msg/_chassis_state_s.c\n'}
[24.056465] (eufs_msgs) StdoutLine: {'line': b'-- Installing: /home/gera/Desktop/EUFS_FORK_CONTAINERIZED/eufs-f1-sim/ws/install/eufs_msgs/local/lib/python3.10/dist-packages/eufs_msgs/msg/_node_state_array.py\n'}
[24.056519] (eufs_msgs) StdoutLine: {'line': b'-- Installing: /home/gera/Desktop/EUFS_FORK_CONTAINERIZED/eufs-f1-sim/ws/install/eufs_msgs/local/lib/python3.10/dist-packages/eufs_msgs/msg/_bounding_boxes_s.c\n'}
[24.056573] (eufs_msgs) StdoutLine: {'line': b'-- Installing: /home/gera/Desktop/EUFS_FORK_CONTAINERIZED/eufs-f1-sim/ws/install/eufs_msgs/local/lib/python3.10/dist-packages/eufs_msgs/msg/_runstop_s.c\n'}
[24.056627] (eufs_msgs) StdoutLine: {'line': b'-- Installing: /home/gera/Desktop/EUFS_FORK_CONTAINERIZED/eufs-f1-sim/ws/install/eufs_msgs/local/lib/python3.10/dist-packages/eufs_msgs/msg/_path_integral_stats.py\n'}
[24.056682] (eufs_msgs) StdoutLine: {'line': b'-- Installing: /home/gera/Desktop/EUFS_FORK_CONTAINERIZED/eufs-f1-sim/ws/install/eufs_msgs/local/lib/python3.10/dist-packages/eufs_msgs/msg/_wheel_odometry_err.py\n'}
[24.056736] (eufs_msgs) StdoutLine: {'line': b'-- Installing: /home/gera/Desktop/EUFS_FORK_CONTAINERIZED/eufs-f1-sim/ws/install/eufs_msgs/local/lib/python3.10/dist-packages/eufs_msgs/msg/_particle_slam_stamped_s.c\n'}
[24.056791] (eufs_msgs) StdoutLine: {'line': b'-- Installing: /home/gera/Desktop/EUFS_FORK_CONTAINERIZED/eufs-f1-sim/ws/install/eufs_msgs/local/lib/python3.10/dist-packages/eufs_msgs/msg/_cpu_usage.py\n'}
[24.056846] (eufs_msgs) StdoutLine: {'line': b'-- Installing: /home/gera/Desktop/EUFS_FORK_CONTAINERIZED/eufs-f1-sim/ws/install/eufs_msgs/local/lib/python3.10/dist-packages/eufs_msgs/msg/_path_integral_timing.py\n'}
[24.056901] (eufs_msgs) StdoutLine: {'line': b'-- Installing: /home/gera/Desktop/EUFS_FORK_CONTAINERIZED/eufs-f1-sim/ws/install/eufs_msgs/local/lib/python3.10/dist-packages/eufs_msgs/msg/_ekf_state.py\n'}
[24.056957] (eufs_msgs) StdoutLine: {'line': b'-- Installing: /home/gera/Desktop/EUFS_FORK_CONTAINERIZED/eufs-f1-sim/ws/install/eufs_msgs/local/lib/python3.10/dist-packages/eufs_msgs/msg/_particle_slam_stamped.py\n'}
[24.057014] (eufs_msgs) StdoutLine: {'line': b'-- Installing: /home/gera/Desktop/EUFS_FORK_CONTAINERIZED/eufs-f1-sim/ws/install/eufs_msgs/local/lib/python3.10/dist-packages/eufs_msgs/msg/_cone_with_covariance.py\n'}
[24.057073] (eufs_msgs) StdoutLine: {'line': b'-- Installing: /home/gera/Desktop/EUFS_FORK_CONTAINERIZED/eufs-f1-sim/ws/install/eufs_msgs/local/lib/python3.10/dist-packages/eufs_msgs/msg/_can_state_s.c\n'}
[24.057143] (eufs_msgs) StdoutLine: {'line': b'-- Installing: /home/gera/Desktop/EUFS_FORK_CONTAINERIZED/eufs-f1-sim/ws/install/eufs_msgs/local/lib/python3.10/dist-packages/eufs_msgs/msg/_cone_association_array_stamped.py\n'}
[24.057223] (eufs_msgs) StdoutLine: {'line': b'-- Installing: /home/gera/Desktop/EUFS_FORK_CONTAINERIZED/eufs-f1-sim/ws/install/eufs_msgs/local/lib/python3.10/dist-packages/eufs_msgs/msg/_wheel_speeds_s.c\n'}
[24.057295] (eufs_msgs) StdoutLine: {'line': b'-- Installing: /home/gera/Desktop/EUFS_FORK_CONTAINERIZED/eufs-f1-sim/ws/install/eufs_msgs/local/lib/python3.10/dist-packages/eufs_msgs/msg/_state_machine_state.py\n'}
[24.057357] (eufs_msgs) StdoutLine: {'line': b'-- Installing: /home/gera/Desktop/EUFS_FORK_CONTAINERIZED/eufs-f1-sim/ws/install/eufs_msgs/local/lib/python3.10/dist-packages/eufs_msgs/msg/_pure_pursuit_checkpoint.py\n'}
[24.057416] (eufs_msgs) StdoutLine: {'line': b'-- Installing: /home/gera/Desktop/EUFS_FORK_CONTAINERIZED/eufs-f1-sim/ws/install/eufs_msgs/local/lib/python3.10/dist-packages/eufs_msgs/msg/_heartbeat_s.c\n'}
[24.057474] (eufs_msgs) StdoutLine: {'line': b'-- Installing: /home/gera/Desktop/EUFS_FORK_CONTAINERIZED/eufs-f1-sim/ws/install/eufs_msgs/local/lib/python3.10/dist-packages/eufs_msgs/msg/_car_forces.py\n'}
[24.057532] (eufs_msgs) StdoutLine: {'line': b'-- Installing: /home/gera/Desktop/EUFS_FORK_CONTAINERIZED/eufs-f1-sim/ws/install/eufs_msgs/local/lib/python3.10/dist-packages/eufs_msgs/msg/_chassis_state.py\n'}
[24.057599] (eufs_msgs) StdoutLine: {'line': b'-- Installing: /home/gera/Desktop/EUFS_FORK_CONTAINERIZED/eufs-f1-sim/ws/install/eufs_msgs/local/lib/python3.10/dist-packages/eufs_msgs/msg/__init__.py\n'}
[24.057657] (eufs_msgs) StdoutLine: {'line': b'-- Installing: /home/gera/Desktop/EUFS_FORK_CONTAINERIZED/eufs-f1-sim/ws/install/eufs_msgs/local/lib/python3.10/dist-packages/eufs_msgs/msg/_wheel_speeds.py\n'}
[24.057715] (eufs_msgs) StdoutLine: {'line': b'-- Installing: /home/gera/Desktop/EUFS_FORK_CONTAINERIZED/eufs-f1-sim/ws/install/eufs_msgs/local/lib/python3.10/dist-packages/eufs_msgs/msg/_point_array_stamped_s.c\n'}
[24.057784] (eufs_msgs) StdoutLine: {'line': b'-- Installing: /home/gera/Desktop/EUFS_FORK_CONTAINERIZED/eufs-f1-sim/ws/install/eufs_msgs/local/lib/python3.10/dist-packages/eufs_msgs/msg/_can_state.py\n'}
[24.057851] (eufs_msgs) StdoutLine: {'line': b'-- Installing: /home/gera/Desktop/EUFS_FORK_CONTAINERIZED/eufs-f1-sim/ws/install/eufs_msgs/local/lib/python3.10/dist-packages/eufs_msgs/msg/_cone_association_s.c\n'}
[24.057916] (eufs_msgs) StdoutLine: {'line': b'-- Installing: /home/gera/Desktop/EUFS_FORK_CONTAINERIZED/eufs-f1-sim/ws/install/eufs_msgs/local/lib/python3.10/dist-packages/eufs_msgs/msg/_bounding_box.py\n'}
[24.057981] (eufs_msgs) StdoutLine: {'line': b'-- Installing: /home/gera/Desktop/EUFS_FORK_CONTAINERIZED/eufs-f1-sim/ws/install/eufs_msgs/local/lib/python3.10/dist-packages/eufs_msgs/msg/_cone_array_s.c\n'}
[24.058051] (eufs_msgs) StdoutLine: {'line': b'-- Installing: /home/gera/Desktop/EUFS_FORK_CONTAINERIZED/eufs-f1-sim/ws/install/eufs_msgs/local/lib/python3.10/dist-packages/eufs_msgs/msg/_cone_association_array_array_stamped_s.c\n'}
[24.058121] (eufs_msgs) StdoutLine: {'line': b'-- Installing: /home/gera/Desktop/EUFS_FORK_CONTAINERIZED/eufs-f1-sim/ws/install/eufs_msgs/local/lib/python3.10/dist-packages/eufs_msgs/msg/_heartbeat.py\n'}
[24.058200] (eufs_msgs) StdoutLine: {'line': b'-- Installing: /home/gera/Desktop/EUFS_FORK_CONTAINERIZED/eufs-f1-sim/ws/install/eufs_msgs/local/lib/python3.10/dist-packages/eufs_msgs/msg/_path_integral_stats_s.c\n'}
[24.058276] (eufs_msgs) StdoutLine: {'line': b'-- Installing: /home/gera/Desktop/EUFS_FORK_CONTAINERIZED/eufs-f1-sim/ws/install/eufs_msgs/local/lib/python3.10/dist-packages/eufs_msgs/msg/_cone_array_with_covariance.py\n'}
[24.058346] (eufs_msgs) StdoutLine: {'line': b'-- Installing: /home/gera/Desktop/EUFS_FORK_CONTAINERIZED/eufs-f1-sim/ws/install/eufs_msgs/local/lib/python3.10/dist-packages/eufs_msgs/msg/_oss.py\n'}
[24.058561] (eufs_msgs) StdoutLine: {'line': b'-- Installing: /home/gera/Desktop/EUFS_FORK_CONTAINERIZED/eufs-f1-sim/ws/install/eufs_msgs/local/lib/python3.10/dist-packages/eufs_msgs/msg/_particle_stamped_s.c\n'}
[24.058633] (eufs_msgs) StdoutLine: {'line': b'-- Installing: /home/gera/Desktop/EUFS_FORK_CONTAINERIZED/eufs-f1-sim/ws/install/eufs_msgs/local/lib/python3.10/dist-packages/eufs_msgs/msg/_path_integral_timing_s.c\n'}
[24.058663] (eufs_msgs) StdoutLine: {'line': b'-- Installing: /home/gera/Desktop/EUFS_FORK_CONTAINERIZED/eufs-f1-sim/ws/install/eufs_msgs/local/lib/python3.10/dist-packages/eufs_msgs/msg/_lap_stats_s.c\n'}
[24.058691] (eufs_msgs) StdoutLine: {'line': b'-- Installing: /home/gera/Desktop/EUFS_FORK_CONTAINERIZED/eufs-f1-sim/ws/install/eufs_msgs/local/lib/python3.10/dist-packages/eufs_msgs/msg/_state_machine_state_s.c\n'}
[24.058717] (eufs_msgs) StdoutLine: {'line': b'-- Installing: /home/gera/Desktop/EUFS_FORK_CONTAINERIZED/eufs-f1-sim/ws/install/eufs_msgs/local/lib/python3.10/dist-packages/eufs_msgs/msg/_path_integral_status.py\n'}
[24.058743] (eufs_msgs) StdoutLine: {'line': b'-- Installing: /home/gera/Desktop/EUFS_FORK_CONTAINERIZED/eufs-f1-sim/ws/install/eufs_msgs/local/lib/python3.10/dist-packages/eufs_msgs/msg/_slam_state_s.c\n'}
[24.058771] (eufs_msgs) StdoutLine: {'line': b'-- Installing: /home/gera/Desktop/EUFS_FORK_CONTAINERIZED/eufs-f1-sim/ws/install/eufs_msgs/local/lib/python3.10/dist-packages/eufs_msgs/msg/_waypoint_array_stamped.py\n'}
[24.058803] (eufs_msgs) StdoutLine: {'line': b'-- Installing: /home/gera/Desktop/EUFS_FORK_CONTAINERIZED/eufs-f1-sim/ws/install/eufs_msgs/local/lib/python3.10/dist-packages/eufs_msgs/msg/_oss_s.c\n'}
[24.058832] (eufs_msgs) StdoutLine: {'line': b'-- Installing: /home/gera/Desktop/EUFS_FORK_CONTAINERIZED/eufs-f1-sim/ws/install/eufs_msgs/local/lib/python3.10/dist-packages/eufs_msgs/msg/_particle_slam.py\n'}
[24.058860] (eufs_msgs) StdoutLine: {'line': b'-- Installing: /home/gera/Desktop/EUFS_FORK_CONTAINERIZED/eufs-f1-sim/ws/install/eufs_msgs/local/lib/python3.10/dist-packages/eufs_msgs/msg/_ekf_err_s.c\n'}
[24.058889] (eufs_msgs) StdoutLine: {'line': b'-- Installing: /home/gera/Desktop/EUFS_FORK_CONTAINERIZED/eufs-f1-sim/ws/install/eufs_msgs/local/lib/python3.10/dist-packages/eufs_msgs/msg/_car_forces_s.c\n'}
[24.058917] (eufs_msgs) StdoutLine: {'line': b'-- Installing: /home/gera/Desktop/EUFS_FORK_CONTAINERIZED/eufs-f1-sim/ws/install/eufs_msgs/local/lib/python3.10/dist-packages/eufs_msgs/msg/_system_status_s.c\n'}
[24.058944] (eufs_msgs) StdoutLine: {'line': b'-- Installing: /home/gera/Desktop/EUFS_FORK_CONTAINERIZED/eufs-f1-sim/ws/install/eufs_msgs/local/lib/python3.10/dist-packages/eufs_msgs/msg/_stereo_image_s.c\n'}
[24.058977] (eufs_msgs) StdoutLine: {'line': b'-- Installing: /home/gera/Desktop/EUFS_FORK_CONTAINERIZED/eufs-f1-sim/ws/install/eufs_msgs/local/lib/python3.10/dist-packages/eufs_msgs/msg/_cone_association_array_array_stamped.py\n'}
[24.059006] (eufs_msgs) StdoutLine: {'line': b'-- Installing: /home/gera/Desktop/EUFS_FORK_CONTAINERIZED/eufs-f1-sim/ws/install/eufs_msgs/local/lib/python3.10/dist-packages/eufs_msgs/msg/_pure_pursuit_checkpoint_array_stamped_s.c\n'}
[24.059034] (eufs_msgs) StdoutLine: {'line': b'-- Installing: /home/gera/Desktop/EUFS_FORK_CONTAINERIZED/eufs-f1-sim/ws/install/eufs_msgs/local/lib/python3.10/dist-packages/eufs_msgs/msg/_pure_pursuit_checkpoint_s.c\n'}
[24.059063] (eufs_msgs) StdoutLine: {'line': b'-- Installing: /home/gera/Desktop/EUFS_FORK_CONTAINERIZED/eufs-f1-sim/ws/install/eufs_msgs/local/lib/python3.10/dist-packages/eufs_msgs/msg/_cone_association_array_s.c\n'}
[24.059092] (eufs_msgs) StdoutLine: {'line': b'-- Installing: /home/gera/Desktop/EUFS_FORK_CONTAINERIZED/eufs-f1-sim/ws/install/eufs_msgs/local/lib/python3.10/dist-packages/eufs_msgs/msg/_cone_array_with_covariance_s.c\n'}
[24.059121] (eufs_msgs) StdoutLine: {'line': b'-- Installing: /home/gera/Desktop/EUFS_FORK_CONTAINERIZED/eufs-f1-sim/ws/install/eufs_msgs/local/lib/python3.10/dist-packages/eufs_msgs/msg/_wheel_odometry_err_s.c\n'}
[24.059150] (eufs_msgs) StdoutLine: {'line': b'-- Installing: /home/gera/Desktop/EUFS_FORK_CONTAINERIZED/eufs-f1-sim/ws/install/eufs_msgs/local/lib/python3.10/dist-packages/eufs_msgs/msg/_runstop.py\n'}
[24.059189] (eufs_msgs) StdoutLine: {'line': b'-- Installing: /home/gera/Desktop/EUFS_FORK_CONTAINERIZED/eufs-f1-sim/ws/install/eufs_msgs/local/lib/python3.10/dist-packages/eufs_msgs/msg/_vehicle_commands_stamped.py\n'}
[24.059716] (eufs_msgs) StdoutLine: {'line': b'-- Installing: /home/gera/Desktop/EUFS_FORK_CONTAINERIZED/eufs-f1-sim/ws/install/eufs_msgs/local/lib/python3.10/dist-packages/eufs_msgs/msg/_costmap_s.c\n'}
[24.059771] (eufs_msgs) StdoutLine: {'line': b'-- Installing: /home/gera/Desktop/EUFS_FORK_CONTAINERIZED/eufs-f1-sim/ws/install/eufs_msgs/local/lib/python3.10/dist-packages/eufs_msgs/msg/_stereo_image.py\n'}
[24.109320] (-) TimerEvent: {}
[24.209755] (-) TimerEvent: {}
[24.244506] (eufs_msgs) StdoutLine: {'line': b"Listing '/home/gera/Desktop/EUFS_FORK_CONTAINERIZED/eufs-f1-sim/ws/install/eufs_msgs/local/lib/python3.10/dist-packages/eufs_msgs'...\n"}
[24.244672] (eufs_msgs) StdoutLine: {'line': b"Compiling '/home/gera/Desktop/EUFS_FORK_CONTAINERIZED/eufs-f1-sim/ws/install/eufs_msgs/local/lib/python3.10/dist-packages/eufs_msgs/__init__.py'...\n"}
[24.244751] (eufs_msgs) StdoutLine: {'line': b"Listing '/home/gera/Desktop/EUFS_FORK_CONTAINERIZED/eufs-f1-sim/ws/install/eufs_msgs/local/lib/python3.10/dist-packages/eufs_msgs/action'...\n"}
[24.244819] (eufs_msgs) StdoutLine: {'line': b"Compiling '/home/gera/Desktop/EUFS_FORK_CONTAINERIZED/eufs-f1-sim/ws/install/eufs_msgs/local/lib/python3.10/dist-packages/eufs_msgs/action/__init__.py'...\n"}
[24.244888] (eufs_msgs) StdoutLine: {'line': b"Compiling '/home/gera/Desktop/EUFS_FORK_CONTAINERIZED/eufs-f1-sim/ws/install/eufs_msgs/local/lib/python3.10/dist-packages/eufs_msgs/action/_check_for_objects.py'...\n"}
[24.244949] (eufs_msgs) StdoutLine: {'line': b"Listing '/home/gera/Desktop/EUFS_FORK_CONTAINERIZED/eufs-f1-sim/ws/install/eufs_msgs/local/lib/python3.10/dist-packages/eufs_msgs/msg'...\n"}
[24.245009] (eufs_msgs) StdoutLine: {'line': b"Compiling '/home/gera/Desktop/EUFS_FORK_CONTAINERIZED/eufs-f1-sim/ws/install/eufs_msgs/local/lib/python3.10/dist-packages/eufs_msgs/msg/__init__.py'...\n"}
[24.245067] (eufs_msgs) StdoutLine: {'line': b"Compiling '/home/gera/Desktop/EUFS_FORK_CONTAINERIZED/eufs-f1-sim/ws/install/eufs_msgs/local/lib/python3.10/dist-packages/eufs_msgs/msg/_bounding_box.py'...\n"}
[24.245125] (eufs_msgs) StdoutLine: {'line': b"Compiling '/home/gera/Desktop/EUFS_FORK_CONTAINERIZED/eufs-f1-sim/ws/install/eufs_msgs/local/lib/python3.10/dist-packages/eufs_msgs/msg/_bounding_boxes.py'...\n"}
[24.245200] (eufs_msgs) StdoutLine: {'line': b"Compiling '/home/gera/Desktop/EUFS_FORK_CONTAINERIZED/eufs-f1-sim/ws/install/eufs_msgs/local/lib/python3.10/dist-packages/eufs_msgs/msg/_can_state.py'...\n"}
[24.245268] (eufs_msgs) StdoutLine: {'line': b"Compiling '/home/gera/Desktop/EUFS_FORK_CONTAINERIZED/eufs-f1-sim/ws/install/eufs_msgs/local/lib/python3.10/dist-packages/eufs_msgs/msg/_car_forces.py'...\n"}
[24.245329] (eufs_msgs) StdoutLine: {'line': b"Compiling '/home/gera/Desktop/EUFS_FORK_CONTAINERIZED/eufs-f1-sim/ws/install/eufs_msgs/local/lib/python3.10/dist-packages/eufs_msgs/msg/_car_state.py'...\n"}
[24.245382] (eufs_msgs) StdoutLine: {'line': b"Compiling '/home/gera/Desktop/EUFS_FORK_CONTAINERIZED/eufs-f1-sim/ws/install/eufs_msgs/local/lib/python3.10/dist-packages/eufs_msgs/msg/_chassis_command.py'...\n"}
[24.245438] (eufs_msgs) StdoutLine: {'line': b"Compiling '/home/gera/Desktop/EUFS_FORK_CONTAINERIZED/eufs-f1-sim/ws/install/eufs_msgs/local/lib/python3.10/dist-packages/eufs_msgs/msg/_chassis_state.py'...\n"}
[24.245495] (eufs_msgs) StdoutLine: {'line': b"Compiling '/home/gera/Desktop/EUFS_FORK_CONTAINERIZED/eufs-f1-sim/ws/install/eufs_msgs/local/lib/python3.10/dist-packages/eufs_msgs/msg/_cone_array.py'...\n"}
[24.245548] (eufs_msgs) StdoutLine: {'line': b"Compiling '/home/gera/Desktop/EUFS_FORK_CONTAINERIZED/eufs-f1-sim/ws/install/eufs_msgs/local/lib/python3.10/dist-packages/eufs_msgs/msg/_cone_array_with_covariance.py'...\n"}
[24.245619] (eufs_msgs) StdoutLine: {'line': b"Compiling '/home/gera/Desktop/EUFS_FORK_CONTAINERIZED/eufs-f1-sim/ws/install/eufs_msgs/local/lib/python3.10/dist-packages/eufs_msgs/msg/_cone_association.py'...\n"}
[24.245677] (eufs_msgs) StdoutLine: {'line': b"Compiling '/home/gera/Desktop/EUFS_FORK_CONTAINERIZED/eufs-f1-sim/ws/install/eufs_msgs/local/lib/python3.10/dist-packages/eufs_msgs/msg/_cone_association_array.py'...\n"}
[24.245729] (eufs_msgs) StdoutLine: {'line': b"Compiling '/home/gera/Desktop/EUFS_FORK_CONTAINERIZED/eufs-f1-sim/ws/install/eufs_msgs/local/lib/python3.10/dist-packages/eufs_msgs/msg/_cone_association_array_array_stamped.py'...\n"}
[24.245782] (eufs_msgs) StdoutLine: {'line': b"Compiling '/home/gera/Desktop/EUFS_FORK_CONTAINERIZED/eufs-f1-sim/ws/install/eufs_msgs/local/lib/python3.10/dist-packages/eufs_msgs/msg/_cone_association_array_stamped.py'...\n"}
[24.245836] (eufs_msgs) StdoutLine: {'line': b"Compiling '/home/gera/Desktop/EUFS_FORK_CONTAINERIZED/eufs-f1-sim/ws/install/eufs_msgs/local/lib/python3.10/dist-packages/eufs_msgs/msg/_cone_with_color_probability.py'...\n"}
[24.245890] (eufs_msgs) StdoutLine: {'line': b"Compiling '/home/gera/Desktop/EUFS_FORK_CONTAINERIZED/eufs-f1-sim/ws/install/eufs_msgs/local/lib/python3.10/dist-packages/eufs_msgs/msg/_cone_with_color_probability_array.py'...\n"}
[24.245942] (eufs_msgs) StdoutLine: {'line': b"Compiling '/home/gera/Desktop/EUFS_FORK_CONTAINERIZED/eufs-f1-sim/ws/install/eufs_msgs/local/lib/python3.10/dist-packages/eufs_msgs/msg/_cone_with_covariance.py'...\n"}
[24.245995] (eufs_msgs) StdoutLine: {'line': b"Compiling '/home/gera/Desktop/EUFS_FORK_CONTAINERIZED/eufs-f1-sim/ws/install/eufs_msgs/local/lib/python3.10/dist-packages/eufs_msgs/msg/_costmap.py'...\n"}
[24.246047] (eufs_msgs) StdoutLine: {'line': b"Compiling '/home/gera/Desktop/EUFS_FORK_CONTAINERIZED/eufs-f1-sim/ws/install/eufs_msgs/local/lib/python3.10/dist-packages/eufs_msgs/msg/_cpu_status.py'...\n"}
[24.246100] (eufs_msgs) StdoutLine: {'line': b"Compiling '/home/gera/Desktop/EUFS_FORK_CONTAINERIZED/eufs-f1-sim/ws/install/eufs_msgs/local/lib/python3.10/dist-packages/eufs_msgs/msg/_cpu_usage.py'...\n"}
[24.246155] (eufs_msgs) StdoutLine: {'line': b"Compiling '/home/gera/Desktop/EUFS_FORK_CONTAINERIZED/eufs-f1-sim/ws/install/eufs_msgs/local/lib/python3.10/dist-packages/eufs_msgs/msg/_ekf_err.py'...\n"}
[24.246223] (eufs_msgs) StdoutLine: {'line': b"Compiling '/home/gera/Desktop/EUFS_FORK_CONTAINERIZED/eufs-f1-sim/ws/install/eufs_msgs/local/lib/python3.10/dist-packages/eufs_msgs/msg/_ekf_state.py'...\n"}
[24.246281] (eufs_msgs) StdoutLine: {'line': b"Compiling '/home/gera/Desktop/EUFS_FORK_CONTAINERIZED/eufs-f1-sim/ws/install/eufs_msgs/local/lib/python3.10/dist-packages/eufs_msgs/msg/_full_state.py'...\n"}
[24.246332] (eufs_msgs) StdoutLine: {'line': b"Compiling '/home/gera/Desktop/EUFS_FORK_CONTAINERIZED/eufs-f1-sim/ws/install/eufs_msgs/local/lib/python3.10/dist-packages/eufs_msgs/msg/_heartbeat.py'...\n"}
[24.246385] (eufs_msgs) StdoutLine: {'line': b"Compiling '/home/gera/Desktop/EUFS_FORK_CONTAINERIZED/eufs-f1-sim/ws/install/eufs_msgs/local/lib/python3.10/dist-packages/eufs_msgs/msg/_integration_err.py'...\n"}
[24.246441] (eufs_msgs) StdoutLine: {'line': b"Compiling '/home/gera/Desktop/EUFS_FORK_CONTAINERIZED/eufs-f1-sim/ws/install/eufs_msgs/local/lib/python3.10/dist-packages/eufs_msgs/msg/_lap_stats.py'...\n"}
[24.246495] (eufs_msgs) StdoutLine: {'line': b"Compiling '/home/gera/Desktop/EUFS_FORK_CONTAINERIZED/eufs-f1-sim/ws/install/eufs_msgs/local/lib/python3.10/dist-packages/eufs_msgs/msg/_mpc_state.py'...\n"}
[24.246555] (eufs_msgs) StdoutLine: {'line': b"Compiling '/home/gera/Desktop/EUFS_FORK_CONTAINERIZED/eufs-f1-sim/ws/install/eufs_msgs/local/lib/python3.10/dist-packages/eufs_msgs/msg/_node_state.py'...\n"}
[24.246608] (eufs_msgs) StdoutLine: {'line': b"Compiling '/home/gera/Desktop/EUFS_FORK_CONTAINERIZED/eufs-f1-sim/ws/install/eufs_msgs/local/lib/python3.10/dist-packages/eufs_msgs/msg/_node_state_array.py'...\n"}
[24.246662] (eufs_msgs) StdoutLine: {'line': b"Compiling '/home/gera/Desktop/EUFS_FORK_CONTAINERIZED/eufs-f1-sim/ws/install/eufs_msgs/local/lib/python3.10/dist-packages/eufs_msgs/msg/_oss.py'...\n"}
[24.246717] (eufs_msgs) StdoutLine: {'line': b"Compiling '/home/gera/Desktop/EUFS_FORK_CONTAINERIZED/eufs-f1-sim/ws/install/eufs_msgs/local/lib/python3.10/dist-packages/eufs_msgs/msg/_particle.py'...\n"}
[24.246767] (eufs_msgs) StdoutLine: {'line': b"Compiling '/home/gera/Desktop/EUFS_FORK_CONTAINERIZED/eufs-f1-sim/ws/install/eufs_msgs/local/lib/python3.10/dist-packages/eufs_msgs/msg/_particle_slam.py'...\n"}
[24.246819] (eufs_msgs) StdoutLine: {'line': b"Compiling '/home/gera/Desktop/EUFS_FORK_CONTAINERIZED/eufs-f1-sim/ws/install/eufs_msgs/local/lib/python3.10/dist-packages/eufs_msgs/msg/_particle_slam_stamped.py'...\n"}
[24.246870] (eufs_msgs) StdoutLine: {'line': b"Compiling '/home/gera/Desktop/EUFS_FORK_CONTAINERIZED/eufs-f1-sim/ws/install/eufs_msgs/local/lib/python3.10/dist-packages/eufs_msgs/msg/_particle_stamped.py'...\n"}
[24.246920] (eufs_msgs) StdoutLine: {'line': b"Compiling '/home/gera/Desktop/EUFS_FORK_CONTAINERIZED/eufs-f1-sim/ws/install/eufs_msgs/local/lib/python3.10/dist-packages/eufs_msgs/msg/_path_integral_params.py'...\n"}
[24.246971] (eufs_msgs) StdoutLine: {'line': b"Compiling '/home/gera/Desktop/EUFS_FORK_CONTAINERIZED/eufs-f1-sim/ws/install/eufs_msgs/local/lib/python3.10/dist-packages/eufs_msgs/msg/_path_integral_stats.py'...\n"}
[24.247029] (eufs_msgs) StdoutLine: {'line': b"Compiling '/home/gera/Desktop/EUFS_FORK_CONTAINERIZED/eufs-f1-sim/ws/install/eufs_msgs/local/lib/python3.10/dist-packages/eufs_msgs/msg/_path_integral_status.py'...\n"}
[24.247082] (eufs_msgs) StdoutLine: {'line': b"Compiling '/home/gera/Desktop/EUFS_FORK_CONTAINERIZED/eufs-f1-sim/ws/install/eufs_msgs/local/lib/python3.10/dist-packages/eufs_msgs/msg/_path_integral_timing.py'...\n"}
[24.247134] (eufs_msgs) StdoutLine: {'line': b"Compiling '/home/gera/Desktop/EUFS_FORK_CONTAINERIZED/eufs-f1-sim/ws/install/eufs_msgs/local/lib/python3.10/dist-packages/eufs_msgs/msg/_planning_mode.py'...\n"}
[24.247196] (eufs_msgs) StdoutLine: {'line': b"Compiling '/home/gera/Desktop/EUFS_FORK_CONTAINERIZED/eufs-f1-sim/ws/install/eufs_msgs/local/lib/python3.10/dist-packages/eufs_msgs/msg/_point_array.py'...\n"}
[24.247249] (eufs_msgs) StdoutLine: {'line': b"Compiling '/home/gera/Desktop/EUFS_FORK_CONTAINERIZED/eufs-f1-sim/ws/install/eufs_msgs/local/lib/python3.10/dist-packages/eufs_msgs/msg/_point_array_stamped.py'...\n"}
[24.247305] (eufs_msgs) StdoutLine: {'line': b"Compiling '/home/gera/Desktop/EUFS_FORK_CONTAINERIZED/eufs-f1-sim/ws/install/eufs_msgs/local/lib/python3.10/dist-packages/eufs_msgs/msg/_pure_pursuit_checkpoint.py'...\n"}
[24.247360] (eufs_msgs) StdoutLine: {'line': b"Compiling '/home/gera/Desktop/EUFS_FORK_CONTAINERIZED/eufs-f1-sim/ws/install/eufs_msgs/local/lib/python3.10/dist-packages/eufs_msgs/msg/_pure_pursuit_checkpoint_array_stamped.py'...\n"}
[24.247414] (eufs_msgs) StdoutLine: {'line': b"Compiling '/home/gera/Desktop/EUFS_FORK_CONTAINERIZED/eufs-f1-sim/ws/install/eufs_msgs/local/lib/python3.10/dist-packages/eufs_msgs/msg/_runstop.py'...\n"}
[24.247467] (eufs_msgs) StdoutLine: {'line': b"Compiling '/home/gera/Desktop/EUFS_FORK_CONTAINERIZED/eufs-f1-sim/ws/install/eufs_msgs/local/lib/python3.10/dist-packages/eufs_msgs/msg/_slam_err.py'...\n"}
[24.261276] (eufs_msgs) StdoutLine: {'line': b"Compiling '/home/gera/Desktop/EUFS_FORK_CONTAINERIZED/eufs-f1-sim/ws/install/eufs_msgs/local/lib/python3.10/dist-packages/eufs_msgs/msg/_slam_state.py'...\n"}
[24.261397] (eufs_msgs) StdoutLine: {'line': b"Compiling '/home/gera/Desktop/EUFS_FORK_CONTAINERIZED/eufs-f1-sim/ws/install/eufs_msgs/local/lib/python3.10/dist-packages/eufs_msgs/msg/_state_machine_state.py'...\n"}
[24.261453] (eufs_msgs) StdoutLine: {'line': b"Compiling '/home/gera/Desktop/EUFS_FORK_CONTAINERIZED/eufs-f1-sim/ws/install/eufs_msgs/local/lib/python3.10/dist-packages/eufs_msgs/msg/_stereo_image.py'...\n"}
[24.261494] (eufs_msgs) StdoutLine: {'line': b"Compiling '/home/gera/Desktop/EUFS_FORK_CONTAINERIZED/eufs-f1-sim/ws/install/eufs_msgs/local/lib/python3.10/dist-packages/eufs_msgs/msg/_system_status.py'...\n"}
[24.261530] (eufs_msgs) StdoutLine: {'line': b"Compiling '/home/gera/Desktop/EUFS_FORK_CONTAINERIZED/eufs-f1-sim/ws/install/eufs_msgs/local/lib/python3.10/dist-packages/eufs_msgs/msg/_topic_status.py'...\n"}
[24.261578] (eufs_msgs) StdoutLine: {'line': b"Compiling '/home/gera/Desktop/EUFS_FORK_CONTAINERIZED/eufs-f1-sim/ws/install/eufs_msgs/local/lib/python3.10/dist-packages/eufs_msgs/msg/_vehicle_commands.py'...\n"}
[24.261616] (eufs_msgs) StdoutLine: {'line': b"Compiling '/home/gera/Desktop/EUFS_FORK_CONTAINERIZED/eufs-f1-sim/ws/install/eufs_msgs/local/lib/python3.10/dist-packages/eufs_msgs/msg/_vehicle_commands_stamped.py'...\n"}
[24.261650] (eufs_msgs) StdoutLine: {'line': b"Compiling '/home/gera/Desktop/EUFS_FORK_CONTAINERIZED/eufs-f1-sim/ws/install/eufs_msgs/local/lib/python3.10/dist-packages/eufs_msgs/msg/_waypoint.py'...\n"}
[24.261682] (eufs_msgs) StdoutLine: {'line': b"Compiling '/home/gera/Desktop/EUFS_FORK_CONTAINERIZED/eufs-f1-sim/ws/install/eufs_msgs/local/lib/python3.10/dist-packages/eufs_msgs/msg/_waypoint_array_stamped.py'...\n"}
[24.261714] (eufs_msgs) StdoutLine: {'line': b"Compiling '/home/gera/Desktop/EUFS_FORK_CONTAINERIZED/eufs-f1-sim/ws/install/eufs_msgs/local/lib/python3.10/dist-packages/eufs_msgs/msg/_wheel_odometry_err.py'...\n"}
[24.261744] (eufs_msgs) StdoutLine: {'line': b"Compiling '/home/gera/Desktop/EUFS_FORK_CONTAINERIZED/eufs-f1-sim/ws/install/eufs_msgs/local/lib/python3.10/dist-packages/eufs_msgs/msg/_wheel_speeds.py'...\n"}
[24.261774] (eufs_msgs) StdoutLine: {'line': b"Compiling '/home/gera/Desktop/EUFS_FORK_CONTAINERIZED/eufs-f1-sim/ws/install/eufs_msgs/local/lib/python3.10/dist-packages/eufs_msgs/msg/_wheel_speeds_stamped.py'...\n"}
[24.261805] (eufs_msgs) StdoutLine: {'line': b"Listing '/home/gera/Desktop/EUFS_FORK_CONTAINERIZED/eufs-f1-sim/ws/install/eufs_msgs/local/lib/python3.10/dist-packages/eufs_msgs/srv'...\n"}
[24.261837] (eufs_msgs) StdoutLine: {'line': b"Compiling '/home/gera/Desktop/EUFS_FORK_CONTAINERIZED/eufs-f1-sim/ws/install/eufs_msgs/local/lib/python3.10/dist-packages/eufs_msgs/srv/__init__.py'...\n"}
[24.261870] (eufs_msgs) StdoutLine: {'line': b"Compiling '/home/gera/Desktop/EUFS_FORK_CONTAINERIZED/eufs-f1-sim/ws/install/eufs_msgs/local/lib/python3.10/dist-packages/eufs_msgs/srv/_get_map.py'...\n"}
[24.261912] (eufs_msgs) StdoutLine: {'line': b"Compiling '/home/gera/Desktop/EUFS_FORK_CONTAINERIZED/eufs-f1-sim/ws/install/eufs_msgs/local/lib/python3.10/dist-packages/eufs_msgs/srv/_record_start.py'...\n"}
[24.261959] (eufs_msgs) StdoutLine: {'line': b"Compiling '/home/gera/Desktop/EUFS_FORK_CONTAINERIZED/eufs-f1-sim/ws/install/eufs_msgs/local/lib/python3.10/dist-packages/eufs_msgs/srv/_record_stop.py'...\n"}
[24.261999] (eufs_msgs) StdoutLine: {'line': b"Compiling '/home/gera/Desktop/EUFS_FORK_CONTAINERIZED/eufs-f1-sim/ws/install/eufs_msgs/local/lib/python3.10/dist-packages/eufs_msgs/srv/_register.py'...\n"}
[24.262043] (eufs_msgs) StdoutLine: {'line': b"Compiling '/home/gera/Desktop/EUFS_FORK_CONTAINERIZED/eufs-f1-sim/ws/install/eufs_msgs/local/lib/python3.10/dist-packages/eufs_msgs/srv/_set_can_state.py'...\n"}
[24.262077] (eufs_msgs) StdoutLine: {'line': b"Compiling '/home/gera/Desktop/EUFS_FORK_CONTAINERIZED/eufs-f1-sim/ws/install/eufs_msgs/local/lib/python3.10/dist-packages/eufs_msgs/srv/_set_mission.py'...\n"}
[24.262117] (eufs_msgs) StdoutLine: {'line': b"Compiling '/home/gera/Desktop/EUFS_FORK_CONTAINERIZED/eufs-f1-sim/ws/install/eufs_msgs/local/lib/python3.10/dist-packages/eufs_msgs/srv/_set_string.py'...\n"}
[24.262155] (eufs_msgs) StdoutLine: {'line': b"Compiling '/home/gera/Desktop/EUFS_FORK_CONTAINERIZED/eufs-f1-sim/ws/install/eufs_msgs/local/lib/python3.10/dist-packages/eufs_msgs/srv/_set_track.py'...\n"}
[24.264771] (eufs_msgs) StdoutLine: {'line': b'-- Installing: /home/gera/Desktop/EUFS_FORK_CONTAINERIZED/eufs-f1-sim/ws/install/eufs_msgs/local/lib/python3.10/dist-packages/eufs_msgs/eufs_msgs_s__rosidl_typesupport_fastrtps_c.cpython-310-x86_64-linux-gnu.so\n'}
[24.265207] (eufs_msgs) StdoutLine: {'line': b'-- Set runtime path of "/home/gera/Desktop/EUFS_FORK_CONTAINERIZED/eufs-f1-sim/ws/install/eufs_msgs/local/lib/python3.10/dist-packages/eufs_msgs/eufs_msgs_s__rosidl_typesupport_fastrtps_c.cpython-310-x86_64-linux-gnu.so" to ""\n'}
[24.265299] (eufs_msgs) StdoutLine: {'line': b'-- Installing: /home/gera/Desktop/EUFS_FORK_CONTAINERIZED/eufs-f1-sim/ws/install/eufs_msgs/local/lib/python3.10/dist-packages/eufs_msgs/eufs_msgs_s__rosidl_typesupport_introspection_c.cpython-310-x86_64-linux-gnu.so\n'}
[24.265565] (eufs_msgs) StdoutLine: {'line': b'-- Set runtime path of "/home/gera/Desktop/EUFS_FORK_CONTAINERIZED/eufs-f1-sim/ws/install/eufs_msgs/local/lib/python3.10/dist-packages/eufs_msgs/eufs_msgs_s__rosidl_typesupport_introspection_c.cpython-310-x86_64-linux-gnu.so" to ""\n'}
[24.265803] (eufs_msgs) StdoutLine: {'line': b'-- Installing: /home/gera/Desktop/EUFS_FORK_CONTAINERIZED/eufs-f1-sim/ws/install/eufs_msgs/local/lib/python3.10/dist-packages/eufs_msgs/eufs_msgs_s__rosidl_typesupport_c.cpython-310-x86_64-linux-gnu.so\n'}
[24.265972] (eufs_msgs) StdoutLine: {'line': b'-- Set runtime path of "/home/gera/Desktop/EUFS_FORK_CONTAINERIZED/eufs-f1-sim/ws/install/eufs_msgs/local/lib/python3.10/dist-packages/eufs_msgs/eufs_msgs_s__rosidl_typesupport_c.cpython-310-x86_64-linux-gnu.so" to ""\n'}
[24.266083] (eufs_msgs) StdoutLine: {'line': b'-- Installing: /home/gera/Desktop/EUFS_FORK_CONTAINERIZED/eufs-f1-sim/ws/install/eufs_msgs/lib/libeufs_msgs__rosidl_generator_py.so\n'}
[24.266563] (eufs_msgs) StdoutLine: {'line': b'-- Set runtime path of "/home/gera/Desktop/EUFS_FORK_CONTAINERIZED/eufs-f1-sim/ws/install/eufs_msgs/lib/libeufs_msgs__rosidl_generator_py.so" to ""\n'}
[24.266710] (eufs_msgs) StdoutLine: {'line': b'-- Installing: /home/gera/Desktop/EUFS_FORK_CONTAINERIZED/eufs-f1-sim/ws/install/eufs_msgs/share/eufs_msgs/msg/BoundingBox.idl\n'}
[24.266773] (eufs_msgs) StdoutLine: {'line': b'-- Installing: /home/gera/Desktop/EUFS_FORK_CONTAINERIZED/eufs-f1-sim/ws/install/eufs_msgs/share/eufs_msgs/msg/BoundingBoxes.idl\n'}
[24.266928] (eufs_msgs) StdoutLine: {'line': b'-- Installing: /home/gera/Desktop/EUFS_FORK_CONTAINERIZED/eufs-f1-sim/ws/install/eufs_msgs/share/eufs_msgs/msg/CanState.idl\n'}
[24.267043] (eufs_msgs) StdoutLine: {'line': b'-- Installing: /home/gera/Desktop/EUFS_FORK_CONTAINERIZED/eufs-f1-sim/ws/install/eufs_msgs/share/eufs_msgs/msg/CarForces.idl\n'}
[24.267106] (eufs_msgs) StdoutLine: {'line': b'-- Installing: /home/gera/Desktop/EUFS_FORK_CONTAINERIZED/eufs-f1-sim/ws/install/eufs_msgs/share/eufs_msgs/msg/CarState.idl\n'}
[24.267209] (eufs_msgs) StdoutLine: {'line': b'-- Installing: /home/gera/Desktop/EUFS_FORK_CONTAINERIZED/eufs-f1-sim/ws/install/eufs_msgs/share/eufs_msgs/msg/ChassisCommand.idl\n'}
[24.267294] (eufs_msgs) StdoutLine: {'line': b'-- Installing: /home/gera/Desktop/EUFS_FORK_CONTAINERIZED/eufs-f1-sim/ws/install/eufs_msgs/share/eufs_msgs/msg/ChassisState.idl\n'}
[24.267386] (eufs_msgs) StdoutLine: {'line': b'-- Installing: /home/gera/Desktop/EUFS_FORK_CONTAINERIZED/eufs-f1-sim/ws/install/eufs_msgs/share/eufs_msgs/msg/ConeArray.idl\n'}
[24.267470] (eufs_msgs) StdoutLine: {'line': b'-- Installing: /home/gera/Desktop/EUFS_FORK_CONTAINERIZED/eufs-f1-sim/ws/install/eufs_msgs/share/eufs_msgs/msg/ConeArrayWithCovariance.idl\n'}
[24.267556] (eufs_msgs) StdoutLine: {'line': b'-- Installing: /home/gera/Desktop/EUFS_FORK_CONTAINERIZED/eufs-f1-sim/ws/install/eufs_msgs/share/eufs_msgs/msg/ConeWithColorProbability.idl\n'}
[24.267648] (eufs_msgs) StdoutLine: {'line': b'-- Installing: /home/gera/Desktop/EUFS_FORK_CONTAINERIZED/eufs-f1-sim/ws/install/eufs_msgs/share/eufs_msgs/msg/ConeWithColorProbabilityArray.idl\n'}
[24.267712] (eufs_msgs) StdoutLine: {'line': b'-- Installing: /home/gera/Desktop/EUFS_FORK_CONTAINERIZED/eufs-f1-sim/ws/install/eufs_msgs/share/eufs_msgs/msg/ConeWithCovariance.idl\n'}
[24.267806] (eufs_msgs) StdoutLine: {'line': b'-- Installing: /home/gera/Desktop/EUFS_FORK_CONTAINERIZED/eufs-f1-sim/ws/install/eufs_msgs/share/eufs_msgs/msg/ConeAssociation.idl\n'}
[24.267898] (eufs_msgs) StdoutLine: {'line': b'-- Installing: /home/gera/Desktop/EUFS_FORK_CONTAINERIZED/eufs-f1-sim/ws/install/eufs_msgs/share/eufs_msgs/msg/ConeAssociationArray.idl\n'}
[24.267992] (eufs_msgs) StdoutLine: {'line': b'-- Installing: /home/gera/Desktop/EUFS_FORK_CONTAINERIZED/eufs-f1-sim/ws/install/eufs_msgs/share/eufs_msgs/msg/ConeAssociationArrayArrayStamped.idl\n'}
[24.268086] (eufs_msgs) StdoutLine: {'line': b'-- Installing: /home/gera/Desktop/EUFS_FORK_CONTAINERIZED/eufs-f1-sim/ws/install/eufs_msgs/share/eufs_msgs/msg/ConeAssociationArrayStamped.idl\n'}
[24.268183] (eufs_msgs) StdoutLine: {'line': b'-- Installing: /home/gera/Desktop/EUFS_FORK_CONTAINERIZED/eufs-f1-sim/ws/install/eufs_msgs/share/eufs_msgs/msg/Costmap.idl\n'}
[24.268285] (eufs_msgs) StdoutLine: {'line': b'-- Installing: /home/gera/Desktop/EUFS_FORK_CONTAINERIZED/eufs-f1-sim/ws/install/eufs_msgs/share/eufs_msgs/msg/CpuStatus.idl\n'}
[24.268383] (eufs_msgs) StdoutLine: {'line': b'-- Installing: /home/gera/Desktop/EUFS_FORK_CONTAINERIZED/eufs-f1-sim/ws/install/eufs_msgs/share/eufs_msgs/msg/CpuUsage.idl\n'}
[24.268476] (eufs_msgs) StdoutLine: {'line': b'-- Installing: /home/gera/Desktop/EUFS_FORK_CONTAINERIZED/eufs-f1-sim/ws/install/eufs_msgs/share/eufs_msgs/msg/EKFErr.idl\n'}
[24.268602] (eufs_msgs) StdoutLine: {'line': b'-- Installing: /home/gera/Desktop/EUFS_FORK_CONTAINERIZED/eufs-f1-sim/ws/install/eufs_msgs/share/eufs_msgs/msg/EKFState.idl\n'}
[24.268708] (eufs_msgs) StdoutLine: {'line': b'-- Installing: /home/gera/Desktop/EUFS_FORK_CONTAINERIZED/eufs-f1-sim/ws/install/eufs_msgs/share/eufs_msgs/msg/FullState.idl\n'}
[24.268827] (eufs_msgs) StdoutLine: {'line': b'-- Installing: /home/gera/Desktop/EUFS_FORK_CONTAINERIZED/eufs-f1-sim/ws/install/eufs_msgs/share/eufs_msgs/msg/Heartbeat.idl\n'}
[24.268918] (eufs_msgs) StdoutLine: {'line': b'-- Installing: /home/gera/Desktop/EUFS_FORK_CONTAINERIZED/eufs-f1-sim/ws/install/eufs_msgs/share/eufs_msgs/msg/IntegrationErr.idl\n'}
[24.269042] (eufs_msgs) StdoutLine: {'line': b'-- Installing: /home/gera/Desktop/EUFS_FORK_CONTAINERIZED/eufs-f1-sim/ws/install/eufs_msgs/share/eufs_msgs/msg/LapStats.idl\n'}
[24.269134] (eufs_msgs) StdoutLine: {'line': b'-- Installing: /home/gera/Desktop/EUFS_FORK_CONTAINERIZED/eufs-f1-sim/ws/install/eufs_msgs/share/eufs_msgs/msg/MPCState.idl\n'}
[24.269274] (eufs_msgs) StdoutLine: {'line': b'-- Installing: /home/gera/Desktop/EUFS_FORK_CONTAINERIZED/eufs-f1-sim/ws/install/eufs_msgs/share/eufs_msgs/msg/NodeState.idl\n'}
[24.269390] (eufs_msgs) StdoutLine: {'line': b'-- Installing: /home/gera/Desktop/EUFS_FORK_CONTAINERIZED/eufs-f1-sim/ws/install/eufs_msgs/share/eufs_msgs/msg/NodeStateArray.idl\n'}
[24.269501] (eufs_msgs) StdoutLine: {'line': b'-- Installing: /home/gera/Desktop/EUFS_FORK_CONTAINERIZED/eufs-f1-sim/ws/install/eufs_msgs/share/eufs_msgs/msg/OSS.idl\n'}
[24.269613] (eufs_msgs) StdoutLine: {'line': b'-- Installing: /home/gera/Desktop/EUFS_FORK_CONTAINERIZED/eufs-f1-sim/ws/install/eufs_msgs/share/eufs_msgs/msg/Particle.idl\n'}
[24.269748] (eufs_msgs) StdoutLine: {'line': b'-- Installing: /home/gera/Desktop/EUFS_FORK_CONTAINERIZED/eufs-f1-sim/ws/install/eufs_msgs/share/eufs_msgs/msg/ParticleSLAM.idl\n'}
[24.269841] (eufs_msgs) StdoutLine: {'line': b'-- Installing: /home/gera/Desktop/EUFS_FORK_CONTAINERIZED/eufs-f1-sim/ws/install/eufs_msgs/share/eufs_msgs/msg/ParticleSLAMStamped.idl\n'}
[24.269937] (eufs_msgs) StdoutLine: {'line': b'-- Installing: /home/gera/Desktop/EUFS_FORK_CONTAINERIZED/eufs-f1-sim/ws/install/eufs_msgs/share/eufs_msgs/msg/ParticleStamped.idl\n'}
[24.270033] (eufs_msgs) StdoutLine: {'line': b'-- Installing: /home/gera/Desktop/EUFS_FORK_CONTAINERIZED/eufs-f1-sim/ws/install/eufs_msgs/share/eufs_msgs/msg/PathIntegralParams.idl\n'}
[24.270133] (eufs_msgs) StdoutLine: {'line': b'-- Installing: /home/gera/Desktop/EUFS_FORK_CONTAINERIZED/eufs-f1-sim/ws/install/eufs_msgs/share/eufs_msgs/msg/PathIntegralStats.idl\n'}
[24.270226] (eufs_msgs) StdoutLine: {'line': b'-- Installing: /home/gera/Desktop/EUFS_FORK_CONTAINERIZED/eufs-f1-sim/ws/install/eufs_msgs/share/eufs_msgs/msg/PathIntegralStatus.idl\n'}
[24.270360] (eufs_msgs) StdoutLine: {'line': b'-- Installing: /home/gera/Desktop/EUFS_FORK_CONTAINERIZED/eufs-f1-sim/ws/install/eufs_msgs/share/eufs_msgs/msg/PathIntegralTiming.idl\n'}
[24.270480] (eufs_msgs) StdoutLine: {'line': b'-- Installing: /home/gera/Desktop/EUFS_FORK_CONTAINERIZED/eufs-f1-sim/ws/install/eufs_msgs/share/eufs_msgs/msg/PlanningMode.idl\n'}
[24.270590] (eufs_msgs) StdoutLine: {'line': b'-- Installing: /home/gera/Desktop/EUFS_FORK_CONTAINERIZED/eufs-f1-sim/ws/install/eufs_msgs/share/eufs_msgs/msg/PointArray.idl\n'}
[24.270686] (eufs_msgs) StdoutLine: {'line': b'-- Installing: /home/gera/Desktop/EUFS_FORK_CONTAINERIZED/eufs-f1-sim/ws/install/eufs_msgs/share/eufs_msgs/msg/PointArrayStamped.idl\n'}
[24.270792] (eufs_msgs) StdoutLine: {'line': b'-- Installing: /home/gera/Desktop/EUFS_FORK_CONTAINERIZED/eufs-f1-sim/ws/install/eufs_msgs/share/eufs_msgs/msg/PurePursuitCheckpoint.idl\n'}
[24.270888] (eufs_msgs) StdoutLine: {'line': b'-- Installing: /home/gera/Desktop/EUFS_FORK_CONTAINERIZED/eufs-f1-sim/ws/install/eufs_msgs/share/eufs_msgs/msg/PurePursuitCheckpointArrayStamped.idl\n'}
[24.271008] (eufs_msgs) StdoutLine: {'line': b'-- Installing: /home/gera/Desktop/EUFS_FORK_CONTAINERIZED/eufs-f1-sim/ws/install/eufs_msgs/share/eufs_msgs/msg/Runstop.idl\n'}
[24.271104] (eufs_msgs) StdoutLine: {'line': b'-- Installing: /home/gera/Desktop/EUFS_FORK_CONTAINERIZED/eufs-f1-sim/ws/install/eufs_msgs/share/eufs_msgs/msg/SLAMErr.idl\n'}
[24.271228] (eufs_msgs) StdoutLine: {'line': b'-- Installing: /home/gera/Desktop/EUFS_FORK_CONTAINERIZED/eufs-f1-sim/ws/install/eufs_msgs/share/eufs_msgs/msg/SLAMState.idl\n'}
[24.271318] (eufs_msgs) StdoutLine: {'line': b'-- Installing: /home/gera/Desktop/EUFS_FORK_CONTAINERIZED/eufs-f1-sim/ws/install/eufs_msgs/share/eufs_msgs/msg/StateMachineState.idl\n'}
[24.271436] (eufs_msgs) StdoutLine: {'line': b'-- Installing: /home/gera/Desktop/EUFS_FORK_CONTAINERIZED/eufs-f1-sim/ws/install/eufs_msgs/share/eufs_msgs/msg/StereoImage.idl\n'}
[24.271521] (eufs_msgs) StdoutLine: {'line': b'-- Installing: /home/gera/Desktop/EUFS_FORK_CONTAINERIZED/eufs-f1-sim/ws/install/eufs_msgs/share/eufs_msgs/msg/SystemStatus.idl\n'}
[24.271640] (eufs_msgs) StdoutLine: {'line': b'-- Installing: /home/gera/Desktop/EUFS_FORK_CONTAINERIZED/eufs-f1-sim/ws/install/eufs_msgs/share/eufs_msgs/msg/TopicStatus.idl\n'}
[24.271723] (eufs_msgs) StdoutLine: {'line': b'-- Installing: /home/gera/Desktop/EUFS_FORK_CONTAINERIZED/eufs-f1-sim/ws/install/eufs_msgs/share/eufs_msgs/msg/VehicleCommands.idl\n'}
[24.271820] (eufs_msgs) StdoutLine: {'line': b'-- Installing: /home/gera/Desktop/EUFS_FORK_CONTAINERIZED/eufs-f1-sim/ws/install/eufs_msgs/share/eufs_msgs/msg/VehicleCommandsStamped.idl\n'}
[24.271912] (eufs_msgs) StdoutLine: {'line': b'-- Installing: /home/gera/Desktop/EUFS_FORK_CONTAINERIZED/eufs-f1-sim/ws/install/eufs_msgs/share/eufs_msgs/msg/Waypoint.idl\n'}
[24.272007] (eufs_msgs) StdoutLine: {'line': b'-- Installing: /home/gera/Desktop/EUFS_FORK_CONTAINERIZED/eufs-f1-sim/ws/install/eufs_msgs/share/eufs_msgs/msg/WaypointArrayStamped.idl\n'}
[24.272087] (eufs_msgs) StdoutLine: {'line': b'-- Installing: /home/gera/Desktop/EUFS_FORK_CONTAINERIZED/eufs-f1-sim/ws/install/eufs_msgs/share/eufs_msgs/msg/WheelOdometryErr.idl\n'}
[24.272228] (eufs_msgs) StdoutLine: {'line': b'-- Installing: /home/gera/Desktop/EUFS_FORK_CONTAINERIZED/eufs-f1-sim/ws/install/eufs_msgs/share/eufs_msgs/msg/WheelSpeeds.idl\n'}
[24.273517] (eufs_msgs) StdoutLine: {'line': b'-- Installing: /home/gera/Desktop/EUFS_FORK_CONTAINERIZED/eufs-f1-sim/ws/install/eufs_msgs/share/eufs_msgs/msg/WheelSpeedsStamped.idl\n'}
[24.273609] (eufs_msgs) StdoutLine: {'line': b'-- Installing: /home/gera/Desktop/EUFS_FORK_CONTAINERIZED/eufs-f1-sim/ws/install/eufs_msgs/share/eufs_msgs/action/CheckForObjects.idl\n'}
[24.273690] (eufs_msgs) StdoutLine: {'line': b'-- Installing: /home/gera/Desktop/EUFS_FORK_CONTAINERIZED/eufs-f1-sim/ws/install/eufs_msgs/share/eufs_msgs/srv/RecordStart.idl\n'}
[24.273747] (eufs_msgs) StdoutLine: {'line': b'-- Installing: /home/gera/Desktop/EUFS_FORK_CONTAINERIZED/eufs-f1-sim/ws/install/eufs_msgs/share/eufs_msgs/srv/RecordStop.idl\n'}
[24.273828] (eufs_msgs) StdoutLine: {'line': b'-- Installing: /home/gera/Desktop/EUFS_FORK_CONTAINERIZED/eufs-f1-sim/ws/install/eufs_msgs/share/eufs_msgs/srv/Register.idl\n'}
[24.273884] (eufs_msgs) StdoutLine: {'line': b'-- Installing: /home/gera/Desktop/EUFS_FORK_CONTAINERIZED/eufs-f1-sim/ws/install/eufs_msgs/share/eufs_msgs/srv/SetCanState.idl\n'}
[24.273960] (eufs_msgs) StdoutLine: {'line': b'-- Installing: /home/gera/Desktop/EUFS_FORK_CONTAINERIZED/eufs-f1-sim/ws/install/eufs_msgs/share/eufs_msgs/srv/SetString.idl\n'}
[24.274042] (eufs_msgs) StdoutLine: {'line': b'-- Installing: /home/gera/Desktop/EUFS_FORK_CONTAINERIZED/eufs-f1-sim/ws/install/eufs_msgs/share/eufs_msgs/srv/SetTrack.idl\n'}
[24.274103] (eufs_msgs) StdoutLine: {'line': b'-- Installing: /home/gera/Desktop/EUFS_FORK_CONTAINERIZED/eufs-f1-sim/ws/install/eufs_msgs/share/eufs_msgs/srv/SetMission.idl\n'}
[24.274196] (eufs_msgs) StdoutLine: {'line': b'-- Installing: /home/gera/Desktop/EUFS_FORK_CONTAINERIZED/eufs-f1-sim/ws/install/eufs_msgs/share/eufs_msgs/srv/GetMap.idl\n'}
[24.274311] (eufs_msgs) StdoutLine: {'line': b'-- Installing: /home/gera/Desktop/EUFS_FORK_CONTAINERIZED/eufs-f1-sim/ws/install/eufs_msgs/share/eufs_msgs/msg/BoundingBox.msg\n'}
[24.274374] (eufs_msgs) StdoutLine: {'line': b'-- Installing: /home/gera/Desktop/EUFS_FORK_CONTAINERIZED/eufs-f1-sim/ws/install/eufs_msgs/share/eufs_msgs/msg/BoundingBoxes.msg\n'}
[24.274399] (eufs_msgs) StdoutLine: {'line': b'-- Installing: /home/gera/Desktop/EUFS_FORK_CONTAINERIZED/eufs-f1-sim/ws/install/eufs_msgs/share/eufs_msgs/msg/CanState.msg\n'}
[24.274432] (eufs_msgs) StdoutLine: {'line': b'-- Installing: /home/gera/Desktop/EUFS_FORK_CONTAINERIZED/eufs-f1-sim/ws/install/eufs_msgs/share/eufs_msgs/msg/CarForces.msg\n'}
[24.274455] (eufs_msgs) StdoutLine: {'line': b'-- Installing: /home/gera/Desktop/EUFS_FORK_CONTAINERIZED/eufs-f1-sim/ws/install/eufs_msgs/share/eufs_msgs/msg/CarState.msg\n'}
[24.274476] (eufs_msgs) StdoutLine: {'line': b'-- Installing: /home/gera/Desktop/EUFS_FORK_CONTAINERIZED/eufs-f1-sim/ws/install/eufs_msgs/share/eufs_msgs/msg/ChassisCommand.msg\n'}
[24.274498] (eufs_msgs) StdoutLine: {'line': b'-- Installing: /home/gera/Desktop/EUFS_FORK_CONTAINERIZED/eufs-f1-sim/ws/install/eufs_msgs/share/eufs_msgs/msg/ChassisState.msg\n'}
[24.274520] (eufs_msgs) StdoutLine: {'line': b'-- Installing: /home/gera/Desktop/EUFS_FORK_CONTAINERIZED/eufs-f1-sim/ws/install/eufs_msgs/share/eufs_msgs/msg/ConeArray.msg\n'}
[24.274541] (eufs_msgs) StdoutLine: {'line': b'-- Installing: /home/gera/Desktop/EUFS_FORK_CONTAINERIZED/eufs-f1-sim/ws/install/eufs_msgs/share/eufs_msgs/msg/ConeArrayWithCovariance.msg\n'}
[24.274560] (eufs_msgs) StdoutLine: {'line': b'-- Installing: /home/gera/Desktop/EUFS_FORK_CONTAINERIZED/eufs-f1-sim/ws/install/eufs_msgs/share/eufs_msgs/msg/ConeWithColorProbability.msg\n'}
[24.274630] (eufs_msgs) StdoutLine: {'line': b'-- Installing: /home/gera/Desktop/EUFS_FORK_CONTAINERIZED/eufs-f1-sim/ws/install/eufs_msgs/share/eufs_msgs/msg/ConeWithColorProbabilityArray.msg\n'}
[24.274663] (eufs_msgs) StdoutLine: {'line': b'-- Installing: /home/gera/Desktop/EUFS_FORK_CONTAINERIZED/eufs-f1-sim/ws/install/eufs_msgs/share/eufs_msgs/msg/ConeWithCovariance.msg\n'}
[24.274684] (eufs_msgs) StdoutLine: {'line': b'-- Installing: /home/gera/Desktop/EUFS_FORK_CONTAINERIZED/eufs-f1-sim/ws/install/eufs_msgs/share/eufs_msgs/msg/ConeAssociation.msg\n'}
[24.274745] (eufs_msgs) StdoutLine: {'line': b'-- Installing: /home/gera/Desktop/EUFS_FORK_CONTAINERIZED/eufs-f1-sim/ws/install/eufs_msgs/share/eufs_msgs/msg/ConeAssociationArray.msg\n'}
[24.274819] (eufs_msgs) StdoutLine: {'line': b'-- Installing: /home/gera/Desktop/EUFS_FORK_CONTAINERIZED/eufs-f1-sim/ws/install/eufs_msgs/share/eufs_msgs/msg/ConeAssociationArrayArrayStamped.msg\n'}
[24.274946] (eufs_msgs) StdoutLine: {'line': b'-- Installing: /home/gera/Desktop/EUFS_FORK_CONTAINERIZED/eufs-f1-sim/ws/install/eufs_msgs/share/eufs_msgs/msg/ConeAssociationArrayStamped.msg\n'}
[24.275021] (eufs_msgs) StdoutLine: {'line': b'-- Installing: /home/gera/Desktop/EUFS_FORK_CONTAINERIZED/eufs-f1-sim/ws/install/eufs_msgs/share/eufs_msgs/msg/Costmap.msg\n'}
[24.275230] (eufs_msgs) StdoutLine: {'line': b'-- Installing: /home/gera/Desktop/EUFS_FORK_CONTAINERIZED/eufs-f1-sim/ws/install/eufs_msgs/share/eufs_msgs/msg/CpuStatus.msg\n'}
[24.275258] (eufs_msgs) StdoutLine: {'line': b'-- Installing: /home/gera/Desktop/EUFS_FORK_CONTAINERIZED/eufs-f1-sim/ws/install/eufs_msgs/share/eufs_msgs/msg/CpuUsage.msg\n'}
[24.275366] (eufs_msgs) StdoutLine: {'line': b'-- Installing: /home/gera/Desktop/EUFS_FORK_CONTAINERIZED/eufs-f1-sim/ws/install/eufs_msgs/share/eufs_msgs/msg/EKFErr.msg\n'}
[24.275457] (eufs_msgs) StdoutLine: {'line': b'-- Installing: /home/gera/Desktop/EUFS_FORK_CONTAINERIZED/eufs-f1-sim/ws/install/eufs_msgs/share/eufs_msgs/msg/EKFState.msg\n'}
[24.275561] (eufs_msgs) StdoutLine: {'line': b'-- Installing: /home/gera/Desktop/EUFS_FORK_CONTAINERIZED/eufs-f1-sim/ws/install/eufs_msgs/share/eufs_msgs/msg/FullState.msg\n'}
[24.275649] (eufs_msgs) StdoutLine: {'line': b'-- Installing: /home/gera/Desktop/EUFS_FORK_CONTAINERIZED/eufs-f1-sim/ws/install/eufs_msgs/share/eufs_msgs/msg/Heartbeat.msg\n'}
[24.275739] (eufs_msgs) StdoutLine: {'line': b'-- Installing: /home/gera/Desktop/EUFS_FORK_CONTAINERIZED/eufs-f1-sim/ws/install/eufs_msgs/share/eufs_msgs/msg/IntegrationErr.msg\n'}
[24.275814] (eufs_msgs) StdoutLine: {'line': b'-- Installing: /home/gera/Desktop/EUFS_FORK_CONTAINERIZED/eufs-f1-sim/ws/install/eufs_msgs/share/eufs_msgs/msg/LapStats.msg\n'}
[24.275941] (eufs_msgs) StdoutLine: {'line': b'-- Installing: /home/gera/Desktop/EUFS_FORK_CONTAINERIZED/eufs-f1-sim/ws/install/eufs_msgs/share/eufs_msgs/msg/MPCState.msg\n'}
[24.276017] (eufs_msgs) StdoutLine: {'line': b'-- Installing: /home/gera/Desktop/EUFS_FORK_CONTAINERIZED/eufs-f1-sim/ws/install/eufs_msgs/share/eufs_msgs/msg/NodeState.msg\n'}
[24.276145] (eufs_msgs) StdoutLine: {'line': b'-- Installing: /home/gera/Desktop/EUFS_FORK_CONTAINERIZED/eufs-f1-sim/ws/install/eufs_msgs/share/eufs_msgs/msg/NodeStateArray.msg\n'}
[24.276225] (eufs_msgs) StdoutLine: {'line': b'-- Installing: /home/gera/Desktop/EUFS_FORK_CONTAINERIZED/eufs-f1-sim/ws/install/eufs_msgs/share/eufs_msgs/msg/OSS.msg\n'}
[24.276362] (eufs_msgs) StdoutLine: {'line': b'-- Installing: /home/gera/Desktop/EUFS_FORK_CONTAINERIZED/eufs-f1-sim/ws/install/eufs_msgs/share/eufs_msgs/msg/Particle.msg\n'}
[24.276441] (eufs_msgs) StdoutLine: {'line': b'-- Installing: /home/gera/Desktop/EUFS_FORK_CONTAINERIZED/eufs-f1-sim/ws/install/eufs_msgs/share/eufs_msgs/msg/ParticleSLAM.msg\n'}
[24.276576] (eufs_msgs) StdoutLine: {'line': b'-- Installing: /home/gera/Desktop/EUFS_FORK_CONTAINERIZED/eufs-f1-sim/ws/install/eufs_msgs/share/eufs_msgs/msg/ParticleSLAMStamped.msg\n'}
[24.276653] (eufs_msgs) StdoutLine: {'line': b'-- Installing: /home/gera/Desktop/EUFS_FORK_CONTAINERIZED/eufs-f1-sim/ws/install/eufs_msgs/share/eufs_msgs/msg/ParticleStamped.msg\n'}
[24.276781] (eufs_msgs) StdoutLine: {'line': b'-- Installing: /home/gera/Desktop/EUFS_FORK_CONTAINERIZED/eufs-f1-sim/ws/install/eufs_msgs/share/eufs_msgs/msg/PathIntegralParams.msg\n'}
[24.276863] (eufs_msgs) StdoutLine: {'line': b'-- Installing: /home/gera/Desktop/EUFS_FORK_CONTAINERIZED/eufs-f1-sim/ws/install/eufs_msgs/share/eufs_msgs/msg/PathIntegralStats.msg\n'}
[24.276992] (eufs_msgs) StdoutLine: {'line': b'-- Installing: /home/gera/Desktop/EUFS_FORK_CONTAINERIZED/eufs-f1-sim/ws/install/eufs_msgs/share/eufs_msgs/msg/PathIntegralStatus.msg\n'}
[24.277425] (eufs_msgs) StdoutLine: {'line': b'-- Installing: /home/gera/Desktop/EUFS_FORK_CONTAINERIZED/eufs-f1-sim/ws/install/eufs_msgs/share/eufs_msgs/msg/PathIntegralTiming.msg\n'}
[24.277466] (eufs_msgs) StdoutLine: {'line': b'-- Installing: /home/gera/Desktop/EUFS_FORK_CONTAINERIZED/eufs-f1-sim/ws/install/eufs_msgs/share/eufs_msgs/msg/PlanningMode.msg\n'}
[24.277489] (eufs_msgs) StdoutLine: {'line': b'-- Installing: /home/gera/Desktop/EUFS_FORK_CONTAINERIZED/eufs-f1-sim/ws/install/eufs_msgs/share/eufs_msgs/msg/PointArray.msg\n'}
[24.277514] (eufs_msgs) StdoutLine: {'line': b'-- Installing: /home/gera/Desktop/EUFS_FORK_CONTAINERIZED/eufs-f1-sim/ws/install/eufs_msgs/share/eufs_msgs/msg/PointArrayStamped.msg\n'}
[24.277559] (eufs_msgs) StdoutLine: {'line': b'-- Installing: /home/gera/Desktop/EUFS_FORK_CONTAINERIZED/eufs-f1-sim/ws/install/eufs_msgs/share/eufs_msgs/msg/PurePursuitCheckpoint.msg\n'}
[24.277621] (eufs_msgs) StdoutLine: {'line': b'-- Installing: /home/gera/Desktop/EUFS_FORK_CONTAINERIZED/eufs-f1-sim/ws/install/eufs_msgs/share/eufs_msgs/msg/PurePursuitCheckpointArrayStamped.msg\n'}
[24.277709] (eufs_msgs) StdoutLine: {'line': b'-- Installing: /home/gera/Desktop/EUFS_FORK_CONTAINERIZED/eufs-f1-sim/ws/install/eufs_msgs/share/eufs_msgs/msg/Runstop.msg\n'}
[24.277846] (eufs_msgs) StdoutLine: {'line': b'-- Installing: /home/gera/Desktop/EUFS_FORK_CONTAINERIZED/eufs-f1-sim/ws/install/eufs_msgs/share/eufs_msgs/msg/SLAMErr.msg\n'}
[24.277934] (eufs_msgs) StdoutLine: {'line': b'-- Installing: /home/gera/Desktop/EUFS_FORK_CONTAINERIZED/eufs-f1-sim/ws/install/eufs_msgs/share/eufs_msgs/msg/SLAMState.msg\n'}
[24.278072] (eufs_msgs) StdoutLine: {'line': b'-- Installing: /home/gera/Desktop/EUFS_FORK_CONTAINERIZED/eufs-f1-sim/ws/install/eufs_msgs/share/eufs_msgs/msg/StateMachineState.msg\n'}
[24.278159] (eufs_msgs) StdoutLine: {'line': b'-- Installing: /home/gera/Desktop/EUFS_FORK_CONTAINERIZED/eufs-f1-sim/ws/install/eufs_msgs/share/eufs_msgs/msg/StereoImage.msg\n'}
[24.278304] (eufs_msgs) StdoutLine: {'line': b'-- Installing: /home/gera/Desktop/EUFS_FORK_CONTAINERIZED/eufs-f1-sim/ws/install/eufs_msgs/share/eufs_msgs/msg/SystemStatus.msg\n'}
[24.278393] (eufs_msgs) StdoutLine: {'line': b'-- Installing: /home/gera/Desktop/EUFS_FORK_CONTAINERIZED/eufs-f1-sim/ws/install/eufs_msgs/share/eufs_msgs/msg/TopicStatus.msg\n'}
[24.278531] (eufs_msgs) StdoutLine: {'line': b'-- Installing: /home/gera/Desktop/EUFS_FORK_CONTAINERIZED/eufs-f1-sim/ws/install/eufs_msgs/share/eufs_msgs/msg/VehicleCommands.msg\n'}
[24.278619] (eufs_msgs) StdoutLine: {'line': b'-- Installing: /home/gera/Desktop/EUFS_FORK_CONTAINERIZED/eufs-f1-sim/ws/install/eufs_msgs/share/eufs_msgs/msg/VehicleCommandsStamped.msg\n'}
[24.278757] (eufs_msgs) StdoutLine: {'line': b'-- Installing: /home/gera/Desktop/EUFS_FORK_CONTAINERIZED/eufs-f1-sim/ws/install/eufs_msgs/share/eufs_msgs/msg/Waypoint.msg\n'}
[24.278845] (eufs_msgs) StdoutLine: {'line': b'-- Installing: /home/gera/Desktop/EUFS_FORK_CONTAINERIZED/eufs-f1-sim/ws/install/eufs_msgs/share/eufs_msgs/msg/WaypointArrayStamped.msg\n'}
[24.278986] (eufs_msgs) StdoutLine: {'line': b'-- Installing: /home/gera/Desktop/EUFS_FORK_CONTAINERIZED/eufs-f1-sim/ws/install/eufs_msgs/share/eufs_msgs/msg/WheelOdometryErr.msg\n'}
[24.279073] (eufs_msgs) StdoutLine: {'line': b'-- Installing: /home/gera/Desktop/EUFS_FORK_CONTAINERIZED/eufs-f1-sim/ws/install/eufs_msgs/share/eufs_msgs/msg/WheelSpeeds.msg\n'}
[24.279217] (eufs_msgs) StdoutLine: {'line': b'-- Installing: /home/gera/Desktop/EUFS_FORK_CONTAINERIZED/eufs-f1-sim/ws/install/eufs_msgs/share/eufs_msgs/msg/WheelSpeedsStamped.msg\n'}
[24.279305] (eufs_msgs) StdoutLine: {'line': b'-- Installing: /home/gera/Desktop/EUFS_FORK_CONTAINERIZED/eufs-f1-sim/ws/install/eufs_msgs/share/eufs_msgs/action/CheckForObjects.action\n'}
[24.279406] (eufs_msgs) StdoutLine: {'line': b'-- Installing: /home/gera/Desktop/EUFS_FORK_CONTAINERIZED/eufs-f1-sim/ws/install/eufs_msgs/share/eufs_msgs/srv/RecordStart.srv\n'}
[24.279499] (eufs_msgs) StdoutLine: {'line': b'-- Installing: /home/gera/Desktop/EUFS_FORK_CONTAINERIZED/eufs-f1-sim/ws/install/eufs_msgs/share/eufs_msgs/srv/RecordStart_Request.msg\n'}
[24.279592] (eufs_msgs) StdoutLine: {'line': b'-- Installing: /home/gera/Desktop/EUFS_FORK_CONTAINERIZED/eufs-f1-sim/ws/install/eufs_msgs/share/eufs_msgs/srv/RecordStart_Response.msg\n'}
[24.279673] (eufs_msgs) StdoutLine: {'line': b'-- Installing: /home/gera/Desktop/EUFS_FORK_CONTAINERIZED/eufs-f1-sim/ws/install/eufs_msgs/share/eufs_msgs/srv/RecordStop.srv\n'}
[24.279803] (eufs_msgs) StdoutLine: {'line': b'-- Installing: /home/gera/Desktop/EUFS_FORK_CONTAINERIZED/eufs-f1-sim/ws/install/eufs_msgs/share/eufs_msgs/srv/RecordStop_Request.msg\n'}
[24.279882] (eufs_msgs) StdoutLine: {'line': b'-- Installing: /home/gera/Desktop/EUFS_FORK_CONTAINERIZED/eufs-f1-sim/ws/install/eufs_msgs/share/eufs_msgs/srv/RecordStop_Response.msg\n'}
[24.280014] (eufs_msgs) StdoutLine: {'line': b'-- Installing: /home/gera/Desktop/EUFS_FORK_CONTAINERIZED/eufs-f1-sim/ws/install/eufs_msgs/share/eufs_msgs/srv/Register.srv\n'}
[24.280091] (eufs_msgs) StdoutLine: {'line': b'-- Installing: /home/gera/Desktop/EUFS_FORK_CONTAINERIZED/eufs-f1-sim/ws/install/eufs_msgs/share/eufs_msgs/srv/Register_Request.msg\n'}
[24.280224] (eufs_msgs) StdoutLine: {'line': b'-- Installing: /home/gera/Desktop/EUFS_FORK_CONTAINERIZED/eufs-f1-sim/ws/install/eufs_msgs/share/eufs_msgs/srv/Register_Response.msg\n'}
[24.280302] (eufs_msgs) StdoutLine: {'line': b'-- Installing: /home/gera/Desktop/EUFS_FORK_CONTAINERIZED/eufs-f1-sim/ws/install/eufs_msgs/share/eufs_msgs/srv/SetCanState.srv\n'}
[24.280433] (eufs_msgs) StdoutLine: {'line': b'-- Installing: /home/gera/Desktop/EUFS_FORK_CONTAINERIZED/eufs-f1-sim/ws/install/eufs_msgs/share/eufs_msgs/srv/SetCanState_Request.msg\n'}
[24.280510] (eufs_msgs) StdoutLine: {'line': b'-- Installing: /home/gera/Desktop/EUFS_FORK_CONTAINERIZED/eufs-f1-sim/ws/install/eufs_msgs/share/eufs_msgs/srv/SetCanState_Response.msg\n'}
[24.280642] (eufs_msgs) StdoutLine: {'line': b'-- Installing: /home/gera/Desktop/EUFS_FORK_CONTAINERIZED/eufs-f1-sim/ws/install/eufs_msgs/share/eufs_msgs/srv/SetString.srv\n'}
[24.280722] (eufs_msgs) StdoutLine: {'line': b'-- Installing: /home/gera/Desktop/EUFS_FORK_CONTAINERIZED/eufs-f1-sim/ws/install/eufs_msgs/share/eufs_msgs/srv/SetString_Request.msg\n'}
[24.280858] (eufs_msgs) StdoutLine: {'line': b'-- Installing: /home/gera/Desktop/EUFS_FORK_CONTAINERIZED/eufs-f1-sim/ws/install/eufs_msgs/share/eufs_msgs/srv/SetString_Response.msg\n'}
[24.280937] (eufs_msgs) StdoutLine: {'line': b'-- Installing: /home/gera/Desktop/EUFS_FORK_CONTAINERIZED/eufs-f1-sim/ws/install/eufs_msgs/share/eufs_msgs/srv/SetTrack.srv\n'}
[24.281037] (eufs_msgs) StdoutLine: {'line': b'-- Installing: /home/gera/Desktop/EUFS_FORK_CONTAINERIZED/eufs-f1-sim/ws/install/eufs_msgs/share/eufs_msgs/srv/SetTrack_Request.msg\n'}
[24.281129] (eufs_msgs) StdoutLine: {'line': b'-- Installing: /home/gera/Desktop/EUFS_FORK_CONTAINERIZED/eufs-f1-sim/ws/install/eufs_msgs/share/eufs_msgs/srv/SetTrack_Response.msg\n'}
[24.281255] (eufs_msgs) StdoutLine: {'line': b'-- Installing: /home/gera/Desktop/EUFS_FORK_CONTAINERIZED/eufs-f1-sim/ws/install/eufs_msgs/share/eufs_msgs/srv/SetMission.srv\n'}
[24.281340] (eufs_msgs) StdoutLine: {'line': b'-- Installing: /home/gera/Desktop/EUFS_FORK_CONTAINERIZED/eufs-f1-sim/ws/install/eufs_msgs/share/eufs_msgs/srv/SetMission_Request.msg\n'}
[24.281472] (eufs_msgs) StdoutLine: {'line': b'-- Installing: /home/gera/Desktop/EUFS_FORK_CONTAINERIZED/eufs-f1-sim/ws/install/eufs_msgs/share/eufs_msgs/srv/SetMission_Response.msg\n'}
[24.281555] (eufs_msgs) StdoutLine: {'line': b'-- Installing: /home/gera/Desktop/EUFS_FORK_CONTAINERIZED/eufs-f1-sim/ws/install/eufs_msgs/share/eufs_msgs/srv/GetMap.srv\n'}
[24.281689] (eufs_msgs) StdoutLine: {'line': b'-- Installing: /home/gera/Desktop/EUFS_FORK_CONTAINERIZED/eufs-f1-sim/ws/install/eufs_msgs/share/eufs_msgs/srv/GetMap_Request.msg\n'}
[24.281802] (eufs_msgs) StdoutLine: {'line': b'-- Installing: /home/gera/Desktop/EUFS_FORK_CONTAINERIZED/eufs-f1-sim/ws/install/eufs_msgs/share/eufs_msgs/srv/GetMap_Response.msg\n'}
[24.281964] (eufs_msgs) StdoutLine: {'line': b'-- Installing: /home/gera/Desktop/EUFS_FORK_CONTAINERIZED/eufs-f1-sim/ws/install/eufs_msgs/share/ament_index/resource_index/package_run_dependencies/eufs_msgs\n'}
[24.282067] (eufs_msgs) StdoutLine: {'line': b'-- Installing: /home/gera/Desktop/EUFS_FORK_CONTAINERIZED/eufs-f1-sim/ws/install/eufs_msgs/share/ament_index/resource_index/parent_prefix_path/eufs_msgs\n'}
[24.282210] (eufs_msgs) StdoutLine: {'line': b'-- Installing: /home/gera/Desktop/EUFS_FORK_CONTAINERIZED/eufs-f1-sim/ws/install/eufs_msgs/share/eufs_msgs/environment/ament_prefix_path.sh\n'}
[24.283271] (eufs_msgs) StdoutLine: {'line': b'-- Installing: /home/gera/Desktop/EUFS_FORK_CONTAINERIZED/eufs-f1-sim/ws/install/eufs_msgs/share/eufs_msgs/environment/ament_prefix_path.dsv\n'}
[24.283307] (eufs_msgs) StdoutLine: {'line': b'-- Installing: /home/gera/Desktop/EUFS_FORK_CONTAINERIZED/eufs-f1-sim/ws/install/eufs_msgs/share/eufs_msgs/environment/path.sh\n'}
[24.283334] (eufs_msgs) StdoutLine: {'line': b'-- Installing: /home/gera/Desktop/EUFS_FORK_CONTAINERIZED/eufs-f1-sim/ws/install/eufs_msgs/share/eufs_msgs/environment/path.dsv\n'}
[24.283361] (eufs_msgs) StdoutLine: {'line': b'-- Installing: /home/gera/Desktop/EUFS_FORK_CONTAINERIZED/eufs-f1-sim/ws/install/eufs_msgs/share/eufs_msgs/local_setup.bash\n'}
[24.283387] (eufs_msgs) StdoutLine: {'line': b'-- Installing: /home/gera/Desktop/EUFS_FORK_CONTAINERIZED/eufs-f1-sim/ws/install/eufs_msgs/share/eufs_msgs/local_setup.sh\n'}
[24.283413] (eufs_msgs) StdoutLine: {'line': b'-- Installing: /home/gera/Desktop/EUFS_FORK_CONTAINERIZED/eufs-f1-sim/ws/install/eufs_msgs/share/eufs_msgs/local_setup.zsh\n'}
[24.283470] (eufs_msgs) StdoutLine: {'line': b'-- Installing: /home/gera/Desktop/EUFS_FORK_CONTAINERIZED/eufs-f1-sim/ws/install/eufs_msgs/share/eufs_msgs/local_setup.dsv\n'}
[24.283498] (eufs_msgs) StdoutLine: {'line': b'-- Installing: /home/gera/Desktop/EUFS_FORK_CONTAINERIZED/eufs-f1-sim/ws/install/eufs_msgs/share/eufs_msgs/package.dsv\n'}
[24.284240] (eufs_msgs) StdoutLine: {'line': b'-- Installing: /home/gera/Desktop/EUFS_FORK_CONTAINERIZED/eufs-f1-sim/ws/install/eufs_msgs/share/ament_index/resource_index/packages/eufs_msgs\n'}
[24.284307] (eufs_msgs) StdoutLine: {'line': b'-- Installing: /home/gera/Desktop/EUFS_FORK_CONTAINERIZED/eufs-f1-sim/ws/install/eufs_msgs/share/eufs_msgs/cmake/export_eufs_msgs__rosidl_generator_cExport.cmake\n'}
[24.284341] (eufs_msgs) StdoutLine: {'line': b'-- Installing: /home/gera/Desktop/EUFS_FORK_CONTAINERIZED/eufs-f1-sim/ws/install/eufs_msgs/share/eufs_msgs/cmake/export_eufs_msgs__rosidl_generator_cExport-noconfig.cmake\n'}
[24.284370] (eufs_msgs) StdoutLine: {'line': b'-- Installing: /home/gera/Desktop/EUFS_FORK_CONTAINERIZED/eufs-f1-sim/ws/install/eufs_msgs/share/eufs_msgs/cmake/export_eufs_msgs__rosidl_typesupport_fastrtps_cExport.cmake\n'}
[24.284401] (eufs_msgs) StdoutLine: {'line': b'-- Installing: /home/gera/Desktop/EUFS_FORK_CONTAINERIZED/eufs-f1-sim/ws/install/eufs_msgs/share/eufs_msgs/cmake/export_eufs_msgs__rosidl_typesupport_fastrtps_cExport-noconfig.cmake\n'}
[24.284437] (eufs_msgs) StdoutLine: {'line': b'-- Installing: /home/gera/Desktop/EUFS_FORK_CONTAINERIZED/eufs-f1-sim/ws/install/eufs_msgs/share/eufs_msgs/cmake/eufs_msgs__rosidl_typesupport_introspection_cExport.cmake\n'}
[24.284470] (eufs_msgs) StdoutLine: {'line': b'-- Installing: /home/gera/Desktop/EUFS_FORK_CONTAINERIZED/eufs-f1-sim/ws/install/eufs_msgs/share/eufs_msgs/cmake/eufs_msgs__rosidl_typesupport_introspection_cExport-noconfig.cmake\n'}
[24.284526] (eufs_msgs) StdoutLine: {'line': b'-- Installing: /home/gera/Desktop/EUFS_FORK_CONTAINERIZED/eufs-f1-sim/ws/install/eufs_msgs/share/eufs_msgs/cmake/eufs_msgs__rosidl_typesupport_cExport.cmake\n'}
[24.284553] (eufs_msgs) StdoutLine: {'line': b'-- Installing: /home/gera/Desktop/EUFS_FORK_CONTAINERIZED/eufs-f1-sim/ws/install/eufs_msgs/share/eufs_msgs/cmake/eufs_msgs__rosidl_typesupport_cExport-noconfig.cmake\n'}
[24.284627] (eufs_msgs) StdoutLine: {'line': b'-- Installing: /home/gera/Desktop/EUFS_FORK_CONTAINERIZED/eufs-f1-sim/ws/install/eufs_msgs/share/eufs_msgs/cmake/export_eufs_msgs__rosidl_generator_cppExport.cmake\n'}
[24.284718] (eufs_msgs) StdoutLine: {'line': b'-- Installing: /home/gera/Desktop/EUFS_FORK_CONTAINERIZED/eufs-f1-sim/ws/install/eufs_msgs/share/eufs_msgs/cmake/export_eufs_msgs__rosidl_typesupport_fastrtps_cppExport.cmake\n'}
[24.284861] (eufs_msgs) StdoutLine: {'line': b'-- Installing: /home/gera/Desktop/EUFS_FORK_CONTAINERIZED/eufs-f1-sim/ws/install/eufs_msgs/share/eufs_msgs/cmake/export_eufs_msgs__rosidl_typesupport_fastrtps_cppExport-noconfig.cmake\n'}
[24.284948] (eufs_msgs) StdoutLine: {'line': b'-- Installing: /home/gera/Desktop/EUFS_FORK_CONTAINERIZED/eufs-f1-sim/ws/install/eufs_msgs/share/eufs_msgs/cmake/eufs_msgs__rosidl_typesupport_introspection_cppExport.cmake\n'}
[24.285060] (eufs_msgs) StdoutLine: {'line': b'-- Installing: /home/gera/Desktop/EUFS_FORK_CONTAINERIZED/eufs-f1-sim/ws/install/eufs_msgs/share/eufs_msgs/cmake/eufs_msgs__rosidl_typesupport_introspection_cppExport-noconfig.cmake\n'}
[24.285167] (eufs_msgs) StdoutLine: {'line': b'-- Installing: /home/gera/Desktop/EUFS_FORK_CONTAINERIZED/eufs-f1-sim/ws/install/eufs_msgs/share/eufs_msgs/cmake/eufs_msgs__rosidl_typesupport_cppExport.cmake\n'}
[24.285277] (eufs_msgs) StdoutLine: {'line': b'-- Installing: /home/gera/Desktop/EUFS_FORK_CONTAINERIZED/eufs-f1-sim/ws/install/eufs_msgs/share/eufs_msgs/cmake/eufs_msgs__rosidl_typesupport_cppExport-noconfig.cmake\n'}
[24.285374] (eufs_msgs) StdoutLine: {'line': b'-- Installing: /home/gera/Desktop/EUFS_FORK_CONTAINERIZED/eufs-f1-sim/ws/install/eufs_msgs/share/eufs_msgs/cmake/export_eufs_msgs__rosidl_generator_pyExport.cmake\n'}
[24.285519] (eufs_msgs) StdoutLine: {'line': b'-- Installing: /home/gera/Desktop/EUFS_FORK_CONTAINERIZED/eufs-f1-sim/ws/install/eufs_msgs/share/eufs_msgs/cmake/export_eufs_msgs__rosidl_generator_pyExport-noconfig.cmake\n'}
[24.285902] (eufs_msgs) StdoutLine: {'line': b'-- Installing: /home/gera/Desktop/EUFS_FORK_CONTAINERIZED/eufs-f1-sim/ws/install/eufs_msgs/share/eufs_msgs/cmake/rosidl_cmake-extras.cmake\n'}
[24.286032] (eufs_msgs) StdoutLine: {'line': b'-- Installing: /home/gera/Desktop/EUFS_FORK_CONTAINERIZED/eufs-f1-sim/ws/install/eufs_msgs/share/eufs_msgs/cmake/ament_cmake_export_dependencies-extras.cmake\n'}
[24.286122] (eufs_msgs) StdoutLine: {'line': b'-- Installing: /home/gera/Desktop/EUFS_FORK_CONTAINERIZED/eufs-f1-sim/ws/install/eufs_msgs/share/eufs_msgs/cmake/ament_cmake_export_include_directories-extras.cmake\n'}
[24.286184] (eufs_msgs) StdoutLine: {'line': b'-- Installing: /home/gera/Desktop/EUFS_FORK_CONTAINERIZED/eufs-f1-sim/ws/install/eufs_msgs/share/eufs_msgs/cmake/ament_cmake_export_libraries-extras.cmake\n'}
[24.286273] (eufs_msgs) StdoutLine: {'line': b'-- Installing: /home/gera/Desktop/EUFS_FORK_CONTAINERIZED/eufs-f1-sim/ws/install/eufs_msgs/share/eufs_msgs/cmake/ament_cmake_export_targets-extras.cmake\n'}
[24.286328] (eufs_msgs) StdoutLine: {'line': b'-- Installing: /home/gera/Desktop/EUFS_FORK_CONTAINERIZED/eufs-f1-sim/ws/install/eufs_msgs/share/eufs_msgs/cmake/rosidl_cmake_export_typesupport_targets-extras.cmake\n'}
[24.286443] (eufs_msgs) StdoutLine: {'line': b'-- Installing: /home/gera/Desktop/EUFS_FORK_CONTAINERIZED/eufs-f1-sim/ws/install/eufs_msgs/share/eufs_msgs/cmake/rosidl_cmake_export_typesupport_libraries-extras.cmake\n'}
[24.286531] (eufs_msgs) StdoutLine: {'line': b'-- Installing: /home/gera/Desktop/EUFS_FORK_CONTAINERIZED/eufs-f1-sim/ws/install/eufs_msgs/share/eufs_msgs/cmake/eufs_msgsConfig.cmake\n'}
[24.286611] (eufs_msgs) StdoutLine: {'line': b'-- Installing: /home/gera/Desktop/EUFS_FORK_CONTAINERIZED/eufs-f1-sim/ws/install/eufs_msgs/share/eufs_msgs/cmake/eufs_msgsConfig-version.cmake\n'}
[24.286663] (eufs_msgs) StdoutLine: {'line': b'-- Installing: /home/gera/Desktop/EUFS_FORK_CONTAINERIZED/eufs-f1-sim/ws/install/eufs_msgs/share/eufs_msgs/package.xml\n'}
[24.288580] (eufs_msgs) CommandEnded: {'returncode': 0}
[24.307363] (eufs_msgs) JobEnded: {'identifier': 'eufs_msgs', 'rc': 0}
[24.308036] (-) EventReactorShutdown: {}
