solid 
 facet normal -8.605542e-01  1.725561e-01  4.792399e-01
   outer loop
     vertex  3.051968e+00  9.275718e-01  8.883795e-01
     vertex  3.022854e+00  7.493942e-01  9.002550e-01
     vertex  3.063729e+00  7.493942e-01  9.736535e-01
   endloop
 endfacet
 facet normal -8.605542e-01  1.725561e-01  4.792399e-01
   outer loop
     vertex  3.051968e+00  9.275718e-01  8.883795e-01
     vertex  3.063729e+00  7.493942e-01  9.736535e-01
     vertex  3.089156e+00  9.275718e-01  9.551556e-01
   endloop
 endfacet
 facet normal -9.502377e-01  1.725561e-01  2.593700e-01
   outer loop
     vertex  3.031842e+00  9.275718e-01  8.146442e-01
     vertex  3.000732e+00  7.493942e-01  8.192072e-01
     vertex  3.022854e+00  7.493942e-01  9.002550e-01
   endloop
 endfacet
 facet normal -9.502377e-01  1.725561e-01  2.593700e-01
   outer loop
     vertex  3.031842e+00  9.275718e-01  8.146442e-01
     vertex  3.022854e+00  7.493942e-01  9.002550e-01
     vertex  3.051968e+00  9.275718e-01  8.883795e-01
   endloop
 endfacet
 facet normal -9.846968e-01  1.725561e-01  2.442640e-02
   outer loop
     vertex  3.029947e+00  9.275718e-01  7.382351e-01
     vertex  2.998648e+00  7.493942e-01  7.352203e-01
     vertex  3.000732e+00  7.493942e-01  8.192072e-01
   endloop
 endfacet
 facet normal -9.846968e-01  1.725561e-01  2.442640e-02
   outer loop
     vertex  3.029947e+00  9.275718e-01  7.382351e-01
     vertex  3.000732e+00  7.493942e-01  8.192072e-01
     vertex  3.031842e+00  9.275718e-01  8.146442e-01
   endloop
 endfacet
 facet normal -7.532538e-01  1.725561e-01 -6.346913e-01
   outer loop
     vertex  3.129473e+00  9.275718e-01  5.366049e-01
     vertex  3.108045e+00  7.493942e-01  5.135937e-01
     vertex  3.053911e+00  7.493942e-01  5.778404e-01
   endloop
 endfacet
 facet normal -7.532538e-01  1.725561e-01 -6.346913e-01
   outer loop
     vertex  3.129473e+00  9.275718e-01  5.366049e-01
     vertex  3.053911e+00  7.493942e-01  5.778404e-01
     vertex  3.080223e+00  9.275718e-01  5.950549e-01
   endloop
 endfacet
 facet normal -5.794741e-01  1.725561e-01 -7.965138e-01
   outer loop
     vertex  3.191280e+00  9.275718e-01  4.916397e-01
     vertex  3.175982e+00  7.493942e-01  4.641692e-01
     vertex  3.108045e+00  7.493942e-01  5.135937e-01
   endloop
 endfacet
 facet normal -5.794741e-01  1.725561e-01 -7.965138e-01
   outer loop
     vertex  3.191280e+00  9.275718e-01  4.916397e-01
     vertex  3.108045e+00  7.493942e-01  5.135937e-01
     vertex  3.129473e+00  9.275718e-01  5.366049e-01
   endloop
 endfacet
 facet normal -3.720174e-01  1.725561e-01 -9.120458e-01
   outer loop
     vertex  3.262051e+00  9.275718e-01  4.627724e-01
     vertex  3.253772e+00  7.493942e-01  4.324390e-01
     vertex  3.175982e+00  7.493942e-01  4.641692e-01
   endloop
 endfacet
 facet normal -3.720174e-01  1.725561e-01 -9.120458e-01
   outer loop
     vertex  3.262051e+00  9.275718e-01  4.627724e-01
     vertex  3.175982e+00  7.493942e-01  4.641692e-01
     vertex  3.191280e+00  9.275718e-01  4.916397e-01
   endloop
 endfacet
 facet normal  3.263392e-01  1.725561e-01 -9.293692e-01
   outer loop
     vertex  3.485871e+00  9.275718e-01  4.843321e-01
     vertex  3.499789e+00  7.493942e-01  4.561368e-01
     vertex  3.420521e+00  7.493942e-01  4.283026e-01
   endloop
 endfacet
 facet normal  3.263392e-01  1.725561e-01 -9.293692e-01
   outer loop
     vertex  3.485871e+00  9.275718e-01  4.843321e-01
     vertex  3.420521e+00  7.493942e-01  4.283026e-01
     vertex  3.413756e+00  9.275718e-01  4.590093e-01
   endloop
 endfacet
 facet normal  5.392690e-01  1.725561e-01 -8.242653e-01
   outer loop
     vertex  3.549832e+00  9.275718e-01  5.261775e-01
     vertex  3.570092e+00  7.493942e-01  5.021322e-01
     vertex  3.499789e+00  7.493942e-01  4.561368e-01
   endloop
 endfacet
 facet normal  5.392690e-01  1.725561e-01 -8.242653e-01
   outer loop
     vertex  3.549832e+00  9.275718e-01  5.261775e-01
     vertex  3.499789e+00  7.493942e-01  4.561368e-01
     vertex  3.485871e+00  9.275718e-01  4.843321e-01
   endloop
 endfacet
 facet normal  7.208584e-01  1.725561e-01 -6.712582e-01
   outer loop
     vertex  3.601919e+00  9.275718e-01  5.821137e-01
     vertex  3.627345e+00  7.493942e-01  5.636158e-01
     vertex  3.570092e+00  7.493942e-01  5.021322e-01
   endloop
 endfacet
 facet normal  7.208584e-01  1.725561e-01 -6.712582e-01
   outer loop
     vertex  3.601919e+00  9.275718e-01  5.821137e-01
     vertex  3.570092e+00  7.493942e-01  5.021322e-01
     vertex  3.549832e+00  9.275718e-01  5.261775e-01
   endloop
 endfacet
 facet normal -9.761159e-01  3.075595e-02 -2.150625e-01
   outer loop
     vertex  3.016645e+00  8.469889e-01  6.674936e-01
     vertex  3.016725e+00  7.493942e-01  6.531753e-01
     vertex  2.998648e+00  7.493942e-01  7.352203e-01
   endloop
 endfacet
 facet normal -8.948655e-01  6.407469e-02 -4.417128e-01
   outer loop
     vertex  3.016645e+00  8.469889e-01  6.674936e-01
     vertex  3.053911e+00  7.493942e-01  5.778404e-01
     vertex  3.016725e+00  7.493942e-01  6.531753e-01
   endloop
 endfacet
 facet normal -7.611350e-01  5.286977e-01 -3.757024e-01
   outer loop
     vertex  3.027532e+00  9.055708e-01  6.708415e-01
     vertex  3.046392e+00  9.275718e-01  6.635927e-01
     vertex  3.080223e+00  9.275718e-01  5.950549e-01
   endloop
 endfacet
 facet normal -7.751633e-01  6.082380e-01 -1.707877e-01
   outer loop
     vertex  3.027532e+00  9.055708e-01  6.708415e-01
     vertex  3.029947e+00  9.275718e-01  7.382351e-01
     vertex  3.046392e+00  9.275718e-01  6.635927e-01
   endloop
 endfacet
 facet normal -9.831850e-01  1.826027e-01  1.871670e-03
   outer loop
     vertex  3.027532e+00  9.055708e-01  6.708415e-01
     vertex  3.016645e+00  8.469889e-01  6.674936e-01
     vertex  2.998648e+00  7.493942e-01  7.352203e-01
   endloop
 endfacet
 facet normal -8.208403e-01  1.834514e-01 -5.408944e-01
   outer loop
     vertex  3.027532e+00  9.055708e-01  6.708415e-01
     vertex  3.053911e+00  7.493942e-01  5.778404e-01
     vertex  3.016645e+00  8.469889e-01  6.674936e-01
   endloop
 endfacet
 facet normal -9.846354e-01  1.733190e-01 -2.130037e-02
   outer loop
     vertex  3.027532e+00  9.055708e-01  6.708415e-01
     vertex  2.998648e+00  7.493942e-01  7.352203e-01
     vertex  3.029947e+00  9.275718e-01  7.382351e-01
   endloop
 endfacet
 facet normal -8.314943e-01  1.737691e-01 -5.276567e-01
   outer loop
     vertex  3.027532e+00  9.055708e-01  6.708415e-01
     vertex  3.080223e+00  9.275718e-01  5.950549e-01
     vertex  3.053911e+00  7.493942e-01  5.778404e-01
   endloop
 endfacet
 facet normal -1.448190e-01  6.407469e-02 -9.873813e-01
   outer loop
     vertex  3.350543e+00  8.469889e-01  4.245789e-01
     vertex  3.336895e+00  7.493942e-01  4.202473e-01
     vertex  3.253772e+00  7.493942e-01  4.324390e-01
   endloop
 endfacet
 facet normal  9.583667e-02  3.075595e-02 -9.949218e-01
   outer loop
     vertex  3.350543e+00  8.469889e-01  4.245789e-01
     vertex  3.420521e+00  7.493942e-01  4.283026e-01
     vertex  3.336895e+00  7.493942e-01  4.202473e-01
   endloop
 endfacet
 facet normal  7.610681e-02  6.082380e-01 -7.900976e-01
   outer loop
     vertex  3.350377e+00  9.055708e-01  4.359673e-01
     vertex  3.337675e+00  9.275718e-01  4.516807e-01
     vertex  3.413756e+00  9.275718e-01  4.590093e-01
   endloop
 endfacet
 facet normal -1.231769e-01  5.286977e-01 -8.398251e-01
   outer loop
     vertex  3.350377e+00  9.055708e-01  4.359673e-01
     vertex  3.262051e+00  9.275718e-01  4.627724e-01
     vertex  3.337675e+00  9.275718e-01  4.516807e-01
   endloop
 endfacet
 facet normal -2.460964e-01  1.737691e-01 -9.535412e-01
   outer loop
     vertex  3.350377e+00  9.055708e-01  4.359673e-01
     vertex  3.253772e+00  7.493942e-01  4.324390e-01
     vertex  3.262051e+00  9.275718e-01  4.627724e-01
   endloop
 endfacet
 facet normal  2.828137e-01  1.733190e-01 -9.433859e-01
   outer loop
     vertex  3.350377e+00  9.055708e-01  4.359673e-01
     vertex  3.413756e+00  9.275718e-01  4.590093e-01
     vertex  3.420521e+00  7.493942e-01  4.283026e-01
   endloop
 endfacet
 facet normal  3.044142e-01  1.826027e-01 -9.348734e-01
   outer loop
     vertex  3.350377e+00  9.055708e-01  4.359673e-01
     vertex  3.420521e+00  7.493942e-01  4.283026e-01
     vertex  3.350543e+00  8.469889e-01  4.245789e-01
   endloop
 endfacet
 facet normal -2.619707e-01  1.834514e-01 -9.474793e-01
   outer loop
     vertex  3.350377e+00  9.055708e-01  4.359673e-01
     vertex  3.350543e+00  8.469889e-01  4.245789e-01
     vertex  3.253772e+00  7.493942e-01  4.324390e-01
   endloop
 endfacet
 facet normal -8.605542e-01 -1.725561e-01  4.792399e-01
   outer loop
     vertex  3.022854e+00  7.493942e-01  9.002550e-01
     vertex  3.051968e+00  5.712166e-01  8.883795e-01
     vertex  3.089156e+00  5.712166e-01  9.551556e-01
   endloop
 endfacet
 facet normal -8.605542e-01 -1.725561e-01  4.792399e-01
   outer loop
     vertex  3.022854e+00  7.493942e-01  9.002550e-01
     vertex  3.089156e+00  5.712166e-01  9.551556e-01
     vertex  3.063729e+00  7.493942e-01  9.736535e-01
   endloop
 endfacet
 facet normal -9.502377e-01 -1.725561e-01  2.593700e-01
   outer loop
     vertex  3.000732e+00  7.493942e-01  8.192072e-01
     vertex  3.031842e+00  5.712166e-01  8.146442e-01
     vertex  3.051968e+00  5.712166e-01  8.883795e-01
   endloop
 endfacet
 facet normal -9.502377e-01 -1.725561e-01  2.593700e-01
   outer loop
     vertex  3.000732e+00  7.493942e-01  8.192072e-01
     vertex  3.051968e+00  5.712166e-01  8.883795e-01
     vertex  3.022854e+00  7.493942e-01  9.002550e-01
   endloop
 endfacet
 facet normal -9.846968e-01 -1.725561e-01  2.442640e-02
   outer loop
     vertex  2.998648e+00  7.493942e-01  7.352203e-01
     vertex  3.029947e+00  5.712166e-01  7.382351e-01
     vertex  3.031842e+00  5.712166e-01  8.146442e-01
   endloop
 endfacet
 facet normal -9.846968e-01 -1.725561e-01  2.442640e-02
   outer loop
     vertex  2.998648e+00  7.493942e-01  7.352203e-01
     vertex  3.031842e+00  5.712166e-01  8.146442e-01
     vertex  3.000732e+00  7.493942e-01  8.192072e-01
   endloop
 endfacet
 facet normal -7.532538e-01 -1.725561e-01 -6.346913e-01
   outer loop
     vertex  3.108045e+00  7.493942e-01  5.135937e-01
     vertex  3.129473e+00  5.712166e-01  5.366049e-01
     vertex  3.080223e+00  5.712166e-01  5.950549e-01
   endloop
 endfacet
 facet normal -7.532538e-01 -1.725561e-01 -6.346913e-01
   outer loop
     vertex  3.108045e+00  7.493942e-01  5.135937e-01
     vertex  3.080223e+00  5.712166e-01  5.950549e-01
     vertex  3.053911e+00  7.493942e-01  5.778404e-01
   endloop
 endfacet
 facet normal -5.794741e-01 -1.725561e-01 -7.965138e-01
   outer loop
     vertex  3.175982e+00  7.493942e-01  4.641692e-01
     vertex  3.191280e+00  5.712166e-01  4.916397e-01
     vertex  3.129473e+00  5.712166e-01  5.366049e-01
   endloop
 endfacet
 facet normal -5.794741e-01 -1.725561e-01 -7.965138e-01
   outer loop
     vertex  3.175982e+00  7.493942e-01  4.641692e-01
     vertex  3.129473e+00  5.712166e-01  5.366049e-01
     vertex  3.108045e+00  7.493942e-01  5.135937e-01
   endloop
 endfacet
 facet normal -3.720174e-01 -1.725561e-01 -9.120458e-01
   outer loop
     vertex  3.253772e+00  7.493942e-01  4.324390e-01
     vertex  3.262051e+00  5.712166e-01  4.627724e-01
     vertex  3.191280e+00  5.712166e-01  4.916397e-01
   endloop
 endfacet
 facet normal -3.720174e-01 -1.725561e-01 -9.120458e-01
   outer loop
     vertex  3.253772e+00  7.493942e-01  4.324390e-01
     vertex  3.191280e+00  5.712166e-01  4.916397e-01
     vertex  3.175982e+00  7.493942e-01  4.641692e-01
   endloop
 endfacet
 facet normal  3.263392e-01 -1.725561e-01 -9.293692e-01
   outer loop
     vertex  3.499789e+00  7.493942e-01  4.561368e-01
     vertex  3.485871e+00  5.712166e-01  4.843321e-01
     vertex  3.413756e+00  5.712166e-01  4.590093e-01
   endloop
 endfacet
 facet normal  3.263392e-01 -1.725561e-01 -9.293692e-01
   outer loop
     vertex  3.499789e+00  7.493942e-01  4.561368e-01
     vertex  3.413756e+00  5.712166e-01  4.590093e-01
     vertex  3.420521e+00  7.493942e-01  4.283026e-01
   endloop
 endfacet
 facet normal  7.208584e-01 -1.725561e-01 -6.712582e-01
   outer loop
     vertex  3.570092e+00  7.493942e-01  5.021322e-01
     vertex  3.601919e+00  5.712166e-01  5.821137e-01
     vertex  3.549832e+00  5.712166e-01  5.261775e-01
   endloop
 endfacet
 facet normal  5.392690e-01 -1.725561e-01 -8.242653e-01
   outer loop
     vertex  3.570092e+00  7.493942e-01  5.021322e-01
     vertex  3.549832e+00  5.712166e-01  5.261775e-01
     vertex  3.485871e+00  5.712166e-01  4.843321e-01
   endloop
 endfacet
 facet normal  5.392690e-01 -1.725561e-01 -8.242653e-01
   outer loop
     vertex  3.570092e+00  7.493942e-01  5.021322e-01
     vertex  3.485871e+00  5.712166e-01  4.843321e-01
     vertex  3.499789e+00  7.493942e-01  4.561368e-01
   endloop
 endfacet
 facet normal  7.208584e-01 -1.725561e-01 -6.712582e-01
   outer loop
     vertex  3.627345e+00  7.493942e-01  5.636158e-01
     vertex  3.601919e+00  5.712166e-01  5.821137e-01
     vertex  3.570092e+00  7.493942e-01  5.021322e-01
   endloop
 endfacet
 facet normal -7.611350e-01 -5.286977e-01 -3.757024e-01
   outer loop
     vertex  3.027532e+00  5.932176e-01  6.708415e-01
     vertex  3.080223e+00  5.712166e-01  5.950549e-01
     vertex  3.046392e+00  5.712166e-01  6.635927e-01
   endloop
 endfacet
 facet normal -7.751633e-01 -6.082380e-01 -1.707877e-01
   outer loop
     vertex  3.027532e+00  5.932176e-01  6.708415e-01
     vertex  3.046392e+00  5.712166e-01  6.635927e-01
     vertex  3.029947e+00  5.712166e-01  7.382351e-01
   endloop
 endfacet
 facet normal -9.761159e-01 -3.075595e-02 -2.150625e-01
   outer loop
     vertex  3.016645e+00  6.517995e-01  6.674936e-01
     vertex  2.998648e+00  7.493942e-01  7.352203e-01
     vertex  3.016725e+00  7.493942e-01  6.531753e-01
   endloop
 endfacet
 facet normal -8.948655e-01 -6.407469e-02 -4.417128e-01
   outer loop
     vertex  3.016645e+00  6.517995e-01  6.674936e-01
     vertex  3.016725e+00  7.493942e-01  6.531753e-01
     vertex  3.053911e+00  7.493942e-01  5.778404e-01
   endloop
 endfacet
 facet normal -9.848130e-01 -1.731949e-01 -1.211776e-02
   outer loop
     vertex  3.016645e+00  6.517995e-01  6.674936e-01
     vertex  3.029947e+00  5.712166e-01  7.382351e-01
     vertex  2.998648e+00  7.493942e-01  7.352203e-01
   endloop
 endfacet
 facet normal -8.278861e-01 -1.737811e-01 -5.332961e-01
   outer loop
     vertex  3.016645e+00  6.517995e-01  6.674936e-01
     vertex  3.053911e+00  7.493942e-01  5.778404e-01
     vertex  3.080223e+00  5.712166e-01  5.950549e-01
   endloop
 endfacet
 facet normal -9.826072e-01 -1.840234e-01 -2.486755e-02
   outer loop
     vertex  3.016645e+00  6.517995e-01  6.674936e-01
     vertex  3.027532e+00  5.932176e-01  6.708415e-01
     vertex  3.029947e+00  5.712166e-01  7.382351e-01
   endloop
 endfacet
 facet normal -8.312588e-01 -1.844446e-01 -5.243939e-01
   outer loop
     vertex  3.016645e+00  6.517995e-01  6.674936e-01
     vertex  3.080223e+00  5.712166e-01  5.950549e-01
     vertex  3.027532e+00  5.932176e-01  6.708415e-01
   endloop
 endfacet
 facet normal  7.610681e-02 -6.082380e-01 -7.900976e-01
   outer loop
     vertex  3.350377e+00  5.932176e-01  4.359673e-01
     vertex  3.413756e+00  5.712166e-01  4.590093e-01
     vertex  3.337675e+00  5.712166e-01  4.516807e-01
   endloop
 endfacet
 facet normal -1.231769e-01 -5.286977e-01 -8.398251e-01
   outer loop
     vertex  3.350377e+00  5.932176e-01  4.359673e-01
     vertex  3.337675e+00  5.712166e-01  4.516807e-01
     vertex  3.262051e+00  5.712166e-01  4.627724e-01
   endloop
 endfacet
 facet normal -1.448190e-01 -6.407469e-02 -9.873813e-01
   outer loop
     vertex  3.350543e+00  6.517995e-01  4.245789e-01
     vertex  3.253772e+00  7.493942e-01  4.324390e-01
     vertex  3.336895e+00  7.493942e-01  4.202473e-01
   endloop
 endfacet
 facet normal  9.583667e-02 -3.075595e-02 -9.949218e-01
   outer loop
     vertex  3.350543e+00  6.517995e-01  4.245789e-01
     vertex  3.336895e+00  7.493942e-01  4.202473e-01
     vertex  3.420521e+00  7.493942e-01  4.283026e-01
   endloop
 endfacet
 facet normal  2.787954e-01 -1.840234e-01 -9.425542e-01
   outer loop
     vertex  3.350543e+00  6.517995e-01  4.245789e-01
     vertex  3.413756e+00  5.712166e-01  4.590093e-01
     vertex  3.350377e+00  5.932176e-01  4.359673e-01
   endloop
 endfacet
 facet normal -2.430645e-01 -1.844446e-01 -9.523129e-01
   outer loop
     vertex  3.350543e+00  6.517995e-01  4.245789e-01
     vertex  3.350377e+00  5.932176e-01  4.359673e-01
     vertex  3.262051e+00  5.712166e-01  4.627724e-01
   endloop
 endfacet
 facet normal -2.525726e-01 -1.737811e-01 -9.518441e-01
   outer loop
     vertex  3.350543e+00  6.517995e-01  4.245789e-01
     vertex  3.262051e+00  5.712166e-01  4.627724e-01
     vertex  3.253772e+00  7.493942e-01  4.324390e-01
   endloop
 endfacet
 facet normal  2.916051e-01 -1.731949e-01 -9.407284e-01
   outer loop
     vertex  3.350543e+00  6.517995e-01  4.245789e-01
     vertex  3.420521e+00  7.493942e-01  4.283026e-01
     vertex  3.413756e+00  5.712166e-01  4.590093e-01
   endloop
 endfacet
 facet normal  1.154520e-01  9.854097e-01 -1.250544e-01
   outer loop
     vertex  3.548143e+00  9.275718e-01  5.281813e-01
     vertex  3.448112e+00  9.485339e-01  6.010091e-01
     vertex  3.504452e+00  9.485339e-01  6.530225e-01
   endloop
 endfacet
 facet normal  1.290074e-01  9.843402e-01 -1.201308e-01
   outer loop
     vertex  3.548143e+00  9.275718e-01  5.281813e-01
     vertex  3.504452e+00  9.485339e-01  6.530225e-01
     vertex  3.599800e+00  9.275718e-01  5.836552e-01
   endloop
 endfacet
 facet normal  5.948943e-02  9.850667e-01 -1.615689e-01
   outer loop
     vertex  3.484712e+00  9.275718e-01  4.866817e-01
     vertex  3.376157e+00  9.485339e-01  5.745152e-01
     vertex  3.448112e+00  9.485339e-01  6.010091e-01
   endloop
 endfacet
 facet normal  9.759444e-02  9.839833e-01 -1.491718e-01
   outer loop
     vertex  3.484712e+00  9.275718e-01  4.866817e-01
     vertex  3.448112e+00  9.485339e-01  6.010091e-01
     vertex  3.548143e+00  9.275718e-01  5.281813e-01
   endloop
 endfacet
 facet normal  5.755172e-02  9.847968e-01 -1.638994e-01
   outer loop
     vertex  3.413192e+00  9.275718e-01  4.615681e-01
     vertex  3.376157e+00  9.485339e-01  5.745152e-01
     vertex  3.484712e+00  9.275718e-01  4.866817e-01
   endloop
 endfacet
 facet normal -7.168255e-02  9.852739e-01 -1.552322e-01
   outer loop
     vertex  3.192555e+00  9.275718e-01  4.939289e-01
     vertex  3.229925e+00  9.485339e-01  6.097204e-01
     vertex  3.299540e+00  9.485339e-01  5.775742e-01
   endloop
 endfacet
 facet normal -6.613712e-02  9.845484e-01 -1.621432e-01
   outer loop
     vertex  3.192555e+00  9.275718e-01  4.939289e-01
     vertex  3.299540e+00  9.485339e-01  5.775742e-01
     vertex  3.262741e+00  9.275718e-01  4.653002e-01
   endloop
 endfacet
 facet normal -1.256308e-01  9.852739e-01 -1.159841e-01
   outer loop
     vertex  3.131259e+00  9.275718e-01  5.385226e-01
     vertex  3.177912e+00  9.485339e-01  6.660599e-01
     vertex  3.229925e+00  9.485339e-01  6.097204e-01
   endloop
 endfacet
 facet normal -1.049493e-01  9.839590e-01 -1.442576e-01
   outer loop
     vertex  3.131259e+00  9.275718e-01  5.385226e-01
     vertex  3.229925e+00  9.485339e-01  6.097204e-01
     vertex  3.192555e+00  9.275718e-01  4.939289e-01
   endloop
 endfacet
 facet normal -1.339132e-01  9.845484e-01 -1.128352e-01
   outer loop
     vertex  3.082416e+00  9.275718e-01  5.964894e-01
     vertex  3.177912e+00  9.485339e-01  6.660599e-01
     vertex  3.131259e+00  9.275718e-01  5.385226e-01
   endloop
 endfacet
 facet normal -1.720359e-01  9.850667e-01  6.868693e-03
   outer loop
     vertex  3.034435e+00  9.275718e-01  8.142640e-01
     vertex  3.154477e+00  9.485339e-01  8.146325e-01
     vertex  3.151418e+00  9.485339e-01  7.380154e-01
   endloop
 endfacet
 facet normal -1.736567e-01  9.847968e-01  4.307731e-03
   outer loop
     vertex  3.034435e+00  9.275718e-01  8.142640e-01
     vertex  3.151418e+00  9.485339e-01  7.380154e-01
     vertex  3.032555e+00  9.275718e-01  7.384863e-01
   endloop
 endfacet
 facet normal -1.545200e-01  9.854097e-01  7.135367e-02
   outer loop
     vertex  3.054395e+00  9.275718e-01  8.873898e-01
     vertex  3.186623e+00  9.485339e-01  8.842468e-01
     vertex  3.154477e+00  9.485339e-01  8.146325e-01
   endloop
 endfacet
 facet normal -1.719697e-01  9.839833e-01  4.693959e-02
   outer loop
     vertex  3.054395e+00  9.275718e-01  8.873898e-01
     vertex  3.154477e+00  9.485339e-01  8.146325e-01
     vertex  3.034435e+00  9.275718e-01  8.142640e-01
   endloop
 endfacet
 facet normal -1.540079e-01  9.843402e-01  8.576650e-02
   outer loop
     vertex  3.091275e+00  9.275718e-01  9.536141e-01
     vertex  3.186623e+00  9.485339e-01  8.842468e-01
     vertex  3.054395e+00  9.275718e-01  8.873898e-01
   endloop
 endfacet
 facet normal  7.185310e-03  9.836466e-01  1.799660e-01
   outer loop
     vertex  3.348896e+00  9.554589e-01  5.377532e-01
     vertex  3.299540e+00  9.485339e-01  5.775742e-01
     vertex  3.376157e+00  9.485339e-01  5.745152e-01
   endloop
 endfacet
 facet normal  3.293506e-01  9.418415e-01 -6.680478e-02
   outer loop
     vertex  3.348896e+00  9.554589e-01  5.377532e-01
     vertex  3.376157e+00  9.485339e-01  5.745152e-01
     vertex  3.413192e+00  9.275718e-01  4.615681e-01
   endloop
 endfacet
 facet normal -2.229274e-01  9.688536e-01 -1.078244e-01
   outer loop
     vertex  3.348896e+00  9.554589e-01  5.377532e-01
     vertex  3.262741e+00  9.275718e-01  4.653002e-01
     vertex  3.299540e+00  9.485339e-01  5.775742e-01
   endloop
 endfacet
 facet normal  4.351169e-02  8.911013e-01 -4.517136e-01
   outer loop
     vertex  3.349521e+00  9.475358e-01  4.948182e-01
     vertex  3.413192e+00  9.275718e-01  4.615681e-01
     vertex  3.337740e+00  9.275718e-01  4.543002e-01
   endloop
 endfacet
 facet normal -6.254344e-02  9.023587e-01 -4.264236e-01
   outer loop
     vertex  3.349521e+00  9.475358e-01  4.948182e-01
     vertex  3.337740e+00  9.275718e-01  4.543002e-01
     vertex  3.262741e+00  9.275718e-01  4.653002e-01
   endloop
 endfacet
 facet normal  2.105068e-01  9.619023e-01 -1.744444e-01
   outer loop
     vertex  3.349521e+00  9.475358e-01  4.948182e-01
     vertex  3.348896e+00  9.554589e-01  5.377532e-01
     vertex  3.413192e+00  9.275718e-01  4.615681e-01
   endloop
 endfacet
 facet normal -1.614773e-01  9.700683e-01 -1.813632e-01
   outer loop
     vertex  3.349521e+00  9.475358e-01  4.948182e-01
     vertex  3.262741e+00  9.275718e-01  4.653002e-01
     vertex  3.348896e+00  9.554589e-01  5.377532e-01
   endloop
 endfacet
 facet normal  1.690166e-01  9.836466e-01  6.223164e-02
   outer loop
     vertex  3.124832e+00  9.554589e-01  7.007632e-01
     vertex  3.151418e+00  9.485339e-01  7.380154e-01
     vertex  3.177912e+00  9.485339e-01  6.660599e-01
   endloop
 endfacet
 facet normal -3.397027e-02  9.688536e-01 -2.452932e-01
   outer loop
     vertex  3.124832e+00  9.554589e-01  7.007632e-01
     vertex  3.177912e+00  9.485339e-01  6.660599e-01
     vertex  3.082416e+00  9.275718e-01  5.964894e-01
   endloop
 endfacet
 facet normal -1.649384e-01  9.418415e-01  2.927968e-01
   outer loop
     vertex  3.124832e+00  9.554589e-01  7.007632e-01
     vertex  3.032555e+00  9.275718e-01  7.384863e-01
     vertex  3.151418e+00  9.485339e-01  7.380154e-01
   endloop
 endfacet
 facet normal -3.864684e-01  9.023587e-01 -1.907639e-01
   outer loop
     vertex  3.083789e+00  9.475358e-01  6.881417e-01
     vertex  3.082416e+00  9.275718e-01  5.964894e-01
     vertex  3.048865e+00  9.275718e-01  6.644608e-01
   endloop
 endfacet
 facet normal -4.431753e-01  8.911013e-01 -9.764249e-02
   outer loop
     vertex  3.083789e+00  9.475358e-01  6.881417e-01
     vertex  3.048865e+00  9.275718e-01  6.644608e-01
     vertex  3.032555e+00  9.275718e-01  7.384863e-01
   endloop
 endfacet
 facet normal -1.228535e-01  9.700683e-01 -2.094625e-01
   outer loop
     vertex  3.083789e+00  9.475358e-01  6.881417e-01
     vertex  3.124832e+00  9.554589e-01  7.007632e-01
     vertex  3.082416e+00  9.275718e-01  5.964894e-01
   endloop
 endfacet
 facet normal -2.307707e-01  9.619023e-01  1.465907e-01
   outer loop
     vertex  3.083789e+00  9.475358e-01  6.881417e-01
     vertex  3.032555e+00  9.275718e-01  7.384863e-01
     vertex  3.124832e+00  9.554589e-01  7.007632e-01
   endloop
 endfacet
 facet normal  8.140405e-02 -9.937944e-01 -7.580287e-02
   outer loop
     vertex  3.504452e+00  5.581153e-01  6.530225e-01
     vertex  3.548143e+00  5.712166e-01  5.281813e-01
     vertex  3.599800e+00  5.712166e-01  5.836552e-01
   endloop
 endfacet
 facet normal  6.159581e-02 -9.936509e-01 -9.414836e-02
   outer loop
     vertex  3.448112e+00  5.581153e-01  6.010091e-01
     vertex  3.484712e+00  5.712166e-01  4.866817e-01
     vertex  3.548143e+00  5.712166e-01  5.281813e-01
   endloop
 endfacet
 facet normal  7.280293e-02 -9.942239e-01 -7.885814e-02
   outer loop
     vertex  3.448112e+00  5.581153e-01  6.010091e-01
     vertex  3.548143e+00  5.712166e-01  5.281813e-01
     vertex  3.504452e+00  5.581153e-01  6.530225e-01
   endloop
 endfacet
 facet normal  3.630516e-02 -9.939779e-01 -1.033921e-01
   outer loop
     vertex  3.376157e+00  5.581153e-01  5.745152e-01
     vertex  3.413192e+00  5.712166e-01  4.615681e-01
     vertex  3.484712e+00  5.712166e-01  4.866817e-01
   endloop
 endfacet
 facet normal  3.752133e-02 -9.940863e-01 -1.019052e-01
   outer loop
     vertex  3.376157e+00  5.581153e-01  5.745152e-01
     vertex  3.484712e+00  5.712166e-01  4.866817e-01
     vertex  3.448112e+00  5.581153e-01  6.010091e-01
   endloop
 endfacet
 facet normal -4.172740e-02 -9.938780e-01 -1.022998e-01
   outer loop
     vertex  3.299540e+00  5.581153e-01  5.775742e-01
     vertex  3.192555e+00  5.712166e-01  4.939289e-01
     vertex  3.262741e+00  5.712166e-01  4.653002e-01
   endloop
 endfacet
 facet normal -6.623875e-02 -9.936411e-01 -9.104821e-02
   outer loop
     vertex  3.229925e+00  5.581153e-01  6.097204e-01
     vertex  3.131259e+00  5.712166e-01  5.385226e-01
     vertex  3.192555e+00  5.712166e-01  4.939289e-01
   endloop
 endfacet
 facet normal -4.520608e-02 -9.941694e-01 -9.789607e-02
   outer loop
     vertex  3.229925e+00  5.581153e-01  6.097204e-01
     vertex  3.192555e+00  5.712166e-01  4.939289e-01
     vertex  3.299540e+00  5.581153e-01  5.775742e-01
   endloop
 endfacet
 facet normal -8.448886e-02 -9.938780e-01 -7.119027e-02
   outer loop
     vertex  3.177912e+00  5.581153e-01  6.660599e-01
     vertex  3.082416e+00  5.712166e-01  5.964894e-01
     vertex  3.131259e+00  5.712166e-01  5.385226e-01
   endloop
 endfacet
 facet normal -7.922818e-02 -9.941694e-01 -7.314456e-02
   outer loop
     vertex  3.177912e+00  5.581153e-01  6.660599e-01
     vertex  3.131259e+00  5.712166e-01  5.385226e-01
     vertex  3.229925e+00  5.581153e-01  6.097204e-01
   endloop
 endfacet
 facet normal -1.095473e-01 -9.939779e-01  2.717432e-03
   outer loop
     vertex  3.151418e+00  5.581153e-01  7.380154e-01
     vertex  3.034435e+00  5.712166e-01  8.142640e-01
     vertex  3.032555e+00  5.712166e-01  7.384863e-01
   endloop
 endfacet
 facet normal -1.085370e-01 -9.936509e-01  2.962548e-02
   outer loop
     vertex  3.154477e+00  5.581153e-01  8.146325e-01
     vertex  3.054395e+00  5.712166e-01  8.873898e-01
     vertex  3.034435e+00  5.712166e-01  8.142640e-01
   endloop
 endfacet
 facet normal -1.085069e-01 -9.940863e-01  4.332240e-03
   outer loop
     vertex  3.154477e+00  5.581153e-01  8.146325e-01
     vertex  3.034435e+00  5.712166e-01  8.142640e-01
     vertex  3.151418e+00  5.581153e-01  7.380154e-01
   endloop
 endfacet
 facet normal -9.717941e-02 -9.937944e-01  5.411891e-02
   outer loop
     vertex  3.186623e+00  5.581153e-01  8.842468e-01
     vertex  3.091275e+00  5.712166e-01  9.536141e-01
     vertex  3.054395e+00  5.712166e-01  8.873898e-01
   endloop
 endfacet
 facet normal -9.743884e-02 -9.942239e-01  4.499495e-02
   outer loop
     vertex  3.186623e+00  5.581153e-01  8.842468e-01
     vertex  3.054395e+00  5.712166e-01  8.873898e-01
     vertex  3.154477e+00  5.581153e-01  8.146325e-01
   endloop
 endfacet
 facet normal  4.042086e-02 -9.067965e-01 -4.196264e-01
   outer loop
     vertex  3.349542e+00  5.536674e-01  4.933602e-01
     vertex  3.337740e+00  5.712166e-01  4.543002e-01
     vertex  3.413192e+00  5.712166e-01  4.615681e-01
   endloop
 endfacet
 facet normal -5.786671e-02 -9.170560e-01 -3.945374e-01
   outer loop
     vertex  3.349542e+00  5.536674e-01  4.933602e-01
     vertex  3.262741e+00  5.712166e-01  4.653002e-01
     vertex  3.337740e+00  5.712166e-01  4.543002e-01
   endloop
 endfacet
 facet normal  9.103064e-03 -9.736189e-01  2.279988e-01
   outer loop
     vertex  3.348918e+00  5.489040e-01  5.362679e-01
     vertex  3.376157e+00  5.581153e-01  5.745152e-01
     vertex  3.299540e+00  5.581153e-01  5.775742e-01
   endloop
 endfacet
 facet normal  2.154206e-01 -9.708976e-01 -1.046505e-01
   outer loop
     vertex  3.348918e+00  5.489040e-01  5.362679e-01
     vertex  3.349542e+00  5.536674e-01  4.933602e-01
     vertex  3.413192e+00  5.712166e-01  4.615681e-01
   endloop
 endfacet
 facet normal -1.622769e-01 -9.804587e-01 -1.112070e-01
   outer loop
     vertex  3.348918e+00  5.489040e-01  5.362679e-01
     vertex  3.262741e+00  5.712166e-01  4.653002e-01
     vertex  3.349542e+00  5.536674e-01  4.933602e-01
   endloop
 endfacet
 facet normal  3.245144e-01 -9.458750e-01 -3.309047e-03
   outer loop
     vertex  3.348918e+00  5.489040e-01  5.362679e-01
     vertex  3.413192e+00  5.712166e-01  4.615681e-01
     vertex  3.376157e+00  5.581153e-01  5.745152e-01
   endloop
 endfacet
 facet normal -2.174705e-01 -9.751406e-01 -4.251303e-02
   outer loop
     vertex  3.348918e+00  5.489040e-01  5.362679e-01
     vertex  3.299540e+00  5.581153e-01  5.775742e-01
     vertex  3.262741e+00  5.712166e-01  4.653002e-01
   endloop
 endfacet
 facet normal -3.575700e-01 -9.170560e-01 -1.764994e-01
   outer loop
     vertex  3.082395e+00  5.536674e-01  6.877131e-01
     vertex  3.048865e+00  5.712166e-01  6.644608e-01
     vertex  3.082416e+00  5.712166e-01  5.964894e-01
   endloop
 endfacet
 facet normal -4.116946e-01 -9.067965e-01 -9.070652e-02
   outer loop
     vertex  3.082395e+00  5.536674e-01  6.877131e-01
     vertex  3.032555e+00  5.712166e-01  7.384863e-01
     vertex  3.048865e+00  5.712166e-01  6.644608e-01
   endloop
 endfacet
 facet normal  2.141270e-01 -9.736189e-01  7.884122e-02
   outer loop
     vertex  3.123412e+00  5.489040e-01  7.003265e-01
     vertex  3.177912e+00  5.581153e-01  6.660599e-01
     vertex  3.151418e+00  5.581153e-01  7.380154e-01
   endloop
 endfacet
 facet normal -1.658780e-01 -9.708976e-01  1.727491e-01
   outer loop
     vertex  3.123412e+00  5.489040e-01  7.003265e-01
     vertex  3.032555e+00  5.712166e-01  7.384863e-01
     vertex  3.082395e+00  5.536674e-01  6.877131e-01
   endloop
 endfacet
 facet normal  2.649047e-02 -9.751406e-01 -2.199978e-01
   outer loop
     vertex  3.123412e+00  5.489040e-01  7.003265e-01
     vertex  3.082416e+00  5.712166e-01  5.964894e-01
     vertex  3.177912e+00  5.581153e-01  6.660599e-01
   endloop
 endfacet
 facet normal -1.030369e-01 -9.458750e-01  3.077401e-01
   outer loop
     vertex  3.123412e+00  5.489040e-01  7.003265e-01
     vertex  3.151418e+00  5.581153e-01  7.380154e-01
     vertex  3.032555e+00  5.712166e-01  7.384863e-01
   endloop
 endfacet
 facet normal -5.585734e-02 -9.804587e-01 -1.886286e-01
   outer loop
     vertex  3.123412e+00  5.489040e-01  7.003265e-01
     vertex  3.082395e+00  5.536674e-01  6.877131e-01
     vertex  3.082416e+00  5.712166e-01  5.964894e-01
   endloop
 endfacet
 facet normal  6.783344e-01 -2.742035e-13 -7.347533e-01
   outer loop
     vertex  3.242963e+00  9.485339e-01  9.362602e-01
     vertex  3.186623e+00  8.723602e-01  8.842468e-01
     vertex  3.186623e+00  9.485339e-01  8.842468e-01
   endloop
 endfacet
 facet normal  6.783344e-01  5.482977e-13 -7.347533e-01
   outer loop
     vertex  3.242963e+00  9.485339e-01  9.362602e-01
     vertex  3.242963e+00  8.723602e-01  9.362602e-01
     vertex  3.186623e+00  8.723602e-01  8.842468e-01
   endloop
 endfacet
 facet normal  3.455214e-01 -3.501370e-13 -9.384109e-01
   outer loop
     vertex  3.314918e+00  9.485339e-01  9.627541e-01
     vertex  3.314918e+00  8.723602e-01  9.627541e-01
     vertex  3.242963e+00  8.723602e-01  9.362602e-01
   endloop
 endfacet
 facet normal  3.455214e-01  7.002473e-13 -9.384109e-01
   outer loop
     vertex  3.314918e+00  9.485339e-01  9.627541e-01
     vertex  3.242963e+00  8.723602e-01  9.362602e-01
     vertex  3.242963e+00  9.485339e-01  9.362602e-01
   endloop
 endfacet
 facet normal -3.989415e-02  3.728199e-13 -9.992039e-01
   outer loop
     vertex  3.391535e+00  9.485339e-01  9.596951e-01
     vertex  3.391535e+00  8.723602e-01  9.596951e-01
     vertex  3.314918e+00  8.723602e-01  9.627541e-01
   endloop
 endfacet
 facet normal -3.989415e-02 -3.728162e-13 -9.992039e-01
   outer loop
     vertex  3.391535e+00  9.485339e-01  9.596951e-01
     vertex  3.314918e+00  8.723602e-01  9.627541e-01
     vertex  3.314918e+00  9.485339e-01  9.627541e-01
   endloop
 endfacet
 facet normal -4.192362e-01 -0.000000e+00 -9.078772e-01
   outer loop
     vertex  3.461150e+00  9.485339e-01  9.275488e-01
     vertex  3.461150e+00  8.723602e-01  9.275488e-01
     vertex  3.391535e+00  8.723602e-01  9.596951e-01
   endloop
 endfacet
 facet normal -4.192362e-01  3.387264e-13 -9.078772e-01
   outer loop
     vertex  3.461150e+00  9.485339e-01  9.275488e-01
     vertex  3.391535e+00  8.723602e-01  9.596951e-01
     vertex  3.391535e+00  9.485339e-01  9.596951e-01
   endloop
 endfacet
 facet normal -7.347533e-01 -5.061961e-13 -6.783344e-01
   outer loop
     vertex  3.513163e+00  9.485339e-01  8.712094e-01
     vertex  3.513163e+00  8.723602e-01  8.712094e-01
     vertex  3.461150e+00  8.723602e-01  9.275488e-01
   endloop
 endfacet
 facet normal -7.347533e-01  0.000000e+00 -6.783344e-01
   outer loop
     vertex  3.513163e+00  9.485339e-01  8.712094e-01
     vertex  3.461150e+00  8.723602e-01  9.275488e-01
     vertex  3.461150e+00  9.485339e-01  9.275488e-01
   endloop
 endfacet
 facet normal -9.384109e-01 -0.000000e+00 -3.455214e-01
   outer loop
     vertex  3.539657e+00  9.485339e-01  7.992538e-01
     vertex  3.539657e+00  8.723602e-01  7.992538e-01
     vertex  3.513163e+00  8.723602e-01  8.712094e-01
   endloop
 endfacet
 facet normal -9.384109e-01 -2.578315e-13 -3.455214e-01
   outer loop
     vertex  3.539657e+00  9.485339e-01  7.992538e-01
     vertex  3.513163e+00  8.723602e-01  8.712094e-01
     vertex  3.513163e+00  9.485339e-01  8.712094e-01
   endloop
 endfacet
 facet normal -9.992039e-01  1.488518e-14  3.989415e-02
   outer loop
     vertex  3.536598e+00  9.485339e-01  7.226368e-01
     vertex  3.536598e+00  8.723602e-01  7.226368e-01
     vertex  3.539657e+00  8.723602e-01  7.992538e-01
   endloop
 endfacet
 facet normal -9.992039e-01  0.000000e+00  3.989415e-02
   outer loop
     vertex  3.536598e+00  9.485339e-01  7.226368e-01
     vertex  3.539657e+00  8.723602e-01  7.992538e-01
     vertex  3.539657e+00  9.485339e-01  7.992538e-01
   endloop
 endfacet
 facet normal -9.078772e-01  0.000000e+00  4.192362e-01
   outer loop
     vertex  3.504452e+00  9.485339e-01  6.530225e-01
     vertex  3.504452e+00  8.723602e-01  6.530225e-01
     vertex  3.536598e+00  8.723602e-01  7.226368e-01
   endloop
 endfacet
 facet normal -9.078772e-01  1.564438e-13  4.192362e-01
   outer loop
     vertex  3.504452e+00  9.485339e-01  6.530225e-01
     vertex  3.536598e+00  8.723602e-01  7.226368e-01
     vertex  3.536598e+00  9.485339e-01  7.226368e-01
   endloop
 endfacet
 facet normal  4.842850e-01  7.002145e-01 -5.245643e-01
   outer loop
     vertex  3.242963e+00  8.723602e-01  9.362602e-01
     vertex  3.207812e+00  8.461576e-01  8.688318e-01
     vertex  3.186623e+00  8.723602e-01  8.842468e-01
   endloop
 endfacet
 facet normal  4.518387e-01  7.264224e-01 -5.178341e-01
   outer loop
     vertex  3.242963e+00  8.723602e-01  9.362602e-01
     vertex  3.264925e+00  8.461576e-01  9.186661e-01
     vertex  3.207812e+00  8.461576e-01  8.688318e-01
   endloop
 endfacet
 facet normal  1.771456e-01  7.446960e-01 -6.434651e-01
   outer loop
     vertex  3.314918e+00  8.723602e-01  9.627541e-01
     vertex  3.338004e+00  8.461576e-01  9.387848e-01
     vertex  3.264925e+00  8.461576e-01  9.186661e-01
   endloop
 endfacet
 facet normal  2.543164e-01  6.769418e-01 -6.907047e-01
   outer loop
     vertex  3.314918e+00  8.723602e-01  9.627541e-01
     vertex  3.264925e+00  8.461576e-01  9.186661e-01
     vertex  3.242963e+00  8.723602e-01  9.362602e-01
   endloop
 endfacet
 facet normal -1.175070e-01  7.549357e-01 -6.451854e-01
   outer loop
     vertex  3.391535e+00  8.723602e-01  9.596951e-01
     vertex  3.412576e+00  8.461576e-01  9.252032e-01
     vertex  3.338004e+00  8.461576e-01  9.387848e-01
   endloop
 endfacet
 facet normal -2.996557e-02  6.601578e-01 -7.505289e-01
   outer loop
     vertex  3.391535e+00  8.723602e-01  9.596951e-01
     vertex  3.338004e+00  8.461576e-01  9.387848e-01
     vertex  3.314918e+00  8.723602e-01  9.627541e-01
   endloop
 endfacet
 facet normal -3.181028e-01  6.513614e-01 -6.888678e-01
   outer loop
     vertex  3.461150e+00  8.723602e-01  9.275488e-01
     vertex  3.412576e+00  8.461576e-01  9.252032e-01
     vertex  3.391535e+00  8.723602e-01  9.596951e-01
   endloop
 endfacet
 facet normal -3.835601e-01  7.582345e-01 -5.272211e-01
   outer loop
     vertex  3.473869e+00  8.461576e-01  8.806112e-01
     vertex  3.412576e+00  8.461576e-01  9.252032e-01
     vertex  3.461150e+00  8.723602e-01  9.275488e-01
   endloop
 endfacet
 facet normal -5.575070e-01  6.513614e-01 -5.146982e-01
   outer loop
     vertex  3.513163e+00  8.723602e-01  8.712094e-01
     vertex  3.473869e+00  8.461576e-01  8.806112e-01
     vertex  3.461150e+00  8.723602e-01  9.275488e-01
   endloop
 endfacet
 facet normal -5.776907e-01  7.549357e-01 -3.103958e-01
   outer loop
     vertex  3.509745e+00  8.461576e-01  8.138410e-01
     vertex  3.473869e+00  8.461576e-01  8.806112e-01
     vertex  3.513163e+00  8.723602e-01  8.712094e-01
   endloop
 endfacet
 facet normal -7.048657e-01  6.601578e-01 -2.595304e-01
   outer loop
     vertex  3.539657e+00  8.723602e-01  7.992538e-01
     vertex  3.509745e+00  8.461576e-01  8.138410e-01
     vertex  3.513163e+00  8.723602e-01  8.712094e-01
   endloop
 endfacet
 facet normal -6.667507e-01  7.446960e-01 -2.951969e-02
   outer loop
     vertex  3.513098e+00  8.461576e-01  7.381170e-01
     vertex  3.509745e+00  8.461576e-01  8.138410e-01
     vertex  3.539657e+00  8.723602e-01  7.992538e-01
   endloop
 endfacet
 facet normal -7.354506e-01  6.769418e-01  2.936355e-02
   outer loop
     vertex  3.536598e+00  8.723602e-01  7.226368e-01
     vertex  3.513098e+00  8.461576e-01  7.381170e-01
     vertex  3.539657e+00  8.723602e-01  7.992538e-01
   endloop
 endfacet
 facet normal -6.317724e-01  7.264224e-01  2.705070e-01
   outer loop
     vertex  3.483263e+00  8.461576e-01  6.684374e-01
     vertex  3.513098e+00  8.461576e-01  7.381170e-01
     vertex  3.536598e+00  8.723602e-01  7.226368e-01
   endloop
 endfacet
 facet normal -6.481631e-01  7.002145e-01  2.993063e-01
   outer loop
     vertex  3.504452e+00  8.723602e-01  6.530225e-01
     vertex  3.483263e+00  8.461576e-01  6.684374e-01
     vertex  3.536598e+00  8.723602e-01  7.226368e-01
   endloop
 endfacet
 facet normal  6.574605e-01 -8.863928e-14 -7.534890e-01
   outer loop
     vertex  3.264925e+00  8.461576e-01  9.186661e-01
     vertex  3.207812e+00  6.045529e-01  8.688318e-01
     vertex  3.207812e+00  8.461576e-01  8.688318e-01
   endloop
 endfacet
 facet normal  6.574605e-01  0.000000e+00 -7.534890e-01
   outer loop
     vertex  3.264925e+00  8.461576e-01  9.186661e-01
     vertex  3.264925e+00  6.045529e-01  9.186661e-01
     vertex  3.207812e+00  6.045529e-01  8.688318e-01
   endloop
 endfacet
 facet normal  2.654248e-01 -1.134178e-13 -9.641316e-01
   outer loop
     vertex  3.338004e+00  8.461576e-01  9.387848e-01
     vertex  3.338004e+00  6.045529e-01  9.387848e-01
     vertex  3.264925e+00  6.045529e-01  9.186661e-01
   endloop
 endfacet
 facet normal  2.654248e-01  0.000000e+00 -9.641316e-01
   outer loop
     vertex  3.338004e+00  8.461576e-01  9.387848e-01
     vertex  3.264925e+00  6.045529e-01  9.186661e-01
     vertex  3.264925e+00  8.461576e-01  9.186661e-01
   endloop
 endfacet
 facet normal -1.791815e-01 -0.000000e+00 -9.838160e-01
   outer loop
     vertex  3.412576e+00  8.461576e-01  9.252032e-01
     vertex  3.412576e+00  6.045529e-01  9.252032e-01
     vertex  3.338004e+00  6.045529e-01  9.387848e-01
   endloop
 endfacet
 facet normal -1.791815e-01 -1.157307e-13 -9.838160e-01
   outer loop
     vertex  3.412576e+00  8.461576e-01  9.252032e-01
     vertex  3.338004e+00  6.045529e-01  9.387848e-01
     vertex  3.338004e+00  8.461576e-01  9.387848e-01
   endloop
 endfacet
 facet normal -5.882987e-01 -0.000000e+00 -8.086437e-01
   outer loop
     vertex  3.473869e+00  8.461576e-01  8.806112e-01
     vertex  3.473869e+00  6.045529e-01  8.806112e-01
     vertex  3.412576e+00  6.045529e-01  9.252032e-01
   endloop
 endfacet
 facet normal -5.882987e-01  0.000000e+00 -8.086437e-01
   outer loop
     vertex  3.473869e+00  8.461576e-01  8.806112e-01
     vertex  3.412576e+00  6.045529e-01  9.252032e-01
     vertex  3.412576e+00  8.461576e-01  9.252032e-01
   endloop
 endfacet
 facet normal -8.808962e-01 -5.567883e-14 -4.733095e-01
   outer loop
     vertex  3.509745e+00  8.461576e-01  8.138410e-01
     vertex  3.509745e+00  6.045529e-01  8.138410e-01
     vertex  3.473869e+00  6.045529e-01  8.806112e-01
   endloop
 endfacet
 facet normal -8.808962e-01  0.000000e+00 -4.733095e-01
   outer loop
     vertex  3.509745e+00  8.461576e-01  8.138410e-01
     vertex  3.473869e+00  6.045529e-01  8.806112e-01
     vertex  3.473869e+00  8.461576e-01  8.806112e-01
   endloop
 endfacet
 facet normal -9.990213e-01 -0.000000e+00 -4.423063e-02
   outer loop
     vertex  3.513098e+00  8.461576e-01  7.381170e-01
     vertex  3.513098e+00  6.045529e-01  7.381170e-01
     vertex  3.509745e+00  6.045529e-01  8.138410e-01
   endloop
 endfacet
 facet normal -9.990213e-01 -5.201016e-15 -4.423063e-02
   outer loop
     vertex  3.513098e+00  8.461576e-01  7.381170e-01
     vertex  3.509745e+00  6.045529e-01  8.138410e-01
     vertex  3.509745e+00  8.461576e-01  8.138410e-01
   endloop
 endfacet
 facet normal -9.192781e-01  4.630304e-14  3.936087e-01
   outer loop
     vertex  3.483263e+00  8.461576e-01  6.684374e-01
     vertex  3.483263e+00  6.045529e-01  6.684374e-01
     vertex  3.513098e+00  6.045529e-01  7.381170e-01
   endloop
 endfacet
 facet normal -9.192781e-01  0.000000e+00  3.936087e-01
   outer loop
     vertex  3.483263e+00  8.461576e-01  6.684374e-01
     vertex  3.513098e+00  6.045529e-01  7.381170e-01
     vertex  3.513098e+00  8.461576e-01  7.381170e-01
   endloop
 endfacet
 facet normal -5.902004e-01 -7.598586e-01  2.725406e-01
   outer loop
     vertex  3.536598e+00  5.825663e-01  7.226368e-01
     vertex  3.483263e+00  6.045529e-01  6.684374e-01
     vertex  3.504452e+00  5.825663e-01  6.530225e-01
   endloop
 endfacet
 facet normal -5.715641e-01 -7.832132e-01  2.447275e-01
   outer loop
     vertex  3.536598e+00  5.825663e-01  7.226368e-01
     vertex  3.513098e+00  6.045529e-01  7.381170e-01
     vertex  3.483263e+00  6.045529e-01  6.684374e-01
   endloop
 endfacet
 facet normal -6.004391e-01 -7.992285e-01 -2.658381e-02
   outer loop
     vertex  3.539657e+00  5.825663e-01  7.992538e-01
     vertex  3.509745e+00  6.045529e-01  8.138410e-01
     vertex  3.513098e+00  6.045529e-01  7.381170e-01
   endloop
 endfacet
 facet normal -6.734534e-01 -7.387405e-01  2.688826e-02
   outer loop
     vertex  3.539657e+00  5.825663e-01  7.992538e-01
     vertex  3.513098e+00  6.045529e-01  7.381170e-01
     vertex  3.536598e+00  5.825663e-01  7.226368e-01
   endloop
 endfacet
 facet normal -5.188804e-01 -8.081061e-01 -2.787968e-01
   outer loop
     vertex  3.513163e+00  5.825663e-01  8.712094e-01
     vertex  3.473869e+00  6.045529e-01  8.806112e-01
     vertex  3.509745e+00  6.045529e-01  8.138410e-01
   endloop
 endfacet
 facet normal -6.480143e-01 -7.232901e-01 -2.385978e-01
   outer loop
     vertex  3.513163e+00  5.825663e-01  8.712094e-01
     vertex  3.509745e+00  6.045529e-01  8.138410e-01
     vertex  3.539657e+00  5.825663e-01  7.992538e-01
   endloop
 endfacet
 facet normal -5.135944e-01 -7.151192e-01 -4.741575e-01
   outer loop
     vertex  3.461150e+00  5.825663e-01  9.275488e-01
     vertex  3.473869e+00  6.045529e-01  8.806112e-01
     vertex  3.513163e+00  5.825663e-01  8.712094e-01
   endloop
 endfacet
 facet normal -3.442217e-01 -8.109512e-01 -4.731485e-01
   outer loop
     vertex  3.412576e+00  6.045529e-01  9.252032e-01
     vertex  3.473869e+00  6.045529e-01  8.806112e-01
     vertex  3.461150e+00  5.825663e-01  9.275488e-01
   endloop
 endfacet
 facet normal -2.930471e-01 -7.151192e-01 -6.346084e-01
   outer loop
     vertex  3.391535e+00  5.825663e-01  9.596951e-01
     vertex  3.412576e+00  6.045529e-01  9.252032e-01
     vertex  3.461150e+00  5.825663e-01  9.275488e-01
   endloop
 endfacet
 facet normal -1.055445e-01 -8.081061e-01 -5.795040e-01
   outer loop
     vertex  3.338004e+00  6.045529e-01  9.387848e-01
     vertex  3.412576e+00  6.045529e-01  9.252032e-01
     vertex  3.391535e+00  5.825663e-01  9.596951e-01
   endloop
 endfacet
 facet normal -2.754868e-02 -7.232901e-01 -6.899946e-01
   outer loop
     vertex  3.314918e+00  5.825663e-01  9.627541e-01
     vertex  3.338004e+00  6.045529e-01  9.387848e-01
     vertex  3.391535e+00  5.825663e-01  9.596951e-01
   endloop
 endfacet
 facet normal  1.595276e-01 -7.992285e-01 -5.794694e-01
   outer loop
     vertex  3.264925e+00  6.045529e-01  9.186661e-01
     vertex  3.338004e+00  6.045529e-01  9.387848e-01
     vertex  3.314918e+00  5.825663e-01  9.627541e-01
   endloop
 endfacet
 facet normal  2.328780e-01 -7.387405e-01 -6.324795e-01
   outer loop
     vertex  3.242963e+00  5.825663e-01  9.362602e-01
     vertex  3.264925e+00  6.045529e-01  9.186661e-01
     vertex  3.314918e+00  5.825663e-01  9.627541e-01
   endloop
 endfacet
 facet normal  4.087782e-01 -7.832132e-01 -4.684842e-01
   outer loop
     vertex  3.207812e+00  6.045529e-01  8.688318e-01
     vertex  3.264925e+00  6.045529e-01  9.186661e-01
     vertex  3.242963e+00  5.825663e-01  9.362602e-01
   endloop
 endfacet
 facet normal  4.409773e-01 -7.598586e-01 -4.776546e-01
   outer loop
     vertex  3.186623e+00  5.825663e-01  8.842468e-01
     vertex  3.207812e+00  6.045529e-01  8.688318e-01
     vertex  3.242963e+00  5.825663e-01  9.362602e-01
   endloop
 endfacet
 facet normal  6.783344e-01  0.000000e+00 -7.347533e-01
   outer loop
     vertex  3.242963e+00  5.825663e-01  9.362602e-01
     vertex  3.186623e+00  5.581153e-01  8.842468e-01
     vertex  3.186623e+00  5.825663e-01  8.842468e-01
   endloop
 endfacet
 facet normal  6.783344e-01 -8.540714e-13 -7.347533e-01
   outer loop
     vertex  3.242963e+00  5.825663e-01  9.362602e-01
     vertex  3.242963e+00  5.581153e-01  9.362602e-01
     vertex  3.186623e+00  5.581153e-01  8.842468e-01
   endloop
 endfacet
 facet normal  3.455214e-01  0.000000e+00 -9.384109e-01
   outer loop
     vertex  3.314918e+00  5.825663e-01  9.627541e-01
     vertex  3.314918e+00  5.581153e-01  9.627541e-01
     vertex  3.242963e+00  5.581153e-01  9.362602e-01
   endloop
 endfacet
 facet normal  3.455214e-01 -1.090876e-12 -9.384109e-01
   outer loop
     vertex  3.314918e+00  5.825663e-01  9.627541e-01
     vertex  3.242963e+00  5.581153e-01  9.362602e-01
     vertex  3.242963e+00  5.825663e-01  9.362602e-01
   endloop
 endfacet
 facet normal -3.989415e-02 -0.000000e+00 -9.992039e-01
   outer loop
     vertex  3.391535e+00  5.825663e-01  9.596951e-01
     vertex  3.391535e+00  5.581153e-01  9.596951e-01
     vertex  3.314918e+00  5.581153e-01  9.627541e-01
   endloop
 endfacet
 facet normal -3.989415e-02  0.000000e+00 -9.992039e-01
   outer loop
     vertex  3.391535e+00  5.825663e-01  9.596951e-01
     vertex  3.314918e+00  5.581153e-01  9.627541e-01
     vertex  3.314918e+00  5.825663e-01  9.627541e-01
   endloop
 endfacet
 facet normal -4.192362e-01 -1.055309e-12 -9.078772e-01
   outer loop
     vertex  3.461150e+00  5.825663e-01  9.275488e-01
     vertex  3.461150e+00  5.581153e-01  9.275488e-01
     vertex  3.391535e+00  5.581153e-01  9.596951e-01
   endloop
 endfacet
 facet normal -4.192362e-01  0.000000e+00 -9.078772e-01
   outer loop
     vertex  3.461150e+00  5.825663e-01  9.275488e-01
     vertex  3.391535e+00  5.581153e-01  9.596951e-01
     vertex  3.391535e+00  5.825663e-01  9.596951e-01
   endloop
 endfacet
 facet normal -7.347533e-01  1.576981e-12 -6.783344e-01
   outer loop
     vertex  3.513163e+00  5.825663e-01  8.712094e-01
     vertex  3.513163e+00  5.581153e-01  8.712094e-01
     vertex  3.461150e+00  5.581153e-01  9.275488e-01
   endloop
 endfacet
 facet normal -7.347533e-01 -7.885486e-13 -6.783344e-01
   outer loop
     vertex  3.513163e+00  5.825663e-01  8.712094e-01
     vertex  3.461150e+00  5.581153e-01  9.275488e-01
     vertex  3.461150e+00  5.825663e-01  9.275488e-01
   endloop
 endfacet
 facet normal -9.384109e-01  4.016313e-13 -3.455214e-01
   outer loop
     vertex  3.539657e+00  5.825663e-01  7.992538e-01
     vertex  3.539657e+00  5.581153e-01  7.992538e-01
     vertex  3.513163e+00  5.581153e-01  8.712094e-01
   endloop
 endfacet
 facet normal -9.384109e-01  8.032370e-13 -3.455214e-01
   outer loop
     vertex  3.539657e+00  5.825663e-01  7.992538e-01
     vertex  3.513163e+00  5.581153e-01  8.712094e-01
     vertex  3.513163e+00  5.825663e-01  8.712094e-01
   endloop
 endfacet
 facet normal -9.992039e-01 -9.274529e-14  3.989415e-02
   outer loop
     vertex  3.536598e+00  5.825663e-01  7.226368e-01
     vertex  3.536598e+00  5.581153e-01  7.226368e-01
     vertex  3.539657e+00  5.581153e-01  7.992538e-01
   endloop
 endfacet
 facet normal -9.992039e-01 -4.636395e-14  3.989415e-02
   outer loop
     vertex  3.536598e+00  5.825663e-01  7.226368e-01
     vertex  3.539657e+00  5.581153e-01  7.992538e-01
     vertex  3.539657e+00  5.825663e-01  7.992538e-01
   endloop
 endfacet
 facet normal -9.078772e-01  0.000000e+00  4.192362e-01
   outer loop
     vertex  3.504452e+00  5.825663e-01  6.530225e-01
     vertex  3.504452e+00  5.581153e-01  6.530225e-01
     vertex  3.536598e+00  5.581153e-01  7.226368e-01
   endloop
 endfacet
 facet normal -9.078772e-01 -9.745248e-13  4.192362e-01
   outer loop
     vertex  3.504452e+00  5.825663e-01  6.530225e-01
     vertex  3.536598e+00  5.581153e-01  7.226368e-01
     vertex  3.536598e+00  5.825663e-01  7.226368e-01
   endloop
 endfacet
 facet normal -8.140405e-02 -9.937944e-01  7.580287e-02
   outer loop
     vertex  3.186623e+00  5.581153e-01  8.842468e-01
     vertex  3.142932e+00  5.712166e-01  1.009088e+00
     vertex  3.091275e+00  5.712166e-01  9.536141e-01
   endloop
 endfacet
 facet normal -6.159581e-02 -9.936509e-01  9.414836e-02
   outer loop
     vertex  3.242963e+00  5.581153e-01  9.362602e-01
     vertex  3.206363e+00  5.712166e-01  1.050588e+00
     vertex  3.142932e+00  5.712166e-01  1.009088e+00
   endloop
 endfacet
 facet normal -7.280293e-02 -9.942239e-01  7.885814e-02
   outer loop
     vertex  3.242963e+00  5.581153e-01  9.362602e-01
     vertex  3.142932e+00  5.712166e-01  1.009088e+00
     vertex  3.186623e+00  5.581153e-01  8.842468e-01
   endloop
 endfacet
 facet normal -3.630516e-02 -9.939779e-01  1.033921e-01
   outer loop
     vertex  3.314918e+00  5.581153e-01  9.627541e-01
     vertex  3.277883e+00  5.712166e-01  1.075701e+00
     vertex  3.206363e+00  5.712166e-01  1.050588e+00
   endloop
 endfacet
 facet normal -3.752133e-02 -9.940863e-01  1.019052e-01
   outer loop
     vertex  3.314918e+00  5.581153e-01  9.627541e-01
     vertex  3.206363e+00  5.712166e-01  1.050588e+00
     vertex  3.242963e+00  5.581153e-01  9.362602e-01
   endloop
 endfacet
 facet normal  4.172740e-02 -9.938780e-01  1.022998e-01
   outer loop
     vertex  3.391535e+00  5.581153e-01  9.596951e-01
     vertex  3.498520e+00  5.712166e-01  1.043340e+00
     vertex  3.428333e+00  5.712166e-01  1.071969e+00
   endloop
 endfacet
 facet normal  6.623875e-02 -9.936411e-01  9.104821e-02
   outer loop
     vertex  3.461150e+00  5.581153e-01  9.275488e-01
     vertex  3.559816e+00  5.712166e-01  9.987467e-01
     vertex  3.498520e+00  5.712166e-01  1.043340e+00
   endloop
 endfacet
 facet normal  4.520608e-02 -9.941694e-01  9.789607e-02
   outer loop
     vertex  3.461150e+00  5.581153e-01  9.275488e-01
     vertex  3.498520e+00  5.712166e-01  1.043340e+00
     vertex  3.391535e+00  5.581153e-01  9.596951e-01
   endloop
 endfacet
 facet normal  8.448886e-02 -9.938780e-01  7.119027e-02
   outer loop
     vertex  3.513163e+00  5.581153e-01  8.712094e-01
     vertex  3.608659e+00  5.712166e-01  9.407798e-01
     vertex  3.559816e+00  5.712166e-01  9.987467e-01
   endloop
 endfacet
 facet normal  7.922818e-02 -9.941694e-01  7.314456e-02
   outer loop
     vertex  3.513163e+00  5.581153e-01  8.712094e-01
     vertex  3.559816e+00  5.712166e-01  9.987467e-01
     vertex  3.461150e+00  5.581153e-01  9.275488e-01
   endloop
 endfacet
 facet normal  1.095473e-01 -9.939779e-01 -2.717432e-03
   outer loop
     vertex  3.539657e+00  5.581153e-01  7.992538e-01
     vertex  3.656640e+00  5.712166e-01  7.230053e-01
     vertex  3.658520e+00  5.712166e-01  7.987829e-01
   endloop
 endfacet
 facet normal  1.085370e-01 -9.936509e-01 -2.962548e-02
   outer loop
     vertex  3.536598e+00  5.581153e-01  7.226368e-01
     vertex  3.636680e+00  5.712166e-01  6.498794e-01
     vertex  3.656640e+00  5.712166e-01  7.230053e-01
   endloop
 endfacet
 facet normal  1.085069e-01 -9.940863e-01 -4.332240e-03
   outer loop
     vertex  3.536598e+00  5.581153e-01  7.226368e-01
     vertex  3.656640e+00  5.712166e-01  7.230053e-01
     vertex  3.539657e+00  5.581153e-01  7.992538e-01
   endloop
 endfacet
 facet normal  9.717941e-02 -9.937944e-01 -5.411891e-02
   outer loop
     vertex  3.504452e+00  5.581153e-01  6.530225e-01
     vertex  3.599800e+00  5.712166e-01  5.836552e-01
     vertex  3.636680e+00  5.712166e-01  6.498794e-01
   endloop
 endfacet
 facet normal  9.743884e-02 -9.942239e-01 -4.499495e-02
   outer loop
     vertex  3.504452e+00  5.581153e-01  6.530225e-01
     vertex  3.636680e+00  5.712166e-01  6.498794e-01
     vertex  3.536598e+00  5.581153e-01  7.226368e-01
   endloop
 endfacet
 facet normal -4.042086e-02 -9.067965e-01  4.196264e-01
   outer loop
     vertex  3.341532e+00  5.536674e-01  1.043909e+00
     vertex  3.353335e+00  5.712166e-01  1.082969e+00
     vertex  3.277883e+00  5.712166e-01  1.075701e+00
   endloop
 endfacet
 facet normal  5.786671e-02 -9.170560e-01  3.945374e-01
   outer loop
     vertex  3.341532e+00  5.536674e-01  1.043909e+00
     vertex  3.428333e+00  5.712166e-01  1.071969e+00
     vertex  3.353335e+00  5.712166e-01  1.082969e+00
   endloop
 endfacet
 facet normal -9.103064e-03 -9.736189e-01 -2.279988e-01
   outer loop
     vertex  3.342157e+00  5.489040e-01  1.001001e+00
     vertex  3.314918e+00  5.581153e-01  9.627541e-01
     vertex  3.391535e+00  5.581153e-01  9.596951e-01
   endloop
 endfacet
 facet normal -2.154206e-01 -9.708976e-01  1.046505e-01
   outer loop
     vertex  3.342157e+00  5.489040e-01  1.001001e+00
     vertex  3.341532e+00  5.536674e-01  1.043909e+00
     vertex  3.277883e+00  5.712166e-01  1.075701e+00
   endloop
 endfacet
 facet normal  1.622769e-01 -9.804587e-01  1.112070e-01
   outer loop
     vertex  3.342157e+00  5.489040e-01  1.001001e+00
     vertex  3.428333e+00  5.712166e-01  1.071969e+00
     vertex  3.341532e+00  5.536674e-01  1.043909e+00
   endloop
 endfacet
 facet normal -3.245144e-01 -9.458750e-01  3.309047e-03
   outer loop
     vertex  3.342157e+00  5.489040e-01  1.001001e+00
     vertex  3.277883e+00  5.712166e-01  1.075701e+00
     vertex  3.314918e+00  5.581153e-01  9.627541e-01
   endloop
 endfacet
 facet normal  2.174705e-01 -9.751406e-01  4.251303e-02
   outer loop
     vertex  3.342157e+00  5.489040e-01  1.001001e+00
     vertex  3.391535e+00  5.581153e-01  9.596951e-01
     vertex  3.428333e+00  5.712166e-01  1.071969e+00
   endloop
 endfacet
 facet normal  3.575700e-01 -9.170560e-01  1.764994e-01
   outer loop
     vertex  3.608679e+00  5.536674e-01  8.495562e-01
     vertex  3.642210e+00  5.712166e-01  8.728085e-01
     vertex  3.608659e+00  5.712166e-01  9.407798e-01
   endloop
 endfacet
 facet normal  4.116946e-01 -9.067965e-01  9.070652e-02
   outer loop
     vertex  3.608679e+00  5.536674e-01  8.495562e-01
     vertex  3.658520e+00  5.712166e-01  7.987829e-01
     vertex  3.642210e+00  5.712166e-01  8.728085e-01
   endloop
 endfacet
 facet normal -2.141270e-01 -9.736189e-01 -7.884122e-02
   outer loop
     vertex  3.567663e+00  5.489040e-01  8.369427e-01
     vertex  3.513163e+00  5.581153e-01  8.712094e-01
     vertex  3.539657e+00  5.581153e-01  7.992538e-01
   endloop
 endfacet
 facet normal  1.658780e-01 -9.708976e-01 -1.727491e-01
   outer loop
     vertex  3.567663e+00  5.489040e-01  8.369427e-01
     vertex  3.658520e+00  5.712166e-01  7.987829e-01
     vertex  3.608679e+00  5.536674e-01  8.495562e-01
   endloop
 endfacet
 facet normal -2.649047e-02 -9.751406e-01  2.199978e-01
   outer loop
     vertex  3.567663e+00  5.489040e-01  8.369427e-01
     vertex  3.608659e+00  5.712166e-01  9.407798e-01
     vertex  3.513163e+00  5.581153e-01  8.712094e-01
   endloop
 endfacet
 facet normal  1.030369e-01 -9.458750e-01 -3.077401e-01
   outer loop
     vertex  3.567663e+00  5.489040e-01  8.369427e-01
     vertex  3.539657e+00  5.581153e-01  7.992538e-01
     vertex  3.658520e+00  5.712166e-01  7.987829e-01
   endloop
 endfacet
 facet normal  5.585734e-02 -9.804587e-01  1.886286e-01
   outer loop
     vertex  3.567663e+00  5.489040e-01  8.369427e-01
     vertex  3.608679e+00  5.536674e-01  8.495562e-01
     vertex  3.608659e+00  5.712166e-01  9.407798e-01
   endloop
 endfacet
 facet normal -6.783344e-01  0.000000e+00  7.347533e-01
   outer loop
     vertex  3.448112e+00  5.825663e-01  6.010091e-01
     vertex  3.504452e+00  5.581153e-01  6.530225e-01
     vertex  3.504452e+00  5.825663e-01  6.530225e-01
   endloop
 endfacet
 facet normal -6.783344e-01  8.540714e-13  7.347533e-01
   outer loop
     vertex  3.448112e+00  5.825663e-01  6.010091e-01
     vertex  3.448112e+00  5.581153e-01  6.010091e-01
     vertex  3.504452e+00  5.581153e-01  6.530225e-01
   endloop
 endfacet
 facet normal -3.455214e-01 -1.090801e-12  9.384109e-01
   outer loop
     vertex  3.376157e+00  5.825663e-01  5.745152e-01
     vertex  3.376157e+00  5.581153e-01  5.745152e-01
     vertex  3.448112e+00  5.581153e-01  6.010091e-01
   endloop
 endfacet
 facet normal -3.455214e-01  1.090760e-12  9.384109e-01
   outer loop
     vertex  3.376157e+00  5.825663e-01  5.745152e-01
     vertex  3.448112e+00  5.581153e-01  6.010091e-01
     vertex  3.448112e+00  5.825663e-01  6.010091e-01
   endloop
 endfacet
 facet normal  3.989415e-02 -1.161467e-12  9.992039e-01
   outer loop
     vertex  3.299540e+00  5.825663e-01  5.775742e-01
     vertex  3.299540e+00  5.581153e-01  5.775742e-01
     vertex  3.376157e+00  5.581153e-01  5.745152e-01
   endloop
 endfacet
 facet normal  3.989415e-02 -1.161470e-12  9.992039e-01
   outer loop
     vertex  3.299540e+00  5.825663e-01  5.775742e-01
     vertex  3.376157e+00  5.581153e-01  5.745152e-01
     vertex  3.376157e+00  5.825663e-01  5.745152e-01
   endloop
 endfacet
 facet normal  4.192362e-01 -1.055309e-12  9.078772e-01
   outer loop
     vertex  3.229925e+00  5.825663e-01  6.097204e-01
     vertex  3.229925e+00  5.581153e-01  6.097204e-01
     vertex  3.299540e+00  5.581153e-01  5.775742e-01
   endloop
 endfacet
 facet normal  4.192362e-01 -1.055253e-12  9.078772e-01
   outer loop
     vertex  3.229925e+00  5.825663e-01  6.097204e-01
     vertex  3.299540e+00  5.581153e-01  5.775742e-01
     vertex  3.299540e+00  5.825663e-01  5.775742e-01
   endloop
 endfacet
 facet normal  7.347533e-01 -7.884906e-13  6.783344e-01
   outer loop
     vertex  3.177912e+00  5.825663e-01  6.660599e-01
     vertex  3.177912e+00  5.581153e-01  6.660599e-01
     vertex  3.229925e+00  5.581153e-01  6.097204e-01
   endloop
 endfacet
 facet normal  7.347533e-01 -7.885486e-13  6.783344e-01
   outer loop
     vertex  3.177912e+00  5.825663e-01  6.660599e-01
     vertex  3.229925e+00  5.581153e-01  6.097204e-01
     vertex  3.229925e+00  5.825663e-01  6.097204e-01
   endloop
 endfacet
 facet normal  9.384109e-01  4.016313e-13  3.455214e-01
   outer loop
     vertex  3.151418e+00  5.825663e-01  7.380154e-01
     vertex  3.151418e+00  5.581153e-01  7.380154e-01
     vertex  3.177912e+00  5.581153e-01  6.660599e-01
   endloop
 endfacet
 facet normal  9.384109e-01 -4.015607e-13  3.455214e-01
   outer loop
     vertex  3.151418e+00  5.825663e-01  7.380154e-01
     vertex  3.177912e+00  5.581153e-01  6.660599e-01
     vertex  3.177912e+00  5.825663e-01  6.660599e-01
   endloop
 endfacet
 facet normal  9.992039e-01  9.274529e-14 -3.989415e-02
   outer loop
     vertex  3.154477e+00  5.825663e-01  8.146325e-01
     vertex  3.154477e+00  5.581153e-01  8.146325e-01
     vertex  3.151418e+00  5.581153e-01  7.380154e-01
   endloop
 endfacet
 facet normal  9.992039e-01 -4.636395e-14 -3.989415e-02
   outer loop
     vertex  3.154477e+00  5.825663e-01  8.146325e-01
     vertex  3.151418e+00  5.581153e-01  7.380154e-01
     vertex  3.151418e+00  5.825663e-01  7.380154e-01
   endloop
 endfacet
 facet normal  9.078772e-01  0.000000e+00 -4.192362e-01
   outer loop
     vertex  3.186623e+00  5.825663e-01  8.842468e-01
     vertex  3.186623e+00  5.581153e-01  8.842468e-01
     vertex  3.154477e+00  5.581153e-01  8.146325e-01
   endloop
 endfacet
 facet normal  9.078772e-01  9.747562e-13 -4.192362e-01
   outer loop
     vertex  3.186623e+00  5.825663e-01  8.842468e-01
     vertex  3.154477e+00  5.581153e-01  8.146325e-01
     vertex  3.154477e+00  5.825663e-01  8.146325e-01
   endloop
 endfacet
 facet normal  5.902004e-01 -7.598586e-01 -2.725406e-01
   outer loop
     vertex  3.154477e+00  5.825663e-01  8.146325e-01
     vertex  3.207812e+00  6.045529e-01  8.688318e-01
     vertex  3.186623e+00  5.825663e-01  8.842468e-01
   endloop
 endfacet
 facet normal  5.715641e-01 -7.832132e-01 -2.447275e-01
   outer loop
     vertex  3.154477e+00  5.825663e-01  8.146325e-01
     vertex  3.177977e+00  6.045529e-01  7.991523e-01
     vertex  3.207812e+00  6.045529e-01  8.688318e-01
   endloop
 endfacet
 facet normal  6.004391e-01 -7.992285e-01  2.658381e-02
   outer loop
     vertex  3.151418e+00  5.825663e-01  7.380154e-01
     vertex  3.181330e+00  6.045529e-01  7.234283e-01
     vertex  3.177977e+00  6.045529e-01  7.991523e-01
   endloop
 endfacet
 facet normal  6.734534e-01 -7.387405e-01 -2.688826e-02
   outer loop
     vertex  3.151418e+00  5.825663e-01  7.380154e-01
     vertex  3.177977e+00  6.045529e-01  7.991523e-01
     vertex  3.154477e+00  5.825663e-01  8.146325e-01
   endloop
 endfacet
 facet normal  5.188804e-01 -8.081061e-01  2.787968e-01
   outer loop
     vertex  3.177912e+00  5.825663e-01  6.660599e-01
     vertex  3.217205e+00  6.045529e-01  6.566580e-01
     vertex  3.181330e+00  6.045529e-01  7.234283e-01
   endloop
 endfacet
 facet normal  6.480143e-01 -7.232901e-01  2.385978e-01
   outer loop
     vertex  3.177912e+00  5.825663e-01  6.660599e-01
     vertex  3.181330e+00  6.045529e-01  7.234283e-01
     vertex  3.151418e+00  5.825663e-01  7.380154e-01
   endloop
 endfacet
 facet normal  5.135944e-01 -7.151192e-01  4.741575e-01
   outer loop
     vertex  3.229925e+00  5.825663e-01  6.097204e-01
     vertex  3.217205e+00  6.045529e-01  6.566580e-01
     vertex  3.177912e+00  5.825663e-01  6.660599e-01
   endloop
 endfacet
 facet normal  3.442217e-01 -8.109512e-01  4.731485e-01
   outer loop
     vertex  3.278499e+00  6.045529e-01  6.120661e-01
     vertex  3.217205e+00  6.045529e-01  6.566580e-01
     vertex  3.229925e+00  5.825663e-01  6.097204e-01
   endloop
 endfacet
 facet normal  2.930471e-01 -7.151192e-01  6.346084e-01
   outer loop
     vertex  3.299540e+00  5.825663e-01  5.775742e-01
     vertex  3.278499e+00  6.045529e-01  6.120661e-01
     vertex  3.229925e+00  5.825663e-01  6.097204e-01
   endloop
 endfacet
 facet normal  1.055445e-01 -8.081061e-01  5.795040e-01
   outer loop
     vertex  3.353071e+00  6.045529e-01  5.984844e-01
     vertex  3.278499e+00  6.045529e-01  6.120661e-01
     vertex  3.299540e+00  5.825663e-01  5.775742e-01
   endloop
 endfacet
 facet normal  2.754868e-02 -7.232901e-01  6.899946e-01
   outer loop
     vertex  3.376157e+00  5.825663e-01  5.745152e-01
     vertex  3.353071e+00  6.045529e-01  5.984844e-01
     vertex  3.299540e+00  5.825663e-01  5.775742e-01
   endloop
 endfacet
 facet normal -1.595276e-01 -7.992285e-01  5.794694e-01
   outer loop
     vertex  3.426150e+00  6.045529e-01  6.186032e-01
     vertex  3.353071e+00  6.045529e-01  5.984844e-01
     vertex  3.376157e+00  5.825663e-01  5.745152e-01
   endloop
 endfacet
 facet normal -2.328780e-01 -7.387405e-01  6.324795e-01
   outer loop
     vertex  3.448112e+00  5.825663e-01  6.010091e-01
     vertex  3.426150e+00  6.045529e-01  6.186032e-01
     vertex  3.376157e+00  5.825663e-01  5.745152e-01
   endloop
 endfacet
 facet normal -4.087782e-01 -7.832132e-01  4.684842e-01
   outer loop
     vertex  3.483263e+00  6.045529e-01  6.684374e-01
     vertex  3.426150e+00  6.045529e-01  6.186032e-01
     vertex  3.448112e+00  5.825663e-01  6.010091e-01
   endloop
 endfacet
 facet normal -4.409773e-01 -7.598586e-01  4.776546e-01
   outer loop
     vertex  3.504452e+00  5.825663e-01  6.530225e-01
     vertex  3.483263e+00  6.045529e-01  6.684374e-01
     vertex  3.448112e+00  5.825663e-01  6.010091e-01
   endloop
 endfacet
 facet normal -6.574605e-01  8.863928e-14  7.534890e-01
   outer loop
     vertex  3.426150e+00  8.461576e-01  6.186032e-01
     vertex  3.483263e+00  6.045529e-01  6.684374e-01
     vertex  3.483263e+00  8.461576e-01  6.684374e-01
   endloop
 endfacet
 facet normal -6.574605e-01  8.863837e-14  7.534890e-01
   outer loop
     vertex  3.426150e+00  8.461576e-01  6.186032e-01
     vertex  3.426150e+00  6.045529e-01  6.186032e-01
     vertex  3.483263e+00  6.045529e-01  6.684374e-01
   endloop
 endfacet
 facet normal -2.654248e-01  0.000000e+00  9.641316e-01
   outer loop
     vertex  3.353071e+00  8.461576e-01  5.984844e-01
     vertex  3.353071e+00  6.045529e-01  5.984844e-01
     vertex  3.426150e+00  6.045529e-01  6.186032e-01
   endloop
 endfacet
 facet normal -2.654248e-01  1.134218e-13  9.641316e-01
   outer loop
     vertex  3.353071e+00  8.461576e-01  5.984844e-01
     vertex  3.426150e+00  6.045529e-01  6.186032e-01
     vertex  3.426150e+00  8.461576e-01  6.186032e-01
   endloop
 endfacet
 facet normal  1.791815e-01  0.000000e+00  9.838160e-01
   outer loop
     vertex  3.278499e+00  8.461576e-01  6.120661e-01
     vertex  3.278499e+00  6.045529e-01  6.120661e-01
     vertex  3.353071e+00  6.045529e-01  5.984844e-01
   endloop
 endfacet
 facet normal  1.791815e-01  0.000000e+00  9.838160e-01
   outer loop
     vertex  3.278499e+00  8.461576e-01  6.120661e-01
     vertex  3.353071e+00  6.045529e-01  5.984844e-01
     vertex  3.353071e+00  8.461576e-01  5.984844e-01
   endloop
 endfacet
 facet normal  5.882987e-01 -1.902532e-13  8.086437e-01
   outer loop
     vertex  3.217205e+00  8.461576e-01  6.566580e-01
     vertex  3.217205e+00  6.045529e-01  6.566580e-01
     vertex  3.278499e+00  6.045529e-01  6.120661e-01
   endloop
 endfacet
 facet normal  5.882987e-01  0.000000e+00  8.086437e-01
   outer loop
     vertex  3.217205e+00  8.461576e-01  6.566580e-01
     vertex  3.278499e+00  6.045529e-01  6.120661e-01
     vertex  3.278499e+00  8.461576e-01  6.120661e-01
   endloop
 endfacet
 facet normal  8.808962e-01 -5.567883e-14  4.733095e-01
   outer loop
     vertex  3.181330e+00  8.461576e-01  7.234283e-01
     vertex  3.181330e+00  6.045529e-01  7.234283e-01
     vertex  3.217205e+00  6.045529e-01  6.566580e-01
   endloop
 endfacet
 facet normal  8.808962e-01 -1.113497e-13  4.733095e-01
   outer loop
     vertex  3.181330e+00  8.461576e-01  7.234283e-01
     vertex  3.217205e+00  6.045529e-01  6.566580e-01
     vertex  3.217205e+00  8.461576e-01  6.566580e-01
   endloop
 endfacet
 facet normal  9.990213e-01  0.000000e+00  4.423063e-02
   outer loop
     vertex  3.177977e+00  8.461576e-01  7.991523e-01
     vertex  3.177977e+00  6.045529e-01  7.991523e-01
     vertex  3.181330e+00  6.045529e-01  7.234283e-01
   endloop
 endfacet
 facet normal  9.990213e-01 -5.201016e-15  4.423063e-02
   outer loop
     vertex  3.177977e+00  8.461576e-01  7.991523e-01
     vertex  3.181330e+00  6.045529e-01  7.234283e-01
     vertex  3.181330e+00  8.461576e-01  7.234283e-01
   endloop
 endfacet
 facet normal  9.192781e-01 -4.630304e-14 -3.936087e-01
   outer loop
     vertex  3.207812e+00  8.461576e-01  8.688318e-01
     vertex  3.207812e+00  6.045529e-01  8.688318e-01
     vertex  3.177977e+00  6.045529e-01  7.991523e-01
   endloop
 endfacet
 facet normal  9.192781e-01  0.000000e+00 -3.936087e-01
   outer loop
     vertex  3.207812e+00  8.461576e-01  8.688318e-01
     vertex  3.177977e+00  6.045529e-01  7.991523e-01
     vertex  3.177977e+00  8.461576e-01  7.991523e-01
   endloop
 endfacet
 facet normal -4.842850e-01  7.002145e-01  5.245643e-01
   outer loop
     vertex  3.448112e+00  8.723602e-01  6.010091e-01
     vertex  3.483263e+00  8.461576e-01  6.684374e-01
     vertex  3.504452e+00  8.723602e-01  6.530225e-01
   endloop
 endfacet
 facet normal -4.518387e-01  7.264224e-01  5.178341e-01
   outer loop
     vertex  3.448112e+00  8.723602e-01  6.010091e-01
     vertex  3.426150e+00  8.461576e-01  6.186032e-01
     vertex  3.483263e+00  8.461576e-01  6.684374e-01
   endloop
 endfacet
 facet normal -1.771456e-01  7.446960e-01  6.434651e-01
   outer loop
     vertex  3.376157e+00  8.723602e-01  5.745152e-01
     vertex  3.353071e+00  8.461576e-01  5.984844e-01
     vertex  3.426150e+00  8.461576e-01  6.186032e-01
   endloop
 endfacet
 facet normal -2.543164e-01  6.769418e-01  6.907047e-01
   outer loop
     vertex  3.376157e+00  8.723602e-01  5.745152e-01
     vertex  3.426150e+00  8.461576e-01  6.186032e-01
     vertex  3.448112e+00  8.723602e-01  6.010091e-01
   endloop
 endfacet
 facet normal  1.175070e-01  7.549357e-01  6.451854e-01
   outer loop
     vertex  3.299540e+00  8.723602e-01  5.775742e-01
     vertex  3.278499e+00  8.461576e-01  6.120661e-01
     vertex  3.353071e+00  8.461576e-01  5.984844e-01
   endloop
 endfacet
 facet normal  2.996557e-02  6.601578e-01  7.505289e-01
   outer loop
     vertex  3.299540e+00  8.723602e-01  5.775742e-01
     vertex  3.353071e+00  8.461576e-01  5.984844e-01
     vertex  3.376157e+00  8.723602e-01  5.745152e-01
   endloop
 endfacet
 facet normal  3.181028e-01  6.513614e-01  6.888678e-01
   outer loop
     vertex  3.229925e+00  8.723602e-01  6.097204e-01
     vertex  3.278499e+00  8.461576e-01  6.120661e-01
     vertex  3.299540e+00  8.723602e-01  5.775742e-01
   endloop
 endfacet
 facet normal  3.835601e-01  7.582345e-01  5.272211e-01
   outer loop
     vertex  3.217205e+00  8.461576e-01  6.566580e-01
     vertex  3.278499e+00  8.461576e-01  6.120661e-01
     vertex  3.229925e+00  8.723602e-01  6.097204e-01
   endloop
 endfacet
 facet normal  5.575070e-01  6.513614e-01  5.146982e-01
   outer loop
     vertex  3.177912e+00  8.723602e-01  6.660599e-01
     vertex  3.217205e+00  8.461576e-01  6.566580e-01
     vertex  3.229925e+00  8.723602e-01  6.097204e-01
   endloop
 endfacet
 facet normal  5.776907e-01  7.549357e-01  3.103958e-01
   outer loop
     vertex  3.181330e+00  8.461576e-01  7.234283e-01
     vertex  3.217205e+00  8.461576e-01  6.566580e-01
     vertex  3.177912e+00  8.723602e-01  6.660599e-01
   endloop
 endfacet
 facet normal  7.048657e-01  6.601578e-01  2.595304e-01
   outer loop
     vertex  3.151418e+00  8.723602e-01  7.380154e-01
     vertex  3.181330e+00  8.461576e-01  7.234283e-01
     vertex  3.177912e+00  8.723602e-01  6.660599e-01
   endloop
 endfacet
 facet normal  6.667507e-01  7.446960e-01  2.951969e-02
   outer loop
     vertex  3.177977e+00  8.461576e-01  7.991523e-01
     vertex  3.181330e+00  8.461576e-01  7.234283e-01
     vertex  3.151418e+00  8.723602e-01  7.380154e-01
   endloop
 endfacet
 facet normal  7.354506e-01  6.769418e-01 -2.936355e-02
   outer loop
     vertex  3.154477e+00  8.723602e-01  8.146325e-01
     vertex  3.177977e+00  8.461576e-01  7.991523e-01
     vertex  3.151418e+00  8.723602e-01  7.380154e-01
   endloop
 endfacet
 facet normal  6.317724e-01  7.264224e-01 -2.705070e-01
   outer loop
     vertex  3.207812e+00  8.461576e-01  8.688318e-01
     vertex  3.177977e+00  8.461576e-01  7.991523e-01
     vertex  3.154477e+00  8.723602e-01  8.146325e-01
   endloop
 endfacet
 facet normal  6.481631e-01  7.002145e-01 -2.993063e-01
   outer loop
     vertex  3.186623e+00  8.723602e-01  8.842468e-01
     vertex  3.207812e+00  8.461576e-01  8.688318e-01
     vertex  3.154477e+00  8.723602e-01  8.146325e-01
   endloop
 endfacet
 facet normal -6.783344e-01  0.000000e+00  7.347533e-01
   outer loop
     vertex  3.448112e+00  9.485339e-01  6.010091e-01
     vertex  3.504452e+00  8.723602e-01  6.530225e-01
     vertex  3.504452e+00  9.485339e-01  6.530225e-01
   endloop
 endfacet
 facet normal -6.783344e-01 -2.741489e-13  7.347533e-01
   outer loop
     vertex  3.448112e+00  9.485339e-01  6.010091e-01
     vertex  3.448112e+00  8.723602e-01  6.010091e-01
     vertex  3.504452e+00  8.723602e-01  6.530225e-01
   endloop
 endfacet
 facet normal -3.455214e-01 -3.501370e-13  9.384109e-01
   outer loop
     vertex  3.376157e+00  9.485339e-01  5.745152e-01
     vertex  3.376157e+00  8.723602e-01  5.745152e-01
     vertex  3.448112e+00  8.723602e-01  6.010091e-01
   endloop
 endfacet
 facet normal -3.455214e-01 -3.501608e-13  9.384109e-01
   outer loop
     vertex  3.376157e+00  9.485339e-01  5.745152e-01
     vertex  3.448112e+00  8.723602e-01  6.010091e-01
     vertex  3.448112e+00  9.485339e-01  6.010091e-01
   endloop
 endfacet
 facet normal  3.989415e-02 -3.728199e-13  9.992039e-01
   outer loop
     vertex  3.299540e+00  9.485339e-01  5.775742e-01
     vertex  3.299540e+00  8.723602e-01  5.775742e-01
     vertex  3.376157e+00  8.723602e-01  5.745152e-01
   endloop
 endfacet
 facet normal  3.989415e-02 -3.728208e-13  9.992039e-01
   outer loop
     vertex  3.299540e+00  9.485339e-01  5.775742e-01
     vertex  3.376157e+00  8.723602e-01  5.745152e-01
     vertex  3.376157e+00  9.485339e-01  5.745152e-01
   endloop
 endfacet
 facet normal  4.192362e-01  3.387443e-13  9.078772e-01
   outer loop
     vertex  3.229925e+00  9.485339e-01  6.097204e-01
     vertex  3.229925e+00  8.723602e-01  6.097204e-01
     vertex  3.299540e+00  8.723602e-01  5.775742e-01
   endloop
 endfacet
 facet normal  4.192362e-01 -3.388006e-13  9.078772e-01
   outer loop
     vertex  3.229925e+00  9.485339e-01  6.097204e-01
     vertex  3.299540e+00  8.723602e-01  5.775742e-01
     vertex  3.299540e+00  9.485339e-01  5.775742e-01
   endloop
 endfacet
 facet normal  7.347533e-01  2.530980e-13  6.783344e-01
   outer loop
     vertex  3.177912e+00  9.485339e-01  6.660599e-01
     vertex  3.177912e+00  8.723602e-01  6.660599e-01
     vertex  3.229925e+00  8.723602e-01  6.097204e-01
   endloop
 endfacet
 facet normal  7.347533e-01  2.531167e-13  6.783344e-01
   outer loop
     vertex  3.177912e+00  9.485339e-01  6.660599e-01
     vertex  3.229925e+00  8.723602e-01  6.097204e-01
     vertex  3.229925e+00  9.485339e-01  6.097204e-01
   endloop
 endfacet
 facet normal  9.384109e-01 -1.289199e-13  3.455214e-01
   outer loop
     vertex  3.151418e+00  9.485339e-01  7.380154e-01
     vertex  3.151418e+00  8.723602e-01  7.380154e-01
     vertex  3.177912e+00  8.723602e-01  6.660599e-01
   endloop
 endfacet
 facet normal  9.384109e-01  1.289343e-13  3.455214e-01
   outer loop
     vertex  3.151418e+00  9.485339e-01  7.380154e-01
     vertex  3.177912e+00  8.723602e-01  6.660599e-01
     vertex  3.177912e+00  9.485339e-01  6.660599e-01
   endloop
 endfacet
 facet normal  9.992039e-01 -2.977036e-14 -3.989415e-02
   outer loop
     vertex  3.154477e+00  9.485339e-01  8.146325e-01
     vertex  3.154477e+00  8.723602e-01  8.146325e-01
     vertex  3.151418e+00  8.723602e-01  7.380154e-01
   endloop
 endfacet
 facet normal  9.992039e-01  1.488239e-14 -3.989415e-02
   outer loop
     vertex  3.154477e+00  9.485339e-01  8.146325e-01
     vertex  3.151418e+00  8.723602e-01  7.380154e-01
     vertex  3.151418e+00  9.485339e-01  7.380154e-01
   endloop
 endfacet
 facet normal  9.078772e-01 -1.564241e-13 -4.192362e-01
   outer loop
     vertex  3.186623e+00  9.485339e-01  8.842468e-01
     vertex  3.186623e+00  8.723602e-01  8.842468e-01
     vertex  3.154477e+00  8.723602e-01  8.146325e-01
   endloop
 endfacet
 facet normal  9.078772e-01 -3.128875e-13 -4.192362e-01
   outer loop
     vertex  3.186623e+00  9.485339e-01  8.842468e-01
     vertex  3.154477e+00  8.723602e-01  8.146325e-01
     vertex  3.154477e+00  9.485339e-01  8.146325e-01
   endloop
 endfacet
 facet normal -1.154520e-01  9.854097e-01  1.250544e-01
   outer loop
     vertex  3.142932e+00  9.275718e-01  1.009088e+00
     vertex  3.242963e+00  9.485339e-01  9.362602e-01
     vertex  3.186623e+00  9.485339e-01  8.842468e-01
   endloop
 endfacet
 facet normal -1.290074e-01  9.843402e-01  1.201308e-01
   outer loop
     vertex  3.142932e+00  9.275718e-01  1.009088e+00
     vertex  3.186623e+00  9.485339e-01  8.842468e-01
     vertex  3.091275e+00  9.275718e-01  9.536141e-01
   endloop
 endfacet
 facet normal -5.948943e-02  9.850667e-01  1.615689e-01
   outer loop
     vertex  3.206363e+00  9.275718e-01  1.050588e+00
     vertex  3.314918e+00  9.485339e-01  9.627541e-01
     vertex  3.242963e+00  9.485339e-01  9.362602e-01
   endloop
 endfacet
 facet normal -9.759444e-02  9.839833e-01  1.491718e-01
   outer loop
     vertex  3.206363e+00  9.275718e-01  1.050588e+00
     vertex  3.242963e+00  9.485339e-01  9.362602e-01
     vertex  3.142932e+00  9.275718e-01  1.009088e+00
   endloop
 endfacet
 facet normal -5.755172e-02  9.847968e-01  1.638994e-01
   outer loop
     vertex  3.277883e+00  9.275718e-01  1.075701e+00
     vertex  3.314918e+00  9.485339e-01  9.627541e-01
     vertex  3.206363e+00  9.275718e-01  1.050588e+00
   endloop
 endfacet
 facet normal  7.168255e-02  9.852739e-01  1.552322e-01
   outer loop
     vertex  3.498520e+00  9.275718e-01  1.043340e+00
     vertex  3.461150e+00  9.485339e-01  9.275488e-01
     vertex  3.391535e+00  9.485339e-01  9.596951e-01
   endloop
 endfacet
 facet normal  6.613712e-02  9.845484e-01  1.621432e-01
   outer loop
     vertex  3.498520e+00  9.275718e-01  1.043340e+00
     vertex  3.391535e+00  9.485339e-01  9.596951e-01
     vertex  3.428333e+00  9.275718e-01  1.071969e+00
   endloop
 endfacet
 facet normal  1.256308e-01  9.852739e-01  1.159841e-01
   outer loop
     vertex  3.559816e+00  9.275718e-01  9.987467e-01
     vertex  3.513163e+00  9.485339e-01  8.712094e-01
     vertex  3.461150e+00  9.485339e-01  9.275488e-01
   endloop
 endfacet
 facet normal  1.049493e-01  9.839590e-01  1.442576e-01
   outer loop
     vertex  3.559816e+00  9.275718e-01  9.987467e-01
     vertex  3.461150e+00  9.485339e-01  9.275488e-01
     vertex  3.498520e+00  9.275718e-01  1.043340e+00
   endloop
 endfacet
 facet normal  1.339132e-01  9.845484e-01  1.128352e-01
   outer loop
     vertex  3.608659e+00  9.275718e-01  9.407798e-01
     vertex  3.513163e+00  9.485339e-01  8.712094e-01
     vertex  3.559816e+00  9.275718e-01  9.987467e-01
   endloop
 endfacet
 facet normal  1.720359e-01  9.850667e-01 -6.868693e-03
   outer loop
     vertex  3.656640e+00  9.275718e-01  7.230053e-01
     vertex  3.536598e+00  9.485339e-01  7.226368e-01
     vertex  3.539657e+00  9.485339e-01  7.992538e-01
   endloop
 endfacet
 facet normal  1.736567e-01  9.847968e-01 -4.307731e-03
   outer loop
     vertex  3.656640e+00  9.275718e-01  7.230053e-01
     vertex  3.539657e+00  9.485339e-01  7.992538e-01
     vertex  3.658520e+00  9.275718e-01  7.987829e-01
   endloop
 endfacet
 facet normal  1.545200e-01  9.854097e-01 -7.135367e-02
   outer loop
     vertex  3.636680e+00  9.275718e-01  6.498794e-01
     vertex  3.504452e+00  9.485339e-01  6.530225e-01
     vertex  3.536598e+00  9.485339e-01  7.226368e-01
   endloop
 endfacet
 facet normal  1.719697e-01  9.839833e-01 -4.693959e-02
   outer loop
     vertex  3.636680e+00  9.275718e-01  6.498794e-01
     vertex  3.536598e+00  9.485339e-01  7.226368e-01
     vertex  3.656640e+00  9.275718e-01  7.230053e-01
   endloop
 endfacet
 facet normal  1.540079e-01  9.843402e-01 -8.576650e-02
   outer loop
     vertex  3.599800e+00  9.275718e-01  5.836552e-01
     vertex  3.504452e+00  9.485339e-01  6.530225e-01
     vertex  3.636680e+00  9.275718e-01  6.498794e-01
   endloop
 endfacet
 facet normal -7.185310e-03  9.836466e-01 -1.799660e-01
   outer loop
     vertex  3.342178e+00  9.554589e-01  9.995160e-01
     vertex  3.391535e+00  9.485339e-01  9.596951e-01
     vertex  3.314918e+00  9.485339e-01  9.627541e-01
   endloop
 endfacet
 facet normal -3.293506e-01  9.418415e-01  6.680478e-02
   outer loop
     vertex  3.342178e+00  9.554589e-01  9.995160e-01
     vertex  3.314918e+00  9.485339e-01  9.627541e-01
     vertex  3.277883e+00  9.275718e-01  1.075701e+00
   endloop
 endfacet
 facet normal  2.229274e-01  9.688536e-01  1.078244e-01
   outer loop
     vertex  3.342178e+00  9.554589e-01  9.995160e-01
     vertex  3.428333e+00  9.275718e-01  1.071969e+00
     vertex  3.391535e+00  9.485339e-01  9.596951e-01
   endloop
 endfacet
 facet normal -4.351169e-02  8.911013e-01  4.517136e-01
   outer loop
     vertex  3.341554e+00  9.475358e-01  1.042451e+00
     vertex  3.277883e+00  9.275718e-01  1.075701e+00
     vertex  3.353335e+00  9.275718e-01  1.082969e+00
   endloop
 endfacet
 facet normal  6.254344e-02  9.023587e-01  4.264236e-01
   outer loop
     vertex  3.341554e+00  9.475358e-01  1.042451e+00
     vertex  3.353335e+00  9.275718e-01  1.082969e+00
     vertex  3.428333e+00  9.275718e-01  1.071969e+00
   endloop
 endfacet
 facet normal -2.105068e-01  9.619023e-01  1.744444e-01
   outer loop
     vertex  3.341554e+00  9.475358e-01  1.042451e+00
     vertex  3.342178e+00  9.554589e-01  9.995160e-01
     vertex  3.277883e+00  9.275718e-01  1.075701e+00
   endloop
 endfacet
 facet normal  1.614773e-01  9.700683e-01  1.813632e-01
   outer loop
     vertex  3.341554e+00  9.475358e-01  1.042451e+00
     vertex  3.428333e+00  9.275718e-01  1.071969e+00
     vertex  3.342178e+00  9.554589e-01  9.995160e-01
   endloop
 endfacet
 facet normal -1.690166e-01  9.836466e-01 -6.223164e-02
   outer loop
     vertex  3.566243e+00  9.554589e-01  8.365061e-01
     vertex  3.539657e+00  9.485339e-01  7.992538e-01
     vertex  3.513163e+00  9.485339e-01  8.712094e-01
   endloop
 endfacet
 facet normal  3.397027e-02  9.688536e-01  2.452932e-01
   outer loop
     vertex  3.566243e+00  9.554589e-01  8.365061e-01
     vertex  3.513163e+00  9.485339e-01  8.712094e-01
     vertex  3.608659e+00  9.275718e-01  9.407798e-01
   endloop
 endfacet
 facet normal  1.649384e-01  9.418415e-01 -2.927968e-01
   outer loop
     vertex  3.566243e+00  9.554589e-01  8.365061e-01
     vertex  3.658520e+00  9.275718e-01  7.987829e-01
     vertex  3.539657e+00  9.485339e-01  7.992538e-01
   endloop
 endfacet
 facet normal  3.864684e-01  9.023587e-01  1.907639e-01
   outer loop
     vertex  3.607286e+00  9.475358e-01  8.491276e-01
     vertex  3.608659e+00  9.275718e-01  9.407798e-01
     vertex  3.642210e+00  9.275718e-01  8.728085e-01
   endloop
 endfacet
 facet normal  4.431753e-01  8.911013e-01  9.764249e-02
   outer loop
     vertex  3.607286e+00  9.475358e-01  8.491276e-01
     vertex  3.642210e+00  9.275718e-01  8.728085e-01
     vertex  3.658520e+00  9.275718e-01  7.987829e-01
   endloop
 endfacet
 facet normal  1.228535e-01  9.700683e-01  2.094625e-01
   outer loop
     vertex  3.607286e+00  9.475358e-01  8.491276e-01
     vertex  3.566243e+00  9.554589e-01  8.365061e-01
     vertex  3.608659e+00  9.275718e-01  9.407798e-01
   endloop
 endfacet
 facet normal  2.307707e-01  9.619023e-01 -1.465907e-01
   outer loop
     vertex  3.607286e+00  9.475358e-01  8.491276e-01
     vertex  3.658520e+00  9.275718e-01  7.987829e-01
     vertex  3.566243e+00  9.554589e-01  8.365061e-01
   endloop
 endfacet
 facet normal  0.000000e+00  1.000000e+00 -0.000000e+00
   outer loop
     vertex  3.353335e+00  9.275718e-01  1.082969e+00
     vertex  3.277319e+00  9.275718e-01  1.078260e+00
     vertex  3.353400e+00  9.275718e-01  1.085589e+00
   endloop
 endfacet
 facet normal  0.000000e+00  1.000000e+00  0.000000e+00
   outer loop
     vertex  3.353335e+00  9.275718e-01  1.082969e+00
     vertex  3.277883e+00  9.275718e-01  1.075701e+00
     vertex  3.277319e+00  9.275718e-01  1.078260e+00
   endloop
 endfacet
 facet normal  5.766000e-12  1.000000e+00 -1.529840e-11
   outer loop
     vertex  3.206363e+00  9.275718e-01  1.050588e+00
     vertex  3.205203e+00  9.275718e-01  1.052937e+00
     vertex  3.277319e+00  9.275718e-01  1.078260e+00
   endloop
 endfacet
 facet normal -1.844295e-13  1.000000e+00 -4.063439e-14
   outer loop
     vertex  3.206363e+00  9.275718e-01  1.050588e+00
     vertex  3.277319e+00  9.275718e-01  1.078260e+00
     vertex  3.277883e+00  9.275718e-01  1.075701e+00
   endloop
 endfacet
 facet normal  0.000000e+00  1.000000e+00 -0.000000e+00
   outer loop
     vertex  3.428333e+00  9.275718e-01  1.071969e+00
     vertex  3.353400e+00  9.275718e-01  1.085589e+00
     vertex  3.429023e+00  9.275718e-01  1.074497e+00
   endloop
 endfacet
 facet normal  0.000000e+00  1.000000e+00  0.000000e+00
   outer loop
     vertex  3.428333e+00  9.275718e-01  1.071969e+00
     vertex  3.353335e+00  9.275718e-01  1.082969e+00
     vertex  3.353400e+00  9.275718e-01  1.085589e+00
   endloop
 endfacet
 facet normal -3.420729e-12  1.000000e+00  4.209727e-12
   outer loop
     vertex  3.142932e+00  9.275718e-01  1.009088e+00
     vertex  3.141243e+00  9.275718e-01  1.011092e+00
     vertex  3.205203e+00  9.275718e-01  1.052937e+00
   endloop
 endfacet
 facet normal  9.142489e-12  1.000000e+00 -1.363174e-11
   outer loop
     vertex  3.142932e+00  9.275718e-01  1.009088e+00
     vertex  3.205203e+00  9.275718e-01  1.052937e+00
     vertex  3.206363e+00  9.275718e-01  1.050588e+00
   endloop
 endfacet
 facet normal  1.636295e-13  1.000000e+00 -9.112474e-14
   outer loop
     vertex  3.498520e+00  9.275718e-01  1.043340e+00
     vertex  3.429023e+00  9.275718e-01  1.074497e+00
     vertex  3.499795e+00  9.275718e-01  1.045630e+00
   endloop
 endfacet
 facet normal  1.821880e-13  1.000000e+00 -4.972871e-14
   outer loop
     vertex  3.498520e+00  9.275718e-01  1.043340e+00
     vertex  3.428333e+00  9.275718e-01  1.071969e+00
     vertex  3.429023e+00  9.275718e-01  1.074497e+00
   endloop
 endfacet
 facet normal  4.218598e-12  1.000000e+00 -3.420219e-12
   outer loop
     vertex  3.091275e+00  9.275718e-01  9.536141e-01
     vertex  3.089156e+00  9.275718e-01  9.551556e-01
     vertex  3.141243e+00  9.275718e-01  1.011092e+00
   endloop
 endfacet
 facet normal -3.998231e-12  1.000000e+00  3.723124e-12
   outer loop
     vertex  3.091275e+00  9.275718e-01  9.536141e-01
     vertex  3.141243e+00  9.275718e-01  1.011092e+00
     vertex  3.142932e+00  9.275718e-01  1.009088e+00
   endloop
 endfacet
 facet normal  6.428089e-12  1.000000e+00  8.835705e-12
   outer loop
     vertex  3.559816e+00  9.275718e-01  9.987467e-01
     vertex  3.499795e+00  9.275718e-01  1.045630e+00
     vertex  3.561602e+00  9.275718e-01  1.000664e+00
   endloop
 endfacet
 facet normal -3.299861e-13  1.000000e+00  1.837682e-13
   outer loop
     vertex  3.559816e+00  9.275718e-01  9.987467e-01
     vertex  3.498520e+00  9.275718e-01  1.043340e+00
     vertex  3.499795e+00  9.275718e-01  1.045630e+00
   endloop
 endfacet
 facet normal  9.546103e-12  1.000000e+00 -5.316195e-12
   outer loop
     vertex  3.054395e+00  9.275718e-01  8.873898e-01
     vertex  3.051968e+00  9.275718e-01  8.883795e-01
     vertex  3.089156e+00  9.275718e-01  9.551556e-01
   endloop
 endfacet
 facet normal  4.661950e-12  1.000000e+00 -2.810812e-12
   outer loop
     vertex  3.054395e+00  9.275718e-01  8.873898e-01
     vertex  3.089156e+00  9.275718e-01  9.551556e-01
     vertex  3.091275e+00  9.275718e-01  9.536141e-01
   endloop
 endfacet
 facet normal  2.109464e-11  1.000000e+00  1.728807e-11
   outer loop
     vertex  3.608659e+00  9.275718e-01  9.407798e-01
     vertex  3.561602e+00  9.275718e-01  1.000664e+00
     vertex  3.610852e+00  9.275718e-01  9.422144e-01
   endloop
 endfacet
 facet normal  8.217614e-12  1.000000e+00  7.169312e-12
   outer loop
     vertex  3.608659e+00  9.275718e-01  9.407798e-01
     vertex  3.559816e+00  9.275718e-01  9.987467e-01
     vertex  3.561602e+00  9.275718e-01  1.000664e+00
   endloop
 endfacet
 facet normal -5.324838e-12  1.000000e+00  1.067973e-12
   outer loop
     vertex  3.034435e+00  9.275718e-01  8.142640e-01
     vertex  3.031842e+00  9.275718e-01  8.146442e-01
     vertex  3.051968e+00  9.275718e-01  8.883795e-01
   endloop
 endfacet
 facet normal  1.061229e-11  1.000000e+00 -2.702318e-12
   outer loop
     vertex  3.034435e+00  9.275718e-01  8.142640e-01
     vertex  3.051968e+00  9.275718e-01  8.883795e-01
     vertex  3.054395e+00  9.275718e-01  8.873898e-01
   endloop
 endfacet
 facet normal -1.861546e-13  1.000000e+00  5.301428e-13
   outer loop
     vertex  3.642210e+00  9.275718e-01  8.728085e-01
     vertex  3.610852e+00  9.275718e-01  9.422144e-01
     vertex  3.644682e+00  9.275718e-01  8.736766e-01
   endloop
 endfacet
 facet normal  2.470165e-11  1.000000e+00  1.177479e-11
   outer loop
     vertex  3.642210e+00  9.275718e-01  8.728085e-01
     vertex  3.608659e+00  9.275718e-01  9.407798e-01
     vertex  3.610852e+00  9.275718e-01  9.422144e-01
   endloop
 endfacet
 facet normal  1.088730e-11  1.000000e+00  1.018969e-13
   outer loop
     vertex  3.032555e+00  9.275718e-01  7.384863e-01
     vertex  3.029947e+00  9.275718e-01  7.382351e-01
     vertex  3.031842e+00  9.275718e-01  8.146442e-01
   endloop
 endfacet
 facet normal -5.489013e-12  1.000000e+00 -5.137304e-14
   outer loop
     vertex  3.032555e+00  9.275718e-01  7.384863e-01
     vertex  3.031842e+00  9.275718e-01  8.146442e-01
     vertex  3.034435e+00  9.275718e-01  8.142640e-01
   endloop
 endfacet
 facet normal -6.205154e-14  1.000000e+00  1.767143e-13
   outer loop
     vertex  3.661128e+00  9.275718e-01  7.990342e-01
     vertex  3.642210e+00  9.275718e-01  8.728085e-01
     vertex  3.644682e+00  9.275718e-01  8.736766e-01
   endloop
 endfacet
 facet normal -5.335325e-12  1.000000e+00 -1.175504e-12
   outer loop
     vertex  3.661128e+00  9.275718e-01  7.990342e-01
     vertex  3.658520e+00  9.275718e-01  7.987829e-01
     vertex  3.642210e+00  9.275718e-01  8.728085e-01
   endloop
 endfacet
 facet normal  1.068861e-11  1.000000e+00  2.164579e-12
   outer loop
     vertex  3.046392e+00  9.275718e-01  6.635927e-01
     vertex  3.029947e+00  9.275718e-01  7.382351e-01
     vertex  3.032555e+00  9.275718e-01  7.384863e-01
   endloop
 endfacet
 facet normal  5.335325e-12  1.000000e+00  1.175504e-12
   outer loop
     vertex  3.046392e+00  9.275718e-01  6.635927e-01
     vertex  3.032555e+00  9.275718e-01  7.384863e-01
     vertex  3.048865e+00  9.275718e-01  6.644608e-01
   endloop
 endfacet
 facet normal -5.425691e-12  1.000000e+00 -2.373776e-13
   outer loop
     vertex  3.659233e+00  9.275718e-01  7.226250e-01
     vertex  3.658520e+00  9.275718e-01  7.987829e-01
     vertex  3.661128e+00  9.275718e-01  7.990342e-01
   endloop
 endfacet
 facet normal  5.461607e-12  1.000000e+00 -1.354807e-13
   outer loop
     vertex  3.659233e+00  9.275718e-01  7.226250e-01
     vertex  3.656640e+00  9.275718e-01  7.230053e-01
     vertex  3.658520e+00  9.275718e-01  7.987829e-01
   endloop
 endfacet
 facet normal  4.774871e-12  1.000000e+00  2.771602e-12
   outer loop
     vertex  3.080223e+00  9.275718e-01  5.950549e-01
     vertex  3.046392e+00  9.275718e-01  6.635927e-01
     vertex  3.048865e+00  9.275718e-01  6.644608e-01
   endloop
 endfacet
 facet normal  1.969929e-11  1.000000e+00  9.514657e-12
   outer loop
     vertex  3.080223e+00  9.275718e-01  5.950549e-01
     vertex  3.048865e+00  9.275718e-01  6.644608e-01
     vertex  3.082416e+00  9.275718e-01  5.964894e-01
   endloop
 endfacet
 facet normal  5.270480e-12  1.000000e+00 -1.438592e-12
   outer loop
     vertex  3.639106e+00  9.275718e-01  6.488898e-01
     vertex  3.656640e+00  9.275718e-01  7.230053e-01
     vertex  3.659233e+00  9.275718e-01  7.226250e-01
   endloop
 endfacet
 facet normal  5.270480e-12  1.000000e+00 -1.438592e-12
   outer loop
     vertex  3.639106e+00  9.275718e-01  6.488898e-01
     vertex  3.636680e+00  9.275718e-01  6.498794e-01
     vertex  3.656640e+00  9.275718e-01  7.230053e-01
   endloop
 endfacet
 facet normal  1.701926e-11  1.000000e+00  1.361104e-11
   outer loop
     vertex  3.129473e+00  9.275718e-01  5.366049e-01
     vertex  3.080223e+00  9.275718e-01  5.950549e-01
     vertex  3.082416e+00  9.275718e-01  5.964894e-01
   endloop
 endfacet
 facet normal -8.770451e-12  1.000000e+00 -6.654514e-12
   outer loop
     vertex  3.129473e+00  9.275718e-01  5.366049e-01
     vertex  3.082416e+00  9.275718e-01  5.964894e-01
     vertex  3.131259e+00  9.275718e-01  5.385226e-01
   endloop
 endfacet
 facet normal  4.773052e-12  1.000000e+00 -2.658097e-12
   outer loop
     vertex  3.599800e+00  9.275718e-01  5.836552e-01
     vertex  3.636680e+00  9.275718e-01  6.498794e-01
     vertex  3.639106e+00  9.275718e-01  6.488898e-01
   endloop
 endfacet
 facet normal -4.552684e-12  1.000000e+00  2.961003e-12
   outer loop
     vertex  3.601919e+00  9.275718e-01  5.821137e-01
     vertex  3.599800e+00  9.275718e-01  5.836552e-01
     vertex  3.639106e+00  9.275718e-01  6.488898e-01
   endloop
 endfacet
 facet normal -6.565156e-12  1.000000e+00 -8.708069e-12
   outer loop
     vertex  3.191280e+00  9.275718e-01  4.916397e-01
     vertex  3.129473e+00  9.275718e-01  5.366049e-01
     vertex  3.131259e+00  9.275718e-01  5.385226e-01
   endloop
 endfacet
 facet normal  1.649931e-13  1.000000e+00 -9.188411e-14
   outer loop
     vertex  3.191280e+00  9.275718e-01  4.916397e-01
     vertex  3.131259e+00  9.275718e-01  5.385226e-01
     vertex  3.192555e+00  9.275718e-01  4.939289e-01
   endloop
 endfacet
 facet normal -4.218598e-12  1.000000e+00  3.420219e-12
   outer loop
     vertex  3.549832e+00  9.275718e-01  5.261775e-01
     vertex  3.599800e+00  9.275718e-01  5.836552e-01
     vertex  3.601919e+00  9.275718e-01  5.821137e-01
   endloop
 endfacet
 facet normal  3.998231e-12  1.000000e+00 -3.723124e-12
   outer loop
     vertex  3.549832e+00  9.275718e-01  5.261775e-01
     vertex  3.548143e+00  9.275718e-01  5.281813e-01
     vertex  3.599800e+00  9.275718e-01  5.836552e-01
   endloop
 endfacet
 facet normal  0.000000e+00  1.000000e+00  0.000000e+00
   outer loop
     vertex  3.262051e+00  9.275718e-01  4.627724e-01
     vertex  3.191280e+00  9.275718e-01  4.916397e-01
     vertex  3.192555e+00  9.275718e-01  4.939289e-01
   endloop
 endfacet
 facet normal  0.000000e+00  1.000000e+00 -0.000000e+00
   outer loop
     vertex  3.262051e+00  9.275718e-01  4.627724e-01
     vertex  3.192555e+00  9.275718e-01  4.939289e-01
     vertex  3.262741e+00  9.275718e-01  4.653002e-01
   endloop
 endfacet
 facet normal  2.991048e-12  1.000000e+00 -4.571776e-12
   outer loop
     vertex  3.485871e+00  9.275718e-01  4.843321e-01
     vertex  3.484712e+00  9.275718e-01  4.866817e-01
     vertex  3.548143e+00  9.275718e-01  5.281813e-01
   endloop
 endfacet
 facet normal  2.991048e-12  1.000000e+00 -4.571776e-12
   outer loop
     vertex  3.485871e+00  9.275718e-01  4.843321e-01
     vertex  3.548143e+00  9.275718e-01  5.281813e-01
     vertex  3.549832e+00  9.275718e-01  5.261775e-01
   endloop
 endfacet
 facet normal  1.585634e-12  1.000000e+00  1.081091e-11
   outer loop
     vertex  3.337675e+00  9.275718e-01  4.516807e-01
     vertex  3.262741e+00  9.275718e-01  4.653002e-01
     vertex  3.337740e+00  9.275718e-01  4.543002e-01
   endloop
 endfacet
 facet normal -3.613646e-13  1.000000e+00  9.863545e-14
   outer loop
     vertex  3.337675e+00  9.275718e-01  4.516807e-01
     vertex  3.262051e+00  9.275718e-01  4.627724e-01
     vertex  3.262741e+00  9.275718e-01  4.653002e-01
   endloop
 endfacet
 facet normal -1.047662e-12  1.000000e+00  1.087623e-11
   outer loop
     vertex  3.413192e+00  9.275718e-01  4.615681e-01
     vertex  3.337675e+00  9.275718e-01  4.516807e-01
     vertex  3.337740e+00  9.275718e-01  4.543002e-01
   endloop
 endfacet
 facet normal  1.810036e-12  1.000000e+00 -5.154733e-12
   outer loop
     vertex  3.413756e+00  9.275718e-01  4.590093e-01
     vertex  3.413192e+00  9.275718e-01  4.615681e-01
     vertex  3.484712e+00  9.275718e-01  4.866817e-01
   endloop
 endfacet
 facet normal  1.810036e-12  1.000000e+00 -5.154733e-12
   outer loop
     vertex  3.413756e+00  9.275718e-01  4.590093e-01
     vertex  3.484712e+00  9.275718e-01  4.866817e-01
     vertex  3.485871e+00  9.275718e-01  4.843321e-01
   endloop
 endfacet
 facet normal  1.072547e-12  1.000000e+00 -5.317220e-12
   outer loop
     vertex  3.413756e+00  9.275718e-01  4.590093e-01
     vertex  3.337675e+00  9.275718e-01  4.516807e-01
     vertex  3.413192e+00  9.275718e-01  4.615681e-01
   endloop
 endfacet
 facet normal -5.211222e-12 -1.000000e+00 -1.528933e-12
   outer loop
     vertex  3.642210e+00  5.712166e-01  8.728085e-01
     vertex  3.661128e+00  5.712166e-01  7.990342e-01
     vertex  3.644682e+00  5.712166e-01  8.736766e-01
   endloop
 endfacet
 facet normal  5.335325e-12 -1.000000e+00  1.175504e-12
   outer loop
     vertex  3.642210e+00  5.712166e-01  8.728085e-01
     vertex  3.658520e+00  5.712166e-01  7.987829e-01
     vertex  3.661128e+00  5.712166e-01  7.990342e-01
   endloop
 endfacet
 facet normal -2.717930e-14 -1.000000e+00 -1.853095e-13
   outer loop
     vertex  3.656640e+00  5.712166e-01  7.230053e-01
     vertex  3.659233e+00  5.712166e-01  7.226250e-01
     vertex  3.661128e+00  5.712166e-01  7.990342e-01
   endloop
 endfacet
 facet normal  5.497822e-12 -1.000000e+00 -5.114462e-13
   outer loop
     vertex  3.656640e+00  5.712166e-01  7.230053e-01
     vertex  3.661128e+00  5.712166e-01  7.990342e-01
     vertex  3.658520e+00  5.712166e-01  7.987829e-01
   endloop
 endfacet
 facet normal -9.797947e-12 -1.000000e+00 -4.836346e-12
   outer loop
     vertex  3.608659e+00  5.712166e-01  9.407798e-01
     vertex  3.644682e+00  5.712166e-01  8.736766e-01
     vertex  3.610852e+00  5.712166e-01  9.422144e-01
   endloop
 endfacet
 facet normal -4.961542e-12 -1.000000e+00 -2.239986e-12
   outer loop
     vertex  3.608659e+00  5.712166e-01  9.407798e-01
     vertex  3.642210e+00  5.712166e-01  8.728085e-01
     vertex  3.644682e+00  5.712166e-01  8.736766e-01
   endloop
 endfacet
 facet normal  1.054096e-11 -1.000000e+00 -2.877184e-12
   outer loop
     vertex  3.636680e+00  5.712166e-01  6.498794e-01
     vertex  3.639106e+00  5.712166e-01  6.488898e-01
     vertex  3.659233e+00  5.712166e-01  7.226250e-01
   endloop
 endfacet
 facet normal  5.481159e-14 -1.000000e+00  3.737075e-13
   outer loop
     vertex  3.636680e+00  5.712166e-01  6.498794e-01
     vertex  3.659233e+00  5.712166e-01  7.226250e-01
     vertex  3.656640e+00  5.712166e-01  7.230053e-01
   endloop
 endfacet
 facet normal -2.741342e-13 -1.000000e+00  2.552718e-13
   outer loop
     vertex  3.559816e+00  5.712166e-01  9.987467e-01
     vertex  3.610852e+00  5.712166e-01  9.422144e-01
     vertex  3.561602e+00  5.712166e-01  1.000664e+00
   endloop
 endfacet
 facet normal -8.355823e-12 -1.000000e+00 -7.040613e-12
   outer loop
     vertex  3.559816e+00  5.712166e-01  9.987467e-01
     vertex  3.608659e+00  5.712166e-01  9.407798e-01
     vertex  3.610852e+00  5.712166e-01  9.422144e-01
   endloop
 endfacet
 facet normal -4.552684e-12 -1.000000e+00  2.961003e-12
   outer loop
     vertex  3.599800e+00  5.712166e-01  5.836552e-01
     vertex  3.601919e+00  5.712166e-01  5.821137e-01
     vertex  3.639106e+00  5.712166e-01  6.488898e-01
   endloop
 endfacet
 facet normal  9.474777e-12 -1.000000e+00 -5.491060e-12
   outer loop
     vertex  3.599800e+00  5.712166e-01  5.836552e-01
     vertex  3.639106e+00  5.712166e-01  6.488898e-01
     vertex  3.636680e+00  5.712166e-01  6.498794e-01
   endloop
 endfacet
 facet normal  3.050415e-12 -1.000000e+00  4.508977e-12
   outer loop
     vertex  3.498520e+00  5.712166e-01  1.043340e+00
     vertex  3.561602e+00  5.712166e-01  1.000664e+00
     vertex  3.499795e+00  5.712166e-01  1.045630e+00
   endloop
 endfacet
 facet normal  0.000000e+00 -1.000000e+00  0.000000e+00
   outer loop
     vertex  3.498520e+00  5.712166e-01  1.043340e+00
     vertex  3.559816e+00  5.712166e-01  9.987467e-01
     vertex  3.561602e+00  5.712166e-01  1.000664e+00
   endloop
 endfacet
 facet normal -3.998231e-12 -1.000000e+00  3.723124e-12
   outer loop
     vertex  3.548143e+00  5.712166e-01  5.281813e-01
     vertex  3.549832e+00  5.712166e-01  5.261775e-01
     vertex  3.601919e+00  5.712166e-01  5.821137e-01
   endloop
 endfacet
 facet normal -3.998231e-12 -1.000000e+00  3.723124e-12
   outer loop
     vertex  3.548143e+00  5.712166e-01  5.281813e-01
     vertex  3.601919e+00  5.712166e-01  5.821137e-01
     vertex  3.599800e+00  5.712166e-01  5.836552e-01
   endloop
 endfacet
 facet normal  2.244071e-12 -1.000000e+00  5.009331e-12
   outer loop
     vertex  3.428333e+00  5.712166e-01  1.071969e+00
     vertex  3.499795e+00  5.712166e-01  1.045630e+00
     vertex  3.429023e+00  5.712166e-01  1.074497e+00
   endloop
 endfacet
 facet normal  2.228382e-12 -1.000000e+00  4.966765e-12
   outer loop
     vertex  3.428333e+00  5.712166e-01  1.071969e+00
     vertex  3.498520e+00  5.712166e-01  1.043340e+00
     vertex  3.499795e+00  5.712166e-01  1.045630e+00
   endloop
 endfacet
 facet normal  2.823101e-12 -1.000000e+00 -4.654676e-12
   outer loop
     vertex  3.484712e+00  5.712166e-01  4.866817e-01
     vertex  3.485871e+00  5.712166e-01  4.843321e-01
     vertex  3.549832e+00  5.712166e-01  5.261775e-01
   endloop
 endfacet
 facet normal -2.846627e-12 -1.000000e+00  4.693465e-12
   outer loop
     vertex  3.484712e+00  5.712166e-01  4.866817e-01
     vertex  3.549832e+00  5.712166e-01  5.261775e-01
     vertex  3.548143e+00  5.712166e-01  5.281813e-01
   endloop
 endfacet
 facet normal -9.800513e-13 -1.000000e+00 -5.400811e-12
   outer loop
     vertex  3.353335e+00  5.712166e-01  1.082969e+00
     vertex  3.429023e+00  5.712166e-01  1.074497e+00
     vertex  3.353400e+00  5.712166e-01  1.085589e+00
   endloop
 endfacet
 facet normal  2.462530e-13 -1.000000e+00  5.554641e-12
   outer loop
     vertex  3.353335e+00  5.712166e-01  1.082969e+00
     vertex  3.428333e+00  5.712166e-01  1.071969e+00
     vertex  3.429023e+00  5.712166e-01  1.074497e+00
   endloop
 endfacet
 facet normal -1.444225e-12 -1.000000e+00  5.235330e-12
   outer loop
     vertex  3.413192e+00  5.712166e-01  4.615681e-01
     vertex  3.413756e+00  5.712166e-01  4.590093e-01
     vertex  3.485871e+00  5.712166e-01  4.843321e-01
   endloop
 endfacet
 facet normal  1.810036e-12 -1.000000e+00 -5.154733e-12
   outer loop
     vertex  3.413192e+00  5.712166e-01  4.615681e-01
     vertex  3.485871e+00  5.712166e-01  4.843321e-01
     vertex  3.484712e+00  5.712166e-01  4.866817e-01
   endloop
 endfacet
 facet normal -1.018205e-12 -1.000000e+00  1.643625e-11
   outer loop
     vertex  3.277319e+00  5.712166e-01  1.078260e+00
     vertex  3.277883e+00  5.712166e-01  1.075701e+00
     vertex  3.353335e+00  5.712166e-01  1.082969e+00
   endloop
 endfacet
 facet normal  3.365966e-13 -1.000000e+00 -5.433471e-12
   outer loop
     vertex  3.277319e+00  5.712166e-01  1.078260e+00
     vertex  3.353335e+00  5.712166e-01  1.082969e+00
     vertex  3.353400e+00  5.712166e-01  1.085589e+00
   endloop
 endfacet
 facet normal -8.896417e-13 -1.000000e+00  5.357519e-12
   outer loop
     vertex  3.337675e+00  5.712166e-01  4.516807e-01
     vertex  3.413756e+00  5.712166e-01  4.590093e-01
     vertex  3.413192e+00  5.712166e-01  4.615681e-01
   endloop
 endfacet
 facet normal  1.236457e-12 -1.000000e+00 -1.088092e-11
   outer loop
     vertex  3.337675e+00  5.712166e-01  4.516807e-01
     vertex  3.413192e+00  5.712166e-01  4.615681e-01
     vertex  3.337740e+00  5.712166e-01  4.543002e-01
   endloop
 endfacet
 facet normal -5.064297e-12 -1.000000e+00  1.554480e-11
   outer loop
     vertex  3.205203e+00  5.712166e-01  1.052937e+00
     vertex  3.277883e+00  5.712166e-01  1.075701e+00
     vertex  3.277319e+00  5.712166e-01  1.078260e+00
   endloop
 endfacet
 facet normal -1.810036e-12 -1.000000e+00  5.154733e-12
   outer loop
     vertex  3.205203e+00  5.712166e-01  1.052937e+00
     vertex  3.206363e+00  5.712166e-01  1.050588e+00
     vertex  3.277883e+00  5.712166e-01  1.075701e+00
   endloop
 endfacet
 facet normal -1.398399e-12 -1.000000e+00 -1.081555e-11
   outer loop
     vertex  3.262051e+00  5.712166e-01  4.627724e-01
     vertex  3.337675e+00  5.712166e-01  4.516807e-01
     vertex  3.337740e+00  5.712166e-01  4.543002e-01
   endloop
 endfacet
 facet normal  4.284409e-13 -1.000000e+00  5.504913e-12
   outer loop
     vertex  3.262051e+00  5.712166e-01  4.627724e-01
     vertex  3.337740e+00  5.712166e-01  4.543002e-01
     vertex  3.262741e+00  5.712166e-01  4.653002e-01
   endloop
 endfacet
 facet normal -3.668431e-12 -1.000000e+00  4.237414e-12
   outer loop
     vertex  3.142932e+00  5.712166e-01  1.009088e+00
     vertex  3.206363e+00  5.712166e-01  1.050588e+00
     vertex  3.205203e+00  5.712166e-01  1.052937e+00
   endloop
 endfacet
 facet normal  8.973143e-12 -1.000000e+00 -1.371533e-11
   outer loop
     vertex  3.141243e+00  5.712166e-01  1.011092e+00
     vertex  3.142932e+00  5.712166e-01  1.009088e+00
     vertex  3.205203e+00  5.712166e-01  1.052937e+00
   endloop
 endfacet
 facet normal  2.063389e-12 -1.000000e+00  5.058649e-12
   outer loop
     vertex  3.191280e+00  5.712166e-01  4.916397e-01
     vertex  3.262051e+00  5.712166e-01  4.627724e-01
     vertex  3.262741e+00  5.712166e-01  4.653002e-01
   endloop
 endfacet
 facet normal  5.860181e-12 -1.000000e+00  1.535971e-11
   outer loop
     vertex  3.191280e+00  5.712166e-01  4.916397e-01
     vertex  3.262741e+00  5.712166e-01  4.653002e-01
     vertex  3.192555e+00  5.712166e-01  4.939289e-01
   endloop
 endfacet
 facet normal  4.331537e-12 -1.000000e+00 -3.264980e-12
   outer loop
     vertex  3.089156e+00  5.712166e-01  9.551556e-01
     vertex  3.091275e+00  5.712166e-01  9.536141e-01
     vertex  3.142932e+00  5.712166e-01  1.009088e+00
   endloop
 endfacet
 facet normal  1.213792e-11 -1.000000e+00 -1.104869e-11
   outer loop
     vertex  3.089156e+00  5.712166e-01  9.551556e-01
     vertex  3.142932e+00  5.712166e-01  1.009088e+00
     vertex  3.141243e+00  5.712166e-01  1.011092e+00
   endloop
 endfacet
 facet normal  9.642134e-12 -1.000000e+00  1.325356e-11
   outer loop
     vertex  3.129473e+00  5.712166e-01  5.366049e-01
     vertex  3.191280e+00  5.712166e-01  4.916397e-01
     vertex  3.192555e+00  5.712166e-01  4.939289e-01
   endloop
 endfacet
 facet normal  4.146280e-13 -1.000000e+00 -3.860986e-13
   outer loop
     vertex  3.129473e+00  5.712166e-01  5.366049e-01
     vertex  3.192555e+00  5.712166e-01  4.939289e-01
     vertex  3.131259e+00  5.712166e-01  5.385226e-01
   endloop
 endfacet
 facet normal  4.995255e-12 -1.000000e+00 -2.352668e-12
   outer loop
     vertex  3.054395e+00  5.712166e-01  8.873898e-01
     vertex  3.091275e+00  5.712166e-01  9.536141e-01
     vertex  3.089156e+00  5.712166e-01  9.551556e-01
   endloop
 endfacet
 facet normal -9.616840e-12 -1.000000e+00  5.142775e-12
   outer loop
     vertex  3.051968e+00  5.712166e-01  8.883795e-01
     vertex  3.054395e+00  5.712166e-01  8.873898e-01
     vertex  3.089156e+00  5.712166e-01  9.551556e-01
   endloop
 endfacet
 facet normal -4.112014e-13 -1.000000e+00  3.829078e-13
   outer loop
     vertex  3.080223e+00  5.712166e-01  5.950549e-01
     vertex  3.129473e+00  5.712166e-01  5.366049e-01
     vertex  3.131259e+00  5.712166e-01  5.385226e-01
   endloop
 endfacet
 facet normal -1.253374e-11 -1.000000e+00 -1.056092e-11
   outer loop
     vertex  3.080223e+00  5.712166e-01  5.950549e-01
     vertex  3.131259e+00  5.712166e-01  5.385226e-01
     vertex  3.082416e+00  5.712166e-01  5.964894e-01
   endloop
 endfacet
 facet normal -1.061170e-11 -1.000000e+00  2.703764e-12
   outer loop
     vertex  3.031842e+00  5.712166e-01  8.146442e-01
     vertex  3.054395e+00  5.712166e-01  8.873898e-01
     vertex  3.051968e+00  5.712166e-01  8.883795e-01
   endloop
 endfacet
 facet normal -5.325291e-12 -1.000000e+00  1.064884e-12
   outer loop
     vertex  3.031842e+00  5.712166e-01  8.146442e-01
     vertex  3.034435e+00  5.712166e-01  8.142640e-01
     vertex  3.054395e+00  5.712166e-01  8.873898e-01
   endloop
 endfacet
 facet normal -1.438930e-11 -1.000000e+00 -7.724707e-12
   outer loop
     vertex  3.046392e+00  5.712166e-01  6.635927e-01
     vertex  3.080223e+00  5.712166e-01  5.950549e-01
     vertex  3.082416e+00  5.712166e-01  5.964894e-01
   endloop
 endfacet
 facet normal  0.000000e+00 -1.000000e+00  0.000000e+00
   outer loop
     vertex  3.046392e+00  5.712166e-01  6.635927e-01
     vertex  3.082416e+00  5.712166e-01  5.964894e-01
     vertex  3.048865e+00  5.712166e-01  6.644608e-01
   endloop
 endfacet
 facet normal  1.061633e-11 -1.000000e+00  2.914957e-12
   outer loop
     vertex  3.029947e+00  5.712166e-01  7.382351e-01
     vertex  3.048865e+00  5.712166e-01  6.644608e-01
     vertex  3.032555e+00  5.712166e-01  7.384863e-01
   endloop
 endfacet
 facet normal  1.095943e-11 -1.000000e+00 -6.469269e-13
   outer loop
     vertex  3.029947e+00  5.712166e-01  7.382351e-01
     vertex  3.032555e+00  5.712166e-01  7.384863e-01
     vertex  3.034435e+00  5.712166e-01  8.142640e-01
   endloop
 endfacet
 facet normal -5.434427e-12 -1.000000e+00  3.207902e-13
   outer loop
     vertex  3.029947e+00  5.712166e-01  7.382351e-01
     vertex  3.034435e+00  5.712166e-01  8.142640e-01
     vertex  3.031842e+00  5.712166e-01  8.146442e-01
   endloop
 endfacet
 facet normal -6.205154e-14 -1.000000e+00  1.767143e-13
   outer loop
     vertex  3.029947e+00  5.712166e-01  7.382351e-01
     vertex  3.046392e+00  5.712166e-01  6.635927e-01
     vertex  3.048865e+00  5.712166e-01  6.644608e-01
   endloop
 endfacet
 facet normal  8.605542e-01 -1.725561e-01 -4.792399e-01
   outer loop
     vertex  3.668221e+00  7.493942e-01  6.370143e-01
     vertex  3.639106e+00  5.712166e-01  6.488898e-01
     vertex  3.601919e+00  5.712166e-01  5.821137e-01
   endloop
 endfacet
 facet normal  8.605542e-01 -1.725561e-01 -4.792399e-01
   outer loop
     vertex  3.668221e+00  7.493942e-01  6.370143e-01
     vertex  3.601919e+00  5.712166e-01  5.821137e-01
     vertex  3.627345e+00  7.493942e-01  5.636158e-01
   endloop
 endfacet
 facet normal  9.502377e-01 -1.725561e-01 -2.593700e-01
   outer loop
     vertex  3.690343e+00  7.493942e-01  7.180621e-01
     vertex  3.659233e+00  5.712166e-01  7.226250e-01
     vertex  3.639106e+00  5.712166e-01  6.488898e-01
   endloop
 endfacet
 facet normal  9.502377e-01 -1.725561e-01 -2.593700e-01
   outer loop
     vertex  3.690343e+00  7.493942e-01  7.180621e-01
     vertex  3.639106e+00  5.712166e-01  6.488898e-01
     vertex  3.668221e+00  7.493942e-01  6.370143e-01
   endloop
 endfacet
 facet normal  9.846968e-01 -1.725561e-01 -2.442640e-02
   outer loop
     vertex  3.692426e+00  7.493942e-01  8.020490e-01
     vertex  3.661128e+00  5.712166e-01  7.990342e-01
     vertex  3.659233e+00  5.712166e-01  7.226250e-01
   endloop
 endfacet
 facet normal  9.846968e-01 -1.725561e-01 -2.442640e-02
   outer loop
     vertex  3.692426e+00  7.493942e-01  8.020490e-01
     vertex  3.659233e+00  5.712166e-01  7.226250e-01
     vertex  3.690343e+00  7.493942e-01  7.180621e-01
   endloop
 endfacet
 facet normal  7.532538e-01 -1.725561e-01  6.346913e-01
   outer loop
     vertex  3.583030e+00  7.493942e-01  1.023676e+00
     vertex  3.561602e+00  5.712166e-01  1.000664e+00
     vertex  3.610852e+00  5.712166e-01  9.422144e-01
   endloop
 endfacet
 facet normal  7.532538e-01 -1.725561e-01  6.346913e-01
   outer loop
     vertex  3.583030e+00  7.493942e-01  1.023676e+00
     vertex  3.610852e+00  5.712166e-01  9.422144e-01
     vertex  3.637164e+00  7.493942e-01  9.594289e-01
   endloop
 endfacet
 facet normal  5.794741e-01 -1.725561e-01  7.965138e-01
   outer loop
     vertex  3.515093e+00  7.493942e-01  1.073100e+00
     vertex  3.499795e+00  5.712166e-01  1.045630e+00
     vertex  3.561602e+00  5.712166e-01  1.000664e+00
   endloop
 endfacet
 facet normal  5.794741e-01 -1.725561e-01  7.965138e-01
   outer loop
     vertex  3.515093e+00  7.493942e-01  1.073100e+00
     vertex  3.561602e+00  5.712166e-01  1.000664e+00
     vertex  3.583030e+00  7.493942e-01  1.023676e+00
   endloop
 endfacet
 facet normal  3.720174e-01 -1.725561e-01  9.120458e-01
   outer loop
     vertex  3.437303e+00  7.493942e-01  1.104830e+00
     vertex  3.429023e+00  5.712166e-01  1.074497e+00
     vertex  3.499795e+00  5.712166e-01  1.045630e+00
   endloop
 endfacet
 facet normal  3.720174e-01 -1.725561e-01  9.120458e-01
   outer loop
     vertex  3.437303e+00  7.493942e-01  1.104830e+00
     vertex  3.499795e+00  5.712166e-01  1.045630e+00
     vertex  3.515093e+00  7.493942e-01  1.073100e+00
   endloop
 endfacet
 facet normal -3.263392e-01 -1.725561e-01  9.293692e-01
   outer loop
     vertex  3.191286e+00  7.493942e-01  1.081132e+00
     vertex  3.205203e+00  5.712166e-01  1.052937e+00
     vertex  3.277319e+00  5.712166e-01  1.078260e+00
   endloop
 endfacet
 facet normal -3.263392e-01 -1.725561e-01  9.293692e-01
   outer loop
     vertex  3.191286e+00  7.493942e-01  1.081132e+00
     vertex  3.277319e+00  5.712166e-01  1.078260e+00
     vertex  3.270554e+00  7.493942e-01  1.108967e+00
   endloop
 endfacet
 facet normal -5.392690e-01 -1.725561e-01  8.242653e-01
   outer loop
     vertex  3.120983e+00  7.493942e-01  1.035137e+00
     vertex  3.141243e+00  5.712166e-01  1.011092e+00
     vertex  3.205203e+00  5.712166e-01  1.052937e+00
   endloop
 endfacet
 facet normal -5.392690e-01 -1.725561e-01  8.242653e-01
   outer loop
     vertex  3.120983e+00  7.493942e-01  1.035137e+00
     vertex  3.205203e+00  5.712166e-01  1.052937e+00
     vertex  3.191286e+00  7.493942e-01  1.081132e+00
   endloop
 endfacet
 facet normal -7.208584e-01 -1.725561e-01  6.712582e-01
   outer loop
     vertex  3.063729e+00  7.493942e-01  9.736535e-01
     vertex  3.089156e+00  5.712166e-01  9.551556e-01
     vertex  3.141243e+00  5.712166e-01  1.011092e+00
   endloop
 endfacet
 facet normal -7.208584e-01 -1.725561e-01  6.712582e-01
   outer loop
     vertex  3.063729e+00  7.493942e-01  9.736535e-01
     vertex  3.141243e+00  5.712166e-01  1.011092e+00
     vertex  3.120983e+00  7.493942e-01  1.035137e+00
   endloop
 endfacet
 facet normal  7.611350e-01 -5.286977e-01  3.757024e-01
   outer loop
     vertex  3.663543e+00  5.932176e-01  8.664278e-01
     vertex  3.610852e+00  5.712166e-01  9.422144e-01
     vertex  3.644682e+00  5.712166e-01  8.736766e-01
   endloop
 endfacet
 facet normal  7.751633e-01 -6.082380e-01  1.707877e-01
   outer loop
     vertex  3.663543e+00  5.932176e-01  8.664278e-01
     vertex  3.644682e+00  5.712166e-01  8.736766e-01
     vertex  3.661128e+00  5.712166e-01  7.990342e-01
   endloop
 endfacet
 facet normal  9.761159e-01 -3.075595e-02  2.150625e-01
   outer loop
     vertex  3.674429e+00  6.517995e-01  8.697756e-01
     vertex  3.692426e+00  7.493942e-01  8.020490e-01
     vertex  3.674350e+00  7.493942e-01  8.840940e-01
   endloop
 endfacet
 facet normal  8.948655e-01 -6.407469e-02  4.417128e-01
   outer loop
     vertex  3.674429e+00  6.517995e-01  8.697756e-01
     vertex  3.674350e+00  7.493942e-01  8.840940e-01
     vertex  3.637164e+00  7.493942e-01  9.594289e-01
   endloop
 endfacet
 facet normal  9.848130e-01 -1.731949e-01  1.211776e-02
   outer loop
     vertex  3.674429e+00  6.517995e-01  8.697756e-01
     vertex  3.661128e+00  5.712166e-01  7.990342e-01
     vertex  3.692426e+00  7.493942e-01  8.020490e-01
   endloop
 endfacet
 facet normal  8.278861e-01 -1.737811e-01  5.332961e-01
   outer loop
     vertex  3.674429e+00  6.517995e-01  8.697756e-01
     vertex  3.637164e+00  7.493942e-01  9.594289e-01
     vertex  3.610852e+00  5.712166e-01  9.422144e-01
   endloop
 endfacet
 facet normal  9.826072e-01 -1.840234e-01  2.486755e-02
   outer loop
     vertex  3.674429e+00  6.517995e-01  8.697756e-01
     vertex  3.663543e+00  5.932176e-01  8.664278e-01
     vertex  3.661128e+00  5.712166e-01  7.990342e-01
   endloop
 endfacet
 facet normal  8.312588e-01 -1.844446e-01  5.243939e-01
   outer loop
     vertex  3.674429e+00  6.517995e-01  8.697756e-01
     vertex  3.610852e+00  5.712166e-01  9.422144e-01
     vertex  3.663543e+00  5.932176e-01  8.664278e-01
   endloop
 endfacet
 facet normal -7.610681e-02 -6.082380e-01  7.900976e-01
   outer loop
     vertex  3.340697e+00  5.932176e-01  1.101302e+00
     vertex  3.277319e+00  5.712166e-01  1.078260e+00
     vertex  3.353400e+00  5.712166e-01  1.085589e+00
   endloop
 endfacet
 facet normal  1.231769e-01 -5.286977e-01  8.398251e-01
   outer loop
     vertex  3.340697e+00  5.932176e-01  1.101302e+00
     vertex  3.353400e+00  5.712166e-01  1.085589e+00
     vertex  3.429023e+00  5.712166e-01  1.074497e+00
   endloop
 endfacet
 facet normal  1.448190e-01 -6.407469e-02  9.873813e-01
   outer loop
     vertex  3.340532e+00  6.517995e-01  1.112690e+00
     vertex  3.437303e+00  7.493942e-01  1.104830e+00
     vertex  3.354179e+00  7.493942e-01  1.117022e+00
   endloop
 endfacet
 facet normal -9.583667e-02 -3.075595e-02  9.949218e-01
   outer loop
     vertex  3.340532e+00  6.517995e-01  1.112690e+00
     vertex  3.354179e+00  7.493942e-01  1.117022e+00
     vertex  3.270554e+00  7.493942e-01  1.108967e+00
   endloop
 endfacet
 facet normal -2.787954e-01 -1.840234e-01  9.425542e-01
   outer loop
     vertex  3.340532e+00  6.517995e-01  1.112690e+00
     vertex  3.277319e+00  5.712166e-01  1.078260e+00
     vertex  3.340697e+00  5.932176e-01  1.101302e+00
   endloop
 endfacet
 facet normal  2.430645e-01 -1.844446e-01  9.523129e-01
   outer loop
     vertex  3.340532e+00  6.517995e-01  1.112690e+00
     vertex  3.340697e+00  5.932176e-01  1.101302e+00
     vertex  3.429023e+00  5.712166e-01  1.074497e+00
   endloop
 endfacet
 facet normal  2.525726e-01 -1.737811e-01  9.518441e-01
   outer loop
     vertex  3.340532e+00  6.517995e-01  1.112690e+00
     vertex  3.429023e+00  5.712166e-01  1.074497e+00
     vertex  3.437303e+00  7.493942e-01  1.104830e+00
   endloop
 endfacet
 facet normal -2.916051e-01 -1.731949e-01  9.407284e-01
   outer loop
     vertex  3.340532e+00  6.517995e-01  1.112690e+00
     vertex  3.270554e+00  7.493942e-01  1.108967e+00
     vertex  3.277319e+00  5.712166e-01  1.078260e+00
   endloop
 endfacet
 facet normal  8.605542e-01  1.725561e-01 -4.792399e-01
   outer loop
     vertex  3.639106e+00  9.275718e-01  6.488898e-01
     vertex  3.668221e+00  7.493942e-01  6.370143e-01
     vertex  3.627345e+00  7.493942e-01  5.636158e-01
   endloop
 endfacet
 facet normal  9.502377e-01  1.725561e-01 -2.593700e-01
   outer loop
     vertex  3.639106e+00  9.275718e-01  6.488898e-01
     vertex  3.690343e+00  7.493942e-01  7.180621e-01
     vertex  3.668221e+00  7.493942e-01  6.370143e-01
   endloop
 endfacet
 facet normal  8.605542e-01  1.725561e-01 -4.792399e-01
   outer loop
     vertex  3.639106e+00  9.275718e-01  6.488898e-01
     vertex  3.627345e+00  7.493942e-01  5.636158e-01
     vertex  3.601919e+00  9.275718e-01  5.821137e-01
   endloop
 endfacet
 facet normal  9.846968e-01  1.725561e-01 -2.442640e-02
   outer loop
     vertex  3.659233e+00  9.275718e-01  7.226250e-01
     vertex  3.692426e+00  7.493942e-01  8.020490e-01
     vertex  3.690343e+00  7.493942e-01  7.180621e-01
   endloop
 endfacet
 facet normal  9.502377e-01  1.725561e-01 -2.593700e-01
   outer loop
     vertex  3.659233e+00  9.275718e-01  7.226250e-01
     vertex  3.690343e+00  7.493942e-01  7.180621e-01
     vertex  3.639106e+00  9.275718e-01  6.488898e-01
   endloop
 endfacet
 facet normal  9.846968e-01  1.725561e-01 -2.442640e-02
   outer loop
     vertex  3.661128e+00  9.275718e-01  7.990342e-01
     vertex  3.692426e+00  7.493942e-01  8.020490e-01
     vertex  3.659233e+00  9.275718e-01  7.226250e-01
   endloop
 endfacet
 facet normal  7.532538e-01  1.725561e-01  6.346913e-01
   outer loop
     vertex  3.561602e+00  9.275718e-01  1.000664e+00
     vertex  3.583030e+00  7.493942e-01  1.023676e+00
     vertex  3.637164e+00  7.493942e-01  9.594289e-01
   endloop
 endfacet
 facet normal  7.532538e-01  1.725561e-01  6.346913e-01
   outer loop
     vertex  3.561602e+00  9.275718e-01  1.000664e+00
     vertex  3.637164e+00  7.493942e-01  9.594289e-01
     vertex  3.610852e+00  9.275718e-01  9.422144e-01
   endloop
 endfacet
 facet normal  5.794741e-01  1.725561e-01  7.965138e-01
   outer loop
     vertex  3.499795e+00  9.275718e-01  1.045630e+00
     vertex  3.515093e+00  7.493942e-01  1.073100e+00
     vertex  3.583030e+00  7.493942e-01  1.023676e+00
   endloop
 endfacet
 facet normal  5.794741e-01  1.725561e-01  7.965138e-01
   outer loop
     vertex  3.499795e+00  9.275718e-01  1.045630e+00
     vertex  3.583030e+00  7.493942e-01  1.023676e+00
     vertex  3.561602e+00  9.275718e-01  1.000664e+00
   endloop
 endfacet
 facet normal  3.720174e-01  1.725561e-01  9.120458e-01
   outer loop
     vertex  3.429023e+00  9.275718e-01  1.074497e+00
     vertex  3.437303e+00  7.493942e-01  1.104830e+00
     vertex  3.515093e+00  7.493942e-01  1.073100e+00
   endloop
 endfacet
 facet normal  3.720174e-01  1.725561e-01  9.120458e-01
   outer loop
     vertex  3.429023e+00  9.275718e-01  1.074497e+00
     vertex  3.515093e+00  7.493942e-01  1.073100e+00
     vertex  3.499795e+00  9.275718e-01  1.045630e+00
   endloop
 endfacet
 facet normal -3.263392e-01  1.725561e-01  9.293692e-01
   outer loop
     vertex  3.277319e+00  9.275718e-01  1.078260e+00
     vertex  3.191286e+00  7.493942e-01  1.081132e+00
     vertex  3.270554e+00  7.493942e-01  1.108967e+00
   endloop
 endfacet
 facet normal -5.392690e-01  1.725561e-01  8.242653e-01
   outer loop
     vertex  3.205203e+00  9.275718e-01  1.052937e+00
     vertex  3.120983e+00  7.493942e-01  1.035137e+00
     vertex  3.191286e+00  7.493942e-01  1.081132e+00
   endloop
 endfacet
 facet normal -3.263392e-01  1.725561e-01  9.293692e-01
   outer loop
     vertex  3.205203e+00  9.275718e-01  1.052937e+00
     vertex  3.191286e+00  7.493942e-01  1.081132e+00
     vertex  3.277319e+00  9.275718e-01  1.078260e+00
   endloop
 endfacet
 facet normal -7.208584e-01  1.725561e-01  6.712582e-01
   outer loop
     vertex  3.141243e+00  9.275718e-01  1.011092e+00
     vertex  3.063729e+00  7.493942e-01  9.736535e-01
     vertex  3.120983e+00  7.493942e-01  1.035137e+00
   endloop
 endfacet
 facet normal -5.392690e-01  1.725561e-01  8.242653e-01
   outer loop
     vertex  3.141243e+00  9.275718e-01  1.011092e+00
     vertex  3.120983e+00  7.493942e-01  1.035137e+00
     vertex  3.205203e+00  9.275718e-01  1.052937e+00
   endloop
 endfacet
 facet normal -7.208584e-01  1.725561e-01  6.712582e-01
   outer loop
     vertex  3.089156e+00  9.275718e-01  9.551556e-01
     vertex  3.063729e+00  7.493942e-01  9.736535e-01
     vertex  3.141243e+00  9.275718e-01  1.011092e+00
   endloop
 endfacet
 facet normal  9.761159e-01  3.075595e-02  2.150625e-01
   outer loop
     vertex  3.674429e+00  8.469889e-01  8.697756e-01
     vertex  3.674350e+00  7.493942e-01  8.840940e-01
     vertex  3.692426e+00  7.493942e-01  8.020490e-01
   endloop
 endfacet
 facet normal  8.948655e-01  6.407469e-02  4.417128e-01
   outer loop
     vertex  3.674429e+00  8.469889e-01  8.697756e-01
     vertex  3.637164e+00  7.493942e-01  9.594289e-01
     vertex  3.674350e+00  7.493942e-01  8.840940e-01
   endloop
 endfacet
 facet normal  7.611350e-01  5.286977e-01  3.757024e-01
   outer loop
     vertex  3.663543e+00  9.055708e-01  8.664278e-01
     vertex  3.644682e+00  9.275718e-01  8.736766e-01
     vertex  3.610852e+00  9.275718e-01  9.422144e-01
   endloop
 endfacet
 facet normal  7.751633e-01  6.082380e-01  1.707877e-01
   outer loop
     vertex  3.663543e+00  9.055708e-01  8.664278e-01
     vertex  3.661128e+00  9.275718e-01  7.990342e-01
     vertex  3.644682e+00  9.275718e-01  8.736766e-01
   endloop
 endfacet
 facet normal  9.831850e-01  1.826027e-01 -1.871670e-03
   outer loop
     vertex  3.663543e+00  9.055708e-01  8.664278e-01
     vertex  3.674429e+00  8.469889e-01  8.697756e-01
     vertex  3.692426e+00  7.493942e-01  8.020490e-01
   endloop
 endfacet
 facet normal  8.208403e-01  1.834514e-01  5.408944e-01
   outer loop
     vertex  3.663543e+00  9.055708e-01  8.664278e-01
     vertex  3.637164e+00  7.493942e-01  9.594289e-01
     vertex  3.674429e+00  8.469889e-01  8.697756e-01
   endloop
 endfacet
 facet normal  9.846354e-01  1.733190e-01  2.130037e-02
   outer loop
     vertex  3.663543e+00  9.055708e-01  8.664278e-01
     vertex  3.692426e+00  7.493942e-01  8.020490e-01
     vertex  3.661128e+00  9.275718e-01  7.990342e-01
   endloop
 endfacet
 facet normal  8.314943e-01  1.737691e-01  5.276567e-01
   outer loop
     vertex  3.663543e+00  9.055708e-01  8.664278e-01
     vertex  3.610852e+00  9.275718e-01  9.422144e-01
     vertex  3.637164e+00  7.493942e-01  9.594289e-01
   endloop
 endfacet
 facet normal  1.448190e-01  6.407469e-02  9.873813e-01
   outer loop
     vertex  3.340532e+00  8.469889e-01  1.112690e+00
     vertex  3.354179e+00  7.493942e-01  1.117022e+00
     vertex  3.437303e+00  7.493942e-01  1.104830e+00
   endloop
 endfacet
 facet normal -9.583667e-02  3.075595e-02  9.949218e-01
   outer loop
     vertex  3.340532e+00  8.469889e-01  1.112690e+00
     vertex  3.270554e+00  7.493942e-01  1.108967e+00
     vertex  3.354179e+00  7.493942e-01  1.117022e+00
   endloop
 endfacet
 facet normal -7.610681e-02  6.082380e-01  7.900976e-01
   outer loop
     vertex  3.340697e+00  9.055708e-01  1.101302e+00
     vertex  3.353400e+00  9.275718e-01  1.085589e+00
     vertex  3.277319e+00  9.275718e-01  1.078260e+00
   endloop
 endfacet
 facet normal  1.231769e-01  5.286977e-01  8.398251e-01
   outer loop
     vertex  3.340697e+00  9.055708e-01  1.101302e+00
     vertex  3.429023e+00  9.275718e-01  1.074497e+00
     vertex  3.353400e+00  9.275718e-01  1.085589e+00
   endloop
 endfacet
 facet normal  2.460964e-01  1.737691e-01  9.535412e-01
   outer loop
     vertex  3.340697e+00  9.055708e-01  1.101302e+00
     vertex  3.437303e+00  7.493942e-01  1.104830e+00
     vertex  3.429023e+00  9.275718e-01  1.074497e+00
   endloop
 endfacet
 facet normal -2.828137e-01  1.733190e-01  9.433859e-01
   outer loop
     vertex  3.340697e+00  9.055708e-01  1.101302e+00
     vertex  3.277319e+00  9.275718e-01  1.078260e+00
     vertex  3.270554e+00  7.493942e-01  1.108967e+00
   endloop
 endfacet
 facet normal -3.044142e-01  1.826027e-01  9.348734e-01
   outer loop
     vertex  3.340697e+00  9.055708e-01  1.101302e+00
     vertex  3.270554e+00  7.493942e-01  1.108967e+00
     vertex  3.340532e+00  8.469889e-01  1.112690e+00
   endloop
 endfacet
 facet normal  2.619707e-01  1.834514e-01  9.474793e-01
   outer loop
     vertex  3.340697e+00  9.055708e-01  1.101302e+00
     vertex  3.340532e+00  8.469889e-01  1.112690e+00
     vertex  3.437303e+00  7.493942e-01  1.104830e+00
   endloop
 endfacet
 facet normal -7.399045e-03 -1.725561e-01 -9.849719e-01
   outer loop
     vertex  3.304958e+00 -9.275718e-01  4.541909e-01
     vertex  3.300933e+00 -7.493942e-01  4.230063e-01
     vertex  3.384944e+00 -7.493942e-01  4.223753e-01
   endloop
 endfacet
 facet normal -7.399045e-03 -1.725561e-01 -9.849719e-01
   outer loop
     vertex  3.304958e+00 -9.275718e-01  4.541909e-01
     vertex  3.384944e+00 -7.493942e-01  4.223753e-01
     vertex  3.381388e+00 -9.275718e-01  4.536167e-01
   endloop
 endfacet
 facet normal -2.429032e-01 -1.725561e-01 -9.545797e-01
   outer loop
     vertex  3.230886e+00 -9.275718e-01  4.730393e-01
     vertex  3.219515e+00 -7.493942e-01  4.437241e-01
     vertex  3.300933e+00 -7.493942e-01  4.230063e-01
   endloop
 endfacet
 facet normal -2.429032e-01 -1.725561e-01 -9.545797e-01
   outer loop
     vertex  3.230886e+00 -9.275718e-01  4.730393e-01
     vertex  3.300933e+00 -7.493942e-01  4.230063e-01
     vertex  3.304958e+00 -9.275718e-01  4.541909e-01
   endloop
 endfacet
 facet normal -4.642908e-01 -1.725561e-01 -8.687108e-01
   outer loop
     vertex  3.163477e+00 -9.275718e-01  5.090667e-01
     vertex  3.145421e+00 -7.493942e-01  4.833244e-01
     vertex  3.219515e+00 -7.493942e-01  4.437241e-01
   endloop
 endfacet
 facet normal -4.642908e-01 -1.725561e-01 -8.687108e-01
   outer loop
     vertex  3.163477e+00 -9.275718e-01  5.090667e-01
     vertex  3.219515e+00 -7.493942e-01  4.437241e-01
     vertex  3.230886e+00 -9.275718e-01  4.730393e-01
   endloop
 endfacet
 facet normal -9.235885e-01 -1.725561e-01 -3.423576e-01
   outer loop
     vertex  3.037138e+00 -9.275718e-01  6.950738e-01
     vertex  3.006553e+00 -7.493942e-01  6.877785e-01
     vertex  3.035753e+00 -7.493942e-01  6.090037e-01
   endloop
 endfacet
 facet normal -9.235885e-01 -1.725561e-01 -3.423576e-01
   outer loop
     vertex  3.037138e+00 -9.275718e-01  6.950738e-01
     vertex  3.035753e+00 -7.493942e-01  6.090037e-01
     vertex  3.063703e+00 -9.275718e-01  6.234065e-01
   endloop
 endfacet
 facet normal -9.786822e-01 -1.725561e-01 -1.113801e-01
   outer loop
     vertex  3.028495e+00 -9.275718e-01  7.710162e-01
     vertex  2.997053e+00 -7.493942e-01  7.712524e-01
     vertex  3.006553e+00 -7.493942e-01  6.877785e-01
   endloop
 endfacet
 facet normal -9.786822e-01 -1.725561e-01 -1.113801e-01
   outer loop
     vertex  3.028495e+00 -9.275718e-01  7.710162e-01
     vertex  3.006553e+00 -7.493942e-01  6.877785e-01
     vertex  3.037138e+00 -9.275718e-01  6.950738e-01
   endloop
 endfacet
 facet normal -9.768985e-01 -1.725561e-01  1.260703e-01
   outer loop
     vertex  3.038278e+00 -9.275718e-01  8.468203e-01
     vertex  3.007806e+00 -7.493942e-01  8.545742e-01
     vertex  2.997053e+00 -7.493942e-01  7.712524e-01
   endloop
 endfacet
 facet normal -9.768985e-01 -1.725561e-01  1.260703e-01
   outer loop
     vertex  3.038278e+00 -9.275718e-01  8.468203e-01
     vertex  2.997053e+00 -7.493942e-01  7.712524e-01
     vertex  3.028495e+00 -9.275718e-01  7.710162e-01
   endloop
 endfacet
 facet normal -6.476189e-01 -1.725561e-01  7.421685e-01
   outer loop
     vertex  3.167397e+00 -9.275718e-01  1.030908e+00
     vertex  3.149730e+00 -7.493942e-01  1.056919e+00
     vertex  3.086429e+00 -7.493942e-01  1.001682e+00
   endloop
 endfacet
 facet normal -6.476189e-01 -1.725561e-01  7.421685e-01
   outer loop
     vertex  3.167397e+00 -9.275718e-01  1.030908e+00
     vertex  3.086429e+00 -7.493942e-01  1.001682e+00
     vertex  3.109807e+00 -9.275718e-01  9.806553e-01
   endloop
 endfacet
 facet normal -4.511877e-01 -1.725561e-01  8.755878e-01
   outer loop
     vertex  3.235339e+00 -9.275718e-01  1.065919e+00
     vertex  3.224411e+00 -7.493942e-01  1.095402e+00
     vertex  3.149730e+00 -7.493942e-01  1.056919e+00
   endloop
 endfacet
 facet normal -4.511877e-01 -1.725561e-01  8.755878e-01
   outer loop
     vertex  3.235339e+00 -9.275718e-01  1.065919e+00
     vertex  3.149730e+00 -7.493942e-01  1.056919e+00
     vertex  3.167397e+00 -9.275718e-01  1.030908e+00
   endloop
 endfacet
 facet normal -2.285352e-01 -1.725561e-01  9.581211e-01
   outer loop
     vertex  3.309686e+00 -9.275718e-01  1.083653e+00
     vertex  3.306131e+00 -7.493942e-01  1.114894e+00
     vertex  3.224411e+00 -7.493942e-01  1.095402e+00
   endloop
 endfacet
 facet normal -2.285352e-01 -1.725561e-01  9.581211e-01
   outer loop
     vertex  3.309686e+00 -9.275718e-01  1.083653e+00
     vertex  3.224411e+00 -7.493942e-01  1.095402e+00
     vertex  3.235339e+00 -9.275718e-01  1.065919e+00
   endloop
 endfacet
 facet normal -6.684102e-01 -3.075595e-02 -7.431567e-01
   outer loop
     vertex  3.095374e+00 -8.469889e-01  5.323765e-01
     vertex  3.082957e+00 -7.493942e-01  5.395060e-01
     vertex  3.145421e+00 -7.493942e-01  4.833244e-01
   endloop
 endfacet
 facet normal -8.255279e-01 -6.407469e-02 -5.607121e-01
   outer loop
     vertex  3.095374e+00 -8.469889e-01  5.323765e-01
     vertex  3.035753e+00 -7.493942e-01  6.090037e-01
     vertex  3.082957e+00 -7.493942e-01  5.395060e-01
   endloop
 endfacet
 facet normal -7.021594e-01 -5.286977e-01 -4.769182e-01
   outer loop
     vertex  3.103655e+00 -9.055708e-01  5.401968e-01
     vertex  3.106648e+00 -9.275718e-01  5.601793e-01
     vertex  3.063703e+00 -9.275718e-01  6.234065e-01
   endloop
 endfacet
 facet normal -5.308048e-01 -6.082380e-01 -5.901633e-01
   outer loop
     vertex  3.103655e+00 -9.055708e-01  5.401968e-01
     vertex  3.163477e+00 -9.275718e-01  5.090667e-01
     vertex  3.106648e+00 -9.275718e-01  5.601793e-01
   endloop
 endfacet
 facet normal -4.831675e-01 -1.826027e-01 -8.562741e-01
   outer loop
     vertex  3.103655e+00 -9.055708e-01  5.401968e-01
     vertex  3.095374e+00 -8.469889e-01  5.323765e-01
     vertex  3.145421e+00 -7.493942e-01  4.833244e-01
   endloop
 endfacet
 facet normal -8.753130e-01 -1.834514e-01 -4.474066e-01
   outer loop
     vertex  3.103655e+00 -9.055708e-01  5.401968e-01
     vertex  3.035753e+00 -7.493942e-01  6.090037e-01
     vertex  3.095374e+00 -8.469889e-01  5.323765e-01
   endloop
 endfacet
 facet normal -5.040419e-01 -1.733190e-01 -8.461101e-01
   outer loop
     vertex  3.103655e+00 -9.055708e-01  5.401968e-01
     vertex  3.145421e+00 -7.493942e-01  4.833244e-01
     vertex  3.163477e+00 -9.275718e-01  5.090667e-01
   endloop
 endfacet
 facet normal -8.690499e-01 -1.737691e-01 -4.632026e-01
   outer loop
     vertex  3.103655e+00 -9.055708e-01  5.401968e-01
     vertex  3.063703e+00 -9.275718e-01  6.234065e-01
     vertex  3.035753e+00 -7.493942e-01  6.090037e-01
   endloop
 endfacet
 facet normal -9.304103e-01 -6.407469e-02  3.608754e-01
   outer loop
     vertex  3.048684e+00 -8.469889e-01  9.426389e-01
     vertex  3.038186e+00 -7.493942e-01  9.329015e-01
     vertex  3.007806e+00 -7.493942e-01  8.545742e-01
   endloop
 endfacet
 facet normal -8.183062e-01 -3.075595e-02  5.739591e-01
   outer loop
     vertex  3.048684e+00 -8.469889e-01  9.426389e-01
     vertex  3.086429e+00 -7.493942e-01  1.001682e+00
     vertex  3.038186e+00 -7.493942e-01  9.329015e-01
   endloop
 endfacet
 facet normal -6.498418e-01 -6.082380e-01  4.557983e-01
   outer loop
     vertex  3.058510e+00 -9.055708e-01  9.368792e-01
     vertex  3.065917e+00 -9.275718e-01  9.180804e-01
     vertex  3.109807e+00 -9.275718e-01  9.806553e-01
   endloop
 endfacet
 facet normal -7.913679e-01 -5.286977e-01  3.069454e-01
   outer loop
     vertex  3.058510e+00 -9.055708e-01  9.368792e-01
     vertex  3.038278e+00 -9.275718e-01  8.468203e-01
     vertex  3.065917e+00 -9.275718e-01  9.180804e-01
   endloop
 endfacet
 facet normal -9.509087e-01 -1.737691e-01  2.560800e-01
   outer loop
     vertex  3.058510e+00 -9.055708e-01  9.368792e-01
     vertex  3.007806e+00 -7.493942e-01  8.545742e-01
     vertex  3.038278e+00 -9.275718e-01  8.468203e-01
   endloop
 endfacet
 facet normal -6.812751e-01 -1.733190e-01  7.112136e-01
   outer loop
     vertex  3.058510e+00 -9.055708e-01  9.368792e-01
     vertex  3.109807e+00 -9.275718e-01  9.806553e-01
     vertex  3.086429e+00 -7.493942e-01  1.001682e+00
   endloop
 endfacet
 facet normal -6.632184e-01 -1.826027e-01  7.258083e-01
   outer loop
     vertex  3.058510e+00 -9.055708e-01  9.368792e-01
     vertex  3.086429e+00 -7.493942e-01  1.001682e+00
     vertex  3.048684e+00 -8.469889e-01  9.426389e-01
   endloop
 endfacet
 facet normal -9.534623e-01 -1.834514e-01  2.392805e-01
   outer loop
     vertex  3.058510e+00 -9.055708e-01  9.368792e-01
     vertex  3.048684e+00 -8.469889e-01  9.426389e-01
     vertex  3.007806e+00 -7.493942e-01  8.545742e-01
   endloop
 endfacet
 facet normal -7.399045e-03  1.725561e-01 -9.849719e-01
   outer loop
     vertex  3.300933e+00 -7.493942e-01  4.230063e-01
     vertex  3.304958e+00 -5.712166e-01  4.541909e-01
     vertex  3.381388e+00 -5.712166e-01  4.536167e-01
   endloop
 endfacet
 facet normal -7.399045e-03  1.725561e-01 -9.849719e-01
   outer loop
     vertex  3.300933e+00 -7.493942e-01  4.230063e-01
     vertex  3.381388e+00 -5.712166e-01  4.536167e-01
     vertex  3.384944e+00 -7.493942e-01  4.223753e-01
   endloop
 endfacet
 facet normal -2.429032e-01  1.725561e-01 -9.545797e-01
   outer loop
     vertex  3.219515e+00 -7.493942e-01  4.437241e-01
     vertex  3.230886e+00 -5.712166e-01  4.730393e-01
     vertex  3.304958e+00 -5.712166e-01  4.541909e-01
   endloop
 endfacet
 facet normal -2.429032e-01  1.725561e-01 -9.545797e-01
   outer loop
     vertex  3.219515e+00 -7.493942e-01  4.437241e-01
     vertex  3.304958e+00 -5.712166e-01  4.541909e-01
     vertex  3.300933e+00 -7.493942e-01  4.230063e-01
   endloop
 endfacet
 facet normal -4.642908e-01  1.725561e-01 -8.687108e-01
   outer loop
     vertex  3.145421e+00 -7.493942e-01  4.833244e-01
     vertex  3.163477e+00 -5.712166e-01  5.090667e-01
     vertex  3.230886e+00 -5.712166e-01  4.730393e-01
   endloop
 endfacet
 facet normal -4.642908e-01  1.725561e-01 -8.687108e-01
   outer loop
     vertex  3.145421e+00 -7.493942e-01  4.833244e-01
     vertex  3.230886e+00 -5.712166e-01  4.730393e-01
     vertex  3.219515e+00 -7.493942e-01  4.437241e-01
   endloop
 endfacet
 facet normal -9.235885e-01  1.725561e-01 -3.423576e-01
   outer loop
     vertex  3.006553e+00 -7.493942e-01  6.877785e-01
     vertex  3.037138e+00 -5.712166e-01  6.950738e-01
     vertex  3.063703e+00 -5.712166e-01  6.234065e-01
   endloop
 endfacet
 facet normal -9.235885e-01  1.725561e-01 -3.423576e-01
   outer loop
     vertex  3.006553e+00 -7.493942e-01  6.877785e-01
     vertex  3.063703e+00 -5.712166e-01  6.234065e-01
     vertex  3.035753e+00 -7.493942e-01  6.090037e-01
   endloop
 endfacet
 facet normal -9.786822e-01  1.725561e-01 -1.113801e-01
   outer loop
     vertex  2.997053e+00 -7.493942e-01  7.712524e-01
     vertex  3.028495e+00 -5.712166e-01  7.710162e-01
     vertex  3.037138e+00 -5.712166e-01  6.950738e-01
   endloop
 endfacet
 facet normal -9.786822e-01  1.725561e-01 -1.113801e-01
   outer loop
     vertex  2.997053e+00 -7.493942e-01  7.712524e-01
     vertex  3.037138e+00 -5.712166e-01  6.950738e-01
     vertex  3.006553e+00 -7.493942e-01  6.877785e-01
   endloop
 endfacet
 facet normal -9.768985e-01  1.725561e-01  1.260703e-01
   outer loop
     vertex  3.007806e+00 -7.493942e-01  8.545742e-01
     vertex  3.038278e+00 -5.712166e-01  8.468203e-01
     vertex  3.028495e+00 -5.712166e-01  7.710162e-01
   endloop
 endfacet
 facet normal -9.768985e-01  1.725561e-01  1.260703e-01
   outer loop
     vertex  3.007806e+00 -7.493942e-01  8.545742e-01
     vertex  3.028495e+00 -5.712166e-01  7.710162e-01
     vertex  2.997053e+00 -7.493942e-01  7.712524e-01
   endloop
 endfacet
 facet normal -6.476189e-01  1.725561e-01  7.421685e-01
   outer loop
     vertex  3.149730e+00 -7.493942e-01  1.056919e+00
     vertex  3.167397e+00 -5.712166e-01  1.030908e+00
     vertex  3.109807e+00 -5.712166e-01  9.806553e-01
   endloop
 endfacet
 facet normal -6.476189e-01  1.725561e-01  7.421685e-01
   outer loop
     vertex  3.149730e+00 -7.493942e-01  1.056919e+00
     vertex  3.109807e+00 -5.712166e-01  9.806553e-01
     vertex  3.086429e+00 -7.493942e-01  1.001682e+00
   endloop
 endfacet
 facet normal -2.285352e-01  1.725561e-01  9.581211e-01
   outer loop
     vertex  3.224411e+00 -7.493942e-01  1.095402e+00
     vertex  3.309686e+00 -5.712166e-01  1.083653e+00
     vertex  3.235339e+00 -5.712166e-01  1.065919e+00
   endloop
 endfacet
 facet normal -4.511877e-01  1.725561e-01  8.755878e-01
   outer loop
     vertex  3.224411e+00 -7.493942e-01  1.095402e+00
     vertex  3.235339e+00 -5.712166e-01  1.065919e+00
     vertex  3.167397e+00 -5.712166e-01  1.030908e+00
   endloop
 endfacet
 facet normal -4.511877e-01  1.725561e-01  8.755878e-01
   outer loop
     vertex  3.224411e+00 -7.493942e-01  1.095402e+00
     vertex  3.167397e+00 -5.712166e-01  1.030908e+00
     vertex  3.149730e+00 -7.493942e-01  1.056919e+00
   endloop
 endfacet
 facet normal -2.285352e-01  1.725561e-01  9.581211e-01
   outer loop
     vertex  3.306131e+00 -7.493942e-01  1.114894e+00
     vertex  3.309686e+00 -5.712166e-01  1.083653e+00
     vertex  3.224411e+00 -7.493942e-01  1.095402e+00
   endloop
 endfacet
 facet normal -7.021594e-01  5.286977e-01 -4.769182e-01
   outer loop
     vertex  3.103655e+00 -5.932176e-01  5.401968e-01
     vertex  3.063703e+00 -5.712166e-01  6.234065e-01
     vertex  3.106648e+00 -5.712166e-01  5.601793e-01
   endloop
 endfacet
 facet normal -5.308048e-01  6.082380e-01 -5.901633e-01
   outer loop
     vertex  3.103655e+00 -5.932176e-01  5.401968e-01
     vertex  3.106648e+00 -5.712166e-01  5.601793e-01
     vertex  3.163477e+00 -5.712166e-01  5.090667e-01
   endloop
 endfacet
 facet normal -6.684102e-01  3.075595e-02 -7.431567e-01
   outer loop
     vertex  3.095374e+00 -6.517995e-01  5.323765e-01
     vertex  3.145421e+00 -7.493942e-01  4.833244e-01
     vertex  3.082957e+00 -7.493942e-01  5.395060e-01
   endloop
 endfacet
 facet normal -8.255279e-01  6.407469e-02 -5.607121e-01
   outer loop
     vertex  3.095374e+00 -6.517995e-01  5.323765e-01
     vertex  3.082957e+00 -7.493942e-01  5.395060e-01
     vertex  3.035753e+00 -7.493942e-01  6.090037e-01
   endloop
 endfacet
 facet normal -4.961408e-01  1.731949e-01 -8.507925e-01
   outer loop
     vertex  3.095374e+00 -6.517995e-01  5.323765e-01
     vertex  3.163477e+00 -5.712166e-01  5.090667e-01
     vertex  3.145421e+00 -7.493942e-01  4.833244e-01
   endloop
 endfacet
 facet normal -8.721769e-01  1.737811e-01 -4.572829e-01
   outer loop
     vertex  3.095374e+00 -6.517995e-01  5.323765e-01
     vertex  3.035753e+00 -7.493942e-01  6.090037e-01
     vertex  3.063703e+00 -5.712166e-01  6.234065e-01
   endloop
 endfacet
 facet normal -5.061452e-01  1.840234e-01 -8.425867e-01
   outer loop
     vertex  3.095374e+00 -6.517995e-01  5.323765e-01
     vertex  3.103655e+00 -5.932176e-01  5.401968e-01
     vertex  3.163477e+00 -5.712166e-01  5.090667e-01
   endloop
 endfacet
 facet normal -8.660952e-01  1.844446e-01 -4.646066e-01
   outer loop
     vertex  3.095374e+00 -6.517995e-01  5.323765e-01
     vertex  3.063703e+00 -5.712166e-01  6.234065e-01
     vertex  3.103655e+00 -5.932176e-01  5.401968e-01
   endloop
 endfacet
 facet normal -6.498418e-01  6.082380e-01  4.557983e-01
   outer loop
     vertex  3.058510e+00 -5.932176e-01  9.368792e-01
     vertex  3.109807e+00 -5.712166e-01  9.806553e-01
     vertex  3.065917e+00 -5.712166e-01  9.180804e-01
   endloop
 endfacet
 facet normal -7.913679e-01  5.286977e-01  3.069454e-01
   outer loop
     vertex  3.058510e+00 -5.932176e-01  9.368792e-01
     vertex  3.065917e+00 -5.712166e-01  9.180804e-01
     vertex  3.038278e+00 -5.712166e-01  8.468203e-01
   endloop
 endfacet
 facet normal -9.304103e-01  6.407469e-02  3.608754e-01
   outer loop
     vertex  3.048684e+00 -6.517995e-01  9.426389e-01
     vertex  3.007806e+00 -7.493942e-01  8.545742e-01
     vertex  3.038186e+00 -7.493942e-01  9.329015e-01
   endloop
 endfacet
 facet normal -8.183062e-01  3.075595e-02  5.739591e-01
   outer loop
     vertex  3.048684e+00 -6.517995e-01  9.426389e-01
     vertex  3.038186e+00 -7.493942e-01  9.329015e-01
     vertex  3.086429e+00 -7.493942e-01  1.001682e+00
   endloop
 endfacet
 facet normal -6.825329e-01  1.840234e-01  7.073077e-01
   outer loop
     vertex  3.048684e+00 -6.517995e-01  9.426389e-01
     vertex  3.109807e+00 -5.712166e-01  9.806553e-01
     vertex  3.058510e+00 -5.932176e-01  9.368792e-01
   endloop
 endfacet
 facet normal -9.483451e-01  1.844446e-01  2.581120e-01
   outer loop
     vertex  3.048684e+00 -6.517995e-01  9.426389e-01
     vertex  3.058510e+00 -5.932176e-01  9.368792e-01
     vertex  3.038278e+00 -5.712166e-01  8.468203e-01
   endloop
 endfacet
 facet normal -9.526256e-01  1.737811e-01  2.496090e-01
   outer loop
     vertex  3.048684e+00 -6.517995e-01  9.426389e-01
     vertex  3.038278e+00 -5.712166e-01  8.468203e-01
     vertex  3.007806e+00 -7.493942e-01  8.545742e-01
   endloop
 endfacet
 facet normal -6.746282e-01  1.731949e-01  7.175517e-01
   outer loop
     vertex  3.048684e+00 -6.517995e-01  9.426389e-01
     vertex  3.086429e+00 -7.493942e-01  1.001682e+00
     vertex  3.109807e+00 -5.712166e-01  9.806553e-01
   endloop
 endfacet
 facet normal -5.186697e-02 -9.854097e-01  1.621037e-01
   outer loop
     vertex  3.236250e+00 -9.275718e-01  1.063462e+00
     vertex  3.250285e+00 -9.485339e-01  9.405266e-01
     vertex  3.323316e+00 -9.485339e-01  9.638937e-01
   endloop
 endfacet
 facet normal -4.089948e-02 -9.843402e-01  1.714688e-01
   outer loop
     vertex  3.236250e+00 -9.275718e-01  1.063462e+00
     vertex  3.323316e+00 -9.485339e-01  9.638937e-01
     vertex  3.309983e+00 -9.275718e-01  1.081049e+00
   endloop
 endfacet
 facet normal -1.112283e-01 -9.850667e-01  1.314222e-01
   outer loop
     vertex  3.168869e+00 -9.275718e-01  1.028741e+00
     vertex  3.191755e+00 -9.485339e-01  8.909905e-01
     vertex  3.250285e+00 -9.485339e-01  9.405266e-01
   endloop
 endfacet
 facet normal -8.165390e-02 -9.839833e-01  1.584599e-01
   outer loop
     vertex  3.168869e+00 -9.275718e-01  1.028741e+00
     vertex  3.250285e+00 -9.485339e-01  9.405266e-01
     vertex  3.236250e+00 -9.275718e-01  1.063462e+00
   endloop
 endfacet
 facet normal -1.142112e-01 -9.847968e-01  1.308855e-01
   outer loop
     vertex  3.111755e+00 -9.275718e-01  9.789031e-01
     vertex  3.191755e+00 -9.485339e-01  8.909905e-01
     vertex  3.168869e+00 -9.275718e-01  1.028741e+00
   endloop
 endfacet
 facet normal -1.703946e-01 -9.852739e-01  1.418061e-02
   outer loop
     vertex  3.031115e+00 -9.275718e-01  7.709965e-01
     vertex  3.150278e+00 -9.485339e-01  7.464129e-01
     vertex  3.156638e+00 -9.485339e-01  8.228269e-01
   endloop
 endfacet
 facet normal -1.736727e-01 -9.845484e-01  2.241274e-02
   outer loop
     vertex  3.031115e+00 -9.275718e-01  7.709965e-01
     vertex  3.156638e+00 -9.485339e-01  8.228269e-01
     vertex  3.040817e+00 -9.275718e-01  8.461741e-01
   endloop
 endfacet
 facet normal -1.628508e-01 -9.852739e-01 -5.210603e-02
   outer loop
     vertex  3.039686e+00 -9.275718e-01  6.956817e-01
     vertex  3.173645e+00 -9.485339e-01  6.733821e-01
     vertex  3.150278e+00 -9.485339e-01  7.464129e-01
   endloop
 endfacet
 facet normal -1.772504e-01 -9.839590e-01 -2.017220e-02
   outer loop
     vertex  3.039686e+00 -9.275718e-01  6.956817e-01
     vertex  3.150278e+00 -9.485339e-01  7.464129e-01
     vertex  3.031115e+00 -9.275718e-01  7.709965e-01
   endloop
 endfacet
 facet normal -1.641952e-01 -9.845484e-01 -6.086422e-02
   outer loop
     vertex  3.066033e+00 -9.275718e-01  6.246067e-01
     vertex  3.173645e+00 -9.485339e-01  6.733821e-01
     vertex  3.039686e+00 -9.275718e-01  6.956817e-01
   endloop
 endfacet
 facet normal -7.885304e-02 -9.850667e-01 -1.530546e-01
   outer loop
     vertex  3.231833e+00 -9.275718e-01  4.754823e-01
     vertex  3.291345e+00 -9.485339e-01  5.797349e-01
     vertex  3.223181e+00 -9.485339e-01  6.148525e-01
   endloop
 endfacet
 facet normal -8.188024e-02 -9.847968e-01 -1.532019e-01
   outer loop
     vertex  3.231833e+00 -9.275718e-01  4.754823e-01
     vertex  3.223181e+00 -9.485339e-01  6.148525e-01
     vertex  3.164981e+00 -9.275718e-01  5.112119e-01
   endloop
 endfacet
 facet normal -1.411555e-02 -9.854097e-01 -1.696129e-01
   outer loop
     vertex  3.305293e+00 -9.275718e-01  4.567896e-01
     vertex  3.367759e+00 -9.485339e-01  5.733756e-01
     vertex  3.291345e+00 -9.485339e-01  5.797349e-01
   endloop
 endfacet
 facet normal -4.395952e-02 -9.839833e-01 -1.727555e-01
   outer loop
     vertex  3.305293e+00 -9.275718e-01  4.567896e-01
     vertex  3.291345e+00 -9.485339e-01  5.797349e-01
     vertex  3.231833e+00 -9.275718e-01  4.754823e-01
   endloop
 endfacet
 facet normal -1.324160e-03 -9.843402e-01 -1.762741e-01
   outer loop
     vertex  3.381092e+00 -9.275718e-01  4.562202e-01
     vertex  3.367759e+00 -9.485339e-01  5.733756e-01
     vertex  3.305293e+00 -9.275718e-01  4.567896e-01
   endloop
 endfacet
 facet normal  1.601098e-01 -9.836466e-01 -8.248782e-02
   outer loop
     vertex  3.146331e+00 -9.554589e-01  8.854016e-01
     vertex  3.156638e+00 -9.485339e-01  8.228269e-01
     vertex  3.191755e+00 -9.485339e-01  8.909905e-01
   endloop
 endfacet
 facet normal  1.042797e-01 -9.418415e-01  3.194690e-01
   outer loop
     vertex  3.146331e+00 -9.554589e-01  8.854016e-01
     vertex  3.191755e+00 -9.485339e-01  8.909905e-01
     vertex  3.111755e+00 -9.275718e-01  9.789031e-01
   endloop
 endfacet
 facet normal -2.037277e-01 -9.688536e-01 -1.407755e-01
   outer loop
     vertex  3.146331e+00 -9.554589e-01  8.854016e-01
     vertex  3.040817e+00 -9.275718e-01  8.461741e-01
     vertex  3.156638e+00 -9.485339e-01  8.228269e-01
   endloop
 endfacet
 facet normal -3.715267e-01 -8.911013e-01  2.605884e-01
   outer loop
     vertex  3.109287e+00 -9.475358e-01  9.071157e-01
     vertex  3.111755e+00 -9.275718e-01  9.789031e-01
     vertex  3.068228e+00 -9.275718e-01  9.168453e-01
   endloop
 endfacet
 facet normal -4.018193e-01 -9.023587e-01  1.558524e-01
   outer loop
     vertex  3.109287e+00 -9.475358e-01  9.071157e-01
     vertex  3.068228e+00 -9.275718e-01  9.168453e-01
     vertex  3.040817e+00 -9.275718e-01  8.461741e-01
   endloop
 endfacet
 facet normal -4.796491e-02 -9.619023e-01  2.691530e-01
   outer loop
     vertex  3.109287e+00 -9.475358e-01  9.071157e-01
     vertex  3.146331e+00 -9.554589e-01  8.854016e-01
     vertex  3.111755e+00 -9.275718e-01  9.789031e-01
   endloop
 endfacet
 facet normal -2.374047e-01 -9.700683e-01 -5.105413e-02
   outer loop
     vertex  3.109287e+00 -9.475358e-01  9.071157e-01
     vertex  3.040817e+00 -9.275718e-01  8.461741e-01
     vertex  3.146331e+00 -9.554589e-01  8.854016e-01
   endloop
 endfacet
 facet normal  1.374802e-01 -9.836466e-01  1.163554e-01
   outer loop
     vertex  3.177663e+00 -9.554589e-01  6.100917e-01
     vertex  3.223181e+00 -9.485339e-01  6.148525e-01
     vertex  3.173645e+00 -9.485339e-01  6.733821e-01
   endloop
 endfacet
 facet normal -2.301504e-01 -9.688536e-01  9.139745e-02
   outer loop
     vertex  3.177663e+00 -9.554589e-01  6.100917e-01
     vertex  3.173645e+00 -9.485339e-01  6.733821e-01
     vertex  3.066033e+00 -9.275718e-01  6.246067e-01
   endloop
 endfacet
 facet normal  1.733984e-01 -9.418415e-01 -2.878675e-01
   outer loop
     vertex  3.177663e+00 -9.554589e-01  6.100917e-01
     vertex  3.164981e+00 -9.275718e-01  5.112119e-01
     vertex  3.223181e+00 -9.485339e-01  6.148525e-01
   endloop
 endfacet
 facet normal -3.565234e-01 -9.023587e-01 -2.421566e-01
   outer loop
     vertex  3.146445e+00 -9.475358e-01  5.806089e-01
     vertex  3.066033e+00 -9.275718e-01  6.246067e-01
     vertex  3.108623e+00 -9.275718e-01  5.619020e-01
   endloop
 endfacet
 facet normal -3.034710e-01 -8.911013e-01 -3.374074e-01
   outer loop
     vertex  3.146445e+00 -9.475358e-01  5.806089e-01
     vertex  3.108623e+00 -9.275718e-01  5.619020e-01
     vertex  3.164981e+00 -9.275718e-01  5.112119e-01
   endloop
 endfacet
 facet normal -2.428057e-01 -9.700683e-01 -3.596811e-03
   outer loop
     vertex  3.146445e+00 -9.475358e-01  5.806089e-01
     vertex  3.177663e+00 -9.554589e-01  6.100917e-01
     vertex  3.066033e+00 -9.275718e-01  6.246067e-01
   endloop
 endfacet
 facet normal  1.374094e-02 -9.619023e-01 -2.730479e-01
   outer loop
     vertex  3.146445e+00 -9.475358e-01  5.806089e-01
     vertex  3.164981e+00 -9.275718e-01  5.112119e-01
     vertex  3.177663e+00 -9.554589e-01  6.100917e-01
   endloop
 endfacet
 facet normal -2.580769e-02  9.937944e-01  1.081973e-01
   outer loop
     vertex  3.323316e+00 -5.581153e-01  9.638937e-01
     vertex  3.236250e+00 -5.712166e-01  1.063462e+00
     vertex  3.309983e+00 -5.712166e-01  1.081049e+00
   endloop
 endfacet
 facet normal -5.153509e-02  9.936509e-01  1.000105e-01
   outer loop
     vertex  3.250285e+00 -5.581153e-01  9.405266e-01
     vertex  3.168869e+00 -5.712166e-01  1.028741e+00
     vertex  3.236250e+00 -5.712166e-01  1.063462e+00
   endloop
 endfacet
 facet normal -3.270681e-02  9.942239e-01  1.022210e-01
   outer loop
     vertex  3.250285e+00 -5.581153e-01  9.405266e-01
     vertex  3.236250e+00 -5.712166e-01  1.063462e+00
     vertex  3.323316e+00 -5.581153e-01  9.638937e-01
   endloop
 endfacet
 facet normal -7.204746e-02  9.939779e-01  8.256608e-02
   outer loop
     vertex  3.191755e+00 -5.581153e-01  8.909905e-01
     vertex  3.111755e+00 -5.712166e-01  9.789031e-01
     vertex  3.168869e+00 -5.712166e-01  1.028741e+00
   endloop
 endfacet
 facet normal -7.015419e-02  9.940863e-01  8.289094e-02
   outer loop
     vertex  3.191755e+00 -5.581153e-01  8.909905e-01
     vertex  3.168869e+00 -5.712166e-01  1.028741e+00
     vertex  3.250285e+00 -5.581153e-01  9.405266e-01
   endloop
 endfacet
 facet normal -1.095740e-01  9.938780e-01  1.414070e-02
   outer loop
     vertex  3.156638e+00 -5.581153e-01  8.228269e-01
     vertex  3.031115e+00 -5.712166e-01  7.709965e-01
     vertex  3.040817e+00 -5.712166e-01  8.461741e-01
   endloop
 endfacet
 facet normal -1.118716e-01  9.936411e-01 -1.273168e-02
   outer loop
     vertex  3.150278e+00 -5.581153e-01  7.464129e-01
     vertex  3.039686e+00 -5.712166e-01  6.956817e-01
     vertex  3.031115e+00 -5.712166e-01  7.709965e-01
   endloop
 endfacet
 facet normal -1.074582e-01  9.941694e-01  8.942902e-03
   outer loop
     vertex  3.150278e+00 -5.581153e-01  7.464129e-01
     vertex  3.031115e+00 -5.712166e-01  7.709965e-01
     vertex  3.156638e+00 -5.581153e-01  8.228269e-01
   endloop
 endfacet
 facet normal -1.035945e-01  9.938780e-01 -3.840061e-02
   outer loop
     vertex  3.173645e+00 -5.581153e-01  6.733821e-01
     vertex  3.066033e+00 -5.712166e-01  6.246067e-01
     vertex  3.039686e+00 -5.712166e-01  6.956817e-01
   endloop
 endfacet
 facet normal -1.027007e-01  9.941694e-01 -3.286029e-02
   outer loop
     vertex  3.173645e+00 -5.581153e-01  6.733821e-01
     vertex  3.039686e+00 -5.712166e-01  6.956817e-01
     vertex  3.150278e+00 -5.581153e-01  7.464129e-01
   endloop
 endfacet
 facet normal -5.165225e-02  9.939779e-01 -9.664388e-02
   outer loop
     vertex  3.223181e+00 -5.581153e-01  6.148525e-01
     vertex  3.231833e+00 -5.712166e-01  4.754823e-01
     vertex  3.164981e+00 -5.712166e-01  5.112119e-01
   endloop
 endfacet
 facet normal -2.774464e-02  9.936509e-01 -1.090330e-01
   outer loop
     vertex  3.291345e+00 -5.581153e-01  5.797349e-01
     vertex  3.305293e+00 -5.712166e-01  4.567896e-01
     vertex  3.231833e+00 -5.712166e-01  4.754823e-01
   endloop
 endfacet
 facet normal -4.973440e-02  9.940863e-01 -9.653501e-02
   outer loop
     vertex  3.291345e+00 -5.581153e-01  5.797349e-01
     vertex  3.231833e+00 -5.712166e-01  4.754823e-01
     vertex  3.223181e+00 -5.581153e-01  6.148525e-01
   endloop
 endfacet
 facet normal -8.355486e-04  9.937944e-01 -1.112295e-01
   outer loop
     vertex  3.367759e+00 -5.581153e-01  5.733756e-01
     vertex  3.381092e+00 -5.712166e-01  4.562202e-01
     vertex  3.305293e+00 -5.712166e-01  4.567896e-01
   endloop
 endfacet
 facet normal -8.901134e-03  9.942239e-01 -1.069563e-01
   outer loop
     vertex  3.367759e+00 -5.581153e-01  5.733756e-01
     vertex  3.305293e+00 -5.712166e-01  4.567896e-01
     vertex  3.291345e+00 -5.581153e-01  5.797349e-01
   endloop
 endfacet
 facet normal -3.451355e-01  9.067965e-01  2.420777e-01
   outer loop
     vertex  3.108029e+00 -5.536674e-01  9.078531e-01
     vertex  3.068228e+00 -5.712166e-01  9.168453e-01
     vertex  3.111755e+00 -5.712166e-01  9.789031e-01
   endloop
 endfacet
 facet normal -3.717730e-01  9.170560e-01  1.441984e-01
   outer loop
     vertex  3.108029e+00 -5.536674e-01  9.078531e-01
     vertex  3.040817e+00 -5.712166e-01  8.461741e-01
     vertex  3.068228e+00 -5.712166e-01  9.168453e-01
   endloop
 endfacet
 facet normal  2.028430e-01  9.736189e-01 -1.045038e-01
   outer loop
     vertex  3.145050e+00 -5.489040e-01  8.861528e-01
     vertex  3.191755e+00 -5.581153e-01  8.909905e-01
     vertex  3.156638e+00 -5.581153e-01  8.228269e-01
   endloop
 endfacet
 facet normal  1.517726e-02  9.708976e-01  2.390134e-01
   outer loop
     vertex  3.145050e+00 -5.489040e-01  8.861528e-01
     vertex  3.108029e+00 -5.536674e-01  9.078531e-01
     vertex  3.111755e+00 -5.712166e-01  9.789031e-01
   endloop
 endfacet
 facet normal -1.767645e-01  9.804587e-01 -8.634296e-02
   outer loop
     vertex  3.145050e+00 -5.489040e-01  8.861528e-01
     vertex  3.040817e+00 -5.712166e-01  8.461741e-01
     vertex  3.108029e+00 -5.536674e-01  9.078531e-01
   endloop
 endfacet
 facet normal  1.571351e-01  9.458750e-01  2.839527e-01
   outer loop
     vertex  3.145050e+00 -5.489040e-01  8.861528e-01
     vertex  3.111755e+00 -5.712166e-01  9.789031e-01
     vertex  3.191755e+00 -5.581153e-01  8.909905e-01
   endloop
 endfacet
 facet normal -1.442174e-01  9.751406e-01 -1.682323e-01
   outer loop
     vertex  3.145050e+00 -5.489040e-01  8.861528e-01
     vertex  3.156638e+00 -5.581153e-01  8.228269e-01
     vertex  3.040817e+00 -5.712166e-01  8.461741e-01
   endloop
 endfacet
 facet normal -3.298641e-01  9.170560e-01 -2.240491e-01
   outer loop
     vertex  3.145385e+00 -5.536674e-01  5.796076e-01
     vertex  3.108623e+00 -5.712166e-01  5.619020e-01
     vertex  3.066033e+00 -5.712166e-01  6.246067e-01
   endloop
 endfacet
 facet normal -2.819142e-01  9.067965e-01 -3.134399e-01
   outer loop
     vertex  3.145385e+00 -5.536674e-01  5.796076e-01
     vertex  3.164981e+00 -5.712166e-01  5.112119e-01
     vertex  3.108623e+00 -5.712166e-01  5.619020e-01
   endloop
 endfacet
 facet normal  1.741735e-01  9.736189e-01  1.474106e-01
   outer loop
     vertex  3.176583e+00 -5.489040e-01  6.090717e-01
     vertex  3.173645e+00 -5.581153e-01  6.733821e-01
     vertex  3.223181e+00 -5.581153e-01  6.148525e-01
   endloop
 endfacet
 facet normal  6.849598e-02  9.708976e-01 -2.294909e-01
   outer loop
     vertex  3.176583e+00 -5.489040e-01  6.090717e-01
     vertex  3.164981e+00 -5.712166e-01  5.112119e-01
     vertex  3.145385e+00 -5.536674e-01  5.796076e-01
   endloop
 endfacet
 facet normal -1.783315e-01  9.751406e-01  1.315242e-01
   outer loop
     vertex  3.176583e+00 -5.489040e-01  6.090717e-01
     vertex  3.066033e+00 -5.712166e-01  6.246067e-01
     vertex  3.173645e+00 -5.581153e-01  6.733821e-01
   endloop
 endfacet
 facet normal  2.169215e-01  9.458750e-01 -2.413827e-01
   outer loop
     vertex  3.176583e+00 -5.489040e-01  6.090717e-01
     vertex  3.223181e+00 -5.581153e-01  6.148525e-01
     vertex  3.164981e+00 -5.712166e-01  5.112119e-01
   endloop
 endfacet
 facet normal -1.916457e-01  9.804587e-01  4.441558e-02
   outer loop
     vertex  3.176583e+00 -5.489040e-01  6.090717e-01
     vertex  3.145385e+00 -5.536674e-01  5.796076e-01
     vertex  3.066033e+00 -5.712166e-01  6.246067e-01
   endloop
 endfacet
 facet normal -3.047427e-01  0.000000e+00  9.524347e-01
   outer loop
     vertex  3.440790e+00 -9.485339e-01  5.967427e-01
     vertex  3.367759e+00 -8.723602e-01  5.733756e-01
     vertex  3.367759e+00 -9.485339e-01  5.733756e-01
   endloop
 endfacet
 facet normal -3.047427e-01  0.000000e+00  9.524347e-01
   outer loop
     vertex  3.440790e+00 -9.485339e-01  5.967427e-01
     vertex  3.440790e+00 -8.723602e-01  5.967427e-01
     vertex  3.367759e+00 -8.723602e-01  5.733756e-01
   endloop
 endfacet
 facet normal -6.460265e-01  0.000000e+00  7.633150e-01
   outer loop
     vertex  3.499319e+00 -9.485339e-01  6.462788e-01
     vertex  3.499319e+00 -8.723602e-01  6.462788e-01
     vertex  3.440790e+00 -8.723602e-01  5.967427e-01
   endloop
 endfacet
 facet normal -6.460265e-01  0.000000e+00  7.633150e-01
   outer loop
     vertex  3.499319e+00 -9.485339e-01  6.462788e-01
     vertex  3.440790e+00 -8.723602e-01  5.967427e-01
     vertex  3.440790e+00 -9.485339e-01  5.967427e-01
   endloop
 endfacet
 facet normal -8.889587e-01  0.000000e+00  4.579874e-01
   outer loop
     vertex  3.534437e+00 -9.485339e-01  7.144424e-01
     vertex  3.534437e+00 -8.723602e-01  7.144424e-01
     vertex  3.499319e+00 -8.723602e-01  6.462788e-01
   endloop
 endfacet
 facet normal -8.889587e-01  0.000000e+00  4.579874e-01
   outer loop
     vertex  3.534437e+00 -9.485339e-01  7.144424e-01
     vertex  3.499319e+00 -8.723602e-01  6.462788e-01
     vertex  3.499319e+00 -9.485339e-01  6.462788e-01
   endloop
 endfacet
 facet normal -9.965549e-01  0.000000e+00  8.293548e-02
   outer loop
     vertex  3.540796e+00 -9.485339e-01  7.908563e-01
     vertex  3.540796e+00 -8.723602e-01  7.908563e-01
     vertex  3.534437e+00 -8.723602e-01  7.144424e-01
   endloop
 endfacet
 facet normal -9.965549e-01  0.000000e+00  8.293548e-02
   outer loop
     vertex  3.540796e+00 -9.485339e-01  7.908563e-01
     vertex  3.534437e+00 -8.723602e-01  7.144424e-01
     vertex  3.534437e+00 -9.485339e-01  7.144424e-01
   endloop
 endfacet
 facet normal -9.524347e-01 -1.137046e-13 -3.047427e-01
   outer loop
     vertex  3.517429e+00 -9.485339e-01  8.638872e-01
     vertex  3.517429e+00 -8.723602e-01  8.638872e-01
     vertex  3.540796e+00 -8.723602e-01  7.908563e-01
   endloop
 endfacet
 facet normal -9.524347e-01  0.000000e+00 -3.047427e-01
   outer loop
     vertex  3.517429e+00 -9.485339e-01  8.638872e-01
     vertex  3.540796e+00 -8.723602e-01  7.908563e-01
     vertex  3.540796e+00 -9.485339e-01  7.908563e-01
   endloop
 endfacet
 facet normal -7.633150e-01  0.000000e+00 -6.460265e-01
   outer loop
     vertex  3.467893e+00 -9.485339e-01  9.224167e-01
     vertex  3.467893e+00 -8.723602e-01  9.224167e-01
     vertex  3.517429e+00 -8.723602e-01  8.638872e-01
   endloop
 endfacet
 facet normal -7.633150e-01 -2.410140e-13 -6.460265e-01
   outer loop
     vertex  3.467893e+00 -9.485339e-01  9.224167e-01
     vertex  3.517429e+00 -8.723602e-01  8.638872e-01
     vertex  3.517429e+00 -9.485339e-01  8.638872e-01
   endloop
 endfacet
 facet normal -4.579874e-01  3.316855e-13 -8.889587e-01
   outer loop
     vertex  3.399730e+00 -9.485339e-01  9.575343e-01
     vertex  3.399730e+00 -8.723602e-01  9.575343e-01
     vertex  3.467893e+00 -8.723602e-01  9.224167e-01
   endloop
 endfacet
 facet normal -4.579874e-01  0.000000e+00 -8.889587e-01
   outer loop
     vertex  3.399730e+00 -9.485339e-01  9.575343e-01
     vertex  3.467893e+00 -8.723602e-01  9.224167e-01
     vertex  3.467893e+00 -9.485339e-01  9.224167e-01
   endloop
 endfacet
 facet normal -8.293548e-02  0.000000e+00 -9.965549e-01
   outer loop
     vertex  3.323316e+00 -9.485339e-01  9.638937e-01
     vertex  3.323316e+00 -8.723602e-01  9.638937e-01
     vertex  3.399730e+00 -8.723602e-01  9.575343e-01
   endloop
 endfacet
 facet normal -8.293548e-02  3.718324e-13 -9.965549e-01
   outer loop
     vertex  3.323316e+00 -9.485339e-01  9.638937e-01
     vertex  3.399730e+00 -8.723602e-01  9.575343e-01
     vertex  3.399730e+00 -9.485339e-01  9.575343e-01
   endloop
 endfacet
 facet normal -2.175657e-01 -7.002145e-01  6.799741e-01
   outer loop
     vertex  3.440790e+00 -8.723602e-01  5.967427e-01
     vertex  3.364796e+00 -8.461576e-01  5.994101e-01
     vertex  3.367759e+00 -8.723602e-01  5.733756e-01
   endloop
 endfacet
 facet normal -2.277095e-01 -7.264224e-01  6.484280e-01
   outer loop
     vertex  3.440790e+00 -8.723602e-01  5.967427e-01
     vertex  3.436313e+00 -8.461576e-01  6.245247e-01
     vertex  3.364796e+00 -8.461576e-01  5.994101e-01
   endloop
 endfacet
 facet normal -4.724536e-01 -7.446960e-01  4.713974e-01
   outer loop
     vertex  3.499319e+00 -8.723602e-01  6.462788e-01
     vertex  3.489850e+00 -8.461576e-01  6.781820e-01
     vertex  3.436313e+00 -8.461576e-01  6.245247e-01
   endloop
 endfacet
 facet normal -4.754991e-01 -6.769418e-01  5.618277e-01
   outer loop
     vertex  3.499319e+00 -8.723602e-01  6.462788e-01
     vertex  3.436313e+00 -8.461576e-01  6.245247e-01
     vertex  3.440790e+00 -8.723602e-01  5.967427e-01
   endloop
 endfacet
 facet normal -6.192395e-01 -7.549357e-01  2.159038e-01
   outer loop
     vertex  3.534437e+00 -8.723602e-01  7.144424e-01
     vertex  3.514805e+00 -8.461576e-01  7.497546e-01
     vertex  3.489850e+00 -8.461576e-01  6.781820e-01
   endloop
 endfacet
 facet normal -6.677208e-01 -6.601578e-01  3.440067e-01
   outer loop
     vertex  3.534437e+00 -8.723602e-01  7.144424e-01
     vertex  3.489850e+00 -8.461576e-01  6.781820e-01
     vertex  3.499319e+00 -8.723602e-01  6.462788e-01
   endloop
 endfacet
 facet normal -7.561536e-01 -6.513614e-01  6.292875e-02
   outer loop
     vertex  3.540796e+00 -8.723602e-01  7.908563e-01
     vertex  3.514805e+00 -8.461576e-01  7.497546e-01
     vertex  3.534437e+00 -8.723602e-01  7.144424e-01
   endloop
 endfacet
 facet normal -6.478003e-01 -7.582345e-01 -7.372372e-02
   outer loop
     vertex  3.506234e+00 -8.461576e-01  8.250666e-01
     vertex  3.514805e+00 -8.461576e-01  7.497546e-01
     vertex  3.540796e+00 -8.723602e-01  7.908563e-01
   endloop
 endfacet
 facet normal -7.226766e-01 -6.513614e-01 -2.312289e-01
   outer loop
     vertex  3.517429e+00 -8.723602e-01  8.638872e-01
     vertex  3.506234e+00 -8.461576e-01  8.250666e-01
     vertex  3.540796e+00 -8.723602e-01  7.908563e-01
   endloop
 endfacet
 facet normal -5.548900e-01 -7.549357e-01 -3.495271e-01
   outer loop
     vertex  3.465835e+00 -8.461576e-01  8.892015e-01
     vertex  3.506234e+00 -8.461576e-01  8.250666e-01
     vertex  3.517429e+00 -8.723602e-01  8.638872e-01
   endloop
 endfacet
 facet normal -5.733464e-01 -6.601578e-01 -4.852479e-01
   outer loop
     vertex  3.467893e+00 -8.723602e-01  9.224167e-01
     vertex  3.465835e+00 -8.461576e-01  8.892015e-01
     vertex  3.517429e+00 -8.723602e-01  8.638872e-01
   endloop
 endfacet
 facet normal -3.544477e-01 -7.446960e-01 -5.655040e-01
   outer loop
     vertex  3.401610e+00 -8.461576e-01  9.294567e-01
     vertex  3.465835e+00 -8.461576e-01  8.892015e-01
     vertex  3.467893e+00 -8.723602e-01  9.224167e-01
   endloop
 endfacet
 facet normal -3.370955e-01 -6.769418e-01 -6.543060e-01
   outer loop
     vertex  3.399730e+00 -8.723602e-01  9.575343e-01
     vertex  3.401610e+00 -8.461576e-01  9.294567e-01
     vertex  3.467893e+00 -8.723602e-01  9.224167e-01
   endloop
 endfacet
 facet normal -7.618320e-02 -7.264224e-01 -6.830128e-01
   outer loop
     vertex  3.326279e+00 -8.461576e-01  9.378591e-01
     vertex  3.401610e+00 -8.461576e-01  9.294567e-01
     vertex  3.399730e+00 -8.723602e-01  9.575343e-01
   endloop
 endfacet
 facet normal -5.921033e-02 -7.002145e-01 -7.114730e-01
   outer loop
     vertex  3.323316e+00 -8.723602e-01  9.638937e-01
     vertex  3.326279e+00 -8.461576e-01  9.378591e-01
     vertex  3.399730e+00 -8.723602e-01  9.575343e-01
   endloop
 endfacet
 facet normal -3.313350e-01  0.000000e+00  9.435132e-01
   outer loop
     vertex  3.436313e+00 -8.461576e-01  6.245247e-01
     vertex  3.364796e+00 -6.045529e-01  5.994101e-01
     vertex  3.364796e+00 -8.461576e-01  5.994101e-01
   endloop
 endfacet
 facet normal -3.313350e-01  1.109923e-13  9.435132e-01
   outer loop
     vertex  3.436313e+00 -8.461576e-01  6.245247e-01
     vertex  3.436313e+00 -6.045529e-01  6.245247e-01
     vertex  3.364796e+00 -6.045529e-01  5.994101e-01
   endloop
 endfacet
 facet normal -7.078976e-01  0.000000e+00  7.063151e-01
   outer loop
     vertex  3.489850e+00 -8.461576e-01  6.781820e-01
     vertex  3.489850e+00 -6.045529e-01  6.781820e-01
     vertex  3.436313e+00 -6.045529e-01  6.245247e-01
   endloop
 endfacet
 facet normal -7.078976e-01  8.309785e-14  7.063151e-01
   outer loop
     vertex  3.489850e+00 -8.461576e-01  6.781820e-01
     vertex  3.436313e+00 -6.045529e-01  6.245247e-01
     vertex  3.436313e+00 -8.461576e-01  6.245247e-01
   endloop
 endfacet
 facet normal -9.442523e-01 -1.161866e-13  3.292227e-01
   outer loop
     vertex  3.514805e+00 -8.461576e-01  7.497546e-01
     vertex  3.514805e+00 -6.045529e-01  7.497546e-01
     vertex  3.489850e+00 -6.045529e-01  6.781820e-01
   endloop
 endfacet
 facet normal -9.442523e-01  0.000000e+00  3.292227e-01
   outer loop
     vertex  3.514805e+00 -8.461576e-01  7.497546e-01
     vertex  3.489850e+00 -6.045529e-01  6.781820e-01
     vertex  3.489850e+00 -8.461576e-01  6.781820e-01
   endloop
 endfacet
 facet normal -9.935863e-01 -1.330199e-14 -1.130763e-01
   outer loop
     vertex  3.506234e+00 -8.461576e-01  8.250666e-01
     vertex  3.506234e+00 -6.045529e-01  8.250666e-01
     vertex  3.514805e+00 -6.045529e-01  7.497546e-01
   endloop
 endfacet
 facet normal -9.935863e-01  3.990307e-14 -1.130763e-01
   outer loop
     vertex  3.506234e+00 -8.461576e-01  8.250666e-01
     vertex  3.514805e+00 -6.045529e-01  7.497546e-01
     vertex  3.514805e+00 -8.461576e-01  7.497546e-01
   endloop
 endfacet
 facet normal -8.461283e-01  0.000000e+00 -5.329792e-01
   outer loop
     vertex  3.465835e+00 -8.461576e-01  8.892015e-01
     vertex  3.465835e+00 -6.045529e-01  8.892015e-01
     vertex  3.506234e+00 -6.045529e-01  8.250666e-01
   endloop
 endfacet
 facet normal -8.461283e-01 -6.268453e-14 -5.329792e-01
   outer loop
     vertex  3.465835e+00 -8.461576e-01  8.892015e-01
     vertex  3.506234e+00 -6.045529e-01  8.250666e-01
     vertex  3.506234e+00 -8.461576e-01  8.250666e-01
   endloop
 endfacet
 facet normal -5.310843e-01 -1.993525e-13 -8.473190e-01
   outer loop
     vertex  3.401610e+00 -8.461576e-01  9.294567e-01
     vertex  3.401610e+00 -6.045529e-01  9.294567e-01
     vertex  3.465835e+00 -6.045529e-01  8.892015e-01
   endloop
 endfacet
 facet normal -5.310843e-01  0.000000e+00 -8.473190e-01
   outer loop
     vertex  3.401610e+00 -8.461576e-01  9.294567e-01
     vertex  3.465835e+00 -6.045529e-01  8.892015e-01
     vertex  3.465835e+00 -8.461576e-01  8.892015e-01
   endloop
 endfacet
 facet normal -1.108525e-01  0.000000e+00 -9.938369e-01
   outer loop
     vertex  3.326279e+00 -8.461576e-01  9.378591e-01
     vertex  3.326279e+00 -6.045529e-01  9.378591e-01
     vertex  3.401610e+00 -6.045529e-01  9.294567e-01
   endloop
 endfacet
 facet normal -1.108525e-01 -2.338237e-13 -9.938369e-01
   outer loop
     vertex  3.326279e+00 -8.461576e-01  9.378591e-01
     vertex  3.401610e+00 -6.045529e-01  9.294567e-01
     vertex  3.401610e+00 -8.461576e-01  9.294567e-01
   endloop
 endfacet
 facet normal -5.391539e-02  7.598586e-01 -6.478487e-01
   outer loop
     vertex  3.399730e+00 -5.825663e-01  9.575343e-01
     vertex  3.326279e+00 -6.045529e-01  9.378591e-01
     vertex  3.323316e+00 -5.825663e-01  9.638937e-01
   endloop
 endfacet
 facet normal -6.892289e-02  7.832132e-01 -6.179213e-01
   outer loop
     vertex  3.399730e+00 -5.825663e-01  9.575343e-01
     vertex  3.401610e+00 -6.045529e-01  9.294567e-01
     vertex  3.326279e+00 -6.045529e-01  9.378591e-01
   endloop
 endfacet
 facet normal -3.191962e-01  7.992285e-01 -5.092618e-01
   outer loop
     vertex  3.467893e+00 -5.825663e-01  9.224167e-01
     vertex  3.465835e+00 -6.045529e-01  8.892015e-01
     vertex  3.401610e+00 -6.045529e-01  9.294567e-01
   endloop
 endfacet
 facet normal -3.086790e-01  7.387405e-01 -5.991492e-01
   outer loop
     vertex  3.467893e+00 -5.825663e-01  9.224167e-01
     vertex  3.401610e+00 -6.045529e-01  9.294567e-01
     vertex  3.399730e+00 -5.825663e-01  9.575343e-01
   endloop
 endfacet
 facet normal -4.984009e-01  8.081061e-01 -3.139445e-01
   outer loop
     vertex  3.517429e+00 -5.825663e-01  8.638872e-01
     vertex  3.506234e+00 -6.045529e-01  8.250666e-01
     vertex  3.465835e+00 -6.045529e-01  8.892015e-01
   endloop
 endfacet
 facet normal -5.271028e-01  7.232901e-01 -4.461099e-01
   outer loop
     vertex  3.517429e+00 -5.825663e-01  8.638872e-01
     vertex  3.465835e+00 -6.045529e-01  8.892015e-01
     vertex  3.467893e+00 -5.825663e-01  9.224167e-01
   endloop
 endfacet
 facet normal -6.657543e-01  7.151192e-01 -2.130159e-01
   outer loop
     vertex  3.540796e+00 -5.825663e-01  7.908563e-01
     vertex  3.506234e+00 -6.045529e-01  8.250666e-01
     vertex  3.517429e+00 -5.825663e-01  8.638872e-01
   endloop
 endfacet
 facet normal -5.813610e-01  8.109512e-01 -6.616251e-02
   outer loop
     vertex  3.514805e+00 -6.045529e-01  7.497546e-01
     vertex  3.506234e+00 -6.045529e-01  8.250666e-01
     vertex  3.540796e+00 -5.825663e-01  7.908563e-01
   endloop
 endfacet
 facet normal -6.965944e-01  7.151192e-01  5.797211e-02
   outer loop
     vertex  3.534437e+00 -5.825663e-01  7.144424e-01
     vertex  3.514805e+00 -6.045529e-01  7.497546e-01
     vertex  3.540796e+00 -5.825663e-01  7.908563e-01
   endloop
 endfacet
 facet normal -5.561995e-01  8.081061e-01  1.939243e-01
   outer loop
     vertex  3.489850e+00 -6.045529e-01  6.781820e-01
     vertex  3.514805e+00 -6.045529e-01  7.497546e-01
     vertex  3.534437e+00 -5.825663e-01  7.144424e-01
   endloop
 endfacet
 facet normal -6.138654e-01  7.232901e-01  3.162606e-01
   outer loop
     vertex  3.499319e+00 -5.825663e-01  6.462788e-01
     vertex  3.489850e+00 -6.045529e-01  6.781820e-01
     vertex  3.534437e+00 -5.825663e-01  7.144424e-01
   endloop
 endfacet
 facet normal -4.254657e-01  7.992285e-01  4.245147e-01
   outer loop
     vertex  3.436313e+00 -6.045529e-01  6.245247e-01
     vertex  3.489850e+00 -6.045529e-01  6.781820e-01
     vertex  3.499319e+00 -5.825663e-01  6.462788e-01
   endloop
 endfacet
 facet normal -4.354154e-01  7.387405e-01  5.144666e-01
   outer loop
     vertex  3.440790e+00 -5.825663e-01  5.967427e-01
     vertex  3.436313e+00 -6.045529e-01  6.245247e-01
     vertex  3.499319e+00 -5.825663e-01  6.462788e-01
   endloop
 endfacet
 facet normal -2.060086e-01  7.832132e-01  5.866324e-01
   outer loop
     vertex  3.364796e+00 -6.045529e-01  5.994101e-01
     vertex  3.436313e+00 -6.045529e-01  6.245247e-01
     vertex  3.440790e+00 -5.825663e-01  5.967427e-01
   endloop
 endfacet
 facet normal -1.981097e-01  7.598586e-01  6.191667e-01
   outer loop
     vertex  3.367759e+00 -5.825663e-01  5.733756e-01
     vertex  3.364796e+00 -6.045529e-01  5.994101e-01
     vertex  3.440790e+00 -5.825663e-01  5.967427e-01
   endloop
 endfacet
 facet normal -3.047427e-01  0.000000e+00  9.524347e-01
   outer loop
     vertex  3.440790e+00 -5.825663e-01  5.967427e-01
     vertex  3.367759e+00 -5.581153e-01  5.733756e-01
     vertex  3.367759e+00 -5.825663e-01  5.733756e-01
   endloop
 endfacet
 facet normal -3.047427e-01 -1.107103e-12  9.524347e-01
   outer loop
     vertex  3.440790e+00 -5.825663e-01  5.967427e-01
     vertex  3.440790e+00 -5.581153e-01  5.967427e-01
     vertex  3.367759e+00 -5.581153e-01  5.733756e-01
   endloop
 endfacet
 facet normal -6.460265e-01 -1.774543e-12  7.633150e-01
   outer loop
     vertex  3.499319e+00 -5.825663e-01  6.462788e-01
     vertex  3.499319e+00 -5.581153e-01  6.462788e-01
     vertex  3.440790e+00 -5.581153e-01  5.967427e-01
   endloop
 endfacet
 facet normal -6.460265e-01 -8.873196e-13  7.633150e-01
   outer loop
     vertex  3.499319e+00 -5.825663e-01  6.462788e-01
     vertex  3.440790e+00 -5.581153e-01  5.967427e-01
     vertex  3.440790e+00 -5.825663e-01  5.967427e-01
   endloop
 endfacet
 facet normal -8.889587e-01  0.000000e+00  4.579874e-01
   outer loop
     vertex  3.534437e+00 -5.825663e-01  7.144424e-01
     vertex  3.534437e+00 -5.581153e-01  7.144424e-01
     vertex  3.499319e+00 -5.581153e-01  6.462788e-01
   endloop
 endfacet
 facet normal -8.889587e-01 -1.064737e-12  4.579874e-01
   outer loop
     vertex  3.534437e+00 -5.825663e-01  7.144424e-01
     vertex  3.499319e+00 -5.581153e-01  6.462788e-01
     vertex  3.499319e+00 -5.825663e-01  6.462788e-01
   endloop
 endfacet
 facet normal -9.965549e-01 -1.928071e-13  8.293548e-02
   outer loop
     vertex  3.540796e+00 -5.825663e-01  7.908563e-01
     vertex  3.540796e+00 -5.581153e-01  7.908563e-01
     vertex  3.534437e+00 -5.581153e-01  7.144424e-01
   endloop
 endfacet
 facet normal -9.965549e-01  0.000000e+00  8.293548e-02
   outer loop
     vertex  3.540796e+00 -5.825663e-01  7.908563e-01
     vertex  3.534437e+00 -5.581153e-01  7.144424e-01
     vertex  3.534437e+00 -5.825663e-01  7.144424e-01
   endloop
 endfacet
 facet normal -9.524347e-01  7.084610e-13 -3.047427e-01
   outer loop
     vertex  3.517429e+00 -5.825663e-01  8.638872e-01
     vertex  3.517429e+00 -5.581153e-01  8.638872e-01
     vertex  3.540796e+00 -5.581153e-01  7.908563e-01
   endloop
 endfacet
 facet normal -9.524347e-01  7.083984e-13 -3.047427e-01
   outer loop
     vertex  3.517429e+00 -5.825663e-01  8.638872e-01
     vertex  3.540796e+00 -5.581153e-01  7.908563e-01
     vertex  3.540796e+00 -5.825663e-01  7.908563e-01
   endloop
 endfacet
 facet normal -7.633150e-01  1.501872e-12 -6.460265e-01
   outer loop
     vertex  3.467893e+00 -5.825663e-01  9.224167e-01
     vertex  3.467893e+00 -5.581153e-01  9.224167e-01
     vertex  3.517429e+00 -5.581153e-01  8.638872e-01
   endloop
 endfacet
 facet normal -7.633150e-01  1.501920e-12 -6.460265e-01
   outer loop
     vertex  3.467893e+00 -5.825663e-01  9.224167e-01
     vertex  3.517429e+00 -5.581153e-01  8.638872e-01
     vertex  3.517429e+00 -5.825663e-01  8.638872e-01
   endloop
 endfacet
 facet normal -4.579874e-01  0.000000e+00 -8.889587e-01
   outer loop
     vertex  3.399730e+00 -5.825663e-01  9.575343e-01
     vertex  3.399730e+00 -5.581153e-01  9.575343e-01
     vertex  3.467893e+00 -5.581153e-01  9.224167e-01
   endloop
 endfacet
 facet normal -4.579874e-01  2.066557e-12 -8.889587e-01
   outer loop
     vertex  3.399730e+00 -5.825663e-01  9.575343e-01
     vertex  3.467893e+00 -5.581153e-01  9.224167e-01
     vertex  3.467893e+00 -5.825663e-01  9.224167e-01
   endloop
 endfacet
 facet normal -8.293548e-02  0.000000e+00 -9.965549e-01
   outer loop
     vertex  3.323316e+00 -5.825663e-01  9.638937e-01
     vertex  3.323316e+00 -5.581153e-01  9.638937e-01
     vertex  3.399730e+00 -5.581153e-01  9.575343e-01
   endloop
 endfacet
 facet normal -8.293548e-02  0.000000e+00 -9.965549e-01
   outer loop
     vertex  3.323316e+00 -5.825663e-01  9.638937e-01
     vertex  3.399730e+00 -5.581153e-01  9.575343e-01
     vertex  3.399730e+00 -5.825663e-01  9.575343e-01
   endloop
 endfacet
 facet normal  2.580769e-02  9.937944e-01 -1.081973e-01
   outer loop
     vertex  3.367759e+00 -5.581153e-01  5.733756e-01
     vertex  3.454825e+00 -5.712166e-01  4.738072e-01
     vertex  3.381092e+00 -5.712166e-01  4.562202e-01
   endloop
 endfacet
 facet normal  5.153509e-02  9.936509e-01 -1.000105e-01
   outer loop
     vertex  3.440790e+00 -5.581153e-01  5.967427e-01
     vertex  3.522206e+00 -5.712166e-01  5.085285e-01
     vertex  3.454825e+00 -5.712166e-01  4.738072e-01
   endloop
 endfacet
 facet normal  3.270681e-02  9.942239e-01 -1.022210e-01
   outer loop
     vertex  3.440790e+00 -5.581153e-01  5.967427e-01
     vertex  3.454825e+00 -5.712166e-01  4.738072e-01
     vertex  3.367759e+00 -5.581153e-01  5.733756e-01
   endloop
 endfacet
 facet normal  7.204746e-02  9.939779e-01 -8.256608e-02
   outer loop
     vertex  3.499319e+00 -5.581153e-01  6.462788e-01
     vertex  3.579320e+00 -5.712166e-01  5.583662e-01
     vertex  3.522206e+00 -5.712166e-01  5.085285e-01
   endloop
 endfacet
 facet normal  7.015419e-02  9.940863e-01 -8.289094e-02
   outer loop
     vertex  3.499319e+00 -5.581153e-01  6.462788e-01
     vertex  3.522206e+00 -5.712166e-01  5.085285e-01
     vertex  3.440790e+00 -5.581153e-01  5.967427e-01
   endloop
 endfacet
 facet normal  1.095740e-01  9.938780e-01 -1.414070e-02
   outer loop
     vertex  3.534437e+00 -5.581153e-01  7.144424e-01
     vertex  3.659960e+00 -5.712166e-01  7.662727e-01
     vertex  3.650258e+00 -5.712166e-01  6.910952e-01
   endloop
 endfacet
 facet normal  1.118716e-01  9.936411e-01  1.273168e-02
   outer loop
     vertex  3.540796e+00 -5.581153e-01  7.908563e-01
     vertex  3.651388e+00 -5.712166e-01  8.415875e-01
     vertex  3.659960e+00 -5.712166e-01  7.662727e-01
   endloop
 endfacet
 facet normal  1.074582e-01  9.941694e-01 -8.942902e-03
   outer loop
     vertex  3.540796e+00 -5.581153e-01  7.908563e-01
     vertex  3.659960e+00 -5.712166e-01  7.662727e-01
     vertex  3.534437e+00 -5.581153e-01  7.144424e-01
   endloop
 endfacet
 facet normal  1.035945e-01  9.938780e-01  3.840061e-02
   outer loop
     vertex  3.517429e+00 -5.581153e-01  8.638872e-01
     vertex  3.625042e+00 -5.712166e-01  9.126626e-01
     vertex  3.651388e+00 -5.712166e-01  8.415875e-01
   endloop
 endfacet
 facet normal  1.027007e-01  9.941694e-01  3.286029e-02
   outer loop
     vertex  3.517429e+00 -5.581153e-01  8.638872e-01
     vertex  3.651388e+00 -5.712166e-01  8.415875e-01
     vertex  3.540796e+00 -5.581153e-01  7.908563e-01
   endloop
 endfacet
 facet normal  5.165225e-02  9.939779e-01  9.664388e-02
   outer loop
     vertex  3.467893e+00 -5.581153e-01  9.224167e-01
     vertex  3.459241e+00 -5.712166e-01  1.061787e+00
     vertex  3.526093e+00 -5.712166e-01  1.026057e+00
   endloop
 endfacet
 facet normal  2.774464e-02  9.936509e-01  1.090330e-01
   outer loop
     vertex  3.399730e+00 -5.581153e-01  9.575343e-01
     vertex  3.385781e+00 -5.712166e-01  1.080480e+00
     vertex  3.459241e+00 -5.712166e-01  1.061787e+00
   endloop
 endfacet
 facet normal  4.973440e-02  9.940863e-01  9.653501e-02
   outer loop
     vertex  3.399730e+00 -5.581153e-01  9.575343e-01
     vertex  3.459241e+00 -5.712166e-01  1.061787e+00
     vertex  3.467893e+00 -5.581153e-01  9.224167e-01
   endloop
 endfacet
 facet normal  8.355486e-04  9.937944e-01  1.112295e-01
   outer loop
     vertex  3.323316e+00 -5.581153e-01  9.638937e-01
     vertex  3.309983e+00 -5.712166e-01  1.081049e+00
     vertex  3.385781e+00 -5.712166e-01  1.080480e+00
   endloop
 endfacet
 facet normal  8.901134e-03  9.942239e-01  1.069563e-01
   outer loop
     vertex  3.323316e+00 -5.581153e-01  9.638937e-01
     vertex  3.385781e+00 -5.712166e-01  1.080480e+00
     vertex  3.399730e+00 -5.581153e-01  9.575343e-01
   endloop
 endfacet
 facet normal  3.451355e-01  9.067965e-01 -2.420777e-01
   outer loop
     vertex  3.583046e+00 -5.536674e-01  6.294162e-01
     vertex  3.622847e+00 -5.712166e-01  6.204239e-01
     vertex  3.579320e+00 -5.712166e-01  5.583662e-01
   endloop
 endfacet
 facet normal  3.717730e-01  9.170560e-01 -1.441984e-01
   outer loop
     vertex  3.583046e+00 -5.536674e-01  6.294162e-01
     vertex  3.650258e+00 -5.712166e-01  6.910952e-01
     vertex  3.622847e+00 -5.712166e-01  6.204239e-01
   endloop
 endfacet
 facet normal -2.028430e-01  9.736189e-01  1.045038e-01
   outer loop
     vertex  3.546025e+00 -5.489040e-01  6.511165e-01
     vertex  3.499319e+00 -5.581153e-01  6.462788e-01
     vertex  3.534437e+00 -5.581153e-01  7.144424e-01
   endloop
 endfacet
 facet normal -1.517726e-02  9.708976e-01 -2.390134e-01
   outer loop
     vertex  3.546025e+00 -5.489040e-01  6.511165e-01
     vertex  3.583046e+00 -5.536674e-01  6.294162e-01
     vertex  3.579320e+00 -5.712166e-01  5.583662e-01
   endloop
 endfacet
 facet normal  1.767645e-01  9.804587e-01  8.634296e-02
   outer loop
     vertex  3.546025e+00 -5.489040e-01  6.511165e-01
     vertex  3.650258e+00 -5.712166e-01  6.910952e-01
     vertex  3.583046e+00 -5.536674e-01  6.294162e-01
   endloop
 endfacet
 facet normal -1.571351e-01  9.458750e-01 -2.839527e-01
   outer loop
     vertex  3.546025e+00 -5.489040e-01  6.511165e-01
     vertex  3.579320e+00 -5.712166e-01  5.583662e-01
     vertex  3.499319e+00 -5.581153e-01  6.462788e-01
   endloop
 endfacet
 facet normal  1.442174e-01  9.751406e-01  1.682323e-01
   outer loop
     vertex  3.546025e+00 -5.489040e-01  6.511165e-01
     vertex  3.534437e+00 -5.581153e-01  7.144424e-01
     vertex  3.650258e+00 -5.712166e-01  6.910952e-01
   endloop
 endfacet
 facet normal  3.298641e-01  9.170560e-01  2.240491e-01
   outer loop
     vertex  3.545689e+00 -5.536674e-01  9.576616e-01
     vertex  3.582452e+00 -5.712166e-01  9.753672e-01
     vertex  3.625042e+00 -5.712166e-01  9.126626e-01
   endloop
 endfacet
 facet normal  2.819142e-01  9.067965e-01  3.134399e-01
   outer loop
     vertex  3.545689e+00 -5.536674e-01  9.576616e-01
     vertex  3.526093e+00 -5.712166e-01  1.026057e+00
     vertex  3.582452e+00 -5.712166e-01  9.753672e-01
   endloop
 endfacet
 facet normal -1.741735e-01  9.736189e-01 -1.474106e-01
   outer loop
     vertex  3.514491e+00 -5.489040e-01  9.281975e-01
     vertex  3.517429e+00 -5.581153e-01  8.638872e-01
     vertex  3.467893e+00 -5.581153e-01  9.224167e-01
   endloop
 endfacet
 facet normal -6.849598e-02  9.708976e-01  2.294909e-01
   outer loop
     vertex  3.514491e+00 -5.489040e-01  9.281975e-01
     vertex  3.526093e+00 -5.712166e-01  1.026057e+00
     vertex  3.545689e+00 -5.536674e-01  9.576616e-01
   endloop
 endfacet
 facet normal  1.783315e-01  9.751406e-01 -1.315242e-01
   outer loop
     vertex  3.514491e+00 -5.489040e-01  9.281975e-01
     vertex  3.625042e+00 -5.712166e-01  9.126626e-01
     vertex  3.517429e+00 -5.581153e-01  8.638872e-01
   endloop
 endfacet
 facet normal -2.169215e-01  9.458750e-01  2.413827e-01
   outer loop
     vertex  3.514491e+00 -5.489040e-01  9.281975e-01
     vertex  3.467893e+00 -5.581153e-01  9.224167e-01
     vertex  3.526093e+00 -5.712166e-01  1.026057e+00
   endloop
 endfacet
 facet normal  1.916457e-01  9.804587e-01 -4.441558e-02
   outer loop
     vertex  3.514491e+00 -5.489040e-01  9.281975e-01
     vertex  3.545689e+00 -5.536674e-01  9.576616e-01
     vertex  3.625042e+00 -5.712166e-01  9.126626e-01
   endloop
 endfacet
 facet normal  3.047427e-01  0.000000e+00 -9.524347e-01
   outer loop
     vertex  3.250285e+00 -5.825663e-01  9.405266e-01
     vertex  3.323316e+00 -5.581153e-01  9.638937e-01
     vertex  3.323316e+00 -5.825663e-01  9.638937e-01
   endloop
 endfacet
 facet normal  3.047427e-01 -2.214205e-12 -9.524347e-01
   outer loop
     vertex  3.250285e+00 -5.825663e-01  9.405266e-01
     vertex  3.250285e+00 -5.581153e-01  9.405266e-01
     vertex  3.323316e+00 -5.581153e-01  9.638937e-01
   endloop
 endfacet
 facet normal  6.460265e-01 -1.774543e-12 -7.633150e-01
   outer loop
     vertex  3.191755e+00 -5.825663e-01  8.909905e-01
     vertex  3.191755e+00 -5.581153e-01  8.909905e-01
     vertex  3.250285e+00 -5.581153e-01  9.405266e-01
   endloop
 endfacet
 facet normal  6.460265e-01 -1.774639e-12 -7.633150e-01
   outer loop
     vertex  3.191755e+00 -5.825663e-01  8.909905e-01
     vertex  3.250285e+00 -5.581153e-01  9.405266e-01
     vertex  3.250285e+00 -5.825663e-01  9.405266e-01
   endloop
 endfacet
 facet normal  8.889587e-01  1.064722e-12 -4.579874e-01
   outer loop
     vertex  3.156638e+00 -5.825663e-01  8.228269e-01
     vertex  3.156638e+00 -5.581153e-01  8.228269e-01
     vertex  3.191755e+00 -5.581153e-01  8.909905e-01
   endloop
 endfacet
 facet normal  8.889587e-01 -1.064737e-12 -4.579874e-01
   outer loop
     vertex  3.156638e+00 -5.825663e-01  8.228269e-01
     vertex  3.191755e+00 -5.581153e-01  8.909905e-01
     vertex  3.191755e+00 -5.825663e-01  8.909905e-01
   endloop
 endfacet
 facet normal  9.965549e-01 -1.928071e-13 -8.293548e-02
   outer loop
     vertex  3.150278e+00 -5.825663e-01  7.464129e-01
     vertex  3.150278e+00 -5.581153e-01  7.464129e-01
     vertex  3.156638e+00 -5.581153e-01  8.228269e-01
   endloop
 endfacet
 facet normal  9.965549e-01  1.928000e-13 -8.293548e-02
   outer loop
     vertex  3.150278e+00 -5.825663e-01  7.464129e-01
     vertex  3.156638e+00 -5.581153e-01  8.228269e-01
     vertex  3.156638e+00 -5.825663e-01  8.228269e-01
   endloop
 endfacet
 facet normal  9.524347e-01  7.084610e-13  3.047427e-01
   outer loop
     vertex  3.173645e+00 -5.825663e-01  6.733821e-01
     vertex  3.173645e+00 -5.581153e-01  6.733821e-01
     vertex  3.150278e+00 -5.581153e-01  7.464129e-01
   endloop
 endfacet
 facet normal  9.524347e-01  7.083984e-13  3.047427e-01
   outer loop
     vertex  3.173645e+00 -5.825663e-01  6.733821e-01
     vertex  3.150278e+00 -5.581153e-01  7.464129e-01
     vertex  3.150278e+00 -5.825663e-01  7.464129e-01
   endloop
 endfacet
 facet normal  7.633150e-01  1.501872e-12  6.460265e-01
   outer loop
     vertex  3.223181e+00 -5.825663e-01  6.148525e-01
     vertex  3.223181e+00 -5.581153e-01  6.148525e-01
     vertex  3.173645e+00 -5.581153e-01  6.733821e-01
   endloop
 endfacet
 facet normal  7.633150e-01  1.501920e-12  6.460265e-01
   outer loop
     vertex  3.223181e+00 -5.825663e-01  6.148525e-01
     vertex  3.173645e+00 -5.581153e-01  6.733821e-01
     vertex  3.173645e+00 -5.825663e-01  6.733821e-01
   endloop
 endfacet
 facet normal  4.579874e-01  1.033319e-12  8.889587e-01
   outer loop
     vertex  3.291345e+00 -5.825663e-01  5.797349e-01
     vertex  3.291345e+00 -5.581153e-01  5.797349e-01
     vertex  3.223181e+00 -5.581153e-01  6.148525e-01
   endloop
 endfacet
 facet normal  4.579874e-01  2.066557e-12  8.889587e-01
   outer loop
     vertex  3.291345e+00 -5.825663e-01  5.797349e-01
     vertex  3.223181e+00 -5.581153e-01  6.148525e-01
     vertex  3.223181e+00 -5.825663e-01  6.148525e-01
   endloop
 endfacet
 facet normal  8.293548e-02 -0.000000e+00  9.965549e-01
   outer loop
     vertex  3.367759e+00 -5.825663e-01  5.733756e-01
     vertex  3.367759e+00 -5.581153e-01  5.733756e-01
     vertex  3.291345e+00 -5.581153e-01  5.797349e-01
   endloop
 endfacet
 facet normal  8.293548e-02  1.158390e-12  9.965549e-01
   outer loop
     vertex  3.367759e+00 -5.825663e-01  5.733756e-01
     vertex  3.291345e+00 -5.581153e-01  5.797349e-01
     vertex  3.291345e+00 -5.825663e-01  5.797349e-01
   endloop
 endfacet
 facet normal  5.391539e-02  7.598586e-01  6.478487e-01
   outer loop
     vertex  3.291345e+00 -5.825663e-01  5.797349e-01
     vertex  3.364796e+00 -6.045529e-01  5.994101e-01
     vertex  3.367759e+00 -5.825663e-01  5.733756e-01
   endloop
 endfacet
 facet normal  6.892289e-02  7.832132e-01  6.179213e-01
   outer loop
     vertex  3.291345e+00 -5.825663e-01  5.797349e-01
     vertex  3.289465e+00 -6.045529e-01  6.078125e-01
     vertex  3.364796e+00 -6.045529e-01  5.994101e-01
   endloop
 endfacet
 facet normal  3.191962e-01  7.992285e-01  5.092618e-01
   outer loop
     vertex  3.223181e+00 -5.825663e-01  6.148525e-01
     vertex  3.225240e+00 -6.045529e-01  6.480677e-01
     vertex  3.289465e+00 -6.045529e-01  6.078125e-01
   endloop
 endfacet
 facet normal  3.086790e-01  7.387405e-01  5.991492e-01
   outer loop
     vertex  3.223181e+00 -5.825663e-01  6.148525e-01
     vertex  3.289465e+00 -6.045529e-01  6.078125e-01
     vertex  3.291345e+00 -5.825663e-01  5.797349e-01
   endloop
 endfacet
 facet normal  4.984009e-01  8.081061e-01  3.139445e-01
   outer loop
     vertex  3.173645e+00 -5.825663e-01  6.733821e-01
     vertex  3.184841e+00 -6.045529e-01  7.122027e-01
     vertex  3.225240e+00 -6.045529e-01  6.480677e-01
   endloop
 endfacet
 facet normal  5.271028e-01  7.232901e-01  4.461099e-01
   outer loop
     vertex  3.173645e+00 -5.825663e-01  6.733821e-01
     vertex  3.225240e+00 -6.045529e-01  6.480677e-01
     vertex  3.223181e+00 -5.825663e-01  6.148525e-01
   endloop
 endfacet
 facet normal  6.657543e-01  7.151192e-01  2.130159e-01
   outer loop
     vertex  3.150278e+00 -5.825663e-01  7.464129e-01
     vertex  3.184841e+00 -6.045529e-01  7.122027e-01
     vertex  3.173645e+00 -5.825663e-01  6.733821e-01
   endloop
 endfacet
 facet normal  5.813610e-01  8.109512e-01  6.616251e-02
   outer loop
     vertex  3.176270e+00 -6.045529e-01  7.875147e-01
     vertex  3.184841e+00 -6.045529e-01  7.122027e-01
     vertex  3.150278e+00 -5.825663e-01  7.464129e-01
   endloop
 endfacet
 facet normal  6.965944e-01  7.151192e-01 -5.797211e-02
   outer loop
     vertex  3.156638e+00 -5.825663e-01  8.228269e-01
     vertex  3.176270e+00 -6.045529e-01  7.875147e-01
     vertex  3.150278e+00 -5.825663e-01  7.464129e-01
   endloop
 endfacet
 facet normal  5.561995e-01  8.081061e-01 -1.939243e-01
   outer loop
     vertex  3.201225e+00 -6.045529e-01  8.590872e-01
     vertex  3.176270e+00 -6.045529e-01  7.875147e-01
     vertex  3.156638e+00 -5.825663e-01  8.228269e-01
   endloop
 endfacet
 facet normal  6.138654e-01  7.232901e-01 -3.162606e-01
   outer loop
     vertex  3.191755e+00 -5.825663e-01  8.909905e-01
     vertex  3.201225e+00 -6.045529e-01  8.590872e-01
     vertex  3.156638e+00 -5.825663e-01  8.228269e-01
   endloop
 endfacet
 facet normal  4.254657e-01  7.992285e-01 -4.245147e-01
   outer loop
     vertex  3.254762e+00 -6.045529e-01  9.127446e-01
     vertex  3.201225e+00 -6.045529e-01  8.590872e-01
     vertex  3.191755e+00 -5.825663e-01  8.909905e-01
   endloop
 endfacet
 facet normal  4.354154e-01  7.387405e-01 -5.144666e-01
   outer loop
     vertex  3.250285e+00 -5.825663e-01  9.405266e-01
     vertex  3.254762e+00 -6.045529e-01  9.127446e-01
     vertex  3.191755e+00 -5.825663e-01  8.909905e-01
   endloop
 endfacet
 facet normal  2.060086e-01  7.832132e-01 -5.866324e-01
   outer loop
     vertex  3.326279e+00 -6.045529e-01  9.378591e-01
     vertex  3.254762e+00 -6.045529e-01  9.127446e-01
     vertex  3.250285e+00 -5.825663e-01  9.405266e-01
   endloop
 endfacet
 facet normal  1.981097e-01  7.598586e-01 -6.191667e-01
   outer loop
     vertex  3.323316e+00 -5.825663e-01  9.638937e-01
     vertex  3.326279e+00 -6.045529e-01  9.378591e-01
     vertex  3.250285e+00 -5.825663e-01  9.405266e-01
   endloop
 endfacet
 facet normal  3.313350e-01  0.000000e+00 -9.435132e-01
   outer loop
     vertex  3.254762e+00 -8.461576e-01  9.127446e-01
     vertex  3.326279e+00 -6.045529e-01  9.378591e-01
     vertex  3.326279e+00 -8.461576e-01  9.378591e-01
   endloop
 endfacet
 facet normal  3.313350e-01  0.000000e+00 -9.435132e-01
   outer loop
     vertex  3.254762e+00 -8.461576e-01  9.127446e-01
     vertex  3.254762e+00 -6.045529e-01  9.127446e-01
     vertex  3.326279e+00 -6.045529e-01  9.378591e-01
   endloop
 endfacet
 facet normal  7.078976e-01  8.308897e-14 -7.063151e-01
   outer loop
     vertex  3.201225e+00 -8.461576e-01  8.590872e-01
     vertex  3.201225e+00 -6.045529e-01  8.590872e-01
     vertex  3.254762e+00 -6.045529e-01  9.127446e-01
   endloop
 endfacet
 facet normal  7.078976e-01  0.000000e+00 -7.063151e-01
   outer loop
     vertex  3.201225e+00 -8.461576e-01  8.590872e-01
     vertex  3.254762e+00 -6.045529e-01  9.127446e-01
     vertex  3.254762e+00 -8.461576e-01  9.127446e-01
   endloop
 endfacet
 facet normal  9.442523e-01 -3.872885e-14 -3.292227e-01
   outer loop
     vertex  3.176270e+00 -8.461576e-01  7.875147e-01
     vertex  3.176270e+00 -6.045529e-01  7.875147e-01
     vertex  3.201225e+00 -6.045529e-01  8.590872e-01
   endloop
 endfacet
 facet normal  9.442523e-01  3.873084e-14 -3.292227e-01
   outer loop
     vertex  3.176270e+00 -8.461576e-01  7.875147e-01
     vertex  3.201225e+00 -6.045529e-01  8.590872e-01
     vertex  3.201225e+00 -8.461576e-01  8.590872e-01
   endloop
 endfacet
 facet normal  9.935863e-01  1.330199e-14  1.130763e-01
   outer loop
     vertex  3.184841e+00 -8.461576e-01  7.122027e-01
     vertex  3.184841e+00 -6.045529e-01  7.122027e-01
     vertex  3.176270e+00 -6.045529e-01  7.875147e-01
   endloop
 endfacet
 facet normal  9.935863e-01  1.330300e-14  1.130763e-01
   outer loop
     vertex  3.184841e+00 -8.461576e-01  7.122027e-01
     vertex  3.176270e+00 -6.045529e-01  7.875147e-01
     vertex  3.176270e+00 -8.461576e-01  7.875147e-01
   endloop
 endfacet
 facet normal  8.461283e-01  6.269820e-14  5.329792e-01
   outer loop
     vertex  3.225240e+00 -8.461576e-01  6.480677e-01
     vertex  3.225240e+00 -6.045529e-01  6.480677e-01
     vertex  3.184841e+00 -6.045529e-01  7.122027e-01
   endloop
 endfacet
 facet normal  8.461283e-01  6.268453e-14  5.329792e-01
   outer loop
     vertex  3.225240e+00 -8.461576e-01  6.480677e-01
     vertex  3.184841e+00 -6.045529e-01  7.122027e-01
     vertex  3.184841e+00 -8.461576e-01  7.122027e-01
   endloop
 endfacet
 facet normal  5.310843e-01  9.967627e-14  8.473190e-01
   outer loop
     vertex  3.289465e+00 -8.461576e-01  6.078125e-01
     vertex  3.289465e+00 -6.045529e-01  6.078125e-01
     vertex  3.225240e+00 -6.045529e-01  6.480677e-01
   endloop
 endfacet
 facet normal  5.310843e-01  9.967479e-14  8.473190e-01
   outer loop
     vertex  3.289465e+00 -8.461576e-01  6.078125e-01
     vertex  3.225240e+00 -6.045529e-01  6.480677e-01
     vertex  3.225240e+00 -8.461576e-01  6.480677e-01
   endloop
 endfacet
 facet normal  1.108525e-01 -0.000000e+00  9.938369e-01
   outer loop
     vertex  3.364796e+00 -8.461576e-01  5.994101e-01
     vertex  3.364796e+00 -6.045529e-01  5.994101e-01
     vertex  3.289465e+00 -6.045529e-01  6.078125e-01
   endloop
 endfacet
 facet normal  1.108525e-01  1.169148e-13  9.938369e-01
   outer loop
     vertex  3.364796e+00 -8.461576e-01  5.994101e-01
     vertex  3.289465e+00 -6.045529e-01  6.078125e-01
     vertex  3.289465e+00 -8.461576e-01  6.078125e-01
   endloop
 endfacet
 facet normal  2.175657e-01 -7.002145e-01 -6.799741e-01
   outer loop
     vertex  3.250285e+00 -8.723602e-01  9.405266e-01
     vertex  3.326279e+00 -8.461576e-01  9.378591e-01
     vertex  3.323316e+00 -8.723602e-01  9.638937e-01
   endloop
 endfacet
 facet normal  2.277095e-01 -7.264224e-01 -6.484280e-01
   outer loop
     vertex  3.250285e+00 -8.723602e-01  9.405266e-01
     vertex  3.254762e+00 -8.461576e-01  9.127446e-01
     vertex  3.326279e+00 -8.461576e-01  9.378591e-01
   endloop
 endfacet
 facet normal  4.724536e-01 -7.446960e-01 -4.713974e-01
   outer loop
     vertex  3.191755e+00 -8.723602e-01  8.909905e-01
     vertex  3.201225e+00 -8.461576e-01  8.590872e-01
     vertex  3.254762e+00 -8.461576e-01  9.127446e-01
   endloop
 endfacet
 facet normal  4.754991e-01 -6.769418e-01 -5.618277e-01
   outer loop
     vertex  3.191755e+00 -8.723602e-01  8.909905e-01
     vertex  3.254762e+00 -8.461576e-01  9.127446e-01
     vertex  3.250285e+00 -8.723602e-01  9.405266e-01
   endloop
 endfacet
 facet normal  6.192395e-01 -7.549357e-01 -2.159038e-01
   outer loop
     vertex  3.156638e+00 -8.723602e-01  8.228269e-01
     vertex  3.176270e+00 -8.461576e-01  7.875147e-01
     vertex  3.201225e+00 -8.461576e-01  8.590872e-01
   endloop
 endfacet
 facet normal  6.677208e-01 -6.601578e-01 -3.440067e-01
   outer loop
     vertex  3.156638e+00 -8.723602e-01  8.228269e-01
     vertex  3.201225e+00 -8.461576e-01  8.590872e-01
     vertex  3.191755e+00 -8.723602e-01  8.909905e-01
   endloop
 endfacet
 facet normal  7.561536e-01 -6.513614e-01 -6.292875e-02
   outer loop
     vertex  3.150278e+00 -8.723602e-01  7.464129e-01
     vertex  3.176270e+00 -8.461576e-01  7.875147e-01
     vertex  3.156638e+00 -8.723602e-01  8.228269e-01
   endloop
 endfacet
 facet normal  6.478003e-01 -7.582345e-01  7.372372e-02
   outer loop
     vertex  3.184841e+00 -8.461576e-01  7.122027e-01
     vertex  3.176270e+00 -8.461576e-01  7.875147e-01
     vertex  3.150278e+00 -8.723602e-01  7.464129e-01
   endloop
 endfacet
 facet normal  7.226766e-01 -6.513614e-01  2.312289e-01
   outer loop
     vertex  3.173645e+00 -8.723602e-01  6.733821e-01
     vertex  3.184841e+00 -8.461576e-01  7.122027e-01
     vertex  3.150278e+00 -8.723602e-01  7.464129e-01
   endloop
 endfacet
 facet normal  5.548900e-01 -7.549357e-01  3.495271e-01
   outer loop
     vertex  3.225240e+00 -8.461576e-01  6.480677e-01
     vertex  3.184841e+00 -8.461576e-01  7.122027e-01
     vertex  3.173645e+00 -8.723602e-01  6.733821e-01
   endloop
 endfacet
 facet normal  5.733464e-01 -6.601578e-01  4.852479e-01
   outer loop
     vertex  3.223181e+00 -8.723602e-01  6.148525e-01
     vertex  3.225240e+00 -8.461576e-01  6.480677e-01
     vertex  3.173645e+00 -8.723602e-01  6.733821e-01
   endloop
 endfacet
 facet normal  3.544477e-01 -7.446960e-01  5.655040e-01
   outer loop
     vertex  3.289465e+00 -8.461576e-01  6.078125e-01
     vertex  3.225240e+00 -8.461576e-01  6.480677e-01
     vertex  3.223181e+00 -8.723602e-01  6.148525e-01
   endloop
 endfacet
 facet normal  3.370955e-01 -6.769418e-01  6.543060e-01
   outer loop
     vertex  3.291345e+00 -8.723602e-01  5.797349e-01
     vertex  3.289465e+00 -8.461576e-01  6.078125e-01
     vertex  3.223181e+00 -8.723602e-01  6.148525e-01
   endloop
 endfacet
 facet normal  7.618320e-02 -7.264224e-01  6.830128e-01
   outer loop
     vertex  3.364796e+00 -8.461576e-01  5.994101e-01
     vertex  3.289465e+00 -8.461576e-01  6.078125e-01
     vertex  3.291345e+00 -8.723602e-01  5.797349e-01
   endloop
 endfacet
 facet normal  5.921033e-02 -7.002145e-01  7.114730e-01
   outer loop
     vertex  3.367759e+00 -8.723602e-01  5.733756e-01
     vertex  3.364796e+00 -8.461576e-01  5.994101e-01
     vertex  3.291345e+00 -8.723602e-01  5.797349e-01
   endloop
 endfacet
 facet normal  3.047427e-01  0.000000e+00 -9.524347e-01
   outer loop
     vertex  3.250285e+00 -9.485339e-01  9.405266e-01
     vertex  3.323316e+00 -8.723602e-01  9.638937e-01
     vertex  3.323316e+00 -9.485339e-01  9.638937e-01
   endloop
 endfacet
 facet normal  3.047427e-01  0.000000e+00 -9.524347e-01
   outer loop
     vertex  3.250285e+00 -9.485339e-01  9.405266e-01
     vertex  3.250285e+00 -8.723602e-01  9.405266e-01
     vertex  3.323316e+00 -8.723602e-01  9.638937e-01
   endloop
 endfacet
 facet normal  6.460265e-01  0.000000e+00 -7.633150e-01
   outer loop
     vertex  3.191755e+00 -9.485339e-01  8.909905e-01
     vertex  3.191755e+00 -8.723602e-01  8.909905e-01
     vertex  3.250285e+00 -8.723602e-01  9.405266e-01
   endloop
 endfacet
 facet normal  6.460265e-01  0.000000e+00 -7.633150e-01
   outer loop
     vertex  3.191755e+00 -9.485339e-01  8.909905e-01
     vertex  3.250285e+00 -8.723602e-01  9.405266e-01
     vertex  3.250285e+00 -9.485339e-01  9.405266e-01
   endloop
 endfacet
 facet normal  8.889587e-01  0.000000e+00 -4.579874e-01
   outer loop
     vertex  3.156638e+00 -9.485339e-01  8.228269e-01
     vertex  3.156638e+00 -8.723602e-01  8.228269e-01
     vertex  3.191755e+00 -8.723602e-01  8.909905e-01
   endloop
 endfacet
 facet normal  8.889587e-01  0.000000e+00 -4.579874e-01
   outer loop
     vertex  3.156638e+00 -9.485339e-01  8.228269e-01
     vertex  3.191755e+00 -8.723602e-01  8.909905e-01
     vertex  3.191755e+00 -9.485339e-01  8.909905e-01
   endloop
 endfacet
 facet normal  9.965549e-01  0.000000e+00 -8.293548e-02
   outer loop
     vertex  3.150278e+00 -9.485339e-01  7.464129e-01
     vertex  3.150278e+00 -8.723602e-01  7.464129e-01
     vertex  3.156638e+00 -8.723602e-01  8.228269e-01
   endloop
 endfacet
 facet normal  9.965549e-01  0.000000e+00 -8.293548e-02
   outer loop
     vertex  3.150278e+00 -9.485339e-01  7.464129e-01
     vertex  3.156638e+00 -8.723602e-01  8.228269e-01
     vertex  3.156638e+00 -9.485339e-01  8.228269e-01
   endloop
 endfacet
 facet normal  9.524347e-01 -0.000000e+00  3.047427e-01
   outer loop
     vertex  3.173645e+00 -9.485339e-01  6.733821e-01
     vertex  3.173645e+00 -8.723602e-01  6.733821e-01
     vertex  3.150278e+00 -8.723602e-01  7.464129e-01
   endloop
 endfacet
 facet normal  9.524347e-01  0.000000e+00  3.047427e-01
   outer loop
     vertex  3.173645e+00 -9.485339e-01  6.733821e-01
     vertex  3.150278e+00 -8.723602e-01  7.464129e-01
     vertex  3.150278e+00 -9.485339e-01  7.464129e-01
   endloop
 endfacet
 facet normal  7.633150e-01 -0.000000e+00  6.460265e-01
   outer loop
     vertex  3.223181e+00 -9.485339e-01  6.148525e-01
     vertex  3.223181e+00 -8.723602e-01  6.148525e-01
     vertex  3.173645e+00 -8.723602e-01  6.733821e-01
   endloop
 endfacet
 facet normal  7.633150e-01  0.000000e+00  6.460265e-01
   outer loop
     vertex  3.223181e+00 -9.485339e-01  6.148525e-01
     vertex  3.173645e+00 -8.723602e-01  6.733821e-01
     vertex  3.173645e+00 -9.485339e-01  6.733821e-01
   endloop
 endfacet
 facet normal  4.579874e-01 -0.000000e+00  8.889587e-01
   outer loop
     vertex  3.291345e+00 -9.485339e-01  5.797349e-01
     vertex  3.291345e+00 -8.723602e-01  5.797349e-01
     vertex  3.223181e+00 -8.723602e-01  6.148525e-01
   endloop
 endfacet
 facet normal  4.579874e-01  0.000000e+00  8.889587e-01
   outer loop
     vertex  3.291345e+00 -9.485339e-01  5.797349e-01
     vertex  3.223181e+00 -8.723602e-01  6.148525e-01
     vertex  3.223181e+00 -9.485339e-01  6.148525e-01
   endloop
 endfacet
 facet normal  8.293548e-02 -0.000000e+00  9.965549e-01
   outer loop
     vertex  3.367759e+00 -9.485339e-01  5.733756e-01
     vertex  3.367759e+00 -8.723602e-01  5.733756e-01
     vertex  3.291345e+00 -8.723602e-01  5.797349e-01
   endloop
 endfacet
 facet normal  8.293548e-02  0.000000e+00  9.965549e-01
   outer loop
     vertex  3.367759e+00 -9.485339e-01  5.733756e-01
     vertex  3.291345e+00 -8.723602e-01  5.797349e-01
     vertex  3.291345e+00 -9.485339e-01  5.797349e-01
   endloop
 endfacet
 facet normal  5.186697e-02 -9.854097e-01 -1.621037e-01
   outer loop
     vertex  3.454825e+00 -9.275718e-01  4.738072e-01
     vertex  3.440790e+00 -9.485339e-01  5.967427e-01
     vertex  3.367759e+00 -9.485339e-01  5.733756e-01
   endloop
 endfacet
 facet normal  4.089948e-02 -9.843402e-01 -1.714688e-01
   outer loop
     vertex  3.454825e+00 -9.275718e-01  4.738072e-01
     vertex  3.367759e+00 -9.485339e-01  5.733756e-01
     vertex  3.381092e+00 -9.275718e-01  4.562202e-01
   endloop
 endfacet
 facet normal  1.112283e-01 -9.850667e-01 -1.314222e-01
   outer loop
     vertex  3.522206e+00 -9.275718e-01  5.085285e-01
     vertex  3.499319e+00 -9.485339e-01  6.462788e-01
     vertex  3.440790e+00 -9.485339e-01  5.967427e-01
   endloop
 endfacet
 facet normal  8.165390e-02 -9.839833e-01 -1.584599e-01
   outer loop
     vertex  3.522206e+00 -9.275718e-01  5.085285e-01
     vertex  3.440790e+00 -9.485339e-01  5.967427e-01
     vertex  3.454825e+00 -9.275718e-01  4.738072e-01
   endloop
 endfacet
 facet normal  1.142112e-01 -9.847968e-01 -1.308855e-01
   outer loop
     vertex  3.579320e+00 -9.275718e-01  5.583662e-01
     vertex  3.499319e+00 -9.485339e-01  6.462788e-01
     vertex  3.522206e+00 -9.275718e-01  5.085285e-01
   endloop
 endfacet
 facet normal  1.703946e-01 -9.852739e-01 -1.418061e-02
   outer loop
     vertex  3.659960e+00 -9.275718e-01  7.662727e-01
     vertex  3.540796e+00 -9.485339e-01  7.908563e-01
     vertex  3.534437e+00 -9.485339e-01  7.144424e-01
   endloop
 endfacet
 facet normal  1.736727e-01 -9.845484e-01 -2.241274e-02
   outer loop
     vertex  3.659960e+00 -9.275718e-01  7.662727e-01
     vertex  3.534437e+00 -9.485339e-01  7.144424e-01
     vertex  3.650258e+00 -9.275718e-01  6.910952e-01
   endloop
 endfacet
 facet normal  1.628508e-01 -9.852739e-01  5.210603e-02
   outer loop
     vertex  3.651388e+00 -9.275718e-01  8.415875e-01
     vertex  3.517429e+00 -9.485339e-01  8.638872e-01
     vertex  3.540796e+00 -9.485339e-01  7.908563e-01
   endloop
 endfacet
 facet normal  1.772504e-01 -9.839590e-01  2.017220e-02
   outer loop
     vertex  3.651388e+00 -9.275718e-01  8.415875e-01
     vertex  3.540796e+00 -9.485339e-01  7.908563e-01
     vertex  3.659960e+00 -9.275718e-01  7.662727e-01
   endloop
 endfacet
 facet normal  1.641952e-01 -9.845484e-01  6.086422e-02
   outer loop
     vertex  3.625042e+00 -9.275718e-01  9.126626e-01
     vertex  3.517429e+00 -9.485339e-01  8.638872e-01
     vertex  3.651388e+00 -9.275718e-01  8.415875e-01
   endloop
 endfacet
 facet normal  7.885304e-02 -9.850667e-01  1.530546e-01
   outer loop
     vertex  3.459241e+00 -9.275718e-01  1.061787e+00
     vertex  3.399730e+00 -9.485339e-01  9.575343e-01
     vertex  3.467893e+00 -9.485339e-01  9.224167e-01
   endloop
 endfacet
 facet normal  8.188024e-02 -9.847968e-01  1.532019e-01
   outer loop
     vertex  3.459241e+00 -9.275718e-01  1.061787e+00
     vertex  3.467893e+00 -9.485339e-01  9.224167e-01
     vertex  3.526093e+00 -9.275718e-01  1.026057e+00
   endloop
 endfacet
 facet normal  1.411555e-02 -9.854097e-01  1.696129e-01
   outer loop
     vertex  3.385781e+00 -9.275718e-01  1.080480e+00
     vertex  3.323316e+00 -9.485339e-01  9.638937e-01
     vertex  3.399730e+00 -9.485339e-01  9.575343e-01
   endloop
 endfacet
 facet normal  4.395952e-02 -9.839833e-01  1.727555e-01
   outer loop
     vertex  3.385781e+00 -9.275718e-01  1.080480e+00
     vertex  3.399730e+00 -9.485339e-01  9.575343e-01
     vertex  3.459241e+00 -9.275718e-01  1.061787e+00
   endloop
 endfacet
 facet normal  1.324160e-03 -9.843402e-01  1.762741e-01
   outer loop
     vertex  3.309983e+00 -9.275718e-01  1.081049e+00
     vertex  3.323316e+00 -9.485339e-01  9.638937e-01
     vertex  3.385781e+00 -9.275718e-01  1.080480e+00
   endloop
 endfacet
 facet normal -1.601098e-01 -9.836466e-01  8.248782e-02
   outer loop
     vertex  3.544743e+00 -9.554589e-01  6.518677e-01
     vertex  3.534437e+00 -9.485339e-01  7.144424e-01
     vertex  3.499319e+00 -9.485339e-01  6.462788e-01
   endloop
 endfacet
 facet normal -1.042797e-01 -9.418415e-01 -3.194690e-01
   outer loop
     vertex  3.544743e+00 -9.554589e-01  6.518677e-01
     vertex  3.499319e+00 -9.485339e-01  6.462788e-01
     vertex  3.579320e+00 -9.275718e-01  5.583662e-01
   endloop
 endfacet
 facet normal  2.037277e-01 -9.688536e-01  1.407755e-01
   outer loop
     vertex  3.544743e+00 -9.554589e-01  6.518677e-01
     vertex  3.650258e+00 -9.275718e-01  6.910952e-01
     vertex  3.534437e+00 -9.485339e-01  7.144424e-01
   endloop
 endfacet
 facet normal  3.715267e-01 -8.911013e-01 -2.605884e-01
   outer loop
     vertex  3.581788e+00 -9.475358e-01  6.301536e-01
     vertex  3.579320e+00 -9.275718e-01  5.583662e-01
     vertex  3.622847e+00 -9.275718e-01  6.204239e-01
   endloop
 endfacet
 facet normal  4.018193e-01 -9.023587e-01 -1.558524e-01
   outer loop
     vertex  3.581788e+00 -9.475358e-01  6.301536e-01
     vertex  3.622847e+00 -9.275718e-01  6.204239e-01
     vertex  3.650258e+00 -9.275718e-01  6.910952e-01
   endloop
 endfacet
 facet normal  4.796491e-02 -9.619023e-01 -2.691530e-01
   outer loop
     vertex  3.581788e+00 -9.475358e-01  6.301536e-01
     vertex  3.544743e+00 -9.554589e-01  6.518677e-01
     vertex  3.579320e+00 -9.275718e-01  5.583662e-01
   endloop
 endfacet
 facet normal  2.374047e-01 -9.700683e-01  5.105413e-02
   outer loop
     vertex  3.581788e+00 -9.475358e-01  6.301536e-01
     vertex  3.650258e+00 -9.275718e-01  6.910952e-01
     vertex  3.544743e+00 -9.554589e-01  6.518677e-01
   endloop
 endfacet
 facet normal -1.374802e-01 -9.836466e-01 -1.163554e-01
   outer loop
     vertex  3.513411e+00 -9.554589e-01  9.271775e-01
     vertex  3.467893e+00 -9.485339e-01  9.224167e-01
     vertex  3.517429e+00 -9.485339e-01  8.638872e-01
   endloop
 endfacet
 facet normal  2.301504e-01 -9.688536e-01 -9.139745e-02
   outer loop
     vertex  3.513411e+00 -9.554589e-01  9.271775e-01
     vertex  3.517429e+00 -9.485339e-01  8.638872e-01
     vertex  3.625042e+00 -9.275718e-01  9.126626e-01
   endloop
 endfacet
 facet normal -1.733984e-01 -9.418415e-01  2.878675e-01
   outer loop
     vertex  3.513411e+00 -9.554589e-01  9.271775e-01
     vertex  3.526093e+00 -9.275718e-01  1.026057e+00
     vertex  3.467893e+00 -9.485339e-01  9.224167e-01
   endloop
 endfacet
 facet normal  3.565234e-01 -9.023587e-01  2.421566e-01
   outer loop
     vertex  3.544629e+00 -9.475358e-01  9.566604e-01
     vertex  3.625042e+00 -9.275718e-01  9.126626e-01
     vertex  3.582452e+00 -9.275718e-01  9.753672e-01
   endloop
 endfacet
 facet normal  3.034710e-01 -8.911013e-01  3.374074e-01
   outer loop
     vertex  3.544629e+00 -9.475358e-01  9.566604e-01
     vertex  3.582452e+00 -9.275718e-01  9.753672e-01
     vertex  3.526093e+00 -9.275718e-01  1.026057e+00
   endloop
 endfacet
 facet normal  2.428057e-01 -9.700683e-01  3.596811e-03
   outer loop
     vertex  3.544629e+00 -9.475358e-01  9.566604e-01
     vertex  3.513411e+00 -9.554589e-01  9.271775e-01
     vertex  3.625042e+00 -9.275718e-01  9.126626e-01
   endloop
 endfacet
 facet normal -1.374094e-02 -9.619023e-01  2.730479e-01
   outer loop
     vertex  3.544629e+00 -9.475358e-01  9.566604e-01
     vertex  3.526093e+00 -9.275718e-01  1.026057e+00
     vertex  3.513411e+00 -9.554589e-01  9.271775e-01
   endloop
 endfacet
 facet normal -4.649322e-12 -1.000000e+00  2.806826e-12
   outer loop
     vertex  3.622847e+00 -9.275718e-01  6.204239e-01
     vertex  3.581268e+00 -9.275718e-01  5.566139e-01
     vertex  3.625158e+00 -9.275718e-01  6.191889e-01
   endloop
 endfacet
 facet normal  9.071806e-12 -1.000000e+00 -6.133961e-12
   outer loop
     vertex  3.622847e+00 -9.275718e-01  6.204239e-01
     vertex  3.579320e+00 -9.275718e-01  5.583662e-01
     vertex  3.581268e+00 -9.275718e-01  5.566139e-01
   endloop
 endfacet
 facet normal  7.493885e-12 -1.000000e+00 -8.022388e-12
   outer loop
     vertex  3.522206e+00 -9.275718e-01  5.085285e-01
     vertex  3.523678e+00 -9.275718e-01  5.063609e-01
     vertex  3.581268e+00 -9.275718e-01  5.566139e-01
   endloop
 endfacet
 facet normal  7.436600e-12 -1.000000e+00 -7.952027e-12
   outer loop
     vertex  3.522206e+00 -9.275718e-01  5.085285e-01
     vertex  3.581268e+00 -9.275718e-01  5.566139e-01
     vertex  3.579320e+00 -9.275718e-01  5.583662e-01
   endloop
 endfacet
 facet normal  0.000000e+00 -1.000000e+00 -0.000000e+00
   outer loop
     vertex  3.650258e+00 -9.275718e-01  6.910952e-01
     vertex  3.625158e+00 -9.275718e-01  6.191889e-01
     vertex  3.652797e+00 -9.275718e-01  6.904490e-01
   endloop
 endfacet
 facet normal -5.182583e-12 -1.000000e+00  1.809068e-12
   outer loop
     vertex  3.650258e+00 -9.275718e-01  6.910952e-01
     vertex  3.622847e+00 -9.275718e-01  6.204239e-01
     vertex  3.625158e+00 -9.275718e-01  6.191889e-01
   endloop
 endfacet
 facet normal -2.502506e-12 -1.000000e+00  4.856435e-12
   outer loop
     vertex  3.454825e+00 -9.275718e-01  4.738072e-01
     vertex  3.455735e+00 -9.275718e-01  4.713503e-01
     vertex  3.523678e+00 -9.275718e-01  5.063609e-01
   endloop
 endfacet
 facet normal  4.536340e-12 -1.000000e+00 -1.003120e-11
   outer loop
     vertex  3.454825e+00 -9.275718e-01  4.738072e-01
     vertex  3.523678e+00 -9.275718e-01  5.063609e-01
     vertex  3.522206e+00 -9.275718e-01  5.085285e-01
   endloop
 endfacet
 facet normal -1.083671e-11 -1.000000e+00  1.398495e-12
   outer loop
     vertex  3.659960e+00 -9.275718e-01  7.662727e-01
     vertex  3.652797e+00 -9.275718e-01  6.904490e-01
     vertex  3.662580e+00 -9.275718e-01  7.662530e-01
   endloop
 endfacet
 facet normal  9.314312e-14 -1.000000e+00  3.660409e-13
   outer loop
     vertex  3.659960e+00 -9.275718e-01  7.662727e-01
     vertex  3.650258e+00 -9.275718e-01  6.910952e-01
     vertex  3.652797e+00 -9.275718e-01  6.904490e-01
   endloop
 endfacet
 facet normal -2.162952e-12 -1.000000e+00  1.067077e-11
   outer loop
     vertex  3.381092e+00 -9.275718e-01  4.562202e-01
     vertex  3.381388e+00 -9.275718e-01  4.536167e-01
     vertex  3.455735e+00 -9.275718e-01  4.713503e-01
   endloop
 endfacet
 facet normal -1.090489e-12 -1.000000e+00  5.379845e-12
   outer loop
     vertex  3.381092e+00 -9.275718e-01  4.562202e-01
     vertex  3.455735e+00 -9.275718e-01  4.713503e-01
     vertex  3.454825e+00 -9.275718e-01  4.738072e-01
   endloop
 endfacet
 facet normal  1.081304e-11 -1.000000e+00  1.417718e-12
   outer loop
     vertex  3.651388e+00 -9.275718e-01  8.415875e-01
     vertex  3.662580e+00 -9.275718e-01  7.662530e-01
     vertex  3.653937e+00 -9.275718e-01  8.421955e-01
   endloop
 endfacet
 facet normal -1.086075e-11 -1.000000e+00 -1.802079e-12
   outer loop
     vertex  3.651388e+00 -9.275718e-01  8.415875e-01
     vertex  3.659960e+00 -9.275718e-01  7.662727e-01
     vertex  3.662580e+00 -9.275718e-01  7.662530e-01
   endloop
 endfacet
 facet normal -5.982937e-13 -1.000000e+00 -5.391218e-12
   outer loop
     vertex  3.305293e+00 -9.275718e-01  4.567896e-01
     vertex  3.304958e+00 -9.275718e-01  4.541909e-01
     vertex  3.381388e+00 -9.275718e-01  4.536167e-01
   endloop
 endfacet
 facet normal  8.207740e-14 -1.000000e+00  1.092627e-11
   outer loop
     vertex  3.305293e+00 -9.275718e-01  4.567896e-01
     vertex  3.381388e+00 -9.275718e-01  4.536167e-01
     vertex  3.381092e+00 -9.275718e-01  4.562202e-01
   endloop
 endfacet
 facet normal -5.036880e-12 -1.000000e+00 -2.065370e-12
   outer loop
     vertex  3.625042e+00 -9.275718e-01  9.126626e-01
     vertex  3.653937e+00 -9.275718e-01  8.421955e-01
     vertex  3.627371e+00 -9.275718e-01  9.138628e-01
   endloop
 endfacet
 facet normal  1.015771e-11 -1.000000e+00  4.165162e-12
   outer loop
     vertex  3.625042e+00 -9.275718e-01  9.126626e-01
     vertex  3.651388e+00 -9.275718e-01  8.415875e-01
     vertex  3.653937e+00 -9.275718e-01  8.421955e-01
   endloop
 endfacet
 facet normal -1.172642e-12 -1.000000e+00 -5.362291e-12
   outer loop
     vertex  3.231833e+00 -9.275718e-01  4.754823e-01
     vertex  3.230886e+00 -9.275718e-01  4.730393e-01
     vertex  3.304958e+00 -9.275718e-01  4.541909e-01
   endloop
 endfacet
 facet normal -1.159960e-12 -1.000000e+00 -5.318734e-12
   outer loop
     vertex  3.231833e+00 -9.275718e-01  4.754823e-01
     vertex  3.304958e+00 -9.275718e-01  4.541909e-01
     vertex  3.305293e+00 -9.275718e-01  4.567896e-01
   endloop
 endfacet
 facet normal -1.231410e-13 -1.000000e+00  1.411191e-13
   outer loop
     vertex  3.582452e+00 -9.275718e-01  9.753672e-01
     vertex  3.627371e+00 -9.275718e-01  9.138628e-01
     vertex  3.584426e+00 -9.275718e-01  9.770900e-01
   endloop
 endfacet
 facet normal -4.519383e-12 -1.000000e+00 -3.069639e-12
   outer loop
     vertex  3.582452e+00 -9.275718e-01  9.753672e-01
     vertex  3.625042e+00 -9.275718e-01  9.126626e-01
     vertex  3.627371e+00 -9.275718e-01  9.138628e-01
   endloop
 endfacet
 facet normal  2.575182e-12 -1.000000e+00  4.818292e-12
   outer loop
     vertex  3.164981e+00 -9.275718e-01  5.112119e-01
     vertex  3.163477e+00 -9.275718e-01  5.090667e-01
     vertex  3.230886e+00 -9.275718e-01  4.730393e-01
   endloop
 endfacet
 facet normal -2.927327e-12 -1.000000e+00 -4.681707e-12
   outer loop
     vertex  3.164981e+00 -9.275718e-01  5.112119e-01
     vertex  3.230886e+00 -9.275718e-01  4.730393e-01
     vertex  3.231833e+00 -9.275718e-01  4.754823e-01
   endloop
 endfacet
 facet normal  0.000000e+00 -1.000000e+00  0.000000e+00
   outer loop
     vertex  3.527598e+00 -9.275718e-01  1.028203e+00
     vertex  3.582452e+00 -9.275718e-01  9.753672e-01
     vertex  3.584426e+00 -9.275718e-01  9.770900e-01
   endloop
 endfacet
 facet normal  3.808058e-12 -1.000000e+00  3.953555e-12
   outer loop
     vertex  3.527598e+00 -9.275718e-01  1.028203e+00
     vertex  3.526093e+00 -9.275718e-01  1.026057e+00
     vertex  3.582452e+00 -9.275718e-01  9.753672e-01
   endloop
 endfacet
 facet normal  3.653445e-12 -1.000000e+00  4.062000e-12
   outer loop
     vertex  3.106648e+00 -9.275718e-01  5.601793e-01
     vertex  3.163477e+00 -9.275718e-01  5.090667e-01
     vertex  3.164981e+00 -9.275718e-01  5.112119e-01
   endloop
 endfacet
 facet normal  1.241672e-13 -1.000000e+00 -1.422951e-13
   outer loop
     vertex  3.106648e+00 -9.275718e-01  5.601793e-01
     vertex  3.164981e+00 -9.275718e-01  5.112119e-01
     vertex  3.108623e+00 -9.275718e-01  5.619020e-01
   endloop
 endfacet
 facet normal  2.728517e-12 -1.000000e+00  4.710743e-12
   outer loop
     vertex  3.460189e+00 -9.275718e-01  1.064230e+00
     vertex  3.526093e+00 -9.275718e-01  1.026057e+00
     vertex  3.527598e+00 -9.275718e-01  1.028203e+00
   endloop
 endfacet
 facet normal  0.000000e+00 -1.000000e+00 -0.000000e+00
   outer loop
     vertex  3.460189e+00 -9.275718e-01  1.064230e+00
     vertex  3.459241e+00 -9.275718e-01  1.061787e+00
     vertex  3.526093e+00 -9.275718e-01  1.026057e+00
   endloop
 endfacet
 facet normal  0.000000e+00 -1.000000e+00  0.000000e+00
   outer loop
     vertex  3.063703e+00 -9.275718e-01  6.234065e-01
     vertex  3.106648e+00 -9.275718e-01  5.601793e-01
     vertex  3.108623e+00 -9.275718e-01  5.619020e-01
   endloop
 endfacet
 facet normal  0.000000e+00 -1.000000e+00  0.000000e+00
   outer loop
     vertex  3.063703e+00 -9.275718e-01  6.234065e-01
     vertex  3.108623e+00 -9.275718e-01  5.619020e-01
     vertex  3.066033e+00 -9.275718e-01  6.246067e-01
   endloop
 endfacet
 facet normal  0.000000e+00 -1.000000e+00 -0.000000e+00
   outer loop
     vertex  3.386117e+00 -9.275718e-01  1.083078e+00
     vertex  3.385781e+00 -9.275718e-01  1.080480e+00
     vertex  3.459241e+00 -9.275718e-01  1.061787e+00
   endloop
 endfacet
 facet normal  0.000000e+00 -1.000000e+00  0.000000e+00
   outer loop
     vertex  3.386117e+00 -9.275718e-01  1.083078e+00
     vertex  3.459241e+00 -9.275718e-01  1.061787e+00
     vertex  3.460189e+00 -9.275718e-01  1.064230e+00
   endloop
 endfacet
 facet normal -8.579078e-14 -1.000000e+00  1.664880e-13
   outer loop
     vertex  3.037138e+00 -9.275718e-01  6.950738e-01
     vertex  3.063703e+00 -9.275718e-01  6.234065e-01
     vertex  3.066033e+00 -9.275718e-01  6.246067e-01
   endloop
 endfacet
 facet normal -5.122670e-12 -1.000000e+00 -1.898882e-12
   outer loop
     vertex  3.037138e+00 -9.275718e-01  6.950738e-01
     vertex  3.066033e+00 -9.275718e-01  6.246067e-01
     vertex  3.039686e+00 -9.275718e-01  6.956817e-01
   endloop
 endfacet
 facet normal  0.000000e+00 -1.000000e+00  0.000000e+00
   outer loop
     vertex  3.309686e+00 -9.275718e-01  1.083653e+00
     vertex  3.385781e+00 -9.275718e-01  1.080480e+00
     vertex  3.386117e+00 -9.275718e-01  1.083078e+00
   endloop
 endfacet
 facet normal  2.286803e-13 -1.000000e+00  5.484488e-12
   outer loop
     vertex  3.309686e+00 -9.275718e-01  1.083653e+00
     vertex  3.309983e+00 -9.275718e-01  1.081049e+00
     vertex  3.385781e+00 -9.275718e-01  1.080480e+00
   endloop
 endfacet
 facet normal -5.384792e-12 -1.000000e+00 -7.999497e-13
   outer loop
     vertex  3.028495e+00 -9.275718e-01  7.710162e-01
     vertex  3.037138e+00 -9.275718e-01  6.950738e-01
     vertex  3.039686e+00 -9.275718e-01  6.956817e-01
   endloop
 endfacet
 facet normal  5.429666e-12 -1.000000e+00  8.066159e-13
   outer loop
     vertex  3.028495e+00 -9.275718e-01  7.710162e-01
     vertex  3.039686e+00 -9.275718e-01  6.956817e-01
     vertex  3.031115e+00 -9.275718e-01  7.709965e-01
   endloop
 endfacet
 facet normal -1.455209e-12 -1.000000e+00  5.292850e-12
   outer loop
     vertex  3.236250e+00 -9.275718e-01  1.063462e+00
     vertex  3.309983e+00 -9.275718e-01  1.081049e+00
     vertex  3.309686e+00 -9.275718e-01  1.083653e+00
   endloop
 endfacet
 facet normal  0.000000e+00 -1.000000e+00  0.000000e+00
   outer loop
     vertex  3.235339e+00 -9.275718e-01  1.065919e+00
     vertex  3.236250e+00 -9.275718e-01  1.063462e+00
     vertex  3.309686e+00 -9.275718e-01  1.083653e+00
   endloop
 endfacet
 facet normal  5.418354e-12 -1.000000e+00 -6.992474e-13
   outer loop
     vertex  3.038278e+00 -9.275718e-01  8.468203e-01
     vertex  3.028495e+00 -9.275718e-01  7.710162e-01
     vertex  3.031115e+00 -9.275718e-01  7.709965e-01
   endloop
 endfacet
 facet normal  5.418354e-12 -1.000000e+00 -6.992474e-13
   outer loop
     vertex  3.038278e+00 -9.275718e-01  8.468203e-01
     vertex  3.031115e+00 -9.275718e-01  7.709965e-01
     vertex  3.040817e+00 -9.275718e-01  8.461741e-01
   endloop
 endfacet
 facet normal -1.756151e-13 -1.000000e+00 -6.509735e-14
   outer loop
     vertex  3.167397e+00 -9.275718e-01  1.030908e+00
     vertex  3.236250e+00 -9.275718e-01  1.063462e+00
     vertex  3.235339e+00 -9.275718e-01  1.065919e+00
   endloop
 endfacet
 facet normal -2.502506e-12 -1.000000e+00  4.856435e-12
   outer loop
     vertex  3.167397e+00 -9.275718e-01  1.030908e+00
     vertex  3.168869e+00 -9.275718e-01  1.028741e+00
     vertex  3.236250e+00 -9.275718e-01  1.063462e+00
   endloop
 endfacet
 facet normal -5.182583e-12 -1.000000e+00  1.809068e-12
   outer loop
     vertex  3.065917e+00 -9.275718e-01  9.180804e-01
     vertex  3.040817e+00 -9.275718e-01  8.461741e-01
     vertex  3.068228e+00 -9.275718e-01  9.168453e-01
   endloop
 endfacet
 facet normal  5.139752e-12 -1.000000e+00 -1.794118e-12
   outer loop
     vertex  3.065917e+00 -9.275718e-01  9.180804e-01
     vertex  3.038278e+00 -9.275718e-01  8.468203e-01
     vertex  3.040817e+00 -9.275718e-01  8.461741e-01
   endloop
 endfacet
 facet normal -3.748234e-12 -1.000000e+00  4.010317e-12
   outer loop
     vertex  3.111755e+00 -9.275718e-01  9.789031e-01
     vertex  3.168869e+00 -9.275718e-01  1.028741e+00
     vertex  3.167397e+00 -9.275718e-01  1.030908e+00
   endloop
 endfacet
 facet normal -4.346467e-12 -1.000000e+00  3.277601e-12
   outer loop
     vertex  3.109807e+00 -9.275718e-01  9.806553e-01
     vertex  3.068228e+00 -9.275718e-01  9.168453e-01
     vertex  3.111755e+00 -9.275718e-01  9.789031e-01
   endloop
 endfacet
 facet normal -3.717256e-12 -1.000000e+00  3.977174e-12
   outer loop
     vertex  3.109807e+00 -9.275718e-01  9.806553e-01
     vertex  3.111755e+00 -9.275718e-01  9.789031e-01
     vertex  3.167397e+00 -9.275718e-01  1.030908e+00
   endloop
 endfacet
 facet normal -4.384475e-12 -1.000000e+00  3.302368e-12
   outer loop
     vertex  3.109807e+00 -9.275718e-01  9.806553e-01
     vertex  3.065917e+00 -9.275718e-01  9.180804e-01
     vertex  3.068228e+00 -9.275718e-01  9.168453e-01
   endloop
 endfacet
 facet normal  0.000000e+00  1.000000e+00 -0.000000e+00
   outer loop
     vertex  3.582452e+00 -5.712166e-01  9.753672e-01
     vertex  3.527598e+00 -5.712166e-01  1.028203e+00
     vertex  3.584426e+00 -5.712166e-01  9.770900e-01
   endloop
 endfacet
 facet normal -3.808058e-12  1.000000e+00 -3.953555e-12
   outer loop
     vertex  3.582452e+00 -5.712166e-01  9.753672e-01
     vertex  3.526093e+00 -5.712166e-01  1.026057e+00
     vertex  3.527598e+00 -5.712166e-01  1.028203e+00
   endloop
 endfacet
 facet normal -0.000000e+00  1.000000e+00  0.000000e+00
   outer loop
     vertex  3.459241e+00 -5.712166e-01  1.061787e+00
     vertex  3.460189e+00 -5.712166e-01  1.064230e+00
     vertex  3.527598e+00 -5.712166e-01  1.028203e+00
   endloop
 endfacet
 facet normal -2.420570e-12  1.000000e+00 -4.926737e-12
   outer loop
     vertex  3.459241e+00 -5.712166e-01  1.061787e+00
     vertex  3.527598e+00 -5.712166e-01  1.028203e+00
     vertex  3.526093e+00 -5.712166e-01  1.026057e+00
   endloop
 endfacet
 facet normal -4.519383e-12  1.000000e+00 -3.069639e-12
   outer loop
     vertex  3.625042e+00 -5.712166e-01  9.126626e-01
     vertex  3.584426e+00 -5.712166e-01  9.770900e-01
     vertex  3.627371e+00 -5.712166e-01  9.138628e-01
   endloop
 endfacet
 facet normal  1.241672e-13  1.000000e+00 -1.422951e-13
   outer loop
     vertex  3.625042e+00 -5.712166e-01  9.126626e-01
     vertex  3.582452e+00 -5.712166e-01  9.753672e-01
     vertex  3.584426e+00 -5.712166e-01  9.770900e-01
   endloop
 endfacet
 facet normal -0.000000e+00  1.000000e+00  0.000000e+00
   outer loop
     vertex  3.385781e+00 -5.712166e-01  1.080480e+00
     vertex  3.386117e+00 -5.712166e-01  1.083078e+00
     vertex  3.460189e+00 -5.712166e-01  1.064230e+00
   endloop
 endfacet
 facet normal  0.000000e+00  1.000000e+00  0.000000e+00
   outer loop
     vertex  3.385781e+00 -5.712166e-01  1.080480e+00
     vertex  3.460189e+00 -5.712166e-01  1.064230e+00
     vertex  3.459241e+00 -5.712166e-01  1.061787e+00
   endloop
 endfacet
 facet normal -5.122670e-12  1.000000e+00 -1.898882e-12
   outer loop
     vertex  3.651388e+00 -5.712166e-01  8.415875e-01
     vertex  3.627371e+00 -5.712166e-01  9.138628e-01
     vertex  3.653937e+00 -5.712166e-01  8.421955e-01
   endloop
 endfacet
 facet normal -5.122670e-12  1.000000e+00 -1.898882e-12
   outer loop
     vertex  3.651388e+00 -5.712166e-01  8.415875e-01
     vertex  3.625042e+00 -5.712166e-01  9.126626e-01
     vertex  3.627371e+00 -5.712166e-01  9.138628e-01
   endloop
 endfacet
 facet normal -2.271295e-13  1.000000e+00 -5.484311e-12
   outer loop
     vertex  3.309983e+00 -5.712166e-01  1.081049e+00
     vertex  3.309686e+00 -5.712166e-01  1.083653e+00
     vertex  3.386117e+00 -5.712166e-01  1.083078e+00
   endloop
 endfacet
 facet normal -3.745992e-13  1.000000e+00  4.834264e-14
   outer loop
     vertex  3.309983e+00 -5.712166e-01  1.081049e+00
     vertex  3.386117e+00 -5.712166e-01  1.083078e+00
     vertex  3.385781e+00 -5.712166e-01  1.080480e+00
   endloop
 endfacet
 facet normal -5.428247e-12  1.000000e+00 -6.177684e-13
   outer loop
     vertex  3.659960e+00 -5.712166e-01  7.662727e-01
     vertex  3.653937e+00 -5.712166e-01  8.421955e-01
     vertex  3.662580e+00 -5.712166e-01  7.662530e-01
   endloop
 endfacet
 facet normal -5.428247e-12  1.000000e+00 -6.177684e-13
   outer loop
     vertex  3.659960e+00 -5.712166e-01  7.662727e-01
     vertex  3.651388e+00 -5.712166e-01  8.415875e-01
     vertex  3.653937e+00 -5.712166e-01  8.421955e-01
   endloop
 endfacet
 facet normal  1.618797e-12  1.000000e+00 -5.184011e-12
   outer loop
     vertex  3.236250e+00 -5.712166e-01  1.063462e+00
     vertex  3.235339e+00 -5.712166e-01  1.065919e+00
     vertex  3.309686e+00 -5.712166e-01  1.083653e+00
   endloop
 endfacet
 facet normal  1.642850e-12  1.000000e+00 -5.271496e-12
   outer loop
     vertex  3.236250e+00 -5.712166e-01  1.063462e+00
     vertex  3.309686e+00 -5.712166e-01  1.083653e+00
     vertex  3.309983e+00 -5.712166e-01  1.081049e+00
   endloop
 endfacet
 facet normal -5.418354e-12  1.000000e+00  6.992474e-13
   outer loop
     vertex  3.650258e+00 -5.712166e-01  6.910952e-01
     vertex  3.662580e+00 -5.712166e-01  7.662530e-01
     vertex  3.652797e+00 -5.712166e-01  6.904490e-01
   endloop
 endfacet
 facet normal -5.418354e-12  1.000000e+00  6.992474e-13
   outer loop
     vertex  3.650258e+00 -5.712166e-01  6.910952e-01
     vertex  3.659960e+00 -5.712166e-01  7.662727e-01
     vertex  3.662580e+00 -5.712166e-01  7.662530e-01
   endloop
 endfacet
 facet normal -5.314879e-12  1.000000e+00  9.502404e-12
   outer loop
     vertex  3.168869e+00 -5.712166e-01  1.028741e+00
     vertex  3.167397e+00 -5.712166e-01  1.030908e+00
     vertex  3.235339e+00 -5.712166e-01  1.065919e+00
   endloop
 endfacet
 facet normal  2.679585e-12  1.000000e+00 -4.790796e-12
   outer loop
     vertex  3.168869e+00 -5.712166e-01  1.028741e+00
     vertex  3.235339e+00 -5.712166e-01  1.065919e+00
     vertex  3.236250e+00 -5.712166e-01  1.063462e+00
   endloop
 endfacet
 facet normal -8.828225e-14  1.000000e+00 -1.651804e-13
   outer loop
     vertex  3.622847e+00 -5.712166e-01  6.204239e-01
     vertex  3.652797e+00 -5.712166e-01  6.904490e-01
     vertex  3.625158e+00 -5.712166e-01  6.191889e-01
   endloop
 endfacet
 facet normal -5.093565e-12  1.000000e+00  1.975625e-12
   outer loop
     vertex  3.622847e+00 -5.712166e-01  6.204239e-01
     vertex  3.650258e+00 -5.712166e-01  6.910952e-01
     vertex  3.652797e+00 -5.712166e-01  6.904490e-01
   endloop
 endfacet
 facet normal -3.592009e-12  1.000000e+00  4.116427e-12
   outer loop
     vertex  3.111755e+00 -5.712166e-01  9.789031e-01
     vertex  3.109807e+00 -5.712166e-01  9.806553e-01
     vertex  3.167397e+00 -5.712166e-01  1.030908e+00
   endloop
 endfacet
 facet normal -7.340243e-12  1.000000e+00  8.126744e-12
   outer loop
     vertex  3.111755e+00 -5.712166e-01  9.789031e-01
     vertex  3.167397e+00 -5.712166e-01  1.030908e+00
     vertex  3.168869e+00 -5.712166e-01  1.028741e+00
   endloop
 endfacet
 facet normal  0.000000e+00  1.000000e+00  0.000000e+00
   outer loop
     vertex  3.581268e+00 -5.712166e-01  5.566139e-01
     vertex  3.622847e+00 -5.712166e-01  6.204239e-01
     vertex  3.625158e+00 -5.712166e-01  6.191889e-01
   endloop
 endfacet
 facet normal  0.000000e+00  1.000000e+00 -0.000000e+00
   outer loop
     vertex  3.581268e+00 -5.712166e-01  5.566139e-01
     vertex  3.579320e+00 -5.712166e-01  5.583662e-01
     vertex  3.622847e+00 -5.712166e-01  6.204239e-01
   endloop
 endfacet
 facet normal -4.347510e-12  1.000000e+00  3.276441e-12
   outer loop
     vertex  3.065917e+00 -5.712166e-01  9.180804e-01
     vertex  3.109807e+00 -5.712166e-01  9.806553e-01
     vertex  3.111755e+00 -5.712166e-01  9.789031e-01
   endloop
 endfacet
 facet normal -0.000000e+00  1.000000e+00  0.000000e+00
   outer loop
     vertex  3.065917e+00 -5.712166e-01  9.180804e-01
     vertex  3.111755e+00 -5.712166e-01  9.789031e-01
     vertex  3.068228e+00 -5.712166e-01  9.168453e-01
   endloop
 endfacet
 facet normal  0.000000e+00  1.000000e+00  0.000000e+00
   outer loop
     vertex  3.523678e+00 -5.712166e-01  5.063609e-01
     vertex  3.579320e+00 -5.712166e-01  5.583662e-01
     vertex  3.581268e+00 -5.712166e-01  5.566139e-01
   endloop
 endfacet
 facet normal  0.000000e+00  1.000000e+00 -0.000000e+00
   outer loop
     vertex  3.523678e+00 -5.712166e-01  5.063609e-01
     vertex  3.522206e+00 -5.712166e-01  5.085285e-01
     vertex  3.579320e+00 -5.712166e-01  5.583662e-01
   endloop
 endfacet
 facet normal  8.828225e-14  1.000000e+00  1.651804e-13
   outer loop
     vertex  3.038278e+00 -5.712166e-01  8.468203e-01
     vertex  3.065917e+00 -5.712166e-01  9.180804e-01
     vertex  3.068228e+00 -5.712166e-01  9.168453e-01
   endloop
 endfacet
 facet normal  1.014056e-11  1.000000e+00 -4.134271e-12
   outer loop
     vertex  3.038278e+00 -5.712166e-01  8.468203e-01
     vertex  3.068228e+00 -5.712166e-01  9.168453e-01
     vertex  3.040817e+00 -5.712166e-01  8.461741e-01
   endloop
 endfacet
 facet normal  0.000000e+00  1.000000e+00  0.000000e+00
   outer loop
     vertex  3.455735e+00 -5.712166e-01  4.713503e-01
     vertex  3.522206e+00 -5.712166e-01  5.085285e-01
     vertex  3.523678e+00 -5.712166e-01  5.063609e-01
   endloop
 endfacet
 facet normal  2.679585e-12  1.000000e+00 -4.790796e-12
   outer loop
     vertex  3.455735e+00 -5.712166e-01  4.713503e-01
     vertex  3.454825e+00 -5.712166e-01  4.738072e-01
     vertex  3.522206e+00 -5.712166e-01  5.085285e-01
   endloop
 endfacet
 facet normal  1.079052e-11  1.000000e+00 -1.580003e-12
   outer loop
     vertex  3.028495e+00 -5.712166e-01  7.710162e-01
     vertex  3.038278e+00 -5.712166e-01  8.468203e-01
     vertex  3.040817e+00 -5.712166e-01  8.461741e-01
   endloop
 endfacet
 facet normal  5.418354e-12  1.000000e+00 -6.992474e-13
   outer loop
     vertex  3.028495e+00 -5.712166e-01  7.710162e-01
     vertex  3.040817e+00 -5.712166e-01  8.461741e-01
     vertex  3.031115e+00 -5.712166e-01  7.709965e-01
   endloop
 endfacet
 facet normal -1.642850e-12  1.000000e+00  5.271496e-12
   outer loop
     vertex  3.381388e+00 -5.712166e-01  4.536167e-01
     vertex  3.381092e+00 -5.712166e-01  4.562202e-01
     vertex  3.454825e+00 -5.712166e-01  4.738072e-01
   endloop
 endfacet
 facet normal  1.267567e-12  1.000000e+00 -5.314205e-12
   outer loop
     vertex  3.381388e+00 -5.712166e-01  4.536167e-01
     vertex  3.454825e+00 -5.712166e-01  4.738072e-01
     vertex  3.455735e+00 -5.712166e-01  4.713503e-01
   endloop
 endfacet
 facet normal  5.426840e-12  1.000000e+00  4.304816e-13
   outer loop
     vertex  3.037138e+00 -5.712166e-01  6.950738e-01
     vertex  3.028495e+00 -5.712166e-01  7.710162e-01
     vertex  3.031115e+00 -5.712166e-01  7.709965e-01
   endloop
 endfacet
 facet normal -5.472064e-12  1.000000e+00 -4.340690e-13
   outer loop
     vertex  3.037138e+00 -5.712166e-01  6.950738e-01
     vertex  3.031115e+00 -5.712166e-01  7.709965e-01
     vertex  3.039686e+00 -5.712166e-01  6.956817e-01
   endloop
 endfacet
 facet normal  5.208601e-13  1.000000e+00 -5.535647e-12
   outer loop
     vertex  3.304958e+00 -5.712166e-01  4.541909e-01
     vertex  3.305293e+00 -5.712166e-01  4.567896e-01
     vertex  3.381092e+00 -5.712166e-01  4.562202e-01
   endloop
 endfacet
 facet normal  2.271295e-13  1.000000e+00  5.484311e-12
   outer loop
     vertex  3.304958e+00 -5.712166e-01  4.541909e-01
     vertex  3.381092e+00 -5.712166e-01  4.562202e-01
     vertex  3.381388e+00 -5.712166e-01  4.536167e-01
   endloop
 endfacet
 facet normal -5.166125e-12  1.000000e+00 -1.716700e-12
   outer loop
     vertex  3.063703e+00 -5.712166e-01  6.234065e-01
     vertex  3.037138e+00 -5.712166e-01  6.950738e-01
     vertex  3.039686e+00 -5.712166e-01  6.956817e-01
   endloop
 endfacet
 facet normal  5.209176e-12  1.000000e+00  1.731006e-12
   outer loop
     vertex  3.063703e+00 -5.712166e-01  6.234065e-01
     vertex  3.039686e+00 -5.712166e-01  6.956817e-01
     vertex  3.066033e+00 -5.712166e-01  6.246067e-01
   endloop
 endfacet
 facet normal -1.347259e-12  1.000000e+00 -5.294563e-12
   outer loop
     vertex  3.230886e+00 -5.712166e-01  4.730393e-01
     vertex  3.305293e+00 -5.712166e-01  4.567896e-01
     vertex  3.304958e+00 -5.712166e-01  4.541909e-01
   endloop
 endfacet
 facet normal -1.760725e-13  1.000000e+00  6.829268e-14
   outer loop
     vertex  3.230886e+00 -5.712166e-01  4.730393e-01
     vertex  3.231833e+00 -5.712166e-01  4.754823e-01
     vertex  3.305293e+00 -5.712166e-01  4.567896e-01
   endloop
 endfacet
 facet normal  4.519383e-12  1.000000e+00  3.069639e-12
   outer loop
     vertex  3.106648e+00 -5.712166e-01  5.601793e-01
     vertex  3.063703e+00 -5.712166e-01  6.234065e-01
     vertex  3.066033e+00 -5.712166e-01  6.246067e-01
   endloop
 endfacet
 facet normal  9.162933e-12  1.000000e+00  5.996983e-12
   outer loop
     vertex  3.106648e+00 -5.712166e-01  5.601793e-01
     vertex  3.066033e+00 -5.712166e-01  6.246067e-01
     vertex  3.108623e+00 -5.712166e-01  5.619020e-01
   endloop
 endfacet
 facet normal -7.616115e-12  1.000000e+00 -7.907110e-12
   outer loop
     vertex  3.163477e+00 -5.712166e-01  5.090667e-01
     vertex  3.108623e+00 -5.712166e-01  5.619020e-01
     vertex  3.164981e+00 -5.712166e-01  5.112119e-01
   endloop
 endfacet
 facet normal -5.150365e-12  1.000000e+00 -9.636584e-12
   outer loop
     vertex  3.163477e+00 -5.712166e-01  5.090667e-01
     vertex  3.164981e+00 -5.712166e-01  5.112119e-01
     vertex  3.231833e+00 -5.712166e-01  4.754823e-01
   endloop
 endfacet
 facet normal  7.553172e-12  1.000000e+00  7.841762e-12
   outer loop
     vertex  3.163477e+00 -5.712166e-01  5.090667e-01
     vertex  3.106648e+00 -5.712166e-01  5.601793e-01
     vertex  3.108623e+00 -5.712166e-01  5.619020e-01
   endloop
 endfacet
 facet normal -3.492346e-13  1.000000e+00  1.354565e-13
   outer loop
     vertex  3.163477e+00 -5.712166e-01  5.090667e-01
     vertex  3.231833e+00 -5.712166e-01  4.754823e-01
     vertex  3.230886e+00 -5.712166e-01  4.730393e-01
   endloop
 endfacet
 facet normal  7.399045e-03  1.725561e-01  9.849719e-01
   outer loop
     vertex  3.390141e+00 -7.493942e-01  1.114263e+00
     vertex  3.386117e+00 -5.712166e-01  1.083078e+00
     vertex  3.309686e+00 -5.712166e-01  1.083653e+00
   endloop
 endfacet
 facet normal  7.399045e-03  1.725561e-01  9.849719e-01
   outer loop
     vertex  3.390141e+00 -7.493942e-01  1.114263e+00
     vertex  3.309686e+00 -5.712166e-01  1.083653e+00
     vertex  3.306131e+00 -7.493942e-01  1.114894e+00
   endloop
 endfacet
 facet normal  2.429032e-01  1.725561e-01  9.545797e-01
   outer loop
     vertex  3.471559e+00 -7.493942e-01  1.093545e+00
     vertex  3.460189e+00 -5.712166e-01  1.064230e+00
     vertex  3.386117e+00 -5.712166e-01  1.083078e+00
   endloop
 endfacet
 facet normal  2.429032e-01  1.725561e-01  9.545797e-01
   outer loop
     vertex  3.471559e+00 -7.493942e-01  1.093545e+00
     vertex  3.386117e+00 -5.712166e-01  1.083078e+00
     vertex  3.390141e+00 -7.493942e-01  1.114263e+00
   endloop
 endfacet
 facet normal  4.642908e-01  1.725561e-01  8.687108e-01
   outer loop
     vertex  3.545654e+00 -7.493942e-01  1.053945e+00
     vertex  3.527598e+00 -5.712166e-01  1.028203e+00
     vertex  3.460189e+00 -5.712166e-01  1.064230e+00
   endloop
 endfacet
 facet normal  4.642908e-01  1.725561e-01  8.687108e-01
   outer loop
     vertex  3.545654e+00 -7.493942e-01  1.053945e+00
     vertex  3.460189e+00 -5.712166e-01  1.064230e+00
     vertex  3.471559e+00 -7.493942e-01  1.093545e+00
   endloop
 endfacet
 facet normal  9.235885e-01  1.725561e-01  3.423576e-01
   outer loop
     vertex  3.684522e+00 -7.493942e-01  8.494907e-01
     vertex  3.653937e+00 -5.712166e-01  8.421955e-01
     vertex  3.627371e+00 -5.712166e-01  9.138628e-01
   endloop
 endfacet
 facet normal  9.235885e-01  1.725561e-01  3.423576e-01
   outer loop
     vertex  3.684522e+00 -7.493942e-01  8.494907e-01
     vertex  3.627371e+00 -5.712166e-01  9.138628e-01
     vertex  3.655322e+00 -7.493942e-01  9.282656e-01
   endloop
 endfacet
 facet normal  9.786822e-01  1.725561e-01  1.113801e-01
   outer loop
     vertex  3.694022e+00 -7.493942e-01  7.660168e-01
     vertex  3.662580e+00 -5.712166e-01  7.662530e-01
     vertex  3.653937e+00 -5.712166e-01  8.421955e-01
   endloop
 endfacet
 facet normal  9.786822e-01  1.725561e-01  1.113801e-01
   outer loop
     vertex  3.694022e+00 -7.493942e-01  7.660168e-01
     vertex  3.653937e+00 -5.712166e-01  8.421955e-01
     vertex  3.684522e+00 -7.493942e-01  8.494907e-01
   endloop
 endfacet
 facet normal  9.768985e-01  1.725561e-01 -1.260703e-01
   outer loop
     vertex  3.683269e+00 -7.493942e-01  6.826951e-01
     vertex  3.652797e+00 -5.712166e-01  6.904490e-01
     vertex  3.662580e+00 -5.712166e-01  7.662530e-01
   endloop
 endfacet
 facet normal  9.768985e-01  1.725561e-01 -1.260703e-01
   outer loop
     vertex  3.683269e+00 -7.493942e-01  6.826951e-01
     vertex  3.662580e+00 -5.712166e-01  7.662530e-01
     vertex  3.694022e+00 -7.493942e-01  7.660168e-01
   endloop
 endfacet
 facet normal  6.476189e-01  1.725561e-01 -7.421685e-01
   outer loop
     vertex  3.541345e+00 -7.493942e-01  4.803503e-01
     vertex  3.523678e+00 -5.712166e-01  5.063609e-01
     vertex  3.581268e+00 -5.712166e-01  5.566139e-01
   endloop
 endfacet
 facet normal  6.476189e-01  1.725561e-01 -7.421685e-01
   outer loop
     vertex  3.541345e+00 -7.493942e-01  4.803503e-01
     vertex  3.581268e+00 -5.712166e-01  5.566139e-01
     vertex  3.604646e+00 -7.493942e-01  5.355871e-01
   endloop
 endfacet
 facet normal  4.511877e-01  1.725561e-01 -8.755878e-01
   outer loop
     vertex  3.466664e+00 -7.493942e-01  4.418675e-01
     vertex  3.455735e+00 -5.712166e-01  4.713503e-01
     vertex  3.523678e+00 -5.712166e-01  5.063609e-01
   endloop
 endfacet
 facet normal  4.511877e-01  1.725561e-01 -8.755878e-01
   outer loop
     vertex  3.466664e+00 -7.493942e-01  4.418675e-01
     vertex  3.523678e+00 -5.712166e-01  5.063609e-01
     vertex  3.541345e+00 -7.493942e-01  4.803503e-01
   endloop
 endfacet
 facet normal  2.285352e-01  1.725561e-01 -9.581211e-01
   outer loop
     vertex  3.384944e+00 -7.493942e-01  4.223753e-01
     vertex  3.381388e+00 -5.712166e-01  4.536167e-01
     vertex  3.455735e+00 -5.712166e-01  4.713503e-01
   endloop
 endfacet
 facet normal  2.285352e-01  1.725561e-01 -9.581211e-01
   outer loop
     vertex  3.384944e+00 -7.493942e-01  4.223753e-01
     vertex  3.455735e+00 -5.712166e-01  4.713503e-01
     vertex  3.466664e+00 -7.493942e-01  4.418675e-01
   endloop
 endfacet
 facet normal  7.021594e-01  5.286977e-01  4.769182e-01
   outer loop
     vertex  3.587420e+00 -5.932176e-01  9.970724e-01
     vertex  3.627371e+00 -5.712166e-01  9.138628e-01
     vertex  3.584426e+00 -5.712166e-01  9.770900e-01
   endloop
 endfacet
 facet normal  5.308048e-01  6.082380e-01  5.901633e-01
   outer loop
     vertex  3.587420e+00 -5.932176e-01  9.970724e-01
     vertex  3.584426e+00 -5.712166e-01  9.770900e-01
     vertex  3.527598e+00 -5.712166e-01  1.028203e+00
   endloop
 endfacet
 facet normal  6.684102e-01  3.075595e-02  7.431567e-01
   outer loop
     vertex  3.595700e+00 -6.517995e-01  1.004893e+00
     vertex  3.545654e+00 -7.493942e-01  1.053945e+00
     vertex  3.608118e+00 -7.493942e-01  9.977633e-01
   endloop
 endfacet
 facet normal  8.255279e-01  6.407469e-02  5.607121e-01
   outer loop
     vertex  3.595700e+00 -6.517995e-01  1.004893e+00
     vertex  3.608118e+00 -7.493942e-01  9.977633e-01
     vertex  3.655322e+00 -7.493942e-01  9.282656e-01
   endloop
 endfacet
 facet normal  4.961408e-01  1.731949e-01  8.507925e-01
   outer loop
     vertex  3.595700e+00 -6.517995e-01  1.004893e+00
     vertex  3.527598e+00 -5.712166e-01  1.028203e+00
     vertex  3.545654e+00 -7.493942e-01  1.053945e+00
   endloop
 endfacet
 facet normal  8.721769e-01  1.737811e-01  4.572829e-01
   outer loop
     vertex  3.595700e+00 -6.517995e-01  1.004893e+00
     vertex  3.655322e+00 -7.493942e-01  9.282656e-01
     vertex  3.627371e+00 -5.712166e-01  9.138628e-01
   endloop
 endfacet
 facet normal  5.061452e-01  1.840234e-01  8.425867e-01
   outer loop
     vertex  3.595700e+00 -6.517995e-01  1.004893e+00
     vertex  3.587420e+00 -5.932176e-01  9.970724e-01
     vertex  3.527598e+00 -5.712166e-01  1.028203e+00
   endloop
 endfacet
 facet normal  8.660952e-01  1.844446e-01  4.646066e-01
   outer loop
     vertex  3.595700e+00 -6.517995e-01  1.004893e+00
     vertex  3.627371e+00 -5.712166e-01  9.138628e-01
     vertex  3.587420e+00 -5.932176e-01  9.970724e-01
   endloop
 endfacet
 facet normal  6.498418e-01  6.082380e-01 -4.557983e-01
   outer loop
     vertex  3.632565e+00 -5.932176e-01  6.003901e-01
     vertex  3.581268e+00 -5.712166e-01  5.566139e-01
     vertex  3.625158e+00 -5.712166e-01  6.191889e-01
   endloop
 endfacet
 facet normal  7.913679e-01  5.286977e-01 -3.069454e-01
   outer loop
     vertex  3.632565e+00 -5.932176e-01  6.003901e-01
     vertex  3.625158e+00 -5.712166e-01  6.191889e-01
     vertex  3.652797e+00 -5.712166e-01  6.904490e-01
   endloop
 endfacet
 facet normal  9.304103e-01  6.407469e-02 -3.608754e-01
   outer loop
     vertex  3.642391e+00 -6.517995e-01  5.946304e-01
     vertex  3.683269e+00 -7.493942e-01  6.826951e-01
     vertex  3.652889e+00 -7.493942e-01  6.043678e-01
   endloop
 endfacet
 facet normal  8.183062e-01  3.075595e-02 -5.739591e-01
   outer loop
     vertex  3.642391e+00 -6.517995e-01  5.946304e-01
     vertex  3.652889e+00 -7.493942e-01  6.043678e-01
     vertex  3.604646e+00 -7.493942e-01  5.355871e-01
   endloop
 endfacet
 facet normal  6.825329e-01  1.840234e-01 -7.073077e-01
   outer loop
     vertex  3.642391e+00 -6.517995e-01  5.946304e-01
     vertex  3.581268e+00 -5.712166e-01  5.566139e-01
     vertex  3.632565e+00 -5.932176e-01  6.003901e-01
   endloop
 endfacet
 facet normal  9.483451e-01  1.844446e-01 -2.581120e-01
   outer loop
     vertex  3.642391e+00 -6.517995e-01  5.946304e-01
     vertex  3.632565e+00 -5.932176e-01  6.003901e-01
     vertex  3.652797e+00 -5.712166e-01  6.904490e-01
   endloop
 endfacet
 facet normal  9.526256e-01  1.737811e-01 -2.496090e-01
   outer loop
     vertex  3.642391e+00 -6.517995e-01  5.946304e-01
     vertex  3.652797e+00 -5.712166e-01  6.904490e-01
     vertex  3.683269e+00 -7.493942e-01  6.826951e-01
   endloop
 endfacet
 facet normal  6.746282e-01  1.731949e-01 -7.175517e-01
   outer loop
     vertex  3.642391e+00 -6.517995e-01  5.946304e-01
     vertex  3.604646e+00 -7.493942e-01  5.355871e-01
     vertex  3.581268e+00 -5.712166e-01  5.566139e-01
   endloop
 endfacet
 facet normal  7.399045e-03 -1.725561e-01  9.849719e-01
   outer loop
     vertex  3.386117e+00 -9.275718e-01  1.083078e+00
     vertex  3.390141e+00 -7.493942e-01  1.114263e+00
     vertex  3.306131e+00 -7.493942e-01  1.114894e+00
   endloop
 endfacet
 facet normal  2.429032e-01 -1.725561e-01  9.545797e-01
   outer loop
     vertex  3.386117e+00 -9.275718e-01  1.083078e+00
     vertex  3.471559e+00 -7.493942e-01  1.093545e+00
     vertex  3.390141e+00 -7.493942e-01  1.114263e+00
   endloop
 endfacet
 facet normal  7.399045e-03 -1.725561e-01  9.849719e-01
   outer loop
     vertex  3.386117e+00 -9.275718e-01  1.083078e+00
     vertex  3.306131e+00 -7.493942e-01  1.114894e+00
     vertex  3.309686e+00 -9.275718e-01  1.083653e+00
   endloop
 endfacet
 facet normal  4.642908e-01 -1.725561e-01  8.687108e-01
   outer loop
     vertex  3.460189e+00 -9.275718e-01  1.064230e+00
     vertex  3.545654e+00 -7.493942e-01  1.053945e+00
     vertex  3.471559e+00 -7.493942e-01  1.093545e+00
   endloop
 endfacet
 facet normal  2.429032e-01 -1.725561e-01  9.545797e-01
   outer loop
     vertex  3.460189e+00 -9.275718e-01  1.064230e+00
     vertex  3.471559e+00 -7.493942e-01  1.093545e+00
     vertex  3.386117e+00 -9.275718e-01  1.083078e+00
   endloop
 endfacet
 facet normal  4.642908e-01 -1.725561e-01  8.687108e-01
   outer loop
     vertex  3.527598e+00 -9.275718e-01  1.028203e+00
     vertex  3.545654e+00 -7.493942e-01  1.053945e+00
     vertex  3.460189e+00 -9.275718e-01  1.064230e+00
   endloop
 endfacet
 facet normal  9.235885e-01 -1.725561e-01  3.423576e-01
   outer loop
     vertex  3.653937e+00 -9.275718e-01  8.421955e-01
     vertex  3.684522e+00 -7.493942e-01  8.494907e-01
     vertex  3.655322e+00 -7.493942e-01  9.282656e-01
   endloop
 endfacet
 facet normal  9.235885e-01 -1.725561e-01  3.423576e-01
   outer loop
     vertex  3.653937e+00 -9.275718e-01  8.421955e-01
     vertex  3.655322e+00 -7.493942e-01  9.282656e-01
     vertex  3.627371e+00 -9.275718e-01  9.138628e-01
   endloop
 endfacet
 facet normal  9.786822e-01 -1.725561e-01  1.113801e-01
   outer loop
     vertex  3.662580e+00 -9.275718e-01  7.662530e-01
     vertex  3.694022e+00 -7.493942e-01  7.660168e-01
     vertex  3.684522e+00 -7.493942e-01  8.494907e-01
   endloop
 endfacet
 facet normal  9.768985e-01 -1.725561e-01 -1.260703e-01
   outer loop
     vertex  3.662580e+00 -9.275718e-01  7.662530e-01
     vertex  3.683269e+00 -7.493942e-01  6.826951e-01
     vertex  3.694022e+00 -7.493942e-01  7.660168e-01
   endloop
 endfacet
 facet normal  9.786822e-01 -1.725561e-01  1.113801e-01
   outer loop
     vertex  3.662580e+00 -9.275718e-01  7.662530e-01
     vertex  3.684522e+00 -7.493942e-01  8.494907e-01
     vertex  3.653937e+00 -9.275718e-01  8.421955e-01
   endloop
 endfacet
 facet normal  9.768985e-01 -1.725561e-01 -1.260703e-01
   outer loop
     vertex  3.652797e+00 -9.275718e-01  6.904490e-01
     vertex  3.683269e+00 -7.493942e-01  6.826951e-01
     vertex  3.662580e+00 -9.275718e-01  7.662530e-01
   endloop
 endfacet
 facet normal  6.476189e-01 -1.725561e-01 -7.421685e-01
   outer loop
     vertex  3.581268e+00 -9.275718e-01  5.566139e-01
     vertex  3.541345e+00 -7.493942e-01  4.803503e-01
     vertex  3.604646e+00 -7.493942e-01  5.355871e-01
   endloop
 endfacet
 facet normal  4.511877e-01 -1.725561e-01 -8.755878e-01
   outer loop
     vertex  3.523678e+00 -9.275718e-01  5.063609e-01
     vertex  3.466664e+00 -7.493942e-01  4.418675e-01
     vertex  3.541345e+00 -7.493942e-01  4.803503e-01
   endloop
 endfacet
 facet normal  6.476189e-01 -1.725561e-01 -7.421685e-01
   outer loop
     vertex  3.523678e+00 -9.275718e-01  5.063609e-01
     vertex  3.541345e+00 -7.493942e-01  4.803503e-01
     vertex  3.581268e+00 -9.275718e-01  5.566139e-01
   endloop
 endfacet
 facet normal  4.511877e-01 -1.725561e-01 -8.755878e-01
   outer loop
     vertex  3.455735e+00 -9.275718e-01  4.713503e-01
     vertex  3.466664e+00 -7.493942e-01  4.418675e-01
     vertex  3.523678e+00 -9.275718e-01  5.063609e-01
   endloop
 endfacet
 facet normal  2.285352e-01 -1.725561e-01 -9.581211e-01
   outer loop
     vertex  3.381388e+00 -9.275718e-01  4.536167e-01
     vertex  3.384944e+00 -7.493942e-01  4.223753e-01
     vertex  3.466664e+00 -7.493942e-01  4.418675e-01
   endloop
 endfacet
 facet normal  2.285352e-01 -1.725561e-01 -9.581211e-01
   outer loop
     vertex  3.381388e+00 -9.275718e-01  4.536167e-01
     vertex  3.466664e+00 -7.493942e-01  4.418675e-01
     vertex  3.455735e+00 -9.275718e-01  4.713503e-01
   endloop
 endfacet
 facet normal  6.684102e-01 -3.075595e-02  7.431567e-01
   outer loop
     vertex  3.595700e+00 -8.469889e-01  1.004893e+00
     vertex  3.608118e+00 -7.493942e-01  9.977633e-01
     vertex  3.545654e+00 -7.493942e-01  1.053945e+00
   endloop
 endfacet
 facet normal  8.255279e-01 -6.407469e-02  5.607121e-01
   outer loop
     vertex  3.595700e+00 -8.469889e-01  1.004893e+00
     vertex  3.655322e+00 -7.493942e-01  9.282656e-01
     vertex  3.608118e+00 -7.493942e-01  9.977633e-01
   endloop
 endfacet
 facet normal  7.021594e-01 -5.286977e-01  4.769182e-01
   outer loop
     vertex  3.587420e+00 -9.055708e-01  9.970724e-01
     vertex  3.584426e+00 -9.275718e-01  9.770900e-01
     vertex  3.627371e+00 -9.275718e-01  9.138628e-01
   endloop
 endfacet
 facet normal  5.308048e-01 -6.082380e-01  5.901633e-01
   outer loop
     vertex  3.587420e+00 -9.055708e-01  9.970724e-01
     vertex  3.527598e+00 -9.275718e-01  1.028203e+00
     vertex  3.584426e+00 -9.275718e-01  9.770900e-01
   endloop
 endfacet
 facet normal  4.831675e-01 -1.826027e-01  8.562741e-01
   outer loop
     vertex  3.587420e+00 -9.055708e-01  9.970724e-01
     vertex  3.595700e+00 -8.469889e-01  1.004893e+00
     vertex  3.545654e+00 -7.493942e-01  1.053945e+00
   endloop
 endfacet
 facet normal  8.753130e-01 -1.834514e-01  4.474066e-01
   outer loop
     vertex  3.587420e+00 -9.055708e-01  9.970724e-01
     vertex  3.655322e+00 -7.493942e-01  9.282656e-01
     vertex  3.595700e+00 -8.469889e-01  1.004893e+00
   endloop
 endfacet
 facet normal  5.040419e-01 -1.733190e-01  8.461101e-01
   outer loop
     vertex  3.587420e+00 -9.055708e-01  9.970724e-01
     vertex  3.545654e+00 -7.493942e-01  1.053945e+00
     vertex  3.527598e+00 -9.275718e-01  1.028203e+00
   endloop
 endfacet
 facet normal  8.690499e-01 -1.737691e-01  4.632026e-01
   outer loop
     vertex  3.587420e+00 -9.055708e-01  9.970724e-01
     vertex  3.627371e+00 -9.275718e-01  9.138628e-01
     vertex  3.655322e+00 -7.493942e-01  9.282656e-01
   endloop
 endfacet
 facet normal  9.304103e-01 -6.407469e-02 -3.608754e-01
   outer loop
     vertex  3.642391e+00 -8.469889e-01  5.946304e-01
     vertex  3.652889e+00 -7.493942e-01  6.043678e-01
     vertex  3.683269e+00 -7.493942e-01  6.826951e-01
   endloop
 endfacet
 facet normal  8.183062e-01 -3.075595e-02 -5.739591e-01
   outer loop
     vertex  3.642391e+00 -8.469889e-01  5.946304e-01
     vertex  3.604646e+00 -7.493942e-01  5.355871e-01
     vertex  3.652889e+00 -7.493942e-01  6.043678e-01
   endloop
 endfacet
 facet normal  6.498418e-01 -6.082380e-01 -4.557983e-01
   outer loop
     vertex  3.632565e+00 -9.055708e-01  6.003901e-01
     vertex  3.625158e+00 -9.275718e-01  6.191889e-01
     vertex  3.581268e+00 -9.275718e-01  5.566139e-01
   endloop
 endfacet
 facet normal  7.913679e-01 -5.286977e-01 -3.069454e-01
   outer loop
     vertex  3.632565e+00 -9.055708e-01  6.003901e-01
     vertex  3.652797e+00 -9.275718e-01  6.904490e-01
     vertex  3.625158e+00 -9.275718e-01  6.191889e-01
   endloop
 endfacet
 facet normal  9.509087e-01 -1.737691e-01 -2.560800e-01
   outer loop
     vertex  3.632565e+00 -9.055708e-01  6.003901e-01
     vertex  3.683269e+00 -7.493942e-01  6.826951e-01
     vertex  3.652797e+00 -9.275718e-01  6.904490e-01
   endloop
 endfacet
 facet normal  6.812751e-01 -1.733190e-01 -7.112136e-01
   outer loop
     vertex  3.632565e+00 -9.055708e-01  6.003901e-01
     vertex  3.581268e+00 -9.275718e-01  5.566139e-01
     vertex  3.604646e+00 -7.493942e-01  5.355871e-01
   endloop
 endfacet
 facet normal  6.632184e-01 -1.826027e-01 -7.258083e-01
   outer loop
     vertex  3.632565e+00 -9.055708e-01  6.003901e-01
     vertex  3.604646e+00 -7.493942e-01  5.355871e-01
     vertex  3.642391e+00 -8.469889e-01  5.946304e-01
   endloop
 endfacet
 facet normal  9.534623e-01 -1.834514e-01 -2.392805e-01
   outer loop
     vertex  3.632565e+00 -9.055708e-01  6.003901e-01
     vertex  3.642391e+00 -8.469889e-01  5.946304e-01
     vertex  3.683269e+00 -7.493942e-01  6.826951e-01
   endloop
 endfacet
endsolid
