solid 
 facet normal -5.302520e-01 -3.678577e-12 -8.478401e-01
   outer loop
     vertex -2.509907e-02 -6.818285e-02 -1.236329e-01
     vertex  3.114482e-02 -9.438544e-02 -1.588087e-01
     vertex -2.509907e-02 -9.438544e-02 -1.236329e-01
   endloop
 endfacet
 facet normal -5.302520e-01 -3.678577e-12 -8.478401e-01
   outer loop
     vertex -2.509907e-02 -6.818285e-02 -1.236329e-01
     vertex  3.114482e-02 -6.818285e-02 -1.588087e-01
     vertex  3.114482e-02 -9.438544e-02 -1.588087e-01
   endloop
 endfacet
 facet normal -8.139384e-01 -0.000000e+00 -5.809512e-01
   outer loop
     vertex -6.363812e-02 -6.818285e-02 -6.963799e-02
     vertex -2.509907e-02 -9.438544e-02 -1.236329e-01
     vertex -6.363812e-02 -9.438544e-02 -6.963799e-02
   endloop
 endfacet
 facet normal -8.139384e-01 -2.520414e-12 -5.809512e-01
   outer loop
     vertex -6.363812e-02 -6.818285e-02 -6.963799e-02
     vertex -2.509907e-02 -6.818285e-02 -1.236329e-01
     vertex -2.509907e-02 -9.438544e-02 -1.236329e-01
   endloop
 endfacet
 facet normal -9.741441e-01 -0.000000e+00 -2.259275e-01
   outer loop
     vertex -7.862566e-02 -6.818285e-02 -5.015359e-03
     vertex -6.363812e-02 -9.438544e-02 -6.963799e-02
     vertex -7.862566e-02 -9.438544e-02 -5.015359e-03
   endloop
 endfacet
 facet normal -9.741441e-01  0.000000e+00 -2.259275e-01
   outer loop
     vertex -7.862566e-02 -6.818285e-02 -5.015359e-03
     vertex -6.363812e-02 -6.818285e-02 -6.963799e-02
     vertex -6.363812e-02 -9.438544e-02 -6.963799e-02
   endloop
 endfacet
 facet normal -9.112064e-01  4.468385e-13 -4.119502e-01
   outer loop
     vertex  2.790172e-03 -6.818285e-02 -6.729890e-02
     vertex -2.612506e-02  1.414379e-01 -3.340328e-03
     vertex  2.790172e-03  1.414379e-01 -6.729890e-02
   endloop
 endfacet
 facet normal -9.112064e-01  2.234206e-13 -4.119502e-01
   outer loop
     vertex  2.790172e-03 -6.818285e-02 -6.729890e-02
     vertex -2.612506e-02 -6.818285e-02 -3.340328e-03
     vertex -2.612506e-02  1.414379e-01 -3.340328e-03
   endloop
 endfacet
 facet normal -3.530274e-01 -1.014851e-12 -9.356130e-01
   outer loop
     vertex  6.846187e-02 -6.818285e-02 -9.207828e-02
     vertex  2.790172e-03  1.414379e-01 -6.729890e-02
     vertex  6.846187e-02  1.414379e-01 -9.207828e-02
   endloop
 endfacet
 facet normal -3.530274e-01  1.014839e-12 -9.356130e-01
   outer loop
     vertex  6.846187e-02 -6.818285e-02 -9.207828e-02
     vertex  2.790172e-03 -6.818285e-02 -6.729890e-02
     vertex  2.790172e-03  1.414379e-01 -6.729890e-02
   endloop
 endfacet
 facet normal  4.119502e-01  0.000000e+00 -9.112064e-01
   outer loop
     vertex  1.324204e-01 -6.818285e-02 -6.316304e-02
     vertex  6.846187e-02  1.414379e-01 -9.207828e-02
     vertex  1.324204e-01  1.414379e-01 -6.316304e-02
   endloop
 endfacet
 facet normal  4.119502e-01 -9.883856e-13 -9.112064e-01
   outer loop
     vertex  1.324204e-01 -6.818285e-02 -6.316304e-02
     vertex  6.846187e-02 -6.818285e-02 -9.207828e-02
     vertex  6.846187e-02  1.414379e-01 -9.207828e-02
   endloop
 endfacet
 facet normal  9.356130e-01  1.914628e-13 -3.530274e-01
   outer loop
     vertex  1.571998e-01 -6.818285e-02  2.508653e-03
     vertex  1.324204e-01  1.414379e-01 -6.316304e-02
     vertex  1.571998e-01  1.414379e-01  2.508653e-03
   endloop
 endfacet
 facet normal  9.356130e-01  0.000000e+00 -3.530274e-01
   outer loop
     vertex  1.571998e-01 -6.818285e-02  2.508653e-03
     vertex  1.324204e-01 -6.818285e-02 -6.316304e-02
     vertex  1.324204e-01  1.414379e-01 -6.316304e-02
   endloop
 endfacet
 facet normal -5.643134e-01 -5.057687e-01 -6.524939e-01
   outer loop
     vertex -1.033592e-02 -2.016196e-01  9.784458e-02
     vertex -5.993052e-04 -2.225041e-01  1.056120e-01
     vertex -1.900472e-02 -2.041623e-01  1.073127e-01
   endloop
 endfacet
 facet normal -1.367727e-02 -9.624838e-01 -2.709941e-01
   outer loop
     vertex -1.033592e-02 -2.016196e-01  9.784458e-02
     vertex -1.900472e-02 -2.041623e-01  1.073127e-01
     vertex -1.878713e-02 -2.022452e-01  1.004929e-01
   endloop
 endfacet
 facet normal -1.773314e-01 -6.671768e-01 -7.234837e-01
   outer loop
     vertex -1.033592e-02 -2.016196e-01  9.784458e-02
     vertex -1.878713e-02 -2.022452e-01  1.004929e-01
     vertex -1.863322e-02 -1.970550e-01  9.566895e-02
   endloop
 endfacet
 facet normal  1.448815e-01 -1.986420e-01 -9.693042e-01
   outer loop
     vertex -1.033592e-02 -2.016196e-01  9.784458e-02
     vertex -1.863322e-02 -1.970550e-01  9.566895e-02
     vertex -1.858803e-02 -1.901107e-01  9.425258e-02
   endloop
 endfacet
 facet normal -6.213715e-01 -6.020368e-01 -5.014471e-01
   outer loop
     vertex -1.033592e-02 -2.016196e-01  9.784458e-02
     vertex -1.858803e-02 -1.901107e-01  9.425258e-02
     vertex  1.291201e-02 -2.215538e-01  9.296965e-02
   endloop
 endfacet
 facet normal -2.266850e-01 -2.626950e-02 -9.736138e-01
   outer loop
     vertex -1.033592e-02 -2.016196e-01  9.784458e-02
     vertex  1.291201e-02 -2.215538e-01  9.296965e-02
     vertex  6.308871e-03 -2.216811e-01  9.451049e-02
   endloop
 endfacet
 facet normal -6.128187e-01 -3.946720e-01 -6.846074e-01
   outer loop
     vertex -1.033592e-02 -2.016196e-01  9.784458e-02
     vertex  6.308871e-03 -2.216811e-01  9.451049e-02
     vertex  1.363385e-03 -2.220289e-01  9.913791e-02
   endloop
 endfacet
 facet normal -8.235040e-01 -4.901608e-01 -2.856284e-01
   outer loop
     vertex -1.033592e-02 -2.016196e-01  9.784458e-02
     vertex  1.363385e-03 -2.220289e-01  9.913791e-02
     vertex -5.993052e-04 -2.225041e-01  1.056120e-01
   endloop
 endfacet
 facet normal  4.514186e-01 -8.610560e-01  2.341023e-01
   outer loop
     vertex -1.920479e-02 -2.025622e-01  1.135837e-01
     vertex -3.445553e-02 -2.126856e-01  1.057566e-01
     vertex -1.900472e-02 -2.041623e-01  1.073127e-01
   endloop
 endfacet
 facet normal  4.636034e-01 -8.607924e-01  2.100199e-01
   outer loop
     vertex -1.920479e-02 -2.025622e-01  1.135837e-01
     vertex -3.628043e-02 -2.121225e-01  1.120928e-01
     vertex -3.445553e-02 -2.126856e-01  1.057566e-01
   endloop
 endfacet
 facet normal  3.381435e-01 -6.934236e-01  6.362568e-01
   outer loop
     vertex -1.935600e-02 -1.981529e-01  1.183230e-01
     vertex -4.046177e-02 -2.099137e-01  1.167223e-01
     vertex -3.628043e-02 -2.121225e-01  1.120928e-01
   endloop
 endfacet
 facet normal  1.070329e-01 -3.201929e-01  9.412866e-01
   outer loop
     vertex -1.935600e-02 -1.981529e-01  1.183230e-01
     vertex -4.593271e-02 -2.066227e-01  1.184638e-01
     vertex -4.046177e-02 -2.099137e-01  1.167223e-01
   endloop
 endfacet
 facet normal  3.276654e-01 -6.864760e-01  6.491426e-01
   outer loop
     vertex -1.935600e-02 -1.981529e-01  1.183230e-01
     vertex -3.628043e-02 -2.121225e-01  1.120928e-01
     vertex -1.920479e-02 -2.025622e-01  1.135837e-01
   endloop
 endfacet
 facet normal  1.050226e-01 -3.138457e-01  9.436478e-01
   outer loop
     vertex -1.942140e-02 -1.920113e-01  1.203729e-01
     vertex -4.593271e-02 -2.066227e-01  1.184638e-01
     vertex -1.935600e-02 -1.981529e-01  1.183230e-01
   endloop
 endfacet
 facet normal  3.188878e-02 -4.336556e-12 -9.994914e-01
   outer loop
     vertex  3.114482e-02 -9.438544e-02 -1.588087e-01
     vertex  3.114482e-02 -6.818285e-02 -1.588087e-01
     vertex  1.620912e-01 -6.818285e-02 -1.546309e-01
   endloop
 endfacet
 facet normal  3.188878e-02 -4.336550e-12 -9.994914e-01
   outer loop
     vertex  3.114482e-02 -9.438544e-02 -1.588087e-01
     vertex  1.620912e-01 -6.818285e-02 -1.546309e-01
     vertex  1.620912e-01 -9.438544e-02 -1.546309e-01
   endloop
 endfacet
 facet normal  9.994645e-01  0.000000e+00 -3.272137e-02
   outer loop
     vertex  2.260316e-01 -9.438544e-02 -1.028683e-01
     vertex  2.259873e-01 -9.438544e-02 -1.042222e-01
     vertex  2.259873e-01 -6.818285e-02 -1.042222e-01
   endloop
 endfacet
 facet normal  9.994645e-01 -2.839405e-13 -3.272137e-02
   outer loop
     vertex  2.260316e-01 -9.438544e-02 -1.028683e-01
     vertex  2.259873e-01 -6.818285e-02 -1.042222e-01
     vertex  2.260316e-01 -6.818285e-02 -1.028683e-01
   endloop
 endfacet
 facet normal  9.999763e-01 -5.968923e-14 -6.878600e-03
   outer loop
     vertex  2.260410e-01 -9.438544e-02 -1.015138e-01
     vertex  2.260316e-01 -6.818285e-02 -1.028683e-01
     vertex  2.260410e-01 -6.818285e-02 -1.015138e-01
   endloop
 endfacet
 facet normal  9.999763e-01 -5.968927e-14 -6.878600e-03
   outer loop
     vertex  2.260410e-01 -9.438544e-02 -1.015138e-01
     vertex  2.260316e-01 -9.438544e-02 -1.028683e-01
     vertex  2.260316e-01 -6.818285e-02 -1.028683e-01
   endloop
 endfacet
 facet normal  9.998201e-01  8.230098e-14  1.896877e-02
   outer loop
     vertex  2.260153e-01 -9.438544e-02 -1.001595e-01
     vertex  2.260410e-01 -6.818285e-02 -1.015138e-01
     vertex  2.260153e-01 -6.818285e-02 -1.001595e-01
   endloop
 endfacet
 facet normal  9.998201e-01  1.646019e-13  1.896877e-02
   outer loop
     vertex  2.260153e-01 -9.438544e-02 -1.001595e-01
     vertex  2.260410e-01 -9.438544e-02 -1.015138e-01
     vertex  2.260410e-01 -6.818285e-02 -1.015138e-01
   endloop
 endfacet
 facet normal  9.989958e-01 -1.943913e-13  4.480346e-02
   outer loop
     vertex  2.192700e-01 -9.438544e-02  1.107078e-01
     vertex  2.193307e-01 -9.438544e-02  1.093546e-01
     vertex  2.193307e-01 -6.818285e-02  1.093546e-01
   endloop
 endfacet
 facet normal  9.989958e-01 -0.000000e+00  4.480346e-02
   outer loop
     vertex  2.192700e-01 -9.438544e-02  1.107078e-01
     vertex  2.193307e-01 -6.818285e-02  1.093546e-01
     vertex  2.192700e-01 -6.818285e-02  1.107078e-01
   endloop
 endfacet
 facet normal  9.975041e-01 -0.000000e+00  7.060822e-02
   outer loop
     vertex  2.191744e-01 -9.438544e-02  1.120590e-01
     vertex  2.192700e-01 -6.818285e-02  1.107078e-01
     vertex  2.191744e-01 -6.818285e-02  1.120590e-01
   endloop
 endfacet
 facet normal  9.975041e-01  0.000000e+00  7.060822e-02
   outer loop
     vertex  2.191744e-01 -9.438544e-02  1.120590e-01
     vertex  2.192700e-01 -9.438544e-02  1.107078e-01
     vertex  2.192700e-01 -6.818285e-02  1.107078e-01
   endloop
 endfacet
 facet normal  9.953460e-01 -4.181084e-13  9.636581e-02
   outer loop
     vertex  2.190438e-01 -9.438544e-02  1.134073e-01
     vertex  2.191744e-01 -6.818285e-02  1.120590e-01
     vertex  2.190438e-01 -6.818285e-02  1.134073e-01
   endloop
 endfacet
 facet normal  9.953460e-01  0.000000e+00  9.636581e-02
   outer loop
     vertex  2.190438e-01 -9.438544e-02  1.134073e-01
     vertex  2.191744e-01 -9.438544e-02  1.120590e-01
     vertex  2.191744e-01 -6.818285e-02  1.120590e-01
   endloop
 endfacet
 facet normal -3.188878e-02  4.336556e-12  9.994914e-01
   outer loop
     vertex  1.520643e-01 -9.438544e-02  1.596404e-01
     vertex  1.520643e-01 -6.818285e-02  1.596404e-01
     vertex  2.111800e-02 -6.818285e-02  1.554625e-01
   endloop
 endfacet
 facet normal -3.188878e-02  0.000000e+00  9.994914e-01
   outer loop
     vertex  1.520643e-01 -9.438544e-02  1.596404e-01
     vertex  2.111800e-02 -6.818285e-02  1.554625e-01
     vertex  2.111800e-02 -9.438544e-02  1.554625e-01
   endloop
 endfacet
 facet normal  0.000000e+00  1.000000e+00  0.000000e+00
   outer loop
     vertex -1.345682e-03 -6.818285e-02  6.233137e-02
     vertex -6.778798e-02 -6.818285e-02  6.043122e-02
     vertex -3.276922e-02 -6.818285e-02  1.167730e-01
   endloop
 endfacet
 facet normal  0.000000e+00  1.000000e+00 -0.000000e+00
   outer loop
     vertex -1.345682e-03 -6.818285e-02  6.233137e-02
     vertex -3.276922e-02 -6.818285e-02  1.167730e-01
     vertex  2.111800e-02 -6.818285e-02  1.554625e-01
   endloop
 endfacet
 facet normal  5.442351e-13  1.000000e+00 -9.012311e-14
   outer loop
     vertex -2.612506e-02 -6.818285e-02 -3.340328e-03
     vertex -7.862566e-02 -6.818285e-02 -5.015359e-03
     vertex -6.778798e-02 -6.818285e-02  6.043122e-02
   endloop
 endfacet
 facet normal  1.251198e-14  1.000000e+00 -4.375058e-13
   outer loop
     vertex -2.612506e-02 -6.818285e-02 -3.340328e-03
     vertex -6.778798e-02 -6.818285e-02  6.043122e-02
     vertex -1.345682e-03 -6.818285e-02  6.233137e-02
   endloop
 endfacet
 facet normal  0.000000e+00  1.000000e+00  0.000000e+00
   outer loop
     vertex  6.261289e-02 -6.818285e-02  9.124660e-02
     vertex -1.345682e-03 -6.818285e-02  6.233137e-02
     vertex  2.111800e-02 -6.818285e-02  1.554625e-01
   endloop
 endfacet
 facet normal  5.373833e-13  1.000000e+00  1.246321e-13
   outer loop
     vertex -6.363812e-02 -6.818285e-02 -6.963799e-02
     vertex -7.862566e-02 -6.818285e-02 -5.015359e-03
     vertex -2.612506e-02 -6.818285e-02 -3.340328e-03
   endloop
 endfacet
 facet normal  0.000000e+00  1.000000e+00  0.000000e+00
   outer loop
     vertex  1.520643e-01 -6.818285e-02  1.596404e-01
     vertex  6.261289e-02 -6.818285e-02  9.124660e-02
     vertex  2.111800e-02 -6.818285e-02  1.554625e-01
   endloop
 endfacet
 facet normal -1.540233e-14  1.000000e+00  4.374136e-13
   outer loop
     vertex  2.790172e-03 -6.818285e-02 -6.729890e-02
     vertex -6.363812e-02 -6.818285e-02 -6.963799e-02
     vertex -2.612506e-02 -6.818285e-02 -3.340328e-03
   endloop
 endfacet
 facet normal  0.000000e+00  1.000000e+00  0.000000e+00
   outer loop
     vertex  1.282846e-01 -6.818285e-02  6.646722e-02
     vertex  1.520643e-01 -6.818285e-02  1.596404e-01
     vertex  1.767834e-01 -6.818285e-02  1.479028e-01
   endloop
 endfacet
 facet normal  0.000000e+00  1.000000e+00 -0.000000e+00
   outer loop
     vertex  1.282846e-01 -6.818285e-02  6.646722e-02
     vertex  6.261289e-02 -6.818285e-02  9.124660e-02
     vertex  1.520643e-01 -6.818285e-02  1.596404e-01
   endloop
 endfacet
 facet normal  0.000000e+00  1.000000e+00  0.000000e+00
   outer loop
     vertex  1.993037e-01 -6.818285e-02  1.323580e-01
     vertex  1.282846e-01 -6.818285e-02  6.646722e-02
     vertex  1.767834e-01 -6.818285e-02  1.479028e-01
   endloop
 endfacet
 facet normal  0.000000e+00  1.000000e+00 -0.000000e+00
   outer loop
     vertex -2.509907e-02 -6.818285e-02 -1.236329e-01
     vertex -6.363812e-02 -6.818285e-02 -6.963799e-02
     vertex  2.790172e-03 -6.818285e-02 -6.729890e-02
   endloop
 endfacet
 facet normal  0.000000e+00  1.000000e+00  0.000000e+00
   outer loop
     vertex  2.191744e-01 -6.818285e-02  1.120590e-01
     vertex  1.993037e-01 -6.818285e-02  1.323580e-01
     vertex  2.190438e-01 -6.818285e-02  1.134073e-01
   endloop
 endfacet
 facet normal  0.000000e+00  1.000000e+00  0.000000e+00
   outer loop
     vertex  2.192700e-01 -6.818285e-02  1.107078e-01
     vertex  1.993037e-01 -6.818285e-02  1.323580e-01
     vertex  2.191744e-01 -6.818285e-02  1.120590e-01
   endloop
 endfacet
 facet normal  0.000000e+00  1.000000e+00  0.000000e+00
   outer loop
     vertex  2.193307e-01 -6.818285e-02  1.093546e-01
     vertex  1.282846e-01 -6.818285e-02  6.646722e-02
     vertex  1.993037e-01 -6.818285e-02  1.323580e-01
   endloop
 endfacet
 facet normal  0.000000e+00  1.000000e+00  0.000000e+00
   outer loop
     vertex  2.193307e-01 -6.818285e-02  1.093546e-01
     vertex  1.993037e-01 -6.818285e-02  1.323580e-01
     vertex  2.192700e-01 -6.818285e-02  1.107078e-01
   endloop
 endfacet
 facet normal  0.000000e+00  1.000000e+00 -0.000000e+00
   outer loop
     vertex  1.571998e-01 -6.818285e-02  2.508653e-03
     vertex  1.282846e-01 -6.818285e-02  6.646722e-02
     vertex  2.193307e-01 -6.818285e-02  1.093546e-01
   endloop
 endfacet
 facet normal  0.000000e+00  1.000000e+00 -0.000000e+00
   outer loop
     vertex  3.114482e-02 -6.818285e-02 -1.588087e-01
     vertex  2.790172e-03 -6.818285e-02 -6.729890e-02
     vertex  6.846187e-02 -6.818285e-02 -9.207828e-02
   endloop
 endfacet
 facet normal  0.000000e+00  1.000000e+00  0.000000e+00
   outer loop
     vertex  3.114482e-02 -6.818285e-02 -1.588087e-01
     vertex -2.509907e-02 -6.818285e-02 -1.236329e-01
     vertex  2.790172e-03 -6.818285e-02 -6.729890e-02
   endloop
 endfacet
 facet normal  2.650310e-13  1.000000e+00  3.967010e-13
   outer loop
     vertex  1.620912e-01 -6.818285e-02 -1.546309e-01
     vertex  6.846187e-02 -6.818285e-02 -9.207828e-02
     vertex  1.324204e-01 -6.818285e-02 -6.316304e-02
   endloop
 endfacet
 facet normal  0.000000e+00  1.000000e+00  0.000000e+00
   outer loop
     vertex  1.620912e-01 -6.818285e-02 -1.546309e-01
     vertex  3.114482e-02 -6.818285e-02 -1.588087e-01
     vertex  6.846187e-02 -6.818285e-02 -9.207828e-02
   endloop
 endfacet
 facet normal -1.462698e-13  1.000000e+00  2.632814e-13
   outer loop
     vertex  1.860117e-01 -6.818285e-02 -1.413414e-01
     vertex  1.620912e-01 -6.818285e-02 -1.546309e-01
     vertex  1.324204e-01 -6.818285e-02 -6.316304e-02
   endloop
 endfacet
 facet normal -4.131231e-13  1.000000e+00 -2.769043e-13
   outer loop
     vertex  2.260153e-01 -6.818285e-02 -1.001595e-01
     vertex  1.324204e-01 -6.818285e-02 -6.316304e-02
     vertex  1.571998e-01 -6.818285e-02  2.508653e-03
   endloop
 endfacet
 facet normal  0.000000e+00  1.000000e+00  0.000000e+00
   outer loop
     vertex  2.260153e-01 -6.818285e-02 -1.001595e-01
     vertex  1.571998e-01 -6.818285e-02  2.508653e-03
     vertex  2.193307e-01 -6.818285e-02  1.093546e-01
   endloop
 endfacet
 facet normal  0.000000e+00  1.000000e+00  0.000000e+00
   outer loop
     vertex  2.074953e-01 -6.818285e-02 -1.243927e-01
     vertex  2.260316e-01 -6.818285e-02 -1.028683e-01
     vertex  2.259873e-01 -6.818285e-02 -1.042222e-01
   endloop
 endfacet
 facet normal  0.000000e+00  1.000000e+00  0.000000e+00
   outer loop
     vertex  2.074953e-01 -6.818285e-02 -1.243927e-01
     vertex  2.260410e-01 -6.818285e-02 -1.015138e-01
     vertex  2.260316e-01 -6.818285e-02 -1.028683e-01
   endloop
 endfacet
 facet normal  0.000000e+00  1.000000e+00  0.000000e+00
   outer loop
     vertex  2.074953e-01 -6.818285e-02 -1.243927e-01
     vertex  2.260153e-01 -6.818285e-02 -1.001595e-01
     vertex  2.260410e-01 -6.818285e-02 -1.015138e-01
   endloop
 endfacet
 facet normal -1.861432e-13  1.000000e+00  2.359482e-13
   outer loop
     vertex  2.074953e-01 -6.818285e-02 -1.243927e-01
     vertex  1.860117e-01 -6.818285e-02 -1.413414e-01
     vertex  1.324204e-01 -6.818285e-02 -6.316304e-02
   endloop
 endfacet
 facet normal -2.332154e-13  1.000000e+00  1.782321e-13
   outer loop
     vertex  2.074953e-01 -6.818285e-02 -1.243927e-01
     vertex  1.324204e-01 -6.818285e-02 -6.316304e-02
     vertex  2.260153e-01 -6.818285e-02 -1.001595e-01
   endloop
 endfacet
 facet normal  0.000000e+00 -1.000000e+00  0.000000e+00
   outer loop
     vertex  6.972892e-02 -9.438544e-02  9.496910e-02
     vertex -7.490044e-03 -9.438544e-02  1.389369e-01
     vertex -3.236932e-02 -9.438544e-02  1.171990e-01
   endloop
 endfacet
 facet normal  4.931642e-13 -1.000000e+00  8.661251e-13
   outer loop
     vertex  6.972892e-02 -9.438544e-02  9.496910e-02
     vertex  2.111800e-02 -9.438544e-02  1.554625e-01
     vertex -7.490044e-03 -9.438544e-02  1.389369e-01
   endloop
 endfacet
 facet normal -2.262382e-13 -1.000000e+00  2.880323e-13
   outer loop
     vertex  1.520643e-01 -9.438544e-02  1.596404e-01
     vertex  2.111800e-02 -9.438544e-02  1.554625e-01
     vertex  6.972892e-02 -9.438544e-02  9.496910e-02
   endloop
 endfacet
 facet normal  0.000000e+00 -1.000000e+00  0.000000e+00
   outer loop
     vertex  8.388893e-02 -9.438544e-02  8.174022e-02
     vertex  1.520643e-01 -9.438544e-02  1.596404e-01
     vertex  6.972892e-02 -9.438544e-02  9.496910e-02
   endloop
 endfacet
 facet normal -2.443896e-13 -1.000000e+00  1.344536e-12
   outer loop
     vertex  7.479730e-02 -9.438544e-02  6.884564e-02
     vertex -6.625886e-02 -9.438544e-02  6.434524e-02
     vertex -7.358938e-02 -9.438544e-02  4.187413e-02
   endloop
 endfacet
 facet normal -7.930198e-14 -1.000000e+00  4.214184e-13
   outer loop
     vertex -2.450825e-02 -9.438544e-02 -6.227458e-02
     vertex -7.862566e-02 -9.438544e-02 -5.015359e-03
     vertex -6.363812e-02 -9.438544e-02 -6.963799e-02
   endloop
 endfacet
 facet normal -1.729587e-12 -1.000000e+00 -1.138316e-12
   outer loop
     vertex -2.450825e-02 -9.438544e-02 -6.227458e-02
     vertex -7.773828e-02 -9.438544e-02  1.860454e-02
     vertex -7.862566e-02 -9.438544e-02 -5.015359e-03
   endloop
 endfacet
 facet normal  0.000000e+00 -1.000000e+00  0.000000e+00
   outer loop
     vertex -2.450825e-02 -9.438544e-02 -6.227458e-02
     vertex -7.358938e-02 -9.438544e-02  4.187413e-02
     vertex -7.773828e-02 -9.438544e-02  1.860454e-02
   endloop
 endfacet
 facet normal  0.000000e+00 -1.000000e+00  0.000000e+00
   outer loop
     vertex -2.450825e-02 -9.438544e-02 -6.227458e-02
     vertex  7.479730e-02 -9.438544e-02  6.884564e-02
     vertex -7.358938e-02 -9.438544e-02  4.187413e-02
   endloop
 endfacet
 facet normal  4.087705e-13 -1.000000e+00 -2.172247e-12
   outer loop
     vertex -2.450825e-02 -9.438544e-02 -6.227458e-02
     vertex -6.363812e-02 -9.438544e-02 -6.963799e-02
     vertex -4.982496e-02 -9.438544e-02 -8.012266e-02
   endloop
 endfacet
 facet normal -0.000000e+00 -1.000000e+00  0.000000e+00
   outer loop
     vertex  1.767834e-01 -9.438544e-02  1.479028e-01
     vertex  1.520643e-01 -9.438544e-02  1.596404e-01
     vertex  8.388893e-02 -9.438544e-02  8.174022e-02
   endloop
 endfacet
 facet normal  0.000000e+00 -1.000000e+00  0.000000e+00
   outer loop
     vertex  1.993037e-01 -9.438544e-02  1.323580e-01
     vertex  8.388893e-02 -9.438544e-02  8.174022e-02
     vertex  8.398904e-02 -9.438544e-02  7.860229e-02
   endloop
 endfacet
 facet normal -0.000000e+00 -1.000000e+00  0.000000e+00
   outer loop
     vertex  1.993037e-01 -9.438544e-02  1.323580e-01
     vertex  1.767834e-01 -9.438544e-02  1.479028e-01
     vertex  8.388893e-02 -9.438544e-02  8.174022e-02
   endloop
 endfacet
 facet normal -1.037381e-12 -1.000000e+00  6.369837e-14
   outer loop
     vertex -2.509907e-02 -9.438544e-02 -1.236329e-01
     vertex -2.342201e-02 -9.438544e-02 -9.632063e-02
     vertex -4.982496e-02 -9.438544e-02 -8.012266e-02
   endloop
 endfacet
 facet normal  4.490222e-12 -1.000000e+00  3.204910e-12
   outer loop
     vertex -2.509907e-02 -9.438544e-02 -1.236329e-01
     vertex -4.982496e-02 -9.438544e-02 -8.012266e-02
     vertex -6.363812e-02 -9.438544e-02 -6.963799e-02
   endloop
 endfacet
 facet normal -0.000000e+00 -1.000000e+00  0.000000e+00
   outer loop
     vertex  4.908492e-02 -9.438544e-02 -5.992659e-02
     vertex  7.479730e-02 -9.438544e-02  6.884564e-02
     vertex -2.450825e-02 -9.438544e-02 -6.227458e-02
   endloop
 endfacet
 facet normal  2.389832e-11 -1.000000e+00  2.339409e-11
   outer loop
     vertex  2.191744e-01 -9.438544e-02  1.120590e-01
     vertex  2.190438e-01 -9.438544e-02  1.134073e-01
     vertex  1.993037e-01 -9.438544e-02  1.323580e-01
   endloop
 endfacet
 facet normal  0.000000e+00 -1.000000e+00  0.000000e+00
   outer loop
     vertex  2.192700e-01 -9.438544e-02  1.107078e-01
     vertex  2.191744e-01 -9.438544e-02  1.120590e-01
     vertex  1.993037e-01 -9.438544e-02  1.323580e-01
   endloop
 endfacet
 facet normal  3.073076e-12 -1.000000e+00 -6.136114e-13
   outer loop
     vertex  5.794180e-02 -9.438544e-02 -6.188848e-02
     vertex  7.479730e-02 -9.438544e-02  6.884564e-02
     vertex  4.908492e-02 -9.438544e-02 -5.992659e-02
   endloop
 endfacet
 facet normal -0.000000e+00 -1.000000e+00  0.000000e+00
   outer loop
     vertex  2.193307e-01 -9.438544e-02  1.093546e-01
     vertex  1.993037e-01 -9.438544e-02  1.323580e-01
     vertex  8.398904e-02 -9.438544e-02  7.860229e-02
   endloop
 endfacet
 facet normal  0.000000e+00 -1.000000e+00  0.000000e+00
   outer loop
     vertex  2.193307e-01 -9.438544e-02  1.093546e-01
     vertex  2.192700e-01 -9.438544e-02  1.107078e-01
     vertex  1.993037e-01 -9.438544e-02  1.323580e-01
   endloop
 endfacet
 facet normal -3.908988e-12 -1.000000e+00  2.865835e-13
   outer loop
     vertex  6.477525e-02 -9.438544e-02 -6.785484e-02
     vertex  7.479730e-02 -9.438544e-02  6.884564e-02
     vertex  5.794180e-02 -9.438544e-02 -6.188848e-02
   endloop
 endfacet
 facet normal  0.000000e+00 -1.000000e+00  0.000000e+00
   outer loop
     vertex  5.017116e-02 -9.438544e-02 -9.397264e-02
     vertex -2.342201e-02 -9.438544e-02 -9.632063e-02
     vertex -2.509907e-02 -9.438544e-02 -1.236329e-01
   endloop
 endfacet
 facet normal  0.000000e+00 -1.000000e+00  0.000000e+00
   outer loop
     vertex  3.114482e-02 -9.438544e-02 -1.588087e-01
     vertex  5.017116e-02 -9.438544e-02 -9.397264e-02
     vertex -2.509907e-02 -9.438544e-02 -1.236329e-01
   endloop
 endfacet
 facet normal  0.000000e+00 -1.000000e+00  0.000000e+00
   outer loop
     vertex  3.114482e-02 -9.438544e-02 -1.588087e-01
     vertex  5.888497e-02 -9.438544e-02 -9.145015e-02
     vertex  5.017116e-02 -9.438544e-02 -9.397264e-02
   endloop
 endfacet
 facet normal -0.000000e+00 -1.000000e+00  0.000000e+00
   outer loop
     vertex  1.620912e-01 -9.438544e-02 -1.546309e-01
     vertex  5.888497e-02 -9.438544e-02 -9.145015e-02
     vertex  3.114482e-02 -9.438544e-02 -1.588087e-01
   endloop
 endfacet
 facet normal  0.000000e+00 -1.000000e+00  0.000000e+00
   outer loop
     vertex  1.620912e-01 -9.438544e-02 -1.546309e-01
     vertex  6.791370e-02 -9.438544e-02 -7.636621e-02
     vertex  6.532419e-02 -9.438544e-02 -8.506033e-02
   endloop
 endfacet
 facet normal  0.000000e+00 -1.000000e+00  0.000000e+00
   outer loop
     vertex  1.620912e-01 -9.438544e-02 -1.546309e-01
     vertex  6.532419e-02 -9.438544e-02 -8.506033e-02
     vertex  5.888497e-02 -9.438544e-02 -9.145015e-02
   endloop
 endfacet
 facet normal -0.000000e+00 -1.000000e+00  0.000000e+00
   outer loop
     vertex  1.860117e-01 -9.438544e-02 -1.413414e-01
     vertex  6.791370e-02 -9.438544e-02 -7.636621e-02
     vertex  1.620912e-01 -9.438544e-02 -1.546309e-01
   endloop
 endfacet
 facet normal  0.000000e+00 -1.000000e+00  0.000000e+00
   outer loop
     vertex  2.260153e-01 -9.438544e-02 -1.001595e-01
     vertex  8.398904e-02 -9.438544e-02  7.860229e-02
     vertex  7.479730e-02 -9.438544e-02  6.884564e-02
   endloop
 endfacet
 facet normal  0.000000e+00 -1.000000e+00  0.000000e+00
   outer loop
     vertex  2.260153e-01 -9.438544e-02 -1.001595e-01
     vertex  6.477525e-02 -9.438544e-02 -6.785484e-02
     vertex  6.791370e-02 -9.438544e-02 -7.636621e-02
   endloop
 endfacet
 facet normal  0.000000e+00 -1.000000e+00  0.000000e+00
   outer loop
     vertex  2.260153e-01 -9.438544e-02 -1.001595e-01
     vertex  2.193307e-01 -9.438544e-02  1.093546e-01
     vertex  8.398904e-02 -9.438544e-02  7.860229e-02
   endloop
 endfacet
 facet normal  0.000000e+00 -1.000000e+00  0.000000e+00
   outer loop
     vertex  2.260153e-01 -9.438544e-02 -1.001595e-01
     vertex  7.479730e-02 -9.438544e-02  6.884564e-02
     vertex  6.477525e-02 -9.438544e-02 -6.785484e-02
   endloop
 endfacet
 facet normal  0.000000e+00 -1.000000e+00  0.000000e+00
   outer loop
     vertex  2.074953e-01 -9.438544e-02 -1.243927e-01
     vertex  2.260153e-01 -9.438544e-02 -1.001595e-01
     vertex  6.791370e-02 -9.438544e-02 -7.636621e-02
   endloop
 endfacet
 facet normal -0.000000e+00 -1.000000e+00  0.000000e+00
   outer loop
     vertex  2.074953e-01 -9.438544e-02 -1.243927e-01
     vertex  6.791370e-02 -9.438544e-02 -7.636621e-02
     vertex  1.860117e-01 -9.438544e-02 -1.413414e-01
   endloop
 endfacet
 facet normal  0.000000e+00 -1.000000e+00  0.000000e+00
   outer loop
     vertex  2.074953e-01 -9.438544e-02 -1.243927e-01
     vertex  2.259873e-01 -9.438544e-02 -1.042222e-01
     vertex  2.260316e-01 -9.438544e-02 -1.028683e-01
   endloop
 endfacet
 facet normal  0.000000e+00 -1.000000e+00  0.000000e+00
   outer loop
     vertex  2.074953e-01 -9.438544e-02 -1.243927e-01
     vertex  2.260316e-01 -9.438544e-02 -1.028683e-01
     vertex  2.260410e-01 -9.438544e-02 -1.015138e-01
   endloop
 endfacet
 facet normal  0.000000e+00 -1.000000e+00  0.000000e+00
   outer loop
     vertex  2.074953e-01 -9.438544e-02 -1.243927e-01
     vertex  2.260410e-01 -9.438544e-02 -1.015138e-01
     vertex  2.260153e-01 -9.438544e-02 -1.001595e-01
   endloop
 endfacet
 facet normal -0.000000e+00 -1.000000e+00  0.000000e+00
   outer loop
     vertex  6.972892e-02 -9.438544e-02  9.496910e-02
     vertex -3.236932e-02 -9.438544e-02  1.171990e-01
     vertex -5.258367e-02 -9.438544e-02  9.106671e-02
   endloop
 endfacet
 facet normal -9.392147e-01 -3.420201e-01 -2.996565e-02
   outer loop
     vertex -7.635126e-02 -9.438544e-02  7.706266e-02
     vertex -5.888100e-02 -1.441704e-01  9.772372e-02
     vertex -5.898112e-02 -1.441704e-01  1.008616e-01
   endloop
 endfacet
 facet normal -9.392147e-01 -3.420201e-01 -2.996565e-02
   outer loop
     vertex -7.625115e-02 -9.438544e-02  7.392473e-02
     vertex -5.888100e-02 -1.441704e-01  9.772372e-02
     vertex -7.635126e-02 -9.438544e-02  7.706266e-02
   endloop
 endfacet
 facet normal -2.889707e-02  4.228855e-01  9.057223e-01
   outer loop
     vertex -4.664288e-02 -1.441704e-01  1.145010e-01
     vertex -5.258367e-02 -9.438544e-02  9.106671e-02
     vertex -6.401303e-02 -9.438544e-02  9.070206e-02
   endloop
 endfacet
 facet normal -2.889707e-02  4.228855e-01  9.057223e-01
   outer loop
     vertex  4.522823e-02 -1.441704e-01  1.174322e-01
     vertex  6.972892e-02 -9.438544e-02  9.496910e-02
     vertex -5.258367e-02 -9.438544e-02  9.106671e-02
   endloop
 endfacet
 facet normal -2.889707e-02  4.228855e-01  9.057223e-01
   outer loop
     vertex  4.522823e-02 -1.441704e-01  1.174322e-01
     vertex -5.258367e-02 -9.438544e-02  9.106671e-02
     vertex -4.664288e-02 -1.441704e-01  1.145010e-01
   endloop
 endfacet
 facet normal  2.889707e-02 -4.228855e-01 -9.057223e-01
   outer loop
     vertex -6.625886e-02 -9.438544e-02  6.434524e-02
     vertex -4.819039e-02 -1.465765e-01  8.928994e-02
     vertex -6.640005e-02 -9.438544e-02  6.434073e-02
   endloop
 endfacet
 facet normal  2.889707e-02 -4.228855e-01 -9.057223e-01
   outer loop
     vertex  4.911247e-02 -1.465765e-01  9.239439e-02
     vertex -4.819039e-02 -1.465765e-01  8.928994e-02
     vertex -6.625886e-02 -9.438544e-02  6.434524e-02
   endloop
 endfacet
 facet normal  2.889707e-02 -4.228855e-01 -9.057223e-01
   outer loop
     vertex  7.479730e-02 -9.438544e-02  6.884564e-02
     vertex  4.911247e-02 -1.465765e-01  9.239439e-02
     vertex -6.625886e-02 -9.438544e-02  6.434524e-02
   endloop
 endfacet
 facet normal  6.053581e-01 -5.552396e-01 -5.703074e-01
   outer loop
     vertex  5.948834e-02 -1.441704e-01  1.010654e-01
     vertex  4.911247e-02 -1.465765e-01  9.239439e-02
     vertex  7.479730e-02 -9.438544e-02  6.884564e-02
   endloop
 endfacet
 facet normal  6.053581e-01 -5.552396e-01 -5.703074e-01
   outer loop
     vertex  5.948834e-02 -1.441704e-01  1.010654e-01
     vertex  7.479730e-02 -9.438544e-02  6.884564e-02
     vertex  8.398904e-02 -9.438544e-02  7.860229e-02
   endloop
 endfacet
 facet normal  6.826596e-01 -6.259649e-03  7.307097e-01
   outer loop
     vertex  5.938823e-02 -1.441704e-01  1.042033e-01
     vertex  6.972892e-02 -9.438544e-02  9.496910e-02
     vertex  4.522823e-02 -1.441704e-01  1.174322e-01
   endloop
 endfacet
 facet normal  6.826596e-01 -6.259649e-03  7.307097e-01
   outer loop
     vertex  8.388893e-02 -9.438544e-02  8.174022e-02
     vertex  6.972892e-02 -9.438544e-02  9.496910e-02
     vertex  5.938823e-02 -1.441704e-01  1.042033e-01
   endloop
 endfacet
 facet normal -5.882012e-01 -5.065774e-01 -6.303957e-01
   outer loop
     vertex -6.640005e-02 -9.438544e-02  6.434073e-02
     vertex -4.819039e-02 -1.465765e-01  8.928994e-02
     vertex -5.886062e-02 -1.441704e-01  9.731243e-02
   endloop
 endfacet
 facet normal -9.360587e-01 -3.487719e-01 -4.639317e-02
   outer loop
     vertex -7.625115e-02 -9.438544e-02  7.392473e-02
     vertex -5.886062e-02 -1.441704e-01  9.731243e-02
     vertex -5.888100e-02 -1.441704e-01  9.772372e-02
   endloop
 endfacet
 facet normal -6.031280e-01 -5.019112e-01 -6.199370e-01
   outer loop
     vertex -7.625115e-02 -9.438544e-02  7.392473e-02
     vertex -6.640005e-02 -9.438544e-02  6.434073e-02
     vertex -5.886062e-02 -1.441704e-01  9.731243e-02
   endloop
 endfacet
 facet normal -7.401758e-01  6.182607e-02  6.695651e-01
   outer loop
     vertex -5.898112e-02 -1.441704e-01  1.008616e-01
     vertex -4.664288e-02 -1.441704e-01  1.145010e-01
     vertex -6.401303e-02 -9.438544e-02  9.070206e-02
   endloop
 endfacet
 facet normal -7.401758e-01  6.182607e-02  6.695651e-01
   outer loop
     vertex -5.898112e-02 -1.441704e-01  1.008616e-01
     vertex -6.401303e-02 -9.438544e-02  9.070206e-02
     vertex -7.635126e-02 -9.438544e-02  7.706266e-02
   endloop
 endfacet
 facet normal -0.000000e+00 -1.000000e+00  0.000000e+00
   outer loop
     vertex -5.830762e-02 -1.756135e-01  9.733007e-02
     vertex -6.060653e-02 -1.756135e-01  9.944175e-02
     vertex -6.053689e-02 -1.756135e-01  9.725895e-02
   endloop
 endfacet
 facet normal  0.000000e+00 -1.000000e+00  0.000000e+00
   outer loop
     vertex  5.167048e-02 -1.756135e-01  1.106916e-01
     vertex  5.926529e-02 -1.756135e-01  1.220540e-01
     vertex  4.520104e-02 -1.756135e-01  1.216053e-01
   endloop
 endfacet
 facet normal -0.000000e+00 -1.000000e+00  0.000000e+00
   outer loop
     vertex  5.993374e-02 -1.756135e-01  1.011026e-01
     vertex  5.167048e-02 -1.756135e-01  1.106916e-01
     vertex  4.755594e-02 -1.756135e-01  1.007077e-01
   endloop
 endfacet
 facet normal  0.000000e+00 -1.000000e+00  0.000000e+00
   outer loop
     vertex  5.993374e-02 -1.756135e-01  1.011026e-01
     vertex  5.926529e-02 -1.756135e-01  1.220540e-01
     vertex  5.167048e-02 -1.756135e-01  1.106916e-01
   endloop
 endfacet
 facet normal -1.594439e-02  8.660254e-01  4.997457e-01
   outer loop
     vertex  5.883111e-02 -1.520312e-01  1.356623e-01
     vertex  5.926529e-02 -1.441704e-01  1.220540e-01
     vertex -6.120535e-02 -1.441704e-01  1.182104e-01
   endloop
 endfacet
 facet normal -1.594439e-02  8.660254e-01  4.997457e-01
   outer loop
     vertex  5.883111e-02 -1.520312e-01  1.356623e-01
     vertex -6.120535e-02 -1.441704e-01  1.182104e-01
     vertex -6.163952e-02 -1.520312e-01  1.318187e-01
   endloop
 endfacet
 facet normal -8.469872e-02 -8.639717e-01  4.963658e-01
   outer loop
     vertex -4.821049e-02 -1.754817e-01  1.206571e-01
     vertex -6.163952e-02 -1.677527e-01  1.318187e-01
     vertex -6.120535e-02 -1.756135e-01  1.182104e-01
   endloop
 endfacet
 facet normal -2.052849e-02 -9.916200e-01  1.275472e-01
   outer loop
     vertex -5.602039e-02 -1.756135e-01  1.183758e-01
     vertex -4.820981e-02 -1.754828e-01  1.206486e-01
     vertex -4.821049e-02 -1.754817e-01  1.206571e-01
   endloop
 endfacet
 facet normal -2.064226e-03 -9.979027e-01  6.469912e-02
   outer loop
     vertex -5.602039e-02 -1.756135e-01  1.183758e-01
     vertex -4.821049e-02 -1.754817e-01  1.206571e-01
     vertex -6.120535e-02 -1.756135e-01  1.182104e-01
   endloop
 endfacet
 facet normal -3.188878e-02  0.000000e+00  9.994914e-01
   outer loop
     vertex  5.883111e-02 -1.677527e-01  1.356623e-01
     vertex -6.163952e-02 -1.520312e-01  1.318187e-01
     vertex -6.163952e-02 -1.677527e-01  1.318187e-01
   endloop
 endfacet
 facet normal -3.188878e-02  0.000000e+00  9.994914e-01
   outer loop
     vertex  5.883111e-02 -1.677527e-01  1.356623e-01
     vertex  5.883111e-02 -1.520312e-01  1.356623e-01
     vertex -6.163952e-02 -1.520312e-01  1.318187e-01
   endloop
 endfacet
 facet normal -1.769862e-02 -8.318431e-01  5.547287e-01
   outer loop
     vertex  4.381107e-02 -1.754817e-01  1.235931e-01
     vertex -6.163952e-02 -1.677527e-01  1.318187e-01
     vertex -4.821049e-02 -1.754817e-01  1.206571e-01
   endloop
 endfacet
 facet normal -1.769862e-02 -8.318431e-01  5.547287e-01
   outer loop
     vertex  4.381107e-02 -1.754817e-01  1.235931e-01
     vertex  5.883111e-02 -1.677527e-01  1.356623e-01
     vertex -6.163952e-02 -1.677527e-01  1.318187e-01
   endloop
 endfacet
 facet normal  3.507575e-04 -9.960503e-01  8.878998e-02
   outer loop
     vertex  5.926529e-02 -1.756135e-01  1.220540e-01
     vertex  4.381107e-02 -1.754817e-01  1.235931e-01
     vertex  4.379749e-02 -1.755951e-01  1.223218e-01
   endloop
 endfacet
 facet normal -7.719084e-04 -9.997070e-01  2.419396e-02
   outer loop
     vertex  5.926529e-02 -1.756135e-01  1.220540e-01
     vertex  4.379749e-02 -1.755951e-01  1.223218e-01
     vertex  4.520104e-02 -1.756135e-01  1.216053e-01
   endloop
 endfacet
 facet normal  4.249921e-02 -8.645450e-01  5.007552e-01
   outer loop
     vertex  5.926529e-02 -1.756135e-01  1.220540e-01
     vertex  5.883111e-02 -1.677527e-01  1.356623e-01
     vertex  4.381107e-02 -1.754817e-01  1.235931e-01
   endloop
 endfacet
 facet normal  5.686702e-12 -1.000000e+00 -6.429229e-12
   outer loop
     vertex -5.602039e-02 -1.756135e-01  1.183758e-01
     vertex -6.120535e-02 -1.756135e-01  1.182104e-01
     vertex -6.106817e-02 -1.756135e-01  1.139110e-01
   endloop
 endfacet
 facet normal  3.327717e-03 -9.945402e-01 -1.043008e-01
   outer loop
     vertex -4.788526e-02 -1.752711e-01  9.439764e-02
     vertex -5.830762e-02 -1.756135e-01  9.733007e-02
     vertex -6.053689e-02 -1.756135e-01  9.725895e-02
   endloop
 endfacet
 facet normal -8.984497e-02 -8.611690e-01 -5.003157e-01
   outer loop
     vertex -6.010272e-02 -1.677527e-01  8.365061e-02
     vertex -4.788526e-02 -1.752711e-01  9.439764e-02
     vertex -6.053689e-02 -1.756135e-01  9.725895e-02
   endloop
 endfacet
 facet normal  1.873922e-02 -8.091202e-01 -5.873443e-01
   outer loop
     vertex  3.899394e-02 -1.752711e-01  9.716952e-02
     vertex -4.788526e-02 -1.752711e-01  9.439764e-02
     vertex -6.010272e-02 -1.677527e-01  8.365061e-02
   endloop
 endfacet
 facet normal  3.327717e-03 -9.945402e-01 -1.043008e-01
   outer loop
     vertex  5.993374e-02 -1.756135e-01  1.011026e-01
     vertex  4.755594e-02 -1.756135e-01  1.007077e-01
     vertex  3.899394e-02 -1.752711e-01  9.716952e-02
   endloop
 endfacet
 facet normal  7.916523e-02 -8.642895e-01 -4.967259e-01
   outer loop
     vertex  6.036792e-02 -1.677527e-01  8.749422e-02
     vertex  5.993374e-02 -1.756135e-01  1.011026e-01
     vertex  3.899394e-02 -1.752711e-01  9.716952e-02
   endloop
 endfacet
 facet normal  1.873922e-02 -8.091202e-01 -5.873443e-01
   outer loop
     vertex  6.036792e-02 -1.677527e-01  8.749422e-02
     vertex  3.899394e-02 -1.752711e-01  9.716952e-02
     vertex -6.010272e-02 -1.677527e-01  8.365061e-02
   endloop
 endfacet
 facet normal -1.550390e-01  8.532944e-01 -4.978469e-01
   outer loop
     vertex -6.053689e-02 -1.441704e-01  9.725895e-02
     vertex -4.819039e-02 -1.465765e-01  8.928994e-02
     vertex -6.010272e-02 -1.520312e-01  8.365061e-02
   endloop
 endfacet
 facet normal  8.821380e-03  9.609766e-01 -2.764889e-01
   outer loop
     vertex -5.886062e-02 -1.441704e-01  9.731243e-02
     vertex -4.819039e-02 -1.465765e-01  8.928994e-02
     vertex -6.053689e-02 -1.441704e-01  9.725895e-02
   endloop
 endfacet
 facet normal  3.188878e-02  0.000000e+00 -9.994914e-01
   outer loop
     vertex  6.036792e-02 -1.520312e-01  8.749422e-02
     vertex -6.010272e-02 -1.677527e-01  8.365061e-02
     vertex -6.010272e-02 -1.520312e-01  8.365061e-02
   endloop
 endfacet
 facet normal  3.188878e-02 -1.445519e-11 -9.994914e-01
   outer loop
     vertex  6.036792e-02 -1.520312e-01  8.749422e-02
     vertex  6.036792e-02 -1.677527e-01  8.749422e-02
     vertex -6.010272e-02 -1.677527e-01  8.365061e-02
   endloop
 endfacet
 facet normal  2.296172e-02  6.939153e-01 -7.196904e-01
   outer loop
     vertex  6.036792e-02 -1.520312e-01  8.749422e-02
     vertex -6.010272e-02 -1.520312e-01  8.365061e-02
     vertex -4.819039e-02 -1.465765e-01  8.928994e-02
   endloop
 endfacet
 facet normal  2.296172e-02  6.939153e-01 -7.196904e-01
   outer loop
     vertex  4.911247e-02 -1.465765e-01  9.239439e-02
     vertex  6.036792e-02 -1.520312e-01  8.749422e-02
     vertex -4.819039e-02 -1.465765e-01  8.928994e-02
   endloop
 endfacet
 facet normal  2.453672e-02  9.553480e-01 -2.944625e-01
   outer loop
     vertex  5.993374e-02 -1.441704e-01  1.011026e-01
     vertex  4.911247e-02 -1.465765e-01  9.239439e-02
     vertex  5.948834e-02 -1.441704e-01  1.010654e-01
   endloop
 endfacet
 facet normal  2.327144e-05  9.999997e-01 -7.293979e-04
   outer loop
     vertex  5.993374e-02 -1.441704e-01  1.011026e-01
     vertex  5.948834e-02 -1.441704e-01  1.010654e-01
     vertex  5.948762e-02 -1.441704e-01  1.010883e-01
   endloop
 endfacet
 facet normal  2.011894e-01  8.509759e-01 -4.851422e-01
   outer loop
     vertex  5.993374e-02 -1.441704e-01  1.011026e-01
     vertex  6.036792e-02 -1.520312e-01  8.749422e-02
     vertex  4.911247e-02 -1.465765e-01  9.239439e-02
   endloop
 endfacet
 facet normal -0.000000e+00  1.000000e+00  0.000000e+00
   outer loop
     vertex  4.522823e-02 -1.441704e-01  1.174322e-01
     vertex  5.926529e-02 -1.441704e-01  1.220540e-01
     vertex  5.938823e-02 -1.441704e-01  1.042033e-01
   endloop
 endfacet
 facet normal  0.000000e+00  1.000000e+00  0.000000e+00
   outer loop
     vertex  5.993374e-02 -1.441704e-01  1.011026e-01
     vertex  5.938823e-02 -1.441704e-01  1.042033e-01
     vertex  5.926529e-02 -1.441704e-01  1.220540e-01
   endloop
 endfacet
 facet normal  0.000000e+00  1.000000e+00 -0.000000e+00
   outer loop
     vertex  5.948762e-02 -1.441704e-01  1.010883e-01
     vertex  5.938823e-02 -1.441704e-01  1.042033e-01
     vertex  5.993374e-02 -1.441704e-01  1.011026e-01
   endloop
 endfacet
 facet normal  0.000000e+00  1.000000e+00  0.000000e+00
   outer loop
     vertex -4.664288e-02 -1.441704e-01  1.145010e-01
     vertex  5.926529e-02 -1.441704e-01  1.220540e-01
     vertex  4.522823e-02 -1.441704e-01  1.174322e-01
   endloop
 endfacet
 facet normal -0.000000e+00  1.000000e+00  0.000000e+00
   outer loop
     vertex -6.120535e-02 -1.441704e-01  1.182104e-01
     vertex  5.926529e-02 -1.441704e-01  1.220540e-01
     vertex -4.664288e-02 -1.441704e-01  1.145010e-01
   endloop
 endfacet
 facet normal  0.000000e+00  1.000000e+00 -0.000000e+00
   outer loop
     vertex -5.898112e-02 -1.441704e-01  1.008616e-01
     vertex -6.120535e-02 -1.441704e-01  1.182104e-01
     vertex -4.664288e-02 -1.441704e-01  1.145010e-01
   endloop
 endfacet
 facet normal  0.000000e+00  1.000000e+00  0.000000e+00
   outer loop
     vertex -6.053689e-02 -1.441704e-01  9.725895e-02
     vertex -5.888100e-02 -1.441704e-01  9.772372e-02
     vertex -5.886062e-02 -1.441704e-01  9.731243e-02
   endloop
 endfacet
 facet normal  0.000000e+00  1.000000e+00  0.000000e+00
   outer loop
     vertex -6.053689e-02 -1.441704e-01  9.725895e-02
     vertex -5.898112e-02 -1.441704e-01  1.008616e-01
     vertex -5.888100e-02 -1.441704e-01  9.772372e-02
   endloop
 endfacet
 facet normal  0.000000e+00  1.000000e+00 -0.000000e+00
   outer loop
     vertex -6.053689e-02 -1.441704e-01  9.725895e-02
     vertex -6.120535e-02 -1.441704e-01  1.182104e-01
     vertex -5.898112e-02 -1.441704e-01  1.008616e-01
   endloop
 endfacet
 facet normal -9.994914e-01 -6.917892e-13 -3.188878e-02
   outer loop
     vertex -7.168105e-02 -1.546514e-01  1.178761e-01
     vertex -7.154388e-02 -1.651324e-01  1.135768e-01
     vertex -7.168105e-02 -1.651324e-01  1.178761e-01
   endloop
 endfacet
 facet normal -9.994914e-01  0.000000e+00 -3.188878e-02
   outer loop
     vertex -7.168105e-02 -1.546514e-01  1.178761e-01
     vertex -7.182578e-02 -1.625122e-01  1.224122e-01
     vertex -7.182578e-02 -1.572717e-01  1.224122e-01
   endloop
 endfacet
 facet normal -9.994914e-01 -6.917892e-13 -3.188878e-02
   outer loop
     vertex -7.168105e-02 -1.546514e-01  1.178761e-01
     vertex -7.168105e-02 -1.651324e-01  1.178761e-01
     vertex -7.182578e-02 -1.625122e-01  1.224122e-01
   endloop
 endfacet
 facet normal -9.994914e-01  2.184342e-12 -3.188878e-02
   outer loop
     vertex -7.131036e-02 -1.654528e-01  1.062576e-01
     vertex -7.154388e-02 -1.651324e-01  1.135768e-01
     vertex -7.168105e-02 -1.546514e-01  1.178761e-01
   endloop
 endfacet
 facet normal -9.994914e-01 -0.000000e+00 -3.188878e-02
   outer loop
     vertex -7.101260e-02 -1.546514e-01  9.692472e-02
     vertex -7.101260e-02 -1.651324e-01  9.692472e-02
     vertex -7.108224e-02 -1.651324e-01  9.910752e-02
   endloop
 endfacet
 facet normal -9.994914e-01 -5.776906e-13 -3.188878e-02
   outer loop
     vertex -7.101260e-02 -1.546514e-01  9.692472e-02
     vertex -7.108224e-02 -1.651324e-01  9.910752e-02
     vertex -7.131036e-02 -1.654528e-01  1.062576e-01
   endloop
 endfacet
 facet normal -9.994914e-01  7.614851e-13 -3.188878e-02
   outer loop
     vertex -7.101260e-02 -1.546514e-01  9.692472e-02
     vertex -7.131036e-02 -1.654528e-01  1.062576e-01
     vertex -7.168105e-02 -1.546514e-01  1.178761e-01
   endloop
 endfacet
 facet normal -9.994914e-01 -0.000000e+00 -3.188878e-02
   outer loop
     vertex -7.086787e-02 -1.572717e-01  9.238861e-02
     vertex -7.086787e-02 -1.625122e-01  9.238861e-02
     vertex -7.101260e-02 -1.651324e-01  9.692472e-02
   endloop
 endfacet
 facet normal -9.994914e-01  0.000000e+00 -3.188878e-02
   outer loop
     vertex -7.086787e-02 -1.572717e-01  9.238861e-02
     vertex -7.101260e-02 -1.651324e-01  9.692472e-02
     vertex -7.101260e-02 -1.546514e-01  9.692472e-02
   endloop
 endfacet
 facet normal  9.994914e-01 -3.458946e-13  3.188878e-02
   outer loop
     vertex  6.974100e-02 -1.546514e-01  1.223882e-01
     vertex  6.959627e-02 -1.625122e-01  1.269243e-01
     vertex  6.974100e-02 -1.651324e-01  1.223882e-01
   endloop
 endfacet
 facet normal  9.994914e-01  0.000000e+00  3.188878e-02
   outer loop
     vertex  6.974100e-02 -1.546514e-01  1.223882e-01
     vertex  6.959627e-02 -1.572717e-01  1.269243e-01
     vertex  6.959627e-02 -1.625122e-01  1.269243e-01
   endloop
 endfacet
 facet normal  9.994914e-01 -3.458926e-13  3.188878e-02
   outer loop
     vertex  7.040945e-02 -1.651324e-01  1.014368e-01
     vertex  6.974100e-02 -1.546514e-01  1.223882e-01
     vertex  6.974100e-02 -1.651324e-01  1.223882e-01
   endloop
 endfacet
 facet normal  9.994914e-01  0.000000e+00  3.188878e-02
   outer loop
     vertex  7.040945e-02 -1.546514e-01  1.014368e-01
     vertex  6.974100e-02 -1.546514e-01  1.223882e-01
     vertex  7.040945e-02 -1.651324e-01  1.014368e-01
   endloop
 endfacet
 facet normal  9.994914e-01  0.000000e+00  3.188878e-02
   outer loop
     vertex  7.055418e-02 -1.572717e-01  9.690068e-02
     vertex  7.040945e-02 -1.651324e-01  1.014368e-01
     vertex  7.055418e-02 -1.625122e-01  9.690068e-02
   endloop
 endfacet
 facet normal  9.994914e-01  0.000000e+00  3.188878e-02
   outer loop
     vertex  7.055418e-02 -1.572717e-01  9.690068e-02
     vertex  7.040945e-02 -1.546514e-01  1.014368e-01
     vertex  7.040945e-02 -1.651324e-01  1.014368e-01
   endloop
 endfacet
 facet normal  5.553169e-01 -4.493453e-01  6.997942e-01
   outer loop
     vertex -4.046177e-02 -2.099137e-01  1.167223e-01
     vertex -1.073925e-01 -3.040062e-01  1.094169e-01
     vertex -9.208899e-02 -3.040062e-01  9.727290e-02
   endloop
 endfacet
 facet normal  1.829189e-01 -2.047716e-01  9.615661e-01
   outer loop
     vertex -4.046177e-02 -2.099137e-01  1.167223e-01
     vertex -4.593271e-02 -2.066227e-01  1.184638e-01
     vertex -1.073925e-01 -3.040062e-01  1.094169e-01
   endloop
 endfacet
 facet normal  5.475009e-01 -4.466742e-01  7.076192e-01
   outer loop
     vertex -3.628043e-02 -2.121225e-01  1.120928e-01
     vertex -4.046177e-02 -2.099137e-01  1.167223e-01
     vertex -9.208899e-02 -3.040062e-01  9.727290e-02
   endloop
 endfacet
 facet normal  8.005361e-01 -5.310310e-01  2.777553e-01
   outer loop
     vertex -3.445553e-02 -2.126856e-01  1.057566e-01
     vertex -3.628043e-02 -2.121225e-01  1.120928e-01
     vertex -9.208899e-02 -3.040062e-01  9.727290e-02
   endloop
 endfacet
 facet normal -5.112511e-01 -8.365184e-01  1.971275e-01
   outer loop
     vertex  1.346372e-03 -2.146311e-01  1.156683e-01
     vertex -1.920479e-02 -2.025622e-01  1.135837e-01
     vertex -1.900472e-02 -2.041623e-01  1.073127e-01
   endloop
 endfacet
 facet normal -4.492398e-01 -6.611962e-01  6.008354e-01
   outer loop
     vertex  1.346372e-03 -2.146311e-01  1.156683e-01
     vertex -1.935600e-02 -1.981529e-01  1.183230e-01
     vertex -1.920479e-02 -2.025622e-01  1.135837e-01
   endloop
 endfacet
 facet normal -1.303039e-01 -3.151519e-01  9.400533e-01
   outer loop
     vertex  1.346372e-03 -2.146311e-01  1.156683e-01
     vertex -1.942140e-02 -1.920113e-01  1.203729e-01
     vertex -1.935600e-02 -1.981529e-01  1.183230e-01
   endloop
 endfacet
 facet normal -5.481997e-01 -6.037635e-01  5.787457e-01
   outer loop
     vertex  1.346372e-03 -2.146311e-01  1.156683e-01
     vertex -1.900472e-02 -2.041623e-01  1.073127e-01
     vertex -5.993052e-04 -2.225041e-01  1.056120e-01
   endloop
 endfacet
 facet normal -9.732117e-01 -4.696313e-02  2.250633e-01
   outer loop
     vertex  1.346372e-03 -2.146311e-01  1.156683e-01
     vertex -5.993052e-04 -2.225041e-01  1.056120e-01
     vertex  9.467012e-04 -2.229792e-01  1.121981e-01
   endloop
 endfacet
 facet normal -7.156964e-01 -2.385912e-01  6.563939e-01
   outer loop
     vertex  1.346372e-03 -2.146311e-01  1.156683e-01
     vertex  9.467012e-04 -2.229792e-01  1.121981e-01
     vertex  5.587153e-03 -2.233271e-01  1.171313e-01
   endloop
 endfacet
 facet normal -2.884323e-01  2.039759e-02  9.572830e-01
   outer loop
     vertex  1.346372e-03 -2.146311e-01  1.156683e-01
     vertex  5.587153e-03 -2.233271e-01  1.171313e-01
     vertex  1.207865e-02 -2.234544e-01  1.190899e-01
   endloop
 endfacet
 facet normal -6.600194e-01 -6.746951e-01  3.303952e-01
   outer loop
     vertex  1.346372e-03 -2.146311e-01  1.156683e-01
     vertex  1.207865e-02 -2.234544e-01  1.190899e-01
     vertex -1.942140e-02 -1.920113e-01  1.203729e-01
   endloop
 endfacet
 facet normal -7.284976e-01 -9.308246e-02  6.786950e-01
   outer loop
     vertex  1.226546e-02 -3.040062e-01  1.132346e-01
     vertex  5.587153e-03 -2.233271e-01  1.171313e-01
     vertex  9.467012e-04 -2.229792e-01  1.121981e-01
   endloop
 endfacet
 facet normal -2.894085e-01 -7.006410e-02  9.546380e-01
   outer loop
     vertex  1.226546e-02 -3.040062e-01  1.132346e-01
     vertex  1.207865e-02 -2.234544e-01  1.190899e-01
     vertex  5.587153e-03 -2.233271e-01  1.171313e-01
   endloop
 endfacet
 facet normal -9.736663e-01 -1.877362e-02  2.272038e-01
   outer loop
     vertex -4.102868e-04 -3.040062e-01  9.968760e-02
     vertex  9.467012e-04 -2.229792e-01  1.121981e-01
     vertex -5.993052e-04 -2.225041e-01  1.056120e-01
   endloop
 endfacet
 facet normal -7.270427e-01 -9.285888e-02  6.802839e-01
   outer loop
     vertex -4.102868e-04 -3.040062e-01  9.968760e-02
     vertex  1.226546e-02 -3.040062e-01  1.132346e-01
     vertex  9.467012e-04 -2.229792e-01  1.121981e-01
   endloop
 endfacet
 facet normal -6.851246e-01  1.011457e-02 -7.283557e-01
   outer loop
     vertex  6.308871e-03 -2.216811e-01  9.451049e-02
     vertex  1.310324e-02 -3.040062e-01  8.697616e-02
     vertex -4.102868e-04 -3.040062e-01  9.968760e-02
   endloop
 endfacet
 facet normal -2.279664e-01  7.006410e-02 -9.711449e-01
   outer loop
     vertex  6.308871e-03 -2.216811e-01  9.451049e-02
     vertex  1.291201e-02 -2.215538e-01  9.296965e-02
     vertex  1.310324e-02 -3.040062e-01  8.697616e-02
   endloop
 endfacet
 facet normal -6.835736e-01  9.896238e-03 -7.298145e-01
   outer loop
     vertex  1.363385e-03 -2.220289e-01  9.913791e-02
     vertex  6.308871e-03 -2.216811e-01  9.451049e-02
     vertex -4.102868e-04 -3.040062e-01  9.968760e-02
   endloop
 endfacet
 facet normal -9.572029e-01  1.877362e-02 -2.888082e-01
   outer loop
     vertex -5.993052e-04 -2.225041e-01  1.056120e-01
     vertex  1.363385e-03 -2.220289e-01  9.913791e-02
     vertex -4.102868e-04 -3.040062e-01  9.968760e-02
   endloop
 endfacet
 facet normal  4.797285e-01 -8.485468e-01 -2.232238e-01
   outer loop
     vertex -3.557690e-02 -2.113533e-01  9.903301e-02
     vertex -1.878713e-02 -2.022452e-01  1.004929e-01
     vertex -1.900472e-02 -2.041623e-01  1.073127e-01
   endloop
 endfacet
 facet normal  4.870018e-01 -8.376831e-01 -2.472168e-01
   outer loop
     vertex -3.557690e-02 -2.113533e-01  9.903301e-02
     vertex -1.900472e-02 -2.041623e-01  1.073127e-01
     vertex -3.445553e-02 -2.126856e-01  1.057566e-01
   endloop
 endfacet
 facet normal  3.945727e-01 -6.318071e-01 -6.671823e-01
   outer loop
     vertex -3.949156e-02 -2.084244e-01  9.409986e-02
     vertex -1.863322e-02 -1.970550e-01  9.566895e-02
     vertex -1.878713e-02 -2.022452e-01  1.004929e-01
   endloop
 endfacet
 facet normal  1.802446e-01 -1.976983e-01 -9.635493e-01
   outer loop
     vertex -3.949156e-02 -2.084244e-01  9.409986e-02
     vertex -1.858803e-02 -1.901107e-01  9.425258e-02
     vertex -1.863322e-02 -1.970550e-01  9.566895e-02
   endloop
 endfacet
 facet normal  3.944339e-01 -6.181041e-01 -6.799774e-01
   outer loop
     vertex -3.949156e-02 -2.084244e-01  9.409986e-02
     vertex -1.878713e-02 -2.022452e-01  1.004929e-01
     vertex -3.557690e-02 -2.113533e-01  9.903301e-02
   endloop
 endfacet
 facet normal  1.754784e-01 -1.922416e-01 -9.655312e-01
   outer loop
     vertex -4.509934e-02 -2.047221e-01  9.234354e-02
     vertex -1.858803e-02 -1.901107e-01  9.425258e-02
     vertex -3.949156e-02 -2.084244e-01  9.409986e-02
   endloop
 endfacet
 facet normal  2.549401e-01 -7.131007e-02 -9.643238e-01
   outer loop
     vertex -1.077587e-01 -3.040062e-01  8.312006e-02
     vertex -4.509934e-02 -2.047221e-01  9.234354e-02
     vertex -3.949156e-02 -2.084244e-01  9.409986e-02
   endloop
 endfacet
 facet normal  6.140688e-01 -3.612101e-01 -7.017456e-01
   outer loop
     vertex -9.208899e-02 -3.040062e-01  9.727290e-02
     vertex -3.949156e-02 -2.084244e-01  9.409986e-02
     vertex -3.557690e-02 -2.113533e-01  9.903301e-02
   endloop
 endfacet
 facet normal  8.311636e-01 -5.024296e-01 -2.381837e-01
   outer loop
     vertex -9.208899e-02 -3.040062e-01  9.727290e-02
     vertex -3.557690e-02 -2.113533e-01  9.903301e-02
     vertex -3.445553e-02 -2.126856e-01  1.057566e-01
   endloop
 endfacet
 facet normal  6.237275e-01 -3.661543e-01 -6.905758e-01
   outer loop
     vertex -9.208899e-02 -3.040062e-01  9.727290e-02
     vertex -1.077587e-01 -3.040062e-01  8.312006e-02
     vertex -3.949156e-02 -2.084244e-01  9.409986e-02
   endloop
 endfacet
 facet normal  0.000000e+00 -1.000000e+00  0.000000e+00
   outer loop
     vertex  3.929250e-02 -3.040062e-01  8.781173e-02
     vertex  5.196825e-02 -3.040062e-01  1.013587e-01
     vertex  3.845473e-02 -3.040062e-01  1.140702e-01
   endloop
 endfacet
 facet normal -1.118637e-12 -1.000000e+00  1.046694e-12
   outer loop
     vertex  1.310324e-02 -3.040062e-01  8.697616e-02
     vertex  3.845473e-02 -3.040062e-01  1.140702e-01
     vertex  1.226546e-02 -3.040062e-01  1.132346e-01
   endloop
 endfacet
 facet normal  1.049641e-12 -1.000000e+00  1.115873e-12
   outer loop
     vertex  1.310324e-02 -3.040062e-01  8.697616e-02
     vertex  1.226546e-02 -3.040062e-01  1.132346e-01
     vertex -4.102868e-04 -3.040062e-01  9.968760e-02
   endloop
 endfacet
 facet normal  0.000000e+00 -1.000000e+00  0.000000e+00
   outer loop
     vertex  1.310324e-02 -3.040062e-01  8.697616e-02
     vertex  3.929250e-02 -3.040062e-01  8.781173e-02
     vertex  3.845473e-02 -3.040062e-01  1.140702e-01
   endloop
 endfacet
 facet normal -8.482912e-13 -1.000000e+00 -1.068992e-12
   outer loop
     vertex -1.077587e-01 -3.040062e-01  8.312006e-02
     vertex -9.208899e-02 -3.040062e-01  9.727290e-02
     vertex -1.073925e-01 -3.040062e-01  1.094169e-01
   endloop
 endfacet
 facet normal  3.449834e-14 -1.000000e+00 -1.081283e-12
   outer loop
     vertex -1.077587e-01 -3.040062e-01  8.312006e-02
     vertex -1.073925e-01 -3.040062e-01  1.094169e-01
     vertex -1.287653e-01 -3.040062e-01  1.087350e-01
   endloop
 endfacet
 facet normal  3.449834e-14 -1.000000e+00 -1.081283e-12
   outer loop
     vertex -1.291315e-01 -3.040062e-01  8.243816e-02
     vertex -1.077587e-01 -3.040062e-01  8.312006e-02
     vertex -1.287653e-01 -3.040062e-01  1.087350e-01
   endloop
 endfacet
 facet normal  9.886125e-13 -1.000000e+00 -1.094568e-12
   outer loop
     vertex -1.444350e-01 -3.040062e-01  9.458218e-02
     vertex -1.291315e-01 -3.040062e-01  8.243816e-02
     vertex -1.287653e-01 -3.040062e-01  1.087350e-01
   endloop
 endfacet
 facet normal -2.695867e-01  2.563710e-01 -9.282225e-01
   outer loop
     vertex -5.830762e-02 -1.756135e-01  9.733007e-02
     vertex -4.788526e-02 -1.752711e-01  9.439764e-02
     vertex -1.291315e-01 -3.040062e-01  8.243816e-02
   endloop
 endfacet
 facet normal -5.702723e-01  3.979261e-01 -7.186406e-01
   outer loop
     vertex -5.830762e-02 -1.756135e-01  9.733007e-02
     vertex -1.291315e-01 -3.040062e-01  8.243816e-02
     vertex -1.444350e-01 -3.040062e-01  9.458218e-02
   endloop
 endfacet
 facet normal -6.123358e-01  4.250296e-01 -6.666294e-01
   outer loop
     vertex -6.060653e-02 -1.756135e-01  9.944175e-02
     vertex -5.830762e-02 -1.756135e-01  9.733007e-02
     vertex -1.444350e-01 -3.040062e-01  9.458218e-02
   endloop
 endfacet
 facet normal -7.898720e-01  5.275490e-01 -3.127209e-01
   outer loop
     vertex -6.340489e-02 -1.756135e-01  1.065098e-01
     vertex -6.060653e-02 -1.756135e-01  9.944175e-02
     vertex -1.444350e-01 -3.040062e-01  9.458218e-02
   endloop
 endfacet
 facet normal -4.701131e-02 -6.294339e-02  9.969093e-01
   outer loop
     vertex -1.287653e-01 -3.040062e-01  1.087350e-01
     vertex -4.800548e-02 -1.760417e-01  1.206229e-01
     vertex -4.820981e-02 -1.754828e-01  1.206486e-01
   endloop
 endfacet
 facet normal -2.796815e-01  8.666506e-02  9.561733e-01
   outer loop
     vertex -1.287653e-01 -3.040062e-01  1.087350e-01
     vertex -4.820981e-02 -1.754828e-01  1.206486e-01
     vertex -5.602039e-02 -1.756135e-01  1.183758e-01
   endloop
 endfacet
 facet normal -6.311669e-01  3.040260e-01  7.135800e-01
   outer loop
     vertex -1.287653e-01 -3.040062e-01  1.087350e-01
     vertex -5.602039e-02 -1.756135e-01  1.183758e-01
     vertex -6.106817e-02 -1.756135e-01  1.139110e-01
   endloop
 endfacet
 facet normal -8.270902e-01  4.977270e-01  2.611317e-01
   outer loop
     vertex -1.444350e-01 -3.040062e-01  9.458218e-02
     vertex -6.106817e-02 -1.756135e-01  1.139110e-01
     vertex -6.340489e-02 -1.756135e-01  1.065098e-01
   endloop
 endfacet
 facet normal -6.377360e-01  3.077918e-01  7.060857e-01
   outer loop
     vertex -1.444350e-01 -3.040062e-01  9.458218e-02
     vertex -1.287653e-01 -3.040062e-01  1.087350e-01
     vertex -6.106817e-02 -1.756135e-01  1.139110e-01
   endloop
 endfacet
 facet normal  1.880261e-01 -7.077213e-02  9.796109e-01
   outer loop
     vertex  4.379749e-02 -1.755951e-01  1.223218e-01
     vertex  3.818413e-02 -1.873296e-01  1.225514e-01
     vertex  3.845473e-02 -3.040062e-01  1.140702e-01
   endloop
 endfacet
 facet normal  6.830450e-01 -7.850603e-02  7.261449e-01
   outer loop
     vertex  4.520104e-02 -1.756135e-01  1.216053e-01
     vertex  3.845473e-02 -3.040062e-01  1.140702e-01
     vertex  5.196825e-02 -3.040062e-01  1.013587e-01
   endloop
 endfacet
 facet normal  4.525708e-01 -7.592362e-02  8.884905e-01
   outer loop
     vertex  4.520104e-02 -1.756135e-01  1.216053e-01
     vertex  4.379749e-02 -1.755951e-01  1.223218e-01
     vertex  3.845473e-02 -3.040062e-01  1.140702e-01
   endloop
 endfacet
 facet normal  8.596900e-01 -3.505008e-02  5.096122e-01
   outer loop
     vertex  5.167048e-02 -1.756135e-01  1.106916e-01
     vertex  4.520104e-02 -1.756135e-01  1.216053e-01
     vertex  5.196825e-02 -3.040062e-01  1.013587e-01
   endloop
 endfacet
 facet normal  3.833486e-01  6.784470e-02 -9.211085e-01
   outer loop
     vertex  3.929250e-02 -3.040062e-01  8.781173e-02
     vertex  3.899394e-02 -1.752711e-01  9.716952e-02
     vertex  4.755594e-02 -1.756135e-01  1.007077e-01
   endloop
 endfacet
 facet normal  9.241528e-01  2.982787e-02 -3.808568e-01
   outer loop
     vertex  5.196825e-02 -3.040062e-01  1.013587e-01
     vertex  4.755594e-02 -1.756135e-01  1.007077e-01
     vertex  5.167048e-02 -1.756135e-01  1.106916e-01
   endloop
 endfacet
 facet normal  7.300269e-01  2.162402e-02 -6.830762e-01
   outer loop
     vertex  5.196825e-02 -3.040062e-01  1.013587e-01
     vertex  3.929250e-02 -3.040062e-01  8.781173e-02
     vertex  4.755594e-02 -1.756135e-01  1.007077e-01
   endloop
 endfacet
 facet normal  3.180478e-02  7.253570e-02 -9.968586e-01
   outer loop
     vertex -4.509934e-02 -2.047221e-01  9.234354e-02
     vertex -1.077587e-01 -3.040062e-01  8.312006e-02
     vertex -1.291315e-01 -3.040062e-01  8.243816e-02
   endloop
 endfacet
 facet normal  3.180478e-02  7.253570e-02 -9.968586e-01
   outer loop
     vertex -4.788526e-02 -1.752711e-01  9.439764e-02
     vertex -4.509934e-02 -2.047221e-01  9.234354e-02
     vertex -1.291315e-01 -3.040062e-01  8.243816e-02
   endloop
 endfacet
 facet normal  3.180478e-02  7.253570e-02 -9.968586e-01
   outer loop
     vertex  1.291201e-02 -2.215538e-01  9.296965e-02
     vertex  3.929250e-02 -3.040062e-01  8.781173e-02
     vertex  1.310324e-02 -3.040062e-01  8.697616e-02
   endloop
 endfacet
 facet normal  3.180478e-02  7.253570e-02 -9.968586e-01
   outer loop
     vertex -1.858803e-02 -1.901107e-01  9.425258e-02
     vertex -4.509934e-02 -2.047221e-01  9.234354e-02
     vertex -4.788526e-02 -1.752711e-01  9.439764e-02
   endloop
 endfacet
 facet normal  3.180478e-02  7.253570e-02 -9.968586e-01
   outer loop
     vertex  3.899394e-02 -1.752711e-01  9.716952e-02
     vertex  1.291201e-02 -2.215538e-01  9.296965e-02
     vertex -1.858803e-02 -1.901107e-01  9.425258e-02
   endloop
 endfacet
 facet normal  3.180478e-02  7.253570e-02 -9.968586e-01
   outer loop
     vertex  3.899394e-02 -1.752711e-01  9.716952e-02
     vertex  3.929250e-02 -3.040062e-01  8.781173e-02
     vertex  1.291201e-02 -2.215538e-01  9.296965e-02
   endloop
 endfacet
 facet normal  3.180478e-02  7.253570e-02 -9.968586e-01
   outer loop
     vertex  3.899394e-02 -1.752711e-01  9.716952e-02
     vertex -1.858803e-02 -1.901107e-01  9.425258e-02
     vertex -4.788526e-02 -1.752711e-01  9.439764e-02
   endloop
 endfacet
 facet normal -3.180478e-02 -7.253570e-02  9.968586e-01
   outer loop
     vertex -1.942140e-02 -1.920113e-01  1.203729e-01
     vertex -4.821049e-02 -1.754817e-01  1.206571e-01
     vertex -4.800548e-02 -1.760417e-01  1.206229e-01
   endloop
 endfacet
 facet normal -3.180478e-02 -7.253570e-02  9.968586e-01
   outer loop
     vertex -1.942140e-02 -1.920113e-01  1.203729e-01
     vertex -4.800548e-02 -1.760417e-01  1.206229e-01
     vertex -4.593271e-02 -2.066227e-01  1.184638e-01
   endloop
 endfacet
 facet normal -3.180478e-02 -7.253570e-02  9.968586e-01
   outer loop
     vertex -1.073925e-01 -3.040062e-01  1.094169e-01
     vertex -4.593271e-02 -2.066227e-01  1.184638e-01
     vertex -1.287653e-01 -3.040062e-01  1.087350e-01
   endloop
 endfacet
 facet normal -3.180478e-02 -7.253570e-02  9.968586e-01
   outer loop
     vertex  4.381107e-02 -1.754817e-01  1.235931e-01
     vertex -4.821049e-02 -1.754817e-01  1.206571e-01
     vertex -1.942140e-02 -1.920113e-01  1.203729e-01
   endloop
 endfacet
 facet normal -3.180478e-02 -7.253570e-02  9.968586e-01
   outer loop
     vertex  3.818413e-02 -1.873296e-01  1.225514e-01
     vertex  4.381107e-02 -1.754817e-01  1.235931e-01
     vertex -1.942140e-02 -1.920113e-01  1.203729e-01
   endloop
 endfacet
 facet normal -3.180478e-02 -7.253570e-02  9.968586e-01
   outer loop
     vertex  1.207865e-02 -2.234544e-01  1.190899e-01
     vertex  3.818413e-02 -1.873296e-01  1.225514e-01
     vertex -1.942140e-02 -1.920113e-01  1.203729e-01
   endloop
 endfacet
 facet normal -3.180478e-02 -7.253570e-02  9.968586e-01
   outer loop
     vertex  3.845473e-02 -3.040062e-01  1.140702e-01
     vertex  1.207865e-02 -2.234544e-01  1.190899e-01
     vertex  1.226546e-02 -3.040062e-01  1.132346e-01
   endloop
 endfacet
 facet normal -3.180478e-02 -7.253570e-02  9.968586e-01
   outer loop
     vertex  3.845473e-02 -3.040062e-01  1.140702e-01
     vertex  3.818413e-02 -1.873296e-01  1.225514e-01
     vertex  1.207865e-02 -2.234544e-01  1.190899e-01
   endloop
 endfacet
 facet normal -3.180478e-02 -7.253570e-02  9.968586e-01
   outer loop
     vertex -4.800548e-02 -1.760417e-01  1.206229e-01
     vertex -1.287653e-01 -3.040062e-01  1.087350e-01
     vertex -4.593271e-02 -2.066227e-01  1.184638e-01
   endloop
 endfacet
 facet normal  9.019451e-01 -4.308909e-01  2.877656e-02
   outer loop
     vertex  3.818413e-02 -1.873296e-01  1.225514e-01
     vertex  4.379749e-02 -1.755951e-01  1.223218e-01
     vertex  4.381107e-02 -1.754817e-01  1.235931e-01
   endloop
 endfacet
 facet normal -9.392147e-01 -3.420201e-01 -2.996565e-02
   outer loop
     vertex -4.820981e-02 -1.754828e-01  1.206486e-01
     vertex -4.800548e-02 -1.760417e-01  1.206229e-01
     vertex -4.821049e-02 -1.754817e-01  1.206571e-01
   endloop
 endfacet
 facet normal  9.019451e-01 -4.308909e-01  2.877656e-02
   outer loop
     vertex  5.948762e-02 -1.441704e-01  1.010883e-01
     vertex  8.388893e-02 -9.438544e-02  8.174022e-02
     vertex  5.938823e-02 -1.441704e-01  1.042033e-01
   endloop
 endfacet
 facet normal  9.019451e-01 -4.308909e-01  2.877656e-02
   outer loop
     vertex  5.948834e-02 -1.441704e-01  1.010654e-01
     vertex  8.398904e-02 -9.438544e-02  7.860229e-02
     vertex  8.388893e-02 -9.438544e-02  8.174022e-02
   endloop
 endfacet
 facet normal  9.019451e-01 -4.308909e-01  2.877656e-02
   outer loop
     vertex  5.948834e-02 -1.441704e-01  1.010654e-01
     vertex  8.388893e-02 -9.438544e-02  8.174022e-02
     vertex  5.948762e-02 -1.441704e-01  1.010883e-01
   endloop
 endfacet
 facet normal  9.654346e-01  2.588190e-01  3.080219e-02
   outer loop
     vertex  6.833752e-02 -1.494109e-01  1.223434e-01
     vertex  7.040945e-02 -1.546514e-01  1.014368e-01
     vertex  6.900597e-02 -1.494109e-01  1.013920e-01
   endloop
 endfacet
 facet normal  9.654346e-01  2.588190e-01  3.080219e-02
   outer loop
     vertex  6.833752e-02 -1.494109e-01  1.223434e-01
     vertex  6.974100e-02 -1.546514e-01  1.223882e-01
     vertex  7.040945e-02 -1.546514e-01  1.014368e-01
   endloop
 endfacet
 facet normal  7.067472e-01  7.071068e-01  2.254877e-02
   outer loop
     vertex  6.450314e-02 -1.455746e-01  1.222211e-01
     vertex  6.900597e-02 -1.494109e-01  1.013920e-01
     vertex  6.517160e-02 -1.455746e-01  1.012697e-01
   endloop
 endfacet
 facet normal  7.067472e-01  7.071068e-01  2.254877e-02
   outer loop
     vertex  6.450314e-02 -1.455746e-01  1.222211e-01
     vertex  6.833752e-02 -1.494109e-01  1.223434e-01
     vertex  6.900597e-02 -1.494109e-01  1.013920e-01
   endloop
 endfacet
 facet normal  2.586874e-01  9.659258e-01  8.253423e-03
   outer loop
     vertex  5.926529e-02 -1.441704e-01  1.220540e-01
     vertex  6.517160e-02 -1.455746e-01  1.012697e-01
     vertex  5.993374e-02 -1.441704e-01  1.011026e-01
   endloop
 endfacet
 facet normal  2.586874e-01  9.659258e-01  8.253423e-03
   outer loop
     vertex  5.926529e-02 -1.441704e-01  1.220540e-01
     vertex  6.450314e-02 -1.455746e-01  1.222211e-01
     vertex  6.517160e-02 -1.455746e-01  1.012697e-01
   endloop
 endfacet
 facet normal  9.501204e-01 -2.559770e-01  1.781772e-01
   outer loop
     vertex  6.804807e-02 -1.651324e-01  1.314157e-01
     vertex  6.833752e-02 -1.703730e-01  1.223434e-01
     vertex  6.974100e-02 -1.651324e-01  1.223882e-01
   endloop
 endfacet
 facet normal  9.501204e-01 -2.559770e-01  1.781772e-01
   outer loop
     vertex  6.804807e-02 -1.651324e-01  1.314157e-01
     vertex  6.974100e-02 -1.651324e-01  1.223882e-01
     vertex  6.959627e-02 -1.625122e-01  1.269243e-01
   endloop
 endfacet
 facet normal  2.103980e-01 -8.436100e-01  4.940191e-01
   outer loop
     vertex  6.410775e-02 -1.670506e-01  1.346140e-01
     vertex  5.883111e-02 -1.677527e-01  1.356623e-01
     vertex  5.926529e-02 -1.756135e-01  1.220540e-01
   endloop
 endfacet
 facet normal  2.103980e-01 -8.436100e-01  4.940191e-01
   outer loop
     vertex  6.410775e-02 -1.670506e-01  1.346140e-01
     vertex  5.926529e-02 -1.756135e-01  1.220540e-01
     vertex  6.450314e-02 -1.742093e-01  1.222211e-01
   endloop
 endfacet
 facet normal  6.422679e-01 -6.546537e-01  3.986484e-01
   outer loop
     vertex  6.410775e-02 -1.670506e-01  1.346140e-01
     vertex  6.450314e-02 -1.742093e-01  1.222211e-01
     vertex  6.833752e-02 -1.703730e-01  1.223434e-01
   endloop
 endfacet
 facet normal  6.422679e-01 -6.546537e-01  3.986484e-01
   outer loop
     vertex  6.410775e-02 -1.670506e-01  1.346140e-01
     vertex  6.833752e-02 -1.703730e-01  1.223434e-01
     vertex  6.804807e-02 -1.651324e-01  1.314157e-01
   endloop
 endfacet
 facet normal  9.501204e-01  2.559770e-01  1.781772e-01
   outer loop
     vertex  6.804807e-02 -1.546514e-01  1.314157e-01
     vertex  6.974100e-02 -1.546514e-01  1.223882e-01
     vertex  6.833752e-02 -1.494109e-01  1.223434e-01
   endloop
 endfacet
 facet normal  9.454076e-01  0.000000e+00  3.258904e-01
   outer loop
     vertex  6.804807e-02 -1.546514e-01  1.314157e-01
     vertex  6.959627e-02 -1.625122e-01  1.269243e-01
     vertex  6.959627e-02 -1.572717e-01  1.269243e-01
   endloop
 endfacet
 facet normal  9.501204e-01  2.559770e-01  1.781772e-01
   outer loop
     vertex  6.804807e-02 -1.546514e-01  1.314157e-01
     vertex  6.959627e-02 -1.572717e-01  1.269243e-01
     vertex  6.974100e-02 -1.546514e-01  1.223882e-01
   endloop
 endfacet
 facet normal  9.454076e-01 -7.069805e-12  3.258904e-01
   outer loop
     vertex  6.804807e-02 -1.546514e-01  1.314157e-01
     vertex  6.804807e-02 -1.651324e-01  1.314157e-01
     vertex  6.959627e-02 -1.625122e-01  1.269243e-01
   endloop
 endfacet
 facet normal  2.103980e-01  8.436100e-01  4.940191e-01
   outer loop
     vertex  6.410775e-02 -1.527332e-01  1.346140e-01
     vertex  6.450314e-02 -1.455746e-01  1.222211e-01
     vertex  5.926529e-02 -1.441704e-01  1.220540e-01
   endloop
 endfacet
 facet normal  6.422679e-01  6.546537e-01  3.986484e-01
   outer loop
     vertex  6.410775e-02 -1.527332e-01  1.346140e-01
     vertex  6.833752e-02 -1.494109e-01  1.223434e-01
     vertex  6.450314e-02 -1.455746e-01  1.222211e-01
   endloop
 endfacet
 facet normal  2.103980e-01  8.436100e-01  4.940191e-01
   outer loop
     vertex  6.410775e-02 -1.527332e-01  1.346140e-01
     vertex  5.926529e-02 -1.441704e-01  1.220540e-01
     vertex  5.883111e-02 -1.520312e-01  1.356623e-01
   endloop
 endfacet
 facet normal  1.948663e-01  0.000000e+00  9.808298e-01
   outer loop
     vertex  6.410775e-02 -1.527332e-01  1.346140e-01
     vertex  5.883111e-02 -1.520312e-01  1.356623e-01
     vertex  5.883111e-02 -1.677527e-01  1.356623e-01
   endloop
 endfacet
 facet normal  6.302151e-01  0.000000e+00  7.764206e-01
   outer loop
     vertex  6.410775e-02 -1.527332e-01  1.346140e-01
     vertex  6.410775e-02 -1.670506e-01  1.346140e-01
     vertex  6.804807e-02 -1.651324e-01  1.314157e-01
   endloop
 endfacet
 facet normal  6.302151e-01 -1.684353e-11  7.764206e-01
   outer loop
     vertex  6.410775e-02 -1.527332e-01  1.346140e-01
     vertex  6.804807e-02 -1.651324e-01  1.314157e-01
     vertex  6.804807e-02 -1.546514e-01  1.314157e-01
   endloop
 endfacet
 facet normal  6.422679e-01  6.546537e-01  3.986484e-01
   outer loop
     vertex  6.410775e-02 -1.527332e-01  1.346140e-01
     vertex  6.804807e-02 -1.546514e-01  1.314157e-01
     vertex  6.833752e-02 -1.494109e-01  1.223434e-01
   endloop
 endfacet
 facet normal  1.948663e-01  0.000000e+00  9.808298e-01
   outer loop
     vertex  6.410775e-02 -1.527332e-01  1.346140e-01
     vertex  5.883111e-02 -1.677527e-01  1.356623e-01
     vertex  6.410775e-02 -1.670506e-01  1.346140e-01
   endloop
 endfacet
 facet normal  9.595459e-01  2.559770e-01 -1.172492e-01
   outer loop
     vertex  6.929542e-02 -1.546514e-01  9.231979e-02
     vertex  6.900597e-02 -1.494109e-01  1.013920e-01
     vertex  7.040945e-02 -1.546514e-01  1.014368e-01
   endloop
 endfacet
 facet normal  9.595459e-01  2.559770e-01 -1.172492e-01
   outer loop
     vertex  6.929542e-02 -1.546514e-01  9.231979e-02
     vertex  7.040945e-02 -1.546514e-01  1.014368e-01
     vertex  7.055418e-02 -1.572717e-01  9.690068e-02
   endloop
 endfacet
 facet normal  6.663736e-01  6.546537e-01 -3.568961e-01
   outer loop
     vertex  6.556699e-02 -1.527332e-01  8.887678e-02
     vertex  6.517160e-02 -1.455746e-01  1.012697e-01
     vertex  6.900597e-02 -1.494109e-01  1.013920e-01
   endloop
 endfacet
 facet normal  2.414614e-01  8.436100e-01 -4.796025e-01
   outer loop
     vertex  6.556699e-02 -1.527332e-01  8.887678e-02
     vertex  5.993374e-02 -1.441704e-01  1.011026e-01
     vertex  6.517160e-02 -1.455746e-01  1.012697e-01
   endloop
 endfacet
 facet normal  2.414614e-01  8.436100e-01 -4.796025e-01
   outer loop
     vertex  6.556699e-02 -1.527332e-01  8.887678e-02
     vertex  6.036792e-02 -1.520312e-01  8.749422e-02
     vertex  5.993374e-02 -1.441704e-01  1.011026e-01
   endloop
 endfacet
 facet normal  6.663736e-01  6.546537e-01 -3.568961e-01
   outer loop
     vertex  6.556699e-02 -1.527332e-01  8.887678e-02
     vertex  6.900597e-02 -1.494109e-01  1.013920e-01
     vertex  6.929542e-02 -1.546514e-01  9.231979e-02
   endloop
 endfacet
 facet normal  9.642587e-01  0.000000e+00 -2.649625e-01
   outer loop
     vertex  6.929542e-02 -1.651324e-01  9.231979e-02
     vertex  7.055418e-02 -1.572717e-01  9.690068e-02
     vertex  7.055418e-02 -1.625122e-01  9.690068e-02
   endloop
 endfacet
 facet normal  9.595459e-01 -2.559770e-01 -1.172492e-01
   outer loop
     vertex  6.929542e-02 -1.651324e-01  9.231979e-02
     vertex  7.055418e-02 -1.625122e-01  9.690068e-02
     vertex  7.040945e-02 -1.651324e-01  1.014368e-01
   endloop
 endfacet
 facet normal  9.595459e-01 -2.559770e-01 -1.172492e-01
   outer loop
     vertex  6.929542e-02 -1.651324e-01  9.231979e-02
     vertex  7.040945e-02 -1.651324e-01  1.014368e-01
     vertex  6.900597e-02 -1.703730e-01  1.013920e-01
   endloop
 endfacet
 facet normal  9.642587e-01  2.874023e-12 -2.649625e-01
   outer loop
     vertex  6.929542e-02 -1.651324e-01  9.231979e-02
     vertex  6.929542e-02 -1.546514e-01  9.231979e-02
     vertex  7.055418e-02 -1.572717e-01  9.690068e-02
   endloop
 endfacet
 facet normal  6.663736e-01 -6.546537e-01 -3.568961e-01
   outer loop
     vertex  6.556699e-02 -1.670506e-01  8.887678e-02
     vertex  6.900597e-02 -1.703730e-01  1.013920e-01
     vertex  6.517160e-02 -1.742093e-01  1.012697e-01
   endloop
 endfacet
 facet normal  2.414614e-01 -8.436100e-01 -4.796025e-01
   outer loop
     vertex  6.556699e-02 -1.670506e-01  8.887678e-02
     vertex  6.517160e-02 -1.742093e-01  1.012697e-01
     vertex  5.993374e-02 -1.756135e-01  1.011026e-01
   endloop
 endfacet
 facet normal  2.414614e-01 -8.436100e-01 -4.796025e-01
   outer loop
     vertex  6.556699e-02 -1.670506e-01  8.887678e-02
     vertex  5.993374e-02 -1.756135e-01  1.011026e-01
     vertex  6.036792e-02 -1.677527e-01  8.749422e-02
   endloop
 endfacet
 facet normal  2.569931e-01 -1.397679e-11 -9.664132e-01
   outer loop
     vertex  6.556699e-02 -1.670506e-01  8.887678e-02
     vertex  6.036792e-02 -1.677527e-01  8.749422e-02
     vertex  6.036792e-02 -1.520312e-01  8.749422e-02
   endloop
 endfacet
 facet normal  2.569931e-01  7.673792e-12 -9.664132e-01
   outer loop
     vertex  6.556699e-02 -1.670506e-01  8.887678e-02
     vertex  6.036792e-02 -1.520312e-01  8.749422e-02
     vertex  6.556699e-02 -1.527332e-01  8.887678e-02
   endloop
 endfacet
 facet normal  6.784264e-01  5.833625e-12 -7.346684e-01
   outer loop
     vertex  6.556699e-02 -1.670506e-01  8.887678e-02
     vertex  6.556699e-02 -1.527332e-01  8.887678e-02
     vertex  6.929542e-02 -1.546514e-01  9.231979e-02
   endloop
 endfacet
 facet normal  6.784264e-01  7.968859e-12 -7.346684e-01
   outer loop
     vertex  6.556699e-02 -1.670506e-01  8.887678e-02
     vertex  6.929542e-02 -1.546514e-01  9.231979e-02
     vertex  6.929542e-02 -1.651324e-01  9.231979e-02
   endloop
 endfacet
 facet normal  6.663736e-01 -6.546537e-01 -3.568961e-01
   outer loop
     vertex  6.556699e-02 -1.670506e-01  8.887678e-02
     vertex  6.929542e-02 -1.651324e-01  9.231979e-02
     vertex  6.900597e-02 -1.703730e-01  1.013920e-01
   endloop
 endfacet
 facet normal  9.654346e-01 -2.588190e-01  3.080219e-02
   outer loop
     vertex  6.900597e-02 -1.703730e-01  1.013920e-01
     vertex  6.974100e-02 -1.651324e-01  1.223882e-01
     vertex  6.833752e-02 -1.703730e-01  1.223434e-01
   endloop
 endfacet
 facet normal  9.654346e-01 -2.588190e-01  3.080219e-02
   outer loop
     vertex  6.900597e-02 -1.703730e-01  1.013920e-01
     vertex  7.040945e-02 -1.651324e-01  1.014368e-01
     vertex  6.974100e-02 -1.651324e-01  1.223882e-01
   endloop
 endfacet
 facet normal  7.067472e-01 -7.071068e-01  2.254877e-02
   outer loop
     vertex  6.517160e-02 -1.742093e-01  1.012697e-01
     vertex  6.833752e-02 -1.703730e-01  1.223434e-01
     vertex  6.450314e-02 -1.742093e-01  1.222211e-01
   endloop
 endfacet
 facet normal  7.067472e-01 -7.071068e-01  2.254877e-02
   outer loop
     vertex  6.517160e-02 -1.742093e-01  1.012697e-01
     vertex  6.900597e-02 -1.703730e-01  1.013920e-01
     vertex  6.833752e-02 -1.703730e-01  1.223434e-01
   endloop
 endfacet
 facet normal  2.586874e-01 -9.659258e-01  8.253423e-03
   outer loop
     vertex  5.993374e-02 -1.756135e-01  1.011026e-01
     vertex  6.450314e-02 -1.742093e-01  1.222211e-01
     vertex  5.926529e-02 -1.756135e-01  1.220540e-01
   endloop
 endfacet
 facet normal  2.586874e-01 -9.659258e-01  8.253423e-03
   outer loop
     vertex  5.993374e-02 -1.756135e-01  1.011026e-01
     vertex  6.517160e-02 -1.742093e-01  1.012697e-01
     vertex  6.450314e-02 -1.742093e-01  1.222211e-01
   endloop
 endfacet
 facet normal -2.597206e-01 -9.652143e-01  3.010797e-02
   outer loop
     vertex -6.749357e-02 -1.735439e-01  1.063794e-01
     vertex -6.584439e-02 -1.742093e-01  9.927464e-02
     vertex -6.060653e-02 -1.756135e-01  9.944175e-02
   endloop
 endfacet
 facet normal -4.402671e-01 -8.807847e-01 -1.743076e-01
   outer loop
     vertex -6.749357e-02 -1.735439e-01  1.063794e-01
     vertex -6.060653e-02 -1.756135e-01  9.944175e-02
     vertex -6.340489e-02 -1.756135e-01  1.065098e-01
   endloop
 endfacet
 facet normal -9.635234e-01 -2.586318e-01 -6.879196e-02
   outer loop
     vertex -7.030823e-02 -1.699263e-01  1.062896e-01
     vertex -7.108224e-02 -1.651324e-01  9.910752e-02
     vertex -6.967876e-02 -1.703730e-01  9.915230e-02
   endloop
 endfacet
 facet normal -7.068823e-01 -7.070998e-01 -1.809196e-02
   outer loop
     vertex -7.030823e-02 -1.699263e-01  1.062896e-01
     vertex -6.967876e-02 -1.703730e-01  9.915230e-02
     vertex -6.584439e-02 -1.742093e-01  9.927464e-02
   endloop
 endfacet
 facet normal -7.816426e-01 -6.112371e-01 -1.241933e-01
   outer loop
     vertex -7.030823e-02 -1.699263e-01  1.062896e-01
     vertex -6.584439e-02 -1.742093e-01  9.927464e-02
     vertex -6.749357e-02 -1.735439e-01  1.063794e-01
   endloop
 endfacet
 facet normal -9.749360e-01 -2.186931e-01 -4.090392e-02
   outer loop
     vertex -7.131036e-02 -1.654528e-01  1.062576e-01
     vertex -7.108224e-02 -1.651324e-01  9.910752e-02
     vertex -7.030823e-02 -1.699263e-01  1.062896e-01
   endloop
 endfacet
 facet normal -4.506290e-01 -8.813011e-01  1.422741e-01
   outer loop
     vertex -6.106817e-02 -1.756135e-01  1.139110e-01
     vertex -6.749357e-02 -1.735439e-01  1.063794e-01
     vertex -6.340489e-02 -1.756135e-01  1.065098e-01
   endloop
 endfacet
 facet normal -2.573101e-01 -9.652468e-01 -4.571837e-02
   outer loop
     vertex -6.630603e-02 -1.742093e-01  1.137439e-01
     vertex -6.749357e-02 -1.735439e-01  1.063794e-01
     vertex -6.106817e-02 -1.756135e-01  1.139110e-01
   endloop
 endfacet
 facet normal -7.888685e-01 -6.142569e-01 -1.936313e-02
   outer loop
     vertex -7.014040e-02 -1.703730e-01  1.136215e-01
     vertex -7.030823e-02 -1.699263e-01  1.062896e-01
     vertex -6.749357e-02 -1.735439e-01  1.063794e-01
   endloop
 endfacet
 facet normal -7.071925e-01 -7.052282e-01  5.031901e-02
   outer loop
     vertex -7.014040e-02 -1.703730e-01  1.136215e-01
     vertex -6.749357e-02 -1.735439e-01  1.063794e-01
     vertex -6.630603e-02 -1.742093e-01  1.137439e-01
   endloop
 endfacet
 facet normal -9.755555e-01 -2.186936e-01 -2.155280e-02
   outer loop
     vertex -7.154388e-02 -1.651324e-01  1.135768e-01
     vertex -7.131036e-02 -1.654528e-01  1.062576e-01
     vertex -7.030823e-02 -1.699263e-01  1.062896e-01
   endloop
 endfacet
 facet normal -9.659528e-01 -2.586403e-01  6.354459e-03
   outer loop
     vertex -7.154388e-02 -1.651324e-01  1.135768e-01
     vertex -7.030823e-02 -1.699263e-01  1.062896e-01
     vertex -7.014040e-02 -1.703730e-01  1.136215e-01
   endloop
 endfacet
 facet normal -9.654346e-01 -2.588190e-01 -3.080219e-02
   outer loop
     vertex -6.967876e-02 -1.703730e-01  9.915230e-02
     vertex -7.108224e-02 -1.651324e-01  9.910752e-02
     vertex -7.101260e-02 -1.651324e-01  9.692472e-02
   endloop
 endfacet
 facet normal -9.654346e-01 -2.588190e-01 -3.080219e-02
   outer loop
     vertex -6.967876e-02 -1.703730e-01  9.915230e-02
     vertex -7.101260e-02 -1.651324e-01  9.692472e-02
     vertex -6.960912e-02 -1.703730e-01  9.696950e-02
   endloop
 endfacet
 facet normal -7.067472e-01 -7.071068e-01 -2.254877e-02
   outer loop
     vertex -6.584439e-02 -1.742093e-01  9.927464e-02
     vertex -6.960912e-02 -1.703730e-01  9.696950e-02
     vertex -6.577474e-02 -1.742093e-01  9.709183e-02
   endloop
 endfacet
 facet normal -7.067472e-01 -7.071068e-01 -2.254877e-02
   outer loop
     vertex -6.584439e-02 -1.742093e-01  9.927464e-02
     vertex -6.967876e-02 -1.703730e-01  9.915230e-02
     vertex -6.960912e-02 -1.703730e-01  9.696950e-02
   endloop
 endfacet
 facet normal -2.586874e-01 -9.659258e-01 -8.253423e-03
   outer loop
     vertex -6.060653e-02 -1.756135e-01  9.944175e-02
     vertex -6.577474e-02 -1.742093e-01  9.709183e-02
     vertex -6.053689e-02 -1.756135e-01  9.725895e-02
   endloop
 endfacet
 facet normal -2.586874e-01 -9.659258e-01 -8.253423e-03
   outer loop
     vertex -6.060653e-02 -1.756135e-01  9.944175e-02
     vertex -6.584439e-02 -1.742093e-01  9.927464e-02
     vertex -6.577474e-02 -1.742093e-01  9.709183e-02
   endloop
 endfacet
 facet normal -9.654346e-01 -2.588190e-01 -3.080219e-02
   outer loop
     vertex -7.027757e-02 -1.703730e-01  1.179209e-01
     vertex -7.154388e-02 -1.651324e-01  1.135768e-01
     vertex -7.014040e-02 -1.703730e-01  1.136215e-01
   endloop
 endfacet
 facet normal -9.654346e-01 -2.588190e-01 -3.080219e-02
   outer loop
     vertex -7.027757e-02 -1.703730e-01  1.179209e-01
     vertex -7.168105e-02 -1.651324e-01  1.178761e-01
     vertex -7.154388e-02 -1.651324e-01  1.135768e-01
   endloop
 endfacet
 facet normal -7.067472e-01 -7.071068e-01 -2.254877e-02
   outer loop
     vertex -6.644320e-02 -1.742093e-01  1.180432e-01
     vertex -7.014040e-02 -1.703730e-01  1.136215e-01
     vertex -6.630603e-02 -1.742093e-01  1.137439e-01
   endloop
 endfacet
 facet normal -7.067472e-01 -7.071068e-01 -2.254877e-02
   outer loop
     vertex -6.644320e-02 -1.742093e-01  1.180432e-01
     vertex -7.027757e-02 -1.703730e-01  1.179209e-01
     vertex -7.014040e-02 -1.703730e-01  1.136215e-01
   endloop
 endfacet
 facet normal -2.586874e-01 -9.659258e-01 -8.253423e-03
   outer loop
     vertex -6.120535e-02 -1.756135e-01  1.182104e-01
     vertex -6.630603e-02 -1.742093e-01  1.137439e-01
     vertex -6.106817e-02 -1.756135e-01  1.139110e-01
   endloop
 endfacet
 facet normal -2.586874e-01 -9.659258e-01 -8.253423e-03
   outer loop
     vertex -6.120535e-02 -1.756135e-01  1.182104e-01
     vertex -6.644320e-02 -1.742093e-01  1.180432e-01
     vertex -6.630603e-02 -1.742093e-01  1.137439e-01
   endloop
 endfacet
 facet normal -2.103980e-01  8.436100e-01 -4.940191e-01
   outer loop
     vertex -6.537935e-02 -1.527332e-01  8.469894e-02
     vertex -6.577474e-02 -1.455746e-01  9.709183e-02
     vertex -6.053689e-02 -1.441704e-01  9.725895e-02
   endloop
 endfacet
 facet normal -2.103980e-01  8.436100e-01 -4.940191e-01
   outer loop
     vertex -6.537935e-02 -1.527332e-01  8.469894e-02
     vertex -6.053689e-02 -1.441704e-01  9.725895e-02
     vertex -6.010272e-02 -1.520312e-01  8.365061e-02
   endloop
 endfacet
 facet normal -9.501204e-01  2.559770e-01 -1.781772e-01
   outer loop
     vertex -6.931967e-02 -1.546514e-01  8.789727e-02
     vertex -7.086787e-02 -1.572717e-01  9.238861e-02
     vertex -7.101260e-02 -1.546514e-01  9.692472e-02
   endloop
 endfacet
 facet normal -9.501204e-01  2.559770e-01 -1.781772e-01
   outer loop
     vertex -6.931967e-02 -1.546514e-01  8.789727e-02
     vertex -7.101260e-02 -1.546514e-01  9.692472e-02
     vertex -6.960912e-02 -1.494109e-01  9.696950e-02
   endloop
 endfacet
 facet normal -6.422679e-01  6.546537e-01 -3.986484e-01
   outer loop
     vertex -6.931967e-02 -1.546514e-01  8.789727e-02
     vertex -6.960912e-02 -1.494109e-01  9.696950e-02
     vertex -6.577474e-02 -1.455746e-01  9.709183e-02
   endloop
 endfacet
 facet normal -6.422679e-01  6.546537e-01 -3.986484e-01
   outer loop
     vertex -6.931967e-02 -1.546514e-01  8.789727e-02
     vertex -6.577474e-02 -1.455746e-01  9.709183e-02
     vertex -6.537935e-02 -1.527332e-01  8.469894e-02
   endloop
 endfacet
 facet normal -2.103980e-01 -8.436100e-01 -4.940191e-01
   outer loop
     vertex -6.537935e-02 -1.670506e-01  8.469894e-02
     vertex -6.053689e-02 -1.756135e-01  9.725895e-02
     vertex -6.577474e-02 -1.742093e-01  9.709183e-02
   endloop
 endfacet
 facet normal -1.948663e-01  0.000000e+00 -9.808298e-01
   outer loop
     vertex -6.537935e-02 -1.670506e-01  8.469894e-02
     vertex -6.010272e-02 -1.520312e-01  8.365061e-02
     vertex -6.010272e-02 -1.677527e-01  8.365061e-02
   endloop
 endfacet
 facet normal -2.103980e-01 -8.436100e-01 -4.940191e-01
   outer loop
     vertex -6.537935e-02 -1.670506e-01  8.469894e-02
     vertex -6.010272e-02 -1.677527e-01  8.365061e-02
     vertex -6.053689e-02 -1.756135e-01  9.725895e-02
   endloop
 endfacet
 facet normal -1.948663e-01  0.000000e+00 -9.808298e-01
   outer loop
     vertex -6.537935e-02 -1.670506e-01  8.469894e-02
     vertex -6.537935e-02 -1.527332e-01  8.469894e-02
     vertex -6.010272e-02 -1.520312e-01  8.365061e-02
   endloop
 endfacet
 facet normal -9.501204e-01 -2.559770e-01 -1.781772e-01
   outer loop
     vertex -6.931967e-02 -1.651324e-01  8.789727e-02
     vertex -6.960912e-02 -1.703730e-01  9.696950e-02
     vertex -7.101260e-02 -1.651324e-01  9.692472e-02
   endloop
 endfacet
 facet normal -6.422679e-01 -6.546537e-01 -3.986484e-01
   outer loop
     vertex -6.931967e-02 -1.651324e-01  8.789727e-02
     vertex -6.577474e-02 -1.742093e-01  9.709183e-02
     vertex -6.960912e-02 -1.703730e-01  9.696950e-02
   endloop
 endfacet
 facet normal -9.501204e-01 -2.559770e-01 -1.781772e-01
   outer loop
     vertex -6.931967e-02 -1.651324e-01  8.789727e-02
     vertex -7.101260e-02 -1.651324e-01  9.692472e-02
     vertex -7.086787e-02 -1.625122e-01  9.238861e-02
   endloop
 endfacet
 facet normal -9.454076e-01  0.000000e+00 -3.258904e-01
   outer loop
     vertex -6.931967e-02 -1.651324e-01  8.789727e-02
     vertex -7.086787e-02 -1.625122e-01  9.238861e-02
     vertex -7.086787e-02 -1.572717e-01  9.238861e-02
   endloop
 endfacet
 facet normal -6.302151e-01  8.421762e-12 -7.764206e-01
   outer loop
     vertex -6.931967e-02 -1.651324e-01  8.789727e-02
     vertex -6.931967e-02 -1.546514e-01  8.789727e-02
     vertex -6.537935e-02 -1.527332e-01  8.469894e-02
   endloop
 endfacet
 facet normal -6.302151e-01  0.000000e+00 -7.764206e-01
   outer loop
     vertex -6.931967e-02 -1.651324e-01  8.789727e-02
     vertex -6.537935e-02 -1.527332e-01  8.469894e-02
     vertex -6.537935e-02 -1.670506e-01  8.469894e-02
   endloop
 endfacet
 facet normal -6.422679e-01 -6.546537e-01 -3.986484e-01
   outer loop
     vertex -6.931967e-02 -1.651324e-01  8.789727e-02
     vertex -6.537935e-02 -1.670506e-01  8.469894e-02
     vertex -6.577474e-02 -1.742093e-01  9.709183e-02
   endloop
 endfacet
 facet normal -9.454076e-01  3.534902e-12 -3.258904e-01
   outer loop
     vertex -6.931967e-02 -1.651324e-01  8.789727e-02
     vertex -7.086787e-02 -1.572717e-01  9.238861e-02
     vertex -6.931967e-02 -1.546514e-01  8.789727e-02
   endloop
 endfacet
 facet normal -2.414614e-01 -8.436100e-01  4.796025e-01
   outer loop
     vertex -6.683859e-02 -1.670506e-01  1.304361e-01
     vertex -6.644320e-02 -1.742093e-01  1.180432e-01
     vertex -6.120535e-02 -1.756135e-01  1.182104e-01
   endloop
 endfacet
 facet normal -2.414614e-01 -8.436100e-01  4.796025e-01
   outer loop
     vertex -6.683859e-02 -1.670506e-01  1.304361e-01
     vertex -6.120535e-02 -1.756135e-01  1.182104e-01
     vertex -6.163952e-02 -1.677527e-01  1.318187e-01
   endloop
 endfacet
 facet normal -6.663736e-01 -6.546537e-01  3.568961e-01
   outer loop
     vertex -7.056702e-02 -1.651324e-01  1.269931e-01
     vertex -7.027757e-02 -1.703730e-01  1.179209e-01
     vertex -6.644320e-02 -1.742093e-01  1.180432e-01
   endloop
 endfacet
 facet normal -9.595459e-01 -2.559770e-01  1.172492e-01
   outer loop
     vertex -7.056702e-02 -1.651324e-01  1.269931e-01
     vertex -7.168105e-02 -1.651324e-01  1.178761e-01
     vertex -7.027757e-02 -1.703730e-01  1.179209e-01
   endloop
 endfacet
 facet normal -9.595459e-01 -2.559770e-01  1.172492e-01
   outer loop
     vertex -7.056702e-02 -1.651324e-01  1.269931e-01
     vertex -7.182578e-02 -1.625122e-01  1.224122e-01
     vertex -7.168105e-02 -1.651324e-01  1.178761e-01
   endloop
 endfacet
 facet normal -6.663736e-01 -6.546537e-01  3.568961e-01
   outer loop
     vertex -7.056702e-02 -1.651324e-01  1.269931e-01
     vertex -6.644320e-02 -1.742093e-01  1.180432e-01
     vertex -6.683859e-02 -1.670506e-01  1.304361e-01
   endloop
 endfacet
 facet normal -2.569931e-01  0.000000e+00  9.664132e-01
   outer loop
     vertex -6.683859e-02 -1.527332e-01  1.304361e-01
     vertex -6.163952e-02 -1.677527e-01  1.318187e-01
     vertex -6.163952e-02 -1.520312e-01  1.318187e-01
   endloop
 endfacet
 facet normal -2.414614e-01  8.436100e-01  4.796025e-01
   outer loop
     vertex -6.683859e-02 -1.527332e-01  1.304361e-01
     vertex -6.163952e-02 -1.520312e-01  1.318187e-01
     vertex -6.120535e-02 -1.441704e-01  1.182104e-01
   endloop
 endfacet
 facet normal -2.414614e-01  8.436100e-01  4.796025e-01
   outer loop
     vertex -6.683859e-02 -1.527332e-01  1.304361e-01
     vertex -6.120535e-02 -1.441704e-01  1.182104e-01
     vertex -6.644320e-02 -1.455746e-01  1.180432e-01
   endloop
 endfacet
 facet normal -2.569931e-01 -2.302137e-11  9.664132e-01
   outer loop
     vertex -6.683859e-02 -1.527332e-01  1.304361e-01
     vertex -6.683859e-02 -1.670506e-01  1.304361e-01
     vertex -6.163952e-02 -1.677527e-01  1.318187e-01
   endloop
 endfacet
 facet normal -6.663736e-01  6.546537e-01  3.568961e-01
   outer loop
     vertex -7.056702e-02 -1.546514e-01  1.269931e-01
     vertex -6.644320e-02 -1.455746e-01  1.180432e-01
     vertex -7.027757e-02 -1.494109e-01  1.179209e-01
   endloop
 endfacet
 facet normal -9.595459e-01  2.559770e-01  1.172492e-01
   outer loop
     vertex -7.056702e-02 -1.546514e-01  1.269931e-01
     vertex -7.027757e-02 -1.494109e-01  1.179209e-01
     vertex -7.168105e-02 -1.546514e-01  1.178761e-01
   endloop
 endfacet
 facet normal -9.595459e-01  2.559770e-01  1.172492e-01
   outer loop
     vertex -7.056702e-02 -1.546514e-01  1.269931e-01
     vertex -7.168105e-02 -1.546514e-01  1.178761e-01
     vertex -7.182578e-02 -1.572717e-01  1.224122e-01
   endloop
 endfacet
 facet normal -9.642587e-01  0.000000e+00  2.649625e-01
   outer loop
     vertex -7.056702e-02 -1.546514e-01  1.269931e-01
     vertex -7.182578e-02 -1.572717e-01  1.224122e-01
     vertex -7.182578e-02 -1.625122e-01  1.224122e-01
   endloop
 endfacet
 facet normal -9.642587e-01 -2.874023e-12  2.649625e-01
   outer loop
     vertex -7.056702e-02 -1.546514e-01  1.269931e-01
     vertex -7.182578e-02 -1.625122e-01  1.224122e-01
     vertex -7.056702e-02 -1.651324e-01  1.269931e-01
   endloop
 endfacet
 facet normal -6.784264e-01 -7.968880e-12  7.346684e-01
   outer loop
     vertex -7.056702e-02 -1.546514e-01  1.269931e-01
     vertex -7.056702e-02 -1.651324e-01  1.269931e-01
     vertex -6.683859e-02 -1.670506e-01  1.304361e-01
   endloop
 endfacet
 facet normal -6.784264e-01 -1.750088e-11  7.346684e-01
   outer loop
     vertex -7.056702e-02 -1.546514e-01  1.269931e-01
     vertex -6.683859e-02 -1.670506e-01  1.304361e-01
     vertex -6.683859e-02 -1.527332e-01  1.304361e-01
   endloop
 endfacet
 facet normal -6.663736e-01  6.546537e-01  3.568961e-01
   outer loop
     vertex -7.056702e-02 -1.546514e-01  1.269931e-01
     vertex -6.683859e-02 -1.527332e-01  1.304361e-01
     vertex -6.644320e-02 -1.455746e-01  1.180432e-01
   endloop
 endfacet
 facet normal -9.654346e-01  2.588190e-01 -3.080219e-02
   outer loop
     vertex -6.960912e-02 -1.494109e-01  9.696950e-02
     vertex -7.101260e-02 -1.546514e-01  9.692472e-02
     vertex -7.168105e-02 -1.546514e-01  1.178761e-01
   endloop
 endfacet
 facet normal -9.654346e-01  2.588190e-01 -3.080219e-02
   outer loop
     vertex -6.960912e-02 -1.494109e-01  9.696950e-02
     vertex -7.168105e-02 -1.546514e-01  1.178761e-01
     vertex -7.027757e-02 -1.494109e-01  1.179209e-01
   endloop
 endfacet
 facet normal -7.067472e-01  7.071068e-01 -2.254877e-02
   outer loop
     vertex -6.577474e-02 -1.455746e-01  9.709183e-02
     vertex -7.027757e-02 -1.494109e-01  1.179209e-01
     vertex -6.644320e-02 -1.455746e-01  1.180432e-01
   endloop
 endfacet
 facet normal -7.067472e-01  7.071068e-01 -2.254877e-02
   outer loop
     vertex -6.577474e-02 -1.455746e-01  9.709183e-02
     vertex -6.960912e-02 -1.494109e-01  9.696950e-02
     vertex -7.027757e-02 -1.494109e-01  1.179209e-01
   endloop
 endfacet
 facet normal -2.586874e-01  9.659258e-01 -8.253423e-03
   outer loop
     vertex -6.053689e-02 -1.441704e-01  9.725895e-02
     vertex -6.644320e-02 -1.455746e-01  1.180432e-01
     vertex -6.120535e-02 -1.441704e-01  1.182104e-01
   endloop
 endfacet
 facet normal -2.586874e-01  9.659258e-01 -8.253423e-03
   outer loop
     vertex -6.053689e-02 -1.441704e-01  9.725895e-02
     vertex -6.577474e-02 -1.455746e-01  9.709183e-02
     vertex -6.644320e-02 -1.455746e-01  1.180432e-01
   endloop
 endfacet
 facet normal -3.188878e-02  9.951906e-13  9.994914e-01
   outer loop
     vertex -5.572667e-02 -1.663814e-01 -6.327060e-02
     vertex -2.450825e-02 -9.438544e-02 -6.227458e-02
     vertex -3.447299e-01 -4.147700e-01 -7.249125e-02
   endloop
 endfacet
 facet normal -3.188878e-02  7.759368e-13  9.994914e-01
   outer loop
     vertex -3.243594e-01 -4.351508e-01 -7.184133e-02
     vertex -5.572667e-02 -1.663814e-01 -6.327060e-02
     vertex -3.447299e-01 -4.147700e-01 -7.249125e-02
   endloop
 endfacet
 facet normal -3.188878e-02  1.362966e-12  9.994914e-01
   outer loop
     vertex -2.424503e-02 -1.533347e-01 -6.226618e-02
     vertex -2.450825e-02 -9.438544e-02 -6.227458e-02
     vertex -5.572667e-02 -1.663814e-01 -6.327060e-02
   endloop
 endfacet
 facet normal -3.188878e-02  1.678796e-12  9.994914e-01
   outer loop
     vertex  7.236603e-03 -1.663814e-01 -6.126176e-02
     vertex  4.908492e-02 -9.438544e-02 -5.992659e-02
     vertex -2.450825e-02 -9.438544e-02 -6.227458e-02
   endloop
 endfacet
 facet normal -3.188878e-02  1.368019e-12  9.994914e-01
   outer loop
     vertex  7.236603e-03 -1.663814e-01 -6.126176e-02
     vertex -2.450825e-02 -9.438544e-02 -6.227458e-02
     vertex -2.424503e-02 -1.533347e-01 -6.226618e-02
   endloop
 endfacet
 facet normal -3.188878e-02 -1.929776e-12  9.994914e-01
   outer loop
     vertex  2.027672e-02 -1.978791e-01 -6.084571e-02
     vertex  4.908492e-02 -9.438544e-02 -5.992659e-02
     vertex  7.236603e-03 -1.663814e-01 -6.126176e-02
   endloop
 endfacet
 facet normal -3.188878e-02  0.000000e+00  9.994914e-01
   outer loop
     vertex  4.908492e-02 -5.005257e-01 -5.992659e-02
     vertex  2.027672e-02 -1.978791e-01 -6.084571e-02
     vertex  2.027672e-02 -5.005257e-01 -6.084571e-02
   endloop
 endfacet
 facet normal -3.188878e-02  2.797778e-13  9.994914e-01
   outer loop
     vertex  4.908492e-02 -5.005257e-01 -5.992659e-02
     vertex  4.908492e-02 -9.438544e-02 -5.992659e-02
     vertex  2.027672e-02 -1.978791e-01 -6.084571e-02
   endloop
 endfacet
 facet normal  3.188878e-02 -3.563585e-12 -9.994914e-01
   outer loop
     vertex -5.464043e-02 -1.663814e-01 -9.731665e-02
     vertex -3.232732e-01 -4.351508e-01 -1.058874e-01
     vertex -3.436436e-01 -4.147700e-01 -1.065373e-01
   endloop
 endfacet
 facet normal  3.188878e-02 -3.782833e-12 -9.994914e-01
   outer loop
     vertex -5.464043e-02 -1.663814e-01 -9.731665e-02
     vertex -3.436436e-01 -4.147700e-01 -1.065373e-01
     vertex -2.342201e-02 -9.438544e-02 -9.632063e-02
   endloop
 endfacet
 facet normal  3.188878e-02 -3.286980e-12 -9.994914e-01
   outer loop
     vertex -2.315879e-02 -1.533347e-01 -9.631223e-02
     vertex -5.464043e-02 -1.663814e-01 -9.731665e-02
     vertex -2.342201e-02 -9.438544e-02 -9.632063e-02
   endloop
 endfacet
 facet normal  3.188878e-02 -9.979989e-13 -9.994914e-01
   outer loop
     vertex  8.322843e-03 -1.663814e-01 -9.530781e-02
     vertex -2.342201e-02 -9.438544e-02 -9.632063e-02
     vertex  5.017116e-02 -9.438544e-02 -9.397264e-02
   endloop
 endfacet
 facet normal  3.188878e-02 -3.315313e-12 -9.994914e-01
   outer loop
     vertex  8.322843e-03 -1.663814e-01 -9.530781e-02
     vertex -2.315879e-02 -1.533347e-01 -9.631223e-02
     vertex -2.342201e-02 -9.438544e-02 -9.632063e-02
   endloop
 endfacet
 facet normal  3.188878e-02  4.793969e-13 -9.994914e-01
   outer loop
     vertex  2.136296e-02 -1.978791e-01 -9.489176e-02
     vertex  8.322843e-03 -1.663814e-01 -9.530781e-02
     vertex  5.017116e-02 -9.438544e-02 -9.397264e-02
   endloop
 endfacet
 facet normal  3.188878e-02  0.000000e+00 -9.994914e-01
   outer loop
     vertex  5.017116e-02 -5.005257e-01 -9.397264e-02
     vertex  2.136296e-02 -5.005257e-01 -9.489176e-02
     vertex  2.136296e-02 -1.978791e-01 -9.489176e-02
   endloop
 endfacet
 facet normal  3.188878e-02  2.797778e-13 -9.994914e-01
   outer loop
     vertex  5.017116e-02 -5.005257e-01 -9.397264e-02
     vertex  2.136296e-02 -1.978791e-01 -9.489176e-02
     vertex  5.017116e-02 -9.438544e-02 -9.397264e-02
   endloop
 endfacet
 facet normal  9.382471e-01  0.000000e+00  3.459659e-01
   outer loop
     vertex  6.477525e-02 -5.005257e-01 -6.785484e-02
     vertex  6.791370e-02 -5.005257e-01 -7.636621e-02
     vertex  6.791370e-02 -9.438544e-02 -7.636621e-02
   endloop
 endfacet
 facet normal  9.382471e-01  9.684285e-14  3.459659e-01
   outer loop
     vertex  6.477525e-02 -5.005257e-01 -6.785484e-02
     vertex  6.791370e-02 -9.438544e-02 -7.636621e-02
     vertex  6.477525e-02 -9.438544e-02 -6.785484e-02
   endloop
 endfacet
 facet normal  6.576984e-01  2.108586e-13  7.532814e-01
   outer loop
     vertex  5.794180e-02 -5.005257e-01 -6.188848e-02
     vertex  6.477525e-02 -9.438544e-02 -6.785484e-02
     vertex  5.794180e-02 -9.438544e-02 -6.188848e-02
   endloop
 endfacet
 facet normal  6.576984e-01  2.108583e-13  7.532814e-01
   outer loop
     vertex  5.794180e-02 -5.005257e-01 -6.188848e-02
     vertex  6.477525e-02 -5.005257e-01 -6.785484e-02
     vertex  6.477525e-02 -9.438544e-02 -6.785484e-02
   endloop
 endfacet
 facet normal  2.162679e-01  2.732956e-13  9.763341e-01
   outer loop
     vertex  4.908492e-02 -5.005257e-01 -5.992659e-02
     vertex  5.794180e-02 -9.438544e-02 -6.188848e-02
     vertex  4.908492e-02 -9.438544e-02 -5.992659e-02
   endloop
 endfacet
 facet normal  2.162679e-01  2.732959e-13  9.763341e-01
   outer loop
     vertex  4.908492e-02 -5.005257e-01 -5.992659e-02
     vertex  5.794180e-02 -5.005257e-01 -6.188848e-02
     vertex  5.794180e-02 -9.438544e-02 -6.188848e-02
   endloop
 endfacet
 facet normal  9.583925e-01  0.000000e+00 -2.854537e-01
   outer loop
     vertex  6.532419e-02 -9.438544e-02 -8.506033e-02
     vertex  6.791370e-02 -9.438544e-02 -7.636621e-02
     vertex  6.791370e-02 -5.005257e-01 -7.636621e-02
   endloop
 endfacet
 facet normal  9.583925e-01  0.000000e+00 -2.854537e-01
   outer loop
     vertex  6.532419e-02 -9.438544e-02 -8.506033e-02
     vertex  6.791370e-02 -5.005257e-01 -7.636621e-02
     vertex  6.532419e-02 -5.005257e-01 -8.506033e-02
   endloop
 endfacet
 facet normal  7.043788e-01 -3.973883e-13 -7.098243e-01
   outer loop
     vertex  5.888497e-02 -9.438544e-02 -9.145015e-02
     vertex  6.532419e-02 -5.005257e-01 -8.506033e-02
     vertex  5.888497e-02 -5.005257e-01 -9.145015e-02
   endloop
 endfacet
 facet normal  7.043788e-01  0.000000e+00 -7.098243e-01
   outer loop
     vertex  5.888497e-02 -9.438544e-02 -9.145015e-02
     vertex  6.532419e-02 -9.438544e-02 -8.506033e-02
     vertex  6.532419e-02 -5.005257e-01 -8.506033e-02
   endloop
 endfacet
 facet normal  2.780646e-01  2.688808e-13 -9.605624e-01
   outer loop
     vertex  5.017116e-02 -9.438544e-02 -9.397264e-02
     vertex  5.888497e-02 -5.005257e-01 -9.145015e-02
     vertex  5.017116e-02 -5.005257e-01 -9.397264e-02
   endloop
 endfacet
 facet normal  2.780646e-01 -5.377608e-13 -9.605624e-01
   outer loop
     vertex  5.017116e-02 -9.438544e-02 -9.397264e-02
     vertex  5.888497e-02 -9.438544e-02 -9.145015e-02
     vertex  5.888497e-02 -5.005257e-01 -9.145015e-02
   endloop
 endfacet
 facet normal -6.806361e-01  6.709046e-01  2.943155e-01
   outer loop
     vertex -4.982496e-02 -9.438544e-02 -8.012266e-02
     vertex -3.571167e-01 -4.018335e-01 -8.992680e-02
     vertex -3.553660e-01 -4.038597e-01 -8.125944e-02
   endloop
 endfacet
 facet normal -4.978159e-01  4.888576e-01  7.163781e-01
   outer loop
     vertex -4.982496e-02 -9.438544e-02 -8.012266e-02
     vertex -3.553660e-01 -4.038597e-01 -8.125944e-02
     vertex -3.508705e-01 -4.085547e-01 -7.493164e-02
   endloop
 endfacet
 facet normal -2.056713e-01  1.748619e-01  9.628721e-01
   outer loop
     vertex -2.450825e-02 -9.438544e-02 -6.227458e-02
     vertex -3.508705e-01 -4.085547e-01 -7.493164e-02
     vertex -3.447299e-01 -4.147700e-01 -7.249125e-02
   endloop
 endfacet
 facet normal -5.015269e-01  4.923312e-01  7.113936e-01
   outer loop
     vertex -2.450825e-02 -9.438544e-02 -6.227458e-02
     vertex -4.982496e-02 -9.438544e-02 -8.012266e-02
     vertex -3.508705e-01 -4.085547e-01 -7.493164e-02
   endloop
 endfacet
 facet normal -6.604906e-01  6.709046e-01 -3.371041e-01
   outer loop
     vertex -3.548171e-01 -4.038597e-01 -9.846494e-02
     vertex -3.571167e-01 -4.018335e-01 -8.992680e-02
     vertex -4.982496e-02 -9.438544e-02 -8.012266e-02
   endloop
 endfacet
 facet normal -4.551590e-01  4.923312e-01 -7.419166e-01
   outer loop
     vertex -3.499273e-01 -4.085547e-01 -1.044933e-01
     vertex -4.982496e-02 -9.438544e-02 -8.012266e-02
     vertex -2.342201e-02 -9.438544e-02 -9.632063e-02
   endloop
 endfacet
 facet normal -4.511379e-01  4.888576e-01 -7.466544e-01
   outer loop
     vertex -3.499273e-01 -4.085547e-01 -1.044933e-01
     vertex -3.548171e-01 -4.038597e-01 -9.846494e-02
     vertex -4.982496e-02 -9.438544e-02 -8.012266e-02
   endloop
 endfacet
 facet normal -1.438746e-01  1.748619e-01 -9.740243e-01
   outer loop
     vertex -3.436436e-01 -4.147700e-01 -1.065373e-01
     vertex -3.499273e-01 -4.085547e-01 -1.044933e-01
     vertex -2.342201e-02 -9.438544e-02 -9.632063e-02
   endloop
 endfacet
 facet normal  0.000000e+00 -1.000000e+00  0.000000e+00
   outer loop
     vertex  5.672636e-03 -5.005257e-01 -8.696352e-02
     vertex  5.123695e-03 -5.005257e-01 -6.975802e-02
     vertex  2.534182e-03 -5.005257e-01 -7.845214e-02
   endloop
 endfacet
 facet normal  0.000000e+00 -1.000000e+00  0.000000e+00
   outer loop
     vertex  5.672636e-03 -5.005257e-01 -8.696352e-02
     vertex  1.156292e-02 -5.005257e-01 -6.336820e-02
     vertex  5.123695e-03 -5.005257e-01 -6.975802e-02
   endloop
 endfacet
 facet normal  0.000000e+00 -1.000000e+00  0.000000e+00
   outer loop
     vertex  1.250608e-02 -5.005257e-01 -9.292987e-02
     vertex  2.027672e-02 -5.005257e-01 -6.084571e-02
     vertex  1.156292e-02 -5.005257e-01 -6.336820e-02
   endloop
 endfacet
 facet normal  0.000000e+00 -1.000000e+00  0.000000e+00
   outer loop
     vertex  1.250608e-02 -5.005257e-01 -9.292987e-02
     vertex  1.156292e-02 -5.005257e-01 -6.336820e-02
     vertex  5.672636e-03 -5.005257e-01 -8.696352e-02
   endloop
 endfacet
 facet normal  0.000000e+00 -1.000000e+00  0.000000e+00
   outer loop
     vertex  2.136296e-02 -5.005257e-01 -9.489176e-02
     vertex  2.027672e-02 -5.005257e-01 -6.084571e-02
     vertex  1.250608e-02 -5.005257e-01 -9.292987e-02
   endloop
 endfacet
 facet normal -9.589737e-13 -1.000000e+00 -8.653981e-13
   outer loop
     vertex  5.017116e-02 -5.005257e-01 -9.397264e-02
     vertex  4.908492e-02 -5.005257e-01 -5.992659e-02
     vertex  2.027672e-02 -5.005257e-01 -6.084571e-02
   endloop
 endfacet
 facet normal -0.000000e+00 -1.000000e+00  0.000000e+00
   outer loop
     vertex  5.017116e-02 -5.005257e-01 -9.397264e-02
     vertex  2.027672e-02 -5.005257e-01 -6.084571e-02
     vertex  2.136296e-02 -5.005257e-01 -9.489176e-02
   endloop
 endfacet
 facet normal  3.231837e-12 -1.000000e+00  1.031118e-13
   outer loop
     vertex  5.888497e-02 -5.005257e-01 -9.145015e-02
     vertex  5.794180e-02 -5.005257e-01 -6.188848e-02
     vertex  4.908492e-02 -5.005257e-01 -5.992659e-02
   endloop
 endfacet
 facet normal  2.394478e-13 -1.000000e+00 -8.271624e-13
   outer loop
     vertex  5.888497e-02 -5.005257e-01 -9.145015e-02
     vertex  4.908492e-02 -5.005257e-01 -5.992659e-02
     vertex  5.017116e-02 -5.005257e-01 -9.397264e-02
   endloop
 endfacet
 facet normal  0.000000e+00 -1.000000e+00  0.000000e+00
   outer loop
     vertex  6.532419e-02 -5.005257e-01 -8.506033e-02
     vertex  6.477525e-02 -5.005257e-01 -6.785484e-02
     vertex  5.794180e-02 -5.005257e-01 -6.188848e-02
   endloop
 endfacet
 facet normal  0.000000e+00 -1.000000e+00  0.000000e+00
   outer loop
     vertex  6.532419e-02 -5.005257e-01 -8.506033e-02
     vertex  6.791370e-02 -5.005257e-01 -7.636621e-02
     vertex  6.477525e-02 -5.005257e-01 -6.785484e-02
   endloop
 endfacet
 facet normal -0.000000e+00 -1.000000e+00  0.000000e+00
   outer loop
     vertex  6.532419e-02 -5.005257e-01 -8.506033e-02
     vertex  5.794180e-02 -5.005257e-01 -6.188848e-02
     vertex  5.888497e-02 -5.005257e-01 -9.145015e-02
   endloop
 endfacet
 facet normal -7.067472e-01 -7.071068e-01 -2.254877e-02
   outer loop
     vertex -3.548171e-01 -4.038597e-01 -9.846494e-02
     vertex -3.553660e-01 -4.038597e-01 -8.125944e-02
     vertex -3.571167e-01 -4.018335e-01 -8.992680e-02
   endloop
 endfacet
 facet normal -7.067472e-01 -7.071068e-01 -2.254877e-02
   outer loop
     vertex -3.499273e-01 -4.085547e-01 -1.044933e-01
     vertex -3.508705e-01 -4.085547e-01 -7.493164e-02
     vertex -3.553660e-01 -4.038597e-01 -8.125944e-02
   endloop
 endfacet
 facet normal -7.067472e-01 -7.071068e-01 -2.254877e-02
   outer loop
     vertex -3.499273e-01 -4.085547e-01 -1.044933e-01
     vertex -3.447299e-01 -4.147700e-01 -7.249125e-02
     vertex -3.508705e-01 -4.085547e-01 -7.493164e-02
   endloop
 endfacet
 facet normal -7.067472e-01 -7.071068e-01 -2.254877e-02
   outer loop
     vertex -3.499273e-01 -4.085547e-01 -1.044933e-01
     vertex -3.553660e-01 -4.038597e-01 -8.125944e-02
     vertex -3.548171e-01 -4.038597e-01 -9.846494e-02
   endloop
 endfacet
 facet normal -7.067472e-01 -7.071068e-01 -2.254877e-02
   outer loop
     vertex -3.436436e-01 -4.147700e-01 -1.065373e-01
     vertex -3.243594e-01 -4.351508e-01 -7.184133e-02
     vertex -3.447299e-01 -4.147700e-01 -7.249125e-02
   endloop
 endfacet
 facet normal -7.067472e-01 -7.071068e-01 -2.254877e-02
   outer loop
     vertex -3.436436e-01 -4.147700e-01 -1.065373e-01
     vertex -3.447299e-01 -4.147700e-01 -7.249125e-02
     vertex -3.499273e-01 -4.085547e-01 -1.044933e-01
   endloop
 endfacet
 facet normal -7.067472e-01 -7.071068e-01 -2.254877e-02
   outer loop
     vertex -3.232732e-01 -4.351508e-01 -1.058874e-01
     vertex -3.180757e-01 -4.413662e-01 -7.388532e-02
     vertex -3.243594e-01 -4.351508e-01 -7.184133e-02
   endloop
 endfacet
 facet normal -7.067472e-01 -7.071068e-01 -2.254877e-02
   outer loop
     vertex -3.232732e-01 -4.351508e-01 -1.058874e-01
     vertex -3.243594e-01 -4.351508e-01 -7.184133e-02
     vertex -3.436436e-01 -4.147700e-01 -1.065373e-01
   endloop
 endfacet
 facet normal -7.067472e-01 -7.071068e-01 -2.254877e-02
   outer loop
     vertex -3.171325e-01 -4.413662e-01 -1.034470e-01
     vertex -3.131860e-01 -4.460612e-01 -7.991369e-02
     vertex -3.180757e-01 -4.413662e-01 -7.388532e-02
   endloop
 endfacet
 facet normal -7.067472e-01 -7.071068e-01 -2.254877e-02
   outer loop
     vertex -3.171325e-01 -4.413662e-01 -1.034470e-01
     vertex -3.180757e-01 -4.413662e-01 -7.388532e-02
     vertex -3.232732e-01 -4.351508e-01 -1.058874e-01
   endloop
 endfacet
 facet normal -7.067472e-01 -7.071068e-01 -2.254877e-02
   outer loop
     vertex -3.126370e-01 -4.460612e-01 -9.711919e-02
     vertex -3.108864e-01 -4.480873e-01 -8.845183e-02
     vertex -3.131860e-01 -4.460612e-01 -7.991369e-02
   endloop
 endfacet
 facet normal -7.067472e-01 -7.071068e-01 -2.254877e-02
   outer loop
     vertex -3.126370e-01 -4.460612e-01 -9.711919e-02
     vertex -3.131860e-01 -4.460612e-01 -7.991369e-02
     vertex -3.171325e-01 -4.413662e-01 -1.034470e-01
   endloop
 endfacet
 facet normal -9.583925e-01  0.000000e+00  2.854537e-01
   outer loop
     vertex  2.534182e-03 -1.978791e-01 -7.845214e-02
     vertex  2.534182e-03 -5.005257e-01 -7.845214e-02
     vertex  5.123695e-03 -5.005257e-01 -6.975802e-02
   endloop
 endfacet
 facet normal -7.043788e-01  0.000000e+00  7.098243e-01
   outer loop
     vertex  5.123695e-03 -1.978791e-01 -6.975802e-02
     vertex  5.123695e-03 -5.005257e-01 -6.975802e-02
     vertex  1.156292e-02 -5.005257e-01 -6.336820e-02
   endloop
 endfacet
 facet normal -9.583925e-01  0.000000e+00  2.854537e-01
   outer loop
     vertex  5.123695e-03 -1.978791e-01 -6.975802e-02
     vertex  2.534182e-03 -1.978791e-01 -7.845214e-02
     vertex  5.123695e-03 -5.005257e-01 -6.975802e-02
   endloop
 endfacet
 facet normal -2.780646e-01  3.608278e-13  9.605624e-01
   outer loop
     vertex  1.156292e-02 -1.978791e-01 -6.336820e-02
     vertex  1.156292e-02 -5.005257e-01 -6.336820e-02
     vertex  2.027672e-02 -5.005257e-01 -6.084571e-02
   endloop
 endfacet
 facet normal -7.043788e-01  2.666400e-13  7.098243e-01
   outer loop
     vertex  1.156292e-02 -1.978791e-01 -6.336820e-02
     vertex  5.123695e-03 -1.978791e-01 -6.975802e-02
     vertex  1.156292e-02 -5.005257e-01 -6.336820e-02
   endloop
 endfacet
 facet normal -2.780646e-01  0.000000e+00  9.605624e-01
   outer loop
     vertex  2.027672e-02 -1.978791e-01 -6.084571e-02
     vertex  1.156292e-02 -1.978791e-01 -6.336820e-02
     vertex  2.027672e-02 -5.005257e-01 -6.084571e-02
   endloop
 endfacet
 facet normal -9.382471e-01  0.000000e+00 -3.459659e-01
   outer loop
     vertex  2.534182e-03 -5.005257e-01 -7.845214e-02
     vertex  2.534182e-03 -1.978791e-01 -7.845214e-02
     vertex  5.672636e-03 -1.978791e-01 -8.696352e-02
   endloop
 endfacet
 facet normal -6.576984e-01  5.659286e-13 -7.532814e-01
   outer loop
     vertex  5.672636e-03 -5.005257e-01 -8.696352e-02
     vertex  5.672636e-03 -1.978791e-01 -8.696352e-02
     vertex  1.250608e-02 -1.978791e-01 -9.292987e-02
   endloop
 endfacet
 facet normal -9.382471e-01  2.599188e-13 -3.459659e-01
   outer loop
     vertex  5.672636e-03 -5.005257e-01 -8.696352e-02
     vertex  2.534182e-03 -5.005257e-01 -7.845214e-02
     vertex  5.672636e-03 -1.978791e-01 -8.696352e-02
   endloop
 endfacet
 facet normal -2.162679e-01 -3.667523e-13 -9.763341e-01
   outer loop
     vertex  1.250608e-02 -5.005257e-01 -9.292987e-02
     vertex  1.250608e-02 -1.978791e-01 -9.292987e-02
     vertex  2.136296e-02 -1.978791e-01 -9.489176e-02
   endloop
 endfacet
 facet normal -6.576984e-01 -2.829643e-13 -7.532814e-01
   outer loop
     vertex  1.250608e-02 -5.005257e-01 -9.292987e-02
     vertex  5.672636e-03 -5.005257e-01 -8.696352e-02
     vertex  1.250608e-02 -1.978791e-01 -9.292987e-02
   endloop
 endfacet
 facet normal -2.162679e-01  0.000000e+00 -9.763341e-01
   outer loop
     vertex  2.136296e-02 -5.005257e-01 -9.489176e-02
     vertex  1.250608e-02 -5.005257e-01 -9.292987e-02
     vertex  2.136296e-02 -1.978791e-01 -9.489176e-02
   endloop
 endfacet
 facet normal  3.562123e-01 -8.830542e-01  3.054965e-01
   outer loop
     vertex -2.397638e-02 -1.687642e-01 -7.068646e-02
     vertex -4.455325e-02 -1.772917e-01 -7.134296e-02
     vertex -4.225363e-02 -1.793179e-01 -7.988110e-02
   endloop
 endfacet
 facet normal  3.562123e-01 -8.830542e-01  3.054965e-01
   outer loop
     vertex -2.397638e-02 -1.687642e-01 -7.068646e-02
     vertex -4.225363e-02 -1.793179e-01 -7.988110e-02
     vertex -2.370191e-02 -1.716296e-01 -7.928921e-02
   endloop
 endfacet
 facet normal  7.110920e-02 -2.460048e-01  9.666567e-01
   outer loop
     vertex -2.417350e-02 -1.621245e-01 -6.450837e-02
     vertex -2.424503e-02 -1.533347e-01 -6.226618e-02
     vertex -5.572667e-02 -1.663814e-01 -6.327060e-02
   endloop
 endfacet
 facet normal  7.110920e-02 -2.460048e-01  9.666567e-01
   outer loop
     vertex -2.417350e-02 -1.621245e-01 -6.450837e-02
     vertex -5.572667e-02 -1.663814e-01 -6.327060e-02
     vertex -4.944295e-02 -1.725968e-01 -6.531459e-02
   endloop
 endfacet
 facet normal  2.490267e-01 -6.557667e-01  7.127101e-01
   outer loop
     vertex -2.417350e-02 -1.621245e-01 -6.450837e-02
     vertex -4.944295e-02 -1.725968e-01 -6.531459e-02
     vertex -4.455325e-02 -1.772917e-01 -7.134296e-02
   endloop
 endfacet
 facet normal  2.490267e-01 -6.557667e-01  7.127101e-01
   outer loop
     vertex -2.417350e-02 -1.621245e-01 -6.450837e-02
     vertex -4.455325e-02 -1.772917e-01 -7.134296e-02
     vertex -2.397638e-02 -1.687642e-01 -7.068646e-02
   endloop
 endfacet
 facet normal -3.749617e-01 -8.830542e-01  2.821683e-01
   outer loop
     vertex -3.399521e-03 -1.772917e-01 -7.002995e-02
     vertex -2.370191e-02 -1.716296e-01 -7.928921e-02
     vertex -5.150192e-03 -1.793179e-01 -7.869731e-02
   endloop
 endfacet
 facet normal -8.919798e-01 -3.657730e-01  2.656729e-01
   outer loop
     vertex -3.399521e-03 -1.772917e-01 -7.002995e-02
     vertex -5.150192e-03 -1.793179e-01 -7.869731e-02
     vertex  2.534182e-03 -1.978791e-01 -7.845214e-02
   endloop
 endfacet
 facet normal -8.919798e-01 -3.657730e-01  2.656729e-01
   outer loop
     vertex -3.399521e-03 -1.772917e-01 -7.002995e-02
     vertex  2.534182e-03 -1.978791e-01 -7.845214e-02
     vertex  5.123695e-03 -1.978791e-01 -6.975802e-02
   endloop
 endfacet
 facet normal -3.749617e-01 -8.830542e-01  2.821683e-01
   outer loop
     vertex -3.399521e-03 -1.772917e-01 -7.002995e-02
     vertex -2.397638e-02 -1.687642e-01 -7.068646e-02
     vertex -2.370191e-02 -1.716296e-01 -7.928921e-02
   endloop
 endfacet
 facet normal -2.766172e-01 -1.018985e-01  9.555625e-01
   outer loop
     vertex  1.095963e-03 -1.725968e-01 -6.370214e-02
     vertex  2.027672e-02 -1.978791e-01 -6.084571e-02
     vertex  7.236603e-03 -1.663814e-01 -6.126176e-02
   endloop
 endfacet
 facet normal -1.325842e-01 -2.460048e-01  9.601578e-01
   outer loop
     vertex  1.095963e-03 -1.725968e-01 -6.370214e-02
     vertex  7.236603e-03 -1.663814e-01 -6.126176e-02
     vertex -2.424503e-02 -1.533347e-01 -6.226618e-02
   endloop
 endfacet
 facet normal -2.766172e-01 -1.018985e-01  9.555625e-01
   outer loop
     vertex  1.095963e-03 -1.725968e-01 -6.370214e-02
     vertex  1.156292e-02 -1.978791e-01 -6.336820e-02
     vertex  2.027672e-02 -1.978791e-01 -6.084571e-02
   endloop
 endfacet
 facet normal -6.778959e-01 -2.716275e-01  6.831366e-01
   outer loop
     vertex  1.095963e-03 -1.725968e-01 -6.370214e-02
     vertex  5.123695e-03 -1.978791e-01 -6.975802e-02
     vertex  1.156292e-02 -1.978791e-01 -6.336820e-02
   endloop
 endfacet
 facet normal -2.939520e-01 -6.557667e-01  6.953864e-01
   outer loop
     vertex  1.095963e-03 -1.725968e-01 -6.370214e-02
     vertex -2.417350e-02 -1.621245e-01 -6.450837e-02
     vertex -2.397638e-02 -1.687642e-01 -7.068646e-02
   endloop
 endfacet
 facet normal -2.939520e-01 -6.557667e-01  6.953864e-01
   outer loop
     vertex  1.095963e-03 -1.725968e-01 -6.370214e-02
     vertex -2.397638e-02 -1.687642e-01 -7.068646e-02
     vertex -3.399521e-03 -1.772917e-01 -7.002995e-02
   endloop
 endfacet
 facet normal -1.325842e-01 -2.460048e-01  9.601578e-01
   outer loop
     vertex  1.095963e-03 -1.725968e-01 -6.370214e-02
     vertex -2.424503e-02 -1.533347e-01 -6.226618e-02
     vertex -2.417350e-02 -1.621245e-01 -6.450837e-02
   endloop
 endfacet
 facet normal -6.778959e-01 -2.716275e-01  6.831366e-01
   outer loop
     vertex  1.095963e-03 -1.725968e-01 -6.370214e-02
     vertex -3.399521e-03 -1.772917e-01 -7.002995e-02
     vertex  5.123695e-03 -1.978791e-01 -6.975802e-02
   endloop
 endfacet
 facet normal -8.732304e-01 -3.657730e-01 -3.219919e-01
   outer loop
     vertex  2.534182e-03 -1.978791e-01 -7.845214e-02
     vertex -5.150192e-03 -1.793179e-01 -7.869731e-02
     vertex  5.672636e-03 -1.978791e-01 -8.696352e-02
   endloop
 endfacet
 facet normal  1.325842e-01 -2.460048e-01 -9.601578e-01
   outer loop
     vertex -2.323033e-02 -1.621245e-01 -9.407004e-02
     vertex -4.849979e-02 -1.725968e-01 -9.487627e-02
     vertex -5.464043e-02 -1.663814e-01 -9.731665e-02
   endloop
 endfacet
 facet normal  1.325842e-01 -2.460048e-01 -9.601578e-01
   outer loop
     vertex -2.323033e-02 -1.621245e-01 -9.407004e-02
     vertex -5.464043e-02 -1.663814e-01 -9.731665e-02
     vertex -2.315879e-02 -1.533347e-01 -9.631223e-02
   endloop
 endfacet
 facet normal  3.749617e-01 -8.830542e-01 -2.821683e-01
   outer loop
     vertex -2.342744e-02 -1.687642e-01 -8.789195e-02
     vertex -2.370191e-02 -1.716296e-01 -7.928921e-02
     vertex -4.225363e-02 -1.793179e-01 -7.988110e-02
   endloop
 endfacet
 facet normal  3.749617e-01 -8.830542e-01 -2.821683e-01
   outer loop
     vertex -2.342744e-02 -1.687642e-01 -8.789195e-02
     vertex -4.225363e-02 -1.793179e-01 -7.988110e-02
     vertex -4.400430e-02 -1.772917e-01 -8.854846e-02
   endloop
 endfacet
 facet normal  2.939520e-01 -6.557667e-01 -6.953864e-01
   outer loop
     vertex -2.342744e-02 -1.687642e-01 -8.789195e-02
     vertex -4.400430e-02 -1.772917e-01 -8.854846e-02
     vertex -4.849979e-02 -1.725968e-01 -9.487627e-02
   endloop
 endfacet
 facet normal  2.939520e-01 -6.557667e-01 -6.953864e-01
   outer loop
     vertex -2.342744e-02 -1.687642e-01 -8.789195e-02
     vertex -4.849979e-02 -1.725968e-01 -9.487627e-02
     vertex -2.323033e-02 -1.621245e-01 -9.407004e-02
   endloop
 endfacet
 facet normal -2.151422e-01 -1.018985e-01 -9.712520e-01
   outer loop
     vertex  2.039128e-03 -1.725968e-01 -9.326382e-02
     vertex  2.136296e-02 -1.978791e-01 -9.489176e-02
     vertex  1.250608e-02 -1.978791e-01 -9.292987e-02
   endloop
 endfacet
 facet normal -7.110920e-02 -2.460048e-01 -9.666567e-01
   outer loop
     vertex  2.039128e-03 -1.725968e-01 -9.326382e-02
     vertex -2.315879e-02 -1.533347e-01 -9.631223e-02
     vertex  8.322843e-03 -1.663814e-01 -9.530781e-02
   endloop
 endfacet
 facet normal -2.151422e-01 -1.018985e-01 -9.712520e-01
   outer loop
     vertex  2.039128e-03 -1.725968e-01 -9.326382e-02
     vertex  8.322843e-03 -1.663814e-01 -9.530781e-02
     vertex  2.136296e-02 -1.978791e-01 -9.489176e-02
   endloop
 endfacet
 facet normal -7.110920e-02 -2.460048e-01 -9.666567e-01
   outer loop
     vertex  2.039128e-03 -1.725968e-01 -9.326382e-02
     vertex -2.323033e-02 -1.621245e-01 -9.407004e-02
     vertex -2.315879e-02 -1.533347e-01 -9.631223e-02
   endloop
 endfacet
 facet normal -6.329706e-01 -2.716275e-01 -7.249598e-01
   outer loop
     vertex -2.850579e-03 -1.772917e-01 -8.723545e-02
     vertex  1.250608e-02 -1.978791e-01 -9.292987e-02
     vertex  5.672636e-03 -1.978791e-01 -8.696352e-02
   endloop
 endfacet
 facet normal -3.562123e-01 -8.830542e-01 -3.054965e-01
   outer loop
     vertex -2.850579e-03 -1.772917e-01 -8.723545e-02
     vertex -5.150192e-03 -1.793179e-01 -7.869731e-02
     vertex -2.370191e-02 -1.716296e-01 -7.928921e-02
   endloop
 endfacet
 facet normal -3.562123e-01 -8.830542e-01 -3.054965e-01
   outer loop
     vertex -2.850579e-03 -1.772917e-01 -8.723545e-02
     vertex -2.370191e-02 -1.716296e-01 -7.928921e-02
     vertex -2.342744e-02 -1.687642e-01 -8.789195e-02
   endloop
 endfacet
 facet normal -2.490267e-01 -6.557667e-01 -7.127101e-01
   outer loop
     vertex -2.850579e-03 -1.772917e-01 -8.723545e-02
     vertex -2.342744e-02 -1.687642e-01 -8.789195e-02
     vertex -2.323033e-02 -1.621245e-01 -9.407004e-02
   endloop
 endfacet
 facet normal -2.490267e-01 -6.557667e-01 -7.127101e-01
   outer loop
     vertex -2.850579e-03 -1.772917e-01 -8.723545e-02
     vertex -2.323033e-02 -1.621245e-01 -9.407004e-02
     vertex  2.039128e-03 -1.725968e-01 -9.326382e-02
   endloop
 endfacet
 facet normal -6.329706e-01 -2.716275e-01 -7.249598e-01
   outer loop
     vertex -2.850579e-03 -1.772917e-01 -8.723545e-02
     vertex  2.039128e-03 -1.725968e-01 -9.326382e-02
     vertex  1.250608e-02 -1.978791e-01 -9.292987e-02
   endloop
 endfacet
 facet normal -8.732304e-01 -3.657730e-01 -3.219919e-01
   outer loop
     vertex -2.850579e-03 -1.772917e-01 -8.723545e-02
     vertex  5.672636e-03 -1.978791e-01 -8.696352e-02
     vertex -5.150192e-03 -1.793179e-01 -7.869731e-02
   endloop
 endfacet
 facet normal  6.604906e-01 -6.709046e-01  3.371041e-01
   outer loop
     vertex -3.131860e-01 -4.460612e-01 -7.991369e-02
     vertex -3.108864e-01 -4.480873e-01 -8.845183e-02
     vertex -4.225363e-02 -1.793179e-01 -7.988110e-02
   endloop
 endfacet
 facet normal  6.604906e-01 -6.709046e-01  3.371041e-01
   outer loop
     vertex -3.131860e-01 -4.460612e-01 -7.991369e-02
     vertex -4.225363e-02 -1.793179e-01 -7.988110e-02
     vertex -4.455325e-02 -1.772917e-01 -7.134296e-02
   endloop
 endfacet
 facet normal  4.582268e-01 -4.818121e-01  7.469172e-01
   outer loop
     vertex -3.180757e-01 -4.413662e-01 -7.388532e-02
     vertex -4.455325e-02 -1.772917e-01 -7.134296e-02
     vertex -4.944295e-02 -1.725968e-01 -6.531459e-02
   endloop
 endfacet
 facet normal  4.582268e-01 -4.818121e-01  7.469172e-01
   outer loop
     vertex -3.180757e-01 -4.413662e-01 -7.388532e-02
     vertex -3.131860e-01 -4.460612e-01 -7.991369e-02
     vertex -4.455325e-02 -1.772917e-01 -7.134296e-02
   endloop
 endfacet
 facet normal  1.438746e-01 -1.748619e-01  9.740243e-01
   outer loop
     vertex -3.243594e-01 -4.351508e-01 -7.184133e-02
     vertex -4.944295e-02 -1.725968e-01 -6.531459e-02
     vertex -5.572667e-02 -1.663814e-01 -6.327060e-02
   endloop
 endfacet
 facet normal  1.438746e-01 -1.748619e-01  9.740243e-01
   outer loop
     vertex -3.243594e-01 -4.351508e-01 -7.184133e-02
     vertex -3.180757e-01 -4.413662e-01 -7.388532e-02
     vertex -4.944295e-02 -1.725968e-01 -6.531459e-02
   endloop
 endfacet
 facet normal  6.806361e-01 -6.709046e-01 -2.943155e-01
   outer loop
     vertex -4.400430e-02 -1.772917e-01 -8.854846e-02
     vertex -4.225363e-02 -1.793179e-01 -7.988110e-02
     vertex -3.108864e-01 -4.480873e-01 -8.845183e-02
   endloop
 endfacet
 facet normal  6.806361e-01 -6.709046e-01 -2.943155e-01
   outer loop
     vertex -4.400430e-02 -1.772917e-01 -8.854846e-02
     vertex -3.108864e-01 -4.480873e-01 -8.845183e-02
     vertex -3.126370e-01 -4.460612e-01 -9.711919e-02
   endloop
 endfacet
 facet normal  5.049072e-01 -4.818121e-01 -7.161884e-01
   outer loop
     vertex -4.849979e-02 -1.725968e-01 -9.487627e-02
     vertex -3.126370e-01 -4.460612e-01 -9.711919e-02
     vertex -3.171325e-01 -4.413662e-01 -1.034470e-01
   endloop
 endfacet
 facet normal  5.049072e-01 -4.818121e-01 -7.161884e-01
   outer loop
     vertex -4.849979e-02 -1.725968e-01 -9.487627e-02
     vertex -4.400430e-02 -1.772917e-01 -8.854846e-02
     vertex -3.126370e-01 -4.460612e-01 -9.711919e-02
   endloop
 endfacet
 facet normal  2.056713e-01 -1.748619e-01 -9.628721e-01
   outer loop
     vertex -5.464043e-02 -1.663814e-01 -9.731665e-02
     vertex -3.171325e-01 -4.413662e-01 -1.034470e-01
     vertex -3.232732e-01 -4.351508e-01 -1.058874e-01
   endloop
 endfacet
 facet normal  2.056713e-01 -1.748619e-01 -9.628721e-01
   outer loop
     vertex -5.464043e-02 -1.663814e-01 -9.731665e-02
     vertex -4.849979e-02 -1.725968e-01 -9.487627e-02
     vertex -3.171325e-01 -4.413662e-01 -1.034470e-01
   endloop
 endfacet
 facet normal  9.994914e-01 -1.383725e-13  3.188878e-02
   outer loop
     vertex  2.260153e-01 -6.818285e-02 -1.001595e-01
     vertex  2.193307e-01 -6.818285e-02  1.093546e-01
     vertex  2.193307e-01 -9.438544e-02  1.093546e-01
   endloop
 endfacet
 facet normal  9.994914e-01  1.383578e-13  3.188878e-02
   outer loop
     vertex  2.260153e-01 -6.818285e-02 -1.001595e-01
     vertex  2.193307e-01 -9.438544e-02  1.093546e-01
     vertex  2.260153e-01 -9.438544e-02 -1.001595e-01
   endloop
 endfacet
 facet normal  9.112064e-01 -2.234206e-13  4.119502e-01
   outer loop
     vertex  1.282846e-01 -6.818285e-02  6.646722e-02
     vertex  1.571998e-01 -6.818285e-02  2.508653e-03
     vertex  1.571998e-01  1.414379e-01  2.508653e-03
   endloop
 endfacet
 facet normal  9.112064e-01 -0.000000e+00  4.119502e-01
   outer loop
     vertex  1.282846e-01 -6.818285e-02  6.646722e-02
     vertex  1.571998e-01  1.414379e-01  2.508653e-03
     vertex  1.282846e-01  1.414379e-01  6.646722e-02
   endloop
 endfacet
 facet normal  3.530274e-01  1.014851e-12  9.356130e-01
   outer loop
     vertex  6.261289e-02 -6.818285e-02  9.124660e-02
     vertex  1.282846e-01  1.414379e-01  6.646722e-02
     vertex  6.261289e-02  1.414379e-01  9.124660e-02
   endloop
 endfacet
 facet normal  3.530274e-01  0.000000e+00  9.356130e-01
   outer loop
     vertex  6.261289e-02 -6.818285e-02  9.124660e-02
     vertex  1.282846e-01 -6.818285e-02  6.646722e-02
     vertex  1.282846e-01  1.414379e-01  6.646722e-02
   endloop
 endfacet
 facet normal -4.119502e-01 -9.883770e-13  9.112064e-01
   outer loop
     vertex -1.345682e-03 -6.818285e-02  6.233137e-02
     vertex  6.261289e-02  1.414379e-01  9.124660e-02
     vertex -1.345682e-03  1.414379e-01  6.233137e-02
   endloop
 endfacet
 facet normal -4.119502e-01  9.883709e-13  9.112064e-01
   outer loop
     vertex -1.345682e-03 -6.818285e-02  6.233137e-02
     vertex  6.261289e-02 -6.818285e-02  9.124660e-02
     vertex  6.261289e-02  1.414379e-01  9.124660e-02
   endloop
 endfacet
 facet normal -9.356130e-01 -1.914628e-13  3.530274e-01
   outer loop
     vertex -2.612506e-02 -6.818285e-02 -3.340328e-03
     vertex -1.345682e-03  1.414379e-01  6.233137e-02
     vertex -2.612506e-02  1.414379e-01 -3.340328e-03
   endloop
 endfacet
 facet normal -9.356130e-01 -3.829246e-13  3.530274e-01
   outer loop
     vertex -2.612506e-02 -6.818285e-02 -3.340328e-03
     vertex -1.345682e-03 -6.818285e-02  6.233137e-02
     vertex -1.345682e-03  1.414379e-01  6.233137e-02
   endloop
 endfacet
 facet normal  0.000000e+00  1.000000e+00  0.000000e+00
   outer loop
     vertex  1.282846e-01  1.414379e-01  6.646722e-02
     vertex -1.345682e-03  1.414379e-01  6.233137e-02
     vertex  6.261289e-02  1.414379e-01  9.124660e-02
   endloop
 endfacet
 facet normal  0.000000e+00  1.000000e+00  0.000000e+00
   outer loop
     vertex  1.571998e-01  1.414379e-01  2.508653e-03
     vertex -2.612506e-02  1.414379e-01 -3.340328e-03
     vertex -1.345682e-03  1.414379e-01  6.233137e-02
   endloop
 endfacet
 facet normal  0.000000e+00  1.000000e+00  0.000000e+00
   outer loop
     vertex  1.571998e-01  1.414379e-01  2.508653e-03
     vertex -1.345682e-03  1.414379e-01  6.233137e-02
     vertex  1.282846e-01  1.414379e-01  6.646722e-02
   endloop
 endfacet
 facet normal  2.161346e-13  1.000000e+00  9.771297e-14
   outer loop
     vertex  1.324204e-01  1.414379e-01 -6.316304e-02
     vertex  2.790172e-03  1.414379e-01 -6.729890e-02
     vertex -2.612506e-02  1.414379e-01 -3.340328e-03
   endloop
 endfacet
 facet normal  2.021583e-13  1.000000e+00  5.357713e-13
   outer loop
     vertex  1.324204e-01  1.414379e-01 -6.316304e-02
     vertex  6.846187e-02  1.414379e-01 -9.207828e-02
     vertex  2.790172e-03  1.414379e-01 -6.729890e-02
   endloop
 endfacet
 facet normal  1.397625e-14  1.000000e+00 -4.380583e-13
   outer loop
     vertex  1.324204e-01  1.414379e-01 -6.316304e-02
     vertex -2.612506e-02  1.414379e-01 -3.340328e-03
     vertex  1.571998e-01  1.414379e-01  2.508653e-03
   endloop
 endfacet
 facet normal -9.992950e-01  0.000000e+00  3.754277e-02
   outer loop
     vertex -7.862566e-02 -6.818285e-02 -5.015359e-03
     vertex -7.862566e-02 -9.438544e-02 -5.015359e-03
     vertex -7.773828e-02 -9.438544e-02  1.860454e-02
   endloop
 endfacet
 facet normal -9.801848e-01  9.324757e-02  1.747643e-01
   outer loop
     vertex -6.778798e-02 -6.818285e-02  6.043122e-02
     vertex -7.773828e-02 -9.438544e-02  1.860454e-02
     vertex -7.358938e-02 -9.438544e-02  4.187413e-02
   endloop
 endfacet
 facet normal -9.506528e-01 -9.153257e-03  3.101217e-01
   outer loop
     vertex -6.778798e-02 -6.818285e-02  6.043122e-02
     vertex -7.358938e-02 -9.438544e-02  4.187413e-02
     vertex -6.625886e-02 -9.438544e-02  6.434524e-02
   endloop
 endfacet
 facet normal -9.154210e-01  6.693150e-03  4.024421e-01
   outer loop
     vertex -6.778798e-02 -6.818285e-02  6.043122e-02
     vertex -6.625886e-02 -9.438544e-02  6.434524e-02
     vertex -6.222736e-02 -9.438544e-02  7.351555e-02
   endloop
 endfacet
 facet normal -8.895361e-01  3.854902e-02  4.552357e-01
   outer loop
     vertex -6.778798e-02 -6.818285e-02  6.043122e-02
     vertex -6.222736e-02 -9.438544e-02  7.351555e-02
     vertex -5.766370e-02 -9.438544e-02  8.243300e-02
   endloop
 endfacet
 facet normal -8.581867e-01  9.240748e-02  5.049518e-01
   outer loop
     vertex -6.778798e-02 -6.818285e-02  6.043122e-02
     vertex -5.766370e-02 -9.438544e-02  8.243300e-02
     vertex -5.258367e-02 -9.438544e-02  9.106671e-02
   endloop
 endfacet
 facet normal -9.802316e-01  1.131261e-01  1.623223e-01
   outer loop
     vertex -6.778798e-02 -6.818285e-02  6.043122e-02
     vertex -7.862566e-02 -6.818285e-02 -5.015359e-03
     vertex -7.773828e-02 -9.438544e-02  1.860454e-02
   endloop
 endfacet
 facet normal -7.909723e-01 -2.124635e-03  6.118483e-01
   outer loop
     vertex -3.276922e-02 -6.818285e-02  1.167730e-01
     vertex -5.258367e-02 -9.438544e-02  9.106671e-02
     vertex -3.236932e-02 -9.438544e-02  1.171990e-01
   endloop
 endfacet
 facet normal -6.579638e-01  2.200768e-03  7.530463e-01
   outer loop
     vertex -3.276922e-02 -6.818285e-02  1.167730e-01
     vertex -3.236932e-02 -9.438544e-02  1.171990e-01
     vertex -7.490044e-03 -9.438544e-02  1.389369e-01
   endloop
 endfacet
 facet normal -8.428227e-01  1.234171e-01  5.238493e-01
   outer loop
     vertex -3.276922e-02 -6.818285e-02  1.167730e-01
     vertex -6.778798e-02 -6.818285e-02  6.043122e-02
     vertex -5.258367e-02 -9.438544e-02  9.106671e-02
   endloop
 endfacet
 facet normal -5.001986e-01  0.000000e+00  8.659107e-01
   outer loop
     vertex  2.111800e-02 -6.818285e-02  1.554625e-01
     vertex -7.490044e-03 -9.438544e-02  1.389369e-01
     vertex  2.111800e-02 -9.438544e-02  1.554625e-01
   endloop
 endfacet
 facet normal -5.787551e-01  1.234918e-01  8.060970e-01
   outer loop
     vertex  2.111800e-02 -6.818285e-02  1.554625e-01
     vertex -3.276922e-02 -6.818285e-02  1.167730e-01
     vertex -7.490044e-03 -9.438544e-02  1.389369e-01
   endloop
 endfacet
 facet normal -2.042660e-10  1.000000e+00  9.289977e-11
   outer loop
     vertex -6.222736e-02 -9.438544e-02  7.351555e-02
     vertex -6.625886e-02 -9.438544e-02  6.434524e-02
     vertex -6.640005e-02 -9.438544e-02  6.434073e-02
   endloop
 endfacet
 facet normal  0.000000e+00  1.000000e+00  0.000000e+00
   outer loop
     vertex -7.625115e-02 -9.438544e-02  7.392473e-02
     vertex -6.222736e-02 -9.438544e-02  7.351555e-02
     vertex -6.640005e-02 -9.438544e-02  6.434073e-02
   endloop
 endfacet
 facet normal  0.000000e+00  1.000000e+00  0.000000e+00
   outer loop
     vertex -7.635126e-02 -9.438544e-02  7.706266e-02
     vertex -6.222736e-02 -9.438544e-02  7.351555e-02
     vertex -7.625115e-02 -9.438544e-02  7.392473e-02
   endloop
 endfacet
 facet normal -2.490764e-12  1.000000e+00 -1.912512e-12
   outer loop
     vertex -6.401303e-02 -9.438544e-02  9.070206e-02
     vertex -5.766370e-02 -9.438544e-02  8.243300e-02
     vertex -6.222736e-02 -9.438544e-02  7.351555e-02
   endloop
 endfacet
 facet normal  2.427266e-12  1.000000e+00  1.863756e-12
   outer loop
     vertex -6.401303e-02 -9.438544e-02  9.070206e-02
     vertex -5.258367e-02 -9.438544e-02  9.106671e-02
     vertex -5.766370e-02 -9.438544e-02  8.243300e-02
   endloop
 endfacet
 facet normal -4.264468e-13  1.000000e+00 -1.698030e-12
   outer loop
     vertex -6.401303e-02 -9.438544e-02  9.070206e-02
     vertex -6.222736e-02 -9.438544e-02  7.351555e-02
     vertex -7.635126e-02 -9.438544e-02  7.706266e-02
   endloop
 endfacet
 facet normal  7.371113e-01  0.000000e+00 -6.757713e-01
   outer loop
     vertex  2.074953e-01 -6.818285e-02 -1.243927e-01
     vertex  2.259873e-01 -6.818285e-02 -1.042222e-01
     vertex  2.259873e-01 -9.438544e-02 -1.042222e-01
   endloop
 endfacet
 facet normal  7.371113e-01  5.864023e-12 -6.757713e-01
   outer loop
     vertex  2.074953e-01 -6.818285e-02 -1.243927e-01
     vertex  2.259873e-01 -9.438544e-02 -1.042222e-01
     vertex  2.074953e-01 -9.438544e-02 -1.243927e-01
   endloop
 endfacet
 facet normal  6.193743e-01  0.000000e+00 -7.850958e-01
   outer loop
     vertex  1.860117e-01 -6.818285e-02 -1.413414e-01
     vertex  2.074953e-01 -9.438544e-02 -1.243927e-01
     vertex  1.860117e-01 -9.438544e-02 -1.413414e-01
   endloop
 endfacet
 facet normal  6.193743e-01  6.812716e-12 -7.850958e-01
   outer loop
     vertex  1.860117e-01 -6.818285e-02 -1.413414e-01
     vertex  2.074953e-01 -6.818285e-02 -1.243927e-01
     vertex  2.074953e-01 -9.438544e-02 -1.243927e-01
   endloop
 endfacet
 facet normal  4.856489e-01 -3.792746e-12 -8.741539e-01
   outer loop
     vertex  1.620912e-01 -6.818285e-02 -1.546309e-01
     vertex  1.860117e-01 -9.438544e-02 -1.413414e-01
     vertex  1.620912e-01 -9.438544e-02 -1.546309e-01
   endloop
 endfacet
 facet normal  4.856489e-01  0.000000e+00 -8.741539e-01
   outer loop
     vertex  1.620912e-01 -6.818285e-02 -1.546309e-01
     vertex  1.860117e-01 -6.818285e-02 -1.413414e-01
     vertex  1.860117e-01 -9.438544e-02 -1.413414e-01
   endloop
 endfacet
 facet normal  4.289382e-01  3.919377e-12  9.033338e-01
   outer loop
     vertex  1.767834e-01 -6.818285e-02  1.479028e-01
     vertex  1.520643e-01 -6.818285e-02  1.596404e-01
     vertex  1.520643e-01 -9.438544e-02  1.596404e-01
   endloop
 endfacet
 facet normal  4.289382e-01  0.000000e+00  9.033338e-01
   outer loop
     vertex  1.767834e-01 -6.818285e-02  1.479028e-01
     vertex  1.520643e-01 -9.438544e-02  1.596404e-01
     vertex  1.767834e-01 -9.438544e-02  1.479028e-01
   endloop
 endfacet
 facet normal  5.680686e-01 -1.071216e-11  8.229812e-01
   outer loop
     vertex  1.993037e-01 -6.818285e-02  1.323580e-01
     vertex  1.767834e-01 -9.438544e-02  1.479028e-01
     vertex  1.993037e-01 -9.438544e-02  1.323580e-01
   endloop
 endfacet
 facet normal  5.680686e-01  0.000000e+00  8.229812e-01
   outer loop
     vertex  1.993037e-01 -6.818285e-02  1.323580e-01
     vertex  1.767834e-01 -6.818285e-02  1.479028e-01
     vertex  1.767834e-01 -9.438544e-02  1.479028e-01
   endloop
 endfacet
 facet normal  6.925351e-01 -3.129915e-12  7.213842e-01
   outer loop
     vertex  2.190438e-01 -6.818285e-02  1.134073e-01
     vertex  1.993037e-01 -9.438544e-02  1.323580e-01
     vertex  2.190438e-01 -9.438544e-02  1.134073e-01
   endloop
 endfacet
 facet normal  6.925351e-01 -9.389797e-12  7.213842e-01
   outer loop
     vertex  2.190438e-01 -6.818285e-02  1.134073e-01
     vertex  1.993037e-01 -6.818285e-02  1.323580e-01
     vertex  1.993037e-01 -9.438544e-02  1.323580e-01
   endloop
 endfacet
 facet normal -5.716761e-02  7.652803e-01  6.411536e-01
   outer loop
     vertex  3.681636e-02  2.544866e-01 -7.280197e-02
     vertex  6.071939e-02  2.310953e-01 -4.275084e-02
     vertex  5.936749e-02  2.409465e-01 -5.462977e-02
   endloop
 endfacet
 facet normal  2.948415e-01  8.684567e-01  3.985618e-01
   outer loop
     vertex  1.938630e-02  2.544866e-01 -6.314324e-02
     vertex  2.646519e-02  2.310953e-01 -1.741084e-02
     vertex  6.071939e-02  2.310953e-01 -4.275084e-02
   endloop
 endfacet
 facet normal  2.547089e-01  8.507935e-01  4.596454e-01
   outer loop
     vertex  1.938630e-02  2.544866e-01 -6.314324e-02
     vertex  6.071939e-02  2.310953e-01 -4.275084e-02
     vertex  3.681636e-02  2.544866e-01 -7.280197e-02
   endloop
 endfacet
 facet normal  4.434191e-01  8.239593e-01  3.528039e-01
   outer loop
     vertex -5.956172e-03  2.544866e-01 -3.129173e-02
     vertex  2.646519e-02  2.310953e-01 -1.741084e-02
     vertex  1.938630e-02  2.544866e-01 -6.314324e-02
   endloop
 endfacet
 facet normal  9.861547e-02  9.772741e-01  1.876444e-01
   outer loop
     vertex -4.374666e-03  2.696142e-01 -1.299407e-01
     vertex  3.681636e-02  2.544866e-01 -7.280197e-02
     vertex -1.489562e-03  2.696142e-01 -1.314569e-01
   endloop
 endfacet
 facet normal  1.024631e-01  9.774005e-01  1.849041e-01
   outer loop
     vertex -4.374666e-03  2.696142e-01 -1.299407e-01
     vertex  1.938630e-02  2.544866e-01 -6.314324e-02
     vertex  3.681636e-02  2.544866e-01 -7.280197e-02
   endloop
 endfacet
 facet normal  1.024631e-01  9.774005e-01  1.849041e-01
   outer loop
     vertex -7.225489e-03  2.696142e-01 -1.283609e-01
     vertex  1.938630e-02  2.544866e-01 -6.314324e-02
     vertex -4.374666e-03  2.696142e-01 -1.299407e-01
   endloop
 endfacet
 facet normal  1.068264e-01  9.772741e-01  1.830943e-01
   outer loop
     vertex -1.004063e-02  2.696142e-01 -1.267184e-01
     vertex  1.938630e-02  2.544866e-01 -6.314324e-02
     vertex -7.225489e-03  2.696142e-01 -1.283609e-01
   endloop
 endfacet
 facet normal  5.341923e-01  8.313560e-01  1.532510e-01
   outer loop
     vertex -1.145133e-02  2.544866e-01 -1.213707e-02
     vertex  2.646519e-02  2.310953e-01 -1.741084e-02
     vertex -5.956172e-03  2.544866e-01 -3.129173e-02
   endloop
 endfacet
 facet normal  5.181747e-01  8.532393e-01 -5.897151e-02
   outer loop
     vertex -6.848751e-03  2.544866e-01  2.830518e-02
     vertex  3.128318e-02  2.310953e-01  2.492417e-02
     vertex  2.646519e-02  2.310953e-01 -1.741084e-02
   endloop
 endfacet
 facet normal  5.181747e-01  8.532393e-01 -5.897151e-02
   outer loop
     vertex -6.848751e-03  2.544866e-01  2.830518e-02
     vertex  2.646519e-02  2.310953e-01 -1.741084e-02
     vertex -1.145133e-02  2.544866e-01 -1.213707e-02
   endloop
 endfacet
 facet normal  2.024163e-01  9.772741e-01  6.295294e-02
   outer loop
     vertex -7.548578e-02  2.696142e-01 -4.256844e-02
     vertex -5.956172e-03  2.544866e-01 -3.129173e-02
     vertex -7.451786e-02  2.696142e-01 -4.568067e-02
   endloop
 endfacet
 facet normal  2.031993e-01  9.774005e-01  5.829455e-02
   outer loop
     vertex -7.548578e-02  2.696142e-01 -4.256844e-02
     vertex -1.145133e-02  2.544866e-01 -1.213707e-02
     vertex -5.956172e-03  2.544866e-01 -3.129173e-02
   endloop
 endfacet
 facet normal  4.860958e-01  8.313560e-01 -2.693662e-01
   outer loop
     vertex  2.809978e-03  2.544866e-01  4.573524e-02
     vertex  3.128318e-02  2.310953e-01  2.492417e-02
     vertex -6.848751e-03  2.544866e-01  2.830518e-02
   endloop
 endfacet
 facet normal  2.031993e-01  9.774005e-01  5.829455e-02
   outer loop
     vertex -7.638456e-02  2.696142e-01 -3.943554e-02
     vertex -1.145133e-02  2.544866e-01 -1.213707e-02
     vertex -7.548578e-02  2.696142e-01 -4.256844e-02
   endloop
 endfacet
 facet normal  2.050049e-01  9.772741e-01  5.392952e-02
   outer loop
     vertex -7.721375e-02  2.696142e-01 -3.628351e-02
     vertex -1.145133e-02  2.544866e-01 -1.213707e-02
     vertex -7.638456e-02  2.696142e-01 -3.943554e-02
   endloop
 endfacet
 facet normal  3.528039e-01  8.239593e-01 -4.434191e-01
   outer loop
     vertex  3.466148e-02  2.544866e-01  7.107771e-02
     vertex  3.128318e-02  2.310953e-01  2.492417e-02
     vertex  2.809978e-03  2.544866e-01  4.573524e-02
   endloop
 endfacet
 facet normal  1.876444e-01  9.772741e-01 -9.861547e-02
   outer loop
     vertex -6.398745e-02  2.696142e-01  6.949621e-02
     vertex -6.848751e-03  2.544866e-01  2.830518e-02
     vertex -6.550370e-02  2.696142e-01  6.661110e-02
   endloop
 endfacet
 facet normal  1.849041e-01  9.774005e-01 -1.024631e-01
   outer loop
     vertex -6.240769e-02  2.696142e-01  7.234703e-02
     vertex  2.809978e-03  2.544866e-01  4.573524e-02
     vertex -6.848751e-03  2.544866e-01  2.830518e-02
   endloop
 endfacet
 facet normal  1.849041e-01  9.774005e-01 -1.024631e-01
   outer loop
     vertex -6.240769e-02  2.696142e-01  7.234703e-02
     vertex -6.848751e-03  2.544866e-01  2.830518e-02
     vertex -6.398745e-02  2.696142e-01  6.949621e-02
   endloop
 endfacet
 facet normal  1.977439e-01  8.684567e-01 -4.546211e-01
   outer loop
     vertex  7.035536e-02  2.310953e-01  4.191917e-02
     vertex  3.128318e-02  2.310953e-01  2.492417e-02
     vertex  3.466148e-02  2.544866e-01  7.107771e-02
   endloop
 endfacet
 facet normal  1.830943e-01  9.772741e-01 -1.068264e-01
   outer loop
     vertex -6.076519e-02  2.696142e-01  7.516217e-02
     vertex  2.809978e-03  2.544866e-01  4.573524e-02
     vertex -6.240769e-02  2.696142e-01  7.234703e-02
   endloop
 endfacet
 facet normal  1.449120e-01  8.507935e-01 -5.051247e-01
   outer loop
     vertex  5.381615e-02  2.544866e-01  7.657287e-02
     vertex  7.035536e-02  2.310953e-01  4.191917e-02
     vertex  3.466148e-02  2.544866e-01  7.107771e-02
   endloop
 endfacet
 facet normal -1.997743e-01  7.652803e-01 -6.119120e-01
   outer loop
     vertex  7.170726e-02  2.409465e-01  5.379810e-02
     vertex  7.035536e-02  2.310953e-01  4.191917e-02
     vertex  5.381615e-02  2.544866e-01  7.657287e-02
   endloop
 endfacet
 facet normal  6.295294e-02  9.772741e-01 -2.024163e-01
   outer loop
     vertex  2.338477e-02  2.696142e-01  1.406073e-01
     vertex  3.466148e-02  2.544866e-01  7.107771e-02
     vertex  2.027255e-02  2.696142e-01  1.396394e-01
   endloop
 endfacet
 facet normal  5.829455e-02  9.774005e-01 -2.031993e-01
   outer loop
     vertex  2.651767e-02  2.696142e-01  1.415061e-01
     vertex  5.381615e-02  2.544866e-01  7.657287e-02
     vertex  3.466148e-02  2.544866e-01  7.107771e-02
   endloop
 endfacet
 facet normal  5.829455e-02  9.774005e-01 -2.031993e-01
   outer loop
     vertex  2.651767e-02  2.696142e-01  1.415061e-01
     vertex  3.466148e-02  2.544866e-01  7.107771e-02
     vertex  2.338477e-02  2.696142e-01  1.406073e-01
   endloop
 endfacet
 facet normal  5.392952e-02  9.772741e-01 -2.050049e-01
   outer loop
     vertex  2.966970e-02  2.696142e-01  1.423353e-01
     vertex  5.381615e-02  2.544866e-01  7.657287e-02
     vertex  2.651767e-02  2.696142e-01  1.415061e-01
   endloop
 endfacet
 facet normal  8.031206e-02  9.646483e-01  2.510052e-01
   outer loop
     vertex -2.463506e-02  3.739389e-01 -1.631402e-01
     vertex  4.420455e-02  3.746410e-01 -1.878645e-01
     vertex -2.590509e-02  3.746410e-01 -1.654321e-01
   endloop
 endfacet
 facet normal  8.031206e-02  9.646483e-01  2.510052e-01
   outer loop
     vertex -2.463506e-02  3.739389e-01 -1.631402e-01
     vertex  4.450084e-02  3.739389e-01 -1.852611e-01
     vertex  4.420455e-02  3.746410e-01 -1.878645e-01
   endloop
 endfacet
 facet normal  2.947348e-01  2.541701e-01  9.211563e-01
   outer loop
     vertex -2.370533e-02  3.720207e-01 -1.614624e-01
     vertex -2.336502e-02  3.694005e-01 -1.608483e-01
     vertex  4.479713e-02  3.694005e-01 -1.826576e-01
   endloop
 endfacet
 facet normal  2.175657e-01  7.002145e-01  6.799741e-01
   outer loop
     vertex -2.370533e-02  3.720207e-01 -1.614624e-01
     vertex  4.471774e-02  3.720207e-01 -1.833552e-01
     vertex  4.450084e-02  3.739389e-01 -1.852611e-01
   endloop
 endfacet
 facet normal  2.947348e-01  2.541701e-01  9.211563e-01
   outer loop
     vertex -2.370533e-02  3.720207e-01 -1.614624e-01
     vertex  4.479713e-02  3.694005e-01 -1.826576e-01
     vertex  4.471774e-02  3.720207e-01 -1.833552e-01
   endloop
 endfacet
 facet normal  2.175657e-01  7.002145e-01  6.799741e-01
   outer loop
     vertex -2.370533e-02  3.720207e-01 -1.614624e-01
     vertex  4.450084e-02  3.739389e-01 -1.852611e-01
     vertex -2.463506e-02  3.739389e-01 -1.631402e-01
   endloop
 endfacet
 facet normal  1.702542e-01  9.646483e-01  2.011645e-01
   outer loop
     vertex -8.004302e-02  3.739389e-01 -1.162461e-01
     vertex -2.590509e-02  3.746410e-01 -1.654321e-01
     vertex -8.209344e-02  3.746410e-01 -1.178775e-01
   endloop
 endfacet
 facet normal  1.702542e-01  9.646483e-01  2.011645e-01
   outer loop
     vertex -8.004302e-02  3.739389e-01 -1.162461e-01
     vertex -2.463506e-02  3.739389e-01 -1.631402e-01
     vertex -2.590509e-02  3.746410e-01 -1.654321e-01
   endloop
 endfacet
 facet normal  6.248107e-01  2.541701e-01  7.382474e-01
   outer loop
     vertex -7.854200e-02  3.720207e-01 -1.150518e-01
     vertex -7.799259e-02  3.694005e-01 -1.146147e-01
     vertex -2.336502e-02  3.694005e-01 -1.608483e-01
   endloop
 endfacet
 facet normal  4.612193e-01  7.002145e-01  5.449554e-01
   outer loop
     vertex -7.854200e-02  3.720207e-01 -1.150518e-01
     vertex -2.463506e-02  3.739389e-01 -1.631402e-01
     vertex -8.004302e-02  3.739389e-01 -1.162461e-01
   endloop
 endfacet
 facet normal  4.612193e-01  7.002145e-01  5.449554e-01
   outer loop
     vertex -7.854200e-02  3.720207e-01 -1.150518e-01
     vertex -2.370533e-02  3.720207e-01 -1.614624e-01
     vertex -2.463506e-02  3.739389e-01 -1.631402e-01
   endloop
 endfacet
 facet normal  6.248107e-01  2.541701e-01  7.382474e-01
   outer loop
     vertex -7.854200e-02  3.720207e-01 -1.150518e-01
     vertex -2.336502e-02  3.694005e-01 -1.608483e-01
     vertex -2.370533e-02  3.720207e-01 -1.614624e-01
   endloop
 endfacet
 facet normal  2.342767e-01  9.646483e-01  1.206983e-01
   outer loop
     vertex -1.132877e-01  3.739389e-01 -5.171781e-02
     vertex -8.209344e-02  3.746410e-01 -1.178775e-01
     vertex -1.158063e-01  3.746410e-01 -5.244038e-02
   endloop
 endfacet
 facet normal  2.342767e-01  9.646483e-01  1.206983e-01
   outer loop
     vertex -1.132877e-01  3.739389e-01 -5.171781e-02
     vertex -8.004302e-02  3.739389e-01 -1.162461e-01
     vertex -8.209344e-02  3.746410e-01 -1.178775e-01
   endloop
 endfacet
 facet normal  8.597648e-01  2.541701e-01  4.429469e-01
   outer loop
     vertex -1.114439e-01  3.720207e-01 -5.118886e-02
     vertex -1.107690e-01  3.694005e-01 -5.099525e-02
     vertex -7.799259e-02  3.694005e-01 -1.146147e-01
   endloop
 endfacet
 facet normal  8.597648e-01  2.541701e-01  4.429469e-01
   outer loop
     vertex -1.114439e-01  3.720207e-01 -5.118886e-02
     vertex -7.799259e-02  3.694005e-01 -1.146147e-01
     vertex -7.854200e-02  3.720207e-01 -1.150518e-01
   endloop
 endfacet
 facet normal  6.346565e-01  7.002145e-01  3.269721e-01
   outer loop
     vertex -1.114439e-01  3.720207e-01 -5.118886e-02
     vertex -8.004302e-02  3.739389e-01 -1.162461e-01
     vertex -1.132877e-01  3.739389e-01 -5.171781e-02
   endloop
 endfacet
 facet normal  6.346565e-01  7.002145e-01  3.269721e-01
   outer loop
     vertex -1.114439e-01  3.720207e-01 -5.118886e-02
     vertex -7.854200e-02  3.720207e-01 -1.150518e-01
     vertex -8.004302e-02  3.739389e-01 -1.162461e-01
   endloop
 endfacet
 facet normal  2.626327e-01  9.646483e-01  2.185686e-02
   outer loop
     vertex -1.193078e-01  3.739389e-01  2.062070e-02
     vertex -1.158063e-01  3.746410e-01 -5.244038e-02
     vertex -1.219113e-01  3.746410e-01  2.091699e-02
   endloop
 endfacet
 facet normal  2.626327e-01  9.646483e-01  2.185686e-02
   outer loop
     vertex -1.193078e-01  3.739389e-01  2.062070e-02
     vertex -1.132877e-01  3.739389e-01 -5.171781e-02
     vertex -1.158063e-01  3.746410e-01 -5.244038e-02
   endloop
 endfacet
 facet normal  9.638276e-01  2.541701e-01  8.021184e-02
   outer loop
     vertex -1.174020e-01  3.720207e-01  2.040380e-02
     vertex -1.167044e-01  3.694005e-01  2.032441e-02
     vertex -1.107690e-01  3.694005e-01 -5.099525e-02
   endloop
 endfacet
 facet normal  9.638276e-01  2.541701e-01  8.021184e-02
   outer loop
     vertex -1.174020e-01  3.720207e-01  2.040380e-02
     vertex -1.107690e-01  3.694005e-01 -5.099525e-02
     vertex -1.114439e-01  3.720207e-01 -5.118886e-02
   endloop
 endfacet
 facet normal  7.114730e-01  7.002145e-01  5.921033e-02
   outer loop
     vertex -1.174020e-01  3.720207e-01  2.040380e-02
     vertex -1.114439e-01  3.720207e-01 -5.118886e-02
     vertex -1.132877e-01  3.739389e-01 -5.171781e-02
   endloop
 endfacet
 facet normal  7.114730e-01  7.002145e-01  5.921033e-02
   outer loop
     vertex -1.174020e-01  3.720207e-01  2.040380e-02
     vertex -1.132877e-01  3.739389e-01 -5.171781e-02
     vertex -1.193078e-01  3.739389e-01  2.062070e-02
   endloop
 endfacet
 facet normal  2.510052e-01  9.646483e-01 -8.031206e-02
   outer loop
     vertex -9.718701e-02  3.739389e-01  8.975660e-02
     vertex -1.219113e-01  3.746410e-01  2.091699e-02
     vertex -9.947890e-02  3.746410e-01  9.102663e-02
   endloop
 endfacet
 facet normal  2.510052e-01  9.646483e-01 -8.031206e-02
   outer loop
     vertex -9.718701e-02  3.739389e-01  8.975660e-02
     vertex -1.193078e-01  3.739389e-01  2.062070e-02
     vertex -1.219113e-01  3.746410e-01  2.091699e-02
   endloop
 endfacet
 facet normal  9.211563e-01  2.541701e-01 -2.947348e-01
   outer loop
     vertex -9.550923e-02  3.720207e-01  8.882687e-02
     vertex -9.489511e-02  3.694005e-01  8.848656e-02
     vertex -1.167044e-01  3.694005e-01  2.032441e-02
   endloop
 endfacet
 facet normal  6.799741e-01  7.002145e-01 -2.175657e-01
   outer loop
     vertex -9.550923e-02  3.720207e-01  8.882687e-02
     vertex -1.193078e-01  3.739389e-01  2.062070e-02
     vertex -9.718701e-02  3.739389e-01  8.975660e-02
   endloop
 endfacet
 facet normal  6.799741e-01  7.002145e-01 -2.175657e-01
   outer loop
     vertex -9.550923e-02  3.720207e-01  8.882687e-02
     vertex -1.174020e-01  3.720207e-01  2.040380e-02
     vertex -1.193078e-01  3.739389e-01  2.062070e-02
   endloop
 endfacet
 facet normal  9.211563e-01  2.541701e-01 -2.947348e-01
   outer loop
     vertex -9.550923e-02  3.720207e-01  8.882687e-02
     vertex -1.167044e-01  3.694005e-01  2.032441e-02
     vertex -1.174020e-01  3.720207e-01  2.040380e-02
   endloop
 endfacet
 facet normal  2.011645e-01  9.646483e-01 -1.702542e-01
   outer loop
     vertex -5.029285e-02  3.739389e-01  1.451646e-01
     vertex -9.947890e-02  3.746410e-01  9.102663e-02
     vertex -5.192427e-02  3.746410e-01  1.472150e-01
   endloop
 endfacet
 facet normal  2.011645e-01  9.646483e-01 -1.702542e-01
   outer loop
     vertex -5.029285e-02  3.739389e-01  1.451646e-01
     vertex -9.718701e-02  3.739389e-01  8.975660e-02
     vertex -9.947890e-02  3.746410e-01  9.102663e-02
   endloop
 endfacet
 facet normal  7.382474e-01  2.541701e-01 -6.248107e-01
   outer loop
     vertex -4.909858e-02  3.720207e-01  1.436635e-01
     vertex -4.866144e-02  3.694005e-01  1.431141e-01
     vertex -9.489511e-02  3.694005e-01  8.848656e-02
   endloop
 endfacet
 facet normal  5.449554e-01  7.002145e-01 -4.612193e-01
   outer loop
     vertex -4.909858e-02  3.720207e-01  1.436635e-01
     vertex -9.550923e-02  3.720207e-01  8.882687e-02
     vertex -9.718701e-02  3.739389e-01  8.975660e-02
   endloop
 endfacet
 facet normal  7.382474e-01  2.541701e-01 -6.248107e-01
   outer loop
     vertex -4.909858e-02  3.720207e-01  1.436635e-01
     vertex -9.489511e-02  3.694005e-01  8.848656e-02
     vertex -9.550923e-02  3.720207e-01  8.882687e-02
   endloop
 endfacet
 facet normal  5.449554e-01  7.002145e-01 -4.612193e-01
   outer loop
     vertex -4.909858e-02  3.720207e-01  1.436635e-01
     vertex -9.718701e-02  3.739389e-01  8.975660e-02
     vertex -5.029285e-02  3.739389e-01  1.451646e-01
   endloop
 endfacet
 facet normal  2.185686e-02  9.646483e-01 -2.626327e-01
   outer loop
     vertex  1.423540e-02  3.739389e-01  1.784092e-01
     vertex  1.351284e-02  3.746410e-01  1.809279e-01
     vertex  8.687021e-02  3.746410e-01  1.870328e-01
   endloop
 endfacet
 facet normal  1.206983e-01  9.646483e-01 -2.342767e-01
   outer loop
     vertex  1.423540e-02  3.739389e-01  1.784092e-01
     vertex -5.192427e-02  3.746410e-01  1.472150e-01
     vertex  1.351284e-02  3.746410e-01  1.809279e-01
   endloop
 endfacet
 facet normal  2.185686e-02  9.646483e-01 -2.626327e-01
   outer loop
     vertex  1.423540e-02  3.739389e-01  1.784092e-01
     vertex  8.687021e-02  3.746410e-01  1.870328e-01
     vertex  8.657392e-02  3.739389e-01  1.844294e-01
   endloop
 endfacet
 facet normal  1.206983e-01  9.646483e-01 -2.342767e-01
   outer loop
     vertex  1.423540e-02  3.739389e-01  1.784092e-01
     vertex -5.029285e-02  3.739389e-01  1.451646e-01
     vertex -5.192427e-02  3.746410e-01  1.472150e-01
   endloop
 endfacet
 facet normal  5.921033e-02  7.002145e-01 -7.114730e-01
   outer loop
     vertex  1.476435e-02  3.720207e-01  1.765654e-01
     vertex  8.657392e-02  3.739389e-01  1.844294e-01
     vertex  8.635702e-02  3.720207e-01  1.825235e-01
   endloop
 endfacet
 facet normal  8.021184e-02  2.541701e-01 -9.638276e-01
   outer loop
     vertex  1.476435e-02  3.720207e-01  1.765654e-01
     vertex  8.635702e-02  3.720207e-01  1.825235e-01
     vertex  8.627763e-02  3.694005e-01  1.818259e-01
   endloop
 endfacet
 facet normal  4.429469e-01  2.541701e-01 -8.597648e-01
   outer loop
     vertex  1.476435e-02  3.720207e-01  1.765654e-01
     vertex  1.495796e-02  3.694005e-01  1.758906e-01
     vertex -4.866144e-02  3.694005e-01  1.431141e-01
   endloop
 endfacet
 facet normal  8.021184e-02  2.541701e-01 -9.638276e-01
   outer loop
     vertex  1.476435e-02  3.720207e-01  1.765654e-01
     vertex  8.627763e-02  3.694005e-01  1.818259e-01
     vertex  1.495796e-02  3.694005e-01  1.758906e-01
   endloop
 endfacet
 facet normal  5.921033e-02  7.002145e-01 -7.114730e-01
   outer loop
     vertex  1.476435e-02  3.720207e-01  1.765654e-01
     vertex  1.423540e-02  3.739389e-01  1.784092e-01
     vertex  8.657392e-02  3.739389e-01  1.844294e-01
   endloop
 endfacet
 facet normal  4.429469e-01  2.541701e-01 -8.597648e-01
   outer loop
     vertex  1.476435e-02  3.720207e-01  1.765654e-01
     vertex -4.866144e-02  3.694005e-01  1.431141e-01
     vertex -4.909858e-02  3.720207e-01  1.436635e-01
   endloop
 endfacet
 facet normal  3.269721e-01  7.002145e-01 -6.346565e-01
   outer loop
     vertex  1.476435e-02  3.720207e-01  1.765654e-01
     vertex -4.909858e-02  3.720207e-01  1.436635e-01
     vertex -5.029285e-02  3.739389e-01  1.451646e-01
   endloop
 endfacet
 facet normal  3.269721e-01  7.002145e-01 -6.346565e-01
   outer loop
     vertex  1.476435e-02  3.720207e-01  1.765654e-01
     vertex -5.029285e-02  3.739389e-01  1.451646e-01
     vertex  1.423540e-02  3.739389e-01  1.784092e-01
   endloop
 endfacet
 facet normal -6.626613e-02  6.013200e-01  7.962556e-01
   outer loop
     vertex  4.487652e-02  2.955836e-01 -1.819600e-01
     vertex  4.497069e-02  2.944983e-01 -1.811325e-01
     vertex  1.156935e-01  2.944983e-01 -1.752468e-01
   endloop
 endfacet
 facet normal -2.434919e-01  6.013200e-01 -7.610032e-01
   outer loop
     vertex  1.540995e-01  2.955836e-01  1.594025e-01
     vertex  8.610407e-02  2.944983e-01  1.803009e-01
     vertex  8.619824e-02  2.955836e-01  1.811283e-01
   endloop
 endfacet
 facet normal -2.434919e-01  6.013200e-01 -7.610032e-01
   outer loop
     vertex  1.540995e-01  2.955836e-01  1.594025e-01
     vertex  1.536958e-01  2.944983e-01  1.586741e-01
     vertex  8.610407e-02  2.944983e-01  1.803009e-01
   endloop
 endfacet
 facet normal -3.022336e-01  1.280597e-01 -9.445928e-01
   outer loop
     vertex  1.543532e-01  2.968476e-01  1.598605e-01
     vertex  8.627763e-02  2.982039e-01  1.818259e-01
     vertex  1.544398e-01  2.982039e-01  1.600167e-01
   endloop
 endfacet
 facet normal -2.823334e-01  3.763807e-01 -8.823975e-01
   outer loop
     vertex  1.543532e-01  2.968476e-01  1.598605e-01
     vertex  8.619824e-02  2.955836e-01  1.811283e-01
     vertex  8.625744e-02  2.968476e-01  1.816485e-01
   endloop
 endfacet
 facet normal -3.022336e-01  1.280597e-01 -9.445928e-01
   outer loop
     vertex  1.543532e-01  2.968476e-01  1.598605e-01
     vertex  8.625744e-02  2.968476e-01  1.816485e-01
     vertex  8.627763e-02  2.982039e-01  1.818259e-01
   endloop
 endfacet
 facet normal -2.823334e-01  3.763807e-01 -8.823975e-01
   outer loop
     vertex  1.543532e-01  2.968476e-01  1.598605e-01
     vertex  1.540995e-01  2.955836e-01  1.594025e-01
     vertex  8.619824e-02  2.955836e-01  1.811283e-01
   endloop
 endfacet
 facet normal -5.161805e-01  6.013200e-01 -6.098950e-01
   outer loop
     vertex  2.085179e-01  2.955836e-01  1.133458e-01
     vertex  2.078662e-01  2.944983e-01  1.128273e-01
     vertex  1.536958e-01  2.944983e-01  1.586741e-01
   endloop
 endfacet
 facet normal -5.161805e-01  6.013200e-01 -6.098950e-01
   outer loop
     vertex  2.085179e-01  2.955836e-01  1.133458e-01
     vertex  1.536958e-01  2.944983e-01  1.586741e-01
     vertex  1.540995e-01  2.955836e-01  1.594025e-01
   endloop
 endfacet
 facet normal -6.407074e-01  1.280597e-01 -7.570302e-01
   outer loop
     vertex  2.089276e-01  2.968476e-01  1.136718e-01
     vertex  1.544398e-01  2.982039e-01  1.600167e-01
     vertex  2.090673e-01  2.982039e-01  1.137830e-01
   endloop
 endfacet
 facet normal -5.985210e-01  3.763807e-01 -7.071847e-01
   outer loop
     vertex  2.089276e-01  2.968476e-01  1.136718e-01
     vertex  2.085179e-01  2.955836e-01  1.133458e-01
     vertex  1.540995e-01  2.955836e-01  1.594025e-01
   endloop
 endfacet
 facet normal -5.985210e-01  3.763807e-01 -7.071847e-01
   outer loop
     vertex  2.089276e-01  2.968476e-01  1.136718e-01
     vertex  1.540995e-01  2.955836e-01  1.594025e-01
     vertex  1.543532e-01  2.968476e-01  1.598605e-01
   endloop
 endfacet
 facet normal -6.407074e-01  1.280597e-01 -7.570302e-01
   outer loop
     vertex  2.089276e-01  2.968476e-01  1.136718e-01
     vertex  1.543532e-01  2.968476e-01  1.598605e-01
     vertex  1.544398e-01  2.982039e-01  1.600167e-01
   endloop
 endfacet
 facet normal -7.102853e-01  6.013200e-01 -3.659358e-01
   outer loop
     vertex  2.411689e-01  2.955836e-01  4.996997e-02
     vertex  2.403684e-01  2.944983e-01  4.974031e-02
     vertex  2.078662e-01  2.944983e-01  1.128273e-01
   endloop
 endfacet
 facet normal -7.102853e-01  6.013200e-01 -3.659358e-01
   outer loop
     vertex  2.411689e-01  2.955836e-01  4.996997e-02
     vertex  2.078662e-01  2.944983e-01  1.128273e-01
     vertex  2.085179e-01  2.955836e-01  1.133458e-01
   endloop
 endfacet
 facet normal -8.816394e-01  1.280597e-01 -4.542166e-01
   outer loop
     vertex  2.416721e-01  2.968476e-01  5.011433e-02
     vertex  2.090673e-01  2.982039e-01  1.137830e-01
     vertex  2.418438e-01  2.982039e-01  5.016358e-02
   endloop
 endfacet
 facet normal -8.816394e-01  1.280597e-01 -4.542166e-01
   outer loop
     vertex  2.416721e-01  2.968476e-01  5.011433e-02
     vertex  2.089276e-01  2.968476e-01  1.136718e-01
     vertex  2.090673e-01  2.982039e-01  1.137830e-01
   endloop
 endfacet
 facet normal -8.235892e-01  3.763807e-01 -4.243094e-01
   outer loop
     vertex  2.416721e-01  2.968476e-01  5.011433e-02
     vertex  2.085179e-01  2.955836e-01  1.133458e-01
     vertex  2.089276e-01  2.968476e-01  1.136718e-01
   endloop
 endfacet
 facet normal -8.235892e-01  3.763807e-01 -4.243094e-01
   outer loop
     vertex  2.416721e-01  2.968476e-01  5.011433e-02
     vertex  2.411689e-01  2.955836e-01  4.996997e-02
     vertex  2.085179e-01  2.955836e-01  1.133458e-01
   endloop
 endfacet
 facet normal -7.962556e-01  6.013200e-01 -6.626613e-02
   outer loop
     vertex  2.470816e-01  2.955836e-01 -2.107670e-02
     vertex  2.462541e-01  2.944983e-01 -2.098253e-02
     vertex  2.403684e-01  2.944983e-01  4.974031e-02
   endloop
 endfacet
 facet normal -7.962556e-01  6.013200e-01 -6.626613e-02
   outer loop
     vertex  2.470816e-01  2.955836e-01 -2.107670e-02
     vertex  2.403684e-01  2.944983e-01  4.974031e-02
     vertex  2.411689e-01  2.955836e-01  4.996997e-02
   endloop
 endfacet
 facet normal -9.883497e-01  1.280597e-01 -8.225262e-02
   outer loop
     vertex  2.476017e-01  2.968476e-01 -2.113590e-02
     vertex  2.418438e-01  2.982039e-01  5.016358e-02
     vertex  2.477791e-01  2.982039e-01 -2.115609e-02
   endloop
 endfacet
 facet normal -9.883497e-01  1.280597e-01 -8.225262e-02
   outer loop
     vertex  2.476017e-01  2.968476e-01 -2.113590e-02
     vertex  2.416721e-01  2.968476e-01  5.011433e-02
     vertex  2.418438e-01  2.982039e-01  5.016358e-02
   endloop
 endfacet
 facet normal -9.232734e-01  3.763807e-01 -7.683682e-02
   outer loop
     vertex  2.476017e-01  2.968476e-01 -2.113590e-02
     vertex  2.470816e-01  2.955836e-01 -2.107670e-02
     vertex  2.411689e-01  2.955836e-01  4.996997e-02
   endloop
 endfacet
 facet normal -9.232734e-01  3.763807e-01 -7.683682e-02
   outer loop
     vertex  2.476017e-01  2.968476e-01 -2.113590e-02
     vertex  2.411689e-01  2.955836e-01  4.996997e-02
     vertex  2.416721e-01  2.968476e-01  5.011433e-02
   endloop
 endfacet
 facet normal -7.610032e-01  6.013200e-01  2.434919e-01
   outer loop
     vertex  2.253558e-01  2.955836e-01 -8.897793e-02
     vertex  2.246273e-01  2.944983e-01 -8.857427e-02
     vertex  2.462541e-01  2.944983e-01 -2.098253e-02
   endloop
 endfacet
 facet normal -7.610032e-01  6.013200e-01  2.434919e-01
   outer loop
     vertex  2.253558e-01  2.955836e-01 -8.897793e-02
     vertex  2.462541e-01  2.944983e-01 -2.098253e-02
     vertex  2.470816e-01  2.955836e-01 -2.107670e-02
   endloop
 endfacet
 facet normal -9.445928e-01  1.280597e-01  3.022336e-01
   outer loop
     vertex  2.258137e-01  2.968476e-01 -8.923169e-02
     vertex  2.477791e-01  2.982039e-01 -2.115609e-02
     vertex  2.259699e-01  2.982039e-01 -8.931824e-02
   endloop
 endfacet
 facet normal -9.445928e-01  1.280597e-01  3.022336e-01
   outer loop
     vertex  2.258137e-01  2.968476e-01 -8.923169e-02
     vertex  2.476017e-01  2.968476e-01 -2.113590e-02
     vertex  2.477791e-01  2.982039e-01 -2.115609e-02
   endloop
 endfacet
 facet normal -8.823975e-01  3.763807e-01  2.823334e-01
   outer loop
     vertex  2.258137e-01  2.968476e-01 -8.923169e-02
     vertex  2.253558e-01  2.955836e-01 -8.897793e-02
     vertex  2.470816e-01  2.955836e-01 -2.107670e-02
   endloop
 endfacet
 facet normal -8.823975e-01  3.763807e-01  2.823334e-01
   outer loop
     vertex  2.258137e-01  2.968476e-01 -8.923169e-02
     vertex  2.470816e-01  2.955836e-01 -2.107670e-02
     vertex  2.476017e-01  2.968476e-01 -2.113590e-02
   endloop
 endfacet
 facet normal -6.098950e-01  6.013200e-01  5.161805e-01
   outer loop
     vertex  1.792991e-01  2.955836e-01 -1.433964e-01
     vertex  1.787805e-01  2.944983e-01 -1.427447e-01
     vertex  2.246273e-01  2.944983e-01 -8.857427e-02
   endloop
 endfacet
 facet normal -6.098950e-01  6.013200e-01  5.161805e-01
   outer loop
     vertex  1.792991e-01  2.955836e-01 -1.433964e-01
     vertex  2.246273e-01  2.944983e-01 -8.857427e-02
     vertex  2.253558e-01  2.955836e-01 -8.897793e-02
   endloop
 endfacet
 facet normal -7.570302e-01  1.280597e-01  6.407074e-01
   outer loop
     vertex  1.796250e-01  2.968476e-01 -1.438061e-01
     vertex  2.259699e-01  2.982039e-01 -8.931824e-02
     vertex  1.797362e-01  2.982039e-01 -1.439458e-01
   endloop
 endfacet
 facet normal -7.071847e-01  3.763807e-01  5.985210e-01
   outer loop
     vertex  1.796250e-01  2.968476e-01 -1.438061e-01
     vertex  2.253558e-01  2.955836e-01 -8.897793e-02
     vertex  2.258137e-01  2.968476e-01 -8.923169e-02
   endloop
 endfacet
 facet normal -7.570302e-01  1.280597e-01  6.407074e-01
   outer loop
     vertex  1.796250e-01  2.968476e-01 -1.438061e-01
     vertex  2.258137e-01  2.968476e-01 -8.923169e-02
     vertex  2.259699e-01  2.982039e-01 -8.931824e-02
   endloop
 endfacet
 facet normal -7.071847e-01  3.763807e-01  5.985210e-01
   outer loop
     vertex  1.796250e-01  2.968476e-01 -1.438061e-01
     vertex  1.792991e-01  2.955836e-01 -1.433964e-01
     vertex  2.253558e-01  2.955836e-01 -8.897793e-02
   endloop
 endfacet
 facet normal -3.659358e-01  6.013200e-01  7.102853e-01
   outer loop
     vertex  1.159232e-01  2.955836e-01 -1.760474e-01
     vertex  1.156935e-01  2.944983e-01 -1.752468e-01
     vertex  1.787805e-01  2.944983e-01 -1.427447e-01
   endloop
 endfacet
 facet normal -3.659358e-01  6.013200e-01  7.102853e-01
   outer loop
     vertex  1.159232e-01  2.955836e-01 -1.760474e-01
     vertex  1.787805e-01  2.944983e-01 -1.427447e-01
     vertex  1.792991e-01  2.955836e-01 -1.433964e-01
   endloop
 endfacet
 facet normal -6.626613e-02  6.013200e-01  7.962556e-01
   outer loop
     vertex  1.159232e-01  2.955836e-01 -1.760474e-01
     vertex  4.487652e-02  2.955836e-01 -1.819600e-01
     vertex  1.156935e-01  2.944983e-01 -1.752468e-01
   endloop
 endfacet
 facet normal -7.683682e-02  3.763807e-01  9.232734e-01
   outer loop
     vertex  1.160675e-01  2.968476e-01 -1.765506e-01
     vertex  4.481732e-02  2.968476e-01 -1.824802e-01
     vertex  4.487652e-02  2.955836e-01 -1.819600e-01
   endloop
 endfacet
 facet normal -8.225262e-02  1.280597e-01  9.883497e-01
   outer loop
     vertex  1.160675e-01  2.968476e-01 -1.765506e-01
     vertex  4.479713e-02  2.982039e-01 -1.826576e-01
     vertex  4.481732e-02  2.968476e-01 -1.824802e-01
   endloop
 endfacet
 facet normal -8.225262e-02  1.280597e-01  9.883497e-01
   outer loop
     vertex  1.160675e-01  2.968476e-01 -1.765506e-01
     vertex  1.161168e-01  2.982039e-01 -1.767222e-01
     vertex  4.479713e-02  2.982039e-01 -1.826576e-01
   endloop
 endfacet
 facet normal -4.542166e-01  1.280597e-01  8.816394e-01
   outer loop
     vertex  1.160675e-01  2.968476e-01 -1.765506e-01
     vertex  1.797362e-01  2.982039e-01 -1.439458e-01
     vertex  1.161168e-01  2.982039e-01 -1.767222e-01
   endloop
 endfacet
 facet normal -4.542166e-01  1.280597e-01  8.816394e-01
   outer loop
     vertex  1.160675e-01  2.968476e-01 -1.765506e-01
     vertex  1.796250e-01  2.968476e-01 -1.438061e-01
     vertex  1.797362e-01  2.982039e-01 -1.439458e-01
   endloop
 endfacet
 facet normal -7.683682e-02  3.763807e-01  9.232734e-01
   outer loop
     vertex  1.160675e-01  2.968476e-01 -1.765506e-01
     vertex  4.487652e-02  2.955836e-01 -1.819600e-01
     vertex  1.159232e-01  2.955836e-01 -1.760474e-01
   endloop
 endfacet
 facet normal -4.243094e-01  3.763807e-01  8.235892e-01
   outer loop
     vertex  1.160675e-01  2.968476e-01 -1.765506e-01
     vertex  1.792991e-01  2.955836e-01 -1.433964e-01
     vertex  1.796250e-01  2.968476e-01 -1.438061e-01
   endloop
 endfacet
 facet normal -4.243094e-01  3.763807e-01  8.235892e-01
   outer loop
     vertex  1.160675e-01  2.968476e-01 -1.765506e-01
     vertex  1.159232e-01  2.955836e-01 -1.760474e-01
     vertex  1.792991e-01  2.955836e-01 -1.433964e-01
   endloop
 endfacet
 facet normal -3.492725e-01  1.303701e-01 -9.279075e-01
   outer loop
     vertex  1.136519e-01  2.690163e-01  1.494438e-01
     vertex  1.281101e-01  2.676599e-01  1.438110e-01
     vertex  1.135973e-01  2.676599e-01  1.492738e-01
   endloop
 endfacet
 facet normal -3.492725e-01  1.303701e-01 -9.279075e-01
   outer loop
     vertex  1.136519e-01  2.690163e-01  1.494438e-01
     vertex  1.281812e-01  2.690163e-01  1.439748e-01
     vertex  1.281101e-01  2.676599e-01  1.438110e-01
   endloop
 endfacet
 facet normal -2.796078e-01  6.082949e-01 -7.428303e-01
   outer loop
     vertex  1.138120e-01  2.702802e-01  1.499422e-01
     vertex  1.140665e-01  2.713655e-01  1.507352e-01
     vertex  1.287211e-01  2.713655e-01  1.452191e-01
   endloop
 endfacet
 facet normal -2.796078e-01  6.082949e-01 -7.428303e-01
   outer loop
     vertex  1.138120e-01  2.702802e-01  1.499422e-01
     vertex  1.287211e-01  2.713655e-01  1.452191e-01
     vertex  1.283896e-01  2.702802e-01  1.444551e-01
   endloop
 endfacet
 facet normal -3.255214e-01  3.822859e-01 -8.648083e-01
   outer loop
     vertex  1.138120e-01  2.702802e-01  1.499422e-01
     vertex  1.283896e-01  2.702802e-01  1.444551e-01
     vertex  1.281812e-01  2.690163e-01  1.439748e-01
   endloop
 endfacet
 facet normal -3.255214e-01  3.822859e-01 -8.648083e-01
   outer loop
     vertex  1.138120e-01  2.702802e-01  1.499422e-01
     vertex  1.281812e-01  2.690163e-01  1.439748e-01
     vertex  1.136519e-01  2.690163e-01  1.494438e-01
   endloop
 endfacet
 facet normal -1.605576e-01  1.303701e-01 -9.783787e-01
   outer loop
     vertex  9.865452e-02  2.690163e-01  1.534548e-01
     vertex  9.861694e-02  2.676599e-01  1.532802e-01
     vertex  8.331474e-02  2.676599e-01  1.557914e-01
   endloop
 endfacet
 facet normal -2.561611e-01  1.303701e-01 -9.578022e-01
   outer loop
     vertex  9.865452e-02  2.690163e-01  1.534548e-01
     vertex  1.135973e-01  2.676599e-01  1.492738e-01
     vertex  9.861694e-02  2.676599e-01  1.532802e-01
   endloop
 endfacet
 facet normal -1.605576e-01  1.303701e-01 -9.783787e-01
   outer loop
     vertex  9.865452e-02  2.690163e-01  1.534548e-01
     vertex  8.331474e-02  2.676599e-01  1.557914e-01
     vertex  8.333493e-02  2.690163e-01  1.559688e-01
   endloop
 endfacet
 facet normal -2.561611e-01  1.303701e-01 -9.578022e-01
   outer loop
     vertex  9.865452e-02  2.690163e-01  1.534548e-01
     vertex  1.136519e-01  2.690163e-01  1.494438e-01
     vertex  1.135973e-01  2.676599e-01  1.492738e-01
   endloop
 endfacet
 facet normal -1.496394e-01  3.822859e-01 -9.118473e-01
   outer loop
     vertex  9.876467e-02  2.702802e-01  1.539666e-01
     vertex  8.333493e-02  2.690163e-01  1.559688e-01
     vertex  8.339413e-02  2.702802e-01  1.564890e-01
   endloop
 endfacet
 facet normal -1.285333e-01  6.082949e-01 -7.832347e-01
   outer loop
     vertex  9.876467e-02  2.702802e-01  1.539666e-01
     vertex  8.339413e-02  2.702802e-01  1.564890e-01
     vertex  8.348830e-02  2.713655e-01  1.573165e-01
   endloop
 endfacet
 facet normal -2.050681e-01  6.082949e-01 -7.667623e-01
   outer loop
     vertex  9.876467e-02  2.702802e-01  1.539666e-01
     vertex  9.893990e-02  2.713655e-01  1.547808e-01
     vertex  1.140665e-01  2.713655e-01  1.507352e-01
   endloop
 endfacet
 facet normal -1.285333e-01  6.082949e-01 -7.832347e-01
   outer loop
     vertex  9.876467e-02  2.702802e-01  1.539666e-01
     vertex  8.348830e-02  2.713655e-01  1.573165e-01
     vertex  9.893990e-02  2.713655e-01  1.547808e-01
   endloop
 endfacet
 facet normal -2.387418e-01  3.822859e-01 -8.926701e-01
   outer loop
     vertex  9.876467e-02  2.702802e-01  1.539666e-01
     vertex  1.138120e-01  2.702802e-01  1.499422e-01
     vertex  1.136519e-01  2.690163e-01  1.494438e-01
   endloop
 endfacet
 facet normal -2.050681e-01  6.082949e-01 -7.667623e-01
   outer loop
     vertex  9.876467e-02  2.702802e-01  1.539666e-01
     vertex  1.140665e-01  2.713655e-01  1.507352e-01
     vertex  1.138120e-01  2.702802e-01  1.499422e-01
   endloop
 endfacet
 facet normal -2.387418e-01  3.822859e-01 -8.926701e-01
   outer loop
     vertex  9.876467e-02  2.702802e-01  1.539666e-01
     vertex  1.136519e-01  2.690163e-01  1.494438e-01
     vertex  9.865452e-02  2.690163e-01  1.534548e-01
   endloop
 endfacet
 facet normal -1.496394e-01  3.822859e-01 -9.118473e-01
   outer loop
     vertex  9.876467e-02  2.702802e-01  1.539666e-01
     vertex  9.865452e-02  2.690163e-01  1.534548e-01
     vertex  8.333493e-02  2.690163e-01  1.559688e-01
   endloop
 endfacet
 facet normal  1.906836e-01  6.517876e-13  9.816515e-01
   outer loop
     vertex  2.037291e-01  2.646542e-01 -6.555441e-02
     vertex  2.045363e-01  2.218485e-01 -6.571121e-02
     vertex  2.045363e-01  2.646542e-01 -6.571121e-02
   endloop
 endfacet
 facet normal  1.906836e-01 -6.517875e-13  9.816515e-01
   outer loop
     vertex  2.037291e-01  2.646542e-01 -6.555441e-02
     vertex  2.037291e-01  2.218485e-01 -6.555441e-02
     vertex  2.045363e-01  2.218485e-01 -6.571121e-02
   endloop
 endfacet
 facet normal  3.419001e-01  1.871871e-12  9.397363e-01
   outer loop
     vertex  2.029563e-01  2.646542e-01 -6.527325e-02
     vertex  2.029563e-01  2.218485e-01 -6.527325e-02
     vertex  2.037291e-01  2.218485e-01 -6.555441e-02
   endloop
 endfacet
 facet normal  3.419001e-01 -6.239572e-13  9.397363e-01
   outer loop
     vertex  2.029563e-01  2.646542e-01 -6.527325e-02
     vertex  2.037291e-01  2.218485e-01 -6.555441e-02
     vertex  2.037291e-01  2.646542e-01 -6.555441e-02
   endloop
 endfacet
 facet normal  4.846979e-01  5.807627e-13  8.746816e-01
   outer loop
     vertex  2.022370e-01  2.646542e-01 -6.487467e-02
     vertex  2.022370e-01  2.218485e-01 -6.487467e-02
     vertex  2.029563e-01  2.218485e-01 -6.527325e-02
   endloop
 endfacet
 facet normal  4.846979e-01  1.742287e-12  8.746816e-01
   outer loop
     vertex  2.022370e-01  2.646542e-01 -6.487467e-02
     vertex  2.029563e-01  2.218485e-01 -6.527325e-02
     vertex  2.029563e-01  2.646542e-01 -6.527325e-02
   endloop
 endfacet
 facet normal  3.171835e-01 -6.296857e-13  9.483642e-01
   outer loop
     vertex  1.211619e-01  2.646542e-01 -1.468178e-01
     vertex  1.190953e-01  2.218485e-01 -1.461266e-01
     vertex  1.211619e-01  2.218485e-01 -1.468178e-01
   endloop
 endfacet
 facet normal  6.754960e-01 -4.895876e-13  7.373636e-01
   outer loop
     vertex  1.190953e-01  2.646542e-01 -1.461266e-01
     vertex  1.174885e-01  2.218485e-01 -1.446546e-01
     vertex  1.190953e-01  2.218485e-01 -1.461266e-01
   endloop
 endfacet
 facet normal  3.171835e-01 -6.296857e-13  9.483642e-01
   outer loop
     vertex  1.190953e-01  2.646542e-01 -1.461266e-01
     vertex  1.190953e-01  2.218485e-01 -1.461266e-01
     vertex  1.211619e-01  2.646542e-01 -1.468178e-01
   endloop
 endfacet
 facet normal  9.170091e-01 -7.945060e-13  3.988662e-01
   outer loop
     vertex  1.174885e-01  2.646542e-01 -1.446546e-01
     vertex  1.166193e-01  2.218485e-01 -1.426564e-01
     vertex  1.174885e-01  2.218485e-01 -1.446546e-01
   endloop
 endfacet
 facet normal  6.754960e-01 -1.468763e-12  7.373636e-01
   outer loop
     vertex  1.174885e-01  2.646542e-01 -1.446546e-01
     vertex  1.174885e-01  2.218485e-01 -1.446546e-01
     vertex  1.190953e-01  2.646542e-01 -1.461266e-01
   endloop
 endfacet
 facet normal  9.170091e-01 -2.648353e-13  3.988662e-01
   outer loop
     vertex  1.166193e-01  2.646542e-01 -1.426564e-01
     vertex  1.166193e-01  2.218485e-01 -1.426564e-01
     vertex  1.174885e-01  2.646542e-01 -1.446546e-01
   endloop
 endfacet
 facet normal  1.941170e-01  0.000000e+00  9.809784e-01
   outer loop
     vertex -2.240412e-02  2.646542e-01 -1.304083e-01
     vertex -2.156157e-02  2.218485e-01 -1.305750e-01
     vertex -2.156157e-02  2.646542e-01 -1.305750e-01
   endloop
 endfacet
 facet normal  1.941170e-01  6.513406e-13  9.809784e-01
   outer loop
     vertex -2.240412e-02  2.646542e-01 -1.304083e-01
     vertex -2.240412e-02  2.218485e-01 -1.304083e-01
     vertex -2.156157e-02  2.218485e-01 -1.305750e-01
   endloop
 endfacet
 facet normal  3.517447e-01 -1.243080e-12  9.360960e-01
   outer loop
     vertex -2.320812e-02  2.646542e-01 -1.301062e-01
     vertex -2.320812e-02  2.218485e-01 -1.301062e-01
     vertex -2.240412e-02  2.218485e-01 -1.304083e-01
   endloop
 endfacet
 facet normal  3.517447e-01  6.215393e-13  9.360960e-01
   outer loop
     vertex -2.320812e-02  2.646542e-01 -1.301062e-01
     vertex -2.240412e-02  2.218485e-01 -1.304083e-01
     vertex -2.240412e-02  2.646542e-01 -1.304083e-01
   endloop
 endfacet
 facet normal  4.999243e-01  1.150088e-12  8.660691e-01
   outer loop
     vertex -2.395197e-02  2.646542e-01 -1.296768e-01
     vertex -2.395197e-02  2.218485e-01 -1.296768e-01
     vertex -2.320812e-02  2.218485e-01 -1.301062e-01
   endloop
 endfacet
 facet normal  4.999243e-01 -1.150089e-12  8.660691e-01
   outer loop
     vertex -2.395197e-02  2.646542e-01 -1.296768e-01
     vertex -2.320812e-02  2.218485e-01 -1.301062e-01
     vertex -2.320812e-02  2.646542e-01 -1.301062e-01
   endloop
 endfacet
 facet normal  3.204997e-01  0.000000e+00  9.472486e-01
   outer loop
     vertex -8.667716e-02  2.646542e-01 -3.209818e-02
     vertex -8.457902e-02  2.218485e-01 -3.280808e-02
     vertex -8.457902e-02  2.646542e-01 -3.280808e-02
   endloop
 endfacet
 facet normal  3.204997e-01  0.000000e+00  9.472486e-01
   outer loop
     vertex -8.667716e-02  2.646542e-01 -3.209818e-02
     vertex -8.667716e-02  2.218485e-01 -3.209818e-02
     vertex -8.457902e-02  2.218485e-01 -3.280808e-02
   endloop
 endfacet
 facet normal  6.831982e-01  0.000000e+00  7.302330e-01
   outer loop
     vertex -8.829462e-02  2.646542e-01 -3.058491e-02
     vertex -8.829462e-02  2.218485e-01 -3.058491e-02
     vertex -8.667716e-02  2.218485e-01 -3.209818e-02
   endloop
 endfacet
 facet normal  6.831982e-01  0.000000e+00  7.302330e-01
   outer loop
     vertex -8.829462e-02  2.646542e-01 -3.058491e-02
     vertex -8.667716e-02  2.218485e-01 -3.209818e-02
     vertex -8.667716e-02  2.646542e-01 -3.209818e-02
   endloop
 endfacet
 facet normal  9.238461e-01  0.000000e+00  3.827642e-01
   outer loop
     vertex -8.914243e-02  2.646542e-01 -2.853860e-02
     vertex -8.914243e-02  2.218485e-01 -2.853860e-02
     vertex -8.829462e-02  2.218485e-01 -3.058491e-02
   endloop
 endfacet
 facet normal  9.238461e-01  0.000000e+00  3.827642e-01
   outer loop
     vertex -8.914243e-02  2.646542e-01 -2.853860e-02
     vertex -8.829462e-02  2.218485e-01 -3.058491e-02
     vertex -8.829462e-02  2.646542e-01 -3.058491e-02
   endloop
 endfacet
 facet normal  3.666401e-01 -7.873613e-01  4.956181e-01
   outer loop
     vertex  1.029685e-01  1.993192e-01  1.586534e-02
     vertex  7.034305e-02  2.004589e-01  4.181100e-02
     vertex  7.015300e-02  1.993192e-01  4.014101e-02
   endloop
 endfacet
 facet normal  3.666401e-01 -7.873613e-01  4.956181e-01
   outer loop
     vertex  1.029685e-01  1.993192e-01  1.586534e-02
     vertex  1.045097e-01  2.004589e-01  1.653574e-02
     vertex  7.034305e-02  2.004589e-01  4.181100e-02
   endloop
 endfacet
 facet normal  5.862077e-01 -1.685879e-01  7.924258e-01
   outer loop
     vertex  1.019402e-01  1.976261e-01  1.541809e-02
     vertex  6.998172e-02  1.956338e-01  3.863597e-02
     vertex  1.015794e-01  1.956338e-01  1.526116e-02
   endloop
 endfacet
 facet normal  5.158896e-01 -4.975254e-01  6.973710e-01
   outer loop
     vertex  1.019402e-01  1.976261e-01  1.541809e-02
     vertex  7.015300e-02  1.993192e-01  4.014101e-02
     vertex  7.002621e-02  1.976261e-01  3.902691e-02
   endloop
 endfacet
 facet normal  5.862077e-01 -1.685879e-01  7.924258e-01
   outer loop
     vertex  1.019402e-01  1.976261e-01  1.541809e-02
     vertex  7.002621e-02  1.976261e-01  3.902691e-02
     vertex  6.998172e-02  1.956338e-01  3.863597e-02
   endloop
 endfacet
 facet normal  5.158896e-01 -4.975254e-01  6.973710e-01
   outer loop
     vertex  1.019402e-01  1.976261e-01  1.541809e-02
     vertex  1.029685e-01  1.993192e-01  1.586534e-02
     vertex  7.015300e-02  1.993192e-01  4.014101e-02
   endloop
 endfacet
 facet normal  2.458978e-01 -7.873613e-01 -5.653287e-01
   outer loop
     vertex  9.835283e-02  1.993192e-01 -2.469151e-02
     vertex  6.092175e-02  1.993192e-01 -4.097269e-02
     vertex  6.073170e-02  2.004589e-01 -4.264267e-02
   endloop
 endfacet
 facet normal  6.125379e-01 -7.873613e-01 -6.971064e-02
   outer loop
     vertex  9.835283e-02  1.993192e-01 -2.469151e-02
     vertex  9.970405e-02  2.004589e-01 -2.569109e-02
     vertex  1.045097e-01  2.004589e-01  1.653574e-02
   endloop
 endfacet
 facet normal  2.458978e-01 -7.873613e-01 -5.653287e-01
   outer loop
     vertex  9.835283e-02  1.993192e-01 -2.469151e-02
     vertex  6.073170e-02  2.004589e-01 -4.264267e-02
     vertex  9.970405e-02  2.004589e-01 -2.569109e-02
   endloop
 endfacet
 facet normal  6.125379e-01 -7.873613e-01 -6.971064e-02
   outer loop
     vertex  9.835283e-02  1.993192e-01 -2.469151e-02
     vertex  1.045097e-01  2.004589e-01  1.653574e-02
     vertex  1.029685e-01  1.993192e-01  1.586534e-02
   endloop
 endfacet
 facet normal  3.459962e-01 -4.975254e-01 -7.954590e-01
   outer loop
     vertex  9.745138e-02  1.976261e-01 -2.402465e-02
     vertex  6.104855e-02  1.976261e-01 -3.985858e-02
     vertex  6.092175e-02  1.993192e-01 -4.097269e-02
   endloop
 endfacet
 facet normal  3.931571e-01 -1.685879e-01 -9.038836e-01
   outer loop
     vertex  9.745138e-02  1.976261e-01 -2.402465e-02
     vertex  6.109304e-02  1.956338e-01 -3.946765e-02
     vertex  6.104855e-02  1.976261e-01 -3.985858e-02
   endloop
 endfacet
 facet normal  3.931571e-01 -1.685879e-01 -9.038836e-01
   outer loop
     vertex  9.745138e-02  1.976261e-01 -2.402465e-02
     vertex  9.713507e-02  1.956338e-01 -2.379065e-02
     vertex  6.109304e-02  1.956338e-01 -3.946765e-02
   endloop
 endfacet
 facet normal  9.793647e-01 -1.685879e-01 -1.114578e-01
   outer loop
     vertex  9.745138e-02  1.976261e-01 -2.402465e-02
     vertex  1.015794e-01  1.956338e-01  1.526116e-02
     vertex  9.713507e-02  1.956338e-01 -2.379065e-02
   endloop
 endfacet
 facet normal  8.618858e-01 -4.975254e-01 -9.808799e-02
   outer loop
     vertex  9.745138e-02  1.976261e-01 -2.402465e-02
     vertex  1.029685e-01  1.993192e-01  1.586534e-02
     vertex  1.019402e-01  1.976261e-01  1.541809e-02
   endloop
 endfacet
 facet normal  8.618858e-01 -4.975254e-01 -9.808799e-02
   outer loop
     vertex  9.745138e-02  1.976261e-01 -2.402465e-02
     vertex  9.835283e-02  1.993192e-01 -2.469151e-02
     vertex  1.029685e-01  1.993192e-01  1.586534e-02
   endloop
 endfacet
 facet normal  3.459962e-01 -4.975254e-01 -7.954590e-01
   outer loop
     vertex  9.745138e-02  1.976261e-01 -2.402465e-02
     vertex  6.092175e-02  1.993192e-01 -4.097269e-02
     vertex  9.835283e-02  1.993192e-01 -2.469151e-02
   endloop
 endfacet
 facet normal  9.793647e-01 -1.685879e-01 -1.114578e-01
   outer loop
     vertex  9.745138e-02  1.976261e-01 -2.402465e-02
     vertex  1.019402e-01  1.976261e-01  1.541809e-02
     vertex  1.015794e-01  1.956338e-01  1.526116e-02
   endloop
 endfacet
 facet normal -5.421707e-01  4.109895e-01 -7.328974e-01
   outer loop
     vertex  5.675484e-02  2.687069e-01 -4.235927e-03
     vertex  6.421751e-02  2.646825e-01 -1.201331e-02
     vertex  5.483374e-02  2.646825e-01 -5.071538e-03
   endloop
 endfacet
 facet normal -5.421707e-01  4.109895e-01 -7.328974e-01
   outer loop
     vertex  5.675484e-02  2.687069e-01 -4.235927e-03
     vertex  6.445440e-02  2.687069e-01 -9.931783e-03
     vertex  6.421751e-02  2.646825e-01 -1.201331e-02
   endloop
 endfacet
 facet normal -1.474871e-01  9.687615e-01 -1.993707e-01
   outer loop
     vertex  6.005558e-02  2.714689e-01 -2.800223e-03
     vertex  6.411745e-02  2.724509e-01 -1.033454e-03
     vertex  6.536229e-02  2.724509e-01 -1.954338e-03
   endloop
 endfacet
 facet normal -3.943999e-01  7.484698e-01 -5.331432e-01
   outer loop
     vertex  6.005558e-02  2.714689e-01 -2.800223e-03
     vertex  6.486142e-02  2.714689e-01 -6.355407e-03
     vertex  6.445440e-02  2.687069e-01 -9.931783e-03
   endloop
 endfacet
 facet normal -1.474871e-01  9.687615e-01 -1.993707e-01
   outer loop
     vertex  6.005558e-02  2.714689e-01 -2.800223e-03
     vertex  6.536229e-02  2.724509e-01 -1.954338e-03
     vertex  6.486142e-02  2.714689e-01 -6.355407e-03
   endloop
 endfacet
 facet normal -3.943999e-01  7.484698e-01 -5.331432e-01
   outer loop
     vertex  6.005558e-02  2.714689e-01 -2.800223e-03
     vertex  6.445440e-02  2.687069e-01 -9.931783e-03
     vertex  5.675484e-02  2.687069e-01 -4.235927e-03
   endloop
 endfacet
 facet normal -3.636224e-01  4.109895e-01  8.359823e-01
   outer loop
     vertex  5.783781e-02  2.687069e-01  5.280019e-03
     vertex  5.615360e-02  2.646825e-01  6.525937e-03
     vertex  6.685724e-02  2.646825e-01  1.118164e-02
   endloop
 endfacet
 facet normal -9.057931e-01  4.109895e-01  1.030849e-01
   outer loop
     vertex  5.783781e-02  2.687069e-01  5.280019e-03
     vertex  5.483374e-02  2.646825e-01 -5.071538e-03
     vertex  5.615360e-02  2.646825e-01  6.525937e-03
   endloop
 endfacet
 facet normal -3.636224e-01  4.109895e-01  8.359823e-01
   outer loop
     vertex  5.783781e-02  2.687069e-01  5.280019e-03
     vertex  6.685724e-02  2.646825e-01  1.118164e-02
     vertex  6.662035e-02  2.687069e-01  9.100109e-03
   endloop
 endfacet
 facet normal -9.057931e-01  4.109895e-01  1.030849e-01
   outer loop
     vertex  5.783781e-02  2.687069e-01  5.280019e-03
     vertex  5.675484e-02  2.687069e-01 -4.235927e-03
     vertex  5.483374e-02  2.646825e-01 -5.071538e-03
   endloop
 endfacet
 facet normal -2.645156e-01  7.484698e-01  6.081319e-01
   outer loop
     vertex  6.073154e-02  2.714689e-01  3.139346e-03
     vertex  6.662035e-02  2.687069e-01  9.100109e-03
     vertex  6.621334e-02  2.714689e-01  5.523732e-03
   endloop
 endfacet
 facet normal -9.891649e-02  9.687615e-01  2.274129e-01
   outer loop
     vertex  6.073154e-02  2.714689e-01  3.139346e-03
     vertex  6.621334e-02  2.714689e-01  5.523732e-03
     vertex  6.571247e-02  2.724509e-01  1.122664e-03
   endloop
 endfacet
 facet normal -2.464036e-01  9.687615e-01  2.804227e-02
   outer loop
     vertex  6.073154e-02  2.714689e-01  3.139346e-03
     vertex  6.429254e-02  2.724509e-01  5.050466e-04
     vertex  6.411745e-02  2.724509e-01 -1.033454e-03
   endloop
 endfacet
 facet normal -9.891649e-02  9.687615e-01  2.274129e-01
   outer loop
     vertex  6.073154e-02  2.714689e-01  3.139346e-03
     vertex  6.571247e-02  2.724509e-01  1.122664e-03
     vertex  6.429254e-02  2.724509e-01  5.050466e-04
   endloop
 endfacet
 facet normal -2.464036e-01  9.687615e-01  2.804227e-02
   outer loop
     vertex  6.073154e-02  2.714689e-01  3.139346e-03
     vertex  6.411745e-02  2.724509e-01 -1.033454e-03
     vertex  6.005558e-02  2.714689e-01 -2.800223e-03
   endloop
 endfacet
 facet normal -6.589155e-01  7.484698e-01  7.498870e-02
   outer loop
     vertex  6.073154e-02  2.714689e-01  3.139346e-03
     vertex  5.675484e-02  2.687069e-01 -4.235927e-03
     vertex  5.783781e-02  2.687069e-01  5.280019e-03
   endloop
 endfacet
 facet normal -6.589155e-01  7.484698e-01  7.498870e-02
   outer loop
     vertex  6.073154e-02  2.714689e-01  3.139346e-03
     vertex  6.005558e-02  2.714689e-01 -2.800223e-03
     vertex  5.675484e-02  2.687069e-01 -4.235927e-03
   endloop
 endfacet
 facet normal -2.645156e-01  7.484698e-01  6.081319e-01
   outer loop
     vertex  6.073154e-02  2.714689e-01  3.139346e-03
     vertex  5.783781e-02  2.687069e-01  5.280019e-03
     vertex  6.662035e-02  2.687069e-01  9.100109e-03
   endloop
 endfacet
 facet normal  3.885423e-01  2.260446e-01 -8.932741e-01
   outer loop
     vertex  7.606994e-02  2.593496e-01 -8.207442e-03
     vertex  6.421751e-02  2.646825e-01 -1.201331e-02
     vertex  7.492115e-02  2.646825e-01 -7.357611e-03
   endloop
 endfacet
 facet normal  3.885423e-01  2.260446e-01 -8.932741e-01
   outer loop
     vertex  7.606994e-02  2.593496e-01 -8.207442e-03
     vertex  6.405593e-02  2.593496e-01 -1.343311e-02
     vertex  6.421751e-02  2.646825e-01 -1.201331e-02
   endloop
 endfacet
 facet normal  9.678693e-01  2.260446e-01 -1.101496e-01
   outer loop
     vertex  7.755139e-02  2.593496e-01  4.809827e-03
     vertex  7.492115e-02  2.646825e-01 -7.357611e-03
     vertex  7.624102e-02  2.646825e-01  4.239863e-03
   endloop
 endfacet
 facet normal  9.678693e-01  2.260446e-01 -1.101496e-01
   outer loop
     vertex  7.755139e-02  2.593496e-01  4.809827e-03
     vertex  7.606994e-02  2.593496e-01 -8.207442e-03
     vertex  7.492115e-02  2.646825e-01 -7.357611e-03
   endloop
 endfacet
 facet normal  5.793270e-01  2.260446e-01  7.831246e-01
   outer loop
     vertex  6.701882e-02  2.593496e-01  1.260143e-02
     vertex  7.624102e-02  2.646825e-01  4.239863e-03
     vertex  6.685724e-02  2.646825e-01  1.118164e-02
   endloop
 endfacet
 facet normal  5.793270e-01  2.260446e-01  7.831246e-01
   outer loop
     vertex  6.701882e-02  2.593496e-01  1.260143e-02
     vertex  7.755139e-02  2.593496e-01  4.809827e-03
     vertex  7.624102e-02  2.646825e-01  4.239863e-03
   endloop
 endfacet
 facet normal  5.608566e-01  3.326232e-01  7.581567e-01
   outer loop
     vertex  1.020922e-01  2.311605e-01  1.548419e-02
     vertex  6.998172e-02  2.325335e-01  3.863597e-02
     vertex  7.004495e-02  2.311605e-01  3.919156e-02
   endloop
 endfacet
 facet normal  5.608566e-01  3.326232e-01  7.581567e-01
   outer loop
     vertex  1.020922e-01  2.311605e-01  1.548419e-02
     vertex  1.015794e-01  2.325335e-01  1.526116e-02
     vertex  6.998172e-02  2.325335e-01  3.863597e-02
   endloop
 endfacet
 facet normal -2.388704e-01  9.157925e-01 -3.229011e-01
   outer loop
     vertex  1.033387e-01  2.305689e-01  1.602638e-02
     vertex  7.035536e-02  2.310953e-01  4.191917e-02
     vertex  1.046096e-01  2.310953e-01  1.657917e-02
   endloop
 endfacet
 facet normal  2.670656e-01  8.935011e-01  3.610149e-01
   outer loop
     vertex  1.033387e-01  2.305689e-01  1.602638e-02
     vertex  7.004495e-02  2.311605e-01  3.919156e-02
     vertex  7.019865e-02  2.305689e-01  4.054216e-02
   endloop
 endfacet
 facet normal -2.388704e-01  9.157925e-01 -3.229011e-01
   outer loop
     vertex  1.033387e-01  2.305689e-01  1.602638e-02
     vertex  7.019865e-02  2.305689e-01  4.054216e-02
     vertex  7.035536e-02  2.310953e-01  4.191917e-02
   endloop
 endfacet
 facet normal  2.670656e-01  8.935011e-01  3.610149e-01
   outer loop
     vertex  1.033387e-01  2.305689e-01  1.602638e-02
     vertex  1.020922e-01  2.311605e-01  1.548419e-02
     vertex  7.004495e-02  2.311605e-01  3.919156e-02
   endloop
 endfacet
 facet normal  3.761547e-01  3.326232e-01 -8.647945e-01
   outer loop
     vertex  9.758461e-02  2.311605e-01 -2.412321e-02
     vertex  6.102981e-02  2.311605e-01 -4.002324e-02
     vertex  6.109304e-02  2.325335e-01 -3.946765e-02
   endloop
 endfacet
 facet normal  9.370113e-01  3.326232e-01 -1.066377e-01
   outer loop
     vertex  9.758461e-02  2.311605e-01 -2.412321e-02
     vertex  9.713507e-02  2.325335e-01 -2.379065e-02
     vertex  1.015794e-01  2.325335e-01  1.526116e-02
   endloop
 endfacet
 facet normal  3.761547e-01  3.326232e-01 -8.647945e-01
   outer loop
     vertex  9.758461e-02  2.311605e-01 -2.412321e-02
     vertex  6.109304e-02  2.325335e-01 -3.946765e-02
     vertex  9.713507e-02  2.325335e-01 -2.379065e-02
   endloop
 endfacet
 facet normal  9.370113e-01  3.326232e-01 -1.066377e-01
   outer loop
     vertex  9.758461e-02  2.311605e-01 -2.412321e-02
     vertex  1.015794e-01  2.325335e-01  1.526116e-02
     vertex  1.020922e-01  2.311605e-01  1.548419e-02
   endloop
 endfacet
 facet normal  1.791153e-01  8.935011e-01 -4.117931e-01
   outer loop
     vertex  9.867741e-02  2.305689e-01 -2.493162e-02
     vertex  6.087610e-02  2.305689e-01 -4.137384e-02
     vertex  6.102981e-02  2.311605e-01 -4.002324e-02
   endloop
 endfacet
 facet normal -1.602053e-01  9.157925e-01  3.683184e-01
   outer loop
     vertex  9.867741e-02  2.305689e-01 -2.493162e-02
     vertex  6.071939e-02  2.310953e-01 -4.275084e-02
     vertex  6.087610e-02  2.305689e-01 -4.137384e-02
   endloop
 endfacet
 facet normal -1.602053e-01  9.157925e-01  3.683184e-01
   outer loop
     vertex  9.867741e-02  2.305689e-01 -2.493162e-02
     vertex  9.979157e-02  2.310953e-01 -2.575584e-02
     vertex  6.071939e-02  2.310953e-01 -4.275084e-02
   endloop
 endfacet
 facet normal -3.990757e-01  9.157925e-01  4.541731e-02
   outer loop
     vertex  9.867741e-02  2.305689e-01 -2.493162e-02
     vertex  1.046096e-01  2.310953e-01  1.657917e-02
     vertex  9.979157e-02  2.310953e-01 -2.575584e-02
   endloop
 endfacet
 facet normal  4.461809e-01  8.935011e-01 -5.077817e-02
   outer loop
     vertex  9.867741e-02  2.305689e-01 -2.493162e-02
     vertex  1.020922e-01  2.311605e-01  1.548419e-02
     vertex  1.033387e-01  2.305689e-01  1.602638e-02
   endloop
 endfacet
 facet normal  4.461809e-01  8.935011e-01 -5.077817e-02
   outer loop
     vertex  9.867741e-02  2.305689e-01 -2.493162e-02
     vertex  9.758461e-02  2.311605e-01 -2.412321e-02
     vertex  1.020922e-01  2.311605e-01  1.548419e-02
   endloop
 endfacet
 facet normal  1.791153e-01  8.935011e-01 -4.117931e-01
   outer loop
     vertex  9.867741e-02  2.305689e-01 -2.493162e-02
     vertex  6.102981e-02  2.311605e-01 -4.002324e-02
     vertex  9.758461e-02  2.311605e-01 -2.412321e-02
   endloop
 endfacet
 facet normal -3.990757e-01  9.157925e-01  4.541731e-02
   outer loop
     vertex  9.867741e-02  2.305689e-01 -2.493162e-02
     vertex  1.033387e-01  2.305689e-01  1.602638e-02
     vertex  1.046096e-01  2.310953e-01  1.657917e-02
   endloop
 endfacet
 facet normal -1.009471e-01  6.087225e-01 -7.869350e-01
   outer loop
     vertex  6.019796e-02  2.425427e-01 -3.780549e-02
     vertex  6.126660e-02  2.425427e-01 -3.794258e-02
     vertex  6.117243e-02  2.414573e-01 -3.877005e-02
   endloop
 endfacet
 facet normal -8.929420e-01  2.528412e-01 -3.724594e-01
   outer loop
     vertex  2.893252e-02  2.411558e-01 -1.316941e-02
     vertex  3.071956e-02  2.411558e-01 -1.745372e-02
     vertex  2.949535e-02  2.388371e-01 -1.609283e-02
   endloop
 endfacet
 facet normal  3.363950e-02  5.984684e-01  8.004399e-01
   outer loop
     vertex  6.766133e-02  2.425427e-01  3.729337e-02
     vertex  6.658488e-02  2.425427e-01  3.733861e-02
     vertex  6.535386e-02  2.415628e-01  3.812295e-02
   endloop
 endfacet
 facet normal  8.986531e-02  5.117584e-01  8.544165e-01
   outer loop
     vertex  6.766133e-02  2.425427e-01  3.729337e-02
     vertex  6.535386e-02  2.415628e-01  3.812295e-02
     vertex  6.996152e-02  2.401934e-01  3.845855e-02
   endloop
 endfacet
 facet normal -8.356795e-02  3.759046e-01  9.228825e-01
   outer loop
     vertex  6.990233e-02  2.414573e-01  3.793838e-02
     vertex  6.766133e-02  2.425427e-01  3.729337e-02
     vertex  6.996152e-02  2.401934e-01  3.845855e-02
   endloop
 endfacet
 facet normal  5.669246e-02  5.939645e-01  8.024912e-01
   outer loop
     vertex  6.873604e-02  2.425427e-01  3.721745e-02
     vertex  6.766133e-02  2.425427e-01  3.729337e-02
     vertex  6.990233e-02  2.414573e-01  3.793838e-02
   endloop
 endfacet
 facet normal  7.846033e-02  6.087225e-01  7.894941e-01
   outer loop
     vertex  6.980815e-02  2.425427e-01  3.711090e-02
     vertex  6.873604e-02  2.425427e-01  3.721745e-02
     vertex  6.990233e-02  2.414573e-01  3.793838e-02
   endloop
 endfacet
 facet normal -1.642904e-01  4.165797e-01 -8.941309e-01
   outer loop
     vertex  5.780659e-02  2.401934e-01 -3.876979e-02
     vertex  5.603225e-02  2.411558e-01 -3.799538e-02
     vertex  5.669441e-02  2.415591e-01 -3.792918e-02
   endloop
 endfacet
 facet normal -1.541480e-01  1.304087e-01 -9.794039e-01
   outer loop
     vertex  5.780659e-02  2.401934e-01 -3.876979e-02
     vertex  6.111323e-02  2.401934e-01 -3.929022e-02
     vertex  6.109304e-02  2.388371e-01 -3.946765e-02
   endloop
 endfacet
 facet normal -1.306926e-01  5.822882e-01 -8.024088e-01
   outer loop
     vertex  5.787818e-02  2.411558e-01 -3.841460e-02
     vertex  5.669441e-02  2.415591e-01 -3.792918e-02
     vertex  5.807459e-02  2.425427e-01 -3.744019e-02
   endloop
 endfacet
 facet normal -1.277341e-01  5.701078e-01 -8.115793e-01
   outer loop
     vertex  5.787818e-02  2.411558e-01 -3.841460e-02
     vertex  5.913367e-02  2.425427e-01 -3.763799e-02
     vertex  6.019796e-02  2.425427e-01 -3.780549e-02
   endloop
 endfacet
 facet normal -1.492239e-01  5.825189e-01 -7.990019e-01
   outer loop
     vertex  5.787818e-02  2.411558e-01 -3.841460e-02
     vertex  5.807459e-02  2.425427e-01 -3.744019e-02
     vertex  5.913367e-02  2.425427e-01 -3.763799e-02
   endloop
 endfacet
 facet normal -1.336551e-01  3.825178e-01 -9.142300e-01
   outer loop
     vertex  5.787818e-02  2.411558e-01 -3.841460e-02
     vertex  6.117243e-02  2.414573e-01 -3.877005e-02
     vertex  6.111323e-02  2.401934e-01 -3.929022e-02
   endloop
 endfacet
 facet normal -1.397403e-01  5.847150e-01 -7.991127e-01
   outer loop
     vertex  5.787818e-02  2.411558e-01 -3.841460e-02
     vertex  6.019796e-02  2.425427e-01 -3.780549e-02
     vertex  6.117243e-02  2.414573e-01 -3.877005e-02
   endloop
 endfacet
 facet normal -2.501782e-01  3.515509e-01 -9.021213e-01
   outer loop
     vertex  5.787818e-02  2.411558e-01 -3.841460e-02
     vertex  5.780659e-02  2.401934e-01 -3.876979e-02
     vertex  5.669441e-02  2.415591e-01 -3.792918e-02
   endloop
 endfacet
 facet normal -1.455217e-01  3.520600e-01 -9.245957e-01
   outer loop
     vertex  5.787818e-02  2.411558e-01 -3.841460e-02
     vertex  6.111323e-02  2.401934e-01 -3.929022e-02
     vertex  5.780659e-02  2.401934e-01 -3.876979e-02
   endloop
 endfacet
 facet normal -2.834644e-01  3.517886e-01 -8.921282e-01
   outer loop
     vertex  5.147794e-02  2.401934e-01 -3.692780e-02
     vertex  5.160814e-02  2.411558e-01 -3.658967e-02
     vertex  5.603225e-02  2.411558e-01 -3.799538e-02
   endloop
 endfacet
 facet normal -2.748889e-01 -1.801320e-01 -9.444514e-01
   outer loop
     vertex  5.147794e-02  2.401934e-01 -3.692780e-02
     vertex  5.780659e-02  2.401934e-01 -3.876979e-02
     vertex  6.109304e-02  2.388371e-01 -3.946765e-02
   endloop
 endfacet
 facet normal -2.706400e-01  2.492530e-01 -9.298532e-01
   outer loop
     vertex  5.147794e-02  2.401934e-01 -3.692780e-02
     vertex  5.603225e-02  2.411558e-01 -3.799538e-02
     vertex  5.780659e-02  2.401934e-01 -3.876979e-02
   endloop
 endfacet
 facet normal -3.880770e-01  3.517886e-01 -8.518456e-01
   outer loop
     vertex  4.721410e-02  2.401934e-01 -3.498531e-02
     vertex  5.160814e-02  2.411558e-01 -3.658967e-02
     vertex  5.147794e-02  2.401934e-01 -3.692780e-02
   endloop
 endfacet
 facet normal -2.609061e-01 -7.771374e-01 -5.727001e-01
   outer loop
     vertex  4.721410e-02  2.401934e-01 -3.498531e-02
     vertex  5.147794e-02  2.401934e-01 -3.692780e-02
     vertex  6.109304e-02  2.388371e-01 -3.946765e-02
   endloop
 endfacet
 facet normal -3.880770e-01  3.517886e-01 -8.518456e-01
   outer loop
     vertex  4.721410e-02  2.401934e-01 -3.498531e-02
     vertex  4.738379e-02  2.411558e-01 -3.466517e-02
     vertex  5.160814e-02  2.411558e-01 -3.658967e-02
   endloop
 endfacet
 facet normal -1.536997e-01 -9.660272e-01 -2.077686e-01
   outer loop
     vertex  4.321305e-02  2.401934e-01 -3.254706e-02
     vertex  6.109304e-02  2.388371e-01 -3.946765e-02
     vertex  2.949535e-02  2.388371e-01 -1.609283e-02
   endloop
 endfacet
 facet normal -6.224464e-01  3.501344e-01 -6.999760e-01
   outer loop
     vertex  4.321305e-02  2.401934e-01 -3.254706e-02
     vertex  4.303331e-02  2.415628e-01 -3.170223e-02
     vertex  4.341979e-02  2.411558e-01 -3.224950e-02
   endloop
 endfacet
 facet normal -4.871242e-01  3.517886e-01 -7.993465e-01
   outer loop
     vertex  4.321305e-02  2.401934e-01 -3.254706e-02
     vertex  4.341979e-02  2.411558e-01 -3.224950e-02
     vertex  4.738379e-02  2.411558e-01 -3.466517e-02
   endloop
 endfacet
 facet normal -4.871242e-01  3.517886e-01 -7.993465e-01
   outer loop
     vertex  4.321305e-02  2.401934e-01 -3.254706e-02
     vertex  4.738379e-02  2.411558e-01 -3.466517e-02
     vertex  4.721410e-02  2.401934e-01 -3.498531e-02
   endloop
 endfacet
 facet normal -1.930726e-01 -9.286261e-01 -3.168225e-01
   outer loop
     vertex  4.321305e-02  2.401934e-01 -3.254706e-02
     vertex  4.721410e-02  2.401934e-01 -3.498531e-02
     vertex  6.109304e-02  2.388371e-01 -3.946765e-02
   endloop
 endfacet
 facet normal -5.680411e-01  3.768240e-01 -7.316645e-01
   outer loop
     vertex  3.994200e-02  2.401934e-01 -3.000752e-02
     vertex  4.303331e-02  2.415628e-01 -3.170223e-02
     vertex  4.321305e-02  2.401934e-01 -3.254706e-02
   endloop
 endfacet
 facet normal -1.739698e-01 -9.589171e-01 -2.240815e-01
   outer loop
     vertex  3.994200e-02  2.401934e-01 -3.000752e-02
     vertex  4.321305e-02  2.401934e-01 -3.254706e-02
     vertex  2.949535e-02  2.388371e-01 -1.609283e-02
   endloop
 endfacet
 facet normal -5.649830e-01  3.516870e-01 -7.463984e-01
   outer loop
     vertex  4.017904e-02  2.411558e-01 -2.973348e-02
     vertex  4.303331e-02  2.415628e-01 -3.170223e-02
     vertex  3.994200e-02  2.401934e-01 -3.000752e-02
   endloop
 endfacet
 facet normal -7.671884e-01  3.432450e-01 -5.418531e-01
   outer loop
     vertex  4.017904e-02  2.411558e-01 -2.973348e-02
     vertex  3.994200e-02  2.401934e-01 -3.000752e-02
     vertex  3.924061e-02  2.425427e-01 -2.752628e-02
   endloop
 endfacet
 facet normal -5.140385e-01  5.824014e-01 -6.297404e-01
   outer loop
     vertex  4.017904e-02  2.411558e-01 -2.973348e-02
     vertex  4.082931e-02  2.425427e-01 -2.898168e-02
     vertex  4.249842e-02  2.425427e-01 -3.034412e-02
   endloop
 endfacet
 facet normal -5.491116e-01  5.824014e-01 -5.994039e-01
   outer loop
     vertex  4.017904e-02  2.411558e-01 -2.973348e-02
     vertex  3.924061e-02  2.425427e-01 -2.752628e-02
     vertex  4.082931e-02  2.425427e-01 -2.898168e-02
   endloop
 endfacet
 facet normal -5.150668e-01  5.859442e-01 -6.256002e-01
   outer loop
     vertex  4.017904e-02  2.411558e-01 -2.973348e-02
     vertex  4.249842e-02  2.425427e-01 -3.034412e-02
     vertex  4.303331e-02  2.415628e-01 -3.170223e-02
   endloop
 endfacet
 facet normal -3.112168e-01 -8.945399e-01 -3.208465e-01
   outer loop
     vertex  3.673915e-02  2.401934e-01 -2.690080e-02
     vertex  3.994200e-02  2.401934e-01 -3.000752e-02
     vertex  2.949535e-02  2.388371e-01 -1.609283e-02
   endloop
 endfacet
 facet normal -6.100031e-01  4.820880e-01 -6.288778e-01
   outer loop
     vertex  3.673915e-02  2.401934e-01 -2.690080e-02
     vertex  3.924061e-02  2.425427e-01 -2.752628e-02
     vertex  3.994200e-02  2.401934e-01 -3.000752e-02
   endloop
 endfacet
 facet normal -6.584707e-01  4.165797e-01 -6.267996e-01
   outer loop
     vertex  3.673915e-02  2.401934e-01 -2.690080e-02
     vertex  3.575887e-02  2.411558e-01 -2.523136e-02
     vertex  3.633347e-02  2.415591e-01 -2.556700e-02
   endloop
 endfacet
 facet normal -5.773766e-01  5.822882e-01 -5.723432e-01
   outer loop
     vertex  3.700584e-02  2.411558e-01 -2.665552e-02
     vertex  3.633347e-02  2.415591e-01 -2.556700e-02
     vertex  3.773749e-02  2.425427e-01 -2.598265e-02
   endloop
 endfacet
 facet normal -5.823978e-01  5.824014e-01 -5.671167e-01
   outer loop
     vertex  3.700584e-02  2.411558e-01 -2.665552e-02
     vertex  3.773749e-02  2.425427e-01 -2.598265e-02
     vertex  3.924061e-02  2.425427e-01 -2.752628e-02
   endloop
 endfacet
 facet normal -5.182304e-01  3.432450e-01 -7.833391e-01
   outer loop
     vertex  3.700584e-02  2.411558e-01 -2.665552e-02
     vertex  3.924061e-02  2.425427e-01 -2.752628e-02
     vertex  3.673915e-02  2.401934e-01 -2.690080e-02
   endloop
 endfacet
 facet normal -7.326520e-01  3.515509e-01 -5.827804e-01
   outer loop
     vertex  3.700584e-02  2.411558e-01 -2.665552e-02
     vertex  3.673915e-02  2.401934e-01 -2.690080e-02
     vertex  3.633347e-02  2.415591e-01 -2.556700e-02
   endloop
 endfacet
 facet normal -7.537073e-01  3.517886e-01 -5.551307e-01
   outer loop
     vertex  3.270186e-02  2.401934e-01 -2.169070e-02
     vertex  3.300594e-02  2.411558e-01 -2.149368e-02
     vertex  3.575887e-02  2.411558e-01 -2.523136e-02
   endloop
 endfacet
 facet normal -6.599386e-01 -5.504241e-01 -5.113847e-01
   outer loop
     vertex  3.270186e-02  2.401934e-01 -2.169070e-02
     vertex  3.673915e-02  2.401934e-01 -2.690080e-02
     vertex  2.949535e-02  2.388371e-01 -1.609283e-02
   endloop
 endfacet
 facet normal -7.655064e-01  2.492530e-01 -5.931888e-01
   outer loop
     vertex  3.270186e-02  2.401934e-01 -2.169070e-02
     vertex  3.575887e-02  2.411558e-01 -2.523136e-02
     vertex  3.673915e-02  2.401934e-01 -2.690080e-02
   endloop
 endfacet
 facet normal -9.098559e-01  3.456652e-01 -2.295165e-01
   outer loop
     vertex  3.039411e-02  2.401934e-01 -1.761298e-02
     vertex  2.949535e-02  2.388371e-01 -1.609283e-02
     vertex  3.071956e-02  2.411558e-01 -1.745372e-02
   endloop
 endfacet
 facet normal -8.146632e-01  3.517886e-01 -4.610516e-01
   outer loop
     vertex  3.039411e-02  2.401934e-01 -1.761298e-02
     vertex  3.071956e-02  2.411558e-01 -1.745372e-02
     vertex  3.300594e-02  2.411558e-01 -2.149368e-02
   endloop
 endfacet
 facet normal -8.700282e-01  2.465954e-02 -4.923849e-01
   outer loop
     vertex  3.039411e-02  2.401934e-01 -1.761298e-02
     vertex  3.270186e-02  2.401934e-01 -2.169070e-02
     vertex  2.949535e-02  2.388371e-01 -1.609283e-02
   endloop
 endfacet
 facet normal -8.146632e-01  3.517886e-01 -4.610516e-01
   outer loop
     vertex  3.039411e-02  2.401934e-01 -1.761298e-02
     vertex  3.300594e-02  2.411558e-01 -2.149368e-02
     vertex  3.270186e-02  2.401934e-01 -2.169070e-02
   endloop
 endfacet
 facet normal -8.293407e-01  3.489097e-01 -4.364127e-01
   outer loop
     vertex  2.859036e-02  2.401934e-01 -1.328863e-02
     vertex  2.893252e-02  2.411558e-01 -1.316941e-02
     vertex  2.949535e-02  2.388371e-01 -1.609283e-02
   endloop
 endfacet
 facet normal -9.150053e-01  3.501344e-01 -2.004277e-01
   outer loop
     vertex  2.859036e-02  2.401934e-01 -1.328863e-02
     vertex  2.894153e-02  2.415628e-01 -1.249951e-02
     vertex  2.893252e-02  2.411558e-01 -1.316941e-02
   endloop
 endfacet
 facet normal -8.896165e-01  3.768240e-01 -2.580429e-01
   outer loop
     vertex  2.743673e-02  2.401934e-01 -9.311432e-03
     vertex  2.894153e-02  2.415628e-01 -1.249951e-02
     vertex  2.859036e-02  2.401934e-01 -1.328863e-02
   endloop
 endfacet
 facet normal -9.583995e-01 -6.472747e-02 -2.779941e-01
   outer loop
     vertex  2.743673e-02  2.401934e-01 -9.311432e-03
     vertex  2.859036e-02  2.401934e-01 -1.328863e-02
     vertex  2.949535e-02  2.388371e-01 -1.609283e-02
   endloop
 endfacet
 facet normal -8.958028e-01  3.516870e-01 -2.717603e-01
   outer loop
     vertex  2.778957e-02  2.411558e-01 -9.229052e-03
     vertex  2.894153e-02  2.415628e-01 -1.249951e-02
     vertex  2.743673e-02  2.401934e-01 -9.311432e-03
   endloop
 endfacet
 facet normal -9.391617e-01  3.432450e-01  1.257364e-02
   outer loop
     vertex  2.778957e-02  2.411558e-01 -9.229052e-03
     vertex  2.743673e-02  2.401934e-01 -9.311432e-03
     vertex  2.832773e-02  2.425427e-01 -6.891792e-03
   endloop
 endfacet
 facet normal -7.860180e-01  5.824014e-01 -2.073265e-01
   outer loop
     vertex  2.778957e-02  2.411558e-01 -9.229052e-03
     vertex  2.875755e-02  2.425427e-01 -9.003051e-03
     vertex  2.930706e-02  2.425427e-01 -1.108637e-02
   endloop
 endfacet
 facet normal -7.965614e-01  5.824014e-01 -1.621682e-01
   outer loop
     vertex  2.778957e-02  2.411558e-01 -9.229052e-03
     vertex  2.832773e-02  2.425427e-01 -6.891792e-03
     vertex  2.875755e-02  2.425427e-01 -9.003051e-03
   endloop
 endfacet
 facet normal -7.844164e-01  5.859442e-01 -2.033725e-01
   outer loop
     vertex  2.778957e-02  2.411558e-01 -9.229052e-03
     vertex  2.930706e-02  2.425427e-01 -1.108637e-02
     vertex  2.894153e-02  2.415628e-01 -1.249951e-02
   endloop
 endfacet
 facet normal -8.631480e-01  4.820880e-01 -1.502220e-01
   outer loop
     vertex  2.667165e-02  2.401934e-01 -4.915444e-03
     vertex  2.832773e-02  2.425427e-01 -6.891792e-03
     vertex  2.743673e-02  2.401934e-01 -9.311432e-03
   endloop
 endfacet
 facet normal -9.011375e-01  4.165797e-01 -1.200521e-01
   outer loop
     vertex  2.667165e-02  2.401934e-01 -4.915444e-03
     vertex  2.685986e-02  2.411558e-01 -2.988645e-03
     vertex  2.712744e-02  2.415591e-01 -3.597934e-03
   endloop
 endfacet
 facet normal -8.305425e-01 -5.378710e-01 -1.445473e-01
   outer loop
     vertex  2.667165e-02  2.401934e-01 -4.915444e-03
     vertex  2.743673e-02  2.401934e-01 -9.311432e-03
     vertex  2.949535e-02  2.388371e-01 -1.609283e-02
   endloop
 endfacet
 facet normal -8.796924e-01  3.432450e-01 -3.291264e-01
   outer loop
     vertex  2.703158e-02  2.411558e-01 -4.873774e-03
     vertex  2.832773e-02  2.425427e-01 -6.891792e-03
     vertex  2.667165e-02  2.401934e-01 -4.915444e-03
   endloop
 endfacet
 facet normal -8.035224e-01  5.822882e-01 -1.236619e-01
   outer loop
     vertex  2.703158e-02  2.411558e-01 -4.873774e-03
     vertex  2.712744e-02  2.415591e-01 -3.597934e-03
     vertex  2.801900e-02  2.425427e-01 -4.759458e-03
   endloop
 endfacet
 facet normal -8.045126e-01  5.824014e-01 -1.164822e-01
   outer loop
     vertex  2.703158e-02  2.411558e-01 -4.873774e-03
     vertex  2.801900e-02  2.425427e-01 -4.759458e-03
     vertex  2.832773e-02  2.425427e-01 -6.891792e-03
   endloop
 endfacet
 facet normal -9.352776e-01  3.515509e-01 -4.083721e-02
   outer loop
     vertex  2.703158e-02  2.411558e-01 -4.873774e-03
     vertex  2.667165e-02  2.401934e-01 -4.915444e-03
     vertex  2.712744e-02  2.415591e-01 -3.597934e-03
   endloop
 endfacet
 facet normal -9.679753e-01  2.492530e-01 -2.994648e-02
   outer loop
     vertex  2.646783e-02  2.401934e-01  1.672668e-03
     vertex  2.685986e-02  2.411558e-01 -2.988645e-03
     vertex  2.667165e-02  2.401934e-01 -4.915444e-03
   endloop
 endfacet
 facet normal -9.360596e-01  3.517886e-01 -6.092132e-03
   outer loop
     vertex  2.646783e-02  2.401934e-01  1.672668e-03
     vertex  2.682965e-02  2.411558e-01  1.653327e-03
     vertex  2.685986e-02  2.411558e-01 -2.988645e-03
   endloop
 endfacet
 facet normal -4.800985e-01 -8.770888e-01 -1.485292e-02
   outer loop
     vertex  2.646783e-02  2.401934e-01  1.672668e-03
     vertex  2.667165e-02  2.401934e-01 -4.915444e-03
     vertex  2.949535e-02  2.388371e-01 -1.609283e-02
   endloop
 endfacet
 facet normal -2.593091e-01 -9.653434e-01  2.951099e-02
   outer loop
     vertex  2.699765e-02  2.401934e-01  6.328078e-03
     vertex  2.949535e-02  2.388371e-01 -1.609283e-02
     vertex  3.393969e-02  2.388371e-01  2.295898e-02
   endloop
 endfacet
 facet normal -2.593091e-01 -9.653434e-01  2.951099e-02
   outer loop
     vertex  2.699765e-02  2.401934e-01  6.328078e-03
     vertex  2.646783e-02  2.401934e-01  1.672668e-03
     vertex  2.949535e-02  2.388371e-01 -1.609283e-02
   endloop
 endfacet
 facet normal -9.300757e-01  3.517886e-01  1.058484e-01
   outer loop
     vertex  2.699765e-02  2.401934e-01  6.328078e-03
     vertex  2.735456e-02  2.411558e-01  6.265624e-03
     vertex  2.682965e-02  2.411558e-01  1.653327e-03
   endloop
 endfacet
 facet normal -9.300757e-01  3.517886e-01  1.058484e-01
   outer loop
     vertex  2.699765e-02  2.401934e-01  6.328078e-03
     vertex  2.682965e-02  2.411558e-01  1.653327e-03
     vertex  2.646783e-02  2.401934e-01  1.672668e-03
   endloop
 endfacet
 facet normal -9.107533e-01  3.517886e-01  2.162710e-01
   outer loop
     vertex  2.808017e-02  2.401934e-01  1.088677e-02
     vertex  2.735456e-02  2.411558e-01  6.265624e-03
     vertex  2.699765e-02  2.401934e-01  6.328078e-03
   endloop
 endfacet
 facet normal -4.108201e-01 -9.064822e-01  9.755491e-02
   outer loop
     vertex  2.808017e-02  2.401934e-01  1.088677e-02
     vertex  2.699765e-02  2.401934e-01  6.328078e-03
     vertex  3.393969e-02  2.388371e-01  2.295898e-02
   endloop
 endfacet
 facet normal -8.580633e-01  3.501344e-01  3.756772e-01
   outer loop
     vertex  2.808017e-02  2.401934e-01  1.088677e-02
     vertex  2.882811e-02  2.415628e-01  1.131877e-02
     vertex  2.842706e-02  2.411558e-01  1.078210e-02
   endloop
 endfacet
 facet normal -9.107533e-01  3.517886e-01  2.162710e-01
   outer loop
     vertex  2.808017e-02  2.401934e-01  1.088677e-02
     vertex  2.842706e-02  2.411558e-01  1.078210e-02
     vertex  2.735456e-02  2.411558e-01  6.265624e-03
   endloop
 endfacet
 facet normal -8.713887e-01  3.768240e-01  3.141424e-01
   outer loop
     vertex  2.948461e-02  2.401934e-01  1.478247e-02
     vertex  2.882811e-02  2.415628e-01  1.131877e-02
     vertex  2.808017e-02  2.401934e-01  1.088677e-02
   endloop
 endfacet
 facet normal -6.502437e-01 -7.226558e-01  2.344179e-01
   outer loop
     vertex  2.948461e-02  2.401934e-01  1.478247e-02
     vertex  2.808017e-02  2.401934e-01  1.088677e-02
     vertex  3.393969e-02  2.388371e-01  2.295898e-02
   endloop
 endfacet
 facet normal -7.577654e-01  5.824014e-01  2.942792e-01
   outer loop
     vertex  2.981848e-02  2.411558e-01  1.464173e-02
     vertex  3.073444e-02  2.425427e-01  1.425560e-02
     vertex  2.995446e-02  2.425427e-01  1.224717e-02
   endloop
 endfacet
 facet normal -7.397518e-01  5.824014e-01  3.370102e-01
   outer loop
     vertex  2.981848e-02  2.411558e-01  1.464173e-02
     vertex  3.162767e-02  2.425427e-01  1.621629e-02
     vertex  3.073444e-02  2.425427e-01  1.425560e-02
   endloop
 endfacet
 facet normal -7.541455e-01  5.859442e-01  2.965366e-01
   outer loop
     vertex  2.981848e-02  2.411558e-01  1.464173e-02
     vertex  2.995446e-02  2.425427e-01  1.224717e-02
     vertex  2.882811e-02  2.415628e-01  1.131877e-02
   endloop
 endfacet
 facet normal -7.524072e-01  3.432450e-01  5.621977e-01
   outer loop
     vertex  2.981848e-02  2.411558e-01  1.464173e-02
     vertex  2.948461e-02  2.401934e-01  1.478247e-02
     vertex  3.162767e-02  2.425427e-01  1.621629e-02
   endloop
 endfacet
 facet normal -8.844564e-01  3.516870e-01  3.066809e-01
   outer loop
     vertex  2.981848e-02  2.411558e-01  1.464173e-02
     vertex  2.882811e-02  2.415628e-01  1.131877e-02
     vertex  2.948461e-02  2.401934e-01  1.478247e-02
   endloop
 endfacet
 facet normal -7.992746e-01  2.342447e-01  5.534343e-01
   outer loop
     vertex  3.144954e-02  2.401934e-01  1.878860e-02
     vertex  3.393969e-02  2.388371e-01  2.295898e-02
     vertex  3.273435e-02  2.411558e-01  2.023679e-02
   endloop
 endfacet
 facet normal -7.996005e-01  4.165797e-01  4.325511e-01
   outer loop
     vertex  3.144954e-02  2.401934e-01  1.878860e-02
     vertex  3.273435e-02  2.411558e-01  2.023679e-02
     vertex  3.259270e-02  2.415591e-01  1.958659e-02
   endloop
 endfacet
 facet normal -7.865997e-01  4.820880e-01  3.858135e-01
   outer loop
     vertex  3.144954e-02  2.401934e-01  1.878860e-02
     vertex  3.162767e-02  2.425427e-01  1.621629e-02
     vertex  2.948461e-02  2.401934e-01  1.478247e-02
   endloop
 endfacet
 facet normal -8.612866e-01 -2.823554e-01  4.224462e-01
   outer loop
     vertex  3.144954e-02  2.401934e-01  1.878860e-02
     vertex  2.948461e-02  2.401934e-01  1.478247e-02
     vertex  3.393969e-02  2.388371e-01  2.295898e-02
   endloop
 endfacet
 facet normal -7.227499e-01  5.822882e-01  3.722540e-01
   outer loop
     vertex  3.176522e-02  2.411558e-01  1.861076e-02
     vertex  3.259270e-02  2.415591e-01  1.958659e-02
     vertex  3.263126e-02  2.425427e-01  1.812285e-02
   endloop
 endfacet
 facet normal -7.193309e-01  5.824014e-01  3.786446e-01
   outer loop
     vertex  3.176522e-02  2.411558e-01  1.861076e-02
     vertex  3.263126e-02  2.425427e-01  1.812285e-02
     vertex  3.162767e-02  2.425427e-01  1.621629e-02
   endloop
 endfacet
 facet normal -7.806590e-01  3.515509e-01  5.167044e-01
   outer loop
     vertex  3.176522e-02  2.411558e-01  1.861076e-02
     vertex  3.144954e-02  2.401934e-01  1.878860e-02
     vertex  3.259270e-02  2.415591e-01  1.958659e-02
   endloop
 endfacet
 facet normal -9.051417e-01  3.432450e-01  2.508014e-01
   outer loop
     vertex  3.176522e-02  2.411558e-01  1.861076e-02
     vertex  3.162767e-02  2.425427e-01  1.621629e-02
     vertex  3.144954e-02  2.401934e-01  1.878860e-02
   endloop
 endfacet
 facet normal -8.610685e-01  1.296326e-01  4.916874e-01
   outer loop
     vertex  3.408324e-02  2.401934e-01  2.285278e-02
     vertex  3.273435e-02  2.411558e-01  2.023679e-02
     vertex  3.393969e-02  2.388371e-01  2.295898e-02
   endloop
 endfacet
 facet normal -7.428598e-01  4.058874e-01  5.323672e-01
   outer loop
     vertex  3.408324e-02  2.401934e-01  2.285278e-02
     vertex  3.543839e-02  2.411558e-01  2.400998e-02
     vertex  3.273435e-02  2.411558e-01  2.023679e-02
   endloop
 endfacet
 facet normal -6.953309e-01  1.289513e-01  7.070265e-01
   outer loop
     vertex  3.408324e-02  2.401934e-01  2.285278e-02
     vertex  3.393969e-02  2.388371e-01  2.295898e-02
     vertex  3.543839e-02  2.411558e-01  2.400998e-02
   endloop
 endfacet
 facet normal -6.902309e-01  3.517886e-01  6.323180e-01
   outer loop
     vertex  3.832206e-02  2.401934e-01  2.769319e-02
     vertex  3.857409e-02  2.411558e-01  2.743288e-02
     vertex  3.543839e-02  2.411558e-01  2.400998e-02
   endloop
 endfacet
 facet normal -7.469875e-01  1.946690e-01  6.356993e-01
   outer loop
     vertex  3.832206e-02  2.401934e-01  2.769319e-02
     vertex  3.543839e-02  2.411558e-01  2.400998e-02
     vertex  3.393969e-02  2.388371e-01  2.295898e-02
   endloop
 endfacet
 facet normal -4.733702e-01  3.501344e-01  8.082862e-01
   outer loop
     vertex  4.187737e-02  2.401934e-01  3.074496e-02
     vertex  4.273638e-02  2.415628e-01  3.065483e-02
     vertex  4.209648e-02  2.411558e-01  3.045638e-02
   endloop
 endfacet
 facet normal -6.096940e-01  3.517886e-01  7.102943e-01
   outer loop
     vertex  4.187737e-02  2.401934e-01  3.074496e-02
     vertex  4.209648e-02  2.411558e-01  3.045638e-02
     vertex  3.857409e-02  2.411558e-01  2.743288e-02
   endloop
 endfacet
 facet normal -6.096940e-01  3.517886e-01  7.102943e-01
   outer loop
     vertex  4.187737e-02  2.401934e-01  3.074496e-02
     vertex  3.857409e-02  2.411558e-01  2.743288e-02
     vertex  3.832206e-02  2.401934e-01  2.769319e-02
   endloop
 endfacet
 facet normal -5.721294e-01 -4.779160e-01  6.665315e-01
   outer loop
     vertex  4.187737e-02  2.401934e-01  3.074496e-02
     vertex  3.832206e-02  2.401934e-01  2.769319e-02
     vertex  3.393969e-02  2.388371e-01  2.295898e-02
   endloop
 endfacet
 facet normal -5.203200e-01  3.768240e-01  7.663360e-01
   outer loop
     vertex  4.530342e-02  2.401934e-01  3.307114e-02
     vertex  4.273638e-02  2.415628e-01  3.065483e-02
     vertex  4.187737e-02  2.401934e-01  3.074496e-02
   endloop
 endfacet
 facet normal -3.171611e-01 -8.253530e-01  4.671201e-01
   outer loop
     vertex  4.530342e-02  2.401934e-01  3.307114e-02
     vertex  4.187737e-02  2.401934e-01  3.074496e-02
     vertex  3.393969e-02  2.388371e-01  2.295898e-02
   endloop
 endfacet
 facet normal -4.400721e-01  5.824014e-01  6.834802e-01
   outer loop
     vertex  4.549080e-02  2.411558e-01  3.276103e-02
     vertex  4.600486e-02  2.425427e-01  3.191026e-02
     vertex  4.419332e-02  2.425427e-01  3.074386e-02
   endloop
 endfacet
 facet normal -4.003821e-01  5.824014e-01  7.074622e-01
   outer loop
     vertex  4.549080e-02  2.411558e-01  3.276103e-02
     vertex  4.787997e-02  2.425427e-01  3.297146e-02
     vertex  4.600486e-02  2.425427e-01  3.191026e-02
   endloop
 endfacet
 facet normal -4.358167e-01  5.859442e-01  6.831788e-01
   outer loop
     vertex  4.549080e-02  2.411558e-01  3.276103e-02
     vertex  4.419332e-02  2.425427e-01  3.074386e-02
     vertex  4.273638e-02  2.415628e-01  3.065483e-02
   endloop
 endfacet
 facet normal -2.782587e-01  3.432450e-01  8.970814e-01
   outer loop
     vertex  4.549080e-02  2.411558e-01  3.276103e-02
     vertex  4.530342e-02  2.401934e-01  3.307114e-02
     vertex  4.787997e-02  2.425427e-01  3.297146e-02
   endloop
 endfacet
 facet normal -5.352777e-01  3.516870e-01  7.679805e-01
   outer loop
     vertex  4.549080e-02  2.411558e-01  3.276103e-02
     vertex  4.273638e-02  2.415628e-01  3.065483e-02
     vertex  4.530342e-02  2.401934e-01  3.307114e-02
   endloop
 endfacet
 facet normal -1.028920e-01 -9.661553e-01  2.365528e-01
   outer loop
     vertex  4.924783e-02  2.401934e-01  3.515721e-02
     vertex  3.393969e-02  2.388371e-01  2.295898e-02
     vertex  6.998172e-02  2.388371e-01  3.863597e-02
   endloop
 endfacet
 facet normal -3.926432e-01  4.165797e-01  8.199346e-01
   outer loop
     vertex  4.924783e-02  2.401934e-01  3.515721e-02
     vertex  5.113848e-02  2.411558e-01  3.557363e-02
     vertex  5.064170e-02  2.415591e-01  3.513086e-02
   endloop
 endfacet
 facet normal -1.637794e-01 -9.366293e-01  3.096803e-01
   outer loop
     vertex  4.924783e-02  2.401934e-01  3.515721e-02
     vertex  4.530342e-02  2.401934e-01  3.307114e-02
     vertex  3.393969e-02  2.388371e-01  2.295898e-02
   endloop
 endfacet
 facet normal -4.095970e-01  4.820880e-01  7.744814e-01
   outer loop
     vertex  4.924783e-02  2.401934e-01  3.515721e-02
     vertex  4.787997e-02  2.425427e-01  3.297146e-02
     vertex  4.530342e-02  2.401934e-01  3.307114e-02
   endloop
 endfacet
 facet normal -5.848577e-01  3.432450e-01  7.349315e-01
   outer loop
     vertex  4.939868e-02  2.411558e-01  3.482777e-02
     vertex  4.787997e-02  2.425427e-01  3.297146e-02
     vertex  4.924783e-02  2.401934e-01  3.515721e-02
   endloop
 endfacet
 facet normal -3.659116e-01  5.822882e-01  7.259815e-01
   outer loop
     vertex  4.939868e-02  2.411558e-01  3.482777e-02
     vertex  5.064170e-02  2.415591e-01  3.513086e-02
     vertex  4.981253e-02  2.425427e-01  3.392401e-02
   endloop
 endfacet
 facet normal -3.593892e-01  5.824014e-01  7.291420e-01
   outer loop
     vertex  4.939868e-02  2.411558e-01  3.482777e-02
     vertex  4.981253e-02  2.425427e-01  3.392401e-02
     vertex  4.787997e-02  2.425427e-01  3.297146e-02
   endloop
 endfacet
 facet normal -3.278552e-01  3.515509e-01  8.768825e-01
   outer loop
     vertex  4.939868e-02  2.411558e-01  3.482777e-02
     vertex  4.924783e-02  2.401934e-01  3.515721e-02
     vertex  5.064170e-02  2.415591e-01  3.513086e-02
   endloop
 endfacet
 facet normal -2.950523e-01  3.517886e-01  8.883630e-01
   outer loop
     vertex  5.545051e-02  2.401934e-01  3.738689e-02
     vertex  5.554392e-02  2.411558e-01  3.703681e-02
     vertex  5.113848e-02  2.411558e-01  3.557363e-02
   endloop
 endfacet
 facet normal -1.153258e-01 -9.400924e-01  3.208213e-01
   outer loop
     vertex  5.545051e-02  2.401934e-01  3.738689e-02
     vertex  4.924783e-02  2.401934e-01  3.515721e-02
     vertex  6.998172e-02  2.388371e-01  3.863597e-02
   endloop
 endfacet
 facet normal -3.276016e-01  2.492530e-01  9.113452e-01
   outer loop
     vertex  5.545051e-02  2.401934e-01  3.738689e-02
     vertex  5.113848e-02  2.411558e-01  3.557363e-02
     vertex  4.924783e-02  2.401934e-01  3.515721e-02
   endloop
 endfacet
 facet normal -1.255472e-01 -7.771374e-01  6.166809e-01
   outer loop
     vertex  6.004179e-02  2.401934e-01  3.832161e-02
     vertex  5.545051e-02  2.401934e-01  3.738689e-02
     vertex  6.998172e-02  2.388371e-01  3.863597e-02
   endloop
 endfacet
 facet normal -1.867414e-01  3.517886e-01  9.172635e-01
   outer loop
     vertex  6.004179e-02  2.401934e-01  3.832161e-02
     vertex  6.009268e-02  2.411558e-01  3.796287e-02
     vertex  5.554392e-02  2.411558e-01  3.703681e-02
   endloop
 endfacet
 facet normal -1.867414e-01  3.517886e-01  9.172635e-01
   outer loop
     vertex  6.004179e-02  2.401934e-01  3.832161e-02
     vertex  5.554392e-02  2.411558e-01  3.703681e-02
     vertex  5.545051e-02  2.401934e-01  3.738689e-02
   endloop
 endfacet
 facet normal  4.570030e-02  1.302365e-01  9.904292e-01
   outer loop
     vertex  6.471188e-02  2.401934e-01  3.870078e-02
     vertex  6.998172e-02  2.388371e-01  3.863597e-02
     vertex  6.996152e-02  2.401934e-01  3.845855e-02
   endloop
 endfacet
 facet normal  9.213415e-02  3.501344e-01  9.321573e-01
   outer loop
     vertex  6.471188e-02  2.401934e-01  3.870078e-02
     vertex  6.535386e-02  2.415628e-01  3.812295e-02
     vertex  6.471953e-02  2.411558e-01  3.833853e-02
   endloop
 endfacet
 facet normal -7.575233e-02  3.517886e-01  9.330093e-01
   outer loop
     vertex  6.471188e-02  2.401934e-01  3.870078e-02
     vertex  6.471953e-02  2.411558e-01  3.833853e-02
     vertex  6.009268e-02  2.411558e-01  3.796287e-02
   endloop
 endfacet
 facet normal -7.609173e-02 -3.404202e-01  9.371895e-01
   outer loop
     vertex  6.471188e-02  2.401934e-01  3.870078e-02
     vertex  6.004179e-02  2.401934e-01  3.832161e-02
     vertex  6.998172e-02  2.388371e-01  3.863597e-02
   endloop
 endfacet
 facet normal -7.575233e-02  3.517886e-01  9.330093e-01
   outer loop
     vertex  6.471188e-02  2.401934e-01  3.870078e-02
     vertex  6.009268e-02  2.411558e-01  3.796287e-02
     vertex  6.004179e-02  2.401934e-01  3.832161e-02
   endloop
 endfacet
 facet normal  4.279770e-02  3.713076e-01  9.275231e-01
   outer loop
     vertex  6.471188e-02  2.401934e-01  3.870078e-02
     vertex  6.996152e-02  2.401934e-01  3.845855e-02
     vertex  6.535386e-02  2.415628e-01  3.812295e-02
   endloop
 endfacet
 facet normal -8.260154e-02  7.947251e-01 -6.013227e-01
   outer loop
     vertex  6.311623e-02  2.586475e-01 -2.169015e-02
     vertex  6.264820e-02  2.578147e-01 -2.272653e-02
     vertex  6.230358e-02  2.578147e-01 -2.267919e-02
   endloop
 endfacet
 facet normal -7.351201e-02  7.933446e-01 -6.043181e-01
   outer loop
     vertex  6.311623e-02  2.586475e-01 -2.169015e-02
     vertex  6.299350e-02  2.578147e-01 -2.276854e-02
     vertex  6.264820e-02  2.578147e-01 -2.272653e-02
   endloop
 endfacet
 facet normal -9.735510e-02  7.658032e-01 -6.356630e-01
   outer loop
     vertex  6.159962e-02  2.583595e-01 -2.191502e-02
     vertex  6.230358e-02  2.578147e-01 -2.267919e-02
     vertex  6.195974e-02  2.578147e-01 -2.262653e-02
   endloop
 endfacet
 facet normal -5.827175e-02  7.867110e-01 -6.145650e-01
   outer loop
     vertex  6.159962e-02  2.583595e-01 -2.191502e-02
     vertex  6.311623e-02  2.586475e-01 -2.169015e-02
     vertex  6.230358e-02  2.578147e-01 -2.267919e-02
   endloop
 endfacet
 facet normal -1.200060e-01  9.211109e-01 -3.703421e-01
   outer loop
     vertex  6.325915e-02  2.591710e-01 -2.043434e-02
     vertex  6.311623e-02  2.586475e-01 -2.169015e-02
     vertex  6.159962e-02  2.583595e-01 -2.191502e-02
   endloop
 endfacet
 facet normal -3.802997e-01  9.214985e-01 -7.882021e-02
   outer loop
     vertex  6.341252e-02  2.593496e-01 -1.908670e-02
     vertex  6.325915e-02  2.591710e-01 -2.043434e-02
     vertex  6.159962e-02  2.583595e-01 -2.191502e-02
   endloop
 endfacet
 facet normal -1.183030e-01  9.584209e-01 -2.596801e-01
   outer loop
     vertex  5.189950e-02  2.583595e-01 -1.749592e-02
     vertex  6.341252e-02  2.593496e-01 -1.908670e-02
     vertex  6.159962e-02  2.583595e-01 -2.191502e-02
   endloop
 endfacet
 facet normal -4.181763e-01  7.675352e-01 -4.858172e-01
   outer loop
     vertex  5.059905e-02  2.578147e-01 -1.723728e-02
     vertex  5.189950e-02  2.583595e-01 -1.749592e-02
     vertex  5.112631e-02  2.578147e-01 -1.769112e-02
   endloop
 endfacet
 facet normal -4.194515e-01  7.838475e-01 -4.578684e-01
   outer loop
     vertex  5.008608e-02  2.578147e-01 -1.676735e-02
     vertex  5.189950e-02  2.583595e-01 -1.749592e-02
     vertex  5.059905e-02  2.578147e-01 -1.723728e-02
   endloop
 endfacet
 facet normal -4.474048e-01  7.675352e-01 -4.590410e-01
   outer loop
     vertex  4.971476e-02  2.583595e-01 -1.549449e-02
     vertex  5.008608e-02  2.578147e-01 -1.676735e-02
     vertex  4.958789e-02  2.578147e-01 -1.628178e-02
   endloop
 endfacet
 facet normal -4.194515e-01  7.838475e-01 -4.578684e-01
   outer loop
     vertex  4.971476e-02  2.583595e-01 -1.549449e-02
     vertex  5.189950e-02  2.583595e-01 -1.749592e-02
     vertex  5.008608e-02  2.578147e-01 -1.676735e-02
   endloop
 endfacet
 facet normal -1.041169e-01  9.845562e-01 -1.407435e-01
   outer loop
     vertex  4.830551e-02  2.593496e-01 -7.911084e-03
     vertex  6.341252e-02  2.593496e-01 -1.908670e-02
     vertex  5.189950e-02  2.583595e-01 -1.749592e-02
   endloop
 endfacet
 facet normal -1.409724e-01  9.779808e-01 -1.538839e-01
   outer loop
     vertex  4.830551e-02  2.593496e-01 -7.911084e-03
     vertex  5.189950e-02  2.583595e-01 -1.749592e-02
     vertex  4.971476e-02  2.583595e-01 -1.549449e-02
   endloop
 endfacet
 facet normal -6.317757e-01  7.675352e-01 -1.083940e-01
   outer loop
     vertex  4.387360e-02  2.583595e-01 -3.314417e-03
     vertex  4.342584e-02  2.578147e-01 -4.562446e-03
     vertex  4.330820e-02  2.578147e-01 -3.876785e-03
   endloop
 endfacet
 facet normal -5.912632e-01  7.675352e-01  2.475835e-01
   outer loop
     vertex  4.492304e-02  2.578147e-01  8.593243e-03
     vertex  4.507891e-02  2.583595e-01  7.276517e-03
     vertex  4.465434e-02  2.578147e-01  7.951550e-03
   endloop
 endfacet
 facet normal -5.650764e-01  7.838475e-01  2.574330e-01
   outer loop
     vertex  4.521145e-02  2.578147e-01  9.226322e-03
     vertex  4.507891e-02  2.583595e-01  7.276517e-03
     vertex  4.492304e-02  2.578147e-01  8.593243e-03
   endloop
 endfacet
 facet normal -5.748297e-01  7.675352e-01  2.836558e-01
   outer loop
     vertex  4.630727e-02  2.583595e-01  9.972811e-03
     vertex  4.521145e-02  2.578147e-01  9.226322e-03
     vertex  4.551930e-02  2.578147e-01  9.850180e-03
   endloop
 endfacet
 facet normal -5.650764e-01  7.838475e-01  2.574330e-01
   outer loop
     vertex  4.630727e-02  2.583595e-01  9.972811e-03
     vertex  4.507891e-02  2.583595e-01  7.276517e-03
     vertex  4.521145e-02  2.578147e-01  9.226322e-03
   endloop
 endfacet
 facet normal -3.328161e-01  7.675352e-01  5.478351e-01
   outer loop
     vertex  5.415543e-02  2.578147e-01  1.898947e-02
     vertex  5.350759e-02  2.583595e-01  1.783259e-02
     vertex  5.356087e-02  2.578147e-01  1.862826e-02
   endloop
 endfacet
 facet normal -3.058411e-01  7.838475e-01  5.404112e-01
   outer loop
     vertex  5.608619e-02  2.583595e-01  1.929193e-02
     vertex  5.350759e-02  2.583595e-01  1.783259e-02
     vertex  5.415543e-02  2.578147e-01  1.898947e-02
   endloop
 endfacet
 facet normal -2.983183e-01  7.675352e-01  5.673588e-01
   outer loop
     vertex  5.608619e-02  2.583595e-01  1.929193e-02
     vertex  5.476088e-02  2.578147e-01  1.933211e-02
     vertex  5.537663e-02  2.578147e-01  1.965587e-02
   endloop
 endfacet
 facet normal -3.058411e-01  7.838475e-01  5.404112e-01
   outer loop
     vertex  5.608619e-02  2.583595e-01  1.929193e-02
     vertex  5.415543e-02  2.578147e-01  1.898947e-02
     vertex  5.476088e-02  2.578147e-01  1.933211e-02
   endloop
 endfacet
 facet normal  4.796938e-02  7.658032e-01  6.412835e-01
   outer loop
     vertex  6.653123e-02  2.583595e-01  2.141839e-02
     vertex  6.704202e-02  2.578147e-01  2.203078e-02
     vertex  6.738890e-02  2.578147e-01  2.200483e-02
   endloop
 endfacet
 facet normal  6.415948e-02  7.933446e-01  6.053825e-01
   outer loop
     vertex  6.795853e-02  2.586475e-01  2.085848e-02
     vertex  6.773534e-02  2.578147e-01  2.197352e-02
     vertex  6.808125e-02  2.578147e-01  2.193686e-02
   endloop
 endfacet
 facet normal  5.462931e-02  7.947251e-01  6.045061e-01
   outer loop
     vertex  6.795853e-02  2.586475e-01  2.085848e-02
     vertex  6.738890e-02  2.578147e-01  2.200483e-02
     vertex  6.773534e-02  2.578147e-01  2.197352e-02
   endloop
 endfacet
 facet normal  8.131250e-02  7.867110e-01  6.119428e-01
   outer loop
     vertex  6.795853e-02  2.586475e-01  2.085848e-02
     vertex  6.653123e-02  2.583595e-01  2.141839e-02
     vertex  6.738890e-02  2.578147e-01  2.200483e-02
   endloop
 endfacet
 facet normal -4.989698e-01  8.193207e-01 -2.823876e-01
   outer loop
     vertex  4.706173e-02  2.591710e-01 -8.452084e-03
     vertex  4.971476e-02  2.583595e-01 -1.549449e-02
     vertex  4.446468e-02  2.583595e-01 -6.217774e-03
   endloop
 endfacet
 facet normal -7.920202e-02  9.864739e-01 -1.435138e-01
   outer loop
     vertex  4.706173e-02  2.591710e-01 -8.452084e-03
     vertex  4.830551e-02  2.593496e-01 -7.911084e-03
     vertex  4.971476e-02  2.583595e-01 -1.549449e-02
   endloop
 endfacet
 facet normal -6.266948e-01  7.615225e-01 -1.653394e-01
   outer loop
     vertex  4.434511e-02  2.583595e-01 -5.764564e-03
     vertex  4.446468e-02  2.583595e-01 -6.217774e-03
     vertex  4.372442e-02  2.578147e-01 -5.921221e-03
   endloop
 endfacet
 facet normal -6.232540e-01  7.716570e-01 -1.268854e-01
   outer loop
     vertex  4.434511e-02  2.583595e-01 -5.764564e-03
     vertex  4.356462e-02  2.578147e-01 -5.244142e-03
     vertex  4.342584e-02  2.578147e-01 -4.562446e-03
   endloop
 endfacet
 facet normal -6.308316e-01  7.615026e-01 -1.488800e-01
   outer loop
     vertex  4.434511e-02  2.583595e-01 -5.764564e-03
     vertex  4.372442e-02  2.578147e-01 -5.921221e-03
     vertex  4.356462e-02  2.578147e-01 -5.244142e-03
   endloop
 endfacet
 facet normal -6.164579e-01  7.783997e-01 -1.186324e-01
   outer loop
     vertex  4.434511e-02  2.583595e-01 -5.764564e-03
     vertex  4.342584e-02  2.578147e-01 -4.562446e-03
     vertex  4.387360e-02  2.583595e-01 -3.314417e-03
   endloop
 endfacet
 facet normal -4.006949e-01  9.059577e-01 -1.366902e-01
   outer loop
     vertex  4.600225e-02  2.591710e-01 -5.346318e-03
     vertex  4.706173e-02  2.591710e-01 -8.452084e-03
     vertex  4.446468e-02  2.583595e-01 -6.217774e-03
   endloop
 endfacet
 facet normal -1.239406e-01  9.913885e-01 -4.228020e-02
   outer loop
     vertex  4.600225e-02  2.591710e-01 -5.346318e-03
     vertex  4.830551e-02  2.593496e-01 -7.911084e-03
     vertex  4.706173e-02  2.591710e-01 -8.452084e-03
   endloop
 endfacet
 facet normal -4.147598e-01  9.033274e-01 -1.094251e-01
   outer loop
     vertex  4.600225e-02  2.591710e-01 -5.346318e-03
     vertex  4.446468e-02  2.583595e-01 -6.217774e-03
     vertex  4.434511e-02  2.583595e-01 -5.764564e-03
   endloop
 endfacet
 facet normal -4.217641e-01  9.030655e-01 -8.116517e-02
   outer loop
     vertex  4.600225e-02  2.591710e-01 -5.346318e-03
     vertex  4.434511e-02  2.583595e-01 -5.764564e-03
     vertex  4.387360e-02  2.583595e-01 -3.314417e-03
   endloop
 endfacet
 facet normal -5.424686e-02  9.985085e-01  6.173632e-03
   outer loop
     vertex  4.667867e-02  2.591710e-01  6.675011e-03
     vertex  5.043037e-02  2.593496e-01  1.075978e-02
     vertex  4.830551e-02  2.593496e-01 -7.911084e-03
   endloop
 endfacet
 facet normal -4.369119e-01  8.981290e-01  4.972330e-02
   outer loop
     vertex  4.667867e-02  2.591710e-01  6.675011e-03
     vertex  4.387360e-02  2.583595e-01 -3.314417e-03
     vertex  4.507891e-02  2.583595e-01  7.276517e-03
   endloop
 endfacet
 facet normal -7.276239e-02  9.973409e-01  4.094237e-03
   outer loop
     vertex  4.667867e-02  2.591710e-01  6.675011e-03
     vertex  4.830551e-02  2.593496e-01 -7.911084e-03
     vertex  4.600225e-02  2.591710e-01 -5.346318e-03
   endloop
 endfacet
 facet normal -3.401637e-01  9.401714e-01  1.914053e-02
   outer loop
     vertex  4.667867e-02  2.591710e-01  6.675011e-03
     vertex  4.600225e-02  2.591710e-01 -5.346318e-03
     vertex  4.387360e-02  2.583595e-01 -3.314417e-03
   endloop
 endfacet
 facet normal -2.649910e-01  9.428190e-01  2.021685e-01
   outer loop
     vertex  4.667867e-02  2.591710e-01  6.675011e-03
     vertex  4.630727e-02  2.583595e-01  9.972811e-03
     vertex  5.043037e-02  2.593496e-01  1.075978e-02
   endloop
 endfacet
 facet normal -3.910676e-01  9.029537e-01  1.781594e-01
   outer loop
     vertex  4.667867e-02  2.591710e-01  6.675011e-03
     vertex  4.507891e-02  2.583595e-01  7.276517e-03
     vertex  4.630727e-02  2.583595e-01  9.972811e-03
   endloop
 endfacet
 facet normal -4.227567e-01  8.193207e-01  3.872859e-01
   outer loop
     vertex  4.933996e-02  2.591710e-01  1.156642e-02
     vertex  4.630727e-02  2.583595e-01  9.972811e-03
     vertex  5.350759e-02  2.583595e-01  1.783259e-02
   endloop
 endfacet
 facet normal -2.183220e-01  9.726070e-01 -7.981914e-02
   outer loop
     vertex  4.933996e-02  2.591710e-01  1.156642e-02
     vertex  5.043037e-02  2.593496e-01  1.075978e-02
     vertex  4.630727e-02  2.583595e-01  9.972811e-03
   endloop
 endfacet
 facet normal -2.987285e-01  9.007346e-01  3.153387e-01
   outer loop
     vertex  5.444826e-02  2.591710e-01  1.640565e-02
     vertex  4.933996e-02  2.591710e-01  1.156642e-02
     vertex  5.350759e-02  2.583595e-01  1.783259e-02
   endloop
 endfacet
 facet normal -2.116608e-01  9.029537e-01  3.739978e-01
   outer loop
     vertex  5.444826e-02  2.591710e-01  1.640565e-02
     vertex  5.350759e-02  2.583595e-01  1.783259e-02
     vertex  5.608619e-02  2.583595e-01  1.929193e-02
   endloop
 endfacet
 facet normal -1.989959e-02  9.987547e-01  4.574994e-02
   outer loop
     vertex  5.444826e-02  2.591710e-01  1.640565e-02
     vertex  6.766224e-02  2.593496e-01  1.825502e-02
     vertex  5.043037e-02  2.593496e-01  1.075978e-02
   endloop
 endfacet
 facet normal -9.114292e-02  9.911793e-01  9.621072e-02
   outer loop
     vertex  5.444826e-02  2.591710e-01  1.640565e-02
     vertex  5.043037e-02  2.593496e-01  1.075978e-02
     vertex  4.933996e-02  2.591710e-01  1.156642e-02
   endloop
 endfacet
 facet normal -8.671613e-02  9.451372e-01  3.149539e-01
   outer loop
     vertex  6.645351e-02  2.591710e-01  1.971105e-02
     vertex  5.444826e-02  2.591710e-01  1.640565e-02
     vertex  5.608619e-02  2.583595e-01  1.929193e-02
   endloop
 endfacet
 facet normal  3.036907e-02  9.238017e-01  3.816650e-01
   outer loop
     vertex  6.645351e-02  2.591710e-01  1.971105e-02
     vertex  6.795853e-02  2.586475e-01  2.085848e-02
     vertex  6.781561e-02  2.591710e-01  1.960267e-02
   endloop
 endfacet
 facet normal  1.035910e-02  9.914351e-01  1.301885e-01
   outer loop
     vertex  6.645351e-02  2.591710e-01  1.971105e-02
     vertex  6.781561e-02  2.591710e-01  1.960267e-02
     vertex  6.766224e-02  2.593496e-01  1.825502e-02
   endloop
 endfacet
 facet normal -2.733814e-02  9.946827e-01  9.929241e-02
   outer loop
     vertex  6.645351e-02  2.591710e-01  1.971105e-02
     vertex  6.766224e-02  2.593496e-01  1.825502e-02
     vertex  5.444826e-02  2.591710e-01  1.640565e-02
   endloop
 endfacet
 facet normal -1.358881e-02  9.028415e-01  4.297587e-01
   outer loop
     vertex  6.645351e-02  2.591710e-01  1.971105e-02
     vertex  6.653123e-02  2.583595e-01  2.141839e-02
     vertex  6.795853e-02  2.586475e-01  2.085848e-02
   endloop
 endfacet
 facet normal -8.772353e-02  8.981290e-01  4.308932e-01
   outer loop
     vertex  6.645351e-02  2.591710e-01  1.971105e-02
     vertex  5.608619e-02  2.583595e-01  1.929193e-02
     vertex  6.653123e-02  2.583595e-01  2.141839e-02
   endloop
 endfacet
 facet normal  4.846979e-01  0.000000e+00  8.746816e-01
   outer loop
     vertex  1.481729e-02  2.419644e-01  4.547628e-02
     vertex  4.292457e-03  2.194367e-01  5.130853e-02
     vertex  1.481729e-02  2.146783e-01  4.547628e-02
   endloop
 endfacet
 facet normal  4.846979e-01  8.354630e-13  8.746816e-01
   outer loop
     vertex  4.292457e-03  2.491925e-01  5.130853e-02
     vertex  4.292457e-03  2.194367e-01  5.130853e-02
     vertex  1.481729e-02  2.419644e-01  4.547628e-02
   endloop
 endfacet
 facet normal  5.198326e-01  6.994445e-02  8.513999e-01
   outer loop
     vertex  4.422077e-03  2.501857e-01  5.114780e-02
     vertex  4.292457e-03  2.491925e-01  5.130853e-02
     vertex  1.481729e-02  2.419644e-01  4.547628e-02
   endloop
 endfacet
 facet normal  9.612265e-01  2.872424e-13  2.757601e-01
   outer loop
     vertex  1.172617e-01  2.194367e-01  6.082908e-02
     vertex  1.252725e-01  2.146783e-01  3.290579e-02
     vertex  1.252725e-01  2.419644e-01  3.290579e-02
   endloop
 endfacet
 facet normal  9.612265e-01  0.000000e+00  2.757601e-01
   outer loop
     vertex  1.172617e-01  2.491925e-01  6.082908e-02
     vertex  1.172617e-01  2.194367e-01  6.082908e-02
     vertex  1.252725e-01  2.419644e-01  3.290579e-02
   endloop
 endfacet
 facet normal  9.563709e-01  1.843542e-01  2.266455e-01
   outer loop
     vertex  1.171010e-01  2.501857e-01  6.069946e-02
     vertex  1.172617e-01  2.491925e-01  6.082908e-02
     vertex  1.252725e-01  2.419644e-01  3.290579e-02
   endloop
 endfacet
 facet normal  7.825287e-01 -1.799677e-12  6.226146e-01
   outer loop
     vertex  5.880533e-02  2.194367e-01  7.946551e-02
     vertex  7.264832e-02  2.119916e-01  6.206706e-02
     vertex  7.264832e-02  2.367079e-01  6.206706e-02
   endloop
 endfacet
 facet normal  7.825287e-01 -5.946980e-13  6.226146e-01
   outer loop
     vertex  5.880533e-02  2.491925e-01  7.946551e-02
     vertex  5.880533e-02  2.194367e-01  7.946551e-02
     vertex  7.264832e-02  2.367079e-01  6.206706e-02
   endloop
 endfacet
 facet normal  8.199234e-01  1.332531e-01  5.567488e-01
   outer loop
     vertex  5.878333e-02  2.501857e-01  7.926020e-02
     vertex  5.880533e-02  2.491925e-01  7.946551e-02
     vertex  7.264832e-02  2.367079e-01  6.206706e-02
   endloop
 endfacet
 facet normal -3.047427e-01  3.802061e-13 -9.524347e-01
   outer loop
     vertex  1.544398e-01  3.694005e-01  1.600167e-01
     vertex  8.627763e-02  2.982039e-01  1.818259e-01
     vertex  8.627763e-02  3.694005e-01  1.818259e-01
   endloop
 endfacet
 facet normal -3.047427e-01  7.604249e-13 -9.524347e-01
   outer loop
     vertex  1.544398e-01  3.694005e-01  1.600167e-01
     vertex  1.544398e-01  2.982039e-01  1.600167e-01
     vertex  8.627763e-02  2.982039e-01  1.818259e-01
   endloop
 endfacet
 facet normal -6.460265e-01  3.047158e-13 -7.633150e-01
   outer loop
     vertex  2.090673e-01  3.694005e-01  1.137830e-01
     vertex  2.090673e-01  2.982039e-01  1.137830e-01
     vertex  1.544398e-01  2.982039e-01  1.600167e-01
   endloop
 endfacet
 facet normal -6.460265e-01  6.095044e-13 -7.633150e-01
   outer loop
     vertex  2.090673e-01  3.694005e-01  1.137830e-01
     vertex  1.544398e-01  2.982039e-01  1.600167e-01
     vertex  1.544398e-01  3.694005e-01  1.600167e-01
   endloop
 endfacet
 facet normal -8.889587e-01 -1.828288e-13 -4.579874e-01
   outer loop
     vertex  2.418438e-01  3.694005e-01  5.016358e-02
     vertex  2.418438e-01  2.982039e-01  5.016358e-02
     vertex  2.090673e-01  2.982039e-01  1.137830e-01
   endloop
 endfacet
 facet normal -8.889587e-01  1.828258e-13 -4.579874e-01
   outer loop
     vertex  2.418438e-01  3.694005e-01  5.016358e-02
     vertex  2.090673e-01  2.982039e-01  1.137830e-01
     vertex  2.090673e-01  3.694005e-01  1.137830e-01
   endloop
 endfacet
 facet normal -9.965549e-01 -0.000000e+00 -8.293548e-02
   outer loop
     vertex  2.477791e-01  3.694005e-01 -2.115609e-02
     vertex  2.477791e-01  2.982039e-01 -2.115609e-02
     vertex  2.418438e-01  2.982039e-01  5.016358e-02
   endloop
 endfacet
 facet normal -9.965549e-01 -3.310951e-14 -8.293548e-02
   outer loop
     vertex  2.477791e-01  3.694005e-01 -2.115609e-02
     vertex  2.418438e-01  2.982039e-01  5.016358e-02
     vertex  2.418438e-01  3.694005e-01  5.016358e-02
   endloop
 endfacet
 facet normal -9.524347e-01  3.649603e-13  3.047427e-01
   outer loop
     vertex  2.259699e-01  3.694005e-01 -8.931824e-02
     vertex  2.259699e-01  2.982039e-01 -8.931824e-02
     vertex  2.477791e-01  2.982039e-01 -2.115609e-02
   endloop
 endfacet
 facet normal -9.524347e-01  0.000000e+00  3.047427e-01
   outer loop
     vertex  2.259699e-01  3.694005e-01 -8.931824e-02
     vertex  2.477791e-01  2.982039e-01 -2.115609e-02
     vertex  2.477791e-01  3.694005e-01 -2.115609e-02
   endloop
 endfacet
 facet normal -7.633150e-01 -5.157883e-13  6.460265e-01
   outer loop
     vertex  1.797362e-01  3.694005e-01 -1.439458e-01
     vertex  1.797362e-01  2.982039e-01 -1.439458e-01
     vertex  2.259699e-01  2.982039e-01 -8.931824e-02
   endloop
 endfacet
 facet normal -7.633150e-01  7.736901e-13  6.460265e-01
   outer loop
     vertex  1.797362e-01  3.694005e-01 -1.439458e-01
     vertex  2.259699e-01  2.982039e-01 -8.931824e-02
     vertex  2.259699e-01  3.694005e-01 -8.931824e-02
   endloop
 endfacet
 facet normal -4.579874e-01  3.548728e-13  8.889587e-01
   outer loop
     vertex  1.161168e-01  3.694005e-01 -1.767222e-01
     vertex  1.161168e-01  2.982039e-01 -1.767222e-01
     vertex  1.797362e-01  2.982039e-01 -1.439458e-01
   endloop
 endfacet
 facet normal -4.579874e-01 -7.097691e-13  8.889587e-01
   outer loop
     vertex  1.161168e-01  3.694005e-01 -1.767222e-01
     vertex  1.797362e-01  2.982039e-01 -1.439458e-01
     vertex  1.797362e-01  3.694005e-01 -1.439458e-01
   endloop
 endfacet
 facet normal -8.293548e-02 -3.978253e-13  9.965549e-01
   outer loop
     vertex  4.479713e-02  3.694005e-01 -1.826576e-01
     vertex  4.479713e-02  2.982039e-01 -1.826576e-01
     vertex  1.161168e-01  2.982039e-01 -1.767222e-01
   endloop
 endfacet
 facet normal -8.293548e-02  3.978248e-13  9.965549e-01
   outer loop
     vertex  4.479713e-02  3.694005e-01 -1.826576e-01
     vertex  1.161168e-01  2.982039e-01 -1.767222e-01
     vertex  1.161168e-01  3.694005e-01 -1.767222e-01
   endloop
 endfacet
 facet normal -3.047427e-01  3.221274e-13 -9.524347e-01
   outer loop
     vertex -2.971519e-02  3.746410e-01 -1.723078e-01
     vertex  4.331568e-02  2.906065e-01 -1.956749e-01
     vertex -2.971519e-02  2.906065e-01 -1.723078e-01
   endloop
 endfacet
 facet normal -3.047427e-01  0.000000e+00 -9.524347e-01
   outer loop
     vertex -2.971519e-02  3.746410e-01 -1.723078e-01
     vertex  4.331568e-02  3.746410e-01 -1.956749e-01
     vertex  4.331568e-02  2.906065e-01 -1.956749e-01
   endloop
 endfacet
 facet normal -6.460265e-01 -0.000000e+00 -7.633150e-01
   outer loop
     vertex -8.824473e-02  3.746410e-01 -1.227717e-01
     vertex -2.971519e-02  2.906065e-01 -1.723078e-01
     vertex -8.824473e-02  2.906065e-01 -1.227717e-01
   endloop
 endfacet
 facet normal -6.460265e-01  2.581111e-13 -7.633150e-01
   outer loop
     vertex -8.824473e-02  3.746410e-01 -1.227717e-01
     vertex -2.971519e-02  3.746410e-01 -1.723078e-01
     vertex -2.971519e-02  2.906065e-01 -1.723078e-01
   endloop
 endfacet
 facet normal -8.889587e-01 -0.000000e+00 -4.579874e-01
   outer loop
     vertex -1.233623e-01  3.746410e-01 -5.460806e-02
     vertex -8.824473e-02  2.906065e-01 -1.227717e-01
     vertex -1.233623e-01  2.906065e-01 -5.460806e-02
   endloop
 endfacet
 facet normal -8.889587e-01  0.000000e+00 -4.579874e-01
   outer loop
     vertex -1.233623e-01  3.746410e-01 -5.460806e-02
     vertex -8.824473e-02  3.746410e-01 -1.227717e-01
     vertex -8.824473e-02  2.906065e-01 -1.227717e-01
   endloop
 endfacet
 facet normal -9.965549e-01  2.805000e-14 -8.293548e-02
   outer loop
     vertex -1.297217e-01  3.746410e-01  2.180586e-02
     vertex -1.233623e-01  2.906065e-01 -5.460806e-02
     vertex -1.297217e-01  2.906065e-01  2.180586e-02
   endloop
 endfacet
 facet normal -9.965549e-01  0.000000e+00 -8.293548e-02
   outer loop
     vertex -1.297217e-01  3.746410e-01  2.180586e-02
     vertex -1.233623e-01  3.746410e-01 -5.460806e-02
     vertex -1.233623e-01  2.906065e-01 -5.460806e-02
   endloop
 endfacet
 facet normal -9.524347e-01 -1.030685e-13  3.047427e-01
   outer loop
     vertex -1.063546e-01  3.746410e-01  9.483673e-02
     vertex -1.297217e-01  2.906065e-01  2.180586e-02
     vertex -1.063546e-01  2.906065e-01  9.483673e-02
   endloop
 endfacet
 facet normal -9.524347e-01 -1.030762e-13  3.047427e-01
   outer loop
     vertex -1.063546e-01  3.746410e-01  9.483673e-02
     vertex -1.297217e-01  3.746410e-01  2.180586e-02
     vertex -1.297217e-01  2.906065e-01  2.180586e-02
   endloop
 endfacet
 facet normal -7.633150e-01  0.000000e+00  6.460265e-01
   outer loop
     vertex -5.681850e-02  3.746410e-01  1.533663e-01
     vertex -1.063546e-01  2.906065e-01  9.483673e-02
     vertex -5.681850e-02  2.906065e-01  1.533663e-01
   endloop
 endfacet
 facet normal -7.633150e-01 -2.184690e-13  6.460265e-01
   outer loop
     vertex -5.681850e-02  3.746410e-01  1.533663e-01
     vertex -1.063546e-01  3.746410e-01  9.483673e-02
     vertex -1.063546e-01  2.906065e-01  9.483673e-02
   endloop
 endfacet
 facet normal -4.579874e-01  0.000000e+00  8.889587e-01
   outer loop
     vertex  1.134515e-02  3.746410e-01  1.884839e-01
     vertex -5.681850e-02  2.906065e-01  1.533663e-01
     vertex  1.134515e-02  2.906065e-01  1.884839e-01
   endloop
 endfacet
 facet normal -4.579874e-01  0.000000e+00  8.889587e-01
   outer loop
     vertex  1.134515e-02  3.746410e-01  1.884839e-01
     vertex -5.681850e-02  3.746410e-01  1.533663e-01
     vertex -5.681850e-02  2.906065e-01  1.533663e-01
   endloop
 endfacet
 facet normal -8.293548e-02  0.000000e+00  9.965549e-01
   outer loop
     vertex  8.775907e-02  3.746410e-01  1.948432e-01
     vertex  1.134515e-02  2.906065e-01  1.884839e-01
     vertex  8.775907e-02  2.906065e-01  1.948432e-01
   endloop
 endfacet
 facet normal -8.293548e-02  0.000000e+00  9.965549e-01
   outer loop
     vertex  8.775907e-02  3.746410e-01  1.948432e-01
     vertex  1.134515e-02  3.746410e-01  1.884839e-01
     vertex  1.134515e-02  2.906065e-01  1.884839e-01
   endloop
 endfacet
 facet normal -2.277095e-01 -7.264224e-01 -6.484280e-01
   outer loop
     vertex -2.971519e-02  2.906065e-01 -1.723078e-01
     vertex  4.627857e-02  2.644039e-01 -1.696403e-01
     vertex -2.523797e-02  2.644039e-01 -1.445258e-01
   endloop
 endfacet
 facet normal -2.175657e-01 -7.002145e-01 -6.799741e-01
   outer loop
     vertex -2.971519e-02  2.906065e-01 -1.723078e-01
     vertex  4.331568e-02  2.906065e-01 -1.956749e-01
     vertex  4.627857e-02  2.644039e-01 -1.696403e-01
   endloop
 endfacet
 facet normal -4.724536e-01 -7.446960e-01 -4.713974e-01
   outer loop
     vertex -8.824473e-02  2.906065e-01 -1.227717e-01
     vertex -2.523797e-02  2.644039e-01 -1.445258e-01
     vertex -7.877533e-02  2.644039e-01 -9.086845e-02
   endloop
 endfacet
 facet normal -4.754991e-01 -6.769418e-01 -5.618277e-01
   outer loop
     vertex -8.824473e-02  2.906065e-01 -1.227717e-01
     vertex -2.971519e-02  2.906065e-01 -1.723078e-01
     vertex -2.523797e-02  2.644039e-01 -1.445258e-01
   endloop
 endfacet
 facet normal -6.192395e-01 -7.549357e-01 -2.159038e-01
   outer loop
     vertex -1.233623e-01  2.906065e-01 -5.460806e-02
     vertex -7.877533e-02  2.644039e-01 -9.086845e-02
     vertex -1.037298e-01  2.644039e-01 -1.929588e-02
   endloop
 endfacet
 facet normal -6.677208e-01 -6.601578e-01 -3.440067e-01
   outer loop
     vertex -1.233623e-01  2.906065e-01 -5.460806e-02
     vertex -8.824473e-02  2.906065e-01 -1.227717e-01
     vertex -7.877533e-02  2.644039e-01 -9.086845e-02
   endloop
 endfacet
 facet normal -7.561536e-01 -6.513614e-01 -6.292875e-02
   outer loop
     vertex -1.297217e-01  2.906065e-01  2.180586e-02
     vertex -1.233623e-01  2.906065e-01 -5.460806e-02
     vertex -1.037298e-01  2.644039e-01 -1.929588e-02
   endloop
 endfacet
 facet normal -6.478003e-01 -7.582345e-01  7.372372e-02
   outer loop
     vertex -9.515883e-02  2.644039e-01  5.601610e-02
     vertex -1.297217e-01  2.906065e-01  2.180586e-02
     vertex -1.037298e-01  2.644039e-01 -1.929588e-02
   endloop
 endfacet
 facet normal -7.226766e-01 -6.513614e-01  2.312289e-01
   outer loop
     vertex -1.063546e-01  2.906065e-01  9.483673e-02
     vertex -1.297217e-01  2.906065e-01  2.180586e-02
     vertex -9.515883e-02  2.644039e-01  5.601610e-02
   endloop
 endfacet
 facet normal -5.548900e-01 -7.549357e-01  3.495271e-01
   outer loop
     vertex -5.476000e-02  2.644039e-01  1.201511e-01
     vertex -1.063546e-01  2.906065e-01  9.483673e-02
     vertex -9.515883e-02  2.644039e-01  5.601610e-02
   endloop
 endfacet
 facet normal -5.733464e-01 -6.601578e-01  4.852479e-01
   outer loop
     vertex -5.681850e-02  2.906065e-01  1.533663e-01
     vertex -1.063546e-01  2.906065e-01  9.483673e-02
     vertex -5.476000e-02  2.644039e-01  1.201511e-01
   endloop
 endfacet
 facet normal -3.544477e-01 -7.446960e-01  5.655040e-01
   outer loop
     vertex  9.465201e-03  2.644039e-01  1.604063e-01
     vertex -5.681850e-02  2.906065e-01  1.533663e-01
     vertex -5.476000e-02  2.644039e-01  1.201511e-01
   endloop
 endfacet
 facet normal -3.370955e-01 -6.769418e-01  6.543060e-01
   outer loop
     vertex  1.134515e-02  2.906065e-01  1.884839e-01
     vertex -5.681850e-02  2.906065e-01  1.533663e-01
     vertex  9.465201e-03  2.644039e-01  1.604063e-01
   endloop
 endfacet
 facet normal -7.618320e-02 -7.264224e-01  6.830128e-01
   outer loop
     vertex  8.479618e-02  2.644039e-01  1.688087e-01
     vertex  1.134515e-02  2.906065e-01  1.884839e-01
     vertex  9.465201e-03  2.644039e-01  1.604063e-01
   endloop
 endfacet
 facet normal -5.921033e-02 -7.002145e-01  7.114730e-01
   outer loop
     vertex  8.775907e-02  2.906065e-01  1.948432e-01
     vertex  1.134515e-02  2.906065e-01  1.884839e-01
     vertex  8.479618e-02  2.644039e-01  1.688087e-01
   endloop
 endfacet
 facet normal -3.313350e-01  2.219846e-13 -9.435132e-01
   outer loop
     vertex -2.523797e-02  2.644039e-01 -1.445258e-01
     vertex  4.627857e-02  2.279920e-02 -1.696403e-01
     vertex -2.523797e-02  2.279920e-02 -1.445258e-01
   endloop
 endfacet
 facet normal -3.313350e-01  0.000000e+00 -9.435132e-01
   outer loop
     vertex -2.523797e-02  2.644039e-01 -1.445258e-01
     vertex  4.627857e-02  2.644039e-01 -1.696403e-01
     vertex  4.627857e-02  2.279920e-02 -1.696403e-01
   endloop
 endfacet
 facet normal -7.078976e-01 -0.000000e+00 -7.063151e-01
   outer loop
     vertex -7.877533e-02  2.644039e-01 -9.086845e-02
     vertex -2.523797e-02  2.279920e-02 -1.445258e-01
     vertex -7.877533e-02  2.279920e-02 -9.086845e-02
   endloop
 endfacet
 facet normal -7.078976e-01  1.661957e-13 -7.063151e-01
   outer loop
     vertex -7.877533e-02  2.644039e-01 -9.086845e-02
     vertex -2.523797e-02  2.644039e-01 -1.445258e-01
     vertex -2.523797e-02  2.279920e-02 -1.445258e-01
   endloop
 endfacet
 facet normal -9.442523e-01  3.872885e-14 -3.292227e-01
   outer loop
     vertex -1.037298e-01  2.644039e-01 -1.929588e-02
     vertex -7.877533e-02  2.279920e-02 -9.086845e-02
     vertex -1.037298e-01  2.279920e-02 -1.929588e-02
   endloop
 endfacet
 facet normal -9.442523e-01  0.000000e+00 -3.292227e-01
   outer loop
     vertex -1.037298e-01  2.644039e-01 -1.929588e-02
     vertex -7.877533e-02  2.644039e-01 -9.086845e-02
     vertex -7.877533e-02  2.279920e-02 -9.086845e-02
   endloop
 endfacet
 facet normal -9.935863e-01  1.330199e-14  1.130763e-01
   outer loop
     vertex -9.515883e-02  2.644039e-01  5.601610e-02
     vertex -1.037298e-01  2.279920e-02 -1.929588e-02
     vertex -9.515883e-02  2.279920e-02  5.601610e-02
   endloop
 endfacet
 facet normal -9.935863e-01 -1.330300e-14  1.130763e-01
   outer loop
     vertex -9.515883e-02  2.644039e-01  5.601610e-02
     vertex -1.037298e-01  2.644039e-01 -1.929588e-02
     vertex -1.037298e-01  2.279920e-02 -1.929588e-02
   endloop
 endfacet
 facet normal -8.461283e-01  1.253964e-13  5.329792e-01
   outer loop
     vertex -5.476000e-02  2.644039e-01  1.201511e-01
     vertex -9.515883e-02  2.279920e-02  5.601610e-02
     vertex -5.476000e-02  2.279920e-02  1.201511e-01
   endloop
 endfacet
 facet normal -8.461283e-01  6.268453e-14  5.329792e-01
   outer loop
     vertex -5.476000e-02  2.644039e-01  1.201511e-01
     vertex -9.515883e-02  2.644039e-01  5.601610e-02
     vertex -9.515883e-02  2.279920e-02  5.601610e-02
   endloop
 endfacet
 facet normal -5.310843e-01  9.967627e-14  8.473190e-01
   outer loop
     vertex  9.465201e-03  2.644039e-01  1.604063e-01
     vertex -5.476000e-02  2.279920e-02  1.201511e-01
     vertex  9.465201e-03  2.279920e-02  1.604063e-01
   endloop
 endfacet
 facet normal -5.310843e-01  1.993496e-13  8.473190e-01
   outer loop
     vertex  9.465201e-03  2.644039e-01  1.604063e-01
     vertex -5.476000e-02  2.644039e-01  1.201511e-01
     vertex -5.476000e-02  2.279920e-02  1.201511e-01
   endloop
 endfacet
 facet normal -1.108525e-01  0.000000e+00  9.938369e-01
   outer loop
     vertex  8.479618e-02  2.644039e-01  1.688087e-01
     vertex  9.465201e-03  2.279920e-02  1.604063e-01
     vertex  8.479618e-02  2.279920e-02  1.688087e-01
   endloop
 endfacet
 facet normal -1.108525e-01  1.169089e-13  9.938369e-01
   outer loop
     vertex  8.479618e-02  2.644039e-01  1.688087e-01
     vertex  9.465201e-03  2.644039e-01  1.604063e-01
     vertex  9.465201e-03  2.279920e-02  1.604063e-01
   endloop
 endfacet
 facet normal -6.892289e-02  7.832132e-01  6.179213e-01
   outer loop
     vertex  1.134515e-02  8.126118e-04  1.884839e-01
     vertex  8.479618e-02  2.279920e-02  1.688087e-01
     vertex  9.465201e-03  2.279920e-02  1.604063e-01
   endloop
 endfacet
 facet normal -5.391539e-02  7.598586e-01  6.478487e-01
   outer loop
     vertex  1.134515e-02  8.126118e-04  1.884839e-01
     vertex  8.775907e-02  8.126118e-04  1.948432e-01
     vertex  8.479618e-02  2.279920e-02  1.688087e-01
   endloop
 endfacet
 facet normal -3.191962e-01  7.992285e-01  5.092618e-01
   outer loop
     vertex -5.681850e-02  8.126118e-04  1.533663e-01
     vertex  9.465201e-03  2.279920e-02  1.604063e-01
     vertex -5.476000e-02  2.279920e-02  1.201511e-01
   endloop
 endfacet
 facet normal -3.086790e-01  7.387405e-01  5.991492e-01
   outer loop
     vertex -5.681850e-02  8.126118e-04  1.533663e-01
     vertex  1.134515e-02  8.126118e-04  1.884839e-01
     vertex  9.465201e-03  2.279920e-02  1.604063e-01
   endloop
 endfacet
 facet normal -4.984009e-01  8.081061e-01  3.139445e-01
   outer loop
     vertex -1.063546e-01  8.126118e-04  9.483673e-02
     vertex -5.476000e-02  2.279920e-02  1.201511e-01
     vertex -9.515883e-02  2.279920e-02  5.601610e-02
   endloop
 endfacet
 facet normal -5.271028e-01  7.232901e-01  4.461099e-01
   outer loop
     vertex -1.063546e-01  8.126118e-04  9.483673e-02
     vertex -5.681850e-02  8.126118e-04  1.533663e-01
     vertex -5.476000e-02  2.279920e-02  1.201511e-01
   endloop
 endfacet
 facet normal -6.657543e-01  7.151192e-01  2.130159e-01
   outer loop
     vertex -1.297217e-01  8.126118e-04  2.180586e-02
     vertex -1.063546e-01  8.126118e-04  9.483673e-02
     vertex -9.515883e-02  2.279920e-02  5.601610e-02
   endloop
 endfacet
 facet normal -5.813610e-01  8.109512e-01  6.616251e-02
   outer loop
     vertex -1.037298e-01  2.279920e-02 -1.929588e-02
     vertex -1.297217e-01  8.126118e-04  2.180586e-02
     vertex -9.515883e-02  2.279920e-02  5.601610e-02
   endloop
 endfacet
 facet normal -6.965944e-01  7.151192e-01 -5.797211e-02
   outer loop
     vertex -1.233623e-01  8.126118e-04 -5.460806e-02
     vertex -1.297217e-01  8.126118e-04  2.180586e-02
     vertex -1.037298e-01  2.279920e-02 -1.929588e-02
   endloop
 endfacet
 facet normal -5.561995e-01  8.081061e-01 -1.939243e-01
   outer loop
     vertex -7.877533e-02  2.279920e-02 -9.086845e-02
     vertex -1.233623e-01  8.126118e-04 -5.460806e-02
     vertex -1.037298e-01  2.279920e-02 -1.929588e-02
   endloop
 endfacet
 facet normal -6.138654e-01  7.232901e-01 -3.162606e-01
   outer loop
     vertex -8.824473e-02  8.126118e-04 -1.227717e-01
     vertex -1.233623e-01  8.126118e-04 -5.460806e-02
     vertex -7.877533e-02  2.279920e-02 -9.086845e-02
   endloop
 endfacet
 facet normal -4.254657e-01  7.992285e-01 -4.245147e-01
   outer loop
     vertex -2.523797e-02  2.279920e-02 -1.445258e-01
     vertex -8.824473e-02  8.126118e-04 -1.227717e-01
     vertex -7.877533e-02  2.279920e-02 -9.086845e-02
   endloop
 endfacet
 facet normal -4.354154e-01  7.387405e-01 -5.144666e-01
   outer loop
     vertex -2.971519e-02  8.126118e-04 -1.723078e-01
     vertex -8.824473e-02  8.126118e-04 -1.227717e-01
     vertex -2.523797e-02  2.279920e-02 -1.445258e-01
   endloop
 endfacet
 facet normal -2.060086e-01  7.832132e-01 -5.866324e-01
   outer loop
     vertex  4.627857e-02  2.279920e-02 -1.696403e-01
     vertex -2.971519e-02  8.126118e-04 -1.723078e-01
     vertex -2.523797e-02  2.279920e-02 -1.445258e-01
   endloop
 endfacet
 facet normal -1.981097e-01  7.598586e-01 -6.191667e-01
   outer loop
     vertex  4.331568e-02  8.126118e-04 -1.956749e-01
     vertex -2.971519e-02  8.126118e-04 -1.723078e-01
     vertex  4.627857e-02  2.279920e-02 -1.696403e-01
   endloop
 endfacet
 facet normal -3.047427e-01 -1.675536e-12 -9.524347e-01
   outer loop
     vertex -2.971519e-02  8.126118e-04 -1.723078e-01
     vertex  4.331568e-02 -3.149922e-02 -1.956749e-01
     vertex -2.971519e-02 -3.149922e-02 -1.723078e-01
   endloop
 endfacet
 facet normal -3.047427e-01  0.000000e+00 -9.524347e-01
   outer loop
     vertex -2.971519e-02  8.126118e-04 -1.723078e-01
     vertex  4.331568e-02  8.126118e-04 -1.956749e-01
     vertex  4.331568e-02 -3.149922e-02 -1.956749e-01
   endloop
 endfacet
 facet normal -6.460265e-01 -0.000000e+00 -7.633150e-01
   outer loop
     vertex -8.824473e-02  8.126118e-04 -1.227717e-01
     vertex -2.971519e-02 -3.149922e-02 -1.723078e-01
     vertex -8.824473e-02 -3.149922e-02 -1.227717e-01
   endloop
 endfacet
 facet normal -6.460265e-01 -1.342907e-12 -7.633150e-01
   outer loop
     vertex -8.824473e-02  8.126118e-04 -1.227717e-01
     vertex -2.971519e-02  8.126118e-04 -1.723078e-01
     vertex -2.971519e-02 -3.149922e-02 -1.723078e-01
   endloop
 endfacet
 facet normal -8.889587e-01  8.056979e-13 -4.579874e-01
   outer loop
     vertex -1.233623e-01  8.126118e-04 -5.460806e-02
     vertex -8.824473e-02 -3.149922e-02 -1.227717e-01
     vertex -1.233623e-01 -3.149922e-02 -5.460806e-02
   endloop
 endfacet
 facet normal -8.889587e-01  0.000000e+00 -4.579874e-01
   outer loop
     vertex -1.233623e-01  8.126118e-04 -5.460806e-02
     vertex -8.824473e-02  8.126118e-04 -1.227717e-01
     vertex -8.824473e-02 -3.149922e-02 -1.227717e-01
   endloop
 endfacet
 facet normal -9.965549e-01 -1.459012e-13 -8.293548e-02
   outer loop
     vertex -1.297217e-01  8.126118e-04  2.180586e-02
     vertex -1.233623e-01 -3.149922e-02 -5.460806e-02
     vertex -1.297217e-01 -3.149922e-02  2.180586e-02
   endloop
 endfacet
 facet normal -9.965549e-01  1.458959e-13 -8.293548e-02
   outer loop
     vertex -1.297217e-01  8.126118e-04  2.180586e-02
     vertex -1.233623e-01  8.126118e-04 -5.460806e-02
     vertex -1.233623e-01 -3.149922e-02 -5.460806e-02
   endloop
 endfacet
 facet normal -9.524347e-01  5.361075e-13  3.047427e-01
   outer loop
     vertex -1.063546e-01  8.126118e-04  9.483673e-02
     vertex -1.297217e-01 -3.149922e-02  2.180586e-02
     vertex -1.063546e-01 -3.149922e-02  9.483673e-02
   endloop
 endfacet
 facet normal -9.524347e-01  5.360602e-13  3.047427e-01
   outer loop
     vertex -1.063546e-01  8.126118e-04  9.483673e-02
     vertex -1.297217e-01  8.126118e-04  2.180586e-02
     vertex -1.297217e-01 -3.149922e-02  2.180586e-02
   endloop
 endfacet
 facet normal -7.633150e-01  0.000000e+00  6.460265e-01
   outer loop
     vertex -5.681850e-02  8.126118e-04  1.533663e-01
     vertex -1.063546e-01 -3.149922e-02  9.483673e-02
     vertex -5.681850e-02 -3.149922e-02  1.533663e-01
   endloop
 endfacet
 facet normal -7.633150e-01  1.136535e-12  6.460265e-01
   outer loop
     vertex -5.681850e-02  8.126118e-04  1.533663e-01
     vertex -1.063546e-01  8.126118e-04  9.483673e-02
     vertex -1.063546e-01 -3.149922e-02  9.483673e-02
   endloop
 endfacet
 facet normal -4.579874e-01  0.000000e+00  8.889587e-01
   outer loop
     vertex  1.134515e-02  8.126118e-04  1.884839e-01
     vertex -5.681850e-02 -3.149922e-02  1.533663e-01
     vertex  1.134515e-02 -3.149922e-02  1.884839e-01
   endloop
 endfacet
 facet normal -4.579874e-01  0.000000e+00  8.889587e-01
   outer loop
     vertex  1.134515e-02  8.126118e-04  1.884839e-01
     vertex -5.681850e-02  8.126118e-04  1.533663e-01
     vertex -5.681850e-02 -3.149922e-02  1.533663e-01
   endloop
 endfacet
 facet normal -8.293548e-02  0.000000e+00  9.965549e-01
   outer loop
     vertex  8.775907e-02  8.126118e-04  1.948432e-01
     vertex  1.134515e-02 -3.149922e-02  1.884839e-01
     vertex  8.775907e-02 -3.149922e-02  1.948432e-01
   endloop
 endfacet
 facet normal -8.293548e-02  0.000000e+00  9.965549e-01
   outer loop
     vertex  8.775907e-02  8.126118e-04  1.948432e-01
     vertex  1.134515e-02  8.126118e-04  1.884839e-01
     vertex  1.134515e-02 -3.149922e-02  1.884839e-01
   endloop
 endfacet
 facet normal -3.047427e-01 -2.066275e-12 -9.524347e-01
   outer loop
     vertex  1.544398e-01 -5.296623e-03  1.600167e-01
     vertex  8.627763e-02 -3.149922e-02  1.818259e-01
     vertex  8.627763e-02 -5.296623e-03  1.818259e-01
   endloop
 endfacet
 facet normal -3.047427e-01 -3.099291e-12 -9.524347e-01
   outer loop
     vertex  1.544398e-01 -5.296623e-03  1.600167e-01
     vertex  1.544398e-01 -3.149922e-02  1.600167e-01
     vertex  8.627763e-02 -3.149922e-02  1.818259e-01
   endloop
 endfacet
 facet normal -6.460265e-01  8.279606e-13 -7.633150e-01
   outer loop
     vertex  2.090673e-01 -5.296623e-03  1.137830e-01
     vertex  2.090673e-01 -3.149922e-02  1.137830e-01
     vertex  1.544398e-01 -3.149922e-02  1.600167e-01
   endloop
 endfacet
 facet normal -6.460265e-01 -2.483832e-12 -7.633150e-01
   outer loop
     vertex  2.090673e-01 -5.296623e-03  1.137830e-01
     vertex  1.544398e-01 -3.149922e-02  1.600167e-01
     vertex  1.544398e-01 -5.296623e-03  1.600167e-01
   endloop
 endfacet
 facet normal -8.889587e-01 -0.000000e+00 -4.579874e-01
   outer loop
     vertex  2.418438e-01 -5.296623e-03  5.016358e-02
     vertex  2.418438e-01 -3.149922e-02  5.016358e-02
     vertex  2.090673e-01 -3.149922e-02  1.137830e-01
   endloop
 endfacet
 facet normal -8.889587e-01  4.967664e-13 -4.579874e-01
   outer loop
     vertex  2.418438e-01 -5.296623e-03  5.016358e-02
     vertex  2.090673e-01 -3.149922e-02  1.137830e-01
     vertex  2.090673e-01 -5.296623e-03  1.137830e-01
   endloop
 endfacet
 facet normal -9.965549e-01 -8.995934e-14 -8.293548e-02
   outer loop
     vertex  2.477791e-01 -5.296623e-03 -2.115609e-02
     vertex  2.477791e-01 -3.149922e-02 -2.115609e-02
     vertex  2.418438e-01 -3.149922e-02  5.016358e-02
   endloop
 endfacet
 facet normal -9.965549e-01  0.000000e+00 -8.293548e-02
   outer loop
     vertex  2.477791e-01 -5.296623e-03 -2.115609e-02
     vertex  2.418438e-01 -3.149922e-02  5.016358e-02
     vertex  2.418438e-01 -5.296623e-03  5.016358e-02
   endloop
 endfacet
 facet normal -9.524347e-01  0.000000e+00  3.047427e-01
   outer loop
     vertex  2.259699e-01 -5.296623e-03 -8.931824e-02
     vertex  2.259699e-01 -3.149922e-02 -8.931824e-02
     vertex  2.477791e-01 -3.149922e-02 -2.115609e-02
   endloop
 endfacet
 facet normal -9.524347e-01  3.304838e-13  3.047427e-01
   outer loop
     vertex  2.259699e-01 -5.296623e-03 -8.931824e-02
     vertex  2.477791e-01 -3.149922e-02 -2.115609e-02
     vertex  2.477791e-01 -5.296623e-03 -2.115609e-02
   endloop
 endfacet
 facet normal -7.633150e-01  1.401478e-12  6.460265e-01
   outer loop
     vertex  1.797362e-01 -5.296623e-03 -1.439458e-01
     vertex  1.797362e-01 -3.149922e-02 -1.439458e-01
     vertex  2.259699e-01 -3.149922e-02 -8.931824e-02
   endloop
 endfacet
 facet normal -7.633150e-01  0.000000e+00  6.460265e-01
   outer loop
     vertex  1.797362e-01 -5.296623e-03 -1.439458e-01
     vertex  2.259699e-01 -3.149922e-02 -8.931824e-02
     vertex  2.259699e-01 -5.296623e-03 -8.931824e-02
   endloop
 endfacet
 facet normal -4.579874e-01  0.000000e+00  8.889587e-01
   outer loop
     vertex  1.161168e-01 -5.296623e-03 -1.767222e-01
     vertex  1.161168e-01 -3.149922e-02 -1.767222e-01
     vertex  1.797362e-01 -3.149922e-02 -1.439458e-01
   endloop
 endfacet
 facet normal -4.579874e-01  1.928554e-12  8.889587e-01
   outer loop
     vertex  1.161168e-01 -5.296623e-03 -1.767222e-01
     vertex  1.797362e-01 -3.149922e-02 -1.439458e-01
     vertex  1.797362e-01 -5.296623e-03 -1.439458e-01
   endloop
 endfacet
 facet normal -8.293548e-02  0.000000e+00  9.965549e-01
   outer loop
     vertex  4.479713e-02 -5.296623e-03 -1.826576e-01
     vertex  4.479713e-02 -3.149922e-02 -1.826576e-01
     vertex  1.161168e-01 -3.149922e-02 -1.767222e-01
   endloop
 endfacet
 facet normal -8.293548e-02  0.000000e+00  9.965549e-01
   outer loop
     vertex  4.479713e-02 -5.296623e-03 -1.826576e-01
     vertex  1.161168e-01 -3.149922e-02 -1.767222e-01
     vertex  1.161168e-01 -5.296623e-03 -1.767222e-01
   endloop
 endfacet
 facet normal -5.391539e-02 -7.598586e-01  6.478487e-01
   outer loop
     vertex  1.161168e-01 -5.296623e-03 -1.767222e-01
     vertex  4.776002e-02  1.668996e-02 -1.566231e-01
     vertex  4.479713e-02 -5.296623e-03 -1.826576e-01
   endloop
 endfacet
 facet normal -6.914222e-02 -7.816384e-01  6.198877e-01
   outer loop
     vertex  1.161168e-01 -5.296623e-03 -1.767222e-01
     vertex  1.172963e-01  1.668996e-02 -1.488670e-01
     vertex  4.776002e-02  1.668996e-02 -1.566231e-01
   endloop
 endfacet
 facet normal -3.209190e-01 -7.967786e-01  5.120106e-01
   outer loop
     vertex  1.797362e-01 -5.296623e-03 -1.439458e-01
     vertex  1.765811e-01  1.668996e-02 -1.117084e-01
     vertex  1.172963e-01  1.668996e-02 -1.488670e-01
   endloop
 endfacet
 facet normal -3.078199e-01 -7.404475e-01  5.974817e-01
   outer loop
     vertex  1.797362e-01 -5.296623e-03 -1.439458e-01
     vertex  1.172963e-01  1.668996e-02 -1.488670e-01
     vertex  1.161168e-01 -5.296623e-03 -1.767222e-01
   endloop
 endfacet
 facet normal -5.017391e-01 -8.052155e-01  3.160472e-01
   outer loop
     vertex  2.259699e-01 -5.296623e-03 -8.931824e-02
     vertex  2.138723e-01  1.668996e-02 -5.250686e-02
     vertex  1.765811e-01  1.668996e-02 -1.117084e-01
   endloop
 endfacet
 facet normal -5.246499e-01 -7.263445e-01  4.440339e-01
   outer loop
     vertex  2.259699e-01 -5.296623e-03 -8.931824e-02
     vertex  1.765811e-01  1.668996e-02 -1.117084e-01
     vertex  1.797362e-01 -5.296623e-03 -1.439458e-01
   endloop
 endfacet
 facet normal -6.620329e-01 -7.189176e-01  2.118252e-01
   outer loop
     vertex  2.477791e-01 -5.296623e-03 -2.115609e-02
     vertex  2.138723e-01  1.668996e-02 -5.250686e-02
     vertex  2.259699e-01 -5.296623e-03 -8.931824e-02
   endloop
 endfacet
 facet normal -5.855039e-01 -8.079264e-01  6.663400e-02
   outer loop
     vertex  2.217840e-01  1.668996e-02  1.701190e-02
     vertex  2.138723e-01  1.668996e-02 -5.250686e-02
     vertex  2.477791e-01 -5.296623e-03 -2.115609e-02
   endloop
 endfacet
 facet normal -6.927007e-01 -7.189176e-01 -5.764806e-02
   outer loop
     vertex  2.418438e-01 -5.296623e-03  5.016358e-02
     vertex  2.217840e-01  1.668996e-02  1.701190e-02
     vertex  2.477791e-01 -5.296623e-03 -2.115609e-02
   endloop
 endfacet
 facet normal -5.599249e-01 -8.052155e-01 -1.952232e-01
   outer loop
     vertex  1.987491e-01  1.668996e-02  8.307888e-02
     vertex  2.217840e-01  1.668996e-02  1.701190e-02
     vertex  2.418438e-01 -5.296623e-03  5.016358e-02
   endloop
 endfacet
 facet normal -6.110086e-01 -7.263445e-01 -3.147889e-01
   outer loop
     vertex  2.090673e-01 -5.296623e-03  1.137830e-01
     vertex  1.987491e-01  1.668996e-02  8.307888e-02
     vertex  2.418438e-01 -5.296623e-03  5.016358e-02
   endloop
 endfacet
 facet normal -4.277622e-01 -7.967786e-01 -4.268060e-01
   outer loop
     vertex  1.493300e-01  1.668996e-02  1.326087e-01
     vertex  1.987491e-01  1.668996e-02  8.307888e-02
     vertex  2.090673e-01 -5.296623e-03  1.137830e-01
   endloop
 endfacet
 facet normal -4.342036e-01 -7.404475e-01 -5.130348e-01
   outer loop
     vertex  1.544398e-01 -5.296623e-03  1.600167e-01
     vertex  1.493300e-01  1.668996e-02  1.326087e-01
     vertex  2.090673e-01 -5.296623e-03  1.137830e-01
   endloop
 endfacet
 facet normal -2.066642e-01 -7.816384e-01 -5.884992e-01
   outer loop
     vertex  8.331474e-02  1.668996e-02  1.557914e-01
     vertex  1.493300e-01  1.668996e-02  1.326087e-01
     vertex  1.544398e-01 -5.296623e-03  1.600167e-01
   endloop
 endfacet
 facet normal -1.981097e-01 -7.598586e-01 -6.191667e-01
   outer loop
     vertex  8.627763e-02 -5.296623e-03  1.818259e-01
     vertex  8.331474e-02  1.668996e-02  1.557914e-01
     vertex  1.544398e-01 -5.296623e-03  1.600167e-01
   endloop
 endfacet
 facet normal -1.619397e-01  0.000000e+00 -9.868007e-01
   outer loop
     vertex  9.861694e-02  2.676599e-01  1.532802e-01
     vertex  8.331474e-02  1.668996e-02  1.557914e-01
     vertex  8.331474e-02  2.676599e-01  1.557914e-01
   endloop
 endfacet
 facet normal -2.582347e-01  3.189836e-02 -9.655555e-01
   outer loop
     vertex  1.276979e-01  2.218485e-01  1.439892e-01
     vertex  9.861694e-02  2.676599e-01  1.532802e-01
     vertex  1.135973e-01  2.676599e-01  1.492738e-01
   endloop
 endfacet
 facet normal -2.924857e-01  8.265529e-03 -9.562342e-01
   outer loop
     vertex  1.276979e-01  2.218485e-01  1.439892e-01
     vertex  8.331474e-02  1.668996e-02  1.557914e-01
     vertex  9.861694e-02  2.676599e-01  1.532802e-01
   endloop
 endfacet
 facet normal -3.313086e-01  1.263899e-02 -9.434378e-01
   outer loop
     vertex  1.385815e-01  1.971504e-01  1.388008e-01
     vertex  1.493300e-01  1.668996e-02  1.326087e-01
     vertex  8.331474e-02  1.668996e-02  1.557914e-01
   endloop
 endfacet
 facet normal -3.770597e-01  2.831525e-02 -9.257560e-01
   outer loop
     vertex  1.385815e-01  1.971504e-01  1.388008e-01
     vertex  8.331474e-02  1.668996e-02  1.557914e-01
     vertex  1.276979e-01  2.218485e-01  1.439892e-01
   endloop
 endfacet
 facet normal -4.713332e-01  2.189183e-03 -8.819525e-01
   outer loop
     vertex  1.406911e-01  1.971504e-01  1.376734e-01
     vertex  1.493300e-01  1.668996e-02  1.326087e-01
     vertex  1.385815e-01  1.971504e-01  1.388008e-01
   endloop
 endfacet
 facet normal -4.846975e-01  1.345335e-03 -8.746808e-01
   outer loop
     vertex  1.427833e-01  1.971504e-01  1.365141e-01
     vertex  1.493300e-01  1.668996e-02  1.326087e-01
     vertex  1.406911e-01  1.971504e-01  1.376734e-01
   endloop
 endfacet
 facet normal -4.979492e-01  7.028320e-04 -8.672059e-01
   outer loop
     vertex  1.448577e-01  1.971504e-01  1.353230e-01
     vertex  1.493300e-01  1.668996e-02  1.326087e-01
     vertex  1.427833e-01  1.971504e-01  1.365141e-01
   endloop
 endfacet
 facet normal -3.509419e-01 -0.000000e+00 -9.363972e-01
   outer loop
     vertex  1.276979e-01  2.646542e-01  1.439892e-01
     vertex  1.276979e-01  2.218485e-01  1.439892e-01
     vertex  1.135973e-01  2.676599e-01  1.492738e-01
   endloop
 endfacet
 facet normal -3.522701e-01 -7.155974e-03 -9.358710e-01
   outer loop
     vertex  1.281101e-01  2.676599e-01  1.438110e-01
     vertex  1.276979e-01  2.646542e-01  1.439892e-01
     vertex  1.135973e-01  2.676599e-01  1.492738e-01
   endloop
 endfacet
 facet normal -7.078817e-01  6.699078e-03 -7.062993e-01
   outer loop
     vertex  1.550267e-01  2.218485e-01  1.288451e-01
     vertex  1.987491e-01  1.668996e-02  8.307888e-02
     vertex  1.493300e-01  1.668996e-02  1.326087e-01
   endloop
 endfacet
 facet normal -5.362411e-01 -5.942229e-04 -8.440646e-01
   outer loop
     vertex  1.550267e-01  2.218485e-01  1.288451e-01
     vertex  1.493300e-01  1.668996e-02  1.326087e-01
     vertex  1.448577e-01  1.971504e-01  1.353230e-01
   endloop
 endfacet
 facet normal -6.451952e-01 -1.450682e-02 -7.638800e-01
   outer loop
     vertex  1.783215e-01  2.676599e-01  1.091125e-01
     vertex  1.550267e-01  2.646542e-01  1.288451e-01
     vertex  1.546571e-01  2.676599e-01  1.291002e-01
   endloop
 endfacet
 facet normal -6.463537e-01  0.000000e+00 -7.630379e-01
   outer loop
     vertex  1.783215e-01  2.676599e-01  1.091125e-01
     vertex  1.550267e-01  2.218485e-01  1.288451e-01
     vertex  1.550267e-01  2.646542e-01  1.288451e-01
   endloop
 endfacet
 facet normal -6.712713e-01  2.221519e-02 -7.408787e-01
   outer loop
     vertex  1.783215e-01  2.676599e-01  1.091125e-01
     vertex  1.987491e-01  1.668996e-02  8.307888e-02
     vertex  1.550267e-01  2.218485e-01  1.288451e-01
   endloop
 endfacet
 facet normal -7.825283e-01  8.916635e-04 -6.226143e-01
   outer loop
     vertex  1.976077e-01  2.676599e-01  8.487290e-02
     vertex  1.987491e-01  1.668996e-02  8.307888e-02
     vertex  1.783215e-01  2.676599e-01  1.091125e-01
   endloop
 endfacet
 facet normal -8.892947e-01 -7.753952e-04 -4.573340e-01
   outer loop
     vertex  2.116012e-01  2.218485e-01  5.773983e-02
     vertex  1.987491e-01  1.668996e-02  8.307888e-02
     vertex  1.976077e-01  2.676599e-01  8.487290e-02
   endloop
 endfacet
 facet normal -9.326003e-01  1.387963e-02 -3.606440e-01
   outer loop
     vertex  2.156285e-01  1.971504e-01  4.637521e-02
     vertex  1.987491e-01  1.668996e-02  8.307888e-02
     vertex  2.116012e-01  2.218485e-01  5.773983e-02
   endloop
 endfacet
 facet normal -9.440370e-01  2.135537e-02 -3.291476e-01
   outer loop
     vertex  2.156285e-01  1.971504e-01  4.637521e-02
     vertex  2.217840e-01  1.668996e-02  1.701190e-02
     vertex  1.987491e-01  1.668996e-02  8.307888e-02
   endloop
 endfacet
 facet normal -9.568178e-01  1.460188e-02 -2.903214e-01
   outer loop
     vertex  2.163230e-01  1.971504e-01  4.408630e-02
     vertex  2.217840e-01  1.668996e-02  1.701190e-02
     vertex  2.156285e-01  1.971504e-01  4.637521e-02
   endloop
 endfacet
 facet normal -9.611540e-01  1.228291e-02 -2.757393e-01
   outer loop
     vertex  2.169826e-01  1.971504e-01  4.178708e-02
     vertex  2.217840e-01  1.668996e-02  1.701190e-02
     vertex  2.163230e-01  1.971504e-01  4.408630e-02
   endloop
 endfacet
 facet normal -9.652608e-01  1.016253e-02 -2.610905e-01
   outer loop
     vertex  2.176071e-01  1.971504e-01  3.947810e-02
     vertex  2.217840e-01  1.668996e-02  1.701190e-02
     vertex  2.169826e-01  1.971504e-01  4.178708e-02
   endloop
 endfacet
 facet normal -8.887622e-01 -0.000000e+00 -4.583686e-01
   outer loop
     vertex  2.116012e-01  2.646542e-01  5.773983e-02
     vertex  2.116012e-01  2.218485e-01  5.773983e-02
     vertex  1.976077e-01  2.676599e-01  8.487290e-02
   endloop
 endfacet
 facet normal -8.893224e-01 -1.450682e-02 -4.570505e-01
   outer loop
     vertex  2.117668e-01  2.676599e-01  5.732231e-02
     vertex  2.116012e-01  2.646542e-01  5.773983e-02
     vertex  1.976077e-01  2.676599e-01  8.487290e-02
   endloop
 endfacet
 facet normal -9.777905e-01  3.456801e-03 -2.095561e-01
   outer loop
     vertex  2.202172e-01  2.218485e-01  2.770693e-02
     vertex  2.217840e-01  1.668996e-02  1.701190e-02
     vertex  2.176071e-01  1.971504e-01  3.947810e-02
   endloop
 endfacet
 facet normal -9.961953e-01 -3.067741e-03 -8.709462e-02
   outer loop
     vertex  2.227361e-01  2.676599e-01 -2.718035e-03
     vertex  2.217840e-01  1.668996e-02  1.701190e-02
     vertex  2.202172e-01  2.218485e-01  2.770693e-02
   endloop
 endfacet
 facet normal -9.963667e-01 -1.450682e-02 -8.392281e-02
   outer loop
     vertex  2.227361e-01  2.676599e-01 -2.718035e-03
     vertex  2.202172e-01  2.646542e-01  2.770693e-02
     vertex  2.201362e-01  2.676599e-01  2.814871e-02
   endloop
 endfacet
 facet normal -9.965904e-01  5.478808e-14 -8.250818e-02
   outer loop
     vertex  2.227361e-01  2.676599e-01 -2.718035e-03
     vertex  2.202172e-01  2.218485e-01  2.770693e-02
     vertex  2.202172e-01  2.646542e-01  2.770693e-02
   endloop
 endfacet
 facet normal -9.935067e-01  1.265773e-02  1.130673e-01
   outer loop
     vertex  2.227361e-01  2.676599e-01 -2.718035e-03
     vertex  2.138723e-01  1.668996e-02 -5.250686e-02
     vertex  2.217840e-01  1.668996e-02  1.701190e-02
   endloop
 endfacet
 facet normal -9.935067e-01  1.265773e-02  1.130673e-01
   outer loop
     vertex  2.192334e-01  2.676599e-01 -3.349540e-02
     vertex  2.138723e-01  1.668996e-02 -5.250686e-02
     vertex  2.227361e-01  2.676599e-01 -2.718035e-03
   endloop
 endfacet
 facet normal -9.511498e-01 -3.067741e-03  3.087147e-01
   outer loop
     vertex  2.099424e-01  2.218485e-01 -6.257632e-02
     vertex  2.138723e-01  1.668996e-02 -5.250686e-02
     vertex  2.192334e-01  2.676599e-01 -3.349540e-02
   endloop
 endfacet
 facet normal -9.056983e-01  3.456801e-03  4.239089e-01
   outer loop
     vertex  2.047541e-01  1.971504e-01 -7.345999e-02
     vertex  2.138723e-01  1.668996e-02 -5.250686e-02
     vertex  2.099424e-01  2.218485e-01 -6.257632e-02
   endloop
 endfacet
 facet normal -8.819091e-01  1.016253e-02  4.713100e-01
   outer loop
     vertex  2.036267e-01  1.971504e-01 -7.556959e-02
     vertex  2.138723e-01  1.668996e-02 -5.250686e-02
     vertex  2.047541e-01  1.971504e-01 -7.345999e-02
   endloop
 endfacet
 facet normal -8.746156e-01  1.228291e-02  4.846614e-01
   outer loop
     vertex  2.024673e-01  1.971504e-01 -7.766179e-02
     vertex  2.138723e-01  1.668996e-02 -5.250686e-02
     vertex  2.036267e-01  1.971504e-01 -7.556959e-02
   endloop
 endfacet
 facet normal -8.671137e-01  1.460188e-02  4.978962e-01
   outer loop
     vertex  2.012762e-01  1.971504e-01 -7.973611e-02
     vertex  2.138723e-01  1.668996e-02 -5.250686e-02
     vertex  2.024673e-01  1.971504e-01 -7.766179e-02
   endloop
 endfacet
 facet normal -8.459354e-01  2.135537e-02  5.328576e-01
   outer loop
     vertex  2.012762e-01  1.971504e-01 -7.973611e-02
     vertex  1.765811e-01  1.668996e-02 -1.117084e-01
     vertex  2.138723e-01  1.668996e-02 -5.250686e-02
   endloop
 endfacet
 facet normal -9.525653e-01 -2.020689e-13  3.043343e-01
   outer loop
     vertex  2.099424e-01  2.646542e-01 -6.257632e-02
     vertex  2.099424e-01  2.218485e-01 -6.257632e-02
     vertex  2.192334e-01  2.676599e-01 -3.349540e-02
   endloop
 endfacet
 facet normal -9.520294e-01 -1.450682e-02  3.056624e-01
   outer loop
     vertex  2.097642e-01  2.676599e-01 -6.298861e-02
     vertex  2.099424e-01  2.646542e-01 -6.257632e-02
     vertex  2.192334e-01  2.676599e-01 -3.349540e-02
   endloop
 endfacet
 facet normal -8.277139e-01  1.387963e-02  5.609787e-01
   outer loop
     vertex  1.947983e-01  2.218485e-01 -8.990518e-02
     vertex  1.765811e-01  1.668996e-02 -1.117084e-01
     vertex  2.012762e-01  1.971504e-01 -7.973611e-02
   endloop
 endfacet
 facet normal -7.638800e-01 -1.450682e-02  6.451952e-01
   outer loop
     vertex  1.750657e-01  2.676599e-01 -1.132000e-01
     vertex  1.947983e-01  2.646542e-01 -8.990518e-02
     vertex  1.950534e-01  2.676599e-01 -8.953554e-02
   endloop
 endfacet
 facet normal -7.630379e-01  0.000000e+00  6.463537e-01
   outer loop
     vertex  1.750657e-01  2.676599e-01 -1.132000e-01
     vertex  1.947983e-01  2.218485e-01 -8.990518e-02
     vertex  1.947983e-01  2.646542e-01 -8.990518e-02
   endloop
 endfacet
 facet normal -7.637892e-01 -7.753952e-04  6.454653e-01
   outer loop
     vertex  1.750657e-01  2.676599e-01 -1.132000e-01
     vertex  1.765811e-01  1.668996e-02 -1.117084e-01
     vertex  1.947983e-01  2.218485e-01 -8.990518e-02
   endloop
 endfacet
 facet normal -6.226143e-01  8.916635e-04  7.825283e-01
   outer loop
     vertex  1.508261e-01  2.676599e-01 -1.324861e-01
     vertex  1.765811e-01  1.668996e-02 -1.117084e-01
     vertex  1.750657e-01  2.676599e-01 -1.132000e-01
   endloop
 endfacet
 facet normal -4.876282e-01  2.221519e-02  8.727687e-01
   outer loop
     vertex  1.236930e-01  2.218485e-01 -1.464797e-01
     vertex  1.765811e-01  1.668996e-02 -1.117084e-01
     vertex  1.508261e-01  2.676599e-01 -1.324861e-01
   endloop
 endfacet
 facet normal -5.310724e-01  6.699078e-03  8.473000e-01
   outer loop
     vertex  1.236930e-01  2.218485e-01 -1.464797e-01
     vertex  1.172963e-01  1.668996e-02 -1.488670e-01
     vertex  1.765811e-01  1.668996e-02 -1.117084e-01
   endloop
 endfacet
 facet normal -3.328650e-01 -5.942229e-04  9.429743e-01
   outer loop
     vertex  1.123284e-01  1.971504e-01 -1.505069e-01
     vertex  1.172963e-01  1.668996e-02 -1.488670e-01
     vertex  1.236930e-01  2.218485e-01 -1.464797e-01
   endloop
 endfacet
 facet normal -2.903523e-01  7.028320e-04  9.569196e-01
   outer loop
     vertex  1.100395e-01  1.971504e-01 -1.512014e-01
     vertex  1.172963e-01  1.668996e-02 -1.488670e-01
     vertex  1.123284e-01  1.971504e-01 -1.505069e-01
   endloop
 endfacet
 facet normal -2.757599e-01  1.345335e-03  9.612256e-01
   outer loop
     vertex  1.077403e-01  1.971504e-01 -1.518610e-01
     vertex  1.172963e-01  1.668996e-02 -1.488670e-01
     vertex  1.100395e-01  1.971504e-01 -1.512014e-01
   endloop
 endfacet
 facet normal -2.611034e-01  2.189183e-03  9.653084e-01
   outer loop
     vertex  1.054313e-01  1.971504e-01 -1.524856e-01
     vertex  1.172963e-01  1.668996e-02 -1.488670e-01
     vertex  1.077403e-01  1.971504e-01 -1.518610e-01
   endloop
 endfacet
 facet normal -1.108436e-01  1.263899e-02  9.937575e-01
   outer loop
     vertex  4.776002e-02  1.668996e-02 -1.566231e-01
     vertex  1.172963e-01  1.668996e-02 -1.488670e-01
     vertex  1.054313e-01  1.971504e-01 -1.524856e-01
   endloop
 endfacet
 facet normal -4.583686e-01  5.901118e-13  8.887622e-01
   outer loop
     vertex  1.236930e-01  2.646542e-01 -1.464797e-01
     vertex  1.236930e-01  2.218485e-01 -1.464797e-01
     vertex  1.508261e-01  2.676599e-01 -1.324861e-01
   endloop
 endfacet
 facet normal -4.570505e-01 -1.450682e-02  8.893224e-01
   outer loop
     vertex  1.232755e-01  2.676599e-01 -1.466452e-01
     vertex  1.236930e-01  2.646542e-01 -1.464797e-01
     vertex  1.508261e-01  2.676599e-01 -1.324861e-01
   endloop
 endfacet
 facet normal -1.593980e-01  2.831525e-02  9.868083e-01
   outer loop
     vertex  9.366014e-02  2.218485e-01 -1.550956e-01
     vertex  4.776002e-02  1.668996e-02 -1.566231e-01
     vertex  1.054313e-01  1.971504e-01 -1.524856e-01
   endloop
 endfacet
 facet normal -1.329694e-01 -7.155974e-03  9.910943e-01
   outer loop
     vertex  7.873274e-02  2.676599e-01 -1.570767e-01
     vertex  9.366014e-02  2.646542e-01 -1.550956e-01
     vertex  9.410192e-02  2.676599e-01 -1.550147e-01
   endloop
 endfacet
 facet normal -1.315569e-01  6.581988e-13  9.913086e-01
   outer loop
     vertex  7.873274e-02  2.676599e-01 -1.570767e-01
     vertex  9.366014e-02  2.218485e-01 -1.550956e-01
     vertex  9.366014e-02  2.646542e-01 -1.550956e-01
   endloop
 endfacet
 facet normal -3.466859e-02  3.189836e-02  9.988897e-01
   outer loop
     vertex  6.323518e-02  2.676599e-01 -1.576145e-01
     vertex  9.366014e-02  2.218485e-01 -1.550956e-01
     vertex  7.873274e-02  2.676599e-01 -1.570767e-01
   endloop
 endfacet
 facet normal -7.013818e-02  8.265529e-03  9.975030e-01
   outer loop
     vertex  6.323518e-02  2.676599e-01 -1.576145e-01
     vertex  4.776002e-02  1.668996e-02 -1.566231e-01
     vertex  9.366014e-02  2.218485e-01 -1.550956e-01
   endloop
 endfacet
 facet normal  6.393775e-02  0.000000e+00  9.979539e-01
   outer loop
     vertex  4.776002e-02  2.676599e-01 -1.566231e-01
     vertex  4.776002e-02  1.668996e-02 -1.566231e-01
     vertex  6.323518e-02  2.676599e-01 -1.576145e-01
   endloop
 endfacet
 facet normal -1.145784e-01  7.066762e-01 -6.981981e-01
   outer loop
     vertex  8.610407e-02  2.944983e-01  1.803009e-01
     vertex  9.893990e-02  2.713655e-01  1.547808e-01
     vertex  8.348830e-02  2.713655e-01  1.573165e-01
   endloop
 endfacet
 facet normal -1.899140e-01  6.780046e-01 -7.101003e-01
   outer loop
     vertex  1.140665e-01  2.713655e-01  1.507352e-01
     vertex  9.893990e-02  2.713655e-01  1.547808e-01
     vertex  8.610407e-02  2.944983e-01  1.803009e-01
   endloop
 endfacet
 facet normal -3.012038e-01  6.942741e-01 -6.536511e-01
   outer loop
     vertex  1.425559e-01  2.772671e-01  1.451124e-01
     vertex  1.324037e-01  2.703150e-01  1.424063e-01
     vertex  1.287211e-01  2.713655e-01  1.452191e-01
   endloop
 endfacet
 facet normal -3.945601e-01  6.942741e-01 -6.019184e-01
   outer loop
     vertex  1.555272e-01  2.713655e-01  1.303647e-01
     vertex  1.511899e-01  2.703150e-01  1.319961e-01
     vertex  1.481023e-01  2.772671e-01  1.420388e-01
   endloop
 endfacet
 facet normal -3.507631e-01  7.068687e-01 -6.142490e-01
   outer loop
     vertex  1.536958e-01  2.944983e-01  1.586741e-01
     vertex  1.481023e-01  2.772671e-01  1.420388e-01
     vertex  1.462667e-01  2.772671e-01  1.430871e-01
   endloop
 endfacet
 facet normal -3.426995e-01  7.071764e-01 -6.184324e-01
   outer loop
     vertex  1.536958e-01  2.944983e-01  1.586741e-01
     vertex  1.462667e-01  2.772671e-01  1.430871e-01
     vertex  1.444178e-01  2.772671e-01  1.441116e-01
   endloop
 endfacet
 facet normal -3.348775e-01  7.068687e-01 -6.230519e-01
   outer loop
     vertex  1.536958e-01  2.944983e-01  1.586741e-01
     vertex  1.444178e-01  2.772671e-01  1.441116e-01
     vertex  1.425559e-01  2.772671e-01  1.451124e-01
   endloop
 endfacet
 facet normal -2.586484e-01  6.789176e-01 -6.871477e-01
   outer loop
     vertex  1.536958e-01  2.944983e-01  1.586741e-01
     vertex  1.287211e-01  2.713655e-01  1.452191e-01
     vertex  1.140665e-01  2.713655e-01  1.507352e-01
   endloop
 endfacet
 facet normal -2.323185e-01  6.471730e-01 -7.260821e-01
   outer loop
     vertex  1.536958e-01  2.944983e-01  1.586741e-01
     vertex  1.140665e-01  2.713655e-01  1.507352e-01
     vertex  8.610407e-02  2.944983e-01  1.803009e-01
   endloop
 endfacet
 facet normal -3.047906e-01  7.028805e-01 -6.426987e-01
   outer loop
     vertex  1.536958e-01  2.944983e-01  1.586741e-01
     vertex  1.425559e-01  2.772671e-01  1.451124e-01
     vertex  1.287211e-01  2.713655e-01  1.452191e-01
   endloop
 endfacet
 facet normal -3.833720e-01  7.028805e-01 -5.991534e-01
   outer loop
     vertex  1.536958e-01  2.944983e-01  1.586741e-01
     vertex  1.555272e-01  2.713655e-01  1.303647e-01
     vertex  1.481023e-01  2.772671e-01  1.420388e-01
   endloop
 endfacet
 facet normal -4.834872e-01  6.622456e-01 -5.724255e-01
   outer loop
     vertex  1.794227e-01  2.713655e-01  1.101819e-01
     vertex  1.555272e-01  2.713655e-01  1.303647e-01
     vertex  1.536958e-01  2.944983e-01  1.586741e-01
   endloop
 endfacet
 facet normal -5.441739e-01  7.186186e-01 -4.329689e-01
   outer loop
     vertex  2.078662e-01  2.944983e-01  1.128273e-01
     vertex  1.988971e-01  2.713655e-01  8.570558e-02
     vertex  1.794227e-01  2.713655e-01  1.101819e-01
   endloop
 endfacet
 facet normal -4.845883e-01  6.613178e-01 -5.725670e-01
   outer loop
     vertex  2.078662e-01  2.944983e-01  1.128273e-01
     vertex  1.794227e-01  2.713655e-01  1.101819e-01
     vertex  1.536958e-01  2.944983e-01  1.586741e-01
   endloop
 endfacet
 facet normal -6.751843e-01  6.942741e-01 -2.492179e-01
   outer loop
     vertex  2.229017e-01  2.772671e-01  4.802784e-02
     vertex  2.138095e-01  2.703150e-01  5.329305e-02
     vertex  2.131944e-01  2.713655e-01  5.788601e-02
   endloop
 endfacet
 facet normal -7.046167e-01  6.942741e-01 -1.466244e-01
   outer loop
     vertex  2.216456e-01  2.713655e-01  2.842758e-02
     vertex  2.197322e-01  2.703150e-01  3.264808e-02
     vertex  2.246503e-01  2.772671e-01  4.193260e-02
   endloop
 endfacet
 facet normal -6.947504e-01  7.028805e-01 -1.525805e-01
   outer loop
     vertex  2.403684e-01  2.944983e-01  4.974031e-02
     vertex  2.216456e-01  2.713655e-01  2.842758e-02
     vertex  2.246503e-01  2.772671e-01  4.193260e-02
   endloop
 endfacet
 facet normal -6.664277e-01  6.622456e-01 -3.424980e-01
   outer loop
     vertex  2.403684e-01  2.944983e-01  4.974031e-02
     vertex  2.131944e-01  2.713655e-01  5.788601e-02
     vertex  1.988971e-01  2.713655e-01  8.570558e-02
   endloop
 endfacet
 facet normal -6.823666e-01  7.068687e-01 -1.863127e-01
   outer loop
     vertex  2.403684e-01  2.944983e-01  4.974031e-02
     vertex  2.246503e-01  2.772671e-01  4.193260e-02
     vertex  2.240935e-01  2.772671e-01  4.397178e-02
   endloop
 endfacet
 facet normal -6.796229e-01  7.071764e-01 -1.949727e-01
   outer loop
     vertex  2.403684e-01  2.944983e-01  4.974031e-02
     vertex  2.240935e-01  2.772671e-01  4.397178e-02
     vertex  2.235106e-01  2.772671e-01  4.600363e-02
   endloop
 endfacet
 facet normal -6.773584e-01  7.068687e-01 -2.037701e-01
   outer loop
     vertex  2.403684e-01  2.944983e-01  4.974031e-02
     vertex  2.235106e-01  2.772671e-01  4.600363e-02
     vertex  2.229017e-01  2.772671e-01  4.802784e-02
   endloop
 endfacet
 facet normal -6.699761e-01  7.028805e-01 -2.389372e-01
   outer loop
     vertex  2.403684e-01  2.944983e-01  4.974031e-02
     vertex  2.229017e-01  2.772671e-01  4.802784e-02
     vertex  2.131944e-01  2.713655e-01  5.788601e-02
   endloop
 endfacet
 facet normal -6.668131e-01  6.613178e-01 -3.435391e-01
   outer loop
     vertex  2.403684e-01  2.944983e-01  4.974031e-02
     vertex  1.988971e-01  2.713655e-01  8.570558e-02
     vertex  2.078662e-01  2.944983e-01  1.128273e-01
   endloop
 endfacet
 facet normal -7.466430e-01  6.622456e-01 -6.288887e-02
   outer loop
     vertex  2.242708e-01  2.713655e-01 -2.740512e-03
     vertex  2.216456e-01  2.713655e-01  2.842758e-02
     vertex  2.403684e-01  2.944983e-01  4.974031e-02
   endloop
 endfacet
 facet normal -7.475217e-01  6.613178e-01 -6.221039e-02
   outer loop
     vertex  2.462541e-01  2.944983e-01 -2.098253e-02
     vertex  2.242708e-01  2.713655e-01 -2.740512e-03
     vertex  2.403684e-01  2.944983e-01  4.974031e-02
   endloop
 endfacet
 facet normal -6.909443e-01  7.186186e-01  7.863378e-02
   outer loop
     vertex  2.462541e-01  2.944983e-01 -2.098253e-02
     vertex  2.207340e-01  2.713655e-01 -3.381836e-02
     vertex  2.242708e-01  2.713655e-01 -2.740512e-03
   endloop
 endfacet
 facet normal -6.536511e-01  6.942741e-01  3.012038e-01
   outer loop
     vertex  2.110656e-01  2.772671e-01 -7.743434e-02
     vertex  2.083595e-01  2.703150e-01 -6.728214e-02
     vertex  2.111723e-01  2.713655e-01 -6.359951e-02
   endloop
 endfacet
 facet normal -6.019184e-01  6.942741e-01  3.945601e-01
   outer loop
     vertex  1.963179e-01  2.713655e-01 -9.040563e-02
     vertex  1.979493e-01  2.703150e-01 -8.606832e-02
     vertex  2.079921e-01  2.772671e-01 -8.298079e-02
   endloop
 endfacet
 facet normal -7.144269e-01  6.613178e-01  2.285893e-01
   outer loop
     vertex  2.246273e-01  2.944983e-01 -8.857427e-02
     vertex  2.207340e-01  2.713655e-01 -3.381836e-02
     vertex  2.462541e-01  2.944983e-01 -2.098253e-02
   endloop
 endfacet
 facet normal -6.426987e-01  7.028805e-01  3.047906e-01
   outer loop
     vertex  2.246273e-01  2.944983e-01 -8.857427e-02
     vertex  2.110656e-01  2.772671e-01 -7.743434e-02
     vertex  2.111723e-01  2.713655e-01 -6.359951e-02
   endloop
 endfacet
 facet normal -7.134182e-01  6.622456e-01  2.290530e-01
   outer loop
     vertex  2.246273e-01  2.944983e-01 -8.857427e-02
     vertex  2.111723e-01  2.713655e-01 -6.359951e-02
     vertex  2.207340e-01  2.713655e-01 -3.381836e-02
   endloop
 endfacet
 facet normal -6.142490e-01  7.068687e-01  3.507631e-01
   outer loop
     vertex  2.246273e-01  2.944983e-01 -8.857427e-02
     vertex  2.079921e-01  2.772671e-01 -8.298079e-02
     vertex  2.090403e-01  2.772671e-01 -8.114517e-02
   endloop
 endfacet
 facet normal -6.184324e-01  7.071764e-01  3.426995e-01
   outer loop
     vertex  2.246273e-01  2.944983e-01 -8.857427e-02
     vertex  2.090403e-01  2.772671e-01 -8.114517e-02
     vertex  2.100648e-01  2.772671e-01 -7.929626e-02
   endloop
 endfacet
 facet normal -6.230519e-01  7.068687e-01  3.348775e-01
   outer loop
     vertex  2.246273e-01  2.944983e-01 -8.857427e-02
     vertex  2.100648e-01  2.772671e-01 -7.929626e-02
     vertex  2.110656e-01  2.772671e-01 -7.743434e-02
   endloop
 endfacet
 facet normal -5.991534e-01  7.028805e-01  3.833720e-01
   outer loop
     vertex  2.246273e-01  2.944983e-01 -8.857427e-02
     vertex  1.963179e-01  2.713655e-01 -9.040563e-02
     vertex  2.079921e-01  2.772671e-01 -8.298079e-02
   endloop
 endfacet
 facet normal -5.724255e-01  6.622456e-01  4.834872e-01
   outer loop
     vertex  1.761351e-01  2.713655e-01 -1.143011e-01
     vertex  1.963179e-01  2.713655e-01 -9.040563e-02
     vertex  2.246273e-01  2.944983e-01 -8.857427e-02
   endloop
 endfacet
 facet normal -5.725670e-01  6.613178e-01  4.845883e-01
   outer loop
     vertex  1.787805e-01  2.944983e-01 -1.427447e-01
     vertex  1.761351e-01  2.713655e-01 -1.143011e-01
     vertex  2.246273e-01  2.944983e-01 -8.857427e-02
   endloop
 endfacet
 facet normal -4.329689e-01  7.186186e-01  5.441739e-01
   outer loop
     vertex  1.787805e-01  2.944983e-01 -1.427447e-01
     vertex  1.516588e-01  2.713655e-01 -1.337756e-01
     vertex  1.761351e-01  2.713655e-01 -1.143011e-01
   endloop
 endfacet
 facet normal -2.492179e-01  6.942741e-01  6.751843e-01
   outer loop
     vertex  1.139811e-01  2.772671e-01 -1.577801e-01
     vertex  1.192463e-01  2.703150e-01 -1.486880e-01
     vertex  1.238392e-01  2.713655e-01 -1.480729e-01
   endloop
 endfacet
 facet normal -1.466244e-01  6.942741e-01  7.046167e-01
   outer loop
     vertex  9.438080e-02  2.713655e-01 -1.565240e-01
     vertex  9.860130e-02  2.703150e-01 -1.546107e-01
     vertex  1.078858e-01  2.772671e-01 -1.595287e-01
   endloop
 endfacet
 facet normal -3.424980e-01  6.622456e-01  6.664277e-01
   outer loop
     vertex  1.156935e-01  2.944983e-01 -1.752468e-01
     vertex  1.238392e-01  2.713655e-01 -1.480729e-01
     vertex  1.516588e-01  2.713655e-01 -1.337756e-01
   endloop
 endfacet
 facet normal -1.863127e-01  7.068687e-01  6.823666e-01
   outer loop
     vertex  1.156935e-01  2.944983e-01 -1.752468e-01
     vertex  1.078858e-01  2.772671e-01 -1.595287e-01
     vertex  1.099250e-01  2.772671e-01 -1.589720e-01
   endloop
 endfacet
 facet normal -1.949727e-01  7.071764e-01  6.796229e-01
   outer loop
     vertex  1.156935e-01  2.944983e-01 -1.752468e-01
     vertex  1.099250e-01  2.772671e-01 -1.589720e-01
     vertex  1.119568e-01  2.772671e-01 -1.583891e-01
   endloop
 endfacet
 facet normal -3.435391e-01  6.613178e-01  6.668131e-01
   outer loop
     vertex  1.156935e-01  2.944983e-01 -1.752468e-01
     vertex  1.516588e-01  2.713655e-01 -1.337756e-01
     vertex  1.787805e-01  2.944983e-01 -1.427447e-01
   endloop
 endfacet
 facet normal -2.037701e-01  7.068687e-01  6.773584e-01
   outer loop
     vertex  1.156935e-01  2.944983e-01 -1.752468e-01
     vertex  1.119568e-01  2.772671e-01 -1.583891e-01
     vertex  1.139811e-01  2.772671e-01 -1.577801e-01
   endloop
 endfacet
 facet normal -2.389372e-01  7.028805e-01  6.699761e-01
   outer loop
     vertex  1.156935e-01  2.944983e-01 -1.752468e-01
     vertex  1.139811e-01  2.772671e-01 -1.577801e-01
     vertex  1.238392e-01  2.713655e-01 -1.480729e-01
   endloop
 endfacet
 facet normal -1.525805e-01  7.028805e-01  6.947504e-01
   outer loop
     vertex  1.156935e-01  2.944983e-01 -1.752468e-01
     vertex  9.438080e-02  2.713655e-01 -1.565240e-01
     vertex  1.078858e-01  2.772671e-01 -1.595287e-01
   endloop
 endfacet
 facet normal -9.763054e-02  6.789176e-01  7.276944e-01
   outer loop
     vertex  7.886156e-02  2.713655e-01 -1.586062e-01
     vertex  9.438080e-02  2.713655e-01 -1.565240e-01
     vertex  1.156935e-01  2.944983e-01 -1.752468e-01
   endloop
 endfacet
 facet normal  4.523833e-02  7.066762e-01  7.060894e-01
   outer loop
     vertex  4.497069e-02  2.944983e-01 -1.811325e-01
     vertex  4.758646e-02  2.713655e-01 -1.581481e-01
     vertex  6.321270e-02  2.713655e-01 -1.591493e-01
   endloop
 endfacet
 facet normal -2.549638e-02  6.780046e-01  7.346153e-01
   outer loop
     vertex  4.497069e-02  2.944983e-01 -1.811325e-01
     vertex  6.321270e-02  2.713655e-01 -1.591493e-01
     vertex  7.886156e-02  2.713655e-01 -1.586062e-01
   endloop
 endfacet
 facet normal -6.322529e-02  6.471730e-01  7.597168e-01
   outer loop
     vertex  4.497069e-02  2.944983e-01 -1.811325e-01
     vertex  7.886156e-02  2.713655e-01 -1.586062e-01
     vertex  1.156935e-01  2.944983e-01 -1.752468e-01
   endloop
 endfacet
 facet normal -5.947201e-01 -3.624800e-12 -8.039328e-01
   outer loop
     vertex  2.949535e-02  2.388371e-01 -1.609283e-02
     vertex  6.109304e-02  2.325335e-01 -3.946765e-02
     vertex  2.949535e-02  2.325335e-01 -1.609283e-02
   endloop
 endfacet
 facet normal -5.947201e-01  0.000000e+00 -8.039328e-01
   outer loop
     vertex  2.949535e-02  2.388371e-01 -1.609283e-02
     vertex  6.109304e-02  2.388371e-01 -3.946765e-02
     vertex  6.109304e-02  2.325335e-01 -3.946765e-02
   endloop
 endfacet
 facet normal -9.935863e-01 -1.019685e-12  1.130763e-01
   outer loop
     vertex  3.393969e-02  2.388371e-01  2.295898e-02
     vertex  2.949535e-02  2.325335e-01 -1.609283e-02
     vertex  3.393969e-02  2.325335e-01  2.295898e-02
   endloop
 endfacet
 facet normal -9.935863e-01  5.099270e-13  1.130763e-01
   outer loop
     vertex  3.393969e-02  2.388371e-01  2.295898e-02
     vertex  2.949535e-02  2.388371e-01 -1.609283e-02
     vertex  2.949535e-02  2.325335e-01 -1.609283e-02
   endloop
 endfacet
 facet normal -3.988662e-01  4.134643e-12  9.170091e-01
   outer loop
     vertex  6.998172e-02  2.388371e-01  3.863597e-02
     vertex  3.393969e-02  2.325335e-01  2.295898e-02
     vertex  6.998172e-02  2.325335e-01  3.863597e-02
   endloop
 endfacet
 facet normal -3.988662e-01 -8.269110e-12  9.170091e-01
   outer loop
     vertex  6.998172e-02  2.388371e-01  3.863597e-02
     vertex  3.393969e-02  2.388371e-01  2.295898e-02
     vertex  3.393969e-02  2.325335e-01  2.295898e-02
   endloop
 endfacet
 facet normal -4.145770e-01 -0.000000e+00 -9.100142e-01
   outer loop
     vertex -1.411149e-02  1.545392e-01 -8.735961e-02
     vertex  5.220436e-02  1.414379e-01 -1.175713e-01
     vertex -1.411149e-02  1.414379e-01 -8.735961e-02
   endloop
 endfacet
 facet normal -4.145770e-01  1.974134e-12 -9.100142e-01
   outer loop
     vertex -1.411149e-02  1.545392e-01 -8.735961e-02
     vertex  5.220436e-02  1.545392e-01 -1.175713e-01
     vertex  5.220436e-02  1.414379e-01 -1.175713e-01
   endloop
 endfacet
 facet normal -8.702928e-01  2.136991e-12 -4.925347e-01
   outer loop
     vertex -5.000418e-02  1.545392e-01 -2.393840e-02
     vertex -1.411149e-02  1.414379e-01 -8.735961e-02
     vertex -5.000418e-02  1.414379e-01 -2.393840e-02
   endloop
 endfacet
 facet normal -8.702928e-01  0.000000e+00 -4.925347e-01
   outer loop
     vertex -5.000418e-02  1.545392e-01 -2.393840e-02
     vertex -1.411149e-02  1.545392e-01 -8.735961e-02
     vertex -1.411149e-02  1.414379e-01 -8.735961e-02
   endloop
 endfacet
 facet normal -9.935863e-01  2.453057e-13  1.130763e-01
   outer loop
     vertex -4.176392e-02  1.545392e-01  4.846763e-02
     vertex -5.000418e-02  1.414379e-01 -2.393840e-02
     vertex -4.176392e-02  1.414379e-01  4.846763e-02
   endloop
 endfacet
 facet normal -9.935863e-01 -4.905808e-13  1.130763e-01
   outer loop
     vertex -4.176392e-02  1.545392e-01  4.846763e-02
     vertex -5.000418e-02  1.545392e-01 -2.393840e-02
     vertex -5.000418e-02  1.414379e-01 -2.393840e-02
   endloop
 endfacet
 facet normal -7.373636e-01  2.930817e-12  6.754960e-01
   outer loop
     vertex  7.461785e-03  1.545392e-01  1.022018e-01
     vertex -4.176392e-02  1.414379e-01  4.846763e-02
     vertex  7.461785e-03  1.414379e-01  1.022018e-01
   endloop
 endfacet
 facet normal -7.373636e-01  1.465383e-12  6.754960e-01
   outer loop
     vertex  7.461785e-03  1.545392e-01  1.022018e-01
     vertex -4.176392e-02  1.545392e-01  4.846763e-02
     vertex -4.176392e-02  1.414379e-01  4.846763e-02
   endloop
 endfacet
 facet normal -1.994931e-01 -2.125775e-12  9.798992e-01
   outer loop
     vertex  7.887040e-02  1.545392e-01  1.167396e-01
     vertex  7.461785e-03  1.414379e-01  1.022018e-01
     vertex  7.887040e-02  1.414379e-01  1.167396e-01
   endloop
 endfacet
 facet normal -1.994931e-01  4.251700e-12  9.798992e-01
   outer loop
     vertex  7.887040e-02  1.545392e-01  1.167396e-01
     vertex  7.461785e-03  1.545392e-01  1.022018e-01
     vertex  7.461785e-03  1.414379e-01  1.022018e-01
   endloop
 endfacet
 facet normal -5.947201e-01 -1.112026e-12 -8.039328e-01
   outer loop
     vertex  2.949535e-02  1.956338e-01 -1.609283e-02
     vertex  6.109304e-02  1.545392e-01 -3.946765e-02
     vertex  2.949535e-02  1.545392e-01 -1.609283e-02
   endloop
 endfacet
 facet normal -5.947201e-01 -5.560032e-13 -8.039328e-01
   outer loop
     vertex  2.949535e-02  1.956338e-01 -1.609283e-02
     vertex  6.109304e-02  1.956338e-01 -3.946765e-02
     vertex  6.109304e-02  1.545392e-01 -3.946765e-02
   endloop
 endfacet
 facet normal -9.935863e-01  7.820541e-14  1.130763e-01
   outer loop
     vertex  3.393969e-02  1.956338e-01  2.295898e-02
     vertex  2.949535e-02  1.545392e-01 -1.609283e-02
     vertex  3.393969e-02  1.545392e-01  2.295898e-02
   endloop
 endfacet
 facet normal -9.935863e-01  1.564032e-13  1.130763e-01
   outer loop
     vertex  3.393969e-02  1.956338e-01  2.295898e-02
     vertex  2.949535e-02  1.956338e-01 -1.609283e-02
     vertex  2.949535e-02  1.545392e-01 -1.609283e-02
   endloop
 endfacet
 facet normal -3.988662e-01  0.000000e+00  9.170091e-01
   outer loop
     vertex  6.998172e-02  1.956338e-01  3.863597e-02
     vertex  3.393969e-02  1.545392e-01  2.295898e-02
     vertex  6.998172e-02  1.545392e-01  3.863597e-02
   endloop
 endfacet
 facet normal -3.988662e-01  6.342048e-13  9.170091e-01
   outer loop
     vertex  6.998172e-02  1.956338e-01  3.863597e-02
     vertex  3.393969e-02  1.956338e-01  2.295898e-02
     vertex  3.393969e-02  1.545392e-01  2.295898e-02
   endloop
 endfacet
 facet normal  1.823413e-01 -9.814584e-01  5.908552e-02
   outer loop
     vertex  1.403056e-01  2.140270e-01  3.187430e-02
     vertex  1.878662e-01  2.231680e-01  3.693903e-02
     vertex  1.865264e-01  2.231680e-01  4.107354e-02
   endloop
 endfacet
 facet normal  1.859328e-01 -9.814584e-01  4.656629e-02
   outer loop
     vertex  1.460525e-01  2.140270e-01  1.184227e-02
     vertex  1.901205e-01  2.231680e-01  2.854542e-02
     vertex  1.890647e-01  2.231680e-01  3.276138e-02
   endloop
 endfacet
 facet normal  1.830851e-01 -9.816930e-01  5.252411e-02
   outer loop
     vertex  1.460525e-01  2.140270e-01  1.184227e-02
     vertex  1.890647e-01  2.231680e-01  3.276138e-02
     vertex  1.878662e-01  2.231680e-01  3.693903e-02
   endloop
 endfacet
 facet normal  1.830851e-01 -9.816930e-01  5.252411e-02
   outer loop
     vertex  1.460525e-01  2.140270e-01  1.184227e-02
     vertex  1.878662e-01  2.231680e-01  3.693903e-02
     vertex  1.403056e-01  2.140270e-01  3.187430e-02
   endloop
 endfacet
 facet normal  1.707145e-01 -9.814584e-01 -8.715499e-02
   outer loop
     vertex  1.412391e-01  2.140270e-01 -3.045240e-02
     vertex  1.784508e-01  2.231680e-01 -6.050148e-02
     vertex  1.804270e-01  2.231680e-01 -5.663059e-02
   endloop
 endfacet
 facet normal  1.644017e-01 -9.814584e-01 -9.854703e-02
   outer loop
     vertex  1.311379e-01  2.140270e-01 -4.868082e-02
     vertex  1.741097e-01  2.231680e-01 -6.803073e-02
     vertex  1.763442e-01  2.231680e-01 -6.430299e-02
   endloop
 endfacet
 facet normal  1.666009e-01 -9.816930e-01 -9.232055e-02
   outer loop
     vertex  1.311379e-01  2.140270e-01 -4.868082e-02
     vertex  1.763442e-01  2.231680e-01 -6.430299e-02
     vertex  1.784508e-01  2.231680e-01 -6.050148e-02
   endloop
 endfacet
 facet normal  1.666009e-01 -9.816930e-01 -9.232055e-02
   outer loop
     vertex  1.311379e-01  2.140270e-01 -4.868082e-02
     vertex  1.784508e-01  2.231680e-01 -6.050148e-02
     vertex  1.412391e-01  2.140270e-01 -3.045240e-02
   endloop
 endfacet
 facet normal  7.873219e-02 -9.811867e-01  1.762777e-01
   outer loop
     vertex  1.018677e-01  2.140270e-01  7.247484e-02
     vertex  1.217521e-01  2.231680e-01  1.144738e-01
     vertex  9.557394e-02  2.140270e-01  7.528587e-02
   endloop
 endfacet
 facet normal  9.878440e-02 -9.813681e-01  1.647977e-01
   outer loop
     vertex  1.018677e-01  2.140270e-01  7.247484e-02
     vertex  1.331523e-01  2.231680e-01  1.081565e-01
     vertex  1.294245e-01  2.231680e-01  1.103910e-01
   endloop
 endfacet
 facet normal  9.345161e-02 -9.812373e-01  1.686420e-01
   outer loop
     vertex  1.018677e-01  2.140270e-01  7.247484e-02
     vertex  1.294245e-01  2.231680e-01  1.103910e-01
     vertex  1.256230e-01  2.231680e-01  1.124976e-01
   endloop
 endfacet
 facet normal  8.780207e-02 -9.811794e-01  1.719820e-01
   outer loop
     vertex  1.018677e-01  2.140270e-01  7.247484e-02
     vertex  1.256230e-01  2.231680e-01  1.124976e-01
     vertex  1.217521e-01  2.231680e-01  1.144738e-01
   endloop
 endfacet
 facet normal  1.000141e-01 -9.814217e-01  1.637333e-01
   outer loop
     vertex  1.018677e-01  2.140270e-01  7.247484e-02
     vertex  1.138024e-01  2.140270e-01  6.518473e-02
     vertex  1.331523e-01  2.231680e-01  1.081565e-01
   endloop
 endfacet
 facet normal  9.941272e-02 -9.366836e-01  3.357692e-01
   outer loop
     vertex  9.203870e-02  2.070566e-01  5.275460e-02
     vertex  7.225512e-02  2.070566e-01  5.861201e-02
     vertex  7.161301e-02  2.049660e-01  5.296997e-02
   endloop
 endfacet
 facet normal  9.892197e-02 -9.300152e-01  3.539579e-01
   outer loop
     vertex  9.203870e-02  2.070566e-01  5.275460e-02
     vertex  7.161301e-02  2.049660e-01  5.296997e-02
     vertex  7.097558e-02  2.027665e-01  4.736893e-02
   endloop
 endfacet
 facet normal  9.273669e-02 -9.232746e-01  3.727788e-01
   outer loop
     vertex  9.203870e-02  2.070566e-01  5.275460e-02
     vertex  7.097558e-02  2.027665e-01  4.736893e-02
     vertex  7.034305e-02  2.004589e-01  4.181100e-02
   endloop
 endfacet
 facet normal  8.364413e-02 -9.556106e-01  2.825103e-01
   outer loop
     vertex  9.203870e-02  2.070566e-01  5.275460e-02
     vertex  9.557394e-02  2.140270e-01  7.528587e-02
     vertex  7.225512e-02  2.070566e-01  5.861201e-02
   endloop
 endfacet
 facet normal  1.231023e-01 -9.533516e-01  2.756203e-01
   outer loop
     vertex  9.203870e-02  2.070566e-01  5.275460e-02
     vertex  1.018677e-01  2.140270e-01  7.247484e-02
     vertex  9.557394e-02  2.140270e-01  7.528587e-02
   endloop
 endfacet
 facet normal  1.577556e-01 -9.531075e-01  2.582621e-01
   outer loop
     vertex  9.203870e-02  2.070566e-01  5.275460e-02
     vertex  1.138024e-01  2.140270e-01  6.518473e-02
     vertex  1.018677e-01  2.140270e-01  7.247484e-02
   endloop
 endfacet
 facet normal  2.642423e-01 -9.412619e-01  2.102429e-01
   outer loop
     vertex  1.086258e-01  2.070566e-01  4.048404e-02
     vertex  1.403056e-01  2.140270e-01  3.187430e-02
     vertex  1.138024e-01  2.140270e-01  6.518473e-02
   endloop
 endfacet
 facet normal  1.729955e-01 -9.567578e-01  2.338525e-01
   outer loop
     vertex  1.086258e-01  2.070566e-01  4.048404e-02
     vertex  7.034305e-02  2.004589e-01  4.181100e-02
     vertex  1.045097e-01  2.004589e-01  1.653574e-02
   endloop
 endfacet
 facet normal  1.729286e-01 -9.567920e-01  2.337621e-01
   outer loop
     vertex  1.086258e-01  2.070566e-01  4.048404e-02
     vertex  1.138024e-01  2.140270e-01  6.518473e-02
     vertex  9.203870e-02  2.070566e-01  5.275460e-02
   endloop
 endfacet
 facet normal  1.729955e-01 -9.567578e-01  2.338525e-01
   outer loop
     vertex  1.086258e-01  2.070566e-01  4.048404e-02
     vertex  9.203870e-02  2.070566e-01  5.275460e-02
     vertex  7.034305e-02  2.004589e-01  4.181100e-02
   endloop
 endfacet
 facet normal  2.554076e-01 -9.519312e-01  1.690975e-01
   outer loop
     vertex  1.200159e-01  2.070566e-01  2.328036e-02
     vertex  1.403056e-01  2.140270e-01  3.187430e-02
     vertex  1.086258e-01  2.070566e-01  4.048404e-02
   endloop
 endfacet
 facet normal  3.071297e-01 -9.296901e-01  2.033411e-01
   outer loop
     vertex  1.200159e-01  2.070566e-01  2.328036e-02
     vertex  1.086258e-01  2.070566e-01  4.048404e-02
     vertex  1.045097e-01  2.004589e-01  1.653574e-02
   endloop
 endfacet
 facet normal  2.918605e-01 -9.527889e-01  8.373000e-02
   outer loop
     vertex  1.200159e-01  2.070566e-01  2.328036e-02
     vertex  1.460525e-01  2.140270e-01  1.184227e-02
     vertex  1.403056e-01  2.140270e-01  3.187430e-02
   endloop
 endfacet
 facet normal  3.581542e-01 -9.296901e-01  8.603360e-02
   outer loop
     vertex  1.248350e-01  2.070566e-01  3.218561e-03
     vertex  1.200159e-01  2.070566e-01  2.328036e-02
     vertex  1.045097e-01  2.004589e-01  1.653574e-02
   endloop
 endfacet
 facet normal  2.860558e-01 -9.557460e-01  6.871456e-02
   outer loop
     vertex  1.248350e-01  2.070566e-01  3.218561e-03
     vertex  1.460525e-01  2.140270e-01  1.184227e-02
     vertex  1.200159e-01  2.070566e-01  2.328036e-02
   endloop
 endfacet
 facet normal  3.254531e-01 -9.448325e-01 -3.703860e-02
   outer loop
     vertex  1.225019e-01  2.070566e-01 -1.728160e-02
     vertex  1.412391e-01  2.140270e-01 -3.045240e-02
     vertex  1.460525e-01  2.140270e-01  1.184227e-02
   endloop
 endfacet
 facet normal  2.890200e-01 -9.567578e-01 -3.289228e-02
   outer loop
     vertex  1.225019e-01  2.070566e-01 -1.728160e-02
     vertex  1.045097e-01  2.004589e-01  1.653574e-02
     vertex  9.970405e-02  2.004589e-01 -2.569109e-02
   endloop
 endfacet
 facet normal  3.254531e-01 -9.448325e-01 -3.703860e-02
   outer loop
     vertex  1.225019e-01  2.070566e-01 -1.728160e-02
     vertex  1.460525e-01  2.140270e-01  1.184227e-02
     vertex  1.248350e-01  2.070566e-01  3.218561e-03
   endloop
 endfacet
 facet normal  2.890200e-01 -9.567578e-01 -3.289228e-02
   outer loop
     vertex  1.225019e-01  2.070566e-01 -1.728160e-02
     vertex  1.248350e-01  2.070566e-01  3.218561e-03
     vertex  1.045097e-01  2.004589e-01  1.653574e-02
   endloop
 endfacet
 facet normal  2.633003e-01 -9.557460e-01 -1.312347e-01
   outer loop
     vertex  1.132981e-01  2.070566e-01 -3.574749e-02
     vertex  1.412391e-01  2.140270e-01 -3.045240e-02
     vertex  1.225019e-01  2.070566e-01 -1.728160e-02
   endloop
 endfacet
 facet normal  3.296634e-01 -9.296901e-01 -1.643115e-01
   outer loop
     vertex  1.132981e-01  2.070566e-01 -3.574749e-02
     vertex  1.225019e-01  2.070566e-01 -1.728160e-02
     vertex  9.970405e-02  2.004589e-01 -2.569109e-02
   endloop
 endfacet
 facet normal  2.655826e-01 -9.527889e-01 -1.471705e-01
   outer loop
     vertex  1.132981e-01  2.070566e-01 -3.574749e-02
     vertex  1.311379e-01  2.140270e-01 -4.868082e-02
     vertex  1.412391e-01  2.140270e-01 -3.045240e-02
   endloop
 endfacet
 facet normal  2.102429e-01 -9.412619e-01 -2.642423e-01
   outer loop
     vertex  9.833366e-02  2.070566e-01 -4.995187e-02
     vertex  9.782751e-02  2.140270e-01 -7.518408e-02
     vertex  1.311379e-01  2.140270e-01 -4.868082e-02
   endloop
 endfacet
 facet normal  2.535844e-01 -9.296901e-01 -2.671539e-01
   outer loop
     vertex  9.833366e-02  2.070566e-01 -4.995187e-02
     vertex  1.132981e-01  2.070566e-01 -3.574749e-02
     vertex  9.970405e-02  2.004589e-01 -2.569109e-02
   endloop
 endfacet
 facet normal  2.108796e-01 -9.519312e-01 -2.221639e-01
   outer loop
     vertex  9.833366e-02  2.070566e-01 -4.995187e-02
     vertex  1.311379e-01  2.140270e-01 -4.868082e-02
     vertex  1.132981e-01  2.070566e-01 -3.574749e-02
   endloop
 endfacet
 facet normal  6.066521e-02 -9.814217e-01 -1.820196e-01
   outer loop
     vertex  8.455995e-02  2.140270e-01 -7.960602e-02
     vertex  1.070268e-01  2.231680e-01 -1.214049e-01
     vertex  9.782751e-02  2.140270e-01 -7.518408e-02
   endloop
 endfacet
 facet normal  4.691202e-02 -9.811794e-01 -1.873133e-01
   outer loop
     vertex  8.455995e-02  2.140270e-01 -7.960602e-02
     vertex  9.449864e-02  2.231680e-01 -1.249990e-01
     vertex  9.871459e-02  2.231680e-01 -1.239431e-01
   endloop
 endfacet
 facet normal  5.316760e-02 -9.812373e-01 -1.853281e-01
   outer loop
     vertex  8.455995e-02  2.140270e-01 -7.960602e-02
     vertex  9.871459e-02  2.231680e-01 -1.239431e-01
     vertex  1.028922e-01  2.231680e-01 -1.227446e-01
   endloop
 endfacet
 facet normal  5.922784e-02 -9.813681e-01 -1.827805e-01
   outer loop
     vertex  8.455995e-02  2.140270e-01 -7.960602e-02
     vertex  1.028922e-01  2.231680e-01 -1.227446e-01
     vertex  1.070268e-01  2.231680e-01 -1.214049e-01
   endloop
 endfacet
 facet normal  3.710882e-02 -9.811867e-01 -1.894612e-01
   outer loop
     vertex  8.455995e-02  2.140270e-01 -7.960602e-02
     vertex  7.779549e-02  2.140270e-01 -8.093094e-02
     vertex  9.449864e-02  2.231680e-01 -1.249990e-01
   endloop
 endfacet
 facet normal  1.802445e-02 -9.556106e-01 -2.940808e-01
   outer loop
     vertex  7.941348e-02  2.070566e-01 -5.818148e-02
     vertex  5.881964e-02  2.070566e-01 -5.944369e-02
     vertex  7.779549e-02  2.140270e-01 -8.093094e-02
   endloop
 endfacet
 facet normal  2.142242e-02 -9.366836e-01 -3.495210e-01
   outer loop
     vertex  7.941348e-02  2.070566e-01 -5.818148e-02
     vertex  5.946174e-02  2.049660e-01 -5.380164e-02
     vertex  5.881964e-02  2.070566e-01 -5.944369e-02
   endloop
 endfacet
 facet normal  1.685718e-02 -9.300152e-01 -3.671343e-01
   outer loop
     vertex  7.941348e-02  2.070566e-01 -5.818148e-02
     vertex  6.009917e-02  2.027665e-01 -4.820061e-02
     vertex  5.946174e-02  2.049660e-01 -5.380164e-02
   endloop
 endfacet
 facet normal  6.600982e-03 -9.232746e-01 -3.840840e-01
   outer loop
     vertex  7.941348e-02  2.070566e-01 -5.818148e-02
     vertex  6.073170e-02  2.004589e-01 -4.264267e-02
     vertex  6.009917e-02  2.027665e-01 -4.820061e-02
   endloop
 endfacet
 facet normal  1.160244e-01 -9.567578e-01 -2.667448e-01
   outer loop
     vertex  7.941348e-02  2.070566e-01 -5.818148e-02
     vertex  9.970405e-02  2.004589e-01 -2.569109e-02
     vertex  6.073170e-02  2.004589e-01 -4.264267e-02
   endloop
 endfacet
 facet normal  1.159796e-01 -9.567920e-01 -2.666416e-01
   outer loop
     vertex  7.941348e-02  2.070566e-01 -5.818148e-02
     vertex  9.782751e-02  2.140270e-01 -7.518408e-02
     vertex  9.833366e-02  2.070566e-01 -4.995187e-02
   endloop
 endfacet
 facet normal  1.160244e-01 -9.567578e-01 -2.667448e-01
   outer loop
     vertex  7.941348e-02  2.070566e-01 -5.818148e-02
     vertex  9.833366e-02  2.070566e-01 -4.995187e-02
     vertex  9.970405e-02  2.004589e-01 -2.569109e-02
   endloop
 endfacet
 facet normal  9.568929e-02 -9.531075e-01 -2.871057e-01
   outer loop
     vertex  7.941348e-02  2.070566e-01 -5.818148e-02
     vertex  8.455995e-02  2.140270e-01 -7.960602e-02
     vertex  9.782751e-02  2.140270e-01 -7.518408e-02
   endloop
 endfacet
 facet normal  5.802177e-02 -9.533516e-01 -2.962334e-01
   outer loop
     vertex  7.941348e-02  2.070566e-01 -5.818148e-02
     vertex  7.779549e-02  2.140270e-01 -8.093094e-02
     vertex  8.455995e-02  2.140270e-01 -7.960602e-02
   endloop
 endfacet
 facet normal  1.298033e-01  7.071797e-01  6.950166e-01
   outer loop
     vertex  7.194108e-02  2.425427e-01  3.680631e-02
     vertex  7.300017e-02  2.425427e-01  3.660851e-02
     vertex  6.911501e-02  2.578147e-01  2.179486e-02
   endloop
 endfacet
 facet normal  1.070533e-01  7.070775e-01  6.989857e-01
   outer loop
     vertex  7.087679e-02  2.425427e-01  3.697382e-02
     vertex  6.911501e-02  2.578147e-01  2.179486e-02
     vertex  6.877117e-02  2.578147e-01  2.184752e-02
   endloop
 endfacet
 facet normal  9.622864e-02  7.071099e-01  7.005252e-01
   outer loop
     vertex  7.087679e-02  2.425427e-01  3.697382e-02
     vertex  6.877117e-02  2.578147e-01  2.184752e-02
     vertex  6.842656e-02  2.578147e-01  2.189486e-02
   endloop
 endfacet
 facet normal  1.099512e-01  7.070212e-01  6.985927e-01
   outer loop
     vertex  7.087679e-02  2.425427e-01  3.697382e-02
     vertex  7.194108e-02  2.425427e-01  3.680631e-02
     vertex  6.911501e-02  2.578147e-01  2.179486e-02
   endloop
 endfacet
 facet normal  8.538753e-02  7.070962e-01  7.019430e-01
   outer loop
     vertex  6.980815e-02  2.425427e-01  3.711090e-02
     vertex  6.842656e-02  2.578147e-01  2.189486e-02
     vertex  6.808125e-02  2.578147e-01  2.193686e-02
   endloop
 endfacet
 facet normal  8.998091e-02  7.070182e-01  7.014476e-01
   outer loop
     vertex  6.980815e-02  2.425427e-01  3.711090e-02
     vertex  7.087679e-02  2.425427e-01  3.697382e-02
     vertex  6.842656e-02  2.578147e-01  2.189486e-02
   endloop
 endfacet
 facet normal -1.693062e-01  4.132153e-01 -8.947561e-01
   outer loop
     vertex  2.842706e-02  2.411558e-01  1.078210e-02
     vertex  2.945563e-02  2.415007e-01  1.074674e-02
     vertex  2.937869e-02  2.409239e-01  1.049495e-02
   endloop
 endfacet
 facet normal -3.010759e-01  8.545807e-01 -4.231373e-01
   outer loop
     vertex  2.842706e-02  2.411558e-01  1.078210e-02
     vertex  2.882811e-02  2.415628e-01  1.131877e-02
     vertex  2.945563e-02  2.415007e-01  1.074674e-02
   endloop
 endfacet
 facet normal -2.233988e-01  8.216754e-01  5.243496e-01
   outer loop
     vertex  2.801900e-02  2.425427e-01 -4.759458e-03
     vertex  2.712744e-02  2.415591e-01 -3.597934e-03
     vertex  2.786986e-02  2.414957e-01 -3.182407e-03
   endloop
 endfacet
 facet normal  0.000000e+00  0.000000e+00  0.000000e+00
   outer loop
     vertex  2.801900e-02  2.425427e-01 -4.759458e-03
     vertex  2.786986e-02  2.414957e-01 -3.182407e-03
     vertex  2.801900e-02  2.425427e-01 -4.759458e-03
   endloop
 endfacet
 facet normal -6.628960e-01  4.132153e-01 -6.243573e-01
   outer loop
     vertex  4.209648e-02  2.411558e-01  3.045638e-02
     vertex  4.290783e-02  2.415007e-01  2.982320e-02
     vertex  4.269758e-02  2.409239e-01  2.966471e-02
   endloop
 endfacet
 facet normal -4.922894e-01  8.545807e-01 -1.653573e-01
   outer loop
     vertex  4.209648e-02  2.411558e-01  3.045638e-02
     vertex  4.273638e-02  2.415628e-01  3.065483e-02
     vertex  4.290783e-02  2.415007e-01  2.982320e-02
   endloop
 endfacet
 facet normal  1.274716e-01  8.216754e-01  5.555183e-01
   outer loop
     vertex  3.263126e-02  2.425427e-01  1.812285e-02
     vertex  3.259270e-02  2.415591e-01  1.958659e-02
     vertex  3.343757e-02  2.414957e-01  1.948637e-02
   endloop
 endfacet
 facet normal  0.000000e+00  0.000000e+00  0.000000e+00
   outer loop
     vertex  3.263126e-02  2.425427e-01  1.812285e-02
     vertex  3.343757e-02  2.414957e-01  1.948637e-02
     vertex  3.263126e-02  2.425427e-01  1.812285e-02
   endloop
 endfacet
 facet normal -9.032821e-01  4.132153e-01 -1.154751e-01
   outer loop
     vertex  6.471953e-02  2.411558e-01  3.833853e-02
     vertex  6.500374e-02  2.415007e-01  3.734937e-02
     vertex  6.474050e-02  2.409239e-01  3.734473e-02
   endloop
 endfacet
 facet normal -4.954651e-01  8.545807e-01  1.555836e-01
   outer loop
     vertex  6.471953e-02  2.411558e-01  3.833853e-02
     vertex  6.535386e-02  2.415628e-01  3.812295e-02
     vertex  6.500374e-02  2.415007e-01  3.734937e-02
   endloop
 endfacet
 facet normal  4.296521e-01  8.216754e-01  3.744978e-01
   outer loop
     vertex  4.981253e-02  2.425427e-01  3.392401e-02
     vertex  5.064170e-02  2.415591e-01  3.513086e-02
     vertex  5.126631e-02  2.414957e-01  3.455318e-02
   endloop
 endfacet
 facet normal  0.000000e+00  0.000000e+00  0.000000e+00
   outer loop
     vertex  4.981253e-02  2.425427e-01  3.392401e-02
     vertex  5.126631e-02  2.414957e-01  3.455318e-02
     vertex  4.981253e-02  2.425427e-01  3.392401e-02
   endloop
 endfacet
 facet normal -7.986452e-01  4.132153e-01  4.375146e-01
   outer loop
     vertex  8.765497e-02  2.411558e-01  3.141782e-02
     vertex  8.730349e-02  2.415007e-01  3.045052e-02
     vertex  8.708780e-02  2.409239e-01  3.060150e-02
   endloop
 endfacet
 facet normal -3.093899e-01  8.545807e-01  4.170968e-01
   outer loop
     vertex  8.765497e-02  2.411558e-01  3.141782e-02
     vertex  8.804144e-02  2.415628e-01  3.087056e-02
     vertex  8.730349e-02  2.415007e-01  3.045052e-02
   endloop
 endfacet
 facet normal  5.677202e-01  8.216754e-01  5.043191e-02
   outer loop
     vertex  7.300017e-02  2.425427e-01  3.660851e-02
     vertex  7.438035e-02  2.415591e-01  3.709751e-02
     vertex  7.454612e-02  2.414957e-01  3.626302e-02
   endloop
 endfacet
 facet normal  0.000000e+00  0.000000e+00  0.000000e+00
   outer loop
     vertex  7.300017e-02  2.425427e-01  3.660851e-02
     vertex  7.454612e-02  2.414957e-01  3.626302e-02
     vertex  7.300017e-02  2.425427e-01  3.660851e-02
   endloop
 endfacet
 facet normal -3.889529e-01  4.132153e-01  8.233886e-01
   outer loop
     vertex  1.021422e-01  2.411558e-01  1.233774e-02
     vertex  1.012893e-01  2.415007e-01  1.176177e-02
     vertex  1.012036e-01  2.409239e-01  1.201070e-02
   endloop
 endfacet
 facet normal -5.138333e-03  8.545807e-01  5.192933e-01
   outer loop
     vertex  1.021422e-01  2.411558e-01  1.233774e-02
     vertex  1.021332e-01  2.415628e-01  1.166783e-02
     vertex  1.012893e-01  2.415007e-01  1.176177e-02
   endloop
 endfacet
 facet normal  4.889384e-01  8.216754e-01 -2.928973e-01
   outer loop
     vertex  9.333727e-02  2.425427e-01  2.515098e-02
     vertex  9.474128e-02  2.415591e-01  2.473533e-02
     vertex  9.438489e-02  2.414957e-01  2.396278e-02
   endloop
 endfacet
 facet normal  0.000000e+00  0.000000e+00  0.000000e+00
   outer loop
     vertex  9.333727e-02  2.425427e-01  2.515098e-02
     vertex  9.438489e-02  2.414957e-01  2.396278e-02
     vertex  9.333727e-02  2.425427e-01  2.515098e-02
   endloop
 endfacet
 facet normal  1.693062e-01  4.132153e-01  8.947561e-01
   outer loop
     vertex  1.026477e-01  2.411558e-01 -1.161377e-02
     vertex  1.016191e-01  2.415007e-01 -1.157841e-02
     vertex  1.016961e-01  2.409239e-01 -1.132662e-02
   endloop
 endfacet
 facet normal  3.010759e-01  8.545807e-01  4.231373e-01
   outer loop
     vertex  1.026477e-01  2.411558e-01 -1.161377e-02
     vertex  1.022466e-01  2.415628e-01 -1.215044e-02
     vertex  1.016191e-01  2.415007e-01 -1.157841e-02
   endloop
 endfacet
 facet normal  2.233988e-01  8.216754e-01 -5.243496e-01
   outer loop
     vertex  1.030558e-01  2.425427e-01  3.927783e-03
     vertex  1.039473e-01  2.415591e-01  2.766260e-03
     vertex  1.032049e-01  2.414957e-01  2.350732e-03
   endloop
 endfacet
 facet normal  0.000000e+00  0.000000e+00  0.000000e+00
   outer loop
     vertex  1.030558e-01  2.425427e-01  3.927783e-03
     vertex  1.032049e-01  2.414957e-01  2.350732e-03
     vertex  1.030558e-01  2.425427e-01  3.927783e-03
   endloop
 endfacet
 facet normal  6.628960e-01  4.132153e-01  6.243573e-01
   outer loop
     vertex  8.897827e-02  2.411558e-01 -3.128806e-02
     vertex  8.816693e-02  2.415007e-01 -3.065487e-02
     vertex  8.837717e-02  2.409239e-01 -3.049639e-02
   endloop
 endfacet
 facet normal  4.922894e-01  8.545807e-01  1.653573e-01
   outer loop
     vertex  8.897827e-02  2.411558e-01 -3.128806e-02
     vertex  8.833837e-02  2.415628e-01 -3.148650e-02
     vertex  8.816693e-02  2.415007e-01 -3.065487e-02
   endloop
 endfacet
 facet normal -1.274716e-01  8.216754e-01 -5.555183e-01
   outer loop
     vertex  9.844350e-02  2.425427e-01 -1.895452e-02
     vertex  9.848206e-02  2.415591e-01 -2.041826e-02
     vertex  9.763719e-02  2.414957e-01 -2.031805e-02
   endloop
 endfacet
 facet normal  0.000000e+00  0.000000e+00  0.000000e+00
   outer loop
     vertex  9.844350e-02  2.425427e-01 -1.895452e-02
     vertex  9.763719e-02  2.414957e-01 -2.031805e-02
     vertex  9.844350e-02  2.425427e-01 -1.895452e-02
   endloop
 endfacet
 facet normal  9.032821e-01  4.132153e-01  1.154751e-01
   outer loop
     vertex  6.635523e-02  2.411558e-01 -3.917020e-02
     vertex  6.607101e-02  2.415007e-01 -3.818105e-02
     vertex  6.633425e-02  2.409239e-01 -3.817641e-02
   endloop
 endfacet
 facet normal  4.954651e-01  8.545807e-01 -1.555836e-01
   outer loop
     vertex  6.635523e-02  2.411558e-01 -3.917020e-02
     vertex  6.572089e-02  2.415628e-01 -3.895462e-02
     vertex  6.607101e-02  2.415007e-01 -3.818105e-02
   endloop
 endfacet
 facet normal -4.296521e-01  8.216754e-01 -3.744978e-01
   outer loop
     vertex  8.126222e-02  2.425427e-01 -3.475568e-02
     vertex  8.043305e-02  2.415591e-01 -3.596254e-02
     vertex  7.980844e-02  2.414957e-01 -3.538486e-02
   endloop
 endfacet
 facet normal  0.000000e+00  0.000000e+00  0.000000e+00
   outer loop
     vertex  8.126222e-02  2.425427e-01 -3.475568e-02
     vertex  7.980844e-02  2.414957e-01 -3.538486e-02
     vertex  8.126222e-02  2.425427e-01 -3.475568e-02
   endloop
 endfacet
 facet normal  7.986452e-01  4.132153e-01 -4.375146e-01
   outer loop
     vertex  4.341979e-02  2.411558e-01 -3.224950e-02
     vertex  4.377126e-02  2.415007e-01 -3.128219e-02
     vertex  4.398696e-02  2.409239e-01 -3.143317e-02
   endloop
 endfacet
 facet normal  3.093899e-01  8.545807e-01 -4.170968e-01
   outer loop
     vertex  4.341979e-02  2.411558e-01 -3.224950e-02
     vertex  4.303331e-02  2.415628e-01 -3.170223e-02
     vertex  4.377126e-02  2.415007e-01 -3.128219e-02
   endloop
 endfacet
 facet normal -5.677202e-01  8.216754e-01 -5.043191e-02
   outer loop
     vertex  5.807459e-02  2.425427e-01 -3.744019e-02
     vertex  5.669441e-02  2.415591e-01 -3.792918e-02
     vertex  5.652864e-02  2.414957e-01 -3.709469e-02
   endloop
 endfacet
 facet normal  0.000000e+00  0.000000e+00  0.000000e+00
   outer loop
     vertex  5.807459e-02  2.425427e-01 -3.744019e-02
     vertex  5.652864e-02  2.414957e-01 -3.709469e-02
     vertex  5.807459e-02  2.425427e-01 -3.744019e-02
   endloop
 endfacet
 facet normal  3.889529e-01  4.132153e-01 -8.233886e-01
   outer loop
     vertex  2.893252e-02  2.411558e-01 -1.316941e-02
     vertex  2.978543e-02  2.415007e-01 -1.259344e-02
     vertex  2.987119e-02  2.409239e-01 -1.284237e-02
   endloop
 endfacet
 facet normal  5.138333e-03  8.545807e-01 -5.192933e-01
   outer loop
     vertex  2.893252e-02  2.411558e-01 -1.316941e-02
     vertex  2.894153e-02  2.415628e-01 -1.249951e-02
     vertex  2.978543e-02  2.415007e-01 -1.259344e-02
   endloop
 endfacet
 facet normal -4.889384e-01  8.216754e-01  2.928973e-01
   outer loop
     vertex  3.773749e-02  2.425427e-01 -2.598265e-02
     vertex  3.633347e-02  2.415591e-01 -2.556700e-02
     vertex  3.668986e-02  2.414957e-01 -2.479445e-02
   endloop
 endfacet
 facet normal  0.000000e+00  0.000000e+00  0.000000e+00
   outer loop
     vertex  3.773749e-02  2.425427e-01 -2.598265e-02
     vertex  3.668986e-02  2.414957e-01 -2.479445e-02
     vertex  3.773749e-02  2.425427e-01 -2.598265e-02
   endloop
 endfacet
 facet normal -1.298033e-01  7.071797e-01 -6.950166e-01
   outer loop
     vertex  5.913367e-02  2.425427e-01 -3.763799e-02
     vertex  5.807459e-02  2.425427e-01 -3.744019e-02
     vertex  6.195974e-02  2.578147e-01 -2.262653e-02
   endloop
 endfacet
 facet normal -1.070533e-01  7.070775e-01 -6.989857e-01
   outer loop
     vertex  6.019796e-02  2.425427e-01 -3.780549e-02
     vertex  6.195974e-02  2.578147e-01 -2.262653e-02
     vertex  6.230358e-02  2.578147e-01 -2.267919e-02
   endloop
 endfacet
 facet normal -9.622864e-02  7.071099e-01 -7.005252e-01
   outer loop
     vertex  6.019796e-02  2.425427e-01 -3.780549e-02
     vertex  6.230358e-02  2.578147e-01 -2.267919e-02
     vertex  6.264820e-02  2.578147e-01 -2.272653e-02
   endloop
 endfacet
 facet normal -1.099512e-01  7.070212e-01 -6.985927e-01
   outer loop
     vertex  6.019796e-02  2.425427e-01 -3.780549e-02
     vertex  5.913367e-02  2.425427e-01 -3.763799e-02
     vertex  6.195974e-02  2.578147e-01 -2.262653e-02
   endloop
 endfacet
 facet normal -8.538753e-02  7.070962e-01 -7.019430e-01
   outer loop
     vertex  6.126660e-02  2.425427e-01 -3.794258e-02
     vertex  6.264820e-02  2.578147e-01 -2.272653e-02
     vertex  6.299350e-02  2.578147e-01 -2.276854e-02
   endloop
 endfacet
 facet normal -7.452415e-02  7.070962e-01 -7.031793e-01
   outer loop
     vertex  6.126660e-02  2.425427e-01 -3.794258e-02
     vertex  6.299350e-02  2.578147e-01 -2.276854e-02
     vertex  6.333941e-02  2.578147e-01 -2.280520e-02
   endloop
 endfacet
 facet normal -8.998091e-02  7.070182e-01 -7.014476e-01
   outer loop
     vertex  6.126660e-02  2.425427e-01 -3.794258e-02
     vertex  6.019796e-02  2.425427e-01 -3.780549e-02
     vertex  6.264820e-02  2.578147e-01 -2.272653e-02
   endloop
 endfacet
 facet normal -6.364172e-02  7.071099e-01 -7.042338e-01
   outer loop
     vertex  6.233871e-02  2.425427e-01 -3.804912e-02
     vertex  6.333941e-02  2.578147e-01 -2.280520e-02
     vertex  6.368585e-02  2.578147e-01 -2.283650e-02
   endloop
 endfacet
 facet normal -5.274793e-02  7.070775e-01 -7.051660e-01
   outer loop
     vertex  6.233871e-02  2.425427e-01 -3.804912e-02
     vertex  6.368585e-02  2.578147e-01 -2.283650e-02
     vertex  6.403273e-02  2.578147e-01 -2.286245e-02
   endloop
 endfacet
 facet normal -6.993692e-02  7.070182e-01 -7.037287e-01
   outer loop
     vertex  6.233871e-02  2.425427e-01 -3.804912e-02
     vertex  6.126660e-02  2.425427e-01 -3.794258e-02
     vertex  6.333941e-02  2.578147e-01 -2.280520e-02
   endloop
 endfacet
 facet normal -4.983581e-02  7.070212e-01 -7.054342e-01
   outer loop
     vertex  6.341343e-02  2.425427e-01 -3.812505e-02
     vertex  6.233871e-02  2.425427e-01 -3.804912e-02
     vertex  6.403273e-02  2.578147e-01 -2.286245e-02
   endloop
 endfacet
 facet normal -2.968779e-02  7.071797e-01 -7.064103e-01
   outer loop
     vertex  6.448987e-02  2.425427e-01 -3.817029e-02
     vertex  6.341343e-02  2.425427e-01 -3.812505e-02
     vertex  6.403273e-02  2.578147e-01 -2.286245e-02
   endloop
 endfacet
 facet normal -4.934991e-01  7.071665e-01 -5.063341e-01
   outer loop
     vertex  3.924061e-02  2.425427e-01 -2.752628e-02
     vertex  4.958789e-02  2.578147e-01 -1.628178e-02
     vertex  5.008608e-02  2.578147e-01 -1.676735e-02
   endloop
 endfacet
 facet normal -5.068357e-01  7.067804e-01 -4.935372e-01
   outer loop
     vertex  3.924061e-02  2.425427e-01 -2.752628e-02
     vertex  3.773749e-02  2.425427e-01 -2.598265e-02
     vertex  4.958789e-02  2.578147e-01 -1.628178e-02
   endloop
 endfacet
 facet normal -4.778461e-01  7.068131e-01 -5.216113e-01
   outer loop
     vertex  4.082931e-02  2.425427e-01 -2.898168e-02
     vertex  5.008608e-02  2.578147e-01 -1.676735e-02
     vertex  5.059905e-02  2.578147e-01 -1.723728e-02
   endloop
 endfacet
 facet normal -4.612592e-01  7.071665e-01 -5.358689e-01
   outer loop
     vertex  4.082931e-02  2.425427e-01 -2.898168e-02
     vertex  5.059905e-02  2.578147e-01 -1.723728e-02
     vertex  5.112631e-02  2.578147e-01 -1.769112e-02
   endloop
 endfacet
 facet normal -4.778461e-01  7.068131e-01 -5.216113e-01
   outer loop
     vertex  4.082931e-02  2.425427e-01 -2.898168e-02
     vertex  3.924061e-02  2.425427e-01 -2.752628e-02
     vertex  5.008608e-02  2.578147e-01 -1.676735e-02
   endloop
 endfacet
 facet normal -4.473455e-01  7.067804e-01 -5.480359e-01
   outer loop
     vertex  4.249842e-02  2.425427e-01 -3.034412e-02
     vertex  4.082931e-02  2.425427e-01 -2.898168e-02
     vertex  5.112631e-02  2.578147e-01 -1.769112e-02
   endloop
 endfacet
 facet normal  6.260026e-01  7.067804e-01 -3.295180e-01
   outer loop
     vertex  9.944708e-02  2.425427e-01 -1.704796e-02
     vertex  9.844350e-02  2.425427e-01 -1.895452e-02
     vertex  8.555545e-02  2.578147e-01 -1.068185e-02
   endloop
 endfacet
 facet normal  6.340519e-01  7.071665e-01 -3.128797e-01
   outer loop
     vertex  9.944708e-02  2.425427e-01 -1.704796e-02
     vertex  8.555545e-02  2.578147e-01 -1.068185e-02
     vertex  8.586330e-02  2.578147e-01 -1.005800e-02
   endloop
 endfacet
 facet normal  6.437444e-01  7.068131e-01 -2.932719e-01
   outer loop
     vertex  1.003403e-01  2.425427e-01 -1.508727e-02
     vertex  8.586330e-02  2.578147e-01 -1.005800e-02
     vertex  8.615171e-02  2.578147e-01 -9.424917e-03
   endloop
 endfacet
 facet normal  6.521785e-01  7.071665e-01 -2.730910e-01
   outer loop
     vertex  1.003403e-01  2.425427e-01 -1.508727e-02
     vertex  8.615171e-02  2.578147e-01 -9.424917e-03
     vertex  8.642042e-02  2.578147e-01 -8.783224e-03
   endloop
 endfacet
 facet normal  6.437444e-01  7.068131e-01 -2.932719e-01
   outer loop
     vertex  1.003403e-01  2.425427e-01 -1.508727e-02
     vertex  9.944708e-02  2.425427e-01 -1.704796e-02
     vertex  8.586330e-02  2.578147e-01 -1.005800e-02
   endloop
 endfacet
 facet normal  6.594505e-01  7.067804e-01 -2.560985e-01
   outer loop
     vertex  1.011203e-01  2.425427e-01 -1.307884e-02
     vertex  1.003403e-01  2.425427e-01 -1.508727e-02
     vertex  8.642042e-02  2.578147e-01 -8.783224e-03
   endloop
 endfacet
 facet normal  3.127609e-01  7.067804e-01 -6.345408e-01
   outer loop
     vertex  8.319479e-02  2.425427e-01 -3.380313e-02
     vertex  8.126222e-02  2.425427e-01 -3.475568e-02
     vertex  7.569813e-02  2.578147e-01 -2.048755e-02
   endloop
 endfacet
 facet normal  3.290527e-01  7.071665e-01 -6.258113e-01
   outer loop
     vertex  8.319479e-02  2.425427e-01 -3.380313e-02
     vertex  7.569813e-02  2.578147e-01 -2.048755e-02
     vertex  7.631388e-02  2.578147e-01 -2.016379e-02
   endloop
 endfacet
 facet normal  3.484192e-01  7.068131e-01 -6.156454e-01
   outer loop
     vertex  8.506989e-02  2.425427e-01 -3.274193e-02
     vertex  7.631388e-02  2.578147e-01 -2.016379e-02
     vertex  7.691932e-02  2.578147e-01 -1.982114e-02
   endloop
 endfacet
 facet normal  3.671047e-01  7.071665e-01 -6.042762e-01
   outer loop
     vertex  8.506989e-02  2.425427e-01 -3.274193e-02
     vertex  7.691932e-02  2.578147e-01 -1.982114e-02
     vertex  7.751388e-02  2.578147e-01 -1.945994e-02
   endloop
 endfacet
 facet normal  3.484192e-01  7.068131e-01 -6.156454e-01
   outer loop
     vertex  8.506989e-02  2.425427e-01 -3.274193e-02
     vertex  8.319479e-02  2.425427e-01 -3.380313e-02
     vertex  7.631388e-02  2.578147e-01 -2.016379e-02
   endloop
 endfacet
 facet normal  3.829758e-01  7.067804e-01 -5.948033e-01
   outer loop
     vertex  8.688144e-02  2.425427e-01 -3.157554e-02
     vertex  8.506989e-02  2.425427e-01 -3.274193e-02
     vertex  7.751388e-02  2.578147e-01 -1.945994e-02
   endloop
 endfacet
 facet normal -3.127609e-01  7.067804e-01  6.345408e-01
   outer loop
     vertex  4.787997e-02  2.425427e-01  3.297146e-02
     vertex  4.981253e-02  2.425427e-01  3.392401e-02
     vertex  5.537663e-02  2.578147e-01  1.965587e-02
   endloop
 endfacet
 facet normal -3.290527e-01  7.071665e-01  6.258113e-01
   outer loop
     vertex  4.787997e-02  2.425427e-01  3.297146e-02
     vertex  5.537663e-02  2.578147e-01  1.965587e-02
     vertex  5.476088e-02  2.578147e-01  1.933211e-02
   endloop
 endfacet
 facet normal -3.484192e-01  7.068131e-01  6.156454e-01
   outer loop
     vertex  4.600486e-02  2.425427e-01  3.191026e-02
     vertex  5.476088e-02  2.578147e-01  1.933211e-02
     vertex  5.415543e-02  2.578147e-01  1.898947e-02
   endloop
 endfacet
 facet normal -3.671047e-01  7.071665e-01  6.042762e-01
   outer loop
     vertex  4.600486e-02  2.425427e-01  3.191026e-02
     vertex  5.415543e-02  2.578147e-01  1.898947e-02
     vertex  5.356087e-02  2.578147e-01  1.862826e-02
   endloop
 endfacet
 facet normal -3.484192e-01  7.068131e-01  6.156454e-01
   outer loop
     vertex  4.600486e-02  2.425427e-01  3.191026e-02
     vertex  4.787997e-02  2.425427e-01  3.297146e-02
     vertex  5.476088e-02  2.578147e-01  1.933211e-02
   endloop
 endfacet
 facet normal -3.829758e-01  7.067804e-01  5.948033e-01
   outer loop
     vertex  4.419332e-02  2.425427e-01  3.074386e-02
     vertex  4.600486e-02  2.425427e-01  3.191026e-02
     vertex  5.356087e-02  2.578147e-01  1.862826e-02
   endloop
 endfacet
 facet normal  7.452415e-02  7.070962e-01  7.031793e-01
   outer loop
     vertex  6.980815e-02  2.425427e-01  3.711090e-02
     vertex  6.808125e-02  2.578147e-01  2.193686e-02
     vertex  6.773534e-02  2.578147e-01  2.197352e-02
   endloop
 endfacet
 facet normal  6.364172e-02  7.071099e-01  7.042338e-01
   outer loop
     vertex  6.873604e-02  2.425427e-01  3.721745e-02
     vertex  6.773534e-02  2.578147e-01  2.197352e-02
     vertex  6.738890e-02  2.578147e-01  2.200483e-02
   endloop
 endfacet
 facet normal  5.274793e-02  7.070775e-01  7.051660e-01
   outer loop
     vertex  6.873604e-02  2.425427e-01  3.721745e-02
     vertex  6.738890e-02  2.578147e-01  2.200483e-02
     vertex  6.704202e-02  2.578147e-01  2.203078e-02
   endloop
 endfacet
 facet normal  6.993692e-02  7.070182e-01  7.037287e-01
   outer loop
     vertex  6.873604e-02  2.425427e-01  3.721745e-02
     vertex  6.980815e-02  2.425427e-01  3.711090e-02
     vertex  6.773534e-02  2.578147e-01  2.197352e-02
   endloop
 endfacet
 facet normal  4.983581e-02  7.070212e-01  7.054342e-01
   outer loop
     vertex  6.766133e-02  2.425427e-01  3.729337e-02
     vertex  6.873604e-02  2.425427e-01  3.721745e-02
     vertex  6.704202e-02  2.578147e-01  2.203078e-02
   endloop
 endfacet
 facet normal  2.968779e-02  7.071797e-01  7.064103e-01
   outer loop
     vertex  6.658488e-02  2.425427e-01  3.733861e-02
     vertex  6.766133e-02  2.425427e-01  3.729337e-02
     vertex  6.704202e-02  2.578147e-01  2.203078e-02
   endloop
 endfacet
 facet normal  5.068357e-01  7.067804e-01  4.935372e-01
   outer loop
     vertex  9.183414e-02  2.425427e-01  2.669460e-02
     vertex  9.333727e-02  2.425427e-01  2.515098e-02
     vertex  8.148686e-02  2.578147e-01  1.545011e-02
   endloop
 endfacet
 facet normal  4.934991e-01  7.071665e-01  5.063341e-01
   outer loop
     vertex  9.183414e-02  2.425427e-01  2.669460e-02
     vertex  8.148686e-02  2.578147e-01  1.545011e-02
     vertex  8.098867e-02  2.578147e-01  1.593568e-02
   endloop
 endfacet
 facet normal  4.778461e-01  7.068131e-01  5.216113e-01
   outer loop
     vertex  9.024544e-02  2.425427e-01  2.815000e-02
     vertex  8.098867e-02  2.578147e-01  1.593568e-02
     vertex  8.047570e-02  2.578147e-01  1.640560e-02
   endloop
 endfacet
 facet normal  4.612592e-01  7.071665e-01  5.358689e-01
   outer loop
     vertex  9.024544e-02  2.425427e-01  2.815000e-02
     vertex  8.047570e-02  2.578147e-01  1.640560e-02
     vertex  7.994845e-02  2.578147e-01  1.685945e-02
   endloop
 endfacet
 facet normal  4.778461e-01  7.068131e-01  5.216113e-01
   outer loop
     vertex  9.024544e-02  2.425427e-01  2.815000e-02
     vertex  9.183414e-02  2.425427e-01  2.669460e-02
     vertex  8.098867e-02  2.578147e-01  1.593568e-02
   endloop
 endfacet
 facet normal  4.473455e-01  7.067804e-01  5.480359e-01
   outer loop
     vertex  8.857634e-02  2.425427e-01  2.951245e-02
     vertex  9.024544e-02  2.425427e-01  2.815000e-02
     vertex  7.994845e-02  2.578147e-01  1.685945e-02
   endloop
 endfacet
 facet normal  7.001326e-01  7.067804e-01  1.013694e-01
   outer loop
     vertex  1.027470e-01  2.425427e-01  6.060117e-03
     vertex  1.030558e-01  2.425427e-01  3.927783e-03
     vertex  8.776655e-02  2.578147e-01  3.045111e-03
   endloop
 endfacet
 facet normal  6.968648e-01  7.071665e-01  1.195614e-01
   outer loop
     vertex  1.027470e-01  2.425427e-01  6.060117e-03
     vertex  8.776655e-02  2.578147e-01  3.045111e-03
     vertex  8.764891e-02  2.578147e-01  3.730772e-03
   endloop
 endfacet
 facet normal  6.931810e-01  7.068131e-01  1.411215e-01
   outer loop
     vertex  1.023172e-01  2.425427e-01  8.171377e-03
     vertex  8.764891e-02  2.578147e-01  3.730772e-03
     vertex  8.751013e-02  2.578147e-01  4.412468e-03
   endloop
 endfacet
 facet normal  6.881424e-01  7.071665e-01  1.624057e-01
   outer loop
     vertex  1.023172e-01  2.425427e-01  8.171377e-03
     vertex  8.751013e-02  2.578147e-01  4.412468e-03
     vertex  8.735034e-02  2.578147e-01  5.089547e-03
   endloop
 endfacet
 facet normal  6.931810e-01  7.068131e-01  1.411215e-01
   outer loop
     vertex  1.023172e-01  2.425427e-01  8.171377e-03
     vertex  1.027470e-01  2.425427e-01  6.060117e-03
     vertex  8.764891e-02  2.578147e-01  3.730772e-03
   endloop
 endfacet
 facet normal  6.840376e-01  7.067804e-01  1.804273e-01
   outer loop
     vertex  1.017677e-01  2.425427e-01  1.025469e-02
     vertex  1.023172e-01  2.425427e-01  8.171377e-03
     vertex  8.735034e-02  2.578147e-01  5.089547e-03
   endloop
 endfacet
 facet normal -6.260026e-01  7.067804e-01  3.295180e-01
   outer loop
     vertex  3.162767e-02  2.425427e-01  1.621629e-02
     vertex  3.263126e-02  2.425427e-01  1.812285e-02
     vertex  4.551930e-02  2.578147e-01  9.850180e-03
   endloop
 endfacet
 facet normal -6.340519e-01  7.071665e-01  3.128797e-01
   outer loop
     vertex  3.162767e-02  2.425427e-01  1.621629e-02
     vertex  4.551930e-02  2.578147e-01  9.850180e-03
     vertex  4.521145e-02  2.578147e-01  9.226322e-03
   endloop
 endfacet
 facet normal -6.437444e-01  7.068131e-01  2.932719e-01
   outer loop
     vertex  3.073444e-02  2.425427e-01  1.425560e-02
     vertex  4.521145e-02  2.578147e-01  9.226322e-03
     vertex  4.492304e-02  2.578147e-01  8.593243e-03
   endloop
 endfacet
 facet normal -6.521785e-01  7.071665e-01  2.730910e-01
   outer loop
     vertex  3.073444e-02  2.425427e-01  1.425560e-02
     vertex  4.492304e-02  2.578147e-01  8.593243e-03
     vertex  4.465434e-02  2.578147e-01  7.951550e-03
   endloop
 endfacet
 facet normal -6.437444e-01  7.068131e-01  2.932719e-01
   outer loop
     vertex  3.073444e-02  2.425427e-01  1.425560e-02
     vertex  3.162767e-02  2.425427e-01  1.621629e-02
     vertex  4.521145e-02  2.578147e-01  9.226322e-03
   endloop
 endfacet
 facet normal -6.594505e-01  7.067804e-01  2.560985e-01
   outer loop
     vertex  2.995446e-02  2.425427e-01  1.224717e-02
     vertex  3.073444e-02  2.425427e-01  1.425560e-02
     vertex  4.465434e-02  2.578147e-01  7.951550e-03
   endloop
 endfacet
 facet normal -1.823413e-01 -9.814584e-01 -5.908552e-02
   outer loop
     vertex -9.230868e-03  2.140270e-01 -3.270597e-02
     vertex -5.679141e-02  2.231680e-01 -3.777070e-02
     vertex -5.545167e-02  2.231680e-01 -4.190522e-02
   endloop
 endfacet
 facet normal -1.859328e-01 -9.814584e-01 -4.656629e-02
   outer loop
     vertex -1.497773e-02  2.140270e-01 -1.267395e-02
     vertex -5.904578e-02  2.231680e-01 -2.937710e-02
     vertex -5.798991e-02  2.231680e-01 -3.359305e-02
   endloop
 endfacet
 facet normal -1.830851e-01 -9.816930e-01 -5.252411e-02
   outer loop
     vertex -1.497773e-02  2.140270e-01 -1.267395e-02
     vertex -5.798991e-02  2.231680e-01 -3.359305e-02
     vertex -5.679141e-02  2.231680e-01 -3.777070e-02
   endloop
 endfacet
 facet normal -1.830851e-01 -9.816930e-01 -5.252411e-02
   outer loop
     vertex -1.497773e-02  2.140270e-01 -1.267395e-02
     vertex -5.679141e-02  2.231680e-01 -3.777070e-02
     vertex -9.230868e-03  2.140270e-01 -3.270597e-02
   endloop
 endfacet
 facet normal -1.666009e-01 -9.816930e-01  9.232055e-02
   outer loop
     vertex -1.016433e-02  2.140270e-01  2.962072e-02
     vertex -4.526944e-02  2.231680e-01  6.347131e-02
     vertex -4.737602e-02  2.231680e-01  5.966980e-02
   endloop
 endfacet
 facet normal -1.707145e-01 -9.814584e-01  8.715499e-02
   outer loop
     vertex -1.016433e-02  2.140270e-01  2.962072e-02
     vertex -4.737602e-02  2.231680e-01  5.966980e-02
     vertex -4.935222e-02  2.231680e-01  5.579892e-02
   endloop
 endfacet
 facet normal -1.644017e-01 -9.814584e-01  9.854703e-02
   outer loop
     vertex -6.319199e-05  2.140270e-01  4.784915e-02
     vertex -4.303492e-02  2.231680e-01  6.719906e-02
     vertex -4.526944e-02  2.231680e-01  6.347131e-02
   endloop
 endfacet
 facet normal -1.666009e-01 -9.816930e-01  9.232055e-02
   outer loop
     vertex -6.319199e-05  2.140270e-01  4.784915e-02
     vertex -4.526944e-02  2.231680e-01  6.347131e-02
     vertex -1.016433e-02  2.140270e-01  2.962072e-02
   endloop
 endfacet
 facet normal -7.873219e-02 -9.811867e-01 -1.762777e-01
   outer loop
     vertex  2.920705e-02  2.140270e-01 -7.330651e-02
     vertex  9.322622e-03  2.231680e-01 -1.153054e-01
     vertex  3.550082e-02  2.140270e-01 -7.611754e-02
   endloop
 endfacet
 facet normal -9.878440e-02 -9.813681e-01 -1.647977e-01
   outer loop
     vertex  2.920705e-02  2.140270e-01 -7.330651e-02
     vertex -2.077518e-03  2.231680e-01 -1.089881e-01
     vertex  1.650227e-03  2.231680e-01 -1.112227e-01
   endloop
 endfacet
 facet normal -9.345161e-02 -9.812373e-01 -1.686420e-01
   outer loop
     vertex  2.920705e-02  2.140270e-01 -7.330651e-02
     vertex  1.650227e-03  2.231680e-01 -1.112227e-01
     vertex  5.451737e-03  2.231680e-01 -1.133292e-01
   endloop
 endfacet
 facet normal -8.780207e-02 -9.811794e-01 -1.719820e-01
   outer loop
     vertex  2.920705e-02  2.140270e-01 -7.330651e-02
     vertex  5.451737e-03  2.231680e-01 -1.133292e-01
     vertex  9.322622e-03  2.231680e-01 -1.153054e-01
   endloop
 endfacet
 facet normal -1.000141e-01 -9.814217e-01 -1.637333e-01
   outer loop
     vertex  2.920705e-02  2.140270e-01 -7.330651e-02
     vertex  1.727239e-02  2.140270e-01 -6.601641e-02
     vertex -2.077518e-03  2.231680e-01 -1.089881e-01
   endloop
 endfacet
 facet normal -9.941272e-02 -9.366836e-01 -3.357692e-01
   outer loop
     vertex  3.903605e-02  2.070566e-01 -5.358627e-02
     vertex  5.881964e-02  2.070566e-01 -5.944369e-02
     vertex  5.946174e-02  2.049660e-01 -5.380164e-02
   endloop
 endfacet
 facet normal -9.892197e-02 -9.300152e-01 -3.539579e-01
   outer loop
     vertex  3.903605e-02  2.070566e-01 -5.358627e-02
     vertex  5.946174e-02  2.049660e-01 -5.380164e-02
     vertex  6.009917e-02  2.027665e-01 -4.820061e-02
   endloop
 endfacet
 facet normal -9.273669e-02 -9.232746e-01 -3.727788e-01
   outer loop
     vertex  3.903605e-02  2.070566e-01 -5.358627e-02
     vertex  6.009917e-02  2.027665e-01 -4.820061e-02
     vertex  6.073170e-02  2.004589e-01 -4.264267e-02
   endloop
 endfacet
 facet normal -8.364413e-02 -9.556106e-01 -2.825103e-01
   outer loop
     vertex  3.903605e-02  2.070566e-01 -5.358627e-02
     vertex  3.550082e-02  2.140270e-01 -7.611754e-02
     vertex  5.881964e-02  2.070566e-01 -5.944369e-02
   endloop
 endfacet
 facet normal -1.231023e-01 -9.533516e-01 -2.756203e-01
   outer loop
     vertex  3.903605e-02  2.070566e-01 -5.358627e-02
     vertex  2.920705e-02  2.140270e-01 -7.330651e-02
     vertex  3.550082e-02  2.140270e-01 -7.611754e-02
   endloop
 endfacet
 facet normal -1.577556e-01 -9.531075e-01 -2.582621e-01
   outer loop
     vertex  3.903605e-02  2.070566e-01 -5.358627e-02
     vertex  1.727239e-02  2.140270e-01 -6.601641e-02
     vertex  2.920705e-02  2.140270e-01 -7.330651e-02
   endloop
 endfacet
 facet normal -1.729286e-01 -9.567920e-01 -2.337621e-01
   outer loop
     vertex  2.244892e-02  2.070566e-01 -4.131572e-02
     vertex  1.727239e-02  2.140270e-01 -6.601641e-02
     vertex  3.903605e-02  2.070566e-01 -5.358627e-02
   endloop
 endfacet
 facet normal -1.729955e-01 -9.567578e-01 -2.338525e-01
   outer loop
     vertex  2.244892e-02  2.070566e-01 -4.131572e-02
     vertex  6.073170e-02  2.004589e-01 -4.264267e-02
     vertex  2.656503e-02  2.004589e-01 -1.736741e-02
   endloop
 endfacet
 facet normal -2.642423e-01 -9.412619e-01 -2.102429e-01
   outer loop
     vertex  2.244892e-02  2.070566e-01 -4.131572e-02
     vertex -9.230868e-03  2.140270e-01 -3.270597e-02
     vertex  1.727239e-02  2.140270e-01 -6.601641e-02
   endloop
 endfacet
 facet normal -1.729955e-01 -9.567578e-01 -2.338525e-01
   outer loop
     vertex  2.244892e-02  2.070566e-01 -4.131572e-02
     vertex  3.903605e-02  2.070566e-01 -5.358627e-02
     vertex  6.073170e-02  2.004589e-01 -4.264267e-02
   endloop
 endfacet
 facet normal -3.071297e-01 -9.296901e-01 -2.033411e-01
   outer loop
     vertex  1.105889e-02  2.070566e-01 -2.411203e-02
     vertex  2.244892e-02  2.070566e-01 -4.131572e-02
     vertex  2.656503e-02  2.004589e-01 -1.736741e-02
   endloop
 endfacet
 facet normal -2.554076e-01 -9.519312e-01 -1.690975e-01
   outer loop
     vertex  1.105889e-02  2.070566e-01 -2.411203e-02
     vertex -9.230868e-03  2.140270e-01 -3.270597e-02
     vertex  2.244892e-02  2.070566e-01 -4.131572e-02
   endloop
 endfacet
 facet normal -2.918605e-01 -9.527889e-01 -8.373000e-02
   outer loop
     vertex  1.105889e-02  2.070566e-01 -2.411203e-02
     vertex -1.497773e-02  2.140270e-01 -1.267395e-02
     vertex -9.230868e-03  2.140270e-01 -3.270597e-02
   endloop
 endfacet
 facet normal -3.581542e-01 -9.296901e-01 -8.603360e-02
   outer loop
     vertex  6.239768e-03  2.070566e-01 -4.050235e-03
     vertex  1.105889e-02  2.070566e-01 -2.411203e-02
     vertex  2.656503e-02  2.004589e-01 -1.736741e-02
   endloop
 endfacet
 facet normal -2.860558e-01 -9.557460e-01 -6.871456e-02
   outer loop
     vertex  6.239768e-03  2.070566e-01 -4.050235e-03
     vertex -1.497773e-02  2.140270e-01 -1.267395e-02
     vertex  1.105889e-02  2.070566e-01 -2.411203e-02
   endloop
 endfacet
 facet normal -2.890200e-01 -9.567578e-01  3.289228e-02
   outer loop
     vertex  8.572814e-03  2.070566e-01  1.644992e-02
     vertex  2.656503e-02  2.004589e-01 -1.736741e-02
     vertex  3.137071e-02  2.004589e-01  2.485942e-02
   endloop
 endfacet
 facet normal -3.254531e-01 -9.448325e-01  3.703860e-02
   outer loop
     vertex  8.572814e-03  2.070566e-01  1.644992e-02
     vertex -1.016433e-02  2.140270e-01  2.962072e-02
     vertex -1.497773e-02  2.140270e-01 -1.267395e-02
   endloop
 endfacet
 facet normal -2.890200e-01 -9.567578e-01  3.289228e-02
   outer loop
     vertex  8.572814e-03  2.070566e-01  1.644992e-02
     vertex  6.239768e-03  2.070566e-01 -4.050235e-03
     vertex  2.656503e-02  2.004589e-01 -1.736741e-02
   endloop
 endfacet
 facet normal -3.254531e-01 -9.448325e-01  3.703860e-02
   outer loop
     vertex  8.572814e-03  2.070566e-01  1.644992e-02
     vertex -1.497773e-02  2.140270e-01 -1.267395e-02
     vertex  6.239768e-03  2.070566e-01 -4.050235e-03
   endloop
 endfacet
 facet normal -3.296634e-01 -9.296901e-01  1.643115e-01
   outer loop
     vertex  1.777663e-02  2.070566e-01  3.491582e-02
     vertex  8.572814e-03  2.070566e-01  1.644992e-02
     vertex  3.137071e-02  2.004589e-01  2.485942e-02
   endloop
 endfacet
 facet normal -2.633003e-01 -9.557460e-01  1.312347e-01
   outer loop
     vertex  1.777663e-02  2.070566e-01  3.491582e-02
     vertex -1.016433e-02  2.140270e-01  2.962072e-02
     vertex  8.572814e-03  2.070566e-01  1.644992e-02
   endloop
 endfacet
 facet normal -2.655826e-01 -9.527889e-01  1.471705e-01
   outer loop
     vertex  1.777663e-02  2.070566e-01  3.491582e-02
     vertex -6.319199e-05  2.140270e-01  4.784915e-02
     vertex -1.016433e-02  2.140270e-01  2.962072e-02
   endloop
 endfacet
 facet normal -2.102429e-01 -9.412619e-01  2.642423e-01
   outer loop
     vertex  3.274109e-02  2.070566e-01  4.912020e-02
     vertex  3.324724e-02  2.140270e-01  7.435241e-02
     vertex -6.319199e-05  2.140270e-01  4.784915e-02
   endloop
 endfacet
 facet normal -2.108796e-01 -9.519312e-01  2.221639e-01
   outer loop
     vertex  3.274109e-02  2.070566e-01  4.912020e-02
     vertex -6.319199e-05  2.140270e-01  4.784915e-02
     vertex  1.777663e-02  2.070566e-01  3.491582e-02
   endloop
 endfacet
 facet normal -2.535844e-01 -9.296901e-01  2.671539e-01
   outer loop
     vertex  3.274109e-02  2.070566e-01  4.912020e-02
     vertex  1.777663e-02  2.070566e-01  3.491582e-02
     vertex  3.137071e-02  2.004589e-01  2.485942e-02
   endloop
 endfacet
 facet normal -6.066521e-02 -9.814217e-01  1.820196e-01
   outer loop
     vertex  4.651480e-02  2.140270e-01  7.877434e-02
     vertex  2.404800e-02  2.231680e-01  1.205732e-01
     vertex  3.324724e-02  2.140270e-01  7.435241e-02
   endloop
 endfacet
 facet normal -4.691202e-02 -9.811794e-01  1.873133e-01
   outer loop
     vertex  4.651480e-02  2.140270e-01  7.877434e-02
     vertex  3.657612e-02  2.231680e-01  1.241673e-01
     vertex  3.236016e-02  2.231680e-01  1.231115e-01
   endloop
 endfacet
 facet normal -5.316760e-02 -9.812373e-01  1.853281e-01
   outer loop
     vertex  4.651480e-02  2.140270e-01  7.877434e-02
     vertex  3.236016e-02  2.231680e-01  1.231115e-01
     vertex  2.818251e-02  2.231680e-01  1.219130e-01
   endloop
 endfacet
 facet normal -5.922784e-02 -9.813681e-01  1.827805e-01
   outer loop
     vertex  4.651480e-02  2.140270e-01  7.877434e-02
     vertex  2.818251e-02  2.231680e-01  1.219130e-01
     vertex  2.404800e-02  2.231680e-01  1.205732e-01
   endloop
 endfacet
 facet normal -3.710882e-02 -9.811867e-01  1.894612e-01
   outer loop
     vertex  4.651480e-02  2.140270e-01  7.877434e-02
     vertex  5.327927e-02  2.140270e-01  8.009927e-02
     vertex  3.657612e-02  2.231680e-01  1.241673e-01
   endloop
 endfacet
 facet normal -1.160244e-01 -9.567578e-01  2.667448e-01
   outer loop
     vertex  5.166127e-02  2.070566e-01  5.734980e-02
     vertex  3.137071e-02  2.004589e-01  2.485942e-02
     vertex  7.034305e-02  2.004589e-01  4.181100e-02
   endloop
 endfacet
 facet normal -1.802445e-02 -9.556106e-01  2.940808e-01
   outer loop
     vertex  5.166127e-02  2.070566e-01  5.734980e-02
     vertex  7.225512e-02  2.070566e-01  5.861201e-02
     vertex  5.327927e-02  2.140270e-01  8.009927e-02
   endloop
 endfacet
 facet normal -2.142242e-02 -9.366836e-01  3.495210e-01
   outer loop
     vertex  5.166127e-02  2.070566e-01  5.734980e-02
     vertex  7.161301e-02  2.049660e-01  5.296997e-02
     vertex  7.225512e-02  2.070566e-01  5.861201e-02
   endloop
 endfacet
 facet normal -1.685718e-02 -9.300152e-01  3.671343e-01
   outer loop
     vertex  5.166127e-02  2.070566e-01  5.734980e-02
     vertex  7.097558e-02  2.027665e-01  4.736893e-02
     vertex  7.161301e-02  2.049660e-01  5.296997e-02
   endloop
 endfacet
 facet normal -6.600982e-03 -9.232746e-01  3.840840e-01
   outer loop
     vertex  5.166127e-02  2.070566e-01  5.734980e-02
     vertex  7.034305e-02  2.004589e-01  4.181100e-02
     vertex  7.097558e-02  2.027665e-01  4.736893e-02
   endloop
 endfacet
 facet normal -1.159796e-01 -9.567920e-01  2.666416e-01
   outer loop
     vertex  5.166127e-02  2.070566e-01  5.734980e-02
     vertex  3.324724e-02  2.140270e-01  7.435241e-02
     vertex  3.274109e-02  2.070566e-01  4.912020e-02
   endloop
 endfacet
 facet normal -1.160244e-01 -9.567578e-01  2.667448e-01
   outer loop
     vertex  5.166127e-02  2.070566e-01  5.734980e-02
     vertex  3.274109e-02  2.070566e-01  4.912020e-02
     vertex  3.137071e-02  2.004589e-01  2.485942e-02
   endloop
 endfacet
 facet normal -9.568929e-02 -9.531075e-01  2.871057e-01
   outer loop
     vertex  5.166127e-02  2.070566e-01  5.734980e-02
     vertex  4.651480e-02  2.140270e-01  7.877434e-02
     vertex  3.324724e-02  2.140270e-01  7.435241e-02
   endloop
 endfacet
 facet normal -5.802177e-02 -9.533516e-01  2.962334e-01
   outer loop
     vertex  5.166127e-02  2.070566e-01  5.734980e-02
     vertex  5.327927e-02  2.140270e-01  8.009927e-02
     vertex  4.651480e-02  2.140270e-01  7.877434e-02
   endloop
 endfacet
 facet normal  5.716761e-02  7.652803e-01 -6.411536e-01
   outer loop
     vertex  9.425840e-02  2.544866e-01  7.197029e-02
     vertex  7.035536e-02  2.310953e-01  4.191917e-02
     vertex  7.170726e-02  2.409465e-01  5.379810e-02
   endloop
 endfacet
 facet normal -2.948415e-01  8.684567e-01 -3.985618e-01
   outer loop
     vertex  1.116885e-01  2.544866e-01  6.231156e-02
     vertex  1.046096e-01  2.310953e-01  1.657917e-02
     vertex  7.035536e-02  2.310953e-01  4.191917e-02
   endloop
 endfacet
 facet normal -2.547089e-01  8.507935e-01 -4.596454e-01
   outer loop
     vertex  1.116885e-01  2.544866e-01  6.231156e-02
     vertex  7.035536e-02  2.310953e-01  4.191917e-02
     vertex  9.425840e-02  2.544866e-01  7.197029e-02
   endloop
 endfacet
 facet normal -4.434191e-01  8.239593e-01 -3.528039e-01
   outer loop
     vertex  1.370309e-01  2.544866e-01  3.046006e-02
     vertex  1.046096e-01  2.310953e-01  1.657917e-02
     vertex  1.116885e-01  2.544866e-01  6.231156e-02
   endloop
 endfacet
 facet normal -9.861547e-02  9.772741e-01 -1.876444e-01
   outer loop
     vertex  1.354494e-01  2.696142e-01  1.291090e-01
     vertex  9.425840e-02  2.544866e-01  7.197029e-02
     vertex  1.325643e-01  2.696142e-01  1.306252e-01
   endloop
 endfacet
 facet normal -1.024631e-01  9.774005e-01 -1.849041e-01
   outer loop
     vertex  1.354494e-01  2.696142e-01  1.291090e-01
     vertex  1.116885e-01  2.544866e-01  6.231156e-02
     vertex  9.425840e-02  2.544866e-01  7.197029e-02
   endloop
 endfacet
 facet normal -1.024631e-01  9.774005e-01 -1.849041e-01
   outer loop
     vertex  1.383002e-01  2.696142e-01  1.275292e-01
     vertex  1.116885e-01  2.544866e-01  6.231156e-02
     vertex  1.354494e-01  2.696142e-01  1.291090e-01
   endloop
 endfacet
 facet normal -1.068264e-01  9.772741e-01 -1.830943e-01
   outer loop
     vertex  1.411154e-01  2.696142e-01  1.258867e-01
     vertex  1.116885e-01  2.544866e-01  6.231156e-02
     vertex  1.383002e-01  2.696142e-01  1.275292e-01
   endloop
 endfacet
 facet normal -5.341923e-01  8.313560e-01 -1.532510e-01
   outer loop
     vertex  1.425261e-01  2.544866e-01  1.130539e-02
     vertex  1.046096e-01  2.310953e-01  1.657917e-02
     vertex  1.370309e-01  2.544866e-01  3.046006e-02
   endloop
 endfacet
 facet normal -5.181747e-01  8.532393e-01  5.897151e-02
   outer loop
     vertex  1.379235e-01  2.544866e-01 -2.913686e-02
     vertex  9.979157e-02  2.310953e-01 -2.575584e-02
     vertex  1.046096e-01  2.310953e-01  1.657917e-02
   endloop
 endfacet
 facet normal -5.181747e-01  8.532393e-01  5.897151e-02
   outer loop
     vertex  1.379235e-01  2.544866e-01 -2.913686e-02
     vertex  1.046096e-01  2.310953e-01  1.657917e-02
     vertex  1.425261e-01  2.544866e-01  1.130539e-02
   endloop
 endfacet
 facet normal -2.024163e-01  9.772741e-01 -6.295294e-02
   outer loop
     vertex  2.065605e-01  2.696142e-01  4.173677e-02
     vertex  1.370309e-01  2.544866e-01  3.046006e-02
     vertex  2.055926e-01  2.696142e-01  4.484899e-02
   endloop
 endfacet
 facet normal -2.031993e-01  9.774005e-01 -5.829455e-02
   outer loop
     vertex  2.065605e-01  2.696142e-01  4.173677e-02
     vertex  1.425261e-01  2.544866e-01  1.130539e-02
     vertex  1.370309e-01  2.544866e-01  3.046006e-02
   endloop
 endfacet
 facet normal -4.860958e-01  8.313560e-01  2.693662e-01
   outer loop
     vertex  1.282648e-01  2.544866e-01 -4.656691e-02
     vertex  9.979157e-02  2.310953e-01 -2.575584e-02
     vertex  1.379235e-01  2.544866e-01 -2.913686e-02
   endloop
 endfacet
 facet normal -2.031993e-01  9.774005e-01 -5.829455e-02
   outer loop
     vertex  2.074593e-01  2.696142e-01  3.860387e-02
     vertex  1.425261e-01  2.544866e-01  1.130539e-02
     vertex  2.065605e-01  2.696142e-01  4.173677e-02
   endloop
 endfacet
 facet normal -2.050049e-01  9.772741e-01 -5.392952e-02
   outer loop
     vertex  2.082885e-01  2.696142e-01  3.545184e-02
     vertex  1.425261e-01  2.544866e-01  1.130539e-02
     vertex  2.074593e-01  2.696142e-01  3.860387e-02
   endloop
 endfacet
 facet normal -3.528039e-01  8.239593e-01  4.434191e-01
   outer loop
     vertex  9.641327e-02  2.544866e-01 -7.190939e-02
     vertex  9.979157e-02  2.310953e-01 -2.575584e-02
     vertex  1.282648e-01  2.544866e-01 -4.656691e-02
   endloop
 endfacet
 facet normal -1.876444e-01  9.772741e-01  9.861547e-02
   outer loop
     vertex  1.950622e-01  2.696142e-01 -7.032788e-02
     vertex  1.379235e-01  2.544866e-01 -2.913686e-02
     vertex  1.965785e-01  2.696142e-01 -6.744278e-02
   endloop
 endfacet
 facet normal -1.849041e-01  9.774005e-01  1.024631e-01
   outer loop
     vertex  1.934824e-01  2.696142e-01 -7.317870e-02
     vertex  1.282648e-01  2.544866e-01 -4.656691e-02
     vertex  1.379235e-01  2.544866e-01 -2.913686e-02
   endloop
 endfacet
 facet normal -1.849041e-01  9.774005e-01  1.024631e-01
   outer loop
     vertex  1.934824e-01  2.696142e-01 -7.317870e-02
     vertex  1.379235e-01  2.544866e-01 -2.913686e-02
     vertex  1.950622e-01  2.696142e-01 -7.032788e-02
   endloop
 endfacet
 facet normal -1.977439e-01  8.684567e-01  4.546211e-01
   outer loop
     vertex  6.071939e-02  2.310953e-01 -4.275084e-02
     vertex  9.979157e-02  2.310953e-01 -2.575584e-02
     vertex  9.641327e-02  2.544866e-01 -7.190939e-02
   endloop
 endfacet
 facet normal -1.830943e-01  9.772741e-01  1.068264e-01
   outer loop
     vertex  1.918399e-01  2.696142e-01 -7.599385e-02
     vertex  1.282648e-01  2.544866e-01 -4.656691e-02
     vertex  1.934824e-01  2.696142e-01 -7.317870e-02
   endloop
 endfacet
 facet normal -1.449120e-01  8.507935e-01  5.051247e-01
   outer loop
     vertex  7.725861e-02  2.544866e-01 -7.740455e-02
     vertex  6.071939e-02  2.310953e-01 -4.275084e-02
     vertex  9.641327e-02  2.544866e-01 -7.190939e-02
   endloop
 endfacet
 facet normal  1.997743e-01  7.652803e-01  6.119120e-01
   outer loop
     vertex  5.936749e-02  2.409465e-01 -5.462977e-02
     vertex  6.071939e-02  2.310953e-01 -4.275084e-02
     vertex  7.725861e-02  2.544866e-01 -7.740455e-02
   endloop
 endfacet
 facet normal -6.295294e-02  9.772741e-01  2.024163e-01
   outer loop
     vertex  1.076900e-01  2.696142e-01 -1.414390e-01
     vertex  9.641327e-02  2.544866e-01 -7.190939e-02
     vertex  1.108022e-01  2.696142e-01 -1.404711e-01
   endloop
 endfacet
 facet normal -5.829455e-02  9.774005e-01  2.031993e-01
   outer loop
     vertex  1.045571e-01  2.696142e-01 -1.423378e-01
     vertex  7.725861e-02  2.544866e-01 -7.740455e-02
     vertex  9.641327e-02  2.544866e-01 -7.190939e-02
   endloop
 endfacet
 facet normal -5.829455e-02  9.774005e-01  2.031993e-01
   outer loop
     vertex  1.045571e-01  2.696142e-01 -1.423378e-01
     vertex  9.641327e-02  2.544866e-01 -7.190939e-02
     vertex  1.076900e-01  2.696142e-01 -1.414390e-01
   endloop
 endfacet
 facet normal -5.392952e-02  9.772741e-01  2.050049e-01
   outer loop
     vertex  1.014051e-01  2.696142e-01 -1.431670e-01
     vertex  7.725861e-02  2.544866e-01 -7.740455e-02
     vertex  1.045571e-01  2.696142e-01 -1.423378e-01
   endloop
 endfacet
 facet normal  5.947201e-01  0.000000e+00  8.039328e-01
   outer loop
     vertex  1.015794e-01  1.956338e-01  1.526116e-02
     vertex  6.998172e-02  1.956338e-01  3.863597e-02
     vertex  6.998172e-02  1.545392e-01  3.863597e-02
   endloop
 endfacet
 facet normal  5.947201e-01  1.112026e-12  8.039328e-01
   outer loop
     vertex  1.015794e-01  1.956338e-01  1.526116e-02
     vertex  6.998172e-02  1.545392e-01  3.863597e-02
     vertex  1.015794e-01  1.545392e-01  1.526116e-02
   endloop
 endfacet
 facet normal  9.935863e-01  0.000000e+00 -1.130763e-01
   outer loop
     vertex  9.713507e-02  1.956338e-01 -2.379065e-02
     vertex  1.015794e-01  1.545392e-01  1.526116e-02
     vertex  9.713507e-02  1.545392e-01 -2.379065e-02
   endloop
 endfacet
 facet normal  9.935863e-01 -1.564200e-13 -1.130763e-01
   outer loop
     vertex  9.713507e-02  1.956338e-01 -2.379065e-02
     vertex  1.015794e-01  1.956338e-01  1.526116e-02
     vertex  1.015794e-01  1.545392e-01  1.526116e-02
   endloop
 endfacet
 facet normal  3.988662e-01 -6.342183e-13 -9.170091e-01
   outer loop
     vertex  6.109304e-02  1.956338e-01 -3.946765e-02
     vertex  9.713507e-02  1.545392e-01 -2.379065e-02
     vertex  6.109304e-02  1.545392e-01 -3.946765e-02
   endloop
 endfacet
 facet normal  3.988662e-01  0.000000e+00 -9.170091e-01
   outer loop
     vertex  6.109304e-02  1.956338e-01 -3.946765e-02
     vertex  9.713507e-02  1.956338e-01 -2.379065e-02
     vertex  9.713507e-02  1.545392e-01 -2.379065e-02
   endloop
 endfacet
 facet normal  2.037278e-13 -1.000000e+00 -2.318550e-14
   outer loop
     vertex -1.411149e-02  1.414379e-01 -8.735961e-02
     vertex  5.220436e-02  1.414379e-01 -1.175713e-01
     vertex  1.236130e-01  1.414379e-01 -1.030335e-01
   endloop
 endfacet
 facet normal -2.725619e-14 -1.000000e+00 -2.394964e-13
   outer loop
     vertex -5.000418e-02  1.414379e-01 -2.393840e-02
     vertex  1.236130e-01  1.414379e-01 -1.030335e-01
     vertex  1.728387e-01  1.414379e-01 -4.929931e-02
   endloop
 endfacet
 facet normal  2.478292e-13 -1.000000e+00  3.643278e-13
   outer loop
     vertex -5.000418e-02  1.414379e-01 -2.393840e-02
     vertex -1.411149e-02  1.414379e-01 -8.735961e-02
     vertex  1.236130e-01  1.414379e-01 -1.030335e-01
   endloop
 endfacet
 facet normal  2.205072e-14 -1.000000e+00  1.937567e-13
   outer loop
     vertex -4.176392e-02  1.414379e-01  4.846763e-02
     vertex  1.728387e-01  1.414379e-01 -4.929931e-02
     vertex  1.810789e-01  1.414379e-01  2.310673e-02
   endloop
 endfacet
 facet normal  2.205072e-14 -1.000000e+00  1.937567e-13
   outer loop
     vertex -4.176392e-02  1.414379e-01  4.846763e-02
     vertex -5.000418e-02  1.414379e-01 -2.393840e-02
     vertex  1.728387e-01  1.414379e-01 -4.929931e-02
   endloop
 endfacet
 facet normal -1.375427e-13 -1.000000e+00 -3.019121e-13
   outer loop
     vertex  7.461785e-03  1.414379e-01  1.022018e-01
     vertex  1.451862e-01  1.414379e-01  8.652794e-02
     vertex  7.887040e-02  1.414379e-01  1.167396e-01
   endloop
 endfacet
 facet normal -1.375427e-13 -1.000000e+00 -3.019121e-13
   outer loop
     vertex  7.461785e-03  1.414379e-01  1.022018e-01
     vertex  1.810789e-01  1.414379e-01  2.310673e-02
     vertex  1.451862e-01  1.414379e-01  8.652794e-02
   endloop
 endfacet
 facet normal  0.000000e+00 -1.000000e+00 -0.000000e+00
   outer loop
     vertex  7.461785e-03  1.414379e-01  1.022018e-01
     vertex -4.176392e-02  1.414379e-01  4.846763e-02
     vertex  1.810789e-01  1.414379e-01  2.310673e-02
   endloop
 endfacet
 facet normal  4.145770e-01 -1.974134e-12  9.100142e-01
   outer loop
     vertex  1.451862e-01  1.545392e-01  8.652794e-02
     vertex  7.887040e-02  1.545392e-01  1.167396e-01
     vertex  7.887040e-02  1.414379e-01  1.167396e-01
   endloop
 endfacet
 facet normal  4.145770e-01  0.000000e+00  9.100142e-01
   outer loop
     vertex  1.451862e-01  1.545392e-01  8.652794e-02
     vertex  7.887040e-02  1.414379e-01  1.167396e-01
     vertex  1.451862e-01  1.414379e-01  8.652794e-02
   endloop
 endfacet
 facet normal  8.702928e-01 -2.136991e-12  4.925347e-01
   outer loop
     vertex  1.810789e-01  1.545392e-01  2.310673e-02
     vertex  1.451862e-01  1.414379e-01  8.652794e-02
     vertex  1.810789e-01  1.414379e-01  2.310673e-02
   endloop
 endfacet
 facet normal  8.702928e-01  0.000000e+00  4.925347e-01
   outer loop
     vertex  1.810789e-01  1.545392e-01  2.310673e-02
     vertex  1.451862e-01  1.545392e-01  8.652794e-02
     vertex  1.451862e-01  1.414379e-01  8.652794e-02
   endloop
 endfacet
 facet normal  9.935863e-01 -2.453057e-13 -1.130763e-01
   outer loop
     vertex  1.728387e-01  1.545392e-01 -4.929931e-02
     vertex  1.810789e-01  1.414379e-01  2.310673e-02
     vertex  1.728387e-01  1.414379e-01 -4.929931e-02
   endloop
 endfacet
 facet normal  9.935863e-01  4.905808e-13 -1.130763e-01
   outer loop
     vertex  1.728387e-01  1.545392e-01 -4.929931e-02
     vertex  1.810789e-01  1.545392e-01  2.310673e-02
     vertex  1.810789e-01  1.414379e-01  2.310673e-02
   endloop
 endfacet
 facet normal  7.373636e-01  0.000000e+00 -6.754960e-01
   outer loop
     vertex  1.236130e-01  1.545392e-01 -1.030335e-01
     vertex  1.728387e-01  1.414379e-01 -4.929931e-02
     vertex  1.236130e-01  1.414379e-01 -1.030335e-01
   endloop
 endfacet
 facet normal  7.373636e-01 -1.465383e-12 -6.754960e-01
   outer loop
     vertex  1.236130e-01  1.545392e-01 -1.030335e-01
     vertex  1.728387e-01  1.545392e-01 -4.929931e-02
     vertex  1.728387e-01  1.414379e-01 -4.929931e-02
   endloop
 endfacet
 facet normal  1.994931e-01  2.125775e-12 -9.798992e-01
   outer loop
     vertex  5.220436e-02  1.545392e-01 -1.175713e-01
     vertex  1.236130e-01  1.414379e-01 -1.030335e-01
     vertex  5.220436e-02  1.414379e-01 -1.175713e-01
   endloop
 endfacet
 facet normal  1.994931e-01  0.000000e+00 -9.798992e-01
   outer loop
     vertex  5.220436e-02  1.545392e-01 -1.175713e-01
     vertex  1.236130e-01  1.545392e-01 -1.030335e-01
     vertex  1.236130e-01  1.414379e-01 -1.030335e-01
   endloop
 endfacet
 facet normal -2.094319e-14  1.000000e+00  2.122184e-13
   outer loop
     vertex  1.015794e-01  1.545392e-01  1.526116e-02
     vertex  1.451862e-01  1.545392e-01  8.652794e-02
     vertex  1.810789e-01  1.545392e-01  2.310673e-02
   endloop
 endfacet
 facet normal -7.880496e-14  1.000000e+00 -1.729802e-13
   outer loop
     vertex  6.998172e-02  1.545392e-01  3.863597e-02
     vertex  7.887040e-02  1.545392e-01  1.167396e-01
     vertex  1.451862e-01  1.545392e-01  8.652794e-02
   endloop
 endfacet
 facet normal -5.176585e-13  1.000000e+00  5.161494e-13
   outer loop
     vertex  6.998172e-02  1.545392e-01  3.863597e-02
     vertex  1.451862e-01  1.545392e-01  8.652794e-02
     vertex  1.015794e-01  1.545392e-01  1.526116e-02
   endloop
 endfacet
 facet normal  4.453763e-13  1.000000e+00 -2.326353e-13
   outer loop
     vertex  7.461785e-03  1.545392e-01  1.022018e-01
     vertex  7.887040e-02  1.545392e-01  1.167396e-01
     vertex  6.998172e-02  1.545392e-01  3.863597e-02
   endloop
 endfacet
 facet normal -6.369036e-14  1.000000e+00 -1.890178e-13
   outer loop
     vertex  9.713507e-02  1.545392e-01 -2.379065e-02
     vertex  1.810789e-01  1.545392e-01  2.310673e-02
     vertex  1.728387e-01  1.545392e-01 -4.929931e-02
   endloop
 endfacet
 facet normal  3.631986e-14  1.000000e+00 -3.680309e-13
   outer loop
     vertex  9.713507e-02  1.545392e-01 -2.379065e-02
     vertex  1.015794e-01  1.545392e-01  1.526116e-02
     vertex  1.810789e-01  1.545392e-01  2.310673e-02
   endloop
 endfacet
 facet normal  7.566110e-13  1.000000e+00  7.347813e-14
   outer loop
     vertex  3.393969e-02  1.545392e-01  2.295898e-02
     vertex  7.461785e-03  1.545392e-01  1.022018e-01
     vertex  6.998172e-02  1.545392e-01  3.863597e-02
   endloop
 endfacet
 facet normal  6.809355e-14  1.000000e+00  2.020854e-13
   outer loop
     vertex  1.236130e-01  1.545392e-01 -1.030335e-01
     vertex  9.713507e-02  1.545392e-01 -2.379065e-02
     vertex  1.728387e-01  1.545392e-01 -4.929931e-02
   endloop
 endfacet
 facet normal -6.810519e-14  1.000000e+00  1.565765e-13
   outer loop
     vertex  6.109304e-02  1.545392e-01 -3.946765e-02
     vertex  9.713507e-02  1.545392e-01 -2.379065e-02
     vertex  1.236130e-01  1.545392e-01 -1.030335e-01
   endloop
 endfacet
 facet normal -6.809355e-14  1.000000e+00 -2.020854e-13
   outer loop
     vertex -4.176392e-02  1.545392e-01  4.846763e-02
     vertex  7.461785e-03  1.545392e-01  1.022018e-01
     vertex  3.393969e-02  1.545392e-01  2.295898e-02
   endloop
 endfacet
 facet normal -3.695349e-13  1.000000e+00 -1.398934e-13
   outer loop
     vertex  5.220436e-02  1.545392e-01 -1.175713e-01
     vertex  6.109304e-02  1.545392e-01 -3.946765e-02
     vertex  1.236130e-01  1.545392e-01 -1.030335e-01
   endloop
 endfacet
 facet normal -1.807844e-13  1.000000e+00  2.057439e-14
   outer loop
     vertex -5.000418e-02  1.545392e-01 -2.393840e-02
     vertex  3.393969e-02  1.545392e-01  2.295898e-02
     vertex  2.949535e-02  1.545392e-01 -1.609283e-02
   endloop
 endfacet
 facet normal -6.369036e-14  1.000000e+00 -1.890178e-13
   outer loop
     vertex -5.000418e-02  1.545392e-01 -2.393840e-02
     vertex -4.176392e-02  1.545392e-01  4.846763e-02
     vertex  3.393969e-02  1.545392e-01  2.295898e-02
   endloop
 endfacet
 facet normal  2.080559e-13  1.000000e+00 -3.267092e-13
   outer loop
     vertex -1.411149e-02  1.545392e-01 -8.735961e-02
     vertex  2.949535e-02  1.545392e-01 -1.609283e-02
     vertex  6.109304e-02  1.545392e-01 -3.946765e-02
   endloop
 endfacet
 facet normal  1.249228e-13  1.000000e+00 -1.961657e-13
   outer loop
     vertex -1.411149e-02  1.545392e-01 -8.735961e-02
     vertex  6.109304e-02  1.545392e-01 -3.946765e-02
     vertex  5.220436e-02  1.545392e-01 -1.175713e-01
   endloop
 endfacet
 facet normal -1.692984e-13  1.000000e+00 -9.581300e-14
   outer loop
     vertex -1.411149e-02  1.545392e-01 -8.735961e-02
     vertex -5.000418e-02  1.545392e-01 -2.393840e-02
     vertex  2.949535e-02  1.545392e-01 -1.609283e-02
   endloop
 endfacet
 facet normal  5.947201e-01  3.624737e-12  8.039328e-01
   outer loop
     vertex  1.015794e-01  2.388371e-01  1.526116e-02
     vertex  6.998172e-02  2.388371e-01  3.863597e-02
     vertex  6.998172e-02  2.325335e-01  3.863597e-02
   endloop
 endfacet
 facet normal  5.947201e-01  0.000000e+00  8.039328e-01
   outer loop
     vertex  1.015794e-01  2.388371e-01  1.526116e-02
     vertex  6.998172e-02  2.325335e-01  3.863597e-02
     vertex  1.015794e-01  2.325335e-01  1.526116e-02
   endloop
 endfacet
 facet normal  9.935863e-01  0.000000e+00 -1.130763e-01
   outer loop
     vertex  9.713507e-02  2.388371e-01 -2.379065e-02
     vertex  1.015794e-01  2.325335e-01  1.526116e-02
     vertex  9.713507e-02  2.325335e-01 -2.379065e-02
   endloop
 endfacet
 facet normal  9.935863e-01  0.000000e+00 -1.130763e-01
   outer loop
     vertex  9.713507e-02  2.388371e-01 -2.379065e-02
     vertex  1.015794e-01  2.388371e-01  1.526116e-02
     vertex  1.015794e-01  2.325335e-01  1.526116e-02
   endloop
 endfacet
 facet normal  3.988662e-01  0.000000e+00 -9.170091e-01
   outer loop
     vertex  6.109304e-02  2.388371e-01 -3.946765e-02
     vertex  9.713507e-02  2.325335e-01 -2.379065e-02
     vertex  6.109304e-02  2.325335e-01 -3.946765e-02
   endloop
 endfacet
 facet normal  3.988662e-01  0.000000e+00 -9.170091e-01
   outer loop
     vertex  6.109304e-02  2.388371e-01 -3.946765e-02
     vertex  9.713507e-02  2.388371e-01 -2.379065e-02
     vertex  9.713507e-02  2.325335e-01 -2.379065e-02
   endloop
 endfacet
 facet normal -4.126760e-12  1.000000e+00 -3.035296e-12
   outer loop
     vertex  7.755139e-02  2.593496e-01  4.809827e-03
     vertex  6.766224e-02  2.593496e-01  1.825502e-02
     vertex  8.276925e-02  2.593496e-01  7.079409e-03
   endloop
 endfacet
 facet normal -2.959536e-12  1.000000e+00 -2.176785e-12
   outer loop
     vertex  6.701882e-02  2.593496e-01  1.260143e-02
     vertex  6.766224e-02  2.593496e-01  1.825502e-02
     vertex  7.755139e-02  2.593496e-01  4.809827e-03
   endloop
 endfacet
 facet normal -5.193301e-13  1.000000e+00 -7.020218e-13
   outer loop
     vertex  7.606994e-02  2.593496e-01 -8.207442e-03
     vertex  8.276925e-02  2.593496e-01  7.079409e-03
     vertex  8.064439e-02  2.593496e-01 -1.159145e-02
   endloop
 endfacet
 facet normal -6.230261e-12  1.000000e+00  1.800735e-12
   outer loop
     vertex  7.606994e-02  2.593496e-01 -8.207442e-03
     vertex  7.755139e-02  2.593496e-01  4.809827e-03
     vertex  8.276925e-02  2.593496e-01  7.079409e-03
   endloop
 endfacet
 facet normal  4.883645e-12  1.000000e+00 -3.069388e-12
   outer loop
     vertex  5.500481e-02  2.593496e-01  7.375768e-03
     vertex  6.766224e-02  2.593496e-01  1.825502e-02
     vertex  6.701882e-02  2.593496e-01  1.260143e-02
   endloop
 endfacet
 facet normal -2.300531e-12  1.000000e+00  5.289012e-12
   outer loop
     vertex  5.043037e-02  2.593496e-01  1.075978e-02
     vertex  6.766224e-02  2.593496e-01  1.825502e-02
     vertex  5.500481e-02  2.593496e-01  7.375768e-03
   endloop
 endfacet
 facet normal  1.244460e-12  1.000000e+00 -1.416273e-13
   outer loop
     vertex  6.341252e-02  2.593496e-01 -1.908670e-02
     vertex  5.352337e-02  2.593496e-01 -5.641501e-03
     vertex  6.405593e-02  2.593496e-01 -1.343311e-02
   endloop
 endfacet
 facet normal -1.244460e-12  1.000000e+00  1.416273e-13
   outer loop
     vertex  6.341252e-02  2.593496e-01 -1.908670e-02
     vertex  6.405593e-02  2.593496e-01 -1.343311e-02
     vertex  7.606994e-02  2.593496e-01 -8.207442e-03
   endloop
 endfacet
 facet normal -5.193301e-13  1.000000e+00 -7.020218e-13
   outer loop
     vertex  6.341252e-02  2.593496e-01 -1.908670e-02
     vertex  7.606994e-02  2.593496e-01 -8.207442e-03
     vertex  8.064439e-02  2.593496e-01 -1.159145e-02
   endloop
 endfacet
 facet normal  4.995771e-13  1.000000e+00 -1.148547e-12
   outer loop
     vertex  4.830551e-02  2.593496e-01 -7.911084e-03
     vertex  5.500481e-02  2.593496e-01  7.375768e-03
     vertex  5.352337e-02  2.593496e-01 -5.641501e-03
   endloop
 endfacet
 facet normal  3.483037e-13  1.000000e+00 -8.007640e-13
   outer loop
     vertex  4.830551e-02  2.593496e-01 -7.911084e-03
     vertex  5.352337e-02  2.593496e-01 -5.641501e-03
     vertex  6.341252e-02  2.593496e-01 -1.908670e-02
   endloop
 endfacet
 facet normal -5.211354e-12  1.000000e+00  1.354209e-12
   outer loop
     vertex  4.830551e-02  2.593496e-01 -7.911084e-03
     vertex  5.043037e-02  2.593496e-01  1.075978e-02
     vertex  5.500481e-02  2.593496e-01  7.375768e-03
   endloop
 endfacet
 facet normal  1.145784e-01  7.066762e-01  6.981981e-01
   outer loop
     vertex  4.497069e-02  2.944983e-01 -1.811325e-01
     vertex  3.213485e-02  2.713655e-01 -1.556124e-01
     vertex  4.758646e-02  2.713655e-01 -1.581481e-01
   endloop
 endfacet
 facet normal  1.899140e-01  6.780046e-01  7.101003e-01
   outer loop
     vertex  1.700821e-02  2.713655e-01 -1.515669e-01
     vertex  3.213485e-02  2.713655e-01 -1.556124e-01
     vertex  4.497069e-02  2.944983e-01 -1.811325e-01
   endloop
 endfacet
 facet normal  3.012038e-01  6.942741e-01  6.536511e-01
   outer loop
     vertex -1.148112e-02  2.772671e-01 -1.459440e-01
     vertex -1.328927e-03  2.703150e-01 -1.432380e-01
     vertex  2.353701e-03  2.713655e-01 -1.460508e-01
   endloop
 endfacet
 facet normal  3.945601e-01  6.942741e-01  6.019184e-01
   outer loop
     vertex -2.445241e-02  2.713655e-01 -1.311964e-01
     vertex -2.011510e-02  2.703150e-01 -1.328278e-01
     vertex -1.702757e-02  2.772671e-01 -1.428705e-01
   endloop
 endfacet
 facet normal  2.586484e-01  6.789176e-01  6.871477e-01
   outer loop
     vertex -2.262105e-02  2.944983e-01 -1.595058e-01
     vertex  2.353701e-03  2.713655e-01 -1.460508e-01
     vertex  1.700821e-02  2.713655e-01 -1.515669e-01
   endloop
 endfacet
 facet normal  3.507631e-01  7.068687e-01  6.142490e-01
   outer loop
     vertex -2.262105e-02  2.944983e-01 -1.595058e-01
     vertex -1.702757e-02  2.772671e-01 -1.428705e-01
     vertex -1.519196e-02  2.772671e-01 -1.439187e-01
   endloop
 endfacet
 facet normal  3.426995e-01  7.071764e-01  6.184324e-01
   outer loop
     vertex -2.262105e-02  2.944983e-01 -1.595058e-01
     vertex -1.519196e-02  2.772671e-01 -1.439187e-01
     vertex -1.334304e-02  2.772671e-01 -1.449433e-01
   endloop
 endfacet
 facet normal  3.348775e-01  7.068687e-01  6.230519e-01
   outer loop
     vertex -2.262105e-02  2.944983e-01 -1.595058e-01
     vertex -1.334304e-02  2.772671e-01 -1.449433e-01
     vertex -1.148112e-02  2.772671e-01 -1.459440e-01
   endloop
 endfacet
 facet normal  2.323185e-01  6.471730e-01  7.260821e-01
   outer loop
     vertex -2.262105e-02  2.944983e-01 -1.595058e-01
     vertex  1.700821e-02  2.713655e-01 -1.515669e-01
     vertex  4.497069e-02  2.944983e-01 -1.811325e-01
   endloop
 endfacet
 facet normal  3.047906e-01  7.028805e-01  6.426987e-01
   outer loop
     vertex -2.262105e-02  2.944983e-01 -1.595058e-01
     vertex -1.148112e-02  2.772671e-01 -1.459440e-01
     vertex  2.353701e-03  2.713655e-01 -1.460508e-01
   endloop
 endfacet
 facet normal  3.833720e-01  7.028805e-01  5.991534e-01
   outer loop
     vertex -2.262105e-02  2.944983e-01 -1.595058e-01
     vertex -2.445241e-02  2.713655e-01 -1.311964e-01
     vertex -1.702757e-02  2.772671e-01 -1.428705e-01
   endloop
 endfacet
 facet normal  4.834872e-01  6.622456e-01  5.724255e-01
   outer loop
     vertex -4.834792e-02  2.713655e-01 -1.110135e-01
     vertex -2.445241e-02  2.713655e-01 -1.311964e-01
     vertex -2.262105e-02  2.944983e-01 -1.595058e-01
   endloop
 endfacet
 facet normal  5.441739e-01  7.186186e-01  4.329689e-01
   outer loop
     vertex -7.679147e-02  2.944983e-01 -1.136590e-01
     vertex -6.782235e-02  2.713655e-01 -8.653725e-02
     vertex -4.834792e-02  2.713655e-01 -1.110135e-01
   endloop
 endfacet
 facet normal  4.845883e-01  6.613178e-01  5.725670e-01
   outer loop
     vertex -7.679147e-02  2.944983e-01 -1.136590e-01
     vertex -4.834792e-02  2.713655e-01 -1.110135e-01
     vertex -2.262105e-02  2.944983e-01 -1.595058e-01
   endloop
 endfacet
 facet normal  6.751843e-01  6.942741e-01  2.492179e-01
   outer loop
     vertex -9.182691e-02  2.772671e-01 -4.885952e-02
     vertex -8.273474e-02  2.703150e-01 -5.412472e-02
     vertex -8.211969e-02  2.713655e-01 -5.871769e-02
   endloop
 endfacet
 facet normal  7.046167e-01  6.942741e-01  1.466244e-01
   outer loop
     vertex -9.057083e-02  2.713655e-01 -2.925926e-02
     vertex -8.865744e-02  2.703150e-01 -3.347976e-02
     vertex -9.357553e-02  2.772671e-01 -4.276428e-02
   endloop
 endfacet
 facet normal  6.947504e-01  7.028805e-01  1.525805e-01
   outer loop
     vertex -1.092936e-01  2.944983e-01 -5.057198e-02
     vertex -9.057083e-02  2.713655e-01 -2.925926e-02
     vertex -9.357553e-02  2.772671e-01 -4.276428e-02
   endloop
 endfacet
 facet normal  6.664277e-01  6.622456e-01  3.424980e-01
   outer loop
     vertex -1.092936e-01  2.944983e-01 -5.057198e-02
     vertex -8.211969e-02  2.713655e-01 -5.871769e-02
     vertex -6.782235e-02  2.713655e-01 -8.653725e-02
   endloop
 endfacet
 facet normal  6.823666e-01  7.068687e-01  1.863127e-01
   outer loop
     vertex -1.092936e-01  2.944983e-01 -5.057198e-02
     vertex -9.357553e-02  2.772671e-01 -4.276428e-02
     vertex -9.301876e-02  2.772671e-01 -4.480345e-02
   endloop
 endfacet
 facet normal  6.796229e-01  7.071764e-01  1.949727e-01
   outer loop
     vertex -1.092936e-01  2.944983e-01 -5.057198e-02
     vertex -9.301876e-02  2.772671e-01 -4.480345e-02
     vertex -9.243585e-02  2.772671e-01 -4.683531e-02
   endloop
 endfacet
 facet normal  6.773584e-01  7.068687e-01  2.037701e-01
   outer loop
     vertex -1.092936e-01  2.944983e-01 -5.057198e-02
     vertex -9.243585e-02  2.772671e-01 -4.683531e-02
     vertex -9.182691e-02  2.772671e-01 -4.885952e-02
   endloop
 endfacet
 facet normal  6.699761e-01  7.028805e-01  2.389372e-01
   outer loop
     vertex -1.092936e-01  2.944983e-01 -5.057198e-02
     vertex -9.182691e-02  2.772671e-01 -4.885952e-02
     vertex -8.211969e-02  2.713655e-01 -5.871769e-02
   endloop
 endfacet
 facet normal  6.668131e-01  6.613178e-01  3.435391e-01
   outer loop
     vertex -1.092936e-01  2.944983e-01 -5.057198e-02
     vertex -6.782235e-02  2.713655e-01 -8.653725e-02
     vertex -7.679147e-02  2.944983e-01 -1.136590e-01
   endloop
 endfacet
 facet normal  7.466430e-01  6.622456e-01  6.288887e-02
   outer loop
     vertex -9.319608e-02  2.713655e-01  1.908838e-03
     vertex -9.057083e-02  2.713655e-01 -2.925926e-02
     vertex -1.092936e-01  2.944983e-01 -5.057198e-02
   endloop
 endfacet
 facet normal  7.475217e-01  6.613178e-01  6.221039e-02
   outer loop
     vertex -1.151793e-01  2.944983e-01  2.015085e-02
     vertex -9.319608e-02  2.713655e-01  1.908838e-03
     vertex -1.092936e-01  2.944983e-01 -5.057198e-02
   endloop
 endfacet
 facet normal  6.909443e-01  7.186186e-01 -7.863378e-02
   outer loop
     vertex -1.151793e-01  2.944983e-01  2.015085e-02
     vertex -8.965923e-02  2.713655e-01  3.298669e-02
     vertex -9.319608e-02  2.713655e-01  1.908838e-03
   endloop
 endfacet
 facet normal  6.536511e-01  6.942741e-01 -3.012038e-01
   outer loop
     vertex -7.999083e-02  2.772671e-01  7.660266e-02
     vertex -7.728476e-02  2.703150e-01  6.645047e-02
     vertex -8.009757e-02  2.713655e-01  6.276784e-02
   endloop
 endfacet
 facet normal  6.019184e-01  6.942741e-01 -3.945601e-01
   outer loop
     vertex -6.524317e-02  2.713655e-01  8.957395e-02
     vertex -6.687455e-02  2.703150e-01  8.523664e-02
     vertex -7.691731e-02  2.772671e-01  8.214911e-02
   endloop
 endfacet
 facet normal  7.144269e-01  6.613178e-01 -2.285893e-01
   outer loop
     vertex -9.355255e-02  2.944983e-01  8.774259e-02
     vertex -8.965923e-02  2.713655e-01  3.298669e-02
     vertex -1.151793e-01  2.944983e-01  2.015085e-02
   endloop
 endfacet
 facet normal  6.426987e-01  7.028805e-01 -3.047906e-01
   outer loop
     vertex -9.355255e-02  2.944983e-01  8.774259e-02
     vertex -7.999083e-02  2.772671e-01  7.660266e-02
     vertex -8.009757e-02  2.713655e-01  6.276784e-02
   endloop
 endfacet
 facet normal  5.991534e-01  7.028805e-01 -3.833720e-01
   outer loop
     vertex -9.355255e-02  2.944983e-01  8.774259e-02
     vertex -6.524317e-02  2.713655e-01  8.957395e-02
     vertex -7.691731e-02  2.772671e-01  8.214911e-02
   endloop
 endfacet
 facet normal  7.134182e-01  6.622456e-01 -2.290530e-01
   outer loop
     vertex -9.355255e-02  2.944983e-01  8.774259e-02
     vertex -8.009757e-02  2.713655e-01  6.276784e-02
     vertex -8.965923e-02  2.713655e-01  3.298669e-02
   endloop
 endfacet
 facet normal  6.142490e-01  7.068687e-01 -3.507631e-01
   outer loop
     vertex -9.355255e-02  2.944983e-01  8.774259e-02
     vertex -7.691731e-02  2.772671e-01  8.214911e-02
     vertex -7.796552e-02  2.772671e-01  8.031350e-02
   endloop
 endfacet
 facet normal  6.184324e-01  7.071764e-01 -3.426995e-01
   outer loop
     vertex -9.355255e-02  2.944983e-01  8.774259e-02
     vertex -7.796552e-02  2.772671e-01  8.031350e-02
     vertex -7.899009e-02  2.772671e-01  7.846458e-02
   endloop
 endfacet
 facet normal  6.230519e-01  7.068687e-01 -3.348775e-01
   outer loop
     vertex -9.355255e-02  2.944983e-01  8.774259e-02
     vertex -7.899009e-02  2.772671e-01  7.846458e-02
     vertex -7.999083e-02  2.772671e-01  7.660266e-02
   endloop
 endfacet
 facet normal  5.724255e-01  6.622456e-01 -4.834872e-01
   outer loop
     vertex -4.506033e-02  2.713655e-01  1.134695e-01
     vertex -6.524317e-02  2.713655e-01  8.957395e-02
     vertex -9.355255e-02  2.944983e-01  8.774259e-02
   endloop
 endfacet
 facet normal  5.725670e-01  6.613178e-01 -4.845883e-01
   outer loop
     vertex -4.770578e-02  2.944983e-01  1.419130e-01
     vertex -4.506033e-02  2.713655e-01  1.134695e-01
     vertex -9.355255e-02  2.944983e-01  8.774259e-02
   endloop
 endfacet
 facet normal  4.329689e-01  7.186186e-01 -5.441739e-01
   outer loop
     vertex -4.770578e-02  2.944983e-01  1.419130e-01
     vertex -2.058404e-02  2.713655e-01  1.329439e-01
     vertex -4.506033e-02  2.713655e-01  1.134695e-01
   endloop
 endfacet
 facet normal  2.492179e-01  6.942741e-01 -6.751843e-01
   outer loop
     vertex  1.709370e-02  2.772671e-01  1.569484e-01
     vertex  1.182849e-02  2.703150e-01  1.478563e-01
     vertex  7.235526e-03  2.713655e-01  1.472412e-01
   endloop
 endfacet
 facet normal  1.466244e-01  6.942741e-01 -7.046167e-01
   outer loop
     vertex  3.669396e-02  2.713655e-01  1.556924e-01
     vertex  3.247346e-02  2.703150e-01  1.537790e-01
     vertex  2.318894e-02  2.772671e-01  1.586971e-01
   endloop
 endfacet
 facet normal  3.435391e-01  6.613178e-01 -6.668131e-01
   outer loop
     vertex  1.538123e-02  2.944983e-01  1.744152e-01
     vertex -2.058404e-02  2.713655e-01  1.329439e-01
     vertex -4.770578e-02  2.944983e-01  1.419130e-01
   endloop
 endfacet
 facet normal  3.424980e-01  6.622456e-01 -6.664277e-01
   outer loop
     vertex  1.538123e-02  2.944983e-01  1.744152e-01
     vertex  7.235526e-03  2.713655e-01  1.472412e-01
     vertex -2.058404e-02  2.713655e-01  1.329439e-01
   endloop
 endfacet
 facet normal  2.389372e-01  7.028805e-01 -6.699761e-01
   outer loop
     vertex  1.538123e-02  2.944983e-01  1.744152e-01
     vertex  1.709370e-02  2.772671e-01  1.569484e-01
     vertex  7.235526e-03  2.713655e-01  1.472412e-01
   endloop
 endfacet
 facet normal  1.863127e-01  7.068687e-01 -6.823666e-01
   outer loop
     vertex  1.538123e-02  2.944983e-01  1.744152e-01
     vertex  2.318894e-02  2.772671e-01  1.586971e-01
     vertex  2.114976e-02  2.772671e-01  1.581403e-01
   endloop
 endfacet
 facet normal  1.949727e-01  7.071764e-01 -6.796229e-01
   outer loop
     vertex  1.538123e-02  2.944983e-01  1.744152e-01
     vertex  2.114976e-02  2.772671e-01  1.581403e-01
     vertex  1.911791e-02  2.772671e-01  1.575574e-01
   endloop
 endfacet
 facet normal  2.037701e-01  7.068687e-01 -6.773584e-01
   outer loop
     vertex  1.538123e-02  2.944983e-01  1.744152e-01
     vertex  1.911791e-02  2.772671e-01  1.575574e-01
     vertex  1.709370e-02  2.772671e-01  1.569484e-01
   endloop
 endfacet
 facet normal  1.525805e-01  7.028805e-01 -6.947504e-01
   outer loop
     vertex  1.538123e-02  2.944983e-01  1.744152e-01
     vertex  3.669396e-02  2.713655e-01  1.556924e-01
     vertex  2.318894e-02  2.772671e-01  1.586971e-01
   endloop
 endfacet
 facet normal  9.763054e-02  6.789176e-01 -7.276944e-01
   outer loop
     vertex  5.221319e-02  2.713655e-01  1.577745e-01
     vertex  3.669396e-02  2.713655e-01  1.556924e-01
     vertex  1.538123e-02  2.944983e-01  1.744152e-01
   endloop
 endfacet
 facet normal -4.523833e-02  7.066762e-01 -7.060894e-01
   outer loop
     vertex  8.610407e-02  2.944983e-01  1.803009e-01
     vertex  8.348830e-02  2.713655e-01  1.573165e-01
     vertex  6.786205e-02  2.713655e-01  1.583176e-01
   endloop
 endfacet
 facet normal  2.549638e-02  6.780046e-01 -7.346153e-01
   outer loop
     vertex  8.610407e-02  2.944983e-01  1.803009e-01
     vertex  6.786205e-02  2.713655e-01  1.583176e-01
     vertex  5.221319e-02  2.713655e-01  1.577745e-01
   endloop
 endfacet
 facet normal  6.322529e-02  6.471730e-01 -7.597168e-01
   outer loop
     vertex  8.610407e-02  2.944983e-01  1.803009e-01
     vertex  5.221319e-02  2.713655e-01  1.577745e-01
     vertex  1.538123e-02  2.944983e-01  1.744152e-01
   endloop
 endfacet
 facet normal  1.619397e-01  0.000000e+00  9.868007e-01
   outer loop
     vertex  3.245781e-02  2.676599e-01 -1.541119e-01
     vertex  4.776002e-02  1.668996e-02 -1.566231e-01
     vertex  4.776002e-02  2.676599e-01 -1.566231e-01
   endloop
 endfacet
 facet normal  2.582347e-01  3.189836e-02  9.655555e-01
   outer loop
     vertex  3.376892e-03  2.218485e-01 -1.448209e-01
     vertex  3.245781e-02  2.676599e-01 -1.541119e-01
     vertex  1.747743e-02  2.676599e-01 -1.501054e-01
   endloop
 endfacet
 facet normal  2.924857e-01  8.265529e-03  9.562342e-01
   outer loop
     vertex  3.376892e-03  2.218485e-01 -1.448209e-01
     vertex  4.776002e-02  1.668996e-02 -1.566231e-01
     vertex  3.245781e-02  2.676599e-01 -1.541119e-01
   endloop
 endfacet
 facet normal  3.313086e-01  1.263899e-02  9.434378e-01
   outer loop
     vertex -7.506777e-03  1.971504e-01 -1.396325e-01
     vertex -1.825525e-02  1.668996e-02 -1.334404e-01
     vertex  4.776002e-02  1.668996e-02 -1.566231e-01
   endloop
 endfacet
 facet normal  3.770597e-01  2.831525e-02  9.257560e-01
   outer loop
     vertex -7.506777e-03  1.971504e-01 -1.396325e-01
     vertex  4.776002e-02  1.668996e-02 -1.566231e-01
     vertex  3.376892e-03  2.218485e-01 -1.448209e-01
   endloop
 endfacet
 facet normal  4.713332e-01  2.189183e-03  8.819525e-01
   outer loop
     vertex -9.616375e-03  1.971504e-01 -1.385051e-01
     vertex -1.825525e-02  1.668996e-02 -1.334404e-01
     vertex -7.506777e-03  1.971504e-01 -1.396325e-01
   endloop
 endfacet
 facet normal  4.846975e-01  1.345335e-03  8.746808e-01
   outer loop
     vertex -1.170858e-02  1.971504e-01 -1.373457e-01
     vertex -1.825525e-02  1.668996e-02 -1.334404e-01
     vertex -9.616375e-03  1.971504e-01 -1.385051e-01
   endloop
 endfacet
 facet normal  4.979492e-01  7.028320e-04  8.672059e-01
   outer loop
     vertex -1.378290e-02  1.971504e-01 -1.361547e-01
     vertex -1.825525e-02  1.668996e-02 -1.334404e-01
     vertex -1.170858e-02  1.971504e-01 -1.373457e-01
   endloop
 endfacet
 facet normal  3.509419e-01  6.217400e-13  9.363972e-01
   outer loop
     vertex  3.376892e-03  2.646542e-01 -1.448209e-01
     vertex  3.376892e-03  2.218485e-01 -1.448209e-01
     vertex  1.747743e-02  2.676599e-01 -1.501054e-01
   endloop
 endfacet
 facet normal  3.522701e-01 -7.155974e-03  9.358710e-01
   outer loop
     vertex  2.964606e-03  2.676599e-01 -1.446427e-01
     vertex  3.376892e-03  2.646542e-01 -1.448209e-01
     vertex  1.747743e-02  2.676599e-01 -1.501054e-01
   endloop
 endfacet
 facet normal  7.078817e-01  6.699078e-03  7.062993e-01
   outer loop
     vertex -2.395197e-02  2.218485e-01 -1.296768e-01
     vertex -6.767436e-02  1.668996e-02 -8.391055e-02
     vertex -1.825525e-02  1.668996e-02 -1.334404e-01
   endloop
 endfacet
 facet normal  5.362411e-01 -5.942229e-04  8.440646e-01
   outer loop
     vertex -2.395197e-02  2.218485e-01 -1.296768e-01
     vertex -1.825525e-02  1.668996e-02 -1.334404e-01
     vertex -1.378290e-02  1.971504e-01 -1.361547e-01
   endloop
 endfacet
 facet normal  6.451952e-01 -1.450682e-02  7.638800e-01
   outer loop
     vertex -4.724680e-02  2.676599e-01 -1.099442e-01
     vertex -2.395197e-02  2.646542e-01 -1.296768e-01
     vertex -2.358233e-02  2.676599e-01 -1.299319e-01
   endloop
 endfacet
 facet normal  6.463537e-01  1.013253e-12  7.630379e-01
   outer loop
     vertex -4.724680e-02  2.676599e-01 -1.099442e-01
     vertex -2.395197e-02  2.218485e-01 -1.296768e-01
     vertex -2.395197e-02  2.646542e-01 -1.296768e-01
   endloop
 endfacet
 facet normal  6.712713e-01  2.221519e-02  7.408787e-01
   outer loop
     vertex -4.724680e-02  2.676599e-01 -1.099442e-01
     vertex -6.767436e-02  1.668996e-02 -8.391055e-02
     vertex -2.395197e-02  2.218485e-01 -1.296768e-01
   endloop
 endfacet
 facet normal  7.825283e-01  8.916635e-04  6.226143e-01
   outer loop
     vertex -6.653293e-02  2.676599e-01 -8.570457e-02
     vertex -6.767436e-02  1.668996e-02 -8.391055e-02
     vertex -4.724680e-02  2.676599e-01 -1.099442e-01
   endloop
 endfacet
 facet normal  8.892947e-01 -7.753952e-04  4.573340e-01
   outer loop
     vertex -8.052649e-02  2.218485e-01 -5.857150e-02
     vertex -6.767436e-02  1.668996e-02 -8.391055e-02
     vertex -6.653293e-02  2.676599e-01 -8.570457e-02
   endloop
 endfacet
 facet normal  9.326003e-01  1.387963e-02  3.606440e-01
   outer loop
     vertex -8.455370e-02  1.971504e-01 -4.720688e-02
     vertex -6.767436e-02  1.668996e-02 -8.391055e-02
     vertex -8.052649e-02  2.218485e-01 -5.857150e-02
   endloop
 endfacet
 facet normal  9.440370e-01  2.135537e-02  3.291476e-01
   outer loop
     vertex -8.455370e-02  1.971504e-01 -4.720688e-02
     vertex -9.070925e-02  1.668996e-02 -1.784357e-02
     vertex -6.767436e-02  1.668996e-02 -8.391055e-02
   endloop
 endfacet
 facet normal  9.568178e-01  1.460188e-02  2.903214e-01
   outer loop
     vertex -8.524821e-02  1.971504e-01 -4.491797e-02
     vertex -9.070925e-02  1.668996e-02 -1.784357e-02
     vertex -8.455370e-02  1.971504e-01 -4.720688e-02
   endloop
 endfacet
 facet normal  9.611540e-01  1.228291e-02  2.757393e-01
   outer loop
     vertex -8.590782e-02  1.971504e-01 -4.261876e-02
     vertex -9.070925e-02  1.668996e-02 -1.784357e-02
     vertex -8.524821e-02  1.971504e-01 -4.491797e-02
   endloop
 endfacet
 facet normal  9.652608e-01  1.016253e-02  2.610905e-01
   outer loop
     vertex -8.653237e-02  1.971504e-01 -4.030978e-02
     vertex -9.070925e-02  1.668996e-02 -1.784357e-02
     vertex -8.590782e-02  1.971504e-01 -4.261876e-02
   endloop
 endfacet
 facet normal  8.887622e-01  0.000000e+00  4.583686e-01
   outer loop
     vertex -8.052649e-02  2.646542e-01 -5.857150e-02
     vertex -8.052649e-02  2.218485e-01 -5.857150e-02
     vertex -6.653293e-02  2.676599e-01 -8.570457e-02
   endloop
 endfacet
 facet normal  8.893224e-01 -1.450682e-02  4.570505e-01
   outer loop
     vertex -8.069203e-02  2.676599e-01 -5.815398e-02
     vertex -8.052649e-02  2.646542e-01 -5.857150e-02
     vertex -6.653293e-02  2.676599e-01 -8.570457e-02
   endloop
 endfacet
 facet normal  9.777905e-01  3.456801e-03  2.095561e-01
   outer loop
     vertex -8.914243e-02  2.218485e-01 -2.853860e-02
     vertex -9.070925e-02  1.668996e-02 -1.784357e-02
     vertex -8.653237e-02  1.971504e-01 -4.030978e-02
   endloop
 endfacet
 facet normal  9.961953e-01 -3.067741e-03  8.709462e-02
   outer loop
     vertex -9.166133e-02  2.676599e-01  1.886361e-03
     vertex -9.070925e-02  1.668996e-02 -1.784357e-02
     vertex -8.914243e-02  2.218485e-01 -2.853860e-02
   endloop
 endfacet
 facet normal  9.963667e-01 -1.450682e-02  8.392281e-02
   outer loop
     vertex -9.166133e-02  2.676599e-01  1.886361e-03
     vertex -8.914243e-02  2.646542e-01 -2.853860e-02
     vertex -8.906146e-02  2.676599e-01 -2.898038e-02
   endloop
 endfacet
 facet normal  9.965904e-01  0.000000e+00  8.250818e-02
   outer loop
     vertex -9.166133e-02  2.676599e-01  1.886361e-03
     vertex -8.914243e-02  2.218485e-01 -2.853860e-02
     vertex -8.914243e-02  2.646542e-01 -2.853860e-02
   endloop
 endfacet
 facet normal  9.935067e-01  1.265773e-02 -1.130673e-01
   outer loop
     vertex -8.815867e-02  2.676599e-01  3.266373e-02
     vertex -9.070925e-02  1.668996e-02 -1.784357e-02
     vertex -9.166133e-02  2.676599e-01  1.886361e-03
   endloop
 endfacet
 facet normal  9.935067e-01  1.265773e-02 -1.130673e-01
   outer loop
     vertex -8.815867e-02  2.676599e-01  3.266373e-02
     vertex -8.279758e-02  1.668996e-02  5.167519e-02
     vertex -9.070925e-02  1.668996e-02 -1.784357e-02
   endloop
 endfacet
 facet normal  9.511498e-01 -3.067741e-03 -3.087147e-01
   outer loop
     vertex -7.886764e-02  2.218485e-01  6.174465e-02
     vertex -8.279758e-02  1.668996e-02  5.167519e-02
     vertex -8.815867e-02  2.676599e-01  3.266373e-02
   endloop
 endfacet
 facet normal  9.056983e-01  3.456801e-03 -4.239089e-01
   outer loop
     vertex -7.367931e-02  1.971504e-01  7.262832e-02
     vertex -8.279758e-02  1.668996e-02  5.167519e-02
     vertex -7.886764e-02  2.218485e-01  6.174465e-02
   endloop
 endfacet
 facet normal  8.819091e-01  1.016253e-02 -4.713100e-01
   outer loop
     vertex -7.255190e-02  1.971504e-01  7.473791e-02
     vertex -8.279758e-02  1.668996e-02  5.167519e-02
     vertex -7.367931e-02  1.971504e-01  7.262832e-02
   endloop
 endfacet
 facet normal  8.746156e-01  1.228291e-02 -4.846614e-01
   outer loop
     vertex -7.139252e-02  1.971504e-01  7.683012e-02
     vertex -8.279758e-02  1.668996e-02  5.167519e-02
     vertex -7.255190e-02  1.971504e-01  7.473791e-02
   endloop
 endfacet
 facet normal  8.671137e-01  1.460188e-02 -4.978962e-01
   outer loop
     vertex -7.020145e-02  1.971504e-01  7.890444e-02
     vertex -8.279758e-02  1.668996e-02  5.167519e-02
     vertex -7.139252e-02  1.971504e-01  7.683012e-02
   endloop
 endfacet
 facet normal  8.459354e-01  2.135537e-02 -5.328576e-01
   outer loop
     vertex -7.020145e-02  1.971504e-01  7.890444e-02
     vertex -4.550635e-02  1.668996e-02  1.108767e-01
     vertex -8.279758e-02  1.668996e-02  5.167519e-02
   endloop
 endfacet
 facet normal  9.525653e-01  2.020689e-13 -3.043343e-01
   outer loop
     vertex -7.886764e-02  2.646542e-01  6.174465e-02
     vertex -7.886764e-02  2.218485e-01  6.174465e-02
     vertex -8.815867e-02  2.676599e-01  3.266373e-02
   endloop
 endfacet
 facet normal  9.520294e-01 -1.450682e-02 -3.056624e-01
   outer loop
     vertex -7.868947e-02  2.676599e-01  6.215693e-02
     vertex -7.886764e-02  2.646542e-01  6.174465e-02
     vertex -8.815867e-02  2.676599e-01  3.266373e-02
   endloop
 endfacet
 facet normal  8.277139e-01  1.387963e-02 -5.609787e-01
   outer loop
     vertex -6.372356e-02  2.218485e-01  8.907351e-02
     vertex -4.550635e-02  1.668996e-02  1.108767e-01
     vertex -7.020145e-02  1.971504e-01  7.890444e-02
   endloop
 endfacet
 facet normal  7.638800e-01 -1.450682e-02 -6.451952e-01
   outer loop
     vertex -4.399100e-02  2.676599e-01  1.123683e-01
     vertex -6.372356e-02  2.646542e-01  8.907351e-02
     vertex -6.397869e-02  2.676599e-01  8.870387e-02
   endloop
 endfacet
 facet normal  7.630379e-01 -4.291784e-13 -6.463537e-01
   outer loop
     vertex -4.399100e-02  2.676599e-01  1.123683e-01
     vertex -6.372356e-02  2.218485e-01  8.907351e-02
     vertex -6.372356e-02  2.646542e-01  8.907351e-02
   endloop
 endfacet
 facet normal  7.637892e-01 -7.753952e-04 -6.454653e-01
   outer loop
     vertex -4.399100e-02  2.676599e-01  1.123683e-01
     vertex -4.550635e-02  1.668996e-02  1.108767e-01
     vertex -6.372356e-02  2.218485e-01  8.907351e-02
   endloop
 endfacet
 facet normal  6.226143e-01  8.916635e-04 -7.825283e-01
   outer loop
     vertex -1.975136e-02  2.676599e-01  1.316545e-01
     vertex -4.550635e-02  1.668996e-02  1.108767e-01
     vertex -4.399100e-02  2.676599e-01  1.123683e-01
   endloop
 endfacet
 facet normal  4.876282e-01  2.221519e-02 -8.727687e-01
   outer loop
     vertex  7.381713e-03  2.218485e-01  1.456480e-01
     vertex -4.550635e-02  1.668996e-02  1.108767e-01
     vertex -1.975136e-02  2.676599e-01  1.316545e-01
   endloop
 endfacet
 facet normal  5.310724e-01  6.699078e-03 -8.473000e-01
   outer loop
     vertex  7.381713e-03  2.218485e-01  1.456480e-01
     vertex  1.377845e-02  1.668996e-02  1.480353e-01
     vertex -4.550635e-02  1.668996e-02  1.108767e-01
   endloop
 endfacet
 facet normal  3.328650e-01 -5.942229e-04 -9.429743e-01
   outer loop
     vertex  1.874633e-02  1.971504e-01  1.496752e-01
     vertex  1.377845e-02  1.668996e-02  1.480353e-01
     vertex  7.381713e-03  2.218485e-01  1.456480e-01
   endloop
 endfacet
 facet normal  2.903523e-01  7.028320e-04 -9.569196e-01
   outer loop
     vertex  2.103524e-02  1.971504e-01  1.503698e-01
     vertex  1.377845e-02  1.668996e-02  1.480353e-01
     vertex  1.874633e-02  1.971504e-01  1.496752e-01
   endloop
 endfacet
 facet normal  2.757599e-01  1.345335e-03 -9.612256e-01
   outer loop
     vertex  2.333446e-02  1.971504e-01  1.510294e-01
     vertex  1.377845e-02  1.668996e-02  1.480353e-01
     vertex  2.103524e-02  1.971504e-01  1.503698e-01
   endloop
 endfacet
 facet normal  2.611034e-01  2.189183e-03 -9.653084e-01
   outer loop
     vertex  2.564344e-02  1.971504e-01  1.516539e-01
     vertex  1.377845e-02  1.668996e-02  1.480353e-01
     vertex  2.333446e-02  1.971504e-01  1.510294e-01
   endloop
 endfacet
 facet normal  1.108436e-01  1.263899e-02 -9.937575e-01
   outer loop
     vertex  8.331474e-02  1.668996e-02  1.557914e-01
     vertex  1.377845e-02  1.668996e-02  1.480353e-01
     vertex  2.564344e-02  1.971504e-01  1.516539e-01
   endloop
 endfacet
 facet normal  4.583686e-01  5.901118e-13 -8.887622e-01
   outer loop
     vertex  7.381713e-03  2.646542e-01  1.456480e-01
     vertex  7.381713e-03  2.218485e-01  1.456480e-01
     vertex -1.975136e-02  2.676599e-01  1.316545e-01
   endloop
 endfacet
 facet normal  4.570505e-01 -1.450682e-02 -8.893224e-01
   outer loop
     vertex  7.799229e-03  2.676599e-01  1.458136e-01
     vertex  7.381713e-03  2.646542e-01  1.456480e-01
     vertex -1.975136e-02  2.676599e-01  1.316545e-01
   endloop
 endfacet
 facet normal  1.593980e-01  2.831525e-02 -9.868083e-01
   outer loop
     vertex  3.741461e-02  2.218485e-01  1.542640e-01
     vertex  8.331474e-02  1.668996e-02  1.557914e-01
     vertex  2.564344e-02  1.971504e-01  1.516539e-01
   endloop
 endfacet
 facet normal  1.329694e-01 -7.155974e-03 -9.910943e-01
   outer loop
     vertex  5.234202e-02  2.676599e-01  1.562450e-01
     vertex  3.741461e-02  2.646542e-01  1.542640e-01
     vertex  3.697283e-02  2.676599e-01  1.541830e-01
   endloop
 endfacet
 facet normal  1.315569e-01  0.000000e+00 -9.913086e-01
   outer loop
     vertex  5.234202e-02  2.676599e-01  1.562450e-01
     vertex  3.741461e-02  2.218485e-01  1.542640e-01
     vertex  3.741461e-02  2.646542e-01  1.542640e-01
   endloop
 endfacet
 facet normal  3.466859e-02  3.189836e-02 -9.988897e-01
   outer loop
     vertex  6.783958e-02  2.676599e-01  1.567829e-01
     vertex  3.741461e-02  2.218485e-01  1.542640e-01
     vertex  5.234202e-02  2.676599e-01  1.562450e-01
   endloop
 endfacet
 facet normal  7.013818e-02  8.265529e-03 -9.975030e-01
   outer loop
     vertex  6.783958e-02  2.676599e-01  1.567829e-01
     vertex  8.331474e-02  1.668996e-02  1.557914e-01
     vertex  3.741461e-02  2.218485e-01  1.542640e-01
   endloop
 endfacet
 facet normal -6.393775e-02 -0.000000e+00 -9.979539e-01
   outer loop
     vertex  8.331474e-02  2.676599e-01  1.557914e-01
     vertex  8.331474e-02  1.668996e-02  1.557914e-01
     vertex  6.783958e-02  2.676599e-01  1.567829e-01
   endloop
 endfacet
 facet normal  5.391539e-02 -7.598586e-01 -6.478487e-01
   outer loop
     vertex  1.495796e-02 -5.296623e-03  1.758906e-01
     vertex  8.331474e-02  1.668996e-02  1.557914e-01
     vertex  8.627763e-02 -5.296623e-03  1.818259e-01
   endloop
 endfacet
 facet normal  6.914222e-02 -7.816384e-01 -6.198877e-01
   outer loop
     vertex  1.495796e-02 -5.296623e-03  1.758906e-01
     vertex  1.377845e-02  1.668996e-02  1.480353e-01
     vertex  8.331474e-02  1.668996e-02  1.557914e-01
   endloop
 endfacet
 facet normal  3.209190e-01 -7.967786e-01 -5.120106e-01
   outer loop
     vertex -4.866144e-02 -5.296623e-03  1.431141e-01
     vertex -4.550635e-02  1.668996e-02  1.108767e-01
     vertex  1.377845e-02  1.668996e-02  1.480353e-01
   endloop
 endfacet
 facet normal  3.078199e-01 -7.404475e-01 -5.974817e-01
   outer loop
     vertex -4.866144e-02 -5.296623e-03  1.431141e-01
     vertex  1.377845e-02  1.668996e-02  1.480353e-01
     vertex  1.495796e-02 -5.296623e-03  1.758906e-01
   endloop
 endfacet
 facet normal  5.017391e-01 -8.052155e-01 -3.160472e-01
   outer loop
     vertex -9.489511e-02 -5.296623e-03  8.848656e-02
     vertex -8.279758e-02  1.668996e-02  5.167519e-02
     vertex -4.550635e-02  1.668996e-02  1.108767e-01
   endloop
 endfacet
 facet normal  5.246499e-01 -7.263445e-01 -4.440339e-01
   outer loop
     vertex -9.489511e-02 -5.296623e-03  8.848656e-02
     vertex -4.550635e-02  1.668996e-02  1.108767e-01
     vertex -4.866144e-02 -5.296623e-03  1.431141e-01
   endloop
 endfacet
 facet normal  6.620329e-01 -7.189176e-01 -2.118252e-01
   outer loop
     vertex -1.167044e-01 -5.296623e-03  2.032441e-02
     vertex -8.279758e-02  1.668996e-02  5.167519e-02
     vertex -9.489511e-02 -5.296623e-03  8.848656e-02
   endloop
 endfacet
 facet normal  5.855039e-01 -8.079264e-01 -6.663400e-02
   outer loop
     vertex -9.070925e-02  1.668996e-02 -1.784357e-02
     vertex -8.279758e-02  1.668996e-02  5.167519e-02
     vertex -1.167044e-01 -5.296623e-03  2.032441e-02
   endloop
 endfacet
 facet normal  6.927007e-01 -7.189176e-01  5.764806e-02
   outer loop
     vertex -1.107690e-01 -5.296623e-03 -5.099525e-02
     vertex -9.070925e-02  1.668996e-02 -1.784357e-02
     vertex -1.167044e-01 -5.296623e-03  2.032441e-02
   endloop
 endfacet
 facet normal  5.599249e-01 -8.052155e-01  1.952232e-01
   outer loop
     vertex -6.767436e-02  1.668996e-02 -8.391055e-02
     vertex -9.070925e-02  1.668996e-02 -1.784357e-02
     vertex -1.107690e-01 -5.296623e-03 -5.099525e-02
   endloop
 endfacet
 facet normal  6.110086e-01 -7.263445e-01  3.147889e-01
   outer loop
     vertex -7.799259e-02 -5.296623e-03 -1.146147e-01
     vertex -6.767436e-02  1.668996e-02 -8.391055e-02
     vertex -1.107690e-01 -5.296623e-03 -5.099525e-02
   endloop
 endfacet
 facet normal  4.277622e-01 -7.967786e-01  4.268060e-01
   outer loop
     vertex -1.825525e-02  1.668996e-02 -1.334404e-01
     vertex -6.767436e-02  1.668996e-02 -8.391055e-02
     vertex -7.799259e-02 -5.296623e-03 -1.146147e-01
   endloop
 endfacet
 facet normal  4.342036e-01 -7.404475e-01  5.130348e-01
   outer loop
     vertex -2.336502e-02 -5.296623e-03 -1.608483e-01
     vertex -1.825525e-02  1.668996e-02 -1.334404e-01
     vertex -7.799259e-02 -5.296623e-03 -1.146147e-01
   endloop
 endfacet
 facet normal  2.066642e-01 -7.816384e-01  5.884992e-01
   outer loop
     vertex  4.776002e-02  1.668996e-02 -1.566231e-01
     vertex -1.825525e-02  1.668996e-02 -1.334404e-01
     vertex -2.336502e-02 -5.296623e-03 -1.608483e-01
   endloop
 endfacet
 facet normal  1.981097e-01 -7.598586e-01  6.191667e-01
   outer loop
     vertex  4.479713e-02 -5.296623e-03 -1.826576e-01
     vertex  4.776002e-02  1.668996e-02 -1.566231e-01
     vertex -2.336502e-02 -5.296623e-03 -1.608483e-01
   endloop
 endfacet
 facet normal  3.047427e-01  0.000000e+00  9.524347e-01
   outer loop
     vertex -2.336502e-02 -5.296623e-03 -1.608483e-01
     vertex  4.479713e-02 -3.149922e-02 -1.826576e-01
     vertex  4.479713e-02 -5.296623e-03 -1.826576e-01
   endloop
 endfacet
 facet normal  3.047427e-01  3.099291e-12  9.524347e-01
   outer loop
     vertex -2.336502e-02 -5.296623e-03 -1.608483e-01
     vertex -2.336502e-02 -3.149922e-02 -1.608483e-01
     vertex  4.479713e-02 -3.149922e-02 -1.826576e-01
   endloop
 endfacet
 facet normal  6.460265e-01  0.000000e+00  7.633150e-01
   outer loop
     vertex -7.799259e-02 -5.296623e-03 -1.146147e-01
     vertex -7.799259e-02 -3.149922e-02 -1.146147e-01
     vertex -2.336502e-02 -3.149922e-02 -1.608483e-01
   endloop
 endfacet
 facet normal  6.460265e-01  2.483832e-12  7.633150e-01
   outer loop
     vertex -7.799259e-02 -5.296623e-03 -1.146147e-01
     vertex -2.336502e-02 -3.149922e-02 -1.608483e-01
     vertex -2.336502e-02 -5.296623e-03 -1.608483e-01
   endloop
 endfacet
 facet normal  8.889587e-01  9.935494e-13  4.579874e-01
   outer loop
     vertex -1.107690e-01 -5.296623e-03 -5.099525e-02
     vertex -1.107690e-01 -3.149922e-02 -5.099525e-02
     vertex -7.799259e-02 -3.149922e-02 -1.146147e-01
   endloop
 endfacet
 facet normal  8.889587e-01  0.000000e+00  4.579874e-01
   outer loop
     vertex -1.107690e-01 -5.296623e-03 -5.099525e-02
     vertex -7.799259e-02 -3.149922e-02 -1.146147e-01
     vertex -7.799259e-02 -5.296623e-03 -1.146147e-01
   endloop
 endfacet
 facet normal  9.965549e-01  0.000000e+00  8.293548e-02
   outer loop
     vertex -1.167044e-01 -5.296623e-03  2.032441e-02
     vertex -1.167044e-01 -3.149922e-02  2.032441e-02
     vertex -1.107690e-01 -3.149922e-02 -5.099525e-02
   endloop
 endfacet
 facet normal  9.965549e-01  1.799275e-13  8.293548e-02
   outer loop
     vertex -1.167044e-01 -5.296623e-03  2.032441e-02
     vertex -1.107690e-01 -3.149922e-02 -5.099525e-02
     vertex -1.107690e-01 -5.296623e-03 -5.099525e-02
   endloop
 endfacet
 facet normal  9.524347e-01  3.305515e-13 -3.047427e-01
   outer loop
     vertex -9.489511e-02 -5.296623e-03  8.848656e-02
     vertex -9.489511e-02 -3.149922e-02  8.848656e-02
     vertex -1.167044e-01 -3.149922e-02  2.032441e-02
   endloop
 endfacet
 facet normal  9.524347e-01  0.000000e+00 -3.047427e-01
   outer loop
     vertex -9.489511e-02 -5.296623e-03  8.848656e-02
     vertex -1.167044e-01 -3.149922e-02  2.032441e-02
     vertex -1.167044e-01 -5.296623e-03  2.032441e-02
   endloop
 endfacet
 facet normal  7.633150e-01  7.007389e-13 -6.460265e-01
   outer loop
     vertex -4.866144e-02 -5.296623e-03  1.431141e-01
     vertex -4.866144e-02 -3.149922e-02  1.431141e-01
     vertex -9.489511e-02 -3.149922e-02  8.848656e-02
   endloop
 endfacet
 facet normal  7.633150e-01  7.007459e-13 -6.460265e-01
   outer loop
     vertex -4.866144e-02 -5.296623e-03  1.431141e-01
     vertex -9.489511e-02 -3.149922e-02  8.848656e-02
     vertex -9.489511e-02 -5.296623e-03  8.848656e-02
   endloop
 endfacet
 facet normal  4.579874e-01 -1.928490e-12 -8.889587e-01
   outer loop
     vertex  1.495796e-02 -5.296623e-03  1.758906e-01
     vertex  1.495796e-02 -3.149922e-02  1.758906e-01
     vertex -4.866144e-02 -3.149922e-02  1.431141e-01
   endloop
 endfacet
 facet normal  4.579874e-01  9.641616e-13 -8.889587e-01
   outer loop
     vertex  1.495796e-02 -5.296623e-03  1.758906e-01
     vertex -4.866144e-02 -3.149922e-02  1.431141e-01
     vertex -4.866144e-02 -5.296623e-03  1.431141e-01
   endloop
 endfacet
 facet normal  8.293548e-02 -2.161908e-12 -9.965549e-01
   outer loop
     vertex  8.627763e-02 -5.296623e-03  1.818259e-01
     vertex  8.627763e-02 -3.149922e-02  1.818259e-01
     vertex  1.495796e-02 -3.149922e-02  1.758906e-01
   endloop
 endfacet
 facet normal  8.293548e-02 -2.161905e-12 -9.965549e-01
   outer loop
     vertex  8.627763e-02 -5.296623e-03  1.818259e-01
     vertex  1.495796e-02 -3.149922e-02  1.758906e-01
     vertex  1.495796e-02 -5.296623e-03  1.758906e-01
   endloop
 endfacet
 facet normal -6.963130e-13 -1.000000e+00  8.321178e-13
   outer loop
     vertex  2.374293e-01 -3.149922e-02 -9.566841e-02
     vertex  1.797362e-01 -3.149922e-02 -1.439458e-01
     vertex  1.878933e-01 -3.149922e-02 -1.541979e-01
   endloop
 endfacet
 facet normal  4.681077e-13 -1.000000e+00 -2.122596e-12
   outer loop
     vertex  1.161168e-01 -3.149922e-02 -1.767222e-01
     vertex  1.197296e-01 -3.149922e-02 -1.893155e-01
     vertex  1.878933e-01 -3.149922e-02 -1.541979e-01
   endloop
 endfacet
 facet normal -5.065071e-13 -1.000000e+00  9.831358e-13
   outer loop
     vertex  1.161168e-01 -3.149922e-02 -1.767222e-01
     vertex  1.878933e-01 -3.149922e-02 -1.541979e-01
     vertex  1.797362e-01 -3.149922e-02 -1.439458e-01
   endloop
 endfacet
 facet normal  0.000000e+00 -1.000000e+00 -0.000000e+00
   outer loop
     vertex  2.259699e-01 -3.149922e-02 -8.931824e-02
     vertex  1.797362e-01 -3.149922e-02 -1.439458e-01
     vertex  2.374293e-01 -3.149922e-02 -9.566841e-02
   endloop
 endfacet
 facet normal  0.000000e+00 -1.000000e+00  0.000000e+00
   outer loop
     vertex  2.607964e-01 -3.149922e-02 -2.263754e-02
     vertex  2.259699e-01 -3.149922e-02 -8.931824e-02
     vertex  2.374293e-01 -3.149922e-02 -9.566841e-02
   endloop
 endfacet
 facet normal  5.632508e-13 -1.000000e+00 -6.410146e-14
   outer loop
     vertex  4.479713e-02 -3.149922e-02 -1.826576e-01
     vertex  4.331568e-02 -3.149922e-02 -1.956749e-01
     vertex  1.197296e-01 -3.149922e-02 -1.893155e-01
   endloop
 endfacet
 facet normal  3.780529e-13 -1.000000e+00 -2.148432e-12
   outer loop
     vertex  4.479713e-02 -3.149922e-02 -1.826576e-01
     vertex  1.197296e-01 -3.149922e-02 -1.893155e-01
     vertex  1.161168e-01 -3.149922e-02 -1.767222e-01
   endloop
 endfacet
 facet normal  0.000000e+00 -1.000000e+00 -0.000000e+00
   outer loop
     vertex  2.477791e-01 -3.149922e-02 -2.115609e-02
     vertex  2.259699e-01 -3.149922e-02 -8.931824e-02
     vertex  2.607964e-01 -3.149922e-02 -2.263754e-02
   endloop
 endfacet
 facet normal -1.877503e-13 -1.000000e+00  2.136715e-14
   outer loop
     vertex -2.971519e-02 -3.149922e-02 -1.723078e-01
     vertex  4.331568e-02 -3.149922e-02 -1.956749e-01
     vertex  4.479713e-02 -3.149922e-02 -1.826576e-01
   endloop
 endfacet
 facet normal -1.770876e-13 -1.000000e+00  9.813171e-14
   outer loop
     vertex -2.336502e-02 -3.149922e-02 -1.608483e-01
     vertex -2.971519e-02 -3.149922e-02 -1.723078e-01
     vertex  4.479713e-02 -3.149922e-02 -1.826576e-01
   endloop
 endfacet
 facet normal  0.000000e+00 -1.000000e+00  0.000000e+00
   outer loop
     vertex  2.418438e-01 -3.149922e-02  5.016358e-02
     vertex  2.607964e-01 -3.149922e-02 -2.263754e-02
     vertex  2.544371e-01 -3.149922e-02  5.377639e-02
   endloop
 endfacet
 facet normal  0.000000e+00 -1.000000e+00  0.000000e+00
   outer loop
     vertex  2.418438e-01 -3.149922e-02  5.016358e-02
     vertex  2.477791e-01 -3.149922e-02 -2.115609e-02
     vertex  2.607964e-01 -3.149922e-02 -2.263754e-02
   endloop
 endfacet
 facet normal  0.000000e+00 -1.000000e+00  0.000000e+00
   outer loop
     vertex -8.824473e-02 -3.149922e-02 -1.227717e-01
     vertex -2.971519e-02 -3.149922e-02 -1.723078e-01
     vertex -2.336502e-02 -3.149922e-02 -1.608483e-01
   endloop
 endfacet
 facet normal  0.000000e+00 -1.000000e+00 -0.000000e+00
   outer loop
     vertex -7.799259e-02 -3.149922e-02 -1.146147e-01
     vertex -8.824473e-02 -3.149922e-02 -1.227717e-01
     vertex -2.336502e-02 -3.149922e-02 -1.608483e-01
   endloop
 endfacet
 facet normal  0.000000e+00 -1.000000e+00  0.000000e+00
   outer loop
     vertex  2.090673e-01 -3.149922e-02  1.137830e-01
     vertex  2.418438e-01 -3.149922e-02  5.016358e-02
     vertex  2.544371e-01 -3.149922e-02  5.377639e-02
   endloop
 endfacet
 facet normal  0.000000e+00 -1.000000e+00 -0.000000e+00
   outer loop
     vertex  2.193195e-01 -3.149922e-02  1.219400e-01
     vertex  2.090673e-01 -3.149922e-02  1.137830e-01
     vertex  2.544371e-01 -3.149922e-02  5.377639e-02
   endloop
 endfacet
 facet normal  0.000000e+00 -1.000000e+00  0.000000e+00
   outer loop
     vertex  1.544398e-01 -3.149922e-02  1.600167e-01
     vertex  2.090673e-01 -3.149922e-02  1.137830e-01
     vertex  2.193195e-01 -3.149922e-02  1.219400e-01
   endloop
 endfacet
 facet normal -9.831358e-13 -1.000000e+00 -5.065071e-13
   outer loop
     vertex -1.233623e-01 -3.149922e-02 -5.460806e-02
     vertex -7.799259e-02 -3.149922e-02 -1.146147e-01
     vertex -1.107690e-01 -3.149922e-02 -5.099525e-02
   endloop
 endfacet
 facet normal -1.176506e-13 -1.000000e+00  1.478684e-13
   outer loop
     vertex -1.233623e-01 -3.149922e-02 -5.460806e-02
     vertex -8.824473e-02 -3.149922e-02 -1.227717e-01
     vertex -7.799259e-02 -3.149922e-02 -1.146147e-01
   endloop
 endfacet
 facet normal  0.000000e+00 -1.000000e+00 -0.000000e+00
   outer loop
     vertex  1.607899e-01 -3.149922e-02  1.714761e-01
     vertex  1.544398e-01 -3.149922e-02  1.600167e-01
     vertex  2.193195e-01 -3.149922e-02  1.219400e-01
   endloop
 endfacet
 facet normal  1.770876e-13 -1.000000e+00 -9.813171e-14
   outer loop
     vertex  8.627763e-02 -3.149922e-02  1.818259e-01
     vertex  1.544398e-01 -3.149922e-02  1.600167e-01
     vertex  1.607899e-01 -3.149922e-02  1.714761e-01
   endloop
 endfacet
 facet normal  0.000000e+00 -1.000000e+00  0.000000e+00
   outer loop
     vertex -1.297217e-01 -3.149922e-02  2.180586e-02
     vertex -1.107690e-01 -3.149922e-02 -5.099525e-02
     vertex -1.167044e-01 -3.149922e-02  2.032441e-02
   endloop
 endfacet
 facet normal -1.050023e-12 -1.000000e+00 -2.733572e-13
   outer loop
     vertex -1.297217e-01 -3.149922e-02  2.180586e-02
     vertex -1.233623e-01 -3.149922e-02 -5.460806e-02
     vertex -1.107690e-01 -3.149922e-02 -5.099525e-02
   endloop
 endfacet
 facet normal  1.877503e-13 -1.000000e+00 -2.136715e-14
   outer loop
     vertex  8.775907e-02 -3.149922e-02  1.948432e-01
     vertex  8.627763e-02 -3.149922e-02  1.818259e-01
     vertex  1.607899e-01 -3.149922e-02  1.714761e-01
   endloop
 endfacet
 facet normal  0.000000e+00 -1.000000e+00 -0.000000e+00
   outer loop
     vertex -1.063546e-01 -3.149922e-02  9.483673e-02
     vertex -1.167044e-01 -3.149922e-02  2.032441e-02
     vertex -9.489511e-02 -3.149922e-02  8.848656e-02
   endloop
 endfacet
 facet normal  0.000000e+00 -1.000000e+00  0.000000e+00
   outer loop
     vertex -1.063546e-01 -3.149922e-02  9.483673e-02
     vertex -1.297217e-01 -3.149922e-02  2.180586e-02
     vertex -1.167044e-01 -3.149922e-02  2.032441e-02
   endloop
 endfacet
 facet normal -1.116597e-14 -1.000000e+00 -2.260092e-12
   outer loop
     vertex  1.134515e-02 -3.149922e-02  1.884839e-01
     vertex  1.495796e-02 -3.149922e-02  1.758906e-01
     vertex  8.627763e-02 -3.149922e-02  1.818259e-01
   endloop
 endfacet
 facet normal  1.877503e-13 -1.000000e+00 -2.136715e-14
   outer loop
     vertex  1.134515e-02 -3.149922e-02  1.884839e-01
     vertex  8.627763e-02 -3.149922e-02  1.818259e-01
     vertex  8.775907e-02 -3.149922e-02  1.948432e-01
   endloop
 endfacet
 facet normal  0.000000e+00 -1.000000e+00  0.000000e+00
   outer loop
     vertex -4.866144e-02 -3.149922e-02  1.431141e-01
     vertex -1.063546e-01 -3.149922e-02  9.483673e-02
     vertex -9.489511e-02 -3.149922e-02  8.848656e-02
   endloop
 endfacet
 facet normal -5.065071e-13 -1.000000e+00  9.831358e-13
   outer loop
     vertex -5.681850e-02 -3.149922e-02  1.533663e-01
     vertex -4.866144e-02 -3.149922e-02  1.431141e-01
     vertex  1.495796e-02 -3.149922e-02  1.758906e-01
   endloop
 endfacet
 facet normal -6.963130e-13 -1.000000e+00  8.321178e-13
   outer loop
     vertex -5.681850e-02 -3.149922e-02  1.533663e-01
     vertex -1.063546e-01 -3.149922e-02  9.483673e-02
     vertex -4.866144e-02 -3.149922e-02  1.431141e-01
   endloop
 endfacet
 facet normal  4.681077e-13 -1.000000e+00 -2.122596e-12
   outer loop
     vertex -5.681850e-02 -3.149922e-02  1.533663e-01
     vertex  1.495796e-02 -3.149922e-02  1.758906e-01
     vertex  1.134515e-02 -3.149922e-02  1.884839e-01
   endloop
 endfacet
 facet normal  3.047427e-01  0.000000e+00  9.524347e-01
   outer loop
     vertex  1.607899e-01  8.126118e-04  1.714761e-01
     vertex  8.775907e-02  8.126118e-04  1.948432e-01
     vertex  8.775907e-02 -3.149922e-02  1.948432e-01
   endloop
 endfacet
 facet normal  3.047427e-01  0.000000e+00  9.524347e-01
   outer loop
     vertex  1.607899e-01  8.126118e-04  1.714761e-01
     vertex  8.775907e-02 -3.149922e-02  1.948432e-01
     vertex  1.607899e-01 -3.149922e-02  1.714761e-01
   endloop
 endfacet
 facet normal  6.460265e-01 -1.342834e-12  7.633150e-01
   outer loop
     vertex  2.193195e-01  8.126118e-04  1.219400e-01
     vertex  1.607899e-01 -3.149922e-02  1.714761e-01
     vertex  2.193195e-01 -3.149922e-02  1.219400e-01
   endloop
 endfacet
 facet normal  6.460265e-01  0.000000e+00  7.633150e-01
   outer loop
     vertex  2.193195e-01  8.126118e-04  1.219400e-01
     vertex  1.607899e-01  8.126118e-04  1.714761e-01
     vertex  1.607899e-01 -3.149922e-02  1.714761e-01
   endloop
 endfacet
 facet normal  8.889587e-01 -8.056979e-13  4.579874e-01
   outer loop
     vertex  2.544371e-01  8.126118e-04  5.377639e-02
     vertex  2.193195e-01 -3.149922e-02  1.219400e-01
     vertex  2.544371e-01 -3.149922e-02  5.377639e-02
   endloop
 endfacet
 facet normal  8.889587e-01 -8.057094e-13  4.579874e-01
   outer loop
     vertex  2.544371e-01  8.126118e-04  5.377639e-02
     vertex  2.193195e-01  8.126118e-04  1.219400e-01
     vertex  2.193195e-01 -3.149922e-02  1.219400e-01
   endloop
 endfacet
 facet normal  9.965549e-01  0.000000e+00  8.293548e-02
   outer loop
     vertex  2.607964e-01  8.126118e-04 -2.263754e-02
     vertex  2.544371e-01 -3.149922e-02  5.377639e-02
     vertex  2.607964e-01 -3.149922e-02 -2.263754e-02
   endloop
 endfacet
 facet normal  9.965549e-01 -1.459178e-13  8.293548e-02
   outer loop
     vertex  2.607964e-01  8.126118e-04 -2.263754e-02
     vertex  2.544371e-01  8.126118e-04  5.377639e-02
     vertex  2.544371e-01 -3.149922e-02  5.377639e-02
   endloop
 endfacet
 facet normal  9.524347e-01  0.000000e+00 -3.047427e-01
   outer loop
     vertex  2.374293e-01  8.126118e-04 -9.566841e-02
     vertex  2.607964e-01 -3.149922e-02 -2.263754e-02
     vertex  2.374293e-01 -3.149922e-02 -9.566841e-02
   endloop
 endfacet
 facet normal  9.524347e-01  0.000000e+00 -3.047427e-01
   outer loop
     vertex  2.374293e-01  8.126118e-04 -9.566841e-02
     vertex  2.607964e-01  8.126118e-04 -2.263754e-02
     vertex  2.607964e-01 -3.149922e-02 -2.263754e-02
   endloop
 endfacet
 facet normal  7.633150e-01  1.136499e-12 -6.460265e-01
   outer loop
     vertex  1.878933e-01  8.126118e-04 -1.541979e-01
     vertex  2.374293e-01 -3.149922e-02 -9.566841e-02
     vertex  1.878933e-01 -3.149922e-02 -1.541979e-01
   endloop
 endfacet
 facet normal  7.633150e-01  0.000000e+00 -6.460265e-01
   outer loop
     vertex  1.878933e-01  8.126118e-04 -1.541979e-01
     vertex  2.374293e-01  8.126118e-04 -9.566841e-02
     vertex  2.374293e-01 -3.149922e-02 -9.566841e-02
   endloop
 endfacet
 facet normal  4.579874e-01 -1.563868e-12 -8.889587e-01
   outer loop
     vertex  1.197296e-01  8.126118e-04 -1.893155e-01
     vertex  1.878933e-01 -3.149922e-02 -1.541979e-01
     vertex  1.197296e-01 -3.149922e-02 -1.893155e-01
   endloop
 endfacet
 facet normal  4.579874e-01  1.563808e-12 -8.889587e-01
   outer loop
     vertex  1.197296e-01  8.126118e-04 -1.893155e-01
     vertex  1.878933e-01  8.126118e-04 -1.541979e-01
     vertex  1.878933e-01 -3.149922e-02 -1.541979e-01
   endloop
 endfacet
 facet normal  8.293548e-02  0.000000e+00 -9.965549e-01
   outer loop
     vertex  4.331568e-02  8.126118e-04 -1.956749e-01
     vertex  1.197296e-01 -3.149922e-02 -1.893155e-01
     vertex  4.331568e-02 -3.149922e-02 -1.956749e-01
   endloop
 endfacet
 facet normal  8.293548e-02 -1.753157e-12 -9.965549e-01
   outer loop
     vertex  4.331568e-02  8.126118e-04 -1.956749e-01
     vertex  1.197296e-01  8.126118e-04 -1.893155e-01
     vertex  1.197296e-01 -3.149922e-02 -1.893155e-01
   endloop
 endfacet
 facet normal  5.391539e-02  7.598586e-01 -6.478487e-01
   outer loop
     vertex  1.197296e-01  8.126118e-04 -1.893155e-01
     vertex  4.331568e-02  8.126118e-04 -1.956749e-01
     vertex  4.627857e-02  2.279920e-02 -1.696403e-01
   endloop
 endfacet
 facet normal  6.892289e-02  7.832132e-01 -6.179213e-01
   outer loop
     vertex  1.197296e-01  8.126118e-04 -1.893155e-01
     vertex  4.627857e-02  2.279920e-02 -1.696403e-01
     vertex  1.216096e-01  2.279920e-02 -1.612379e-01
   endloop
 endfacet
 facet normal  3.191962e-01  7.992285e-01 -5.092618e-01
   outer loop
     vertex  1.878933e-01  8.126118e-04 -1.541979e-01
     vertex  1.216096e-01  2.279920e-02 -1.612379e-01
     vertex  1.858348e-01  2.279920e-02 -1.209827e-01
   endloop
 endfacet
 facet normal  3.086790e-01  7.387405e-01 -5.991492e-01
   outer loop
     vertex  1.878933e-01  8.126118e-04 -1.541979e-01
     vertex  1.197296e-01  8.126118e-04 -1.893155e-01
     vertex  1.216096e-01  2.279920e-02 -1.612379e-01
   endloop
 endfacet
 facet normal  4.984009e-01  8.081061e-01 -3.139445e-01
   outer loop
     vertex  2.374293e-01  8.126118e-04 -9.566841e-02
     vertex  1.858348e-01  2.279920e-02 -1.209827e-01
     vertex  2.262336e-01  2.279920e-02 -5.684778e-02
   endloop
 endfacet
 facet normal  5.271028e-01  7.232901e-01 -4.461099e-01
   outer loop
     vertex  2.374293e-01  8.126118e-04 -9.566841e-02
     vertex  1.878933e-01  8.126118e-04 -1.541979e-01
     vertex  1.858348e-01  2.279920e-02 -1.209827e-01
   endloop
 endfacet
 facet normal  6.657543e-01  7.151192e-01 -2.130159e-01
   outer loop
     vertex  2.607964e-01  8.126118e-04 -2.263754e-02
     vertex  2.374293e-01  8.126118e-04 -9.566841e-02
     vertex  2.262336e-01  2.279920e-02 -5.684778e-02
   endloop
 endfacet
 facet normal  5.813610e-01  8.109512e-01 -6.616251e-02
   outer loop
     vertex  2.348046e-01  2.279920e-02  1.846421e-02
     vertex  2.607964e-01  8.126118e-04 -2.263754e-02
     vertex  2.262336e-01  2.279920e-02 -5.684778e-02
   endloop
 endfacet
 facet normal  6.965944e-01  7.151192e-01  5.797211e-02
   outer loop
     vertex  2.544371e-01  8.126118e-04  5.377639e-02
     vertex  2.607964e-01  8.126118e-04 -2.263754e-02
     vertex  2.348046e-01  2.279920e-02  1.846421e-02
   endloop
 endfacet
 facet normal  5.561995e-01  8.081061e-01  1.939243e-01
   outer loop
     vertex  2.098501e-01  2.279920e-02  9.003677e-02
     vertex  2.544371e-01  8.126118e-04  5.377639e-02
     vertex  2.348046e-01  2.279920e-02  1.846421e-02
   endloop
 endfacet
 facet normal  6.138654e-01  7.232901e-01  3.162606e-01
   outer loop
     vertex  2.193195e-01  8.126118e-04  1.219400e-01
     vertex  2.544371e-01  8.126118e-04  5.377639e-02
     vertex  2.098501e-01  2.279920e-02  9.003677e-02
   endloop
 endfacet
 facet normal  4.254657e-01  7.992285e-01  4.245147e-01
   outer loop
     vertex  1.563127e-01  2.279920e-02  1.436941e-01
     vertex  2.193195e-01  8.126118e-04  1.219400e-01
     vertex  2.098501e-01  2.279920e-02  9.003677e-02
   endloop
 endfacet
 facet normal  4.354154e-01  7.387405e-01  5.144666e-01
   outer loop
     vertex  1.607899e-01  8.126118e-04  1.714761e-01
     vertex  2.193195e-01  8.126118e-04  1.219400e-01
     vertex  1.563127e-01  2.279920e-02  1.436941e-01
   endloop
 endfacet
 facet normal  2.060086e-01  7.832132e-01  5.866324e-01
   outer loop
     vertex  8.479618e-02  2.279920e-02  1.688087e-01
     vertex  1.607899e-01  8.126118e-04  1.714761e-01
     vertex  1.563127e-01  2.279920e-02  1.436941e-01
   endloop
 endfacet
 facet normal  1.981097e-01  7.598586e-01  6.191667e-01
   outer loop
     vertex  8.775907e-02  8.126118e-04  1.948432e-01
     vertex  1.607899e-01  8.126118e-04  1.714761e-01
     vertex  8.479618e-02  2.279920e-02  1.688087e-01
   endloop
 endfacet
 facet normal  3.313350e-01  0.000000e+00  9.435132e-01
   outer loop
     vertex  1.563127e-01  2.644039e-01  1.436941e-01
     vertex  8.479618e-02  2.644039e-01  1.688087e-01
     vertex  8.479618e-02  2.279920e-02  1.688087e-01
   endloop
 endfacet
 facet normal  3.313350e-01  2.219846e-13  9.435132e-01
   outer loop
     vertex  1.563127e-01  2.644039e-01  1.436941e-01
     vertex  8.479618e-02  2.279920e-02  1.688087e-01
     vertex  1.563127e-01  2.279920e-02  1.436941e-01
   endloop
 endfacet
 facet normal  7.078976e-01 -8.308897e-14  7.063151e-01
   outer loop
     vertex  2.098501e-01  2.644039e-01  9.003677e-02
     vertex  1.563127e-01  2.279920e-02  1.436941e-01
     vertex  2.098501e-01  2.279920e-02  9.003677e-02
   endloop
 endfacet
 facet normal  7.078976e-01  1.661957e-13  7.063151e-01
   outer loop
     vertex  2.098501e-01  2.644039e-01  9.003677e-02
     vertex  1.563127e-01  2.644039e-01  1.436941e-01
     vertex  1.563127e-01  2.279920e-02  1.436941e-01
   endloop
 endfacet
 facet normal  9.442523e-01  0.000000e+00  3.292227e-01
   outer loop
     vertex  2.348046e-01  2.644039e-01  1.846421e-02
     vertex  2.098501e-01  2.279920e-02  9.003677e-02
     vertex  2.348046e-01  2.279920e-02  1.846421e-02
   endloop
 endfacet
 facet normal  9.442523e-01 -3.873084e-14  3.292227e-01
   outer loop
     vertex  2.348046e-01  2.644039e-01  1.846421e-02
     vertex  2.098501e-01  2.644039e-01  9.003677e-02
     vertex  2.098501e-01  2.279920e-02  9.003677e-02
   endloop
 endfacet
 facet normal  9.935863e-01  0.000000e+00 -1.130763e-01
   outer loop
     vertex  2.262336e-01  2.644039e-01 -5.684778e-02
     vertex  2.348046e-01  2.279920e-02  1.846421e-02
     vertex  2.262336e-01  2.279920e-02 -5.684778e-02
   endloop
 endfacet
 facet normal  9.935863e-01  0.000000e+00 -1.130763e-01
   outer loop
     vertex  2.262336e-01  2.644039e-01 -5.684778e-02
     vertex  2.348046e-01  2.644039e-01  1.846421e-02
     vertex  2.348046e-01  2.279920e-02  1.846421e-02
   endloop
 endfacet
 facet normal  8.461283e-01  6.269820e-14 -5.329792e-01
   outer loop
     vertex  1.858348e-01  2.644039e-01 -1.209827e-01
     vertex  2.262336e-01  2.279920e-02 -5.684778e-02
     vertex  1.858348e-01  2.279920e-02 -1.209827e-01
   endloop
 endfacet
 facet normal  8.461283e-01  0.000000e+00 -5.329792e-01
   outer loop
     vertex  1.858348e-01  2.644039e-01 -1.209827e-01
     vertex  2.262336e-01  2.644039e-01 -5.684778e-02
     vertex  2.262336e-01  2.279920e-02 -5.684778e-02
   endloop
 endfacet
 facet normal  5.310843e-01 -9.967627e-14 -8.473190e-01
   outer loop
     vertex  1.216096e-01  2.644039e-01 -1.612379e-01
     vertex  1.858348e-01  2.279920e-02 -1.209827e-01
     vertex  1.216096e-01  2.279920e-02 -1.612379e-01
   endloop
 endfacet
 facet normal  5.310843e-01  9.967479e-14 -8.473190e-01
   outer loop
     vertex  1.216096e-01  2.644039e-01 -1.612379e-01
     vertex  1.858348e-01  2.644039e-01 -1.209827e-01
     vertex  1.858348e-01  2.279920e-02 -1.209827e-01
   endloop
 endfacet
 facet normal  1.108525e-01  0.000000e+00 -9.938369e-01
   outer loop
     vertex  4.627857e-02  2.644039e-01 -1.696403e-01
     vertex  1.216096e-01  2.279920e-02 -1.612379e-01
     vertex  4.627857e-02  2.279920e-02 -1.696403e-01
   endloop
 endfacet
 facet normal  1.108525e-01 -1.169148e-13 -9.938369e-01
   outer loop
     vertex  4.627857e-02  2.644039e-01 -1.696403e-01
     vertex  1.216096e-01  2.644039e-01 -1.612379e-01
     vertex  1.216096e-01  2.279920e-02 -1.612379e-01
   endloop
 endfacet
 facet normal  2.175657e-01 -7.002145e-01  6.799741e-01
   outer loop
     vertex  1.607899e-01  2.906065e-01  1.714761e-01
     vertex  8.775907e-02  2.906065e-01  1.948432e-01
     vertex  8.479618e-02  2.644039e-01  1.688087e-01
   endloop
 endfacet
 facet normal  2.277095e-01 -7.264224e-01  6.484280e-01
   outer loop
     vertex  1.607899e-01  2.906065e-01  1.714761e-01
     vertex  8.479618e-02  2.644039e-01  1.688087e-01
     vertex  1.563127e-01  2.644039e-01  1.436941e-01
   endloop
 endfacet
 facet normal  4.724536e-01 -7.446960e-01  4.713974e-01
   outer loop
     vertex  2.193195e-01  2.906065e-01  1.219400e-01
     vertex  1.563127e-01  2.644039e-01  1.436941e-01
     vertex  2.098501e-01  2.644039e-01  9.003677e-02
   endloop
 endfacet
 facet normal  4.754991e-01 -6.769418e-01  5.618277e-01
   outer loop
     vertex  2.193195e-01  2.906065e-01  1.219400e-01
     vertex  1.607899e-01  2.906065e-01  1.714761e-01
     vertex  1.563127e-01  2.644039e-01  1.436941e-01
   endloop
 endfacet
 facet normal  6.192395e-01 -7.549357e-01  2.159038e-01
   outer loop
     vertex  2.544371e-01  2.906065e-01  5.377639e-02
     vertex  2.098501e-01  2.644039e-01  9.003677e-02
     vertex  2.348046e-01  2.644039e-01  1.846421e-02
   endloop
 endfacet
 facet normal  6.677208e-01 -6.601578e-01  3.440067e-01
   outer loop
     vertex  2.544371e-01  2.906065e-01  5.377639e-02
     vertex  2.193195e-01  2.906065e-01  1.219400e-01
     vertex  2.098501e-01  2.644039e-01  9.003677e-02
   endloop
 endfacet
 facet normal  7.561536e-01 -6.513614e-01  6.292875e-02
   outer loop
     vertex  2.607964e-01  2.906065e-01 -2.263754e-02
     vertex  2.544371e-01  2.906065e-01  5.377639e-02
     vertex  2.348046e-01  2.644039e-01  1.846421e-02
   endloop
 endfacet
 facet normal  6.478003e-01 -7.582345e-01 -7.372372e-02
   outer loop
     vertex  2.262336e-01  2.644039e-01 -5.684778e-02
     vertex  2.607964e-01  2.906065e-01 -2.263754e-02
     vertex  2.348046e-01  2.644039e-01  1.846421e-02
   endloop
 endfacet
 facet normal  7.226766e-01 -6.513614e-01 -2.312289e-01
   outer loop
     vertex  2.374293e-01  2.906065e-01 -9.566841e-02
     vertex  2.607964e-01  2.906065e-01 -2.263754e-02
     vertex  2.262336e-01  2.644039e-01 -5.684778e-02
   endloop
 endfacet
 facet normal  5.548900e-01 -7.549357e-01 -3.495271e-01
   outer loop
     vertex  1.858348e-01  2.644039e-01 -1.209827e-01
     vertex  2.374293e-01  2.906065e-01 -9.566841e-02
     vertex  2.262336e-01  2.644039e-01 -5.684778e-02
   endloop
 endfacet
 facet normal  5.733464e-01 -6.601578e-01 -4.852479e-01
   outer loop
     vertex  1.878933e-01  2.906065e-01 -1.541979e-01
     vertex  2.374293e-01  2.906065e-01 -9.566841e-02
     vertex  1.858348e-01  2.644039e-01 -1.209827e-01
   endloop
 endfacet
 facet normal  3.544477e-01 -7.446960e-01 -5.655040e-01
   outer loop
     vertex  1.216096e-01  2.644039e-01 -1.612379e-01
     vertex  1.878933e-01  2.906065e-01 -1.541979e-01
     vertex  1.858348e-01  2.644039e-01 -1.209827e-01
   endloop
 endfacet
 facet normal  3.370955e-01 -6.769418e-01 -6.543060e-01
   outer loop
     vertex  1.197296e-01  2.906065e-01 -1.893155e-01
     vertex  1.878933e-01  2.906065e-01 -1.541979e-01
     vertex  1.216096e-01  2.644039e-01 -1.612379e-01
   endloop
 endfacet
 facet normal  7.618320e-02 -7.264224e-01 -6.830128e-01
   outer loop
     vertex  4.627857e-02  2.644039e-01 -1.696403e-01
     vertex  1.197296e-01  2.906065e-01 -1.893155e-01
     vertex  1.216096e-01  2.644039e-01 -1.612379e-01
   endloop
 endfacet
 facet normal  5.921033e-02 -7.002145e-01 -7.114730e-01
   outer loop
     vertex  4.331568e-02  2.906065e-01 -1.956749e-01
     vertex  1.197296e-01  2.906065e-01 -1.893155e-01
     vertex  4.627857e-02  2.644039e-01 -1.696403e-01
   endloop
 endfacet
 facet normal  3.047427e-01  0.000000e+00  9.524347e-01
   outer loop
     vertex  1.607899e-01  3.746410e-01  1.714761e-01
     vertex  8.775907e-02  3.746410e-01  1.948432e-01
     vertex  8.775907e-02  2.906065e-01  1.948432e-01
   endloop
 endfacet
 facet normal  3.047427e-01  0.000000e+00  9.524347e-01
   outer loop
     vertex  1.607899e-01  3.746410e-01  1.714761e-01
     vertex  8.775907e-02  2.906065e-01  1.948432e-01
     vertex  1.607899e-01  2.906065e-01  1.714761e-01
   endloop
 endfacet
 facet normal  6.460265e-01  2.581643e-13  7.633150e-01
   outer loop
     vertex  2.193195e-01  3.746410e-01  1.219400e-01
     vertex  1.607899e-01  2.906065e-01  1.714761e-01
     vertex  2.193195e-01  2.906065e-01  1.219400e-01
   endloop
 endfacet
 facet normal  6.460265e-01  0.000000e+00  7.633150e-01
   outer loop
     vertex  2.193195e-01  3.746410e-01  1.219400e-01
     vertex  1.607899e-01  3.746410e-01  1.714761e-01
     vertex  1.607899e-01  2.906065e-01  1.714761e-01
   endloop
 endfacet
 facet normal  8.889587e-01 -1.548981e-13  4.579874e-01
   outer loop
     vertex  2.544371e-01  3.746410e-01  5.377639e-02
     vertex  2.193195e-01  2.906065e-01  1.219400e-01
     vertex  2.544371e-01  2.906065e-01  5.377639e-02
   endloop
 endfacet
 facet normal  8.889587e-01  1.549340e-13  4.579874e-01
   outer loop
     vertex  2.544371e-01  3.746410e-01  5.377639e-02
     vertex  2.193195e-01  3.746410e-01  1.219400e-01
     vertex  2.193195e-01  2.906065e-01  1.219400e-01
   endloop
 endfacet
 facet normal  9.965549e-01 -2.805000e-14  8.293548e-02
   outer loop
     vertex  2.607964e-01  3.746410e-01 -2.263754e-02
     vertex  2.544371e-01  2.906065e-01  5.377639e-02
     vertex  2.607964e-01  2.906065e-01 -2.263754e-02
   endloop
 endfacet
 facet normal  9.965549e-01 -2.804897e-14  8.293548e-02
   outer loop
     vertex  2.607964e-01  3.746410e-01 -2.263754e-02
     vertex  2.544371e-01  3.746410e-01  5.377639e-02
     vertex  2.544371e-01  2.906065e-01  5.377639e-02
   endloop
 endfacet
 facet normal  9.524347e-01  0.000000e+00 -3.047427e-01
   outer loop
     vertex  2.374293e-01  3.746410e-01 -9.566841e-02
     vertex  2.607964e-01  2.906065e-01 -2.263754e-02
     vertex  2.374293e-01  2.906065e-01 -9.566841e-02
   endloop
 endfacet
 facet normal  9.524347e-01  1.030762e-13 -3.047427e-01
   outer loop
     vertex  2.374293e-01  3.746410e-01 -9.566841e-02
     vertex  2.607964e-01  3.746410e-01 -2.263754e-02
     vertex  2.607964e-01  2.906065e-01 -2.263754e-02
   endloop
 endfacet
 facet normal  7.633150e-01 -2.184957e-13 -6.460265e-01
   outer loop
     vertex  1.878933e-01  3.746410e-01 -1.541979e-01
     vertex  2.374293e-01  2.906065e-01 -9.566841e-02
     vertex  1.878933e-01  2.906065e-01 -1.541979e-01
   endloop
 endfacet
 facet normal  7.633150e-01  0.000000e+00 -6.460265e-01
   outer loop
     vertex  1.878933e-01  3.746410e-01 -1.541979e-01
     vertex  2.374293e-01  3.746410e-01 -9.566841e-02
     vertex  2.374293e-01  2.906065e-01 -9.566841e-02
   endloop
 endfacet
 facet normal  4.579874e-01  0.000000e+00 -8.889587e-01
   outer loop
     vertex  1.197296e-01  3.746410e-01 -1.893155e-01
     vertex  1.878933e-01  2.906065e-01 -1.541979e-01
     vertex  1.197296e-01  2.906065e-01 -1.893155e-01
   endloop
 endfacet
 facet normal  4.579874e-01 -3.006472e-13 -8.889587e-01
   outer loop
     vertex  1.197296e-01  3.746410e-01 -1.893155e-01
     vertex  1.878933e-01  3.746410e-01 -1.541979e-01
     vertex  1.878933e-01  2.906065e-01 -1.541979e-01
   endloop
 endfacet
 facet normal  8.293548e-02  0.000000e+00 -9.965549e-01
   outer loop
     vertex  4.331568e-02  3.746410e-01 -1.956749e-01
     vertex  1.197296e-01  2.906065e-01 -1.893155e-01
     vertex  4.331568e-02  2.906065e-01 -1.956749e-01
   endloop
 endfacet
 facet normal  8.293548e-02  0.000000e+00 -9.965549e-01
   outer loop
     vertex  4.331568e-02  3.746410e-01 -1.956749e-01
     vertex  1.197296e-01  3.746410e-01 -1.893155e-01
     vertex  1.197296e-01  2.906065e-01 -1.893155e-01
   endloop
 endfacet
 facet normal  3.394770e-12  1.000000e+00  1.540489e-12
   outer loop
     vertex  2.544371e-01  3.746410e-01  5.377639e-02
     vertex  2.131682e-01  3.746410e-01  1.170458e-01
     vertex  2.193195e-01  3.746410e-01  1.219400e-01
   endloop
 endfacet
 facet normal  2.216276e-12  1.000000e+00  2.905527e-12
   outer loop
     vertex  1.569798e-01  3.746410e-01  1.646004e-01
     vertex  1.607899e-01  3.746410e-01  1.714761e-01
     vertex  2.193195e-01  3.746410e-01  1.219400e-01
   endloop
 endfacet
 facet normal  2.259005e-12  1.000000e+00  2.967967e-12
   outer loop
     vertex  1.569798e-01  3.746410e-01  1.646004e-01
     vertex  2.193195e-01  3.746410e-01  1.219400e-01
     vertex  2.131682e-01  3.746410e-01  1.170458e-01
   endloop
 endfacet
 facet normal  1.747119e-12  1.000000e+00  4.657712e-13
   outer loop
     vertex  2.468811e-01  3.746410e-01  5.160870e-02
     vertex  2.131682e-01  3.746410e-01  1.170458e-01
     vertex  2.544371e-01  3.746410e-01  5.377639e-02
   endloop
 endfacet
 facet normal  1.784777e-12  1.000000e+00  3.345051e-13
   outer loop
     vertex  2.607964e-01  3.746410e-01 -2.263754e-02
     vertex  2.468811e-01  3.746410e-01  5.160870e-02
     vertex  2.544371e-01  3.746410e-01  5.377639e-02
   endloop
 endfacet
 facet normal  1.877503e-13  1.000000e+00 -2.136715e-14
   outer loop
     vertex  8.687021e-02  3.746410e-01  1.870328e-01
     vertex  8.775907e-02  3.746410e-01  1.948432e-01
     vertex  1.607899e-01  3.746410e-01  1.714761e-01
   endloop
 endfacet
 facet normal  9.512562e-13  1.000000e+00  3.606528e-12
   outer loop
     vertex  8.687021e-02  3.746410e-01  1.870328e-01
     vertex  1.607899e-01  3.746410e-01  1.714761e-01
     vertex  1.569798e-01  3.746410e-01  1.646004e-01
   endloop
 endfacet
 facet normal  1.859142e-12  1.000000e+00  3.484428e-13
   outer loop
     vertex  2.529861e-01  3.746410e-01 -2.174867e-02
     vertex  2.468811e-01  3.746410e-01  5.160870e-02
     vertex  2.607964e-01  3.746410e-01 -2.263754e-02
   endloop
 endfacet
 facet normal  1.816355e-13  1.000000e+00  5.210824e-14
   outer loop
     vertex  1.351284e-02  3.746410e-01  1.809279e-01
     vertex  1.134515e-02  3.746410e-01  1.884839e-01
     vertex  8.775907e-02  3.746410e-01  1.948432e-01
   endloop
 endfacet
 facet normal  1.955732e-13  1.000000e+00 -2.225745e-14
   outer loop
     vertex  1.351284e-02  3.746410e-01  1.809279e-01
     vertex  8.775907e-02  3.746410e-01  1.948432e-01
     vertex  8.687021e-02  3.746410e-01  1.870328e-01
   endloop
 endfacet
 facet normal -0.000000e+00  1.000000e+00  0.000000e+00
   outer loop
     vertex  2.305537e-01  3.746410e-01 -9.185831e-02
     vertex  2.607964e-01  3.746410e-01 -2.263754e-02
     vertex  2.374293e-01  3.746410e-01 -9.566841e-02
   endloop
 endfacet
 facet normal  1.733304e-12  1.000000e+00 -7.572856e-13
   outer loop
     vertex  2.305537e-01  3.746410e-01 -9.185831e-02
     vertex  2.529861e-01  3.746410e-01 -2.174867e-02
     vertex  2.607964e-01  3.746410e-01 -2.263754e-02
   endloop
 endfacet
 facet normal  0.000000e+00  1.000000e+00  0.000000e+00
   outer loop
     vertex -5.681850e-02  3.746410e-01  1.533663e-01
     vertex  1.134515e-02  3.746410e-01  1.884839e-01
     vertex  1.351284e-02  3.746410e-01  1.809279e-01
   endloop
 endfacet
 facet normal  6.901490e-13  1.000000e+00 -1.761112e-12
   outer loop
     vertex -5.192427e-02  3.746410e-01  1.472150e-01
     vertex -5.681850e-02  3.746410e-01  1.533663e-01
     vertex  1.351284e-02  3.746410e-01  1.809279e-01
   endloop
 endfacet
 facet normal  0.000000e+00  1.000000e+00  0.000000e+00
   outer loop
     vertex  1.829990e-01  3.746410e-01 -1.480467e-01
     vertex  2.305537e-01  3.746410e-01 -9.185831e-02
     vertex  2.374293e-01  3.746410e-01 -9.566841e-02
   endloop
 endfacet
 facet normal  0.000000e+00  1.000000e+00 -0.000000e+00
   outer loop
     vertex  1.878933e-01  3.746410e-01 -1.541979e-01
     vertex  1.829990e-01  3.746410e-01 -1.480467e-01
     vertex  2.374293e-01  3.746410e-01 -9.566841e-02
   endloop
 endfacet
 facet normal -1.540295e-13  1.000000e+00 -1.225527e-13
   outer loop
     vertex  1.175619e-01  3.746410e-01 -1.817596e-01
     vertex  1.829990e-01  3.746410e-01 -1.480467e-01
     vertex  1.878933e-01  3.746410e-01 -1.541979e-01
   endloop
 endfacet
 facet normal  1.406969e-12  1.000000e+00 -1.190779e-12
   outer loop
     vertex -1.063546e-01  3.746410e-01  9.483673e-02
     vertex -5.192427e-02  3.746410e-01  1.472150e-01
     vertex -9.947890e-02  3.746410e-01  9.102663e-02
   endloop
 endfacet
 facet normal  1.406969e-12  1.000000e+00 -1.190779e-12
   outer loop
     vertex -1.063546e-01  3.746410e-01  9.483673e-02
     vertex -5.681850e-02  3.746410e-01  1.533663e-01
     vertex -5.192427e-02  3.746410e-01  1.472150e-01
   endloop
 endfacet
 facet normal -1.506722e-12  1.000000e+00  3.329228e-12
   outer loop
     vertex  1.197296e-01  3.746410e-01 -1.893155e-01
     vertex  1.175619e-01  3.746410e-01 -1.817596e-01
     vertex  1.878933e-01  3.746410e-01 -1.541979e-01
   endloop
 endfacet
 facet normal -1.733304e-12  1.000000e+00  7.572856e-13
   outer loop
     vertex -1.297217e-01  3.746410e-01  2.180586e-02
     vertex -9.947890e-02  3.746410e-01  9.102663e-02
     vertex -1.219113e-01  3.746410e-01  2.091699e-02
   endloop
 endfacet
 facet normal  1.663971e-12  1.000000e+00 -7.269941e-13
   outer loop
     vertex -1.297217e-01  3.746410e-01  2.180586e-02
     vertex -1.063546e-01  3.746410e-01  9.483673e-02
     vertex -9.947890e-02  3.746410e-01  9.102663e-02
   endloop
 endfacet
 facet normal  1.955732e-13  1.000000e+00 -2.225745e-14
   outer loop
     vertex  4.331568e-02  3.746410e-01 -1.956749e-01
     vertex  4.420455e-02  3.746410e-01 -1.878645e-01
     vertex  1.175619e-01  3.746410e-01 -1.817596e-01
   endloop
 endfacet
 facet normal -4.873746e-13  1.000000e+00  3.621662e-12
   outer loop
     vertex  4.331568e-02  3.746410e-01 -1.956749e-01
     vertex  1.175619e-01  3.746410e-01 -1.817596e-01
     vertex  1.197296e-01  3.746410e-01 -1.893155e-01
   endloop
 endfacet
 facet normal  1.891164e-12  1.000000e+00 -3.633406e-14
   outer loop
     vertex -1.233623e-01  3.746410e-01 -5.460806e-02
     vertex -1.219113e-01  3.746410e-01  2.091699e-02
     vertex -1.158063e-01  3.746410e-01 -5.244038e-02
   endloop
 endfacet
 facet normal -1.815518e-12  1.000000e+00  3.488070e-14
   outer loop
     vertex -1.233623e-01  3.746410e-01 -5.460806e-02
     vertex -1.297217e-01  3.746410e-01  2.180586e-02
     vertex -1.219113e-01  3.746410e-01  2.091699e-02
   endloop
 endfacet
 facet normal  9.512562e-13  1.000000e+00  3.606528e-12
   outer loop
     vertex -2.971519e-02  3.746410e-01 -1.723078e-01
     vertex -2.590509e-02  3.746410e-01 -1.654321e-01
     vertex  4.420455e-02  3.746410e-01 -1.878645e-01
   endloop
 endfacet
 facet normal  1.877503e-13  1.000000e+00 -2.136715e-14
   outer loop
     vertex -2.971519e-02  3.746410e-01 -1.723078e-01
     vertex  4.420455e-02  3.746410e-01 -1.878645e-01
     vertex  4.331568e-02  3.746410e-01 -1.956749e-01
   endloop
 endfacet
 facet normal  1.584280e-12  1.000000e+00  1.033382e-12
   outer loop
     vertex -8.209344e-02  3.746410e-01 -1.178775e-01
     vertex -1.233623e-01  3.746410e-01 -5.460806e-02
     vertex -1.158063e-01  3.746410e-01 -5.244038e-02
   endloop
 endfacet
 facet normal -2.136452e-12  1.000000e+00 -3.121997e-12
   outer loop
     vertex -8.824473e-02  3.746410e-01 -1.227717e-01
     vertex -8.209344e-02  3.746410e-01 -1.178775e-01
     vertex -2.590509e-02  3.746410e-01 -1.654321e-01
   endloop
 endfacet
 facet normal  2.050994e-12  1.000000e+00  2.997117e-12
   outer loop
     vertex -8.824473e-02  3.746410e-01 -1.227717e-01
     vertex -2.590509e-02  3.746410e-01 -1.654321e-01
     vertex -2.971519e-02  3.746410e-01 -1.723078e-01
   endloop
 endfacet
 facet normal -3.041818e-12  1.000000e+00 -1.984094e-12
   outer loop
     vertex -8.824473e-02  3.746410e-01 -1.227717e-01
     vertex -1.233623e-01  3.746410e-01 -5.460806e-02
     vertex -8.209344e-02  3.746410e-01 -1.178775e-01
   endloop
 endfacet
 facet normal  3.047427e-01 -3.802061e-13  9.524347e-01
   outer loop
     vertex -2.336502e-02  3.694005e-01 -1.608483e-01
     vertex  4.479713e-02  2.982039e-01 -1.826576e-01
     vertex  4.479713e-02  3.694005e-01 -1.826576e-01
   endloop
 endfacet
 facet normal  3.047427e-01 -7.604249e-13  9.524347e-01
   outer loop
     vertex -2.336502e-02  3.694005e-01 -1.608483e-01
     vertex -2.336502e-02  2.982039e-01 -1.608483e-01
     vertex  4.479713e-02  2.982039e-01 -1.826576e-01
   endloop
 endfacet
 facet normal  6.460265e-01 -3.047158e-13  7.633150e-01
   outer loop
     vertex -7.799259e-02  3.694005e-01 -1.146147e-01
     vertex -7.799259e-02  2.982039e-01 -1.146147e-01
     vertex -2.336502e-02  2.982039e-01 -1.608483e-01
   endloop
 endfacet
 facet normal  6.460265e-01 -6.094192e-13  7.633150e-01
   outer loop
     vertex -7.799259e-02  3.694005e-01 -1.146147e-01
     vertex -2.336502e-02  2.982039e-01 -1.608483e-01
     vertex -2.336502e-02  3.694005e-01 -1.608483e-01
   endloop
 endfacet
 facet normal  8.889587e-01  0.000000e+00  4.579874e-01
   outer loop
     vertex -1.107690e-01  3.694005e-01 -5.099525e-02
     vertex -1.107690e-01  2.982039e-01 -5.099525e-02
     vertex -7.799259e-02  2.982039e-01 -1.146147e-01
   endloop
 endfacet
 facet normal  8.889587e-01 -1.828258e-13  4.579874e-01
   outer loop
     vertex -1.107690e-01  3.694005e-01 -5.099525e-02
     vertex -7.799259e-02  2.982039e-01 -1.146147e-01
     vertex -7.799259e-02  3.694005e-01 -1.146147e-01
   endloop
 endfacet
 facet normal  9.965549e-01 -3.310789e-14  8.293548e-02
   outer loop
     vertex -1.167044e-01  3.694005e-01  2.032441e-02
     vertex -1.167044e-01  2.982039e-01  2.032441e-02
     vertex -1.107690e-01  2.982039e-01 -5.099525e-02
   endloop
 endfacet
 facet normal  9.965549e-01  0.000000e+00  8.293548e-02
   outer loop
     vertex -1.167044e-01  3.694005e-01  2.032441e-02
     vertex -1.107690e-01  2.982039e-01 -5.099525e-02
     vertex -1.107690e-01  3.694005e-01 -5.099525e-02
   endloop
 endfacet
 facet normal  9.524347e-01  1.216534e-13 -3.047427e-01
   outer loop
     vertex -9.489511e-02  3.694005e-01  8.848656e-02
     vertex -9.489511e-02  2.982039e-01  8.848656e-02
     vertex -1.167044e-01  2.982039e-01  2.032441e-02
   endloop
 endfacet
 facet normal  9.524347e-01  1.216285e-13 -3.047427e-01
   outer loop
     vertex -9.489511e-02  3.694005e-01  8.848656e-02
     vertex -1.167044e-01  2.982039e-01  2.032441e-02
     vertex -1.167044e-01  3.694005e-01  2.032441e-02
   endloop
 endfacet
 facet normal  7.633150e-01  2.578941e-13 -6.460265e-01
   outer loop
     vertex -4.866144e-02  3.694005e-01  1.431141e-01
     vertex -4.866144e-02  2.982039e-01  1.431141e-01
     vertex -9.489511e-02  2.982039e-01  8.848656e-02
   endloop
 endfacet
 facet normal  7.633150e-01  2.578967e-13 -6.460265e-01
   outer loop
     vertex -4.866144e-02  3.694005e-01  1.431141e-01
     vertex -9.489511e-02  2.982039e-01  8.848656e-02
     vertex -9.489511e-02  3.694005e-01  8.848656e-02
   endloop
 endfacet
 facet normal  4.579874e-01  7.097456e-13 -8.889587e-01
   outer loop
     vertex  1.495796e-02  3.694005e-01  1.758906e-01
     vertex  1.495796e-02  2.982039e-01  1.758906e-01
     vertex -4.866144e-02  2.982039e-01  1.431141e-01
   endloop
 endfacet
 facet normal  4.579874e-01  3.548420e-13 -8.889587e-01
   outer loop
     vertex  1.495796e-02  3.694005e-01  1.758906e-01
     vertex -4.866144e-02  2.982039e-01  1.431141e-01
     vertex -4.866144e-02  3.694005e-01  1.431141e-01
   endloop
 endfacet
 facet normal  8.293548e-02  3.978253e-13 -9.965549e-01
   outer loop
     vertex  8.627763e-02  3.694005e-01  1.818259e-01
     vertex  8.627763e-02  2.982039e-01  1.818259e-01
     vertex  1.495796e-02  2.982039e-01  1.758906e-01
   endloop
 endfacet
 facet normal  8.293548e-02  7.956496e-13 -9.965549e-01
   outer loop
     vertex  8.627763e-02  3.694005e-01  1.818259e-01
     vertex  1.495796e-02  2.982039e-01  1.758906e-01
     vertex  1.495796e-02  3.694005e-01  1.758906e-01
   endloop
 endfacet
 facet normal  3.503270e-01  6.218946e-13 -9.366275e-01
   outer loop
     vertex  2.103308e-01  2.643780e-01  3.059529e-02
     vertex  2.132253e-01  2.646542e-01  3.167792e-02
     vertex  2.132253e-01  2.218485e-01  3.167792e-02
   endloop
 endfacet
 facet normal  3.503270e-01 -2.056579e-13 -9.366275e-01
   outer loop
     vertex  2.103308e-01  2.643780e-01  3.059529e-02
     vertex  2.132253e-01  2.218485e-01  3.167792e-02
     vertex  1.913510e-01  2.283716e-01  2.349627e-02
   endloop
 endfacet
 facet normal  3.503270e-01  2.249488e-11 -9.366275e-01
   outer loop
     vertex  1.454187e-01  2.194367e-01  6.316207e-03
     vertex  1.913510e-01  2.283716e-01  2.349627e-02
     vertex  1.455016e-01  2.187857e-01  6.347221e-03
   endloop
 endfacet
 facet normal  3.503270e-01 -7.003760e-13 -9.366275e-01
   outer loop
     vertex  1.454187e-01  2.491925e-01  6.316207e-03
     vertex  2.103308e-01  2.643780e-01  3.059529e-02
     vertex  1.913510e-01  2.283716e-01  2.349627e-02
   endloop
 endfacet
 facet normal  3.503270e-01 -8.946313e-13 -9.366275e-01
   outer loop
     vertex  1.454187e-01  2.491925e-01  6.316207e-03
     vertex  1.913510e-01  2.283716e-01  2.349627e-02
     vertex  1.454187e-01  2.194367e-01  6.316207e-03
   endloop
 endfacet
 facet normal  5.518305e-01  0.000000e+00  8.339563e-01
   outer loop
     vertex  1.827605e-01  2.283716e-01 -5.198705e-02
     vertex  1.418633e-01  2.491925e-01 -2.492524e-02
     vertex  1.418633e-01  2.194367e-01 -2.492524e-02
   endloop
 endfacet
 facet normal  5.518305e-01 -1.889006e-12  8.339563e-01
   outer loop
     vertex  1.827605e-01  2.283716e-01 -5.198705e-02
     vertex  1.418633e-01  2.194367e-01 -2.492524e-02
     vertex  1.419371e-01  2.187857e-01 -2.497409e-02
   endloop
 endfacet
 facet normal  5.518305e-01  1.234553e-13  8.339563e-01
   outer loop
     vertex  1.996598e-01  2.643780e-01 -6.316933e-02
     vertex  1.827605e-01  2.283716e-01 -5.198705e-02
     vertex  2.022370e-01  2.218485e-01 -6.487467e-02
   endloop
 endfacet
 facet normal  5.518305e-01 -6.145388e-13  8.339563e-01
   outer loop
     vertex  1.996598e-01  2.643780e-01 -6.316933e-02
     vertex  1.418633e-01  2.491925e-01 -2.492524e-02
     vertex  1.827605e-01  2.283716e-01 -5.198705e-02
   endloop
 endfacet
 facet normal  5.518305e-01  5.537223e-13  8.339563e-01
   outer loop
     vertex  2.022370e-01  2.646542e-01 -6.487467e-02
     vertex  1.996598e-01  2.643780e-01 -6.316933e-02
     vertex  2.022370e-01  2.218485e-01 -6.487467e-02
   endloop
 endfacet
 facet normal  9.935863e-01  0.000000e+00 -1.130763e-01
   outer loop
     vertex  1.454187e-01  2.491925e-01  6.316207e-03
     vertex  1.418633e-01  2.194367e-01 -2.492524e-02
     vertex  1.418633e-01  2.491925e-01 -2.492524e-02
   endloop
 endfacet
 facet normal  9.935863e-01 -1.080063e-13 -1.130763e-01
   outer loop
     vertex  1.454187e-01  2.491925e-01  6.316207e-03
     vertex  1.454187e-01  2.194367e-01  6.316207e-03
     vertex  1.418633e-01  2.194367e-01 -2.492524e-02
   endloop
 endfacet
 facet normal  9.727861e-01  2.035454e-01 -1.107091e-01
   outer loop
     vertex  1.452134e-01  2.501857e-01  6.338208e-03
     vertex  1.418633e-01  2.491925e-01 -2.492524e-02
     vertex  1.416583e-01  2.501857e-01 -2.490054e-02
   endloop
 endfacet
 facet normal  9.727861e-01  2.035454e-01 -1.107091e-01
   outer loop
     vertex  1.452134e-01  2.501857e-01  6.338208e-03
     vertex  1.454187e-01  2.491925e-01  6.316207e-03
     vertex  1.418633e-01  2.491925e-01 -2.492524e-02
   endloop
 endfacet
 facet normal -4.145770e-01  6.042218e-13 -9.100142e-01
   outer loop
     vertex  1.898500e-01  2.643780e-01 -8.087208e-02
     vertex  1.926622e-01  2.646542e-01 -8.215326e-02
     vertex  1.926622e-01  2.218485e-01 -8.215326e-02
   endloop
 endfacet
 facet normal -4.145770e-01  5.526050e-13 -9.100142e-01
   outer loop
     vertex  1.898500e-01  2.643780e-01 -8.087208e-02
     vertex  1.926622e-01  2.218485e-01 -8.215326e-02
     vertex  1.714095e-01  2.283716e-01 -7.247110e-02
   endloop
 endfacet
 facet normal -4.145770e-01  3.113312e-11 -9.100142e-01
   outer loop
     vertex  1.267823e-01  2.194367e-01 -5.214021e-02
     vertex  1.714095e-01  2.283716e-01 -7.247110e-02
     vertex  1.268629e-01  2.187857e-01 -5.217691e-02
   endloop
 endfacet
 facet normal -4.145770e-01  7.964224e-13 -9.100142e-01
   outer loop
     vertex  1.267823e-01  2.491925e-01 -5.214021e-02
     vertex  1.898500e-01  2.643780e-01 -8.087208e-02
     vertex  1.714095e-01  2.283716e-01 -7.247110e-02
   endloop
 endfacet
 facet normal -4.145770e-01 -0.000000e+00 -9.100142e-01
   outer loop
     vertex  1.267823e-01  2.491925e-01 -5.214021e-02
     vertex  1.714095e-01  2.283716e-01 -7.247110e-02
     vertex  1.267823e-01  2.194367e-01 -5.214021e-02
   endloop
 endfacet
 facet normal  9.798992e-01  1.905412e-13  1.994931e-01
   outer loop
     vertex  1.119603e-01  2.283716e-01 -1.197715e-01
     vertex  1.021772e-01  2.491925e-01 -7.171715e-02
     vertex  1.021772e-01  2.194367e-01 -7.171715e-02
   endloop
 endfacet
 facet normal  9.798992e-01 -2.311049e-11  1.994931e-01
   outer loop
     vertex  1.119603e-01  2.283716e-01 -1.197715e-01
     vertex  1.021772e-01  2.194367e-01 -7.171715e-02
     vertex  1.021948e-01  2.187857e-01 -7.180390e-02
   endloop
 endfacet
 facet normal  9.798992e-01 -1.015201e-12  1.994931e-01
   outer loop
     vertex  1.160028e-01  2.643780e-01 -1.396281e-01
     vertex  1.119603e-01  2.283716e-01 -1.197715e-01
     vertex  1.166193e-01  2.218485e-01 -1.426564e-01
   endloop
 endfacet
 facet normal  9.798992e-01 -1.215573e-12  1.994931e-01
   outer loop
     vertex  1.160028e-01  2.643780e-01 -1.396281e-01
     vertex  1.021772e-01  2.491925e-01 -7.171715e-02
     vertex  1.119603e-01  2.283716e-01 -1.197715e-01
   endloop
 endfacet
 facet normal  9.798992e-01 -1.324575e-13  1.994931e-01
   outer loop
     vertex  1.166193e-01  2.646542e-01 -1.426564e-01
     vertex  1.160028e-01  2.643780e-01 -1.396281e-01
     vertex  1.166193e-01  2.218485e-01 -1.426564e-01
   endloop
 endfacet
 facet normal  6.226146e-01 -7.474316e-13 -7.825287e-01
   outer loop
     vertex  1.267823e-01  2.491925e-01 -5.214021e-02
     vertex  1.021772e-01  2.194367e-01 -7.171715e-02
     vertex  1.021772e-01  2.491925e-01 -7.171715e-02
   endloop
 endfacet
 facet normal  6.226146e-01  0.000000e+00 -7.825287e-01
   outer loop
     vertex  1.267823e-01  2.491925e-01 -5.214021e-02
     vertex  1.267823e-01  2.194367e-01 -5.214021e-02
     vertex  1.021772e-01  2.194367e-01 -7.171715e-02
   endloop
 endfacet
 facet normal  6.095805e-01  2.035454e-01 -7.661468e-01
   outer loop
     vertex  1.266527e-01  2.501857e-01 -5.197948e-02
     vertex  1.021772e-01  2.491925e-01 -7.171715e-02
     vertex  1.020497e-01  2.501857e-01 -7.155473e-02
   endloop
 endfacet
 facet normal  6.095805e-01  2.035454e-01 -7.661468e-01
   outer loop
     vertex  1.266527e-01  2.501857e-01 -5.197948e-02
     vertex  1.267823e-01  2.491925e-01 -5.214021e-02
     vertex  1.021772e-01  2.491925e-01 -7.171715e-02
   endloop
 endfacet
 facet normal  9.366275e-01  0.000000e+00  3.503270e-01
   outer loop
     vertex  3.452625e-02  2.643780e-01  1.443776e-01
     vertex  3.344362e-02  2.646542e-01  1.472721e-01
     vertex  3.344362e-02  2.218485e-01  1.472721e-01
   endloop
 endfacet
 facet normal  9.366275e-01 -5.210492e-13  3.503270e-01
   outer loop
     vertex  3.452625e-02  2.643780e-01  1.443776e-01
     vertex  3.344362e-02  2.218485e-01  1.472721e-01
     vertex  4.162527e-02  2.283716e-01  1.253978e-01
   endloop
 endfacet
 facet normal  9.366275e-01  2.249488e-11  3.503270e-01
   outer loop
     vertex  5.880533e-02  2.194367e-01  7.946551e-02
     vertex  4.162527e-02  2.283716e-01  1.253978e-01
     vertex  5.877432e-02  2.187857e-01  7.954843e-02
   endloop
 endfacet
 facet normal  9.366275e-01 -3.228311e-13  3.503270e-01
   outer loop
     vertex  5.880533e-02  2.491925e-01  7.946551e-02
     vertex  3.452625e-02  2.643780e-01  1.443776e-01
     vertex  4.162527e-02  2.283716e-01  1.253978e-01
   endloop
 endfacet
 facet normal  9.366275e-01 -3.346192e-13  3.503270e-01
   outer loop
     vertex  5.880533e-02  2.491925e-01  7.946551e-02
     vertex  4.162527e-02  2.283716e-01  1.253978e-01
     vertex  5.880533e-02  2.194367e-01  7.946551e-02
   endloop
 endfacet
 facet normal -8.339563e-01  0.000000e+00  5.518305e-01
   outer loop
     vertex  1.171086e-01  2.283716e-01  1.168073e-01
     vertex  9.004678e-02  2.491925e-01  7.591004e-02
     vertex  9.004678e-02  2.194367e-01  7.591004e-02
   endloop
 endfacet
 facet normal -8.339563e-01 -2.107733e-12  5.518305e-01
   outer loop
     vertex  1.171086e-01  2.283716e-01  1.168073e-01
     vertex  9.004678e-02  2.194367e-01  7.591004e-02
     vertex  9.009563e-02  2.187857e-01  7.598387e-02
   endloop
 endfacet
 facet normal -8.339563e-01 -1.278807e-13  5.518305e-01
   outer loop
     vertex  1.282909e-01  2.643780e-01  1.337066e-01
     vertex  1.171086e-01  2.283716e-01  1.168073e-01
     vertex  1.299962e-01  2.218485e-01  1.362838e-01
   endloop
 endfacet
 facet normal -8.339563e-01  6.464551e-13  5.518305e-01
   outer loop
     vertex  1.282909e-01  2.643780e-01  1.337066e-01
     vertex  9.004678e-02  2.491925e-01  7.591004e-02
     vertex  1.171086e-01  2.283716e-01  1.168073e-01
   endloop
 endfacet
 facet normal -8.339563e-01  7.410454e-13  5.518305e-01
   outer loop
     vertex  1.299962e-01  2.646542e-01  1.362838e-01
     vertex  1.282909e-01  2.643780e-01  1.337066e-01
     vertex  1.299962e-01  2.218485e-01  1.362838e-01
   endloop
 endfacet
 facet normal -6.738532e-01  1.332531e-01  7.267499e-01
   outer loop
     vertex  7.264832e-02  2.367079e-01  6.206706e-02
     vertex  9.004678e-02  2.491925e-01  7.591004e-02
     vertex  9.002208e-02  2.501857e-01  7.570504e-02
   endloop
 endfacet
 facet normal -6.226146e-01  0.000000e+00  7.825287e-01
   outer loop
     vertex  7.264832e-02  2.367079e-01  6.206706e-02
     vertex  9.004678e-02  2.194367e-01  7.591004e-02
     vertex  9.004678e-02  2.491925e-01  7.591004e-02
   endloop
 endfacet
 facet normal -6.226146e-01  1.431912e-12  7.825287e-01
   outer loop
     vertex  7.264832e-02  2.367079e-01  6.206706e-02
     vertex  7.264832e-02  2.119916e-01  6.206706e-02
     vertex  9.004678e-02  2.194367e-01  7.591004e-02
   endloop
 endfacet
 facet normal  9.100142e-01  2.752688e-13 -4.145770e-01
   outer loop
     vertex  1.459936e-01  2.643780e-01  1.238968e-01
     vertex  1.472748e-01  2.646542e-01  1.267090e-01
     vertex  1.472748e-01  2.218485e-01  1.267090e-01
   endloop
 endfacet
 facet normal  9.100142e-01 -4.330737e-13 -4.145770e-01
   outer loop
     vertex  1.459936e-01  2.643780e-01  1.238968e-01
     vertex  1.472748e-01  2.218485e-01  1.267090e-01
     vertex  1.375926e-01  2.283716e-01  1.054562e-01
   endloop
 endfacet
 facet normal  9.100142e-01 -7.497056e-12 -4.145770e-01
   outer loop
     vertex  1.172617e-01  2.194367e-01  6.082908e-02
     vertex  1.375926e-01  2.283716e-01  1.054562e-01
     vertex  1.172985e-01  2.187857e-01  6.090964e-02
   endloop
 endfacet
 facet normal  9.100142e-01 -1.106467e-12 -4.145770e-01
   outer loop
     vertex  1.172617e-01  2.491925e-01  6.082908e-02
     vertex  1.459936e-01  2.643780e-01  1.238968e-01
     vertex  1.375926e-01  2.283716e-01  1.054562e-01
   endloop
 endfacet
 facet normal  9.100142e-01  0.000000e+00 -4.145770e-01
   outer loop
     vertex  1.172617e-01  2.491925e-01  6.082908e-02
     vertex  1.375926e-01  2.283716e-01  1.054562e-01
     vertex  1.172617e-01  2.194367e-01  6.082908e-02
   endloop
 endfacet
 facet normal -1.994931e-01 -9.359515e-13  9.798992e-01
   outer loop
     vertex  1.848930e-01  2.283716e-01  4.600710e-02
     vertex  1.368387e-01  2.491925e-01  3.622395e-02
     vertex  1.368387e-01  2.194367e-01  3.622395e-02
   endloop
 endfacet
 facet normal -1.994931e-01  1.848740e-11  9.798992e-01
   outer loop
     vertex  1.848930e-01  2.283716e-01  4.600710e-02
     vertex  1.368387e-01  2.194367e-01  3.622395e-02
     vertex  1.369254e-01  2.187857e-01  3.624161e-02
   endloop
 endfacet
 facet normal -1.994931e-01 -3.647932e-13  9.798992e-01
   outer loop
     vertex  2.047497e-01  2.643780e-01  5.004963e-02
     vertex  1.848930e-01  2.283716e-01  4.600710e-02
     vertex  2.077779e-01  2.218485e-01  5.066612e-02
   endloop
 endfacet
 facet normal -1.994931e-01 -5.129169e-13  9.798992e-01
   outer loop
     vertex  2.047497e-01  2.643780e-01  5.004963e-02
     vertex  1.368387e-01  2.491925e-01  3.622395e-02
     vertex  1.848930e-01  2.283716e-01  4.600710e-02
   endloop
 endfacet
 facet normal -1.994931e-01  0.000000e+00  9.798992e-01
   outer loop
     vertex  2.077779e-01  2.646542e-01  5.066612e-02
     vertex  2.047497e-01  2.643780e-01  5.004963e-02
     vertex  2.077779e-01  2.218485e-01  5.066612e-02
   endloop
 endfacet
 facet normal -3.152277e-01  6.994445e-02  9.464350e-01
   outer loop
     vertex  1.252725e-01  2.419644e-01  3.290579e-02
     vertex  1.368387e-01  2.491925e-01  3.622395e-02
     vertex  1.366763e-01  2.501857e-01  3.609645e-02
   endloop
 endfacet
 facet normal -2.757601e-01 -9.181239e-13  9.612265e-01
   outer loop
     vertex  1.252725e-01  2.419644e-01  3.290579e-02
     vertex  1.368387e-01  2.194367e-01  3.622395e-02
     vertex  1.368387e-01  2.491925e-01  3.622395e-02
   endloop
 endfacet
 facet normal -2.757601e-01  1.001234e-12  9.612265e-01
   outer loop
     vertex  1.252725e-01  2.419644e-01  3.290579e-02
     vertex  1.252725e-01  2.146783e-01  3.290579e-02
     vertex  1.368387e-01  2.194367e-01  3.622395e-02
   endloop
 endfacet
 facet normal -9.100142e-01  0.000000e+00  4.145770e-01
   outer loop
     vertex -1.491887e-02  2.643780e-01 -1.247284e-01
     vertex -1.620004e-02  2.646542e-01 -1.275407e-01
     vertex -1.620004e-02  2.218485e-01 -1.275407e-01
   endloop
 endfacet
 facet normal -9.100142e-01  1.325150e-13  4.145770e-01
   outer loop
     vertex -1.491887e-02  2.643780e-01 -1.247284e-01
     vertex -1.620004e-02  2.218485e-01 -1.275407e-01
     vertex -6.517881e-03  2.283716e-01 -1.062879e-01
   endloop
 endfacet
 facet normal -9.100142e-01 -2.515966e-11  4.145770e-01
   outer loop
     vertex  1.381301e-02  2.194367e-01 -6.166076e-02
     vertex -6.517881e-03  2.283716e-01 -1.062879e-01
     vertex  1.377630e-02  2.187857e-01 -6.174132e-02
   endloop
 endfacet
 facet normal -9.100142e-01 -5.781620e-13  4.145770e-01
   outer loop
     vertex  1.381301e-02  2.491925e-01 -6.166076e-02
     vertex -1.491887e-02  2.643780e-01 -1.247284e-01
     vertex -6.517881e-03  2.283716e-01 -1.062879e-01
   endloop
 endfacet
 facet normal -9.100142e-01  0.000000e+00  4.145770e-01
   outer loop
     vertex  1.381301e-02  2.491925e-01 -6.166076e-02
     vertex -6.517881e-03  2.283716e-01 -1.062879e-01
     vertex  1.381301e-02  2.194367e-01 -6.166076e-02
   endloop
 endfacet
 facet normal  1.994931e-01  9.359515e-13 -9.798992e-01
   outer loop
     vertex -5.381826e-02  2.283716e-01 -4.683877e-02
     vertex -5.763935e-03  2.491925e-01 -3.705562e-02
     vertex -5.763935e-03  2.194367e-01 -3.705562e-02
   endloop
 endfacet
 facet normal  1.994931e-01  3.556136e-11 -9.798992e-01
   outer loop
     vertex -5.381826e-02  2.283716e-01 -4.683877e-02
     vertex -5.763935e-03  2.194367e-01 -3.705562e-02
     vertex -5.850683e-03  2.187857e-01 -3.707328e-02
   endloop
 endfacet
 facet normal  1.994931e-01  2.151755e-13 -9.798992e-01
   outer loop
     vertex -7.367493e-02  2.643780e-01 -5.088130e-02
     vertex -5.381826e-02  2.283716e-01 -4.683877e-02
     vertex -7.670314e-02  2.218485e-01 -5.149780e-02
   endloop
 endfacet
 facet normal  1.994931e-01 -2.549345e-13 -9.798992e-01
   outer loop
     vertex -7.367493e-02  2.643780e-01 -5.088130e-02
     vertex -5.763935e-03  2.491925e-01 -3.705562e-02
     vertex -5.381826e-02  2.283716e-01 -4.683877e-02
   endloop
 endfacet
 facet normal  1.994931e-01  6.506240e-13 -9.798992e-01
   outer loop
     vertex -7.670314e-02  2.646542e-01 -5.149780e-02
     vertex -7.367493e-02  2.643780e-01 -5.088130e-02
     vertex -7.670314e-02  2.218485e-01 -5.149780e-02
   endloop
 endfacet
 facet normal -7.825287e-01  5.947006e-13 -6.226146e-01
   outer loop
     vertex  1.381301e-02  2.491925e-01 -6.166076e-02
     vertex -5.763935e-03  2.194367e-01 -3.705562e-02
     vertex -5.763935e-03  2.491925e-01 -3.705562e-02
   endloop
 endfacet
 facet normal -7.825287e-01 -0.000000e+00 -6.226146e-01
   outer loop
     vertex  1.381301e-02  2.491925e-01 -6.166076e-02
     vertex  1.381301e-02  2.194367e-01 -6.166076e-02
     vertex -5.763935e-03  2.194367e-01 -3.705562e-02
   endloop
 endfacet
 facet normal -7.661468e-01  2.035454e-01 -6.095805e-01
   outer loop
     vertex  1.397374e-02  2.501857e-01 -6.153114e-02
     vertex -5.763935e-03  2.491925e-01 -3.705562e-02
     vertex -5.601513e-03  2.501857e-01 -3.692812e-02
   endloop
 endfacet
 facet normal -7.661468e-01  2.035454e-01 -6.095805e-01
   outer loop
     vertex  1.397374e-02  2.501857e-01 -6.153114e-02
     vertex  1.381301e-02  2.491925e-01 -6.166076e-02
     vertex -5.763935e-03  2.491925e-01 -3.705562e-02
   endloop
 endfacet
 facet normal -9.366275e-01  2.326078e-13 -3.503270e-01
   outer loop
     vertex  9.654851e-02  2.643780e-01 -1.452093e-01
     vertex  9.763113e-02  2.646542e-01 -1.481038e-01
     vertex  9.763113e-02  2.218485e-01 -1.481038e-01
   endloop
 endfacet
 facet normal -9.366275e-01 -7.600142e-13 -3.503270e-01
   outer loop
     vertex  9.654851e-02  2.643780e-01 -1.452093e-01
     vertex  9.763113e-02  2.218485e-01 -1.481038e-01
     vertex  8.944948e-02  2.283716e-01 -1.262295e-01
   endloop
 endfacet
 facet normal -9.366275e-01  7.596523e-12 -3.503270e-01
   outer loop
     vertex  7.226942e-02  2.194367e-01 -8.029719e-02
     vertex  8.944948e-02  2.283716e-01 -1.262295e-01
     vertex  7.230043e-02  2.187857e-01 -8.038011e-02
   endloop
 endfacet
 facet normal -9.366275e-01 -5.460474e-13 -3.503270e-01
   outer loop
     vertex  7.226942e-02  2.491925e-01 -8.029719e-02
     vertex  9.654851e-02  2.643780e-01 -1.452093e-01
     vertex  8.944948e-02  2.283716e-01 -1.262295e-01
   endloop
 endfacet
 facet normal -9.366275e-01 -0.000000e+00 -3.503270e-01
   outer loop
     vertex  7.226942e-02  2.491925e-01 -8.029719e-02
     vertex  8.944948e-02  2.283716e-01 -1.262295e-01
     vertex  7.226942e-02  2.194367e-01 -8.029719e-02
   endloop
 endfacet
 facet normal  8.339563e-01  0.000000e+00 -5.518305e-01
   outer loop
     vertex  1.396617e-02  2.283716e-01 -1.176390e-01
     vertex  4.102797e-02  2.491925e-01 -7.674172e-02
     vertex  4.102797e-02  2.194367e-01 -7.674172e-02
   endloop
 endfacet
 facet normal  8.339563e-01  2.148827e-11 -5.518305e-01
   outer loop
     vertex  1.396617e-02  2.283716e-01 -1.176390e-01
     vertex  4.102797e-02  2.194367e-01 -7.674172e-02
     vertex  4.097912e-02  2.187857e-01 -7.681555e-02
   endloop
 endfacet
 facet normal  8.339563e-01 -5.541091e-13 -5.518305e-01
   outer loop
     vertex  2.783880e-03  2.643780e-01 -1.345383e-01
     vertex  1.396617e-02  2.283716e-01 -1.176390e-01
     vertex  1.078545e-03  2.218485e-01 -1.371155e-01
   endloop
 endfacet
 facet normal  8.339563e-01 -3.472640e-13 -5.518305e-01
   outer loop
     vertex  2.783880e-03  2.643780e-01 -1.345383e-01
     vertex  4.102797e-02  2.491925e-01 -7.674172e-02
     vertex  1.396617e-02  2.283716e-01 -1.176390e-01
   endloop
 endfacet
 facet normal  8.339563e-01 -3.663991e-13 -5.518305e-01
   outer loop
     vertex  1.078545e-03  2.646542e-01 -1.371155e-01
     vertex  2.783880e-03  2.643780e-01 -1.345383e-01
     vertex  1.078545e-03  2.218485e-01 -1.371155e-01
   endloop
 endfacet
 facet normal -1.130763e-01  0.000000e+00 -9.935863e-01
   outer loop
     vertex  7.226942e-02  2.491925e-01 -8.029719e-02
     vertex  4.102797e-02  2.194367e-01 -7.674172e-02
     vertex  4.102797e-02  2.491925e-01 -7.674172e-02
   endloop
 endfacet
 facet normal -1.130763e-01 -0.000000e+00 -9.935863e-01
   outer loop
     vertex  7.226942e-02  2.491925e-01 -8.029719e-02
     vertex  7.226942e-02  2.194367e-01 -8.029719e-02
     vertex  4.102797e-02  2.194367e-01 -7.674172e-02
   endloop
 endfacet
 facet normal -1.107091e-01  2.035454e-01 -9.727861e-01
   outer loop
     vertex  7.229142e-02  2.501857e-01 -8.009188e-02
     vertex  4.102797e-02  2.491925e-01 -7.674172e-02
     vertex  4.105267e-02  2.501857e-01 -7.653671e-02
   endloop
 endfacet
 facet normal -1.107091e-01  2.035454e-01 -9.727861e-01
   outer loop
     vertex  7.229142e-02  2.501857e-01 -8.009188e-02
     vertex  7.226942e-02  2.491925e-01 -8.029719e-02
     vertex  4.102797e-02  2.491925e-01 -7.674172e-02
   endloop
 endfacet
 facet normal  4.145770e-01  6.042218e-13  9.100142e-01
   outer loop
     vertex -5.877522e-02  2.643780e-01  8.004041e-02
     vertex -6.158746e-02  2.646542e-01  8.132158e-02
     vertex -6.158746e-02  2.218485e-01  8.132158e-02
   endloop
 endfacet
 facet normal  4.145770e-01  4.704651e-13  9.100142e-01
   outer loop
     vertex -5.877522e-02  2.643780e-01  8.004041e-02
     vertex -6.158746e-02  2.218485e-01  8.132158e-02
     vertex -4.033470e-02  2.283716e-01  7.163942e-02
   endloop
 endfacet
 facet normal  4.145770e-01 -4.626722e-11  9.100142e-01
   outer loop
     vertex  4.292457e-03  2.194367e-01  5.130853e-02
     vertex -4.033470e-02  2.283716e-01  7.163942e-02
     vertex  4.211896e-03  2.187857e-01  5.134524e-02
   endloop
 endfacet
 facet normal  4.145770e-01 -2.289653e-14  9.100142e-01
   outer loop
     vertex  4.292457e-03  2.491925e-01  5.130853e-02
     vertex -5.877522e-02  2.643780e-01  8.004041e-02
     vertex -4.033470e-02  2.283716e-01  7.163942e-02
   endloop
 endfacet
 facet normal  4.145770e-01  8.692113e-13  9.100142e-01
   outer loop
     vertex  4.292457e-03  2.491925e-01  5.130853e-02
     vertex -4.033470e-02  2.283716e-01  7.163942e-02
     vertex  4.292457e-03  2.194367e-01  5.130853e-02
   endloop
 endfacet
 facet normal -9.798992e-01  0.000000e+00 -1.994931e-01
   outer loop
     vertex  1.911444e-02  2.283716e-01  1.189398e-01
     vertex  2.889759e-02  2.491925e-01  7.088548e-02
     vertex  2.889759e-02  2.194367e-01  7.088548e-02
   endloop
 endfacet
 facet normal -9.798992e-01 -2.311049e-11 -1.994931e-01
   outer loop
     vertex  1.911444e-02  2.283716e-01  1.189398e-01
     vertex  2.889759e-02  2.194367e-01  7.088548e-02
     vertex  2.887993e-02  2.187857e-01  7.097222e-02
   endloop
 endfacet
 facet normal -9.798992e-01 -1.015201e-12 -1.994931e-01
   outer loop
     vertex  1.507191e-02  2.643780e-01  1.387965e-01
     vertex  1.911444e-02  2.283716e-01  1.189398e-01
     vertex  1.445542e-02  2.218485e-01  1.418247e-01
   endloop
 endfacet
 facet normal -9.798992e-01 -1.268106e-12 -1.994931e-01
   outer loop
     vertex  1.507191e-02  2.643780e-01  1.387965e-01
     vertex  2.889759e-02  2.491925e-01  7.088548e-02
     vertex  1.911444e-02  2.283716e-01  1.189398e-01
   endloop
 endfacet
 facet normal -9.798992e-01 -1.324575e-13 -1.994931e-01
   outer loop
     vertex  1.445542e-02  2.646542e-01  1.418247e-01
     vertex  1.507191e-02  2.643780e-01  1.387965e-01
     vertex  1.445542e-02  2.218485e-01  1.418247e-01
   endloop
 endfacet
 facet normal -8.809864e-01  1.843542e-01  4.357482e-01
   outer loop
     vertex  1.481729e-02  2.419644e-01  4.547628e-02
     vertex  2.889759e-02  2.491925e-01  7.088548e-02
     vertex  2.902509e-02  2.501857e-01  7.072305e-02
   endloop
 endfacet
 facet normal -8.746816e-01  0.000000e+00  4.846979e-01
   outer loop
     vertex  1.481729e-02  2.419644e-01  4.547628e-02
     vertex  2.889759e-02  2.194367e-01  7.088548e-02
     vertex  2.889759e-02  2.491925e-01  7.088548e-02
   endloop
 endfacet
 facet normal -8.746816e-01  0.000000e+00  4.846979e-01
   outer loop
     vertex  1.481729e-02  2.419644e-01  4.547628e-02
     vertex  1.481729e-02  2.146783e-01  4.547628e-02
     vertex  2.889759e-02  2.194367e-01  7.088548e-02
   endloop
 endfacet
 facet normal -3.503270e-01  0.000000e+00  9.366275e-01
   outer loop
     vertex -7.925606e-02  2.643780e-01 -3.142697e-02
     vertex -8.215055e-02  2.646542e-01 -3.250959e-02
     vertex -8.215055e-02  2.218485e-01 -3.250959e-02
   endloop
 endfacet
 facet normal -3.503270e-01 -2.056579e-13  9.366275e-01
   outer loop
     vertex -7.925606e-02  2.643780e-01 -3.142697e-02
     vertex -8.215055e-02  2.218485e-01 -3.250959e-02
     vertex -6.027625e-02  2.283716e-01 -2.432794e-02
   endloop
 endfacet
 facet normal -3.503270e-01 -7.355724e-12  9.366275e-01
   outer loop
     vertex -1.434398e-02  2.194367e-01 -7.147881e-03
     vertex -6.027625e-02  2.283716e-01 -2.432794e-02
     vertex -1.442689e-02  2.187857e-01 -7.178895e-03
   endloop
 endfacet
 facet normal -3.503270e-01 -4.537675e-13  9.366275e-01
   outer loop
     vertex -1.434398e-02  2.491925e-01 -7.147881e-03
     vertex -7.925606e-02  2.643780e-01 -3.142697e-02
     vertex -6.027625e-02  2.283716e-01 -2.432794e-02
   endloop
 endfacet
 facet normal -3.503270e-01  0.000000e+00  9.366275e-01
   outer loop
     vertex -1.434398e-02  2.491925e-01 -7.147881e-03
     vertex -6.027625e-02  2.283716e-01 -2.432794e-02
     vertex -1.434398e-02  2.194367e-01 -7.147881e-03
   endloop
 endfacet
 facet normal -5.518305e-01  0.000000e+00 -8.339563e-01
   outer loop
     vertex -5.168578e-02  2.283716e-01  5.115537e-02
     vertex -1.078850e-02  2.491925e-01  2.409357e-02
     vertex -1.078850e-02  2.194367e-01  2.409357e-02
   endloop
 endfacet
 facet normal -5.518305e-01 -3.741557e-11 -8.339563e-01
   outer loop
     vertex -5.168578e-02  2.283716e-01  5.115537e-02
     vertex -1.078850e-02  2.194367e-01  2.409357e-02
     vertex -1.086233e-02  2.187857e-01  2.414242e-02
   endloop
 endfacet
 facet normal -5.518305e-01  1.987290e-13 -8.339563e-01
   outer loop
     vertex -6.858506e-02  2.643780e-01  6.233766e-02
     vertex -5.168578e-02  2.283716e-01  5.115537e-02
     vertex -7.116226e-02  2.218485e-01  6.404300e-02
   endloop
 endfacet
 facet normal -5.518305e-01 -8.321053e-14 -8.339563e-01
   outer loop
     vertex -6.858506e-02  2.643780e-01  6.233766e-02
     vertex -1.078850e-02  2.491925e-01  2.409357e-02
     vertex -5.168578e-02  2.283716e-01  5.115537e-02
   endloop
 endfacet
 facet normal -5.518305e-01 -0.000000e+00 -8.339563e-01
   outer loop
     vertex -7.116226e-02  2.646542e-01  6.404300e-02
     vertex -6.858506e-02  2.643780e-01  6.233766e-02
     vertex -7.116226e-02  2.218485e-01  6.404300e-02
   endloop
 endfacet
 facet normal -9.935863e-01  0.000000e+00  1.130763e-01
   outer loop
     vertex -1.434398e-02  2.491925e-01 -7.147881e-03
     vertex -1.078850e-02  2.194367e-01  2.409357e-02
     vertex -1.078850e-02  2.491925e-01  2.409357e-02
   endloop
 endfacet
 facet normal -9.935863e-01  0.000000e+00  1.130763e-01
   outer loop
     vertex -1.434398e-02  2.491925e-01 -7.147881e-03
     vertex -1.434398e-02  2.194367e-01 -7.147881e-03
     vertex -1.078850e-02  2.194367e-01  2.409357e-02
   endloop
 endfacet
 facet normal -9.727861e-01  2.035454e-01  1.107091e-01
   outer loop
     vertex -1.413866e-02  2.501857e-01 -7.169882e-03
     vertex -1.078850e-02  2.491925e-01  2.409357e-02
     vertex -1.058350e-02  2.501857e-01  2.406887e-02
   endloop
 endfacet
 facet normal -9.727861e-01  2.035454e-01  1.107091e-01
   outer loop
     vertex -1.413866e-02  2.501857e-01 -7.169882e-03
     vertex -1.434398e-02  2.491925e-01 -7.147881e-03
     vertex -1.078850e-02  2.491925e-01  2.409357e-02
   endloop
 endfacet
 facet normal -7.001326e-01  7.067804e-01 -1.013694e-01
   outer loop
     vertex  2.832773e-02  2.425427e-01 -6.891792e-03
     vertex  2.801900e-02  2.425427e-01 -4.759458e-03
     vertex  4.330820e-02  2.578147e-01 -3.876785e-03
   endloop
 endfacet
 facet normal -6.968648e-01  7.071665e-01 -1.195614e-01
   outer loop
     vertex  2.832773e-02  2.425427e-01 -6.891792e-03
     vertex  4.330820e-02  2.578147e-01 -3.876785e-03
     vertex  4.342584e-02  2.578147e-01 -4.562446e-03
   endloop
 endfacet
 facet normal -6.931810e-01  7.068131e-01 -1.411215e-01
   outer loop
     vertex  2.875755e-02  2.425427e-01 -9.003051e-03
     vertex  4.342584e-02  2.578147e-01 -4.562446e-03
     vertex  4.356462e-02  2.578147e-01 -5.244142e-03
   endloop
 endfacet
 facet normal -6.881424e-01  7.071665e-01 -1.624057e-01
   outer loop
     vertex  2.875755e-02  2.425427e-01 -9.003051e-03
     vertex  4.356462e-02  2.578147e-01 -5.244142e-03
     vertex  4.372442e-02  2.578147e-01 -5.921221e-03
   endloop
 endfacet
 facet normal -6.931810e-01  7.068131e-01 -1.411215e-01
   outer loop
     vertex  2.875755e-02  2.425427e-01 -9.003051e-03
     vertex  2.832773e-02  2.425427e-01 -6.891792e-03
     vertex  4.342584e-02  2.578147e-01 -4.562446e-03
   endloop
 endfacet
 facet normal -6.840376e-01  7.067804e-01 -1.804273e-01
   outer loop
     vertex  2.930706e-02  2.425427e-01 -1.108637e-02
     vertex  2.875755e-02  2.425427e-01 -9.003051e-03
     vertex  4.372442e-02  2.578147e-01 -5.921221e-03
   endloop
 endfacet
 facet normal  8.260154e-02  7.947251e-01  6.013227e-01
   outer loop
     vertex  6.795853e-02  2.586475e-01  2.085848e-02
     vertex  6.842656e-02  2.578147e-01  2.189486e-02
     vertex  6.877117e-02  2.578147e-01  2.184752e-02
   endloop
 endfacet
 facet normal  7.351201e-02  7.933446e-01  6.043181e-01
   outer loop
     vertex  6.795853e-02  2.586475e-01  2.085848e-02
     vertex  6.808125e-02  2.578147e-01  2.193686e-02
     vertex  6.842656e-02  2.578147e-01  2.189486e-02
   endloop
 endfacet
 facet normal  9.735510e-02  7.658032e-01  6.356630e-01
   outer loop
     vertex  6.947514e-02  2.583595e-01  2.108335e-02
     vertex  6.877117e-02  2.578147e-01  2.184752e-02
     vertex  6.911501e-02  2.578147e-01  2.179486e-02
   endloop
 endfacet
 facet normal  5.827175e-02  7.867110e-01  6.145650e-01
   outer loop
     vertex  6.947514e-02  2.583595e-01  2.108335e-02
     vertex  6.795853e-02  2.586475e-01  2.085848e-02
     vertex  6.877117e-02  2.578147e-01  2.184752e-02
   endloop
 endfacet
 facet normal  1.200060e-01  9.211109e-01  3.703421e-01
   outer loop
     vertex  6.781561e-02  2.591710e-01  1.960267e-02
     vertex  6.795853e-02  2.586475e-01  2.085848e-02
     vertex  6.947514e-02  2.583595e-01  2.108335e-02
   endloop
 endfacet
 facet normal  3.802997e-01  9.214985e-01  7.882021e-02
   outer loop
     vertex  6.766224e-02  2.593496e-01  1.825502e-02
     vertex  6.781561e-02  2.591710e-01  1.960267e-02
     vertex  6.947514e-02  2.583595e-01  2.108335e-02
   endloop
 endfacet
 facet normal  1.183030e-01  9.584209e-01  2.596801e-01
   outer loop
     vertex  7.917525e-02  2.583595e-01  1.666425e-02
     vertex  6.766224e-02  2.593496e-01  1.825502e-02
     vertex  6.947514e-02  2.583595e-01  2.108335e-02
   endloop
 endfacet
 facet normal  4.181763e-01  7.675352e-01  4.858172e-01
   outer loop
     vertex  8.047570e-02  2.578147e-01  1.640560e-02
     vertex  7.917525e-02  2.583595e-01  1.666425e-02
     vertex  7.994845e-02  2.578147e-01  1.685945e-02
   endloop
 endfacet
 facet normal  4.194515e-01  7.838475e-01  4.578684e-01
   outer loop
     vertex  8.098867e-02  2.578147e-01  1.593568e-02
     vertex  7.917525e-02  2.583595e-01  1.666425e-02
     vertex  8.047570e-02  2.578147e-01  1.640560e-02
   endloop
 endfacet
 facet normal  4.474048e-01  7.675352e-01  4.590410e-01
   outer loop
     vertex  8.136000e-02  2.583595e-01  1.466281e-02
     vertex  8.098867e-02  2.578147e-01  1.593568e-02
     vertex  8.148686e-02  2.578147e-01  1.545011e-02
   endloop
 endfacet
 facet normal  4.194515e-01  7.838475e-01  4.578684e-01
   outer loop
     vertex  8.136000e-02  2.583595e-01  1.466281e-02
     vertex  7.917525e-02  2.583595e-01  1.666425e-02
     vertex  8.098867e-02  2.578147e-01  1.593568e-02
   endloop
 endfacet
 facet normal  1.041169e-01  9.845562e-01  1.407435e-01
   outer loop
     vertex  8.276925e-02  2.593496e-01  7.079409e-03
     vertex  6.766224e-02  2.593496e-01  1.825502e-02
     vertex  7.917525e-02  2.583595e-01  1.666425e-02
   endloop
 endfacet
 facet normal  1.409724e-01  9.779808e-01  1.538839e-01
   outer loop
     vertex  8.276925e-02  2.593496e-01  7.079409e-03
     vertex  7.917525e-02  2.583595e-01  1.666425e-02
     vertex  8.136000e-02  2.583595e-01  1.466281e-02
   endloop
 endfacet
 facet normal  6.317757e-01  7.675352e-01  1.083940e-01
   outer loop
     vertex  8.720115e-02  2.583595e-01  2.482743e-03
     vertex  8.764891e-02  2.578147e-01  3.730772e-03
     vertex  8.776655e-02  2.578147e-01  3.045111e-03
   endloop
 endfacet
 facet normal  5.912632e-01  7.675352e-01 -2.475835e-01
   outer loop
     vertex  8.615171e-02  2.578147e-01 -9.424917e-03
     vertex  8.599584e-02  2.583595e-01 -8.108191e-03
     vertex  8.642042e-02  2.578147e-01 -8.783224e-03
   endloop
 endfacet
 facet normal  5.650764e-01  7.838475e-01 -2.574330e-01
   outer loop
     vertex  8.586330e-02  2.578147e-01 -1.005800e-02
     vertex  8.599584e-02  2.583595e-01 -8.108191e-03
     vertex  8.615171e-02  2.578147e-01 -9.424917e-03
   endloop
 endfacet
 facet normal  5.748297e-01  7.675352e-01 -2.836558e-01
   outer loop
     vertex  8.476748e-02  2.583595e-01 -1.080449e-02
     vertex  8.586330e-02  2.578147e-01 -1.005800e-02
     vertex  8.555545e-02  2.578147e-01 -1.068185e-02
   endloop
 endfacet
 facet normal  5.650764e-01  7.838475e-01 -2.574330e-01
   outer loop
     vertex  8.476748e-02  2.583595e-01 -1.080449e-02
     vertex  8.599584e-02  2.583595e-01 -8.108191e-03
     vertex  8.586330e-02  2.578147e-01 -1.005800e-02
   endloop
 endfacet
 facet normal  3.328161e-01  7.675352e-01 -5.478351e-01
   outer loop
     vertex  7.691932e-02  2.578147e-01 -1.982114e-02
     vertex  7.756717e-02  2.583595e-01 -1.866426e-02
     vertex  7.751388e-02  2.578147e-01 -1.945994e-02
   endloop
 endfacet
 facet normal  3.058411e-01  7.838475e-01 -5.404112e-01
   outer loop
     vertex  7.498857e-02  2.583595e-01 -2.012360e-02
     vertex  7.756717e-02  2.583595e-01 -1.866426e-02
     vertex  7.691932e-02  2.578147e-01 -1.982114e-02
   endloop
 endfacet
 facet normal  2.983183e-01  7.675352e-01 -5.673588e-01
   outer loop
     vertex  7.498857e-02  2.583595e-01 -2.012360e-02
     vertex  7.631388e-02  2.578147e-01 -2.016379e-02
     vertex  7.569813e-02  2.578147e-01 -2.048755e-02
   endloop
 endfacet
 facet normal  3.058411e-01  7.838475e-01 -5.404112e-01
   outer loop
     vertex  7.498857e-02  2.583595e-01 -2.012360e-02
     vertex  7.691932e-02  2.578147e-01 -1.982114e-02
     vertex  7.631388e-02  2.578147e-01 -2.016379e-02
   endloop
 endfacet
 facet normal -4.796938e-02  7.658032e-01 -6.412835e-01
   outer loop
     vertex  6.454353e-02  2.583595e-01 -2.225006e-02
     vertex  6.403273e-02  2.578147e-01 -2.286245e-02
     vertex  6.368585e-02  2.578147e-01 -2.283650e-02
   endloop
 endfacet
 facet normal -8.131250e-02  7.867110e-01 -6.119428e-01
   outer loop
     vertex  6.311623e-02  2.586475e-01 -2.169015e-02
     vertex  6.454353e-02  2.583595e-01 -2.225006e-02
     vertex  6.368585e-02  2.578147e-01 -2.283650e-02
   endloop
 endfacet
 facet normal -6.415948e-02  7.933446e-01 -6.053825e-01
   outer loop
     vertex  6.311623e-02  2.586475e-01 -2.169015e-02
     vertex  6.333941e-02  2.578147e-01 -2.280520e-02
     vertex  6.299350e-02  2.578147e-01 -2.276854e-02
   endloop
 endfacet
 facet normal -5.462931e-02  7.947251e-01 -6.045061e-01
   outer loop
     vertex  6.311623e-02  2.586475e-01 -2.169015e-02
     vertex  6.368585e-02  2.578147e-01 -2.283650e-02
     vertex  6.333941e-02  2.578147e-01 -2.280520e-02
   endloop
 endfacet
 facet normal  4.989698e-01  8.193207e-01  2.823876e-01
   outer loop
     vertex  8.401303e-02  2.591710e-01  7.620410e-03
     vertex  8.136000e-02  2.583595e-01  1.466281e-02
     vertex  8.661007e-02  2.583595e-01  5.386100e-03
   endloop
 endfacet
 facet normal  7.920202e-02  9.864739e-01  1.435138e-01
   outer loop
     vertex  8.401303e-02  2.591710e-01  7.620410e-03
     vertex  8.276925e-02  2.593496e-01  7.079409e-03
     vertex  8.136000e-02  2.583595e-01  1.466281e-02
   endloop
 endfacet
 facet normal  6.266948e-01  7.615225e-01  1.653394e-01
   outer loop
     vertex  8.672964e-02  2.583595e-01  4.932889e-03
     vertex  8.661007e-02  2.583595e-01  5.386100e-03
     vertex  8.735034e-02  2.578147e-01  5.089547e-03
   endloop
 endfacet
 facet normal  6.232540e-01  7.716570e-01  1.268854e-01
   outer loop
     vertex  8.672964e-02  2.583595e-01  4.932889e-03
     vertex  8.751013e-02  2.578147e-01  4.412468e-03
     vertex  8.764891e-02  2.578147e-01  3.730772e-03
   endloop
 endfacet
 facet normal  6.308316e-01  7.615026e-01  1.488800e-01
   outer loop
     vertex  8.672964e-02  2.583595e-01  4.932889e-03
     vertex  8.735034e-02  2.578147e-01  5.089547e-03
     vertex  8.751013e-02  2.578147e-01  4.412468e-03
   endloop
 endfacet
 facet normal  6.164579e-01  7.783997e-01  1.186324e-01
   outer loop
     vertex  8.672964e-02  2.583595e-01  4.932889e-03
     vertex  8.764891e-02  2.578147e-01  3.730772e-03
     vertex  8.720115e-02  2.583595e-01  2.482743e-03
   endloop
 endfacet
 facet normal  4.147598e-01  9.033274e-01  1.094251e-01
   outer loop
     vertex  8.507251e-02  2.591710e-01  4.514644e-03
     vertex  8.661007e-02  2.583595e-01  5.386100e-03
     vertex  8.672964e-02  2.583595e-01  4.932889e-03
   endloop
 endfacet
 facet normal  1.239406e-01  9.913885e-01  4.228020e-02
   outer loop
     vertex  8.507251e-02  2.591710e-01  4.514644e-03
     vertex  8.276925e-02  2.593496e-01  7.079409e-03
     vertex  8.401303e-02  2.591710e-01  7.620410e-03
   endloop
 endfacet
 facet normal  4.006949e-01  9.059577e-01  1.366902e-01
   outer loop
     vertex  8.507251e-02  2.591710e-01  4.514644e-03
     vertex  8.401303e-02  2.591710e-01  7.620410e-03
     vertex  8.661007e-02  2.583595e-01  5.386100e-03
   endloop
 endfacet
 facet normal  4.217641e-01  9.030655e-01  8.116517e-02
   outer loop
     vertex  8.507251e-02  2.591710e-01  4.514644e-03
     vertex  8.672964e-02  2.583595e-01  4.932889e-03
     vertex  8.720115e-02  2.583595e-01  2.482743e-03
   endloop
 endfacet
 facet normal  4.369119e-01  8.981290e-01 -4.972330e-02
   outer loop
     vertex  8.439608e-02  2.591710e-01 -7.506685e-03
     vertex  8.720115e-02  2.583595e-01  2.482743e-03
     vertex  8.599584e-02  2.583595e-01 -8.108191e-03
   endloop
 endfacet
 facet normal  5.424686e-02  9.985085e-01 -6.173632e-03
   outer loop
     vertex  8.439608e-02  2.591710e-01 -7.506685e-03
     vertex  8.064439e-02  2.593496e-01 -1.159145e-02
     vertex  8.276925e-02  2.593496e-01  7.079409e-03
   endloop
 endfacet
 facet normal  3.401637e-01  9.401714e-01 -1.914053e-02
   outer loop
     vertex  8.439608e-02  2.591710e-01 -7.506685e-03
     vertex  8.507251e-02  2.591710e-01  4.514644e-03
     vertex  8.720115e-02  2.583595e-01  2.482743e-03
   endloop
 endfacet
 facet normal  7.276239e-02  9.973409e-01 -4.094237e-03
   outer loop
     vertex  8.439608e-02  2.591710e-01 -7.506685e-03
     vertex  8.276925e-02  2.593496e-01  7.079409e-03
     vertex  8.507251e-02  2.591710e-01  4.514644e-03
   endloop
 endfacet
 facet normal  2.649910e-01  9.428190e-01 -2.021685e-01
   outer loop
     vertex  8.439608e-02  2.591710e-01 -7.506685e-03
     vertex  8.476748e-02  2.583595e-01 -1.080449e-02
     vertex  8.064439e-02  2.593496e-01 -1.159145e-02
   endloop
 endfacet
 facet normal  3.910676e-01  9.029537e-01 -1.781594e-01
   outer loop
     vertex  8.439608e-02  2.591710e-01 -7.506685e-03
     vertex  8.599584e-02  2.583595e-01 -8.108191e-03
     vertex  8.476748e-02  2.583595e-01 -1.080449e-02
   endloop
 endfacet
 facet normal  4.227567e-01  8.193207e-01 -3.872859e-01
   outer loop
     vertex  8.173480e-02  2.591710e-01 -1.239810e-02
     vertex  8.476748e-02  2.583595e-01 -1.080449e-02
     vertex  7.756717e-02  2.583595e-01 -1.866426e-02
   endloop
 endfacet
 facet normal  2.183220e-01  9.726070e-01  7.981914e-02
   outer loop
     vertex  8.173480e-02  2.591710e-01 -1.239810e-02
     vertex  8.064439e-02  2.593496e-01 -1.159145e-02
     vertex  8.476748e-02  2.583595e-01 -1.080449e-02
   endloop
 endfacet
 facet normal  9.114292e-02  9.911793e-01 -9.621072e-02
   outer loop
     vertex  7.662649e-02  2.591710e-01 -1.723732e-02
     vertex  8.064439e-02  2.593496e-01 -1.159145e-02
     vertex  8.173480e-02  2.591710e-01 -1.239810e-02
   endloop
 endfacet
 facet normal  2.116608e-01  9.029537e-01 -3.739978e-01
   outer loop
     vertex  7.662649e-02  2.591710e-01 -1.723732e-02
     vertex  7.756717e-02  2.583595e-01 -1.866426e-02
     vertex  7.498857e-02  2.583595e-01 -2.012360e-02
   endloop
 endfacet
 facet normal  1.989959e-02  9.987547e-01 -4.574994e-02
   outer loop
     vertex  7.662649e-02  2.591710e-01 -1.723732e-02
     vertex  6.341252e-02  2.593496e-01 -1.908670e-02
     vertex  8.064439e-02  2.593496e-01 -1.159145e-02
   endloop
 endfacet
 facet normal  2.987285e-01  9.007346e-01 -3.153387e-01
   outer loop
     vertex  7.662649e-02  2.591710e-01 -1.723732e-02
     vertex  8.173480e-02  2.591710e-01 -1.239810e-02
     vertex  7.756717e-02  2.583595e-01 -1.866426e-02
   endloop
 endfacet
 facet normal  8.671613e-02  9.451372e-01 -3.149539e-01
   outer loop
     vertex  6.462124e-02  2.591710e-01 -2.054272e-02
     vertex  7.662649e-02  2.591710e-01 -1.723732e-02
     vertex  7.498857e-02  2.583595e-01 -2.012360e-02
   endloop
 endfacet
 facet normal  2.733814e-02  9.946827e-01 -9.929241e-02
   outer loop
     vertex  6.462124e-02  2.591710e-01 -2.054272e-02
     vertex  6.341252e-02  2.593496e-01 -1.908670e-02
     vertex  7.662649e-02  2.591710e-01 -1.723732e-02
   endloop
 endfacet
 facet normal  1.358881e-02  9.028415e-01 -4.297587e-01
   outer loop
     vertex  6.462124e-02  2.591710e-01 -2.054272e-02
     vertex  6.454353e-02  2.583595e-01 -2.225006e-02
     vertex  6.311623e-02  2.586475e-01 -2.169015e-02
   endloop
 endfacet
 facet normal  8.772353e-02  8.981290e-01 -4.308932e-01
   outer loop
     vertex  6.462124e-02  2.591710e-01 -2.054272e-02
     vertex  7.498857e-02  2.583595e-01 -2.012360e-02
     vertex  6.454353e-02  2.583595e-01 -2.225006e-02
   endloop
 endfacet
 facet normal -3.036907e-02  9.238017e-01 -3.816650e-01
   outer loop
     vertex  6.462124e-02  2.591710e-01 -2.054272e-02
     vertex  6.311623e-02  2.586475e-01 -2.169015e-02
     vertex  6.325915e-02  2.591710e-01 -2.043434e-02
   endloop
 endfacet
 facet normal -1.035910e-02  9.914351e-01 -1.301885e-01
   outer loop
     vertex  6.462124e-02  2.591710e-01 -2.054272e-02
     vertex  6.325915e-02  2.591710e-01 -2.043434e-02
     vertex  6.341252e-02  2.593496e-01 -1.908670e-02
   endloop
 endfacet
 facet normal  1.009471e-01  6.087225e-01  7.869350e-01
   outer loop
     vertex  7.087679e-02  2.425427e-01  3.697382e-02
     vertex  6.980815e-02  2.425427e-01  3.711090e-02
     vertex  6.990233e-02  2.414573e-01  3.793838e-02
   endloop
 endfacet
 facet normal  8.929420e-01  2.528412e-01  3.724594e-01
   outer loop
     vertex  1.021422e-01  2.411558e-01  1.233774e-02
     vertex  1.003552e-01  2.411558e-01  1.662205e-02
     vertex  1.015794e-01  2.388371e-01  1.526116e-02
   endloop
 endfacet
 facet normal -3.363950e-02  5.984684e-01 -8.004399e-01
   outer loop
     vertex  6.341343e-02  2.425427e-01 -3.812505e-02
     vertex  6.448987e-02  2.425427e-01 -3.817029e-02
     vertex  6.572089e-02  2.415628e-01 -3.895462e-02
   endloop
 endfacet
 facet normal -8.986531e-02  5.117584e-01 -8.544165e-01
   outer loop
     vertex  6.341343e-02  2.425427e-01 -3.812505e-02
     vertex  6.572089e-02  2.415628e-01 -3.895462e-02
     vertex  6.111323e-02  2.401934e-01 -3.929022e-02
   endloop
 endfacet
 facet normal  8.356795e-02  3.759046e-01 -9.228825e-01
   outer loop
     vertex  6.117243e-02  2.414573e-01 -3.877005e-02
     vertex  6.341343e-02  2.425427e-01 -3.812505e-02
     vertex  6.111323e-02  2.401934e-01 -3.929022e-02
   endloop
 endfacet
 facet normal -5.669246e-02  5.939645e-01 -8.024912e-01
   outer loop
     vertex  6.233871e-02  2.425427e-01 -3.804912e-02
     vertex  6.341343e-02  2.425427e-01 -3.812505e-02
     vertex  6.117243e-02  2.414573e-01 -3.877005e-02
   endloop
 endfacet
 facet normal -7.846033e-02  6.087225e-01 -7.894941e-01
   outer loop
     vertex  6.126660e-02  2.425427e-01 -3.794258e-02
     vertex  6.233871e-02  2.425427e-01 -3.804912e-02
     vertex  6.117243e-02  2.414573e-01 -3.877005e-02
   endloop
 endfacet
 facet normal  1.541480e-01  1.304087e-01  9.794039e-01
   outer loop
     vertex  7.326817e-02  2.401934e-01  3.793812e-02
     vertex  6.996152e-02  2.401934e-01  3.845855e-02
     vertex  6.998172e-02  2.388371e-01  3.863597e-02
   endloop
 endfacet
 facet normal  1.642904e-01  4.165797e-01  8.941309e-01
   outer loop
     vertex  7.326817e-02  2.401934e-01  3.793812e-02
     vertex  7.504250e-02  2.411558e-01  3.716371e-02
     vertex  7.438035e-02  2.415591e-01  3.709751e-02
   endloop
 endfacet
 facet normal  1.336551e-01  3.825178e-01  9.142300e-01
   outer loop
     vertex  7.319657e-02  2.411558e-01  3.758293e-02
     vertex  6.990233e-02  2.414573e-01  3.793838e-02
     vertex  6.996152e-02  2.401934e-01  3.845855e-02
   endloop
 endfacet
 facet normal  1.306926e-01  5.822882e-01  8.024088e-01
   outer loop
     vertex  7.319657e-02  2.411558e-01  3.758293e-02
     vertex  7.438035e-02  2.415591e-01  3.709751e-02
     vertex  7.300017e-02  2.425427e-01  3.660851e-02
   endloop
 endfacet
 facet normal  1.277341e-01  5.701078e-01  8.115793e-01
   outer loop
     vertex  7.319657e-02  2.411558e-01  3.758293e-02
     vertex  7.194108e-02  2.425427e-01  3.680631e-02
     vertex  7.087679e-02  2.425427e-01  3.697382e-02
   endloop
 endfacet
 facet normal  1.492239e-01  5.825189e-01  7.990019e-01
   outer loop
     vertex  7.319657e-02  2.411558e-01  3.758293e-02
     vertex  7.300017e-02  2.425427e-01  3.660851e-02
     vertex  7.194108e-02  2.425427e-01  3.680631e-02
   endloop
 endfacet
 facet normal  1.455217e-01  3.520600e-01  9.245957e-01
   outer loop
     vertex  7.319657e-02  2.411558e-01  3.758293e-02
     vertex  6.996152e-02  2.401934e-01  3.845855e-02
     vertex  7.326817e-02  2.401934e-01  3.793812e-02
   endloop
 endfacet
 facet normal  1.397403e-01  5.847150e-01  7.991127e-01
   outer loop
     vertex  7.319657e-02  2.411558e-01  3.758293e-02
     vertex  7.087679e-02  2.425427e-01  3.697382e-02
     vertex  6.990233e-02  2.414573e-01  3.793838e-02
   endloop
 endfacet
 facet normal  2.501782e-01  3.515509e-01  9.021213e-01
   outer loop
     vertex  7.319657e-02  2.411558e-01  3.758293e-02
     vertex  7.326817e-02  2.401934e-01  3.793812e-02
     vertex  7.438035e-02  2.415591e-01  3.709751e-02
   endloop
 endfacet
 facet normal  2.834644e-01  3.517886e-01  8.921282e-01
   outer loop
     vertex  7.959682e-02  2.401934e-01  3.609612e-02
     vertex  7.946661e-02  2.411558e-01  3.575799e-02
     vertex  7.504250e-02  2.411558e-01  3.716371e-02
   endloop
 endfacet
 facet normal  2.748889e-01 -1.801320e-01  9.444514e-01
   outer loop
     vertex  7.959682e-02  2.401934e-01  3.609612e-02
     vertex  7.326817e-02  2.401934e-01  3.793812e-02
     vertex  6.998172e-02  2.388371e-01  3.863597e-02
   endloop
 endfacet
 facet normal  2.706400e-01  2.492530e-01  9.298532e-01
   outer loop
     vertex  7.959682e-02  2.401934e-01  3.609612e-02
     vertex  7.504250e-02  2.411558e-01  3.716371e-02
     vertex  7.326817e-02  2.401934e-01  3.793812e-02
   endloop
 endfacet
 facet normal  3.880770e-01  3.517886e-01  8.518456e-01
   outer loop
     vertex  8.386065e-02  2.401934e-01  3.415364e-02
     vertex  7.946661e-02  2.411558e-01  3.575799e-02
     vertex  7.959682e-02  2.401934e-01  3.609612e-02
   endloop
 endfacet
 facet normal  2.609061e-01 -7.771374e-01  5.727001e-01
   outer loop
     vertex  8.386065e-02  2.401934e-01  3.415364e-02
     vertex  7.959682e-02  2.401934e-01  3.609612e-02
     vertex  6.998172e-02  2.388371e-01  3.863597e-02
   endloop
 endfacet
 facet normal  3.880770e-01  3.517886e-01  8.518456e-01
   outer loop
     vertex  8.386065e-02  2.401934e-01  3.415364e-02
     vertex  8.369096e-02  2.411558e-01  3.383350e-02
     vertex  7.946661e-02  2.411558e-01  3.575799e-02
   endloop
 endfacet
 facet normal  1.930726e-01 -9.286261e-01  3.168225e-01
   outer loop
     vertex  8.786171e-02  2.401934e-01  3.171538e-02
     vertex  8.386065e-02  2.401934e-01  3.415364e-02
     vertex  6.998172e-02  2.388371e-01  3.863597e-02
   endloop
 endfacet
 facet normal  1.536997e-01 -9.660272e-01  2.077686e-01
   outer loop
     vertex  8.786171e-02  2.401934e-01  3.171538e-02
     vertex  6.998172e-02  2.388371e-01  3.863597e-02
     vertex  1.015794e-01  2.388371e-01  1.526116e-02
   endloop
 endfacet
 facet normal  6.224464e-01  3.501344e-01  6.999760e-01
   outer loop
     vertex  8.786171e-02  2.401934e-01  3.171538e-02
     vertex  8.804144e-02  2.415628e-01  3.087056e-02
     vertex  8.765497e-02  2.411558e-01  3.141782e-02
   endloop
 endfacet
 facet normal  4.871242e-01  3.517886e-01  7.993465e-01
   outer loop
     vertex  8.786171e-02  2.401934e-01  3.171538e-02
     vertex  8.765497e-02  2.411558e-01  3.141782e-02
     vertex  8.369096e-02  2.411558e-01  3.383350e-02
   endloop
 endfacet
 facet normal  4.871242e-01  3.517886e-01  7.993465e-01
   outer loop
     vertex  8.786171e-02  2.401934e-01  3.171538e-02
     vertex  8.369096e-02  2.411558e-01  3.383350e-02
     vertex  8.386065e-02  2.401934e-01  3.415364e-02
   endloop
 endfacet
 facet normal  5.680411e-01  3.768240e-01  7.316645e-01
   outer loop
     vertex  9.113275e-02  2.401934e-01  2.917585e-02
     vertex  8.804144e-02  2.415628e-01  3.087056e-02
     vertex  8.786171e-02  2.401934e-01  3.171538e-02
   endloop
 endfacet
 facet normal  1.739698e-01 -9.589171e-01  2.240815e-01
   outer loop
     vertex  9.113275e-02  2.401934e-01  2.917585e-02
     vertex  8.786171e-02  2.401934e-01  3.171538e-02
     vertex  1.015794e-01  2.388371e-01  1.526116e-02
   endloop
 endfacet
 facet normal  5.649830e-01  3.516870e-01  7.463984e-01
   outer loop
     vertex  9.089572e-02  2.411558e-01  2.890181e-02
     vertex  8.804144e-02  2.415628e-01  3.087056e-02
     vertex  9.113275e-02  2.401934e-01  2.917585e-02
   endloop
 endfacet
 facet normal  7.671884e-01  3.432450e-01  5.418531e-01
   outer loop
     vertex  9.089572e-02  2.411558e-01  2.890181e-02
     vertex  9.113275e-02  2.401934e-01  2.917585e-02
     vertex  9.183414e-02  2.425427e-01  2.669460e-02
   endloop
 endfacet
 facet normal  5.140385e-01  5.824014e-01  6.297404e-01
   outer loop
     vertex  9.089572e-02  2.411558e-01  2.890181e-02
     vertex  9.024544e-02  2.425427e-01  2.815000e-02
     vertex  8.857634e-02  2.425427e-01  2.951245e-02
   endloop
 endfacet
 facet normal  5.491116e-01  5.824014e-01  5.994039e-01
   outer loop
     vertex  9.089572e-02  2.411558e-01  2.890181e-02
     vertex  9.183414e-02  2.425427e-01  2.669460e-02
     vertex  9.024544e-02  2.425427e-01  2.815000e-02
   endloop
 endfacet
 facet normal  5.150668e-01  5.859442e-01  6.256002e-01
   outer loop
     vertex  9.089572e-02  2.411558e-01  2.890181e-02
     vertex  8.857634e-02  2.425427e-01  2.951245e-02
     vertex  8.804144e-02  2.415628e-01  3.087056e-02
   endloop
 endfacet
 facet normal  3.112168e-01 -8.945399e-01  3.208465e-01
   outer loop
     vertex  9.433561e-02  2.401934e-01  2.606912e-02
     vertex  9.113275e-02  2.401934e-01  2.917585e-02
     vertex  1.015794e-01  2.388371e-01  1.526116e-02
   endloop
 endfacet
 facet normal  6.100031e-01  4.820880e-01  6.288778e-01
   outer loop
     vertex  9.433561e-02  2.401934e-01  2.606912e-02
     vertex  9.183414e-02  2.425427e-01  2.669460e-02
     vertex  9.113275e-02  2.401934e-01  2.917585e-02
   endloop
 endfacet
 facet normal  6.584707e-01  4.165797e-01  6.267996e-01
   outer loop
     vertex  9.433561e-02  2.401934e-01  2.606912e-02
     vertex  9.531589e-02  2.411558e-01  2.439968e-02
     vertex  9.474128e-02  2.415591e-01  2.473533e-02
   endloop
 endfacet
 facet normal  5.773766e-01  5.822882e-01  5.723432e-01
   outer loop
     vertex  9.406891e-02  2.411558e-01  2.582385e-02
     vertex  9.474128e-02  2.415591e-01  2.473533e-02
     vertex  9.333727e-02  2.425427e-01  2.515098e-02
   endloop
 endfacet
 facet normal  5.823978e-01  5.824014e-01  5.671167e-01
   outer loop
     vertex  9.406891e-02  2.411558e-01  2.582385e-02
     vertex  9.333727e-02  2.425427e-01  2.515098e-02
     vertex  9.183414e-02  2.425427e-01  2.669460e-02
   endloop
 endfacet
 facet normal  5.182304e-01  3.432450e-01  7.833391e-01
   outer loop
     vertex  9.406891e-02  2.411558e-01  2.582385e-02
     vertex  9.183414e-02  2.425427e-01  2.669460e-02
     vertex  9.433561e-02  2.401934e-01  2.606912e-02
   endloop
 endfacet
 facet normal  7.326520e-01  3.515509e-01  5.827804e-01
   outer loop
     vertex  9.406891e-02  2.411558e-01  2.582385e-02
     vertex  9.433561e-02  2.401934e-01  2.606912e-02
     vertex  9.474128e-02  2.415591e-01  2.473533e-02
   endloop
 endfacet
 facet normal  7.537073e-01  3.517886e-01  5.551307e-01
   outer loop
     vertex  9.837289e-02  2.401934e-01  2.085903e-02
     vertex  9.806881e-02  2.411558e-01  2.066201e-02
     vertex  9.531589e-02  2.411558e-01  2.439968e-02
   endloop
 endfacet
 facet normal  6.599386e-01 -5.504241e-01  5.113847e-01
   outer loop
     vertex  9.837289e-02  2.401934e-01  2.085903e-02
     vertex  9.433561e-02  2.401934e-01  2.606912e-02
     vertex  1.015794e-01  2.388371e-01  1.526116e-02
   endloop
 endfacet
 facet normal  7.655064e-01  2.492530e-01  5.931888e-01
   outer loop
     vertex  9.837289e-02  2.401934e-01  2.085903e-02
     vertex  9.531589e-02  2.411558e-01  2.439968e-02
     vertex  9.433561e-02  2.401934e-01  2.606912e-02
   endloop
 endfacet
 facet normal  9.098559e-01  3.456652e-01  2.295165e-01
   outer loop
     vertex  1.006806e-01  2.401934e-01  1.678131e-02
     vertex  1.015794e-01  2.388371e-01  1.526116e-02
     vertex  1.003552e-01  2.411558e-01  1.662205e-02
   endloop
 endfacet
 facet normal  8.146632e-01  3.517886e-01  4.610516e-01
   outer loop
     vertex  1.006806e-01  2.401934e-01  1.678131e-02
     vertex  1.003552e-01  2.411558e-01  1.662205e-02
     vertex  9.806881e-02  2.411558e-01  2.066201e-02
   endloop
 endfacet
 facet normal  8.700282e-01  2.465954e-02  4.923849e-01
   outer loop
     vertex  1.006806e-01  2.401934e-01  1.678131e-02
     vertex  9.837289e-02  2.401934e-01  2.085903e-02
     vertex  1.015794e-01  2.388371e-01  1.526116e-02
   endloop
 endfacet
 facet normal  8.146632e-01  3.517886e-01  4.610516e-01
   outer loop
     vertex  1.006806e-01  2.401934e-01  1.678131e-02
     vertex  9.806881e-02  2.411558e-01  2.066201e-02
     vertex  9.837289e-02  2.401934e-01  2.085903e-02
   endloop
 endfacet
 facet normal  8.293407e-01  3.489097e-01  4.364127e-01
   outer loop
     vertex  1.024844e-01  2.401934e-01  1.245695e-02
     vertex  1.021422e-01  2.411558e-01  1.233774e-02
     vertex  1.015794e-01  2.388371e-01  1.526116e-02
   endloop
 endfacet
 facet normal  9.150053e-01  3.501344e-01  2.004277e-01
   outer loop
     vertex  1.024844e-01  2.401934e-01  1.245695e-02
     vertex  1.021332e-01  2.415628e-01  1.166783e-02
     vertex  1.021422e-01  2.411558e-01  1.233774e-02
   endloop
 endfacet
 facet normal  8.896165e-01  3.768240e-01  2.580429e-01
   outer loop
     vertex  1.036380e-01  2.401934e-01  8.479758e-03
     vertex  1.021332e-01  2.415628e-01  1.166783e-02
     vertex  1.024844e-01  2.401934e-01  1.245695e-02
   endloop
 endfacet
 facet normal  9.583995e-01 -6.472747e-02  2.779941e-01
   outer loop
     vertex  1.036380e-01  2.401934e-01  8.479758e-03
     vertex  1.024844e-01  2.401934e-01  1.245695e-02
     vertex  1.015794e-01  2.388371e-01  1.526116e-02
   endloop
 endfacet
 facet normal  8.958028e-01  3.516870e-01  2.717603e-01
   outer loop
     vertex  1.032852e-01  2.411558e-01  8.397378e-03
     vertex  1.021332e-01  2.415628e-01  1.166783e-02
     vertex  1.036380e-01  2.401934e-01  8.479758e-03
   endloop
 endfacet
 facet normal  7.860180e-01  5.824014e-01  2.073265e-01
   outer loop
     vertex  1.032852e-01  2.411558e-01  8.397378e-03
     vertex  1.023172e-01  2.425427e-01  8.171377e-03
     vertex  1.017677e-01  2.425427e-01  1.025469e-02
   endloop
 endfacet
 facet normal  7.965614e-01  5.824014e-01  1.621682e-01
   outer loop
     vertex  1.032852e-01  2.411558e-01  8.397378e-03
     vertex  1.027470e-01  2.425427e-01  6.060117e-03
     vertex  1.023172e-01  2.425427e-01  8.171377e-03
   endloop
 endfacet
 facet normal  7.844164e-01  5.859442e-01  2.033725e-01
   outer loop
     vertex  1.032852e-01  2.411558e-01  8.397378e-03
     vertex  1.017677e-01  2.425427e-01  1.025469e-02
     vertex  1.021332e-01  2.415628e-01  1.166783e-02
   endloop
 endfacet
 facet normal  9.391617e-01  3.432450e-01 -1.257364e-02
   outer loop
     vertex  1.032852e-01  2.411558e-01  8.397378e-03
     vertex  1.036380e-01  2.401934e-01  8.479758e-03
     vertex  1.027470e-01  2.425427e-01  6.060117e-03
   endloop
 endfacet
 facet normal  9.011375e-01  4.165797e-01  1.200521e-01
   outer loop
     vertex  1.044031e-01  2.401934e-01  4.083770e-03
     vertex  1.042149e-01  2.411558e-01  2.156971e-03
     vertex  1.039473e-01  2.415591e-01  2.766260e-03
   endloop
 endfacet
 facet normal  8.631480e-01  4.820880e-01  1.502220e-01
   outer loop
     vertex  1.044031e-01  2.401934e-01  4.083770e-03
     vertex  1.027470e-01  2.425427e-01  6.060117e-03
     vertex  1.036380e-01  2.401934e-01  8.479758e-03
   endloop
 endfacet
 facet normal  8.305425e-01 -5.378710e-01  1.445473e-01
   outer loop
     vertex  1.044031e-01  2.401934e-01  4.083770e-03
     vertex  1.036380e-01  2.401934e-01  8.479758e-03
     vertex  1.015794e-01  2.388371e-01  1.526116e-02
   endloop
 endfacet
 facet normal  9.352776e-01  3.515509e-01  4.083721e-02
   outer loop
     vertex  1.040432e-01  2.411558e-01  4.042100e-03
     vertex  1.044031e-01  2.401934e-01  4.083770e-03
     vertex  1.039473e-01  2.415591e-01  2.766260e-03
   endloop
 endfacet
 facet normal  8.035224e-01  5.822882e-01  1.236619e-01
   outer loop
     vertex  1.040432e-01  2.411558e-01  4.042100e-03
     vertex  1.039473e-01  2.415591e-01  2.766260e-03
     vertex  1.030558e-01  2.425427e-01  3.927783e-03
   endloop
 endfacet
 facet normal  8.045126e-01  5.824014e-01  1.164822e-01
   outer loop
     vertex  1.040432e-01  2.411558e-01  4.042100e-03
     vertex  1.030558e-01  2.425427e-01  3.927783e-03
     vertex  1.027470e-01  2.425427e-01  6.060117e-03
   endloop
 endfacet
 facet normal  8.796924e-01  3.432450e-01  3.291264e-01
   outer loop
     vertex  1.040432e-01  2.411558e-01  4.042100e-03
     vertex  1.027470e-01  2.425427e-01  6.060117e-03
     vertex  1.044031e-01  2.401934e-01  4.083770e-03
   endloop
 endfacet
 facet normal  9.679753e-01  2.492530e-01  2.994648e-02
   outer loop
     vertex  1.046069e-01  2.401934e-01 -2.504342e-03
     vertex  1.042149e-01  2.411558e-01  2.156971e-03
     vertex  1.044031e-01  2.401934e-01  4.083770e-03
   endloop
 endfacet
 facet normal  4.800985e-01 -8.770888e-01  1.485292e-02
   outer loop
     vertex  1.046069e-01  2.401934e-01 -2.504342e-03
     vertex  1.044031e-01  2.401934e-01  4.083770e-03
     vertex  1.015794e-01  2.388371e-01  1.526116e-02
   endloop
 endfacet
 facet normal  9.360596e-01  3.517886e-01  6.092132e-03
   outer loop
     vertex  1.046069e-01  2.401934e-01 -2.504342e-03
     vertex  1.042451e-01  2.411558e-01 -2.485001e-03
     vertex  1.042149e-01  2.411558e-01  2.156971e-03
   endloop
 endfacet
 facet normal  2.593091e-01 -9.653434e-01 -2.951099e-02
   outer loop
     vertex  1.040771e-01  2.401934e-01 -7.159752e-03
     vertex  1.015794e-01  2.388371e-01  1.526116e-02
     vertex  9.713507e-02  2.388371e-01 -2.379065e-02
   endloop
 endfacet
 facet normal  2.593091e-01 -9.653434e-01 -2.951099e-02
   outer loop
     vertex  1.040771e-01  2.401934e-01 -7.159752e-03
     vertex  1.046069e-01  2.401934e-01 -2.504342e-03
     vertex  1.015794e-01  2.388371e-01  1.526116e-02
   endloop
 endfacet
 facet normal  9.300757e-01  3.517886e-01 -1.058484e-01
   outer loop
     vertex  1.040771e-01  2.401934e-01 -7.159752e-03
     vertex  1.037202e-01  2.411558e-01 -7.097298e-03
     vertex  1.042451e-01  2.411558e-01 -2.485001e-03
   endloop
 endfacet
 facet normal  9.300757e-01  3.517886e-01 -1.058484e-01
   outer loop
     vertex  1.040771e-01  2.401934e-01 -7.159752e-03
     vertex  1.042451e-01  2.411558e-01 -2.485001e-03
     vertex  1.046069e-01  2.401934e-01 -2.504342e-03
   endloop
 endfacet
 facet normal  4.108201e-01 -9.064822e-01 -9.755491e-02
   outer loop
     vertex  1.029946e-01  2.401934e-01 -1.171845e-02
     vertex  1.040771e-01  2.401934e-01 -7.159752e-03
     vertex  9.713507e-02  2.388371e-01 -2.379065e-02
   endloop
 endfacet
 facet normal  9.107533e-01  3.517886e-01 -2.162710e-01
   outer loop
     vertex  1.029946e-01  2.401934e-01 -1.171845e-02
     vertex  1.037202e-01  2.411558e-01 -7.097298e-03
     vertex  1.040771e-01  2.401934e-01 -7.159752e-03
   endloop
 endfacet
 facet normal  8.580633e-01  3.501344e-01 -3.756772e-01
   outer loop
     vertex  1.029946e-01  2.401934e-01 -1.171845e-02
     vertex  1.022466e-01  2.415628e-01 -1.215044e-02
     vertex  1.026477e-01  2.411558e-01 -1.161377e-02
   endloop
 endfacet
 facet normal  9.107533e-01  3.517886e-01 -2.162710e-01
   outer loop
     vertex  1.029946e-01  2.401934e-01 -1.171845e-02
     vertex  1.026477e-01  2.411558e-01 -1.161377e-02
     vertex  1.037202e-01  2.411558e-01 -7.097298e-03
   endloop
 endfacet
 facet normal  8.713887e-01  3.768240e-01 -3.141424e-01
   outer loop
     vertex  1.015901e-01  2.401934e-01 -1.561415e-02
     vertex  1.022466e-01  2.415628e-01 -1.215044e-02
     vertex  1.029946e-01  2.401934e-01 -1.171845e-02
   endloop
 endfacet
 facet normal  6.502437e-01 -7.226558e-01 -2.344179e-01
   outer loop
     vertex  1.015901e-01  2.401934e-01 -1.561415e-02
     vertex  1.029946e-01  2.401934e-01 -1.171845e-02
     vertex  9.713507e-02  2.388371e-01 -2.379065e-02
   endloop
 endfacet
 facet normal  7.577654e-01  5.824014e-01 -2.942792e-01
   outer loop
     vertex  1.012563e-01  2.411558e-01 -1.547340e-02
     vertex  1.003403e-01  2.425427e-01 -1.508727e-02
     vertex  1.011203e-01  2.425427e-01 -1.307884e-02
   endloop
 endfacet
 facet normal  7.397518e-01  5.824014e-01 -3.370102e-01
   outer loop
     vertex  1.012563e-01  2.411558e-01 -1.547340e-02
     vertex  9.944708e-02  2.425427e-01 -1.704796e-02
     vertex  1.003403e-01  2.425427e-01 -1.508727e-02
   endloop
 endfacet
 facet normal  7.541455e-01  5.859442e-01 -2.965366e-01
   outer loop
     vertex  1.012563e-01  2.411558e-01 -1.547340e-02
     vertex  1.011203e-01  2.425427e-01 -1.307884e-02
     vertex  1.022466e-01  2.415628e-01 -1.215044e-02
   endloop
 endfacet
 facet normal  7.524072e-01  3.432450e-01 -5.621977e-01
   outer loop
     vertex  1.012563e-01  2.411558e-01 -1.547340e-02
     vertex  1.015901e-01  2.401934e-01 -1.561415e-02
     vertex  9.944708e-02  2.425427e-01 -1.704796e-02
   endloop
 endfacet
 facet normal  8.844564e-01  3.516870e-01 -3.066809e-01
   outer loop
     vertex  1.012563e-01  2.411558e-01 -1.547340e-02
     vertex  1.022466e-01  2.415628e-01 -1.215044e-02
     vertex  1.015901e-01  2.401934e-01 -1.561415e-02
   endloop
 endfacet
 facet normal  8.612866e-01 -2.823554e-01 -4.224462e-01
   outer loop
     vertex  9.962521e-02  2.401934e-01 -1.962028e-02
     vertex  1.015901e-01  2.401934e-01 -1.561415e-02
     vertex  9.713507e-02  2.388371e-01 -2.379065e-02
   endloop
 endfacet
 facet normal  7.996005e-01  4.165797e-01 -4.325511e-01
   outer loop
     vertex  9.962521e-02  2.401934e-01 -1.962028e-02
     vertex  9.834040e-02  2.411558e-01 -2.106847e-02
     vertex  9.848206e-02  2.415591e-01 -2.041826e-02
   endloop
 endfacet
 facet normal  7.992746e-01  2.342447e-01 -5.534343e-01
   outer loop
     vertex  9.962521e-02  2.401934e-01 -1.962028e-02
     vertex  9.713507e-02  2.388371e-01 -2.379065e-02
     vertex  9.834040e-02  2.411558e-01 -2.106847e-02
   endloop
 endfacet
 facet normal  7.865997e-01  4.820880e-01 -3.858135e-01
   outer loop
     vertex  9.962521e-02  2.401934e-01 -1.962028e-02
     vertex  9.944708e-02  2.425427e-01 -1.704796e-02
     vertex  1.015901e-01  2.401934e-01 -1.561415e-02
   endloop
 endfacet
 facet normal  7.227499e-01  5.822882e-01 -3.722540e-01
   outer loop
     vertex  9.930953e-02  2.411558e-01 -1.944243e-02
     vertex  9.848206e-02  2.415591e-01 -2.041826e-02
     vertex  9.844350e-02  2.425427e-01 -1.895452e-02
   endloop
 endfacet
 facet normal  7.193309e-01  5.824014e-01 -3.786446e-01
   outer loop
     vertex  9.930953e-02  2.411558e-01 -1.944243e-02
     vertex  9.844350e-02  2.425427e-01 -1.895452e-02
     vertex  9.944708e-02  2.425427e-01 -1.704796e-02
   endloop
 endfacet
 facet normal  7.806590e-01  3.515509e-01 -5.167044e-01
   outer loop
     vertex  9.930953e-02  2.411558e-01 -1.944243e-02
     vertex  9.962521e-02  2.401934e-01 -1.962028e-02
     vertex  9.848206e-02  2.415591e-01 -2.041826e-02
   endloop
 endfacet
 facet normal  9.051417e-01  3.432450e-01 -2.508014e-01
   outer loop
     vertex  9.930953e-02  2.411558e-01 -1.944243e-02
     vertex  9.944708e-02  2.425427e-01 -1.704796e-02
     vertex  9.962521e-02  2.401934e-01 -1.962028e-02
   endloop
 endfacet
 facet normal  7.428598e-01  4.058874e-01 -5.323672e-01
   outer loop
     vertex  9.699151e-02  2.401934e-01 -2.368446e-02
     vertex  9.563636e-02  2.411558e-01 -2.484166e-02
     vertex  9.834040e-02  2.411558e-01 -2.106847e-02
   endloop
 endfacet
 facet normal  8.610685e-01  1.296326e-01 -4.916874e-01
   outer loop
     vertex  9.699151e-02  2.401934e-01 -2.368446e-02
     vertex  9.834040e-02  2.411558e-01 -2.106847e-02
     vertex  9.713507e-02  2.388371e-01 -2.379065e-02
   endloop
 endfacet
 facet normal  6.953309e-01  1.289513e-01 -7.070265e-01
   outer loop
     vertex  9.699151e-02  2.401934e-01 -2.368446e-02
     vertex  9.713507e-02  2.388371e-01 -2.379065e-02
     vertex  9.563636e-02  2.411558e-01 -2.484166e-02
   endloop
 endfacet
 facet normal  6.902309e-01  3.517886e-01 -6.323180e-01
   outer loop
     vertex  9.275270e-02  2.401934e-01 -2.852486e-02
     vertex  9.250066e-02  2.411558e-01 -2.826455e-02
     vertex  9.563636e-02  2.411558e-01 -2.484166e-02
   endloop
 endfacet
 facet normal  7.469875e-01  1.946690e-01 -6.356993e-01
   outer loop
     vertex  9.275270e-02  2.401934e-01 -2.852486e-02
     vertex  9.563636e-02  2.411558e-01 -2.484166e-02
     vertex  9.713507e-02  2.388371e-01 -2.379065e-02
   endloop
 endfacet
 facet normal  4.733702e-01  3.501344e-01 -8.082862e-01
   outer loop
     vertex  8.919738e-02  2.401934e-01 -3.157663e-02
     vertex  8.833837e-02  2.415628e-01 -3.148650e-02
     vertex  8.897827e-02  2.411558e-01 -3.128806e-02
   endloop
 endfacet
 facet normal  6.096940e-01  3.517886e-01 -7.102943e-01
   outer loop
     vertex  8.919738e-02  2.401934e-01 -3.157663e-02
     vertex  8.897827e-02  2.411558e-01 -3.128806e-02
     vertex  9.250066e-02  2.411558e-01 -2.826455e-02
   endloop
 endfacet
 facet normal  6.096940e-01  3.517886e-01 -7.102943e-01
   outer loop
     vertex  8.919738e-02  2.401934e-01 -3.157663e-02
     vertex  9.250066e-02  2.411558e-01 -2.826455e-02
     vertex  9.275270e-02  2.401934e-01 -2.852486e-02
   endloop
 endfacet
 facet normal  5.721294e-01 -4.779160e-01 -6.665315e-01
   outer loop
     vertex  8.919738e-02  2.401934e-01 -3.157663e-02
     vertex  9.275270e-02  2.401934e-01 -2.852486e-02
     vertex  9.713507e-02  2.388371e-01 -2.379065e-02
   endloop
 endfacet
 facet normal  5.203200e-01  3.768240e-01 -7.663360e-01
   outer loop
     vertex  8.577134e-02  2.401934e-01 -3.390282e-02
     vertex  8.833837e-02  2.415628e-01 -3.148650e-02
     vertex  8.919738e-02  2.401934e-01 -3.157663e-02
   endloop
 endfacet
 facet normal  3.171611e-01 -8.253530e-01 -4.671201e-01
   outer loop
     vertex  8.577134e-02  2.401934e-01 -3.390282e-02
     vertex  8.919738e-02  2.401934e-01 -3.157663e-02
     vertex  9.713507e-02  2.388371e-01 -2.379065e-02
   endloop
 endfacet
 facet normal  4.400721e-01  5.824014e-01 -6.834802e-01
   outer loop
     vertex  8.558396e-02  2.411558e-01 -3.359270e-02
     vertex  8.506989e-02  2.425427e-01 -3.274193e-02
     vertex  8.688144e-02  2.425427e-01 -3.157554e-02
   endloop
 endfacet
 facet normal  4.003821e-01  5.824014e-01 -7.074622e-01
   outer loop
     vertex  8.558396e-02  2.411558e-01 -3.359270e-02
     vertex  8.319479e-02  2.425427e-01 -3.380313e-02
     vertex  8.506989e-02  2.425427e-01 -3.274193e-02
   endloop
 endfacet
 facet normal  4.358167e-01  5.859442e-01 -6.831788e-01
   outer loop
     vertex  8.558396e-02  2.411558e-01 -3.359270e-02
     vertex  8.688144e-02  2.425427e-01 -3.157554e-02
     vertex  8.833837e-02  2.415628e-01 -3.148650e-02
   endloop
 endfacet
 facet normal  2.782587e-01  3.432450e-01 -8.970814e-01
   outer loop
     vertex  8.558396e-02  2.411558e-01 -3.359270e-02
     vertex  8.577134e-02  2.401934e-01 -3.390282e-02
     vertex  8.319479e-02  2.425427e-01 -3.380313e-02
   endloop
 endfacet
 facet normal  5.352777e-01  3.516870e-01 -7.679805e-01
   outer loop
     vertex  8.558396e-02  2.411558e-01 -3.359270e-02
     vertex  8.833837e-02  2.415628e-01 -3.148650e-02
     vertex  8.577134e-02  2.401934e-01 -3.390282e-02
   endloop
 endfacet
 facet normal  1.028920e-01 -9.661553e-01 -2.365528e-01
   outer loop
     vertex  8.182693e-02  2.401934e-01 -3.598888e-02
     vertex  9.713507e-02  2.388371e-01 -2.379065e-02
     vertex  6.109304e-02  2.388371e-01 -3.946765e-02
   endloop
 endfacet
 facet normal  3.926432e-01  4.165797e-01 -8.199346e-01
   outer loop
     vertex  8.182693e-02  2.401934e-01 -3.598888e-02
     vertex  7.993627e-02  2.411558e-01 -3.640530e-02
     vertex  8.043305e-02  2.415591e-01 -3.596254e-02
   endloop
 endfacet
 facet normal  1.637794e-01 -9.366293e-01 -3.096803e-01
   outer loop
     vertex  8.182693e-02  2.401934e-01 -3.598888e-02
     vertex  8.577134e-02  2.401934e-01 -3.390282e-02
     vertex  9.713507e-02  2.388371e-01 -2.379065e-02
   endloop
 endfacet
 facet normal  4.095970e-01  4.820880e-01 -7.744814e-01
   outer loop
     vertex  8.182693e-02  2.401934e-01 -3.598888e-02
     vertex  8.319479e-02  2.425427e-01 -3.380313e-02
     vertex  8.577134e-02  2.401934e-01 -3.390282e-02
   endloop
 endfacet
 facet normal  5.848577e-01  3.432450e-01 -7.349315e-01
   outer loop
     vertex  8.167607e-02  2.411558e-01 -3.565945e-02
     vertex  8.319479e-02  2.425427e-01 -3.380313e-02
     vertex  8.182693e-02  2.401934e-01 -3.598888e-02
   endloop
 endfacet
 facet normal  3.659116e-01  5.822882e-01 -7.259815e-01
   outer loop
     vertex  8.167607e-02  2.411558e-01 -3.565945e-02
     vertex  8.043305e-02  2.415591e-01 -3.596254e-02
     vertex  8.126222e-02  2.425427e-01 -3.475568e-02
   endloop
 endfacet
 facet normal  3.593892e-01  5.824014e-01 -7.291420e-01
   outer loop
     vertex  8.167607e-02  2.411558e-01 -3.565945e-02
     vertex  8.126222e-02  2.425427e-01 -3.475568e-02
     vertex  8.319479e-02  2.425427e-01 -3.380313e-02
   endloop
 endfacet
 facet normal  3.278552e-01  3.515509e-01 -8.768825e-01
   outer loop
     vertex  8.167607e-02  2.411558e-01 -3.565945e-02
     vertex  8.182693e-02  2.401934e-01 -3.598888e-02
     vertex  8.043305e-02  2.415591e-01 -3.596254e-02
   endloop
 endfacet
 facet normal  2.950523e-01  3.517886e-01 -8.883630e-01
   outer loop
     vertex  7.562424e-02  2.401934e-01 -3.821856e-02
     vertex  7.553083e-02  2.411558e-01 -3.786848e-02
     vertex  7.993627e-02  2.411558e-01 -3.640530e-02
   endloop
 endfacet
 facet normal  1.153258e-01 -9.400924e-01 -3.208213e-01
   outer loop
     vertex  7.562424e-02  2.401934e-01 -3.821856e-02
     vertex  8.182693e-02  2.401934e-01 -3.598888e-02
     vertex  6.109304e-02  2.388371e-01 -3.946765e-02
   endloop
 endfacet
 facet normal  3.276016e-01  2.492530e-01 -9.113452e-01
   outer loop
     vertex  7.562424e-02  2.401934e-01 -3.821856e-02
     vertex  7.993627e-02  2.411558e-01 -3.640530e-02
     vertex  8.182693e-02  2.401934e-01 -3.598888e-02
   endloop
 endfacet
 facet normal  1.255472e-01 -7.771374e-01 -6.166809e-01
   outer loop
     vertex  7.103296e-02  2.401934e-01 -3.915328e-02
     vertex  7.562424e-02  2.401934e-01 -3.821856e-02
     vertex  6.109304e-02  2.388371e-01 -3.946765e-02
   endloop
 endfacet
 facet normal  1.867414e-01  3.517886e-01 -9.172635e-01
   outer loop
     vertex  7.103296e-02  2.401934e-01 -3.915328e-02
     vertex  7.098207e-02  2.411558e-01 -3.879454e-02
     vertex  7.553083e-02  2.411558e-01 -3.786848e-02
   endloop
 endfacet
 facet normal  1.867414e-01  3.517886e-01 -9.172635e-01
   outer loop
     vertex  7.103296e-02  2.401934e-01 -3.915328e-02
     vertex  7.553083e-02  2.411558e-01 -3.786848e-02
     vertex  7.562424e-02  2.401934e-01 -3.821856e-02
   endloop
 endfacet
 facet normal -4.570030e-02  1.302365e-01 -9.904292e-01
   outer loop
     vertex  6.636287e-02  2.401934e-01 -3.953245e-02
     vertex  6.109304e-02  2.388371e-01 -3.946765e-02
     vertex  6.111323e-02  2.401934e-01 -3.929022e-02
   endloop
 endfacet
 facet normal -9.213415e-02  3.501344e-01 -9.321573e-01
   outer loop
     vertex  6.636287e-02  2.401934e-01 -3.953245e-02
     vertex  6.572089e-02  2.415628e-01 -3.895462e-02
     vertex  6.635523e-02  2.411558e-01 -3.917020e-02
   endloop
 endfacet
 facet normal  7.575233e-02  3.517886e-01 -9.330093e-01
   outer loop
     vertex  6.636287e-02  2.401934e-01 -3.953245e-02
     vertex  7.098207e-02  2.411558e-01 -3.879454e-02
     vertex  7.103296e-02  2.401934e-01 -3.915328e-02
   endloop
 endfacet
 facet normal  7.575233e-02  3.517886e-01 -9.330093e-01
   outer loop
     vertex  6.636287e-02  2.401934e-01 -3.953245e-02
     vertex  6.635523e-02  2.411558e-01 -3.917020e-02
     vertex  7.098207e-02  2.411558e-01 -3.879454e-02
   endloop
 endfacet
 facet normal  7.609173e-02 -3.404202e-01 -9.371895e-01
   outer loop
     vertex  6.636287e-02  2.401934e-01 -3.953245e-02
     vertex  7.103296e-02  2.401934e-01 -3.915328e-02
     vertex  6.109304e-02  2.388371e-01 -3.946765e-02
   endloop
 endfacet
 facet normal -4.279770e-02  3.713076e-01 -9.275231e-01
   outer loop
     vertex  6.636287e-02  2.401934e-01 -3.953245e-02
     vertex  6.111323e-02  2.401934e-01 -3.929022e-02
     vertex  6.572089e-02  2.415628e-01 -3.895462e-02
   endloop
 endfacet
 facet normal  9.999954e-01  0.000000e+00  3.036586e-03
   outer loop
     vertex  2.783914e-02  2.397124e-01 -2.726393e-03
     vertex  2.782580e-02  2.383875e-01  1.665729e-03
     vertex  2.783914e-02  2.383875e-01 -2.726393e-03
   endloop
 endfacet
 facet normal  9.272822e-01 -3.591811e-01 -1.055305e-01
   outer loop
     vertex  2.932237e-02  2.397124e-01  1.030651e-02
     vertex  2.832245e-02  2.383875e-01  6.029701e-03
     vertex  2.782580e-02  2.383875e-01  1.665729e-03
   endloop
 endfacet
 facet normal  9.737407e-01  0.000000e+00 -2.276601e-01
   outer loop
     vertex  2.932237e-02  2.397124e-01  1.030651e-02
     vertex  2.932237e-02  2.383875e-01  1.030651e-02
     vertex  2.832245e-02  2.383875e-01  6.029701e-03
   endloop
 endfacet
 facet normal  9.272822e-01 -3.591811e-01 -1.055305e-01
   outer loop
     vertex  2.932237e-02  2.397124e-01  1.030651e-02
     vertex  2.782580e-02  2.383875e-01  1.665729e-03
     vertex  2.783914e-02  2.397124e-01 -2.726393e-03
   endloop
 endfacet
 facet normal  9.999356e-01 -9.297780e-03  6.507854e-03
   outer loop
     vertex  2.782225e-02  2.409239e-01  1.600266e-03
     vertex  2.783914e-02  2.397124e-01 -2.726393e-03
     vertex  2.785168e-02  2.409239e-01 -2.922670e-03
   endloop
 endfacet
 facet normal  9.168316e-01  3.853995e-01 -1.043412e-01
   outer loop
     vertex  2.833369e-02  2.409239e-01  6.094288e-03
     vertex  2.932237e-02  2.397124e-01  1.030651e-02
     vertex  2.783914e-02  2.397124e-01 -2.726393e-03
   endloop
 endfacet
 facet normal  9.168316e-01  3.853995e-01 -1.043412e-01
   outer loop
     vertex  2.833369e-02  2.409239e-01  6.094288e-03
     vertex  2.783914e-02  2.397124e-01 -2.726393e-03
     vertex  2.782225e-02  2.409239e-01  1.600266e-03
   endloop
 endfacet
 facet normal  9.729024e-01 -9.297780e-03 -2.310291e-01
   outer loop
     vertex  2.937869e-02  2.409239e-01  1.049495e-02
     vertex  2.932237e-02  2.397124e-01  1.030651e-02
     vertex  2.833369e-02  2.409239e-01  6.094288e-03
   endloop
 endfacet
 facet normal -6.117601e-02  0.000000e+00  9.981270e-01
   outer loop
     vertex  2.783914e-02  2.397124e-01 -2.726393e-03
     vertex  2.783914e-02  2.383875e-01 -2.726393e-03
     vertex  4.319177e-02  2.383875e-01 -1.785417e-03
   endloop
 endfacet
 facet normal -6.117601e-02  0.000000e+00  9.981270e-01
   outer loop
     vertex  2.783914e-02  2.397124e-01 -2.726393e-03
     vertex  4.319177e-02  2.383875e-01 -1.785417e-03
     vertex  4.319177e-02  2.550588e-01 -1.785417e-03
   endloop
 endfacet
 facet normal -9.935863e-01  1.640635e-11  1.130763e-01
   outer loop
     vertex  4.313071e-02  2.568629e-01 -2.321980e-03
     vertex  4.407095e-02  2.550588e-01  5.939826e-03
     vertex  4.413201e-02  2.568629e-01  6.476388e-03
   endloop
 endfacet
 facet normal -9.935863e-01  1.479489e-11  1.130763e-01
   outer loop
     vertex  4.319177e-02  2.550588e-01 -1.785417e-03
     vertex  4.407095e-02  2.550588e-01  5.939826e-03
     vertex  4.313071e-02  2.568629e-01 -2.321980e-03
   endloop
 endfacet
 facet normal -9.935863e-01  0.000000e+00  1.130763e-01
   outer loop
     vertex  4.319177e-02  2.383875e-01 -1.785417e-03
     vertex  4.407095e-02  2.383875e-01  5.939826e-03
     vertex  4.407095e-02  2.550588e-01  5.939826e-03
   endloop
 endfacet
 facet normal -9.935863e-01  0.000000e+00  1.130763e-01
   outer loop
     vertex  4.319177e-02  2.383875e-01 -1.785417e-03
     vertex  4.407095e-02  2.550588e-01  5.939826e-03
     vertex  4.319177e-02  2.550588e-01 -1.785417e-03
   endloop
 endfacet
 facet normal -2.838929e-01  0.000000e+00 -9.588560e-01
   outer loop
     vertex  4.407095e-02  2.383875e-01  5.939826e-03
     vertex  2.932237e-02  2.383875e-01  1.030651e-02
     vertex  2.932237e-02  2.397124e-01  1.030651e-02
   endloop
 endfacet
 facet normal -2.838929e-01 -0.000000e+00 -9.588560e-01
   outer loop
     vertex  4.407095e-02  2.550588e-01  5.939826e-03
     vertex  4.407095e-02  2.383875e-01  5.939826e-03
     vertex  2.932237e-02  2.397124e-01  1.030651e-02
   endloop
 endfacet
 facet normal  1.840195e-12  1.000000e+00  6.215308e-12
   outer loop
     vertex  2.832245e-02  2.383875e-01  6.029701e-03
     vertex  2.932237e-02  2.383875e-01  1.030651e-02
     vertex  4.407095e-02  2.383875e-01  5.939826e-03
   endloop
 endfacet
 facet normal  2.705330e-12  1.000000e+00 -3.078835e-13
   outer loop
     vertex  2.782580e-02  2.383875e-01  1.665729e-03
     vertex  4.407095e-02  2.383875e-01  5.939826e-03
     vertex  4.319177e-02  2.383875e-01 -1.785417e-03
   endloop
 endfacet
 facet normal  1.822125e-12  1.000000e+00  3.049035e-12
   outer loop
     vertex  2.782580e-02  2.383875e-01  1.665729e-03
     vertex  2.832245e-02  2.383875e-01  6.029701e-03
     vertex  4.407095e-02  2.383875e-01  5.939826e-03
   endloop
 endfacet
 facet normal  1.322001e-12  1.000000e+00 -6.467052e-12
   outer loop
     vertex  2.783914e-02  2.383875e-01 -2.726393e-03
     vertex  2.782580e-02  2.383875e-01  1.665729e-03
     vertex  4.319177e-02  2.383875e-01 -1.785417e-03
   endloop
 endfacet
 facet normal  8.107981e-01  0.000000e+00 -5.853259e-01
   outer loop
     vertex  3.368075e-02  2.397124e-01  1.987335e-02
     vertex  3.625159e-02  2.383875e-01  2.343449e-02
     vertex  3.368075e-02  2.383875e-01  1.987335e-02
   endloop
 endfacet
 facet normal  6.881578e-01 -3.591811e-01 -6.304188e-01
   outer loop
     vertex  4.254125e-02  2.397124e-01  2.954537e-02
     vertex  3.921846e-02  2.383875e-01  2.667310e-02
     vertex  3.625159e-02  2.383875e-01  2.343449e-02
   endloop
 endfacet
 facet normal  6.539575e-01  0.000000e+00 -7.565313e-01
   outer loop
     vertex  4.254125e-02  2.397124e-01  2.954537e-02
     vertex  4.254125e-02  2.383875e-01  2.954537e-02
     vertex  3.921846e-02  2.383875e-01  2.667310e-02
   endloop
 endfacet
 facet normal  6.881578e-01 -3.591811e-01 -6.304188e-01
   outer loop
     vertex  4.254125e-02  2.397124e-01  2.954537e-02
     vertex  3.625159e-02  2.383875e-01  2.343449e-02
     vertex  3.368075e-02  2.397124e-01  1.987335e-02
   endloop
 endfacet
 facet normal  8.127901e-01 -9.297780e-03 -5.824824e-01
   outer loop
     vertex  3.621023e-02  2.409239e-01  2.338362e-02
     vertex  3.368075e-02  2.397124e-01  1.987335e-02
     vertex  3.357553e-02  2.409239e-01  1.970719e-02
   endloop
 endfacet
 facet normal  6.804021e-01  3.853995e-01 -6.233138e-01
   outer loop
     vertex  3.926552e-02  2.409239e-01  2.671874e-02
     vertex  4.254125e-02  2.397124e-01  2.954537e-02
     vertex  3.368075e-02  2.397124e-01  1.987335e-02
   endloop
 endfacet
 facet normal  6.804021e-01  3.853995e-01 -6.233138e-01
   outer loop
     vertex  3.926552e-02  2.409239e-01  2.671874e-02
     vertex  3.368075e-02  2.397124e-01  1.987335e-02
     vertex  3.621023e-02  2.409239e-01  2.338362e-02
   endloop
 endfacet
 facet normal  6.512991e-01 -9.297780e-03 -7.587642e-01
   outer loop
     vertex  4.269758e-02  2.409239e-01  2.966471e-02
     vertex  4.254125e-02  2.397124e-01  2.954537e-02
     vertex  3.926552e-02  2.409239e-01  2.671874e-02
   endloop
 endfacet
 facet normal  5.371919e-01  0.000000e+00  8.434601e-01
   outer loop
     vertex  3.368075e-02  2.397124e-01  1.987335e-02
     vertex  3.368075e-02  2.383875e-01  1.987335e-02
     vertex  4.665438e-02  2.383875e-01  1.161057e-02
   endloop
 endfacet
 facet normal  5.371919e-01  0.000000e+00  8.434601e-01
   outer loop
     vertex  3.368075e-02  2.397124e-01  1.987335e-02
     vertex  4.665438e-02  2.383875e-01  1.161057e-02
     vertex  4.665438e-02  2.550588e-01  1.161057e-02
   endloop
 endfacet
 facet normal -7.373636e-01  0.000000e+00  6.754960e-01
   outer loop
     vertex  4.665438e-02  2.550588e-01  1.161057e-02
     vertex  5.190644e-02  2.383875e-01  1.734365e-02
     vertex  5.190644e-02  2.550588e-01  1.734365e-02
   endloop
 endfacet
 facet normal -7.373636e-01  0.000000e+00  6.754960e-01
   outer loop
     vertex  4.665438e-02  2.550588e-01  1.161057e-02
     vertex  4.665438e-02  2.383875e-01  1.161057e-02
     vertex  5.190644e-02  2.383875e-01  1.734365e-02
   endloop
 endfacet
 facet normal -7.373636e-01 -4.343904e-12  6.754960e-01
   outer loop
     vertex  4.665438e-02  2.550588e-01  1.161057e-02
     vertex  5.190644e-02  2.550588e-01  1.734365e-02
     vertex  5.227122e-02  2.568629e-01  1.774185e-02
   endloop
 endfacet
 facet normal -7.373636e-01  1.983816e-12  6.754960e-01
   outer loop
     vertex  4.628960e-02  2.568629e-01  1.121237e-02
     vertex  4.665438e-02  2.550588e-01  1.161057e-02
     vertex  5.227122e-02  2.568629e-01  1.774185e-02
   endloop
 endfacet
 facet normal -7.932756e-01  0.000000e+00 -6.088627e-01
   outer loop
     vertex  5.190644e-02  2.383875e-01  1.734365e-02
     vertex  4.254125e-02  2.383875e-01  2.954537e-02
     vertex  4.254125e-02  2.397124e-01  2.954537e-02
   endloop
 endfacet
 facet normal -7.932756e-01 -0.000000e+00 -6.088627e-01
   outer loop
     vertex  5.190644e-02  2.550588e-01  1.734365e-02
     vertex  5.190644e-02  2.383875e-01  1.734365e-02
     vertex  4.254125e-02  2.397124e-01  2.954537e-02
   endloop
 endfacet
 facet normal -0.000000e+00  1.000000e+00  0.000000e+00
   outer loop
     vertex  3.921846e-02  2.383875e-01  2.667310e-02
     vertex  4.254125e-02  2.383875e-01  2.954537e-02
     vertex  5.190644e-02  2.383875e-01  1.734365e-02
   endloop
 endfacet
 facet normal  0.000000e+00  1.000000e+00  0.000000e+00
   outer loop
     vertex  3.921846e-02  2.383875e-01  2.667310e-02
     vertex  5.190644e-02  2.383875e-01  1.734365e-02
     vertex  4.665438e-02  2.383875e-01  1.161057e-02
   endloop
 endfacet
 facet normal -0.000000e+00  1.000000e+00  0.000000e+00
   outer loop
     vertex  3.625159e-02  2.383875e-01  2.343449e-02
     vertex  3.921846e-02  2.383875e-01  2.667310e-02
     vertex  4.665438e-02  2.383875e-01  1.161057e-02
   endloop
 endfacet
 facet normal -0.000000e+00  1.000000e+00  0.000000e+00
   outer loop
     vertex  3.368075e-02  2.383875e-01  1.987335e-02
     vertex  3.625159e-02  2.383875e-01  2.343449e-02
     vertex  4.665438e-02  2.383875e-01  1.161057e-02
   endloop
 endfacet
 facet normal -9.999954e-01 -0.000000e+00 -3.036586e-03
   outer loop
     vertex  1.032356e-01  2.397124e-01  1.894718e-03
     vertex  1.032490e-01  2.383875e-01 -2.497403e-03
     vertex  1.032356e-01  2.383875e-01  1.894718e-03
   endloop
 endfacet
 facet normal -9.272822e-01 -3.591811e-01  1.055305e-01
   outer loop
     vertex  1.017524e-01  2.397124e-01 -1.113818e-02
     vertex  1.027523e-01  2.383875e-01 -6.861375e-03
     vertex  1.032490e-01  2.383875e-01 -2.497403e-03
   endloop
 endfacet
 facet normal -9.737407e-01  0.000000e+00  2.276601e-01
   outer loop
     vertex  1.017524e-01  2.397124e-01 -1.113818e-02
     vertex  1.017524e-01  2.383875e-01 -1.113818e-02
     vertex  1.027523e-01  2.383875e-01 -6.861375e-03
   endloop
 endfacet
 facet normal -9.272822e-01 -3.591811e-01  1.055305e-01
   outer loop
     vertex  1.017524e-01  2.397124e-01 -1.113818e-02
     vertex  1.032490e-01  2.383875e-01 -2.497403e-03
     vertex  1.032356e-01  2.397124e-01  1.894718e-03
   endloop
 endfacet
 facet normal -9.999356e-01 -9.297780e-03 -6.507854e-03
   outer loop
     vertex  1.032525e-01  2.409239e-01 -2.431940e-03
     vertex  1.032356e-01  2.397124e-01  1.894718e-03
     vertex  1.032231e-01  2.409239e-01  2.090995e-03
   endloop
 endfacet
 facet normal -9.168316e-01  3.853995e-01  1.043412e-01
   outer loop
     vertex  1.027411e-01  2.409239e-01 -6.925963e-03
     vertex  1.017524e-01  2.397124e-01 -1.113818e-02
     vertex  1.032356e-01  2.397124e-01  1.894718e-03
   endloop
 endfacet
 facet normal -9.168316e-01  3.853995e-01  1.043412e-01
   outer loop
     vertex  1.027411e-01  2.409239e-01 -6.925963e-03
     vertex  1.032356e-01  2.397124e-01  1.894718e-03
     vertex  1.032525e-01  2.409239e-01 -2.431940e-03
   endloop
 endfacet
 facet normal -9.729024e-01 -9.297780e-03  2.310291e-01
   outer loop
     vertex  1.016961e-01  2.409239e-01 -1.132662e-02
     vertex  1.017524e-01  2.397124e-01 -1.113818e-02
     vertex  1.027411e-01  2.409239e-01 -6.925963e-03
   endloop
 endfacet
 facet normal  6.117601e-02  0.000000e+00 -9.981270e-01
   outer loop
     vertex  1.032356e-01  2.397124e-01  1.894718e-03
     vertex  1.032356e-01  2.383875e-01  1.894718e-03
     vertex  8.788298e-02  2.383875e-01  9.537432e-04
   endloop
 endfacet
 facet normal  6.117601e-02  0.000000e+00 -9.981270e-01
   outer loop
     vertex  1.032356e-01  2.397124e-01  1.894718e-03
     vertex  8.788298e-02  2.383875e-01  9.537432e-04
     vertex  8.788298e-02  2.550588e-01  9.537432e-04
   endloop
 endfacet
 facet normal  9.935863e-01  0.000000e+00 -1.130763e-01
   outer loop
     vertex  8.788298e-02  2.550588e-01  9.537432e-04
     vertex  8.788298e-02  2.383875e-01  9.537432e-04
     vertex  8.700380e-02  2.383875e-01 -6.771500e-03
   endloop
 endfacet
 facet normal  9.935863e-01  1.657629e-11 -1.130763e-01
   outer loop
     vertex  8.700380e-02  2.550588e-01 -6.771500e-03
     vertex  8.794405e-02  2.568629e-01  1.490305e-03
     vertex  8.788298e-02  2.550588e-01  9.537432e-04
   endloop
 endfacet
 facet normal  9.935863e-01  1.927755e-13 -1.130763e-01
   outer loop
     vertex  8.700380e-02  2.550588e-01 -6.771500e-03
     vertex  8.788298e-02  2.550588e-01  9.537432e-04
     vertex  8.700380e-02  2.383875e-01 -6.771500e-03
   endloop
 endfacet
 facet normal  9.935863e-01  1.651498e-11 -1.130763e-01
   outer loop
     vertex  8.694274e-02  2.568629e-01 -7.308063e-03
     vertex  8.794405e-02  2.568629e-01  1.490305e-03
     vertex  8.700380e-02  2.550588e-01 -6.771500e-03
   endloop
 endfacet
 facet normal  2.838929e-01  0.000000e+00  9.588560e-01
   outer loop
     vertex  8.700380e-02  2.383875e-01 -6.771500e-03
     vertex  1.017524e-01  2.383875e-01 -1.113818e-02
     vertex  1.017524e-01  2.397124e-01 -1.113818e-02
   endloop
 endfacet
 facet normal  2.838929e-01 -1.634683e-12  9.588560e-01
   outer loop
     vertex  8.700380e-02  2.550588e-01 -6.771500e-03
     vertex  8.700380e-02  2.383875e-01 -6.771500e-03
     vertex  1.017524e-01  2.397124e-01 -1.113818e-02
   endloop
 endfacet
 facet normal -1.840195e-12  1.000000e+00 -6.215308e-12
   outer loop
     vertex  1.027523e-01  2.383875e-01 -6.861375e-03
     vertex  1.017524e-01  2.383875e-01 -1.113818e-02
     vertex  8.700380e-02  2.383875e-01 -6.771500e-03
   endloop
 endfacet
 facet normal -9.017767e-13  1.000000e+00  1.026278e-13
   outer loop
     vertex  1.032490e-01  2.383875e-01 -2.497403e-03
     vertex  8.700380e-02  2.383875e-01 -6.771500e-03
     vertex  8.788298e-02  2.383875e-01  9.537432e-04
   endloop
 endfacet
 facet normal -1.784982e-12  1.000000e+00  3.459546e-12
   outer loop
     vertex  1.032490e-01  2.383875e-01 -2.497403e-03
     vertex  1.027523e-01  2.383875e-01 -6.861375e-03
     vertex  8.700380e-02  2.383875e-01 -6.771500e-03
   endloop
 endfacet
 facet normal -1.982715e-13  1.000000e+00  3.234931e-12
   outer loop
     vertex  1.032356e-01  2.383875e-01  1.894718e-03
     vertex  1.032490e-01  2.383875e-01 -2.497403e-03
     vertex  8.788298e-02  2.383875e-01  9.537432e-04
   endloop
 endfacet
 facet normal -8.072284e-01 -0.000000e+00 -5.902392e-01
   outer loop
     vertex  9.467778e-02  2.397124e-01  2.361191e-02
     vertex  9.727020e-02  2.383875e-01  2.006645e-02
     vertex  9.467778e-02  2.383875e-01  2.361191e-02
   endloop
 endfacet
 facet normal -8.122163e-01 -3.591811e-01 -4.596668e-01
   outer loop
     vertex  1.011384e-01  2.397124e-01  1.219625e-02
     vertex  9.943348e-02  2.383875e-01  1.624400e-02
     vertex  9.727020e-02  2.383875e-01  2.006645e-02
   endloop
 endfacet
 facet normal -9.215880e-01 -0.000000e+00 -3.881695e-01
   outer loop
     vertex  1.011384e-01  2.397124e-01  1.219625e-02
     vertex  1.011384e-01  2.383875e-01  1.219625e-02
     vertex  9.943348e-02  2.383875e-01  1.624400e-02
   endloop
 endfacet
 facet normal -8.122163e-01 -3.591811e-01 -4.596668e-01
   outer loop
     vertex  1.011384e-01  2.397124e-01  1.219625e-02
     vertex  9.727020e-02  2.383875e-01  2.006645e-02
     vertex  9.467778e-02  2.397124e-01  2.361191e-02
   endloop
 endfacet
 facet normal -8.051397e-01 -9.297780e-03 -5.930124e-01
   outer loop
     vertex  9.723459e-02  2.409239e-01  2.012150e-02
     vertex  9.467778e-02  2.397124e-01  2.361191e-02
     vertex  9.455226e-02  2.409239e-01  2.376333e-02
   endloop
 endfacet
 facet normal -8.030625e-01  3.853995e-01 -4.544863e-01
   outer loop
     vertex  9.946234e-02  2.409239e-01  1.618514e-02
     vertex  1.011384e-01  2.397124e-01  1.219625e-02
     vertex  9.467778e-02  2.397124e-01  2.361191e-02
   endloop
 endfacet
 facet normal -8.030625e-01  3.853995e-01 -4.544863e-01
   outer loop
     vertex  9.946234e-02  2.409239e-01  1.618514e-02
     vertex  9.467778e-02  2.397124e-01  2.361191e-02
     vertex  9.723459e-02  2.409239e-01  2.012150e-02
   endloop
 endfacet
 facet normal -9.228901e-01 -9.297780e-03 -3.849512e-01
   outer loop
     vertex  1.012036e-01  2.409239e-01  1.201070e-02
     vertex  1.011384e-01  2.397124e-01  1.219625e-02
     vertex  9.946234e-02  2.409239e-01  1.618514e-02
   endloop
 endfacet
 facet normal  6.361768e-01  0.000000e+00 -7.715433e-01
   outer loop
     vertex  9.467778e-02  2.397124e-01  2.361191e-02
     vertex  9.467778e-02  2.383875e-01  2.361191e-02
     vertex  8.281033e-02  2.383875e-01  1.382660e-02
   endloop
 endfacet
 facet normal  6.361768e-01  1.315356e-12 -7.715433e-01
   outer loop
     vertex  9.467778e-02  2.397124e-01  2.361191e-02
     vertex  8.281033e-02  2.383875e-01  1.382660e-02
     vertex  8.281033e-02  2.550588e-01  1.382660e-02
   endloop
 endfacet
 facet normal  8.702928e-01 -1.679373e-12  4.925347e-01
   outer loop
     vertex  8.663985e-02  2.550588e-01  7.059972e-03
     vertex  8.281033e-02  2.383875e-01  1.382660e-02
     vertex  8.663985e-02  2.383875e-01  7.059972e-03
   endloop
 endfacet
 facet normal  8.702928e-01  1.232979e-11  4.925347e-01
   outer loop
     vertex  8.281033e-02  2.550588e-01  1.382660e-02
     vertex  8.663985e-02  2.550588e-01  7.059972e-03
     vertex  8.690583e-02  2.568629e-01  6.589992e-03
   endloop
 endfacet
 facet normal  8.702928e-01 -8.396863e-13  4.925347e-01
   outer loop
     vertex  8.281033e-02  2.550588e-01  1.382660e-02
     vertex  8.281033e-02  2.383875e-01  1.382660e-02
     vertex  8.663985e-02  2.550588e-01  7.059972e-03
   endloop
 endfacet
 facet normal  8.702928e-01  3.746377e-12  4.925347e-01
   outer loop
     vertex  8.254435e-02  2.568629e-01  1.429658e-02
     vertex  8.281033e-02  2.550588e-01  1.382660e-02
     vertex  8.690583e-02  2.568629e-01  6.589992e-03
   endloop
 endfacet
 facet normal -3.339272e-01  0.000000e+00  9.425989e-01
   outer loop
     vertex  8.663985e-02  2.383875e-01  7.059972e-03
     vertex  1.011384e-01  2.383875e-01  1.219625e-02
     vertex  1.011384e-01  2.397124e-01  1.219625e-02
   endloop
 endfacet
 facet normal -3.339272e-01 -3.213935e-12  9.425989e-01
   outer loop
     vertex  8.663985e-02  2.550588e-01  7.059972e-03
     vertex  8.663985e-02  2.383875e-01  7.059972e-03
     vertex  1.011384e-01  2.397124e-01  1.219625e-02
   endloop
 endfacet
 facet normal  2.164517e-12  1.000000e+00 -6.109929e-12
   outer loop
     vertex  9.943348e-02  2.383875e-01  1.624400e-02
     vertex  1.011384e-01  2.383875e-01  1.219625e-02
     vertex  8.663985e-02  2.383875e-01  7.059972e-03
   endloop
 endfacet
 facet normal -1.579752e-12  1.000000e+00 -8.940468e-13
   outer loop
     vertex  9.943348e-02  2.383875e-01  1.624400e-02
     vertex  8.663985e-02  2.383875e-01  7.059972e-03
     vertex  8.281033e-02  2.383875e-01  1.382660e-02
   endloop
 endfacet
 facet normal -1.579752e-12  1.000000e+00 -8.940468e-13
   outer loop
     vertex  9.727020e-02  2.383875e-01  2.006645e-02
     vertex  9.943348e-02  2.383875e-01  1.624400e-02
     vertex  8.281033e-02  2.383875e-01  1.382660e-02
   endloop
 endfacet
 facet normal -4.123700e-12  1.000000e+00  5.001146e-12
   outer loop
     vertex  9.467778e-02  2.383875e-01  2.361191e-02
     vertex  9.727020e-02  2.383875e-01  2.006645e-02
     vertex  8.281033e-02  2.383875e-01  1.382660e-02
   endloop
 endfacet
 facet normal -3.061276e-01 -0.000000e+00 -9.519905e-01
   outer loop
     vertex  7.498930e-02  2.397124e-01  3.615132e-02
     vertex  7.917058e-02  2.383875e-01  3.480676e-02
     vertex  7.498930e-02  2.383875e-01  3.615132e-02
   endloop
 endfacet
 facet normal -3.869114e-01 -3.591811e-01 -8.492871e-01
   outer loop
     vertex  8.692599e-02  2.397124e-01  3.071330e-02
     vertex  8.316749e-02  2.383875e-01  3.298588e-02
     vertex  7.917058e-02  2.383875e-01  3.480676e-02
   endloop
 endfacet
 facet normal -5.174200e-01 -0.000000e+00 -8.557316e-01
   outer loop
     vertex  8.692599e-02  2.397124e-01  3.071330e-02
     vertex  8.692599e-02  2.383875e-01  3.071330e-02
     vertex  8.316749e-02  2.383875e-01  3.298588e-02
   endloop
 endfacet
 facet normal -3.869114e-01 -3.591811e-01 -8.492871e-01
   outer loop
     vertex  8.692599e-02  2.397124e-01  3.071330e-02
     vertex  7.917058e-02  2.383875e-01  3.480676e-02
     vertex  7.498930e-02  2.397124e-01  3.615132e-02
   endloop
 endfacet
 facet normal -3.028078e-01 -9.297780e-03 -9.530063e-01
   outer loop
     vertex  7.910942e-02  2.409239e-01  3.483037e-02
     vertex  7.498930e-02  2.397124e-01  3.615132e-02
     vertex  7.479876e-02  2.409239e-01  3.620004e-02
   endloop
 endfacet
 facet normal -3.825509e-01  3.853995e-01 -8.397155e-01
   outer loop
     vertex  8.322544e-02  2.409239e-01  3.295523e-02
     vertex  8.692599e-02  2.397124e-01  3.071330e-02
     vertex  7.498930e-02  2.397124e-01  3.615132e-02
   endloop
 endfacet
 facet normal -3.825509e-01  3.853995e-01 -8.397155e-01
   outer loop
     vertex  8.322544e-02  2.409239e-01  3.295523e-02
     vertex  7.498930e-02  2.397124e-01  3.615132e-02
     vertex  7.910942e-02  2.409239e-01  3.483037e-02
   endloop
 endfacet
 facet normal -5.203651e-01 -9.297780e-03 -8.538932e-01
   outer loop
     vertex  8.708780e-02  2.409239e-01  3.060150e-02
     vertex  8.692599e-02  2.397124e-01  3.071330e-02
     vertex  8.322544e-02  2.409239e-01  3.295523e-02
   endloop
 endfacet
 facet normal  9.681796e-01  0.000000e+00 -2.502564e-01
   outer loop
     vertex  7.498930e-02  2.397124e-01  3.615132e-02
     vertex  7.498930e-02  2.383875e-01  3.615132e-02
     vertex  7.114000e-02  2.383875e-01  2.125932e-02
   endloop
 endfacet
 facet normal  9.681796e-01 -4.266398e-13 -2.502564e-01
   outer loop
     vertex  7.498930e-02  2.397124e-01  3.615132e-02
     vertex  7.114000e-02  2.383875e-01  2.125932e-02
     vertex  7.114000e-02  2.550588e-01  2.125932e-02
   endloop
 endfacet
 facet normal  4.145770e-01 -1.551409e-12  9.100142e-01
   outer loop
     vertex  7.114000e-02  2.550588e-01  2.125932e-02
     vertex  7.821546e-02  2.383875e-01  1.803594e-02
     vertex  7.821546e-02  2.550588e-01  1.803594e-02
   endloop
 endfacet
 facet normal  4.145770e-01  1.551417e-12  9.100142e-01
   outer loop
     vertex  7.114000e-02  2.550588e-01  2.125932e-02
     vertex  7.114000e-02  2.383875e-01  2.125932e-02
     vertex  7.821546e-02  2.383875e-01  1.803594e-02
   endloop
 endfacet
 facet normal  4.145770e-01 -2.568314e-12  9.100142e-01
   outer loop
     vertex  7.064857e-02  2.568629e-01  2.148320e-02
     vertex  7.821546e-02  2.550588e-01  1.803594e-02
     vertex  7.870689e-02  2.568629e-01  1.781206e-02
   endloop
 endfacet
 facet normal  4.145770e-01  2.924901e-12  9.100142e-01
   outer loop
     vertex  7.064857e-02  2.568629e-01  2.148320e-02
     vertex  7.114000e-02  2.550588e-01  2.125932e-02
     vertex  7.821546e-02  2.550588e-01  1.803594e-02
   endloop
 endfacet
 facet normal -8.241985e-01  0.000000e+00  5.663010e-01
   outer loop
     vertex  7.821546e-02  2.383875e-01  1.803594e-02
     vertex  8.692599e-02  2.383875e-01  3.071330e-02
     vertex  8.692599e-02  2.397124e-01  3.071330e-02
   endloop
 endfacet
 facet normal -8.241985e-01 -9.654450e-13  5.663010e-01
   outer loop
     vertex  7.821546e-02  2.550588e-01  1.803594e-02
     vertex  7.821546e-02  2.383875e-01  1.803594e-02
     vertex  8.692599e-02  2.397124e-01  3.071330e-02
   endloop
 endfacet
 facet normal  2.671229e-12  1.000000e+00 -1.835382e-12
   outer loop
     vertex  8.316749e-02  2.383875e-01  3.298588e-02
     vertex  8.692599e-02  2.383875e-01  3.071330e-02
     vertex  7.821546e-02  2.383875e-01  1.803594e-02
   endloop
 endfacet
 facet normal -2.710216e-12  1.000000e+00 -1.540362e-12
   outer loop
     vertex  7.917058e-02  2.383875e-01  3.480676e-02
     vertex  7.821546e-02  2.383875e-01  1.803594e-02
     vertex  7.114000e-02  2.383875e-01  2.125932e-02
   endloop
 endfacet
 facet normal  2.713006e-12  1.000000e+00 -1.849221e-12
   outer loop
     vertex  7.917058e-02  2.383875e-01  3.480676e-02
     vertex  8.316749e-02  2.383875e-01  3.298588e-02
     vertex  7.821546e-02  2.383875e-01  1.803594e-02
   endloop
 endfacet
 facet normal -9.413615e-12  1.000000e+00  2.433244e-12
   outer loop
     vertex  7.498930e-02  2.383875e-01  3.615132e-02
     vertex  7.917058e-02  2.383875e-01  3.480676e-02
     vertex  7.114000e-02  2.383875e-01  2.125932e-02
   endloop
 endfacet
 facet normal  3.119035e-01  0.000000e+00 -9.501138e-01
   outer loop
     vertex  5.169051e-02  2.397124e-01  3.472332e-02
     vertex  5.586355e-02  2.383875e-01  3.609324e-02
     vertex  5.169051e-02  2.383875e-01  3.472332e-02
   endloop
 endfacet
 facet normal  1.861805e-01 -3.591811e-01 -9.145085e-01
   outer loop
     vertex  6.454388e-02  2.397124e-01  3.734007e-02
     vertex  6.016740e-02  2.383875e-01  3.696944e-02
     vertex  5.586355e-02  2.383875e-01  3.609324e-02
   endloop
 endfacet
 facet normal  8.438482e-02  0.000000e+00 -9.964332e-01
   outer loop
     vertex  6.454388e-02  2.397124e-01  3.734007e-02
     vertex  6.454388e-02  2.383875e-01  3.734007e-02
     vertex  6.016740e-02  2.383875e-01  3.696944e-02
   endloop
 endfacet
 facet normal  1.861805e-01 -3.591811e-01 -9.145085e-01
   outer loop
     vertex  6.454388e-02  2.397124e-01  3.734007e-02
     vertex  5.586355e-02  2.383875e-01  3.609324e-02
     vertex  5.169051e-02  2.397124e-01  3.472332e-02
   endloop
 endfacet
 facet normal  3.151864e-01 -9.297780e-03 -9.489842e-01
   outer loop
     vertex  5.580019e-02  2.409239e-01  3.607639e-02
     vertex  5.169051e-02  2.397124e-01  3.472332e-02
     vertex  5.150772e-02  2.409239e-01  3.465073e-02
   endloop
 endfacet
 facet normal  1.840822e-01  3.853995e-01 -9.042018e-01
   outer loop
     vertex  6.023230e-02  2.409239e-01  3.697871e-02
     vertex  6.454388e-02  2.397124e-01  3.734007e-02
     vertex  5.169051e-02  2.397124e-01  3.472332e-02
   endloop
 endfacet
 facet normal  1.840822e-01  3.853995e-01 -9.042018e-01
   outer loop
     vertex  6.023230e-02  2.409239e-01  3.697871e-02
     vertex  5.169051e-02  2.397124e-01  3.472332e-02
     vertex  5.580019e-02  2.409239e-01  3.607639e-02
   endloop
 endfacet
 facet normal  8.092161e-02 -9.297780e-03 -9.966771e-01
   outer loop
     vertex  6.474050e-02  2.409239e-01  3.734473e-02
     vertex  6.454388e-02  2.397124e-01  3.734007e-02
     vertex  6.023230e-02  2.409239e-01  3.697871e-02
   endloop
 endfacet
 facet normal  9.303708e-01  0.000000e+00  3.666200e-01
   outer loop
     vertex  5.169051e-02  2.397124e-01  3.472332e-02
     vertex  5.169051e-02  2.383875e-01  3.472332e-02
     vertex  5.732966e-02  2.383875e-01  2.041287e-02
   endloop
 endfacet
 facet normal  9.303708e-01  0.000000e+00  3.666200e-01
   outer loop
     vertex  5.169051e-02  2.397124e-01  3.472332e-02
     vertex  5.732966e-02  2.383875e-01  2.041287e-02
     vertex  5.732966e-02  2.550588e-01  2.041287e-02
   endloop
 endfacet
 facet normal -1.994931e-01  1.670563e-12  9.798992e-01
   outer loop
     vertex  5.732966e-02  2.550588e-01  2.041287e-02
     vertex  6.494848e-02  2.383875e-01  2.196396e-02
     vertex  6.494848e-02  2.550588e-01  2.196396e-02
   endloop
 endfacet
 facet normal -1.994931e-01  0.000000e+00  9.798992e-01
   outer loop
     vertex  5.732966e-02  2.550588e-01  2.041287e-02
     vertex  5.732966e-02  2.383875e-01  2.041287e-02
     vertex  6.494848e-02  2.383875e-01  2.196396e-02
   endloop
 endfacet
 facet normal -1.994931e-01 -1.376158e-11  9.798992e-01
   outer loop
     vertex  5.680049e-02  2.568629e-01  2.030514e-02
     vertex  6.494848e-02  2.550588e-01  2.196396e-02
     vertex  6.547765e-02  2.568629e-01  2.207169e-02
   endloop
 endfacet
 facet normal -1.994931e-01 -8.363038e-13  9.798992e-01
   outer loop
     vertex  5.680049e-02  2.568629e-01  2.030514e-02
     vertex  5.732966e-02  2.550588e-01  2.041287e-02
     vertex  6.494848e-02  2.550588e-01  2.196396e-02
   endloop
 endfacet
 facet normal -9.996540e-01  0.000000e+00 -2.630461e-02
   outer loop
     vertex  6.494848e-02  2.383875e-01  2.196396e-02
     vertex  6.454388e-02  2.383875e-01  3.734007e-02
     vertex  6.454388e-02  2.397124e-01  3.734007e-02
   endloop
 endfacet
 facet normal -9.996540e-01 -4.484481e-14 -2.630461e-02
   outer loop
     vertex  6.494848e-02  2.550588e-01  2.196396e-02
     vertex  6.494848e-02  2.383875e-01  2.196396e-02
     vertex  6.454388e-02  2.397124e-01  3.734007e-02
   endloop
 endfacet
 facet normal -0.000000e+00  1.000000e+00  0.000000e+00
   outer loop
     vertex  6.016740e-02  2.383875e-01  3.696944e-02
     vertex  6.454388e-02  2.383875e-01  3.734007e-02
     vertex  6.494848e-02  2.383875e-01  2.196396e-02
   endloop
 endfacet
 facet normal -1.751608e-12  1.000000e+00 -5.581009e-13
   outer loop
     vertex  6.016740e-02  2.383875e-01  3.696944e-02
     vertex  6.494848e-02  2.383875e-01  2.196396e-02
     vertex  5.732966e-02  2.383875e-01  2.041287e-02
   endloop
 endfacet
 facet normal -3.240211e-12  1.000000e+00 -3.029588e-13
   outer loop
     vertex  5.586355e-02  2.383875e-01  3.609324e-02
     vertex  6.016740e-02  2.383875e-01  3.696944e-02
     vertex  5.732966e-02  2.383875e-01  2.041287e-02
   endloop
 endfacet
 facet normal -0.000000e+00  1.000000e+00  0.000000e+00
   outer loop
     vertex  5.169051e-02  2.383875e-01  3.472332e-02
     vertex  5.586355e-02  2.383875e-01  3.609324e-02
     vertex  5.732966e-02  2.383875e-01  2.041287e-02
   endloop
 endfacet
 facet normal -3.119035e-01  0.000000e+00  9.501138e-01
   outer loop
     vertex  7.938424e-02  2.397124e-01 -3.555499e-02
     vertex  7.521121e-02  2.383875e-01 -3.692491e-02
     vertex  7.938424e-02  2.383875e-01 -3.555499e-02
   endloop
 endfacet
 facet normal -1.861805e-01 -3.591811e-01  9.145085e-01
   outer loop
     vertex  6.653088e-02  2.397124e-01 -3.817175e-02
     vertex  7.090735e-02  2.383875e-01 -3.780112e-02
     vertex  7.521121e-02  2.383875e-01 -3.692491e-02
   endloop
 endfacet
 facet normal -8.438482e-02  2.137585e-11  9.964332e-01
   outer loop
     vertex  6.653088e-02  2.397124e-01 -3.817175e-02
     vertex  6.653088e-02  2.383875e-01 -3.817175e-02
     vertex  7.090735e-02  2.383875e-01 -3.780112e-02
   endloop
 endfacet
 facet normal -1.861805e-01 -3.591811e-01  9.145085e-01
   outer loop
     vertex  6.653088e-02  2.397124e-01 -3.817175e-02
     vertex  7.521121e-02  2.383875e-01 -3.692491e-02
     vertex  7.938424e-02  2.397124e-01 -3.555499e-02
   endloop
 endfacet
 facet normal -3.151864e-01 -9.297780e-03  9.489842e-01
   outer loop
     vertex  7.527457e-02  2.409239e-01 -3.690807e-02
     vertex  7.938424e-02  2.397124e-01 -3.555499e-02
     vertex  7.956704e-02  2.409239e-01 -3.548241e-02
   endloop
 endfacet
 facet normal -1.840822e-01  3.853995e-01  9.042018e-01
   outer loop
     vertex  7.084245e-02  2.409239e-01 -3.781038e-02
     vertex  6.653088e-02  2.397124e-01 -3.817175e-02
     vertex  7.938424e-02  2.397124e-01 -3.555499e-02
   endloop
 endfacet
 facet normal -1.840822e-01  3.853995e-01  9.042018e-01
   outer loop
     vertex  7.084245e-02  2.409239e-01 -3.781038e-02
     vertex  7.938424e-02  2.397124e-01 -3.555499e-02
     vertex  7.527457e-02  2.409239e-01 -3.690807e-02
   endloop
 endfacet
 facet normal -8.092161e-02 -9.297780e-03  9.966771e-01
   outer loop
     vertex  6.633425e-02  2.409239e-01 -3.817641e-02
     vertex  6.653088e-02  2.397124e-01 -3.817175e-02
     vertex  7.084245e-02  2.409239e-01 -3.781038e-02
   endloop
 endfacet
 facet normal -9.303708e-01 -0.000000e+00 -3.666200e-01
   outer loop
     vertex  7.938424e-02  2.397124e-01 -3.555499e-02
     vertex  7.938424e-02  2.383875e-01 -3.555499e-02
     vertex  7.374510e-02  2.383875e-01 -2.124455e-02
   endloop
 endfacet
 facet normal -9.303708e-01  0.000000e+00 -3.666200e-01
   outer loop
     vertex  7.938424e-02  2.397124e-01 -3.555499e-02
     vertex  7.374510e-02  2.383875e-01 -2.124455e-02
     vertex  7.374510e-02  2.550588e-01 -2.124455e-02
   endloop
 endfacet
 facet normal  1.994931e-01  0.000000e+00 -9.798992e-01
   outer loop
     vertex  6.612627e-02  2.550588e-01 -2.279563e-02
     vertex  7.374510e-02  2.383875e-01 -2.124455e-02
     vertex  6.612627e-02  2.383875e-01 -2.279563e-02
   endloop
 endfacet
 facet normal  1.994931e-01  8.363415e-13 -9.798992e-01
   outer loop
     vertex  7.374510e-02  2.550588e-01 -2.124455e-02
     vertex  6.612627e-02  2.550588e-01 -2.279563e-02
     vertex  6.559710e-02  2.568629e-01 -2.290336e-02
   endloop
 endfacet
 facet normal  1.994931e-01  0.000000e+00 -9.798992e-01
   outer loop
     vertex  7.374510e-02  2.550588e-01 -2.124455e-02
     vertex  7.374510e-02  2.383875e-01 -2.124455e-02
     vertex  6.612627e-02  2.550588e-01 -2.279563e-02
   endloop
 endfacet
 facet normal  1.994931e-01 -7.343010e-13 -9.798992e-01
   outer loop
     vertex  7.427427e-02  2.568629e-01 -2.113682e-02
     vertex  7.374510e-02  2.550588e-01 -2.124455e-02
     vertex  6.559710e-02  2.568629e-01 -2.290336e-02
   endloop
 endfacet
 facet normal  9.996540e-01  5.642872e-13  2.630461e-02
   outer loop
     vertex  6.612627e-02  2.383875e-01 -2.279563e-02
     vertex  6.653088e-02  2.383875e-01 -3.817175e-02
     vertex  6.653088e-02  2.397124e-01 -3.817175e-02
   endloop
 endfacet
 facet normal  9.996540e-01  0.000000e+00  2.630461e-02
   outer loop
     vertex  6.612627e-02  2.550588e-01 -2.279563e-02
     vertex  6.612627e-02  2.383875e-01 -2.279563e-02
     vertex  6.653088e-02  2.397124e-01 -3.817175e-02
   endloop
 endfacet
 facet normal -6.479760e-12  1.000000e+00 -1.705066e-13
   outer loop
     vertex  7.090735e-02  2.383875e-01 -3.780112e-02
     vertex  6.653088e-02  2.383875e-01 -3.817175e-02
     vertex  6.612627e-02  2.383875e-01 -2.279563e-02
   endloop
 endfacet
 facet normal -3.621189e-13  1.000000e+00  1.778709e-12
   outer loop
     vertex  7.090735e-02  2.383875e-01 -3.780112e-02
     vertex  6.612627e-02  2.383875e-01 -2.279563e-02
     vertex  7.374510e-02  2.383875e-01 -2.124455e-02
   endloop
 endfacet
 facet normal  3.059151e-12  1.000000e+00  1.192313e-12
   outer loop
     vertex  7.521121e-02  2.383875e-01 -3.692491e-02
     vertex  7.090735e-02  2.383875e-01 -3.780112e-02
     vertex  7.374510e-02  2.383875e-01 -2.124455e-02
   endloop
 endfacet
 facet normal  3.015333e-12  1.000000e+00  1.188216e-12
   outer loop
     vertex  7.938424e-02  2.383875e-01 -3.555499e-02
     vertex  7.521121e-02  2.383875e-01 -3.692491e-02
     vertex  7.374510e-02  2.383875e-01 -2.124455e-02
   endloop
 endfacet
 facet normal -8.107981e-01 -1.255663e-11  5.853259e-01
   outer loop
     vertex  9.739400e-02  2.397124e-01 -2.070503e-02
     vertex  9.482317e-02  2.383875e-01 -2.426617e-02
     vertex  9.739400e-02  2.383875e-01 -2.070503e-02
   endloop
 endfacet
 facet normal -6.881578e-01 -3.591811e-01  6.304188e-01
   outer loop
     vertex  8.853350e-02  2.397124e-01 -3.037705e-02
     vertex  9.185629e-02  2.383875e-01 -2.750477e-02
     vertex  9.482317e-02  2.383875e-01 -2.426617e-02
   endloop
 endfacet
 facet normal -6.539575e-01  1.622939e-11  7.565313e-01
   outer loop
     vertex  8.853350e-02  2.397124e-01 -3.037705e-02
     vertex  8.853350e-02  2.383875e-01 -3.037705e-02
     vertex  9.185629e-02  2.383875e-01 -2.750477e-02
   endloop
 endfacet
 facet normal -6.881578e-01 -3.591811e-01  6.304188e-01
   outer loop
     vertex  8.853350e-02  2.397124e-01 -3.037705e-02
     vertex  9.482317e-02  2.383875e-01 -2.426617e-02
     vertex  9.739400e-02  2.397124e-01 -2.070503e-02
   endloop
 endfacet
 facet normal -8.127901e-01 -9.297780e-03  5.824824e-01
   outer loop
     vertex  9.486452e-02  2.409239e-01 -2.421530e-02
     vertex  9.739400e-02  2.397124e-01 -2.070503e-02
     vertex  9.749922e-02  2.409239e-01 -2.053886e-02
   endloop
 endfacet
 facet normal -6.804021e-01  3.853995e-01  6.233138e-01
   outer loop
     vertex  9.180923e-02  2.409239e-01 -2.755042e-02
     vertex  8.853350e-02  2.397124e-01 -3.037705e-02
     vertex  9.739400e-02  2.397124e-01 -2.070503e-02
   endloop
 endfacet
 facet normal -6.804021e-01  3.853995e-01  6.233138e-01
   outer loop
     vertex  9.180923e-02  2.409239e-01 -2.755042e-02
     vertex  9.739400e-02  2.397124e-01 -2.070503e-02
     vertex  9.486452e-02  2.409239e-01 -2.421530e-02
   endloop
 endfacet
 facet normal -6.512991e-01 -9.297780e-03  7.587642e-01
   outer loop
     vertex  8.837717e-02  2.409239e-01 -3.049639e-02
     vertex  8.853350e-02  2.397124e-01 -3.037705e-02
     vertex  9.180923e-02  2.409239e-01 -2.755042e-02
   endloop
 endfacet
 facet normal -5.371919e-01  1.809422e-11 -8.434601e-01
   outer loop
     vertex  9.739400e-02  2.397124e-01 -2.070503e-02
     vertex  9.739400e-02  2.383875e-01 -2.070503e-02
     vertex  8.442037e-02  2.383875e-01 -1.244224e-02
   endloop
 endfacet
 facet normal -5.371919e-01 -1.437970e-12 -8.434601e-01
   outer loop
     vertex  9.739400e-02  2.397124e-01 -2.070503e-02
     vertex  8.442037e-02  2.383875e-01 -1.244224e-02
     vertex  8.442037e-02  2.550588e-01 -1.244224e-02
   endloop
 endfacet
 facet normal  7.373636e-01 -1.151604e-12 -6.754960e-01
   outer loop
     vertex  8.442037e-02  2.550588e-01 -1.244224e-02
     vertex  8.442037e-02  2.383875e-01 -1.244224e-02
     vertex  7.916832e-02  2.383875e-01 -1.817533e-02
   endloop
 endfacet
 facet normal  7.373636e-01 -2.636680e-11 -6.754960e-01
   outer loop
     vertex  8.442037e-02  2.550588e-01 -1.244224e-02
     vertex  7.916832e-02  2.550588e-01 -1.817533e-02
     vertex  7.880353e-02  2.568629e-01 -1.857352e-02
   endloop
 endfacet
 facet normal  7.373636e-01  1.151618e-12 -6.754960e-01
   outer loop
     vertex  8.442037e-02  2.550588e-01 -1.244224e-02
     vertex  7.916832e-02  2.383875e-01 -1.817533e-02
     vertex  7.916832e-02  2.550588e-01 -1.817533e-02
   endloop
 endfacet
 facet normal  7.373636e-01  1.334818e-12 -6.754960e-01
   outer loop
     vertex  8.478516e-02  2.568629e-01 -1.204405e-02
     vertex  8.442037e-02  2.550588e-01 -1.244224e-02
     vertex  7.880353e-02  2.568629e-01 -1.857352e-02
   endloop
 endfacet
 facet normal  7.932756e-01  1.306140e-11  6.088627e-01
   outer loop
     vertex  7.916832e-02  2.383875e-01 -1.817533e-02
     vertex  8.853350e-02  2.383875e-01 -3.037705e-02
     vertex  8.853350e-02  2.397124e-01 -3.037705e-02
   endloop
 endfacet
 facet normal  7.932756e-01 -1.038005e-12  6.088627e-01
   outer loop
     vertex  7.916832e-02  2.550588e-01 -1.817533e-02
     vertex  7.916832e-02  2.383875e-01 -1.817533e-02
     vertex  8.853350e-02  2.397124e-01 -3.037705e-02
   endloop
 endfacet
 facet normal -2.571007e-12  1.000000e+00 -1.973325e-12
   outer loop
     vertex  9.185629e-02  2.383875e-01 -2.750477e-02
     vertex  8.853350e-02  2.383875e-01 -3.037705e-02
     vertex  7.916832e-02  2.383875e-01 -1.817533e-02
   endloop
 endfacet
 facet normal -7.109910e-13  1.000000e+00 -1.827409e-12
   outer loop
     vertex  9.482317e-02  2.383875e-01 -2.426617e-02
     vertex  7.916832e-02  2.383875e-01 -1.817533e-02
     vertex  8.442037e-02  2.383875e-01 -1.244224e-02
   endloop
 endfacet
 facet normal  1.258619e-12  1.000000e+00  3.234939e-12
   outer loop
     vertex  9.482317e-02  2.383875e-01 -2.426617e-02
     vertex  9.185629e-02  2.383875e-01 -2.750477e-02
     vertex  7.916832e-02  2.383875e-01 -1.817533e-02
   endloop
 endfacet
 facet normal  7.503629e-13  1.000000e+00 -5.416969e-13
   outer loop
     vertex  9.739400e-02  2.383875e-01 -2.070503e-02
     vertex  9.482317e-02  2.383875e-01 -2.426617e-02
     vertex  8.442037e-02  2.383875e-01 -1.244224e-02
   endloop
 endfacet
 facet normal  8.072284e-01  0.000000e+00  5.902392e-01
   outer loop
     vertex  3.639697e-02  2.397124e-01 -2.444358e-02
     vertex  3.380456e-02  2.383875e-01 -2.089812e-02
     vertex  3.639697e-02  2.383875e-01 -2.444358e-02
   endloop
 endfacet
 facet normal  8.122163e-01 -3.591811e-01  4.596668e-01
   outer loop
     vertex  2.993638e-02  2.397124e-01 -1.302793e-02
     vertex  3.164128e-02  2.383875e-01 -1.707567e-02
     vertex  3.380456e-02  2.383875e-01 -2.089812e-02
   endloop
 endfacet
 facet normal  9.215880e-01  0.000000e+00  3.881695e-01
   outer loop
     vertex  2.993638e-02  2.397124e-01 -1.302793e-02
     vertex  2.993638e-02  2.383875e-01 -1.302793e-02
     vertex  3.164128e-02  2.383875e-01 -1.707567e-02
   endloop
 endfacet
 facet normal  8.122163e-01 -3.591811e-01  4.596668e-01
   outer loop
     vertex  2.993638e-02  2.397124e-01 -1.302793e-02
     vertex  3.380456e-02  2.383875e-01 -2.089812e-02
     vertex  3.639697e-02  2.397124e-01 -2.444358e-02
   endloop
 endfacet
 facet normal  8.051397e-01 -9.297780e-03  5.930124e-01
   outer loop
     vertex  3.384016e-02  2.409239e-01 -2.095317e-02
     vertex  3.639697e-02  2.397124e-01 -2.444358e-02
     vertex  3.652249e-02  2.409239e-01 -2.459500e-02
   endloop
 endfacet
 facet normal  8.030625e-01  3.853995e-01  4.544863e-01
   outer loop
     vertex  3.161241e-02  2.409239e-01 -1.701681e-02
     vertex  2.993638e-02  2.397124e-01 -1.302793e-02
     vertex  3.639697e-02  2.397124e-01 -2.444358e-02
   endloop
 endfacet
 facet normal  8.030625e-01  3.853995e-01  4.544863e-01
   outer loop
     vertex  3.161241e-02  2.409239e-01 -1.701681e-02
     vertex  3.639697e-02  2.397124e-01 -2.444358e-02
     vertex  3.384016e-02  2.409239e-01 -2.095317e-02
   endloop
 endfacet
 facet normal  9.228901e-01 -9.297780e-03  3.849512e-01
   outer loop
     vertex  2.987119e-02  2.409239e-01 -1.284237e-02
     vertex  2.993638e-02  2.397124e-01 -1.302793e-02
     vertex  3.161241e-02  2.409239e-01 -1.701681e-02
   endloop
 endfacet
 facet normal -6.361768e-01  0.000000e+00  7.715433e-01
   outer loop
     vertex  3.639697e-02  2.397124e-01 -2.444358e-02
     vertex  3.639697e-02  2.383875e-01 -2.444358e-02
     vertex  4.826442e-02  2.383875e-01 -1.465827e-02
   endloop
 endfacet
 facet normal -6.361768e-01  0.000000e+00  7.715433e-01
   outer loop
     vertex  3.639697e-02  2.397124e-01 -2.444358e-02
     vertex  4.826442e-02  2.383875e-01 -1.465827e-02
     vertex  4.826442e-02  2.550588e-01 -1.465827e-02
   endloop
 endfacet
 facet normal -8.702928e-01 -0.000000e+00 -4.925347e-01
   outer loop
     vertex  4.826442e-02  2.550588e-01 -1.465827e-02
     vertex  4.826442e-02  2.383875e-01 -1.465827e-02
     vertex  4.443491e-02  2.383875e-01 -7.891646e-03
   endloop
 endfacet
 facet normal -8.702928e-01  4.570471e-12 -4.925347e-01
   outer loop
     vertex  4.826442e-02  2.550588e-01 -1.465827e-02
     vertex  4.443491e-02  2.550588e-01 -7.891646e-03
     vertex  4.416893e-02  2.568629e-01 -7.421666e-03
   endloop
 endfacet
 facet normal -8.702928e-01  0.000000e+00 -4.925347e-01
   outer loop
     vertex  4.826442e-02  2.550588e-01 -1.465827e-02
     vertex  4.443491e-02  2.383875e-01 -7.891646e-03
     vertex  4.443491e-02  2.550588e-01 -7.891646e-03
   endloop
 endfacet
 facet normal -8.702928e-01  3.273169e-12 -4.925347e-01
   outer loop
     vertex  4.853040e-02  2.568629e-01 -1.512825e-02
     vertex  4.826442e-02  2.550588e-01 -1.465827e-02
     vertex  4.416893e-02  2.568629e-01 -7.421666e-03
   endloop
 endfacet
 facet normal  3.339272e-01  0.000000e+00 -9.425989e-01
   outer loop
     vertex  4.443491e-02  2.383875e-01 -7.891646e-03
     vertex  2.993638e-02  2.383875e-01 -1.302793e-02
     vertex  2.993638e-02  2.397124e-01 -1.302793e-02
   endloop
 endfacet
 facet normal  3.339272e-01  0.000000e+00 -9.425989e-01
   outer loop
     vertex  4.443491e-02  2.550588e-01 -7.891646e-03
     vertex  4.443491e-02  2.383875e-01 -7.891646e-03
     vertex  2.993638e-02  2.397124e-01 -1.302793e-02
   endloop
 endfacet
 facet normal -1.082259e-12  1.000000e+00  3.054964e-12
   outer loop
     vertex  3.164128e-02  2.383875e-01 -1.707567e-02
     vertex  2.993638e-02  2.383875e-01 -1.302793e-02
     vertex  4.443491e-02  2.383875e-01 -7.891646e-03
   endloop
 endfacet
 facet normal  7.898758e-13  1.000000e+00  4.470234e-13
   outer loop
     vertex  3.164128e-02  2.383875e-01 -1.707567e-02
     vertex  4.443491e-02  2.383875e-01 -7.891646e-03
     vertex  4.826442e-02  2.383875e-01 -1.465827e-02
   endloop
 endfacet
 facet normal  1.289411e-12  1.000000e+00 -2.988004e-12
   outer loop
     vertex  3.380456e-02  2.383875e-01 -2.089812e-02
     vertex  3.164128e-02  2.383875e-01 -1.707567e-02
     vertex  4.826442e-02  2.383875e-01 -1.465827e-02
   endloop
 endfacet
 facet normal  0.000000e+00  1.000000e+00 -0.000000e+00
   outer loop
     vertex  3.639697e-02  2.383875e-01 -2.444358e-02
     vertex  3.380456e-02  2.383875e-01 -2.089812e-02
     vertex  4.826442e-02  2.383875e-01 -1.465827e-02
   endloop
 endfacet
 facet normal  3.061276e-01  0.000000e+00  9.519905e-01
   outer loop
     vertex  5.608545e-02  2.397124e-01 -3.698299e-02
     vertex  5.190417e-02  2.383875e-01 -3.563844e-02
     vertex  5.608545e-02  2.383875e-01 -3.698299e-02
   endloop
 endfacet
 facet normal  3.869114e-01 -3.591811e-01  8.492871e-01
   outer loop
     vertex  4.414877e-02  2.397124e-01 -3.154497e-02
     vertex  4.790726e-02  2.383875e-01 -3.381756e-02
     vertex  5.190417e-02  2.383875e-01 -3.563844e-02
   endloop
 endfacet
 facet normal  5.174200e-01  0.000000e+00  8.557316e-01
   outer loop
     vertex  4.414877e-02  2.397124e-01 -3.154497e-02
     vertex  4.414877e-02  2.383875e-01 -3.154497e-02
     vertex  4.790726e-02  2.383875e-01 -3.381756e-02
   endloop
 endfacet
 facet normal  3.869114e-01 -3.591811e-01  8.492871e-01
   outer loop
     vertex  4.414877e-02  2.397124e-01 -3.154497e-02
     vertex  5.190417e-02  2.383875e-01 -3.563844e-02
     vertex  5.608545e-02  2.397124e-01 -3.698299e-02
   endloop
 endfacet
 facet normal  3.028078e-01 -9.297780e-03  9.530063e-01
   outer loop
     vertex  5.196533e-02  2.409239e-01 -3.566205e-02
     vertex  5.608545e-02  2.397124e-01 -3.698299e-02
     vertex  5.627600e-02  2.409239e-01 -3.703172e-02
   endloop
 endfacet
 facet normal  3.825509e-01  3.853995e-01  8.397155e-01
   outer loop
     vertex  4.784931e-02  2.409239e-01 -3.378690e-02
     vertex  4.414877e-02  2.397124e-01 -3.154497e-02
     vertex  5.608545e-02  2.397124e-01 -3.698299e-02
   endloop
 endfacet
 facet normal  3.825509e-01  3.853995e-01  8.397155e-01
   outer loop
     vertex  4.784931e-02  2.409239e-01 -3.378690e-02
     vertex  5.608545e-02  2.397124e-01 -3.698299e-02
     vertex  5.196533e-02  2.409239e-01 -3.566205e-02
   endloop
 endfacet
 facet normal  5.203651e-01 -9.297780e-03  8.538932e-01
   outer loop
     vertex  4.398696e-02  2.409239e-01 -3.143317e-02
     vertex  4.414877e-02  2.397124e-01 -3.154497e-02
     vertex  4.784931e-02  2.409239e-01 -3.378690e-02
   endloop
 endfacet
 facet normal -9.681796e-01  0.000000e+00  2.502564e-01
   outer loop
     vertex  5.608545e-02  2.397124e-01 -3.698299e-02
     vertex  5.608545e-02  2.383875e-01 -3.698299e-02
     vertex  5.993475e-02  2.383875e-01 -2.209100e-02
   endloop
 endfacet
 facet normal -9.681796e-01  4.266398e-13  2.502564e-01
   outer loop
     vertex  5.608545e-02  2.397124e-01 -3.698299e-02
     vertex  5.993475e-02  2.383875e-01 -2.209100e-02
     vertex  5.993475e-02  2.550588e-01 -2.209100e-02
   endloop
 endfacet
 facet normal -4.145770e-01  0.000000e+00 -9.100142e-01
   outer loop
     vertex  5.993475e-02  2.550588e-01 -2.209100e-02
     vertex  5.285929e-02  2.383875e-01 -1.886761e-02
     vertex  5.285929e-02  2.550588e-01 -1.886761e-02
   endloop
 endfacet
 facet normal -4.145770e-01 -1.551417e-12 -9.100142e-01
   outer loop
     vertex  5.993475e-02  2.550588e-01 -2.209100e-02
     vertex  5.993475e-02  2.383875e-01 -2.209100e-02
     vertex  5.285929e-02  2.383875e-01 -1.886761e-02
   endloop
 endfacet
 facet normal -4.145770e-01 -3.442516e-12 -9.100142e-01
   outer loop
     vertex  6.042618e-02  2.568629e-01 -2.231488e-02
     vertex  5.285929e-02  2.550588e-01 -1.886761e-02
     vertex  5.236786e-02  2.568629e-01 -1.864373e-02
   endloop
 endfacet
 facet normal -4.145770e-01  3.920645e-12 -9.100142e-01
   outer loop
     vertex  6.042618e-02  2.568629e-01 -2.231488e-02
     vertex  5.993475e-02  2.550588e-01 -2.209100e-02
     vertex  5.285929e-02  2.550588e-01 -1.886761e-02
   endloop
 endfacet
 facet normal  8.241985e-01  0.000000e+00 -5.663010e-01
   outer loop
     vertex  5.285929e-02  2.383875e-01 -1.886761e-02
     vertex  4.414877e-02  2.383875e-01 -3.154497e-02
     vertex  4.414877e-02  2.397124e-01 -3.154497e-02
   endloop
 endfacet
 facet normal  8.241985e-01  0.000000e+00 -5.663010e-01
   outer loop
     vertex  5.285929e-02  2.550588e-01 -1.886761e-02
     vertex  5.285929e-02  2.383875e-01 -1.886761e-02
     vertex  4.414877e-02  2.397124e-01 -3.154497e-02
   endloop
 endfacet
 facet normal -5.342457e-12  1.000000e+00  3.670765e-12
   outer loop
     vertex  4.790726e-02  2.383875e-01 -3.381756e-02
     vertex  4.414877e-02  2.383875e-01 -3.154497e-02
     vertex  5.285929e-02  2.383875e-01 -1.886761e-02
   endloop
 endfacet
 facet normal  7.525384e-13  1.000000e+00  1.651854e-12
   outer loop
     vertex  5.190417e-02  2.383875e-01 -3.563844e-02
     vertex  5.285929e-02  2.383875e-01 -1.886761e-02
     vertex  5.993475e-02  2.383875e-01 -2.209100e-02
   endloop
 endfacet
 facet normal  7.525384e-13  1.000000e+00  1.651854e-12
   outer loop
     vertex  5.190417e-02  2.383875e-01 -3.563844e-02
     vertex  4.790726e-02  2.383875e-01 -3.381756e-02
     vertex  5.285929e-02  2.383875e-01 -1.886761e-02
   endloop
 endfacet
 facet normal  6.275743e-12  1.000000e+00 -1.622163e-12
   outer loop
     vertex  5.608545e-02  2.383875e-01 -3.698299e-02
     vertex  5.190417e-02  2.383875e-01 -3.563844e-02
     vertex  5.993475e-02  2.383875e-01 -2.209100e-02
   endloop
 endfacet
 facet normal -5.608566e-01  3.326232e-01 -7.581567e-01
   outer loop
     vertex  2.898258e-02  2.311605e-01 -1.631587e-02
     vertex  6.109304e-02  2.325335e-01 -3.946765e-02
     vertex  6.102981e-02  2.311605e-01 -4.002324e-02
   endloop
 endfacet
 facet normal -5.608566e-01  3.326232e-01 -7.581567e-01
   outer loop
     vertex  2.898258e-02  2.311605e-01 -1.631587e-02
     vertex  2.949535e-02  2.325335e-01 -1.609283e-02
     vertex  6.109304e-02  2.325335e-01 -3.946765e-02
   endloop
 endfacet
 facet normal  2.388704e-01  9.157925e-01  3.229011e-01
   outer loop
     vertex  2.773607e-02  2.305689e-01 -1.685805e-02
     vertex  6.071939e-02  2.310953e-01 -4.275084e-02
     vertex  2.646519e-02  2.310953e-01 -1.741084e-02
   endloop
 endfacet
 facet normal -2.670656e-01  8.935011e-01 -3.610149e-01
   outer loop
     vertex  2.773607e-02  2.305689e-01 -1.685805e-02
     vertex  6.102981e-02  2.311605e-01 -4.002324e-02
     vertex  6.087610e-02  2.305689e-01 -4.137384e-02
   endloop
 endfacet
 facet normal  2.388704e-01  9.157925e-01  3.229011e-01
   outer loop
     vertex  2.773607e-02  2.305689e-01 -1.685805e-02
     vertex  6.087610e-02  2.305689e-01 -4.137384e-02
     vertex  6.071939e-02  2.310953e-01 -4.275084e-02
   endloop
 endfacet
 facet normal -2.670656e-01  8.935011e-01 -3.610149e-01
   outer loop
     vertex  2.773607e-02  2.305689e-01 -1.685805e-02
     vertex  2.898258e-02  2.311605e-01 -1.631587e-02
     vertex  6.102981e-02  2.311605e-01 -4.002324e-02
   endloop
 endfacet
 facet normal -9.370113e-01  3.326232e-01  1.066377e-01
   outer loop
     vertex  3.349015e-02  2.311605e-01  2.329153e-02
     vertex  3.393969e-02  2.325335e-01  2.295898e-02
     vertex  2.949535e-02  2.325335e-01 -1.609283e-02
   endloop
 endfacet
 facet normal -3.761547e-01  3.326232e-01  8.647945e-01
   outer loop
     vertex  3.349015e-02  2.311605e-01  2.329153e-02
     vertex  6.998172e-02  2.325335e-01  3.863597e-02
     vertex  3.393969e-02  2.325335e-01  2.295898e-02
   endloop
 endfacet
 facet normal -3.761547e-01  3.326232e-01  8.647945e-01
   outer loop
     vertex  3.349015e-02  2.311605e-01  2.329153e-02
     vertex  7.004495e-02  2.311605e-01  3.919156e-02
     vertex  6.998172e-02  2.325335e-01  3.863597e-02
   endloop
 endfacet
 facet normal -9.370113e-01  3.326232e-01  1.066377e-01
   outer loop
     vertex  3.349015e-02  2.311605e-01  2.329153e-02
     vertex  2.949535e-02  2.325335e-01 -1.609283e-02
     vertex  2.898258e-02  2.311605e-01 -1.631587e-02
   endloop
 endfacet
 facet normal  1.602053e-01  9.157925e-01 -3.683184e-01
   outer loop
     vertex  3.239735e-02  2.305689e-01  2.409995e-02
     vertex  3.128318e-02  2.310953e-01  2.492417e-02
     vertex  7.035536e-02  2.310953e-01  4.191917e-02
   endloop
 endfacet
 facet normal  3.990757e-01  9.157925e-01 -4.541731e-02
   outer loop
     vertex  3.239735e-02  2.305689e-01  2.409995e-02
     vertex  2.646519e-02  2.310953e-01 -1.741084e-02
     vertex  3.128318e-02  2.310953e-01  2.492417e-02
   endloop
 endfacet
 facet normal -1.791153e-01  8.935011e-01  4.117931e-01
   outer loop
     vertex  3.239735e-02  2.305689e-01  2.409995e-02
     vertex  7.019865e-02  2.305689e-01  4.054216e-02
     vertex  7.004495e-02  2.311605e-01  3.919156e-02
   endloop
 endfacet
 facet normal  1.602053e-01  9.157925e-01 -3.683184e-01
   outer loop
     vertex  3.239735e-02  2.305689e-01  2.409995e-02
     vertex  7.035536e-02  2.310953e-01  4.191917e-02
     vertex  7.019865e-02  2.305689e-01  4.054216e-02
   endloop
 endfacet
 facet normal -4.461809e-01  8.935011e-01  5.077817e-02
   outer loop
     vertex  3.239735e-02  2.305689e-01  2.409995e-02
     vertex  2.898258e-02  2.311605e-01 -1.631587e-02
     vertex  2.773607e-02  2.305689e-01 -1.685805e-02
   endloop
 endfacet
 facet normal -4.461809e-01  8.935011e-01  5.077817e-02
   outer loop
     vertex  3.239735e-02  2.305689e-01  2.409995e-02
     vertex  3.349015e-02  2.311605e-01  2.329153e-02
     vertex  2.898258e-02  2.311605e-01 -1.631587e-02
   endloop
 endfacet
 facet normal  3.990757e-01  9.157925e-01 -4.541731e-02
   outer loop
     vertex  3.239735e-02  2.305689e-01  2.409995e-02
     vertex  2.773607e-02  2.305689e-01 -1.685805e-02
     vertex  2.646519e-02  2.310953e-01 -1.741084e-02
   endloop
 endfacet
 facet normal -1.791153e-01  8.935011e-01  4.117931e-01
   outer loop
     vertex  3.239735e-02  2.305689e-01  2.409995e-02
     vertex  7.004495e-02  2.311605e-01  3.919156e-02
     vertex  3.349015e-02  2.311605e-01  2.329153e-02
   endloop
 endfacet
 facet normal -6.452887e-01 -8.151392e-02 -7.595775e-01
   outer loop
     vertex  5.285929e-02  2.550588e-01 -1.886761e-02
     vertex  5.112631e-02  2.578147e-01 -1.769112e-02
     vertex  5.236786e-02  2.568629e-01 -1.864373e-02
   endloop
 endfacet
 facet normal -1.903650e-01  5.592475e-01 -8.068478e-01
   outer loop
     vertex  5.189950e-02  2.583595e-01 -1.749592e-02
     vertex  5.236786e-02  2.568629e-01 -1.864373e-02
     vertex  5.112631e-02  2.578147e-01 -1.769112e-02
   endloop
 endfacet
 facet normal -8.622732e-02  6.640488e-01 -7.427005e-01
   outer loop
     vertex  4.635197e-02  2.464829e-01 -2.726858e-02
     vertex  4.249842e-02  2.425427e-01 -3.034412e-02
     vertex  5.112631e-02  2.578147e-01 -1.769112e-02
   endloop
 endfacet
 facet normal  6.015148e-01  2.774330e-01 -7.491401e-01
   outer loop
     vertex  4.635197e-02  2.464829e-01 -2.726858e-02
     vertex  5.285929e-02  2.550588e-01 -1.886761e-02
     vertex  4.414877e-02  2.397124e-01 -3.154497e-02
   endloop
 endfacet
 facet normal  7.518303e-01  1.594486e-01 -6.397869e-01
   outer loop
     vertex  4.635197e-02  2.464829e-01 -2.726858e-02
     vertex  4.414877e-02  2.397124e-01 -3.154497e-02
     vertex  4.398696e-02  2.409239e-01 -3.143317e-02
   endloop
 endfacet
 facet normal  4.802527e-01  3.858168e-01 -7.877200e-01
   outer loop
     vertex  4.635197e-02  2.464829e-01 -2.726858e-02
     vertex  4.398696e-02  2.409239e-01 -3.143317e-02
     vertex  4.377126e-02  2.415007e-01 -3.128219e-02
   endloop
 endfacet
 facet normal -4.176717e-02  6.398304e-01 -7.673804e-01
   outer loop
     vertex  4.635197e-02  2.464829e-01 -2.726858e-02
     vertex  4.377126e-02  2.415007e-01 -3.128219e-02
     vertex  4.249842e-02  2.425427e-01 -3.034412e-02
   endloop
 endfacet
 facet normal  3.131760e-01  5.326100e-01 -7.862871e-01
   outer loop
     vertex  4.635197e-02  2.464829e-01 -2.726858e-02
     vertex  5.112631e-02  2.578147e-01 -1.769112e-02
     vertex  5.285929e-02  2.550588e-01 -1.886761e-02
   endloop
 endfacet
 facet normal -4.043176e-01  4.735852e-01 -7.824604e-01
   outer loop
     vertex  5.901557e-02  2.580704e-01 -2.134791e-02
     vertex  5.236786e-02  2.568629e-01 -1.864373e-02
     vertex  5.189950e-02  2.583595e-01 -1.749592e-02
   endloop
 endfacet
 facet normal -1.914333e-01  8.870072e-01 -4.202042e-01
   outer loop
     vertex  5.901557e-02  2.580704e-01 -2.134791e-02
     vertex  5.189950e-02  2.583595e-01 -1.749592e-02
     vertex  6.159962e-02  2.583595e-01 -2.191502e-02
   endloop
 endfacet
 facet normal -2.391178e-01  4.212364e-01 -8.748615e-01
   outer loop
     vertex  5.901557e-02  2.580704e-01 -2.134791e-02
     vertex  6.159962e-02  2.583595e-01 -2.191502e-02
     vertex  6.042618e-02  2.568629e-01 -2.231488e-02
   endloop
 endfacet
 facet normal -4.027222e-01  2.374282e-01 -8.839924e-01
   outer loop
     vertex  5.901557e-02  2.580704e-01 -2.134791e-02
     vertex  6.042618e-02  2.568629e-01 -2.231488e-02
     vertex  5.236786e-02  2.568629e-01 -1.864373e-02
   endloop
 endfacet
 facet normal -1.496613e-01 -8.151392e-02 -9.853715e-01
   outer loop
     vertex  6.195974e-02  2.578147e-01 -2.262653e-02
     vertex  5.993475e-02  2.550588e-01 -2.209100e-02
     vertex  6.042618e-02  2.568629e-01 -2.231488e-02
   endloop
 endfacet
 facet normal -4.838732e-01  5.592475e-01 -6.731337e-01
   outer loop
     vertex  6.159962e-02  2.583595e-01 -2.191502e-02
     vertex  6.195974e-02  2.578147e-01 -2.262653e-02
     vertex  6.042618e-02  2.568629e-01 -2.231488e-02
   endloop
 endfacet
 facet normal -5.038119e-01  6.640488e-01 -5.524607e-01
   outer loop
     vertex  5.786631e-02  2.464829e-01 -3.251419e-02
     vertex  6.195974e-02  2.578147e-01 -2.262653e-02
     vertex  5.807459e-02  2.425427e-01 -3.744019e-02
   endloop
 endfacet
 facet normal -5.524924e-01  6.393558e-01 -5.347675e-01
   outer loop
     vertex  5.786631e-02  2.464829e-01 -3.251419e-02
     vertex  5.807459e-02  2.425427e-01 -3.744019e-02
     vertex  5.652864e-02  2.414957e-01 -3.709469e-02
   endloop
 endfacet
 facet normal -9.099818e-01  3.851513e-01 -1.535953e-01
   outer loop
     vertex  5.786631e-02  2.464829e-01 -3.251419e-02
     vertex  5.652864e-02  2.414957e-01 -3.709469e-02
     vertex  5.627600e-02  2.409239e-01 -3.703172e-02
   endloop
 endfacet
 facet normal -9.761361e-01  1.594486e-01  1.474263e-01
   outer loop
     vertex  5.786631e-02  2.464829e-01 -3.251419e-02
     vertex  5.627600e-02  2.409239e-01 -3.703172e-02
     vertex  5.608545e-02  2.397124e-01 -3.698299e-02
   endloop
 endfacet
 facet normal -9.600028e-01  2.774330e-01 -3.775639e-02
   outer loop
     vertex  5.786631e-02  2.464829e-01 -3.251419e-02
     vertex  5.608545e-02  2.397124e-01 -3.698299e-02
     vertex  5.993475e-02  2.550588e-01 -2.209100e-02
   endloop
 endfacet
 facet normal -7.988090e-01  5.326100e-01 -2.796978e-01
   outer loop
     vertex  5.786631e-02  2.464829e-01 -3.251419e-02
     vertex  5.993475e-02  2.550588e-01 -2.209100e-02
     vertex  6.195974e-02  2.578147e-01 -2.262653e-02
   endloop
 endfacet
 facet normal  4.581083e-01 -8.151392e-02 -8.851510e-01
   outer loop
     vertex  7.569813e-02  2.578147e-01 -2.048755e-02
     vertex  7.374510e-02  2.550588e-01 -2.124455e-02
     vertex  7.427427e-02  2.568629e-01 -2.113682e-02
   endloop
 endfacet
 facet normal  4.196400e-03  5.592475e-01 -8.289901e-01
   outer loop
     vertex  7.498857e-02  2.583595e-01 -2.012360e-02
     vertex  7.569813e-02  2.578147e-01 -2.048755e-02
     vertex  7.427427e-02  2.568629e-01 -2.113682e-02
   endloop
 endfacet
 facet normal -7.544659e-01  2.774330e-01 -5.948211e-01
   outer loop
     vertex  7.819830e-02  2.464829e-01 -3.089289e-02
     vertex  7.938424e-02  2.397124e-01 -3.555499e-02
     vertex  7.374510e-02  2.550588e-01 -2.124455e-02
   endloop
 endfacet
 facet normal -8.286415e-02  6.640488e-01 -7.430833e-01
   outer loop
     vertex  7.819830e-02  2.464829e-01 -3.089289e-02
     vertex  7.569813e-02  2.578147e-01 -2.048755e-02
     vertex  8.126222e-02  2.425427e-01 -3.475568e-02
   endloop
 endfacet
 facet normal -1.326473e-01  6.393558e-01 -7.573829e-01
   outer loop
     vertex  7.819830e-02  2.464829e-01 -3.089289e-02
     vertex  8.126222e-02  2.425427e-01 -3.475568e-02
     vertex  7.980844e-02  2.414957e-01 -3.538486e-02
   endloop
 endfacet
 facet normal -6.459097e-01  3.851513e-01 -6.591352e-01
   outer loop
     vertex  7.819830e-02  2.464829e-01 -3.089289e-02
     vertex  7.980844e-02  2.414957e-01 -3.538486e-02
     vertex  7.956704e-02  2.409239e-01 -3.548241e-02
   endloop
 endfacet
 facet normal -8.763657e-01  1.594486e-01 -4.544880e-01
   outer loop
     vertex  7.819830e-02  2.464829e-01 -3.089289e-02
     vertex  7.956704e-02  2.409239e-01 -3.548241e-02
     vertex  7.938424e-02  2.397124e-01 -3.555499e-02
   endloop
 endfacet
 facet normal -4.818478e-01  5.326100e-01 -6.958084e-01
   outer loop
     vertex  7.819830e-02  2.464829e-01 -3.089289e-02
     vertex  7.374510e-02  2.550588e-01 -2.124455e-02
     vertex  7.569813e-02  2.578147e-01 -2.048755e-02
   endloop
 endfacet
 facet normal  1.937886e-01  2.374287e-01 -9.518790e-01
   outer loop
     vertex  7.256486e-02  2.580704e-01 -2.118364e-02
     vertex  7.427427e-02  2.568629e-01 -2.113682e-02
     vertex  6.559710e-02  2.568629e-01 -2.290336e-02
   endloop
 endfacet
 facet normal  1.328204e-01  4.735859e-01 -8.706751e-01
   outer loop
     vertex  7.256486e-02  2.580704e-01 -2.118364e-02
     vertex  6.559710e-02  2.568629e-01 -2.290336e-02
     vertex  6.454353e-02  2.583595e-01 -2.225006e-02
   endloop
 endfacet
 facet normal  9.212090e-02  8.869971e-01 -4.524929e-01
   outer loop
     vertex  7.256486e-02  2.580704e-01 -2.118364e-02
     vertex  6.454353e-02  2.583595e-01 -2.225006e-02
     vertex  7.498857e-02  2.583595e-01 -2.012360e-02
   endloop
 endfacet
 facet normal  3.207891e-01  4.212315e-01 -8.483268e-01
   outer loop
     vertex  7.256486e-02  2.580704e-01 -2.118364e-02
     vertex  7.498857e-02  2.583595e-01 -2.012360e-02
     vertex  7.427427e-02  2.568629e-01 -2.113682e-02
   endloop
 endfacet
 facet normal -7.558104e-02 -8.151392e-02 -9.938023e-01
   outer loop
     vertex  6.612627e-02  2.550588e-01 -2.279563e-02
     vertex  6.403273e-02  2.578147e-01 -2.286245e-02
     vertex  6.559710e-02  2.568629e-01 -2.290336e-02
   endloop
 endfacet
 facet normal  3.202448e-01  5.592475e-01 -7.646473e-01
   outer loop
     vertex  6.454353e-02  2.583595e-01 -2.225006e-02
     vertex  6.559710e-02  2.568629e-01 -2.290336e-02
     vertex  6.403273e-02  2.578147e-01 -2.286245e-02
   endloop
 endfacet
 facet normal  4.172645e-01  6.398304e-01 -6.453739e-01
   outer loop
     vertex  6.579970e-02  2.464829e-01 -3.341706e-02
     vertex  6.607101e-02  2.415007e-01 -3.818105e-02
     vertex  6.448987e-02  2.425427e-01 -3.817029e-02
   endloop
 endfacet
 facet normal  3.667890e-01  6.640488e-01 -6.515405e-01
   outer loop
     vertex  6.579970e-02  2.464829e-01 -3.341706e-02
     vertex  6.448987e-02  2.425427e-01 -3.817029e-02
     vertex  6.403273e-02  2.578147e-01 -2.286245e-02
   endloop
 endfacet
 facet normal  9.269692e-01  2.774330e-01 -2.525056e-01
   outer loop
     vertex  6.579970e-02  2.464829e-01 -3.341706e-02
     vertex  6.612627e-02  2.550588e-01 -2.279563e-02
     vertex  6.653088e-02  2.397124e-01 -3.817175e-02
   endloop
 endfacet
 facet normal  9.843008e-01  1.594486e-01 -7.568369e-02
   outer loop
     vertex  6.579970e-02  2.464829e-01 -3.341706e-02
     vertex  6.653088e-02  2.397124e-01 -3.817175e-02
     vertex  6.633425e-02  2.409239e-01 -3.817641e-02
   endloop
 endfacet
 facet normal  8.515427e-01  3.858168e-01 -3.549934e-01
   outer loop
     vertex  6.579970e-02  2.464829e-01 -3.341706e-02
     vertex  6.633425e-02  2.409239e-01 -3.817641e-02
     vertex  6.607101e-02  2.415007e-01 -3.818105e-02
   endloop
 endfacet
 facet normal  7.155327e-01  5.326100e-01 -4.520394e-01
   outer loop
     vertex  6.579970e-02  2.464829e-01 -3.341706e-02
     vertex  6.403273e-02  2.578147e-01 -2.286245e-02
     vertex  6.612627e-02  2.550588e-01 -2.279563e-02
   endloop
 endfacet
 facet normal  5.229960e-01 -8.151392e-02 -8.484284e-01
   outer loop
     vertex  7.916832e-02  2.550588e-01 -1.817533e-02
     vertex  7.751388e-02  2.578147e-01 -1.945994e-02
     vertex  7.880353e-02  2.568629e-01 -1.857352e-02
   endloop
 endfacet
 facet normal  7.085319e-01  5.592475e-01 -4.303775e-01
   outer loop
     vertex  7.756717e-02  2.583595e-01 -1.866426e-02
     vertex  7.880353e-02  2.568629e-01 -1.857352e-02
     vertex  7.751388e-02  2.578147e-01 -1.945994e-02
   endloop
 endfacet
 facet normal  6.797044e-01  6.640488e-01 -3.115141e-01
   outer loop
     vertex  8.514723e-02  2.464829e-01 -2.696020e-02
     vertex  8.688144e-02  2.425427e-01 -3.157554e-02
     vertex  7.751388e-02  2.578147e-01 -1.945994e-02
   endloop
 endfacet
 facet normal  8.983529e-01  2.774330e-01  3.405775e-01
   outer loop
     vertex  8.514723e-02  2.464829e-01 -2.696020e-02
     vertex  7.916832e-02  2.550588e-01 -1.817533e-02
     vertex  8.853350e-02  2.397124e-01 -3.037705e-02
   endloop
 endfacet
 facet normal  8.408019e-01  1.594486e-01  5.173281e-01
   outer loop
     vertex  8.514723e-02  2.464829e-01 -2.696020e-02
     vertex  8.853350e-02  2.397124e-01 -3.037705e-02
     vertex  8.837717e-02  2.409239e-01 -3.049639e-02
   endloop
 endfacet
 facet normal  8.975724e-01  3.858168e-01  2.133286e-01
   outer loop
     vertex  8.514723e-02  2.464829e-01 -2.696020e-02
     vertex  8.837717e-02  2.409239e-01 -3.049639e-02
     vertex  8.816693e-02  2.415007e-01 -3.065487e-02
   endloop
 endfacet
 facet normal  7.169153e-01  6.398304e-01 -2.768565e-01
   outer loop
     vertex  8.514723e-02  2.464829e-01 -2.696020e-02
     vertex  8.816693e-02  2.415007e-01 -3.065487e-02
     vertex  8.688144e-02  2.425427e-01 -3.157554e-02
   endloop
 endfacet
 facet normal  8.445802e-01  5.326100e-01  5.487205e-02
   outer loop
     vertex  8.514723e-02  2.464829e-01 -2.696020e-02
     vertex  7.751388e-02  2.578147e-01 -1.945994e-02
     vertex  7.916832e-02  2.550588e-01 -1.817533e-02
   endloop
 endfacet
 facet normal  8.908961e-01 -8.151392e-02 -4.468329e-01
   outer loop
     vertex  8.555545e-02  2.578147e-01 -1.068185e-02
     vertex  8.442037e-02  2.550588e-01 -1.244224e-02
     vertex  8.478516e-02  2.568629e-01 -1.204405e-02
   endloop
 endfacet
 facet normal  4.906631e-01  5.592475e-01 -6.682005e-01
   outer loop
     vertex  8.476748e-02  2.583595e-01 -1.080449e-02
     vertex  8.555545e-02  2.578147e-01 -1.068185e-02
     vertex  8.478516e-02  2.568629e-01 -1.204405e-02
   endloop
 endfacet
 facet normal -2.607487e-01  2.774330e-01 -9.246843e-01
   outer loop
     vertex  9.369424e-02  2.464829e-01 -1.763039e-02
     vertex  9.739400e-02  2.397124e-01 -2.070503e-02
     vertex  8.442037e-02  2.550588e-01 -1.244224e-02
   endloop
 endfacet
 facet normal  3.697349e-01  6.640488e-01 -6.498733e-01
   outer loop
     vertex  9.369424e-02  2.464829e-01 -1.763039e-02
     vertex  8.555545e-02  2.578147e-01 -1.068185e-02
     vertex  9.844350e-02  2.425427e-01 -1.895452e-02
   endloop
 endfacet
 facet normal  3.378645e-01  6.393558e-01 -6.907038e-01
   outer loop
     vertex  9.369424e-02  2.464829e-01 -1.763039e-02
     vertex  9.844350e-02  2.425427e-01 -1.895452e-02
     vertex  9.763719e-02  2.414957e-01 -2.031805e-02
   endloop
 endfacet
 facet normal -1.351220e-01  3.851513e-01 -9.129077e-01
   outer loop
     vertex  9.369424e-02  2.464829e-01 -1.763039e-02
     vertex  9.763719e-02  2.414957e-01 -2.031805e-02
     vertex  9.749922e-02  2.409239e-01 -2.053886e-02
   endloop
 endfacet
 facet normal -4.418534e-01  1.594486e-01 -8.828034e-01
   outer loop
     vertex  9.369424e-02  2.464829e-01 -1.763039e-02
     vertex  9.749922e-02  2.409239e-01 -2.053886e-02
     vertex  9.739400e-02  2.397124e-01 -2.070503e-02
   endloop
 endfacet
 facet normal  1.916289e-02  5.326100e-01 -8.461438e-01
   outer loop
     vertex  9.369424e-02  2.464829e-01 -1.763039e-02
     vertex  8.442037e-02  2.550588e-01 -1.244224e-02
     vertex  8.555545e-02  2.578147e-01 -1.068185e-02
   endloop
 endfacet
 facet normal  6.192242e-01  4.735862e-01 -6.263206e-01
   outer loop
     vertex  8.342978e-02  2.580704e-01 -1.308665e-02
     vertex  7.880353e-02  2.568629e-01 -1.857352e-02
     vertex  7.756717e-02  2.583595e-01 -1.866426e-02
   endloop
 endfacet
 facet normal  3.405012e-01  8.869935e-01 -3.119319e-01
   outer loop
     vertex  8.342978e-02  2.580704e-01 -1.308665e-02
     vertex  7.756717e-02  2.583595e-01 -1.866426e-02
     vertex  8.476748e-02  2.583595e-01 -1.080449e-02
   endloop
 endfacet
 facet normal  7.581602e-01  4.212298e-01 -4.977535e-01
   outer loop
     vertex  8.342978e-02  2.580704e-01 -1.308665e-02
     vertex  8.476748e-02  2.583595e-01 -1.080449e-02
     vertex  8.478516e-02  2.568629e-01 -1.204405e-02
   endloop
 endfacet
 facet normal  7.162786e-01  2.374289e-01 -6.561802e-01
   outer loop
     vertex  8.342978e-02  2.580704e-01 -1.308665e-02
     vertex  8.478516e-02  2.568629e-01 -1.204405e-02
     vertex  7.880353e-02  2.568629e-01 -1.857352e-02
   endloop
 endfacet
 facet normal  9.218063e-01 -8.151392e-02 -3.789836e-01
   outer loop
     vertex  8.700380e-02  2.550588e-01 -6.771500e-03
     vertex  8.642042e-02  2.578147e-01 -8.783224e-03
     vertex  8.694274e-02  2.568629e-01 -7.308063e-03
   endloop
 endfacet
 facet normal  8.261839e-01  5.592475e-01  6.828184e-02
   outer loop
     vertex  8.599584e-02  2.583595e-01 -8.108191e-03
     vertex  8.694274e-02  2.568629e-01 -7.308063e-03
     vertex  8.642042e-02  2.578147e-01 -8.783224e-03
   endloop
 endfacet
 facet normal  7.329959e-01  6.640488e-01  1.475000e-01
   outer loop
     vertex  9.700447e-02  2.464829e-01 -1.036429e-02
     vertex  1.011203e-01  2.425427e-01 -1.307884e-02
     vertex  8.642042e-02  2.578147e-01 -8.783224e-03
   endloop
 endfacet
 facet normal  5.265963e-01  2.774330e-01  8.035716e-01
   outer loop
     vertex  9.700447e-02  2.464829e-01 -1.036429e-02
     vertex  8.700380e-02  2.550588e-01 -6.771500e-03
     vertex  1.017524e-01  2.397124e-01 -1.113818e-02
   endloop
 endfacet
 facet normal  3.761451e-01  1.594486e-01  9.127382e-01
   outer loop
     vertex  9.700447e-02  2.464829e-01 -1.036429e-02
     vertex  1.017524e-01  2.397124e-01 -1.113818e-02
     vertex  1.016961e-01  2.409239e-01 -1.132662e-02
   endloop
 endfacet
 facet normal  6.007600e-01  3.858168e-01  7.001663e-01
   outer loop
     vertex  9.700447e-02  2.464829e-01 -1.036429e-02
     vertex  1.016961e-01  2.409239e-01 -1.132662e-02
     vertex  1.016191e-01  2.415007e-01 -1.157841e-02
   endloop
 endfacet
 facet normal  7.427288e-01  6.398304e-01  1.974106e-01
   outer loop
     vertex  9.700447e-02  2.464829e-01 -1.036429e-02
     vertex  1.016191e-01  2.415007e-01 -1.157841e-02
     vertex  1.011203e-01  2.425427e-01 -1.307884e-02
   endloop
 endfacet
 facet normal  6.510267e-01  5.326100e-01  5.408242e-01
   outer loop
     vertex  9.700447e-02  2.464829e-01 -1.036429e-02
     vertex  8.642042e-02  2.578147e-01 -8.783224e-03
     vertex  8.700380e-02  2.550588e-01 -6.771500e-03
   endloop
 endfacet
 facet normal  9.833919e-01 -8.151392e-02  1.621602e-01
   outer loop
     vertex  8.776655e-02  2.578147e-01  3.045111e-03
     vertex  8.788298e-02  2.550588e-01  9.537432e-04
     vertex  8.794405e-02  2.568629e-01  1.490305e-03
   endloop
 endfacet
 facet normal  7.897132e-01  5.592475e-01 -2.521810e-01
   outer loop
     vertex  8.720115e-02  2.583595e-01  2.482743e-03
     vertex  8.776655e-02  2.578147e-01  3.045111e-03
     vertex  8.794405e-02  2.568629e-01  1.490305e-03
   endloop
 endfacet
 facet normal  3.325656e-01  2.774330e-01 -9.013496e-01
   outer loop
     vertex  9.843521e-02  2.464829e-01  2.207485e-03
     vertex  1.032356e-01  2.397124e-01  1.894718e-03
     vertex  8.788298e-02  2.550588e-01  9.537432e-04
   endloop
 endfacet
 facet normal  6.811077e-01  6.640488e-01 -3.084338e-01
   outer loop
     vertex  9.843521e-02  2.464829e-01  2.207485e-03
     vertex  8.776655e-02  2.578147e-01  3.045111e-03
     vertex  1.030558e-01  2.425427e-01  3.927783e-03
   endloop
 endfacet
 facet normal  6.793236e-01  6.393558e-01 -3.601993e-01
   outer loop
     vertex  9.843521e-02  2.464829e-01  2.207485e-03
     vertex  1.030558e-01  2.425427e-01  3.927783e-03
     vertex  1.032049e-01  2.414957e-01  2.350732e-03
   endloop
 endfacet
 facet normal  4.272777e-01  3.851513e-01 -8.179806e-01
   outer loop
     vertex  9.843521e-02  2.464829e-01  2.207485e-03
     vertex  1.032049e-01  2.414957e-01  2.350732e-03
     vertex  1.032231e-01  2.409239e-01  2.090995e-03
   endloop
 endfacet
 facet normal  1.614319e-01  1.594486e-01 -9.739178e-01
   outer loop
     vertex  9.843521e-02  2.464829e-01  2.207485e-03
     vertex  1.032231e-01  2.409239e-01  2.090995e-03
     vertex  1.032356e-01  2.397124e-01  1.894718e-03
   endloop
 endfacet
 facet normal  5.128540e-01  5.326100e-01 -6.732811e-01
   outer loop
     vertex  9.843521e-02  2.464829e-01  2.207485e-03
     vertex  8.788298e-02  2.550588e-01  9.537432e-04
     vertex  8.776655e-02  2.578147e-01  3.045111e-03
   endloop
 endfacet
 facet normal  8.691095e-01  4.735633e-01 -1.427814e-01
   outer loop
     vertex  8.745967e-02  2.580709e-01 -1.549130e-04
     vertex  8.694274e-02  2.568629e-01 -7.308063e-03
     vertex  8.599584e-02  2.583595e-01 -8.108191e-03
   endloop
 endfacet
 facet normal  4.582592e-01  8.872872e-01 -5.215276e-02
   outer loop
     vertex  8.745967e-02  2.580709e-01 -1.549130e-04
     vertex  8.599584e-02  2.583595e-01 -8.108191e-03
     vertex  8.720115e-02  2.583595e-01  2.482743e-03
   endloop
 endfacet
 facet normal  9.058823e-01  4.213728e-01  4.268796e-02
   outer loop
     vertex  8.745967e-02  2.580709e-01 -1.549130e-04
     vertex  8.720115e-02  2.583595e-01  2.482743e-03
     vertex  8.794405e-02  2.568629e-01  1.490305e-03
   endloop
 endfacet
 facet normal  9.651785e-01  2.374127e-01 -1.098433e-01
   outer loop
     vertex  8.745967e-02  2.580709e-01 -1.549130e-04
     vertex  8.794405e-02  2.568629e-01  1.490305e-03
     vertex  8.694274e-02  2.568629e-01 -7.308063e-03
   endloop
 endfacet
 facet normal  7.002654e-01 -8.151392e-02  7.092136e-01
   outer loop
     vertex  8.148686e-02  2.578147e-01  1.545011e-02
     vertex  8.281033e-02  2.550588e-01  1.382660e-02
     vertex  8.254435e-02  2.568629e-01  1.429658e-02
   endloop
 endfacet
 facet normal  7.871197e-01  5.592475e-01  2.601631e-01
   outer loop
     vertex  8.136000e-02  2.583595e-01  1.466281e-02
     vertex  8.148686e-02  2.578147e-01  1.545011e-02
     vertex  8.254435e-02  2.568629e-01  1.429658e-02
   endloop
 endfacet
 facet normal  7.988512e-01  2.774330e-01 -5.337299e-01
   outer loop
     vertex  9.061034e-02  2.464829e-01  2.104334e-02
     vertex  9.467778e-02  2.397124e-01  2.361191e-02
     vertex  8.281033e-02  2.550588e-01  1.382660e-02
   endloop
 endfacet
 facet normal  7.323206e-01  6.640488e-01  1.508169e-01
   outer loop
     vertex  9.061034e-02  2.464829e-01  2.104334e-02
     vertex  8.148686e-02  2.578147e-01  1.545011e-02
     vertex  9.333727e-02  2.425427e-01  2.515098e-02
   endloop
 endfacet
 facet normal  7.613042e-01  6.393558e-01  1.078891e-01
   outer loop
     vertex  9.061034e-02  2.464829e-01  2.104334e-02
     vertex  9.333727e-02  2.425427e-01  2.515098e-02
     vertex  9.438489e-02  2.414957e-01  2.396278e-02
   endloop
 endfacet
 facet normal  8.264719e-01  3.851513e-01 -4.106127e-01
   outer loop
     vertex  9.061034e-02  2.464829e-01  2.104334e-02
     vertex  9.438489e-02  2.414957e-01  2.396278e-02
     vertex  9.455226e-02  2.409239e-01  2.376333e-02
   endloop
 endfacet
 facet normal  7.030557e-01  1.594486e-01 -6.930287e-01
   outer loop
     vertex  9.061034e-02  2.464829e-01  2.104334e-02
     vertex  9.455226e-02  2.409239e-01  2.376333e-02
     vertex  9.467778e-02  2.397124e-01  2.361191e-02
   endloop
 endfacet
 facet normal  8.106523e-01  5.326100e-01 -2.432478e-01
   outer loop
     vertex  9.061034e-02  2.464829e-01  2.104334e-02
     vertex  8.281033e-02  2.550588e-01  1.382660e-02
     vertex  8.148686e-02  2.578147e-01  1.545011e-02
   endloop
 endfacet
 facet normal  8.454068e-01  2.374287e-01  4.784507e-01
   outer loop
     vertex  8.311712e-02  2.580704e-01  1.268530e-02
     vertex  8.254435e-02  2.568629e-01  1.429658e-02
     vertex  8.690583e-02  2.568629e-01  6.589992e-03
   endloop
 endfacet
 facet normal  7.870175e-01  4.735859e-01  3.953731e-01
   outer loop
     vertex  8.311712e-02  2.580704e-01  1.268530e-02
     vertex  8.690583e-02  2.568629e-01  6.589992e-03
     vertex  8.661007e-02  2.583595e-01  5.386100e-03
   endloop
 endfacet
 facet normal  4.018794e-01  8.869971e-01  2.274402e-01
   outer loop
     vertex  8.311712e-02  2.580704e-01  1.268530e-02
     vertex  8.661007e-02  2.583595e-01  5.386100e-03
     vertex  8.136000e-02  2.583595e-01  1.466281e-02
   endloop
 endfacet
 facet normal  7.076774e-01  4.212315e-01  5.672360e-01
   outer loop
     vertex  8.311712e-02  2.580704e-01  1.268530e-02
     vertex  8.136000e-02  2.583595e-01  1.466281e-02
     vertex  8.254435e-02  2.568629e-01  1.429658e-02
   endloop
 endfacet
 facet normal  9.685180e-01 -8.151392e-02  2.352200e-01
   outer loop
     vertex  8.663985e-02  2.550588e-01  7.059972e-03
     vertex  8.735034e-02  2.578147e-01  5.089547e-03
     vertex  8.690583e-02  2.568629e-01  6.589992e-03
   endloop
 endfacet
 facet normal  6.282618e-01  5.592475e-01  5.408599e-01
   outer loop
     vertex  8.661007e-02  2.583595e-01  5.386100e-03
     vertex  8.690583e-02  2.568629e-01  6.589992e-03
     vertex  8.735034e-02  2.578147e-01  5.089547e-03
   endloop
 endfacet
 facet normal  4.848452e-01  6.398304e-01  5.962736e-01
   outer loop
     vertex  9.684234e-02  2.464829e-01  1.003159e-02
     vertex  1.012893e-01  2.415007e-01  1.176177e-02
     vertex  1.017677e-01  2.425427e-01  1.025469e-02
   endloop
 endfacet
 facet normal  5.063078e-01  6.640488e-01  5.501742e-01
   outer loop
     vertex  9.684234e-02  2.464829e-01  1.003159e-02
     vertex  1.017677e-01  2.425427e-01  1.025469e-02
     vertex  8.735034e-02  2.578147e-01  5.089547e-03
   endloop
 endfacet
 facet normal -4.630214e-02  2.774330e-01  9.596286e-01
   outer loop
     vertex  9.684234e-02  2.464829e-01  1.003159e-02
     vertex  8.663985e-02  2.550588e-01  7.059972e-03
     vertex  1.011384e-01  2.397124e-01  1.219625e-02
   endloop
 endfacet
 facet normal -2.321862e-01  1.594486e-01  9.595133e-01
   outer loop
     vertex  9.684234e-02  2.464829e-01  1.003159e-02
     vertex  1.011384e-01  2.397124e-01  1.219625e-02
     vertex  1.012036e-01  2.409239e-01  1.201070e-02
   endloop
 endfacet
 facet normal  7.447762e-02  3.858168e-01  9.195643e-01
   outer loop
     vertex  9.684234e-02  2.464829e-01  1.003159e-02
     vertex  1.012036e-01  2.409239e-01  1.201070e-02
     vertex  1.012893e-01  2.415007e-01  1.176177e-02
   endloop
 endfacet
 facet normal  2.088032e-01  5.326100e-01  8.201999e-01
   outer loop
     vertex  9.684234e-02  2.464829e-01  1.003159e-02
     vertex  8.735034e-02  2.578147e-01  5.089547e-03
     vertex  8.663985e-02  2.550588e-01  7.059972e-03
   endloop
 endfacet
 facet normal  1.496613e-01 -8.151392e-02  9.853715e-01
   outer loop
     vertex  6.911501e-02  2.578147e-01  2.179486e-02
     vertex  7.114000e-02  2.550588e-01  2.125932e-02
     vertex  7.064857e-02  2.568629e-01  2.148320e-02
   endloop
 endfacet
 facet normal  4.838732e-01  5.592475e-01  6.731337e-01
   outer loop
     vertex  6.947514e-02  2.583595e-01  2.108335e-02
     vertex  6.911501e-02  2.578147e-01  2.179486e-02
     vertex  7.064857e-02  2.568629e-01  2.148320e-02
   endloop
 endfacet
 facet normal  9.600028e-01  2.774330e-01  3.775639e-02
   outer loop
     vertex  7.320844e-02  2.464829e-01  3.168252e-02
     vertex  7.498930e-02  2.397124e-01  3.615132e-02
     vertex  7.114000e-02  2.550588e-01  2.125932e-02
   endloop
 endfacet
 facet normal  5.038119e-01  6.640488e-01  5.524607e-01
   outer loop
     vertex  7.320844e-02  2.464829e-01  3.168252e-02
     vertex  6.911501e-02  2.578147e-01  2.179486e-02
     vertex  7.300017e-02  2.425427e-01  3.660851e-02
   endloop
 endfacet
 facet normal  5.524924e-01  6.393558e-01  5.347675e-01
   outer loop
     vertex  7.320844e-02  2.464829e-01  3.168252e-02
     vertex  7.300017e-02  2.425427e-01  3.660851e-02
     vertex  7.454612e-02  2.414957e-01  3.626302e-02
   endloop
 endfacet
 facet normal  9.099818e-01  3.851513e-01  1.535953e-01
   outer loop
     vertex  7.320844e-02  2.464829e-01  3.168252e-02
     vertex  7.454612e-02  2.414957e-01  3.626302e-02
     vertex  7.479876e-02  2.409239e-01  3.620004e-02
   endloop
 endfacet
 facet normal  9.761361e-01  1.594486e-01 -1.474263e-01
   outer loop
     vertex  7.320844e-02  2.464829e-01  3.168252e-02
     vertex  7.479876e-02  2.409239e-01  3.620004e-02
     vertex  7.498930e-02  2.397124e-01  3.615132e-02
   endloop
 endfacet
 facet normal  7.988090e-01  5.326100e-01  2.796978e-01
   outer loop
     vertex  7.320844e-02  2.464829e-01  3.168252e-02
     vertex  7.114000e-02  2.550588e-01  2.125932e-02
     vertex  6.911501e-02  2.578147e-01  2.179486e-02
   endloop
 endfacet
 facet normal  4.027222e-01  2.374287e-01  8.839923e-01
   outer loop
     vertex  7.205903e-02  2.580704e-01  2.051631e-02
     vertex  7.064857e-02  2.568629e-01  2.148320e-02
     vertex  7.870689e-02  2.568629e-01  1.781206e-02
   endloop
 endfacet
 facet normal  4.043160e-01  4.735859e-01  7.824608e-01
   outer loop
     vertex  7.205903e-02  2.580704e-01  2.051631e-02
     vertex  7.870689e-02  2.568629e-01  1.781206e-02
     vertex  7.917525e-02  2.583595e-01  1.666425e-02
   endloop
 endfacet
 facet normal  1.914413e-01  8.869971e-01  4.202217e-01
   outer loop
     vertex  7.205903e-02  2.580704e-01  2.051631e-02
     vertex  7.917525e-02  2.583595e-01  1.666425e-02
     vertex  6.947514e-02  2.583595e-01  2.108335e-02
   endloop
 endfacet
 facet normal  2.391101e-01  4.212315e-01  8.748659e-01
   outer loop
     vertex  7.205903e-02  2.580704e-01  2.051631e-02
     vertex  6.947514e-02  2.583595e-01  2.108335e-02
     vertex  7.064857e-02  2.568629e-01  2.148320e-02
   endloop
 endfacet
 facet normal  6.452887e-01 -8.151392e-02  7.595775e-01
   outer loop
     vertex  7.821546e-02  2.550588e-01  1.803594e-02
     vertex  7.994845e-02  2.578147e-01  1.685945e-02
     vertex  7.870689e-02  2.568629e-01  1.781206e-02
   endloop
 endfacet
 facet normal  1.903650e-01  5.592475e-01  8.068478e-01
   outer loop
     vertex  7.917525e-02  2.583595e-01  1.666425e-02
     vertex  7.870689e-02  2.568629e-01  1.781206e-02
     vertex  7.994845e-02  2.578147e-01  1.685945e-02
   endloop
 endfacet
 facet normal  4.176717e-02  6.398304e-01  7.673804e-01
   outer loop
     vertex  8.472278e-02  2.464829e-01  2.643690e-02
     vertex  8.730349e-02  2.415007e-01  3.045052e-02
     vertex  8.857634e-02  2.425427e-01  2.951245e-02
   endloop
 endfacet
 facet normal  8.622732e-02  6.640488e-01  7.427005e-01
   outer loop
     vertex  8.472278e-02  2.464829e-01  2.643690e-02
     vertex  8.857634e-02  2.425427e-01  2.951245e-02
     vertex  7.994845e-02  2.578147e-01  1.685945e-02
   endloop
 endfacet
 facet normal -6.015148e-01  2.774330e-01  7.491401e-01
   outer loop
     vertex  8.472278e-02  2.464829e-01  2.643690e-02
     vertex  7.821546e-02  2.550588e-01  1.803594e-02
     vertex  8.692599e-02  2.397124e-01  3.071330e-02
   endloop
 endfacet
 facet normal -7.518303e-01  1.594486e-01  6.397869e-01
   outer loop
     vertex  8.472278e-02  2.464829e-01  2.643690e-02
     vertex  8.692599e-02  2.397124e-01  3.071330e-02
     vertex  8.708780e-02  2.409239e-01  3.060150e-02
   endloop
 endfacet
 facet normal -4.802527e-01  3.858168e-01  7.877200e-01
   outer loop
     vertex  8.472278e-02  2.464829e-01  2.643690e-02
     vertex  8.708780e-02  2.409239e-01  3.060150e-02
     vertex  8.730349e-02  2.415007e-01  3.045052e-02
   endloop
 endfacet
 facet normal -3.131760e-01  5.326100e-01  7.862871e-01
   outer loop
     vertex  8.472278e-02  2.464829e-01  2.643690e-02
     vertex  7.994845e-02  2.578147e-01  1.685945e-02
     vertex  7.821546e-02  2.550588e-01  1.803594e-02
   endloop
 endfacet
 facet normal -4.581083e-01 -8.151392e-02  8.851510e-01
   outer loop
     vertex  5.537663e-02  2.578147e-01  1.965587e-02
     vertex  5.732966e-02  2.550588e-01  2.041287e-02
     vertex  5.680049e-02  2.568629e-01  2.030514e-02
   endloop
 endfacet
 facet normal -4.196400e-03  5.592475e-01  8.289901e-01
   outer loop
     vertex  5.608619e-02  2.583595e-01  1.929193e-02
     vertex  5.537663e-02  2.578147e-01  1.965587e-02
     vertex  5.680049e-02  2.568629e-01  2.030514e-02
   endloop
 endfacet
 facet normal  7.544659e-01  2.774330e-01  5.948211e-01
   outer loop
     vertex  5.287646e-02  2.464829e-01  3.006121e-02
     vertex  5.169051e-02  2.397124e-01  3.472332e-02
     vertex  5.732966e-02  2.550588e-01  2.041287e-02
   endloop
 endfacet
 facet normal  8.286415e-02  6.640488e-01  7.430833e-01
   outer loop
     vertex  5.287646e-02  2.464829e-01  3.006121e-02
     vertex  5.537663e-02  2.578147e-01  1.965587e-02
     vertex  4.981253e-02  2.425427e-01  3.392401e-02
   endloop
 endfacet
 facet normal  1.326473e-01  6.393558e-01  7.573829e-01
   outer loop
     vertex  5.287646e-02  2.464829e-01  3.006121e-02
     vertex  4.981253e-02  2.425427e-01  3.392401e-02
     vertex  5.126631e-02  2.414957e-01  3.455318e-02
   endloop
 endfacet
 facet normal  6.459097e-01  3.851513e-01  6.591352e-01
   outer loop
     vertex  5.287646e-02  2.464829e-01  3.006121e-02
     vertex  5.126631e-02  2.414957e-01  3.455318e-02
     vertex  5.150772e-02  2.409239e-01  3.465073e-02
   endloop
 endfacet
 facet normal  8.763657e-01  1.594486e-01  4.544880e-01
   outer loop
     vertex  5.287646e-02  2.464829e-01  3.006121e-02
     vertex  5.150772e-02  2.409239e-01  3.465073e-02
     vertex  5.169051e-02  2.397124e-01  3.472332e-02
   endloop
 endfacet
 facet normal  4.818478e-01  5.326100e-01  6.958084e-01
   outer loop
     vertex  5.287646e-02  2.464829e-01  3.006121e-02
     vertex  5.732966e-02  2.550588e-01  2.041287e-02
     vertex  5.537663e-02  2.578147e-01  1.965587e-02
   endloop
 endfacet
 facet normal -1.937886e-01  2.374287e-01  9.518790e-01
   outer loop
     vertex  5.850990e-02  2.580704e-01  2.035196e-02
     vertex  5.680049e-02  2.568629e-01  2.030514e-02
     vertex  6.547765e-02  2.568629e-01  2.207169e-02
   endloop
 endfacet
 facet normal -1.328204e-01  4.735859e-01  8.706751e-01
   outer loop
     vertex  5.850990e-02  2.580704e-01  2.035196e-02
     vertex  6.547765e-02  2.568629e-01  2.207169e-02
     vertex  6.653123e-02  2.583595e-01  2.141839e-02
   endloop
 endfacet
 facet normal -9.212090e-02  8.869971e-01  4.524929e-01
   outer loop
     vertex  5.850990e-02  2.580704e-01  2.035196e-02
     vertex  6.653123e-02  2.583595e-01  2.141839e-02
     vertex  5.608619e-02  2.583595e-01  1.929193e-02
   endloop
 endfacet
 facet normal -3.207891e-01  4.212315e-01  8.483268e-01
   outer loop
     vertex  5.850990e-02  2.580704e-01  2.035196e-02
     vertex  5.608619e-02  2.583595e-01  1.929193e-02
     vertex  5.680049e-02  2.568629e-01  2.030514e-02
   endloop
 endfacet
 facet normal  7.558104e-02 -8.151392e-02  9.938023e-01
   outer loop
     vertex  6.494848e-02  2.550588e-01  2.196396e-02
     vertex  6.704202e-02  2.578147e-01  2.203078e-02
     vertex  6.547765e-02  2.568629e-01  2.207169e-02
   endloop
 endfacet
 facet normal -3.202448e-01  5.592475e-01  7.646473e-01
   outer loop
     vertex  6.653123e-02  2.583595e-01  2.141839e-02
     vertex  6.547765e-02  2.568629e-01  2.207169e-02
     vertex  6.704202e-02  2.578147e-01  2.203078e-02
   endloop
 endfacet
 facet normal -4.172645e-01  6.398304e-01  6.453739e-01
   outer loop
     vertex  6.527505e-02  2.464829e-01  3.258539e-02
     vertex  6.500374e-02  2.415007e-01  3.734937e-02
     vertex  6.658488e-02  2.425427e-01  3.733861e-02
   endloop
 endfacet
 facet normal -3.667890e-01  6.640488e-01  6.515405e-01
   outer loop
     vertex  6.527505e-02  2.464829e-01  3.258539e-02
     vertex  6.658488e-02  2.425427e-01  3.733861e-02
     vertex  6.704202e-02  2.578147e-01  2.203078e-02
   endloop
 endfacet
 facet normal -9.269692e-01  2.774330e-01  2.525056e-01
   outer loop
     vertex  6.527505e-02  2.464829e-01  3.258539e-02
     vertex  6.494848e-02  2.550588e-01  2.196396e-02
     vertex  6.454388e-02  2.397124e-01  3.734007e-02
   endloop
 endfacet
 facet normal -9.843008e-01  1.594486e-01  7.568369e-02
   outer loop
     vertex  6.527505e-02  2.464829e-01  3.258539e-02
     vertex  6.454388e-02  2.397124e-01  3.734007e-02
     vertex  6.474050e-02  2.409239e-01  3.734473e-02
   endloop
 endfacet
 facet normal -8.515427e-01  3.858168e-01  3.549934e-01
   outer loop
     vertex  6.527505e-02  2.464829e-01  3.258539e-02
     vertex  6.474050e-02  2.409239e-01  3.734473e-02
     vertex  6.500374e-02  2.415007e-01  3.734937e-02
   endloop
 endfacet
 facet normal -7.155327e-01  5.326100e-01  4.520394e-01
   outer loop
     vertex  6.527505e-02  2.464829e-01  3.258539e-02
     vertex  6.704202e-02  2.578147e-01  2.203078e-02
     vertex  6.494848e-02  2.550588e-01  2.196396e-02
   endloop
 endfacet
 facet normal -8.908961e-01 -8.151392e-02  4.468329e-01
   outer loop
     vertex  4.551930e-02  2.578147e-01  9.850180e-03
     vertex  4.665438e-02  2.550588e-01  1.161057e-02
     vertex  4.628960e-02  2.568629e-01  1.121237e-02
   endloop
 endfacet
 facet normal -4.906631e-01  5.592475e-01  6.682005e-01
   outer loop
     vertex  4.630727e-02  2.583595e-01  9.972811e-03
     vertex  4.551930e-02  2.578147e-01  9.850180e-03
     vertex  4.628960e-02  2.568629e-01  1.121237e-02
   endloop
 endfacet
 facet normal  2.607487e-01  2.774330e-01  9.246843e-01
   outer loop
     vertex  3.738052e-02  2.464829e-01  1.679871e-02
     vertex  3.368075e-02  2.397124e-01  1.987335e-02
     vertex  4.665438e-02  2.550588e-01  1.161057e-02
   endloop
 endfacet
 facet normal -3.697349e-01  6.640488e-01  6.498733e-01
   outer loop
     vertex  3.738052e-02  2.464829e-01  1.679871e-02
     vertex  4.551930e-02  2.578147e-01  9.850180e-03
     vertex  3.263126e-02  2.425427e-01  1.812285e-02
   endloop
 endfacet
 facet normal -3.378645e-01  6.393558e-01  6.907038e-01
   outer loop
     vertex  3.738052e-02  2.464829e-01  1.679871e-02
     vertex  3.263126e-02  2.425427e-01  1.812285e-02
     vertex  3.343757e-02  2.414957e-01  1.948637e-02
   endloop
 endfacet
 facet normal  1.351220e-01  3.851513e-01  9.129077e-01
   outer loop
     vertex  3.738052e-02  2.464829e-01  1.679871e-02
     vertex  3.343757e-02  2.414957e-01  1.948637e-02
     vertex  3.357553e-02  2.409239e-01  1.970719e-02
   endloop
 endfacet
 facet normal  4.418534e-01  1.594486e-01  8.828034e-01
   outer loop
     vertex  3.738052e-02  2.464829e-01  1.679871e-02
     vertex  3.357553e-02  2.409239e-01  1.970719e-02
     vertex  3.368075e-02  2.397124e-01  1.987335e-02
   endloop
 endfacet
 facet normal -1.916289e-02  5.326100e-01  8.461438e-01
   outer loop
     vertex  3.738052e-02  2.464829e-01  1.679871e-02
     vertex  4.665438e-02  2.550588e-01  1.161057e-02
     vertex  4.551930e-02  2.578147e-01  9.850180e-03
   endloop
 endfacet
 facet normal -7.162788e-01  2.374282e-01  6.561803e-01
   outer loop
     vertex  4.764514e-02  2.580704e-01  1.225514e-02
     vertex  4.628960e-02  2.568629e-01  1.121237e-02
     vertex  5.227122e-02  2.568629e-01  1.774185e-02
   endloop
 endfacet
 facet normal -6.192231e-01  4.735852e-01  6.263225e-01
   outer loop
     vertex  4.764514e-02  2.580704e-01  1.225514e-02
     vertex  5.227122e-02  2.568629e-01  1.774185e-02
     vertex  5.350759e-02  2.583595e-01  1.783259e-02
   endloop
 endfacet
 facet normal -3.404818e-01  8.870072e-01  3.119141e-01
   outer loop
     vertex  4.764514e-02  2.580704e-01  1.225514e-02
     vertex  5.350759e-02  2.583595e-01  1.783259e-02
     vertex  4.630727e-02  2.583595e-01  9.972811e-03
   endloop
 endfacet
 facet normal -7.581512e-01  4.212364e-01  4.977616e-01
   outer loop
     vertex  4.764514e-02  2.580704e-01  1.225514e-02
     vertex  4.630727e-02  2.583595e-01  9.972811e-03
     vertex  4.628960e-02  2.568629e-01  1.121237e-02
   endloop
 endfacet
 facet normal -5.229960e-01 -8.151392e-02  8.484284e-01
   outer loop
     vertex  5.190644e-02  2.550588e-01  1.734365e-02
     vertex  5.356087e-02  2.578147e-01  1.862826e-02
     vertex  5.227122e-02  2.568629e-01  1.774185e-02
   endloop
 endfacet
 facet normal -7.085319e-01  5.592475e-01  4.303775e-01
   outer loop
     vertex  5.350759e-02  2.583595e-01  1.783259e-02
     vertex  5.227122e-02  2.568629e-01  1.774185e-02
     vertex  5.356087e-02  2.578147e-01  1.862826e-02
   endloop
 endfacet
 facet normal -7.169153e-01  6.398304e-01  2.768565e-01
   outer loop
     vertex  4.592752e-02  2.464829e-01  2.612852e-02
     vertex  4.290783e-02  2.415007e-01  2.982320e-02
     vertex  4.419332e-02  2.425427e-01  3.074386e-02
   endloop
 endfacet
 facet normal -6.797044e-01  6.640488e-01  3.115141e-01
   outer loop
     vertex  4.592752e-02  2.464829e-01  2.612852e-02
     vertex  4.419332e-02  2.425427e-01  3.074386e-02
     vertex  5.356087e-02  2.578147e-01  1.862826e-02
   endloop
 endfacet
 facet normal -8.983529e-01  2.774330e-01 -3.405775e-01
   outer loop
     vertex  4.592752e-02  2.464829e-01  2.612852e-02
     vertex  5.190644e-02  2.550588e-01  1.734365e-02
     vertex  4.254125e-02  2.397124e-01  2.954537e-02
   endloop
 endfacet
 facet normal -8.408019e-01  1.594486e-01 -5.173281e-01
   outer loop
     vertex  4.592752e-02  2.464829e-01  2.612852e-02
     vertex  4.254125e-02  2.397124e-01  2.954537e-02
     vertex  4.269758e-02  2.409239e-01  2.966471e-02
   endloop
 endfacet
 facet normal -8.975724e-01  3.858168e-01 -2.133286e-01
   outer loop
     vertex  4.592752e-02  2.464829e-01  2.612852e-02
     vertex  4.269758e-02  2.409239e-01  2.966471e-02
     vertex  4.290783e-02  2.415007e-01  2.982320e-02
   endloop
 endfacet
 facet normal -8.445802e-01  5.326100e-01 -5.487205e-02
   outer loop
     vertex  4.592752e-02  2.464829e-01  2.612852e-02
     vertex  5.356087e-02  2.578147e-01  1.862826e-02
     vertex  5.190644e-02  2.550588e-01  1.734365e-02
   endloop
 endfacet
 facet normal -9.833919e-01 -8.151392e-02 -1.621602e-01
   outer loop
     vertex  4.330820e-02  2.578147e-01 -3.876785e-03
     vertex  4.319177e-02  2.550588e-01 -1.785417e-03
     vertex  4.313071e-02  2.568629e-01 -2.321980e-03
   endloop
 endfacet
 facet normal -7.897132e-01  5.592475e-01  2.521810e-01
   outer loop
     vertex  4.387360e-02  2.583595e-01 -3.314417e-03
     vertex  4.330820e-02  2.578147e-01 -3.876785e-03
     vertex  4.313071e-02  2.568629e-01 -2.321980e-03
   endloop
 endfacet
 facet normal -3.325656e-01  2.774330e-01  9.013496e-01
   outer loop
     vertex  3.263954e-02  2.464829e-01 -3.039159e-03
     vertex  2.783914e-02  2.397124e-01 -2.726393e-03
     vertex  4.319177e-02  2.550588e-01 -1.785417e-03
   endloop
 endfacet
 facet normal -6.811077e-01  6.640488e-01  3.084338e-01
   outer loop
     vertex  3.263954e-02  2.464829e-01 -3.039159e-03
     vertex  4.330820e-02  2.578147e-01 -3.876785e-03
     vertex  2.801900e-02  2.425427e-01 -4.759458e-03
   endloop
 endfacet
 facet normal -6.793236e-01  6.393558e-01  3.601993e-01
   outer loop
     vertex  3.263954e-02  2.464829e-01 -3.039159e-03
     vertex  2.801900e-02  2.425427e-01 -4.759458e-03
     vertex  2.786986e-02  2.414957e-01 -3.182407e-03
   endloop
 endfacet
 facet normal -4.272777e-01  3.851513e-01  8.179806e-01
   outer loop
     vertex  3.263954e-02  2.464829e-01 -3.039159e-03
     vertex  2.786986e-02  2.414957e-01 -3.182407e-03
     vertex  2.785168e-02  2.409239e-01 -2.922670e-03
   endloop
 endfacet
 facet normal -1.614319e-01  1.594486e-01  9.739178e-01
   outer loop
     vertex  3.263954e-02  2.464829e-01 -3.039159e-03
     vertex  2.785168e-02  2.409239e-01 -2.922670e-03
     vertex  2.783914e-02  2.397124e-01 -2.726393e-03
   endloop
 endfacet
 facet normal -5.128540e-01  5.326100e-01  6.732811e-01
   outer loop
     vertex  3.263954e-02  2.464829e-01 -3.039159e-03
     vertex  4.319177e-02  2.550588e-01 -1.785417e-03
     vertex  4.330820e-02  2.578147e-01 -3.876785e-03
   endloop
 endfacet
 facet normal -9.651786e-01  2.374126e-01  1.098433e-01
   outer loop
     vertex  4.361509e-02  2.580709e-01 -6.766985e-04
     vertex  4.313071e-02  2.568629e-01 -2.321980e-03
     vertex  4.413201e-02  2.568629e-01  6.476388e-03
   endloop
 endfacet
 facet normal -8.691095e-01  4.735630e-01  1.427820e-01
   outer loop
     vertex  4.361509e-02  2.580709e-01 -6.766985e-04
     vertex  4.413201e-02  2.568629e-01  6.476388e-03
     vertex  4.507891e-02  2.583595e-01  7.276517e-03
   endloop
 endfacet
 facet normal -4.582522e-01  8.872909e-01  5.215196e-02
   outer loop
     vertex  4.361509e-02  2.580709e-01 -6.766985e-04
     vertex  4.507891e-02  2.583595e-01  7.276517e-03
     vertex  4.387360e-02  2.583595e-01 -3.314417e-03
   endloop
 endfacet
 facet normal -9.058816e-01  4.213746e-01 -4.268479e-02
   outer loop
     vertex  4.361509e-02  2.580709e-01 -6.766985e-04
     vertex  4.387360e-02  2.583595e-01 -3.314417e-03
     vertex  4.313071e-02  2.568629e-01 -2.321980e-03
   endloop
 endfacet
 facet normal -9.218063e-01 -8.151392e-02  3.789836e-01
   outer loop
     vertex  4.407095e-02  2.550588e-01  5.939826e-03
     vertex  4.465434e-02  2.578147e-01  7.951550e-03
     vertex  4.413201e-02  2.568629e-01  6.476388e-03
   endloop
 endfacet
 facet normal -8.261839e-01  5.592475e-01 -6.828184e-02
   outer loop
     vertex  4.507891e-02  2.583595e-01  7.276517e-03
     vertex  4.413201e-02  2.568629e-01  6.476388e-03
     vertex  4.465434e-02  2.578147e-01  7.951550e-03
   endloop
 endfacet
 facet normal -7.427288e-01  6.398304e-01 -1.974106e-01
   outer loop
     vertex  3.407029e-02  2.464829e-01  9.532616e-03
     vertex  2.945563e-02  2.415007e-01  1.074674e-02
     vertex  2.995446e-02  2.425427e-01  1.224717e-02
   endloop
 endfacet
 facet normal -7.329959e-01  6.640488e-01 -1.475000e-01
   outer loop
     vertex  3.407029e-02  2.464829e-01  9.532616e-03
     vertex  2.995446e-02  2.425427e-01  1.224717e-02
     vertex  4.465434e-02  2.578147e-01  7.951550e-03
   endloop
 endfacet
 facet normal -5.265963e-01  2.774330e-01 -8.035716e-01
   outer loop
     vertex  3.407029e-02  2.464829e-01  9.532616e-03
     vertex  4.407095e-02  2.550588e-01  5.939826e-03
     vertex  2.932237e-02  2.397124e-01  1.030651e-02
   endloop
 endfacet
 facet normal -3.761451e-01  1.594486e-01 -9.127382e-01
   outer loop
     vertex  3.407029e-02  2.464829e-01  9.532616e-03
     vertex  2.932237e-02  2.397124e-01  1.030651e-02
     vertex  2.937869e-02  2.409239e-01  1.049495e-02
   endloop
 endfacet
 facet normal -6.007600e-01  3.858168e-01 -7.001663e-01
   outer loop
     vertex  3.407029e-02  2.464829e-01  9.532616e-03
     vertex  2.937869e-02  2.409239e-01  1.049495e-02
     vertex  2.945563e-02  2.415007e-01  1.074674e-02
   endloop
 endfacet
 facet normal -6.510267e-01  5.326100e-01 -5.408242e-01
   outer loop
     vertex  3.407029e-02  2.464829e-01  9.532616e-03
     vertex  4.465434e-02  2.578147e-01  7.951550e-03
     vertex  4.407095e-02  2.550588e-01  5.939826e-03
   endloop
 endfacet
 facet normal -9.685180e-01 -8.151392e-02 -2.352200e-01
   outer loop
     vertex  4.443491e-02  2.550588e-01 -7.891646e-03
     vertex  4.372442e-02  2.578147e-01 -5.921221e-03
     vertex  4.416893e-02  2.568629e-01 -7.421666e-03
   endloop
 endfacet
 facet normal -6.282618e-01  5.592475e-01 -5.408599e-01
   outer loop
     vertex  4.446468e-02  2.583595e-01 -6.217774e-03
     vertex  4.416893e-02  2.568629e-01 -7.421666e-03
     vertex  4.372442e-02  2.578147e-01 -5.921221e-03
   endloop
 endfacet
 facet normal -5.063078e-01  6.640488e-01 -5.501742e-01
   outer loop
     vertex  3.423241e-02  2.464829e-01 -1.086326e-02
     vertex  2.930706e-02  2.425427e-01 -1.108637e-02
     vertex  4.372442e-02  2.578147e-01 -5.921221e-03
   endloop
 endfacet
 facet normal  4.630214e-02  2.774330e-01 -9.596286e-01
   outer loop
     vertex  3.423241e-02  2.464829e-01 -1.086326e-02
     vertex  4.443491e-02  2.550588e-01 -7.891646e-03
     vertex  2.993638e-02  2.397124e-01 -1.302793e-02
   endloop
 endfacet
 facet normal  2.321862e-01  1.594486e-01 -9.595133e-01
   outer loop
     vertex  3.423241e-02  2.464829e-01 -1.086326e-02
     vertex  2.993638e-02  2.397124e-01 -1.302793e-02
     vertex  2.987119e-02  2.409239e-01 -1.284237e-02
   endloop
 endfacet
 facet normal -7.447762e-02  3.858168e-01 -9.195643e-01
   outer loop
     vertex  3.423241e-02  2.464829e-01 -1.086326e-02
     vertex  2.987119e-02  2.409239e-01 -1.284237e-02
     vertex  2.978543e-02  2.415007e-01 -1.259344e-02
   endloop
 endfacet
 facet normal -4.848452e-01  6.398304e-01 -5.962736e-01
   outer loop
     vertex  3.423241e-02  2.464829e-01 -1.086326e-02
     vertex  2.978543e-02  2.415007e-01 -1.259344e-02
     vertex  2.930706e-02  2.425427e-01 -1.108637e-02
   endloop
 endfacet
 facet normal -2.088032e-01  5.326100e-01 -8.201999e-01
   outer loop
     vertex  3.423241e-02  2.464829e-01 -1.086326e-02
     vertex  4.372442e-02  2.578147e-01 -5.921221e-03
     vertex  4.443491e-02  2.550588e-01 -7.891646e-03
   endloop
 endfacet
 facet normal -7.870181e-01  4.735855e-01 -3.953723e-01
   outer loop
     vertex  4.795758e-02  2.580704e-01 -1.351687e-02
     vertex  4.416893e-02  2.568629e-01 -7.421666e-03
     vertex  4.446468e-02  2.583595e-01 -6.217774e-03
   endloop
 endfacet
 facet normal -4.018687e-01  8.870035e-01 -2.274341e-01
   outer loop
     vertex  4.795758e-02  2.580704e-01 -1.351687e-02
     vertex  4.446468e-02  2.583595e-01 -6.217774e-03
     vertex  4.971476e-02  2.583595e-01 -1.549449e-02
   endloop
 endfacet
 facet normal -7.076797e-01  4.212346e-01 -5.672308e-01
   outer loop
     vertex  4.795758e-02  2.580704e-01 -1.351687e-02
     vertex  4.971476e-02  2.583595e-01 -1.549449e-02
     vertex  4.853040e-02  2.568629e-01 -1.512825e-02
   endloop
 endfacet
 facet normal -8.454068e-01  2.374284e-01 -4.784507e-01
   outer loop
     vertex  4.795758e-02  2.580704e-01 -1.351687e-02
     vertex  4.853040e-02  2.568629e-01 -1.512825e-02
     vertex  4.416893e-02  2.568629e-01 -7.421666e-03
   endloop
 endfacet
 facet normal -7.002654e-01 -8.151392e-02 -7.092136e-01
   outer loop
     vertex  4.958789e-02  2.578147e-01 -1.628178e-02
     vertex  4.826442e-02  2.550588e-01 -1.465827e-02
     vertex  4.853040e-02  2.568629e-01 -1.512825e-02
   endloop
 endfacet
 facet normal -7.871197e-01  5.592475e-01 -2.601631e-01
   outer loop
     vertex  4.971476e-02  2.583595e-01 -1.549449e-02
     vertex  4.958789e-02  2.578147e-01 -1.628178e-02
     vertex  4.853040e-02  2.568629e-01 -1.512825e-02
   endloop
 endfacet
 facet normal -7.323206e-01  6.640488e-01 -1.508169e-01
   outer loop
     vertex  4.046442e-02  2.464829e-01 -2.187501e-02
     vertex  4.958789e-02  2.578147e-01 -1.628178e-02
     vertex  3.773749e-02  2.425427e-01 -2.598265e-02
   endloop
 endfacet
 facet normal -7.613042e-01  6.393558e-01 -1.078891e-01
   outer loop
     vertex  4.046442e-02  2.464829e-01 -2.187501e-02
     vertex  3.773749e-02  2.425427e-01 -2.598265e-02
     vertex  3.668986e-02  2.414957e-01 -2.479445e-02
   endloop
 endfacet
 facet normal -8.264719e-01  3.851513e-01  4.106127e-01
   outer loop
     vertex  4.046442e-02  2.464829e-01 -2.187501e-02
     vertex  3.668986e-02  2.414957e-01 -2.479445e-02
     vertex  3.652249e-02  2.409239e-01 -2.459500e-02
   endloop
 endfacet
 facet normal -7.030557e-01  1.594486e-01  6.930287e-01
   outer loop
     vertex  4.046442e-02  2.464829e-01 -2.187501e-02
     vertex  3.652249e-02  2.409239e-01 -2.459500e-02
     vertex  3.639697e-02  2.397124e-01 -2.444358e-02
   endloop
 endfacet
 facet normal -7.988512e-01  2.774330e-01  5.337299e-01
   outer loop
     vertex  4.046442e-02  2.464829e-01 -2.187501e-02
     vertex  3.639697e-02  2.397124e-01 -2.444358e-02
     vertex  4.826442e-02  2.550588e-01 -1.465827e-02
   endloop
 endfacet
 facet normal -8.106523e-01  5.326100e-01  2.432478e-01
   outer loop
     vertex  4.046442e-02  2.464829e-01 -2.187501e-02
     vertex  4.826442e-02  2.550588e-01 -1.465827e-02
     vertex  4.958789e-02  2.578147e-01 -1.628178e-02
   endloop
 endfacet
 facet normal  0.000000e+00  0.000000e+00  0.000000e+00
   outer loop
     vertex  2.978543e-02  2.415007e-01 -1.259344e-02
     vertex  2.930706e-02  2.425427e-01 -1.108637e-02
     vertex  2.930706e-02  2.425427e-01 -1.108637e-02
   endloop
 endfacet
 facet normal -2.819513e-03  8.221202e-01 -5.693070e-01
   outer loop
     vertex  2.894153e-02  2.415628e-01 -1.249951e-02
     vertex  2.930706e-02  2.425427e-01 -1.108637e-02
     vertex  2.978543e-02  2.415007e-01 -1.259344e-02
   endloop
 endfacet
 facet normal  2.100217e-01  9.737641e-01  8.760317e-02
   outer loop
     vertex  3.071956e-02  2.411558e-01 -1.745372e-02
     vertex  2.893252e-02  2.411558e-01 -1.316941e-02
     vertex  2.987119e-02  2.409239e-01 -1.284237e-02
   endloop
 endfacet
 facet normal  2.100217e-01  9.737641e-01  8.760317e-02
   outer loop
     vertex  3.071956e-02  2.411558e-01 -1.745372e-02
     vertex  2.987119e-02  2.409239e-01 -1.284237e-02
     vertex  3.161241e-02  2.409239e-01 -1.701681e-02
   endloop
 endfacet
 facet normal  1.980436e-01  9.737641e-01  1.120811e-01
   outer loop
     vertex  3.300594e-02  2.411558e-01 -2.149368e-02
     vertex  3.161241e-02  2.409239e-01 -1.701681e-02
     vertex  3.384016e-02  2.409239e-01 -2.095317e-02
   endloop
 endfacet
 facet normal  1.980436e-01  9.737641e-01  1.120811e-01
   outer loop
     vertex  3.300594e-02  2.411558e-01 -2.149368e-02
     vertex  3.071956e-02  2.411558e-01 -1.745372e-02
     vertex  3.161241e-02  2.409239e-01 -1.701681e-02
   endloop
 endfacet
 facet normal  1.832253e-01  9.737641e-01  1.349516e-01
   outer loop
     vertex  3.575887e-02  2.411558e-01 -2.523136e-02
     vertex  3.384016e-02  2.409239e-01 -2.095317e-02
     vertex  3.652249e-02  2.409239e-01 -2.459500e-02
   endloop
 endfacet
 facet normal  1.832253e-01  9.737641e-01  1.349516e-01
   outer loop
     vertex  3.575887e-02  2.411558e-01 -2.523136e-02
     vertex  3.300594e-02  2.411558e-01 -2.149368e-02
     vertex  3.384016e-02  2.409239e-01 -2.095317e-02
   endloop
 endfacet
 facet normal -2.282559e-01  7.941208e-01  5.632685e-01
   outer loop
     vertex  3.633347e-02  2.415591e-01 -2.556700e-02
     vertex  3.575887e-02  2.411558e-01 -2.523136e-02
     vertex  3.652249e-02  2.409239e-01 -2.459500e-02
   endloop
 endfacet
 facet normal -8.254435e-01  3.854671e-01  4.123811e-01
   outer loop
     vertex  3.633347e-02  2.415591e-01 -2.556700e-02
     vertex  3.652249e-02  2.409239e-01 -2.459500e-02
     vertex  3.668986e-02  2.414957e-01 -2.479445e-02
   endloop
 endfacet
 facet normal  0.000000e+00  0.000000e+00  0.000000e+00
   outer loop
     vertex  4.377126e-02  2.415007e-01 -3.128219e-02
     vertex  4.249842e-02  2.425427e-01 -3.034412e-02
     vertex  4.249842e-02  2.425427e-01 -3.034412e-02
   endloop
 endfacet
 facet normal  3.323492e-01  8.221202e-01 -4.622363e-01
   outer loop
     vertex  4.303331e-02  2.415628e-01 -3.170223e-02
     vertex  4.249842e-02  2.425427e-01 -3.034412e-02
     vertex  4.377126e-02  2.415007e-01 -3.128219e-02
   endloop
 endfacet
 facet normal  1.184193e-01  9.737641e-01  1.943201e-01
   outer loop
     vertex  4.738379e-02  2.411558e-01 -3.466517e-02
     vertex  4.341979e-02  2.411558e-01 -3.224950e-02
     vertex  4.398696e-02  2.409239e-01 -3.143317e-02
   endloop
 endfacet
 facet normal  1.184193e-01  9.737641e-01  1.943201e-01
   outer loop
     vertex  4.738379e-02  2.411558e-01 -3.466517e-02
     vertex  4.398696e-02  2.409239e-01 -3.143317e-02
     vertex  4.784931e-02  2.409239e-01 -3.378690e-02
   endloop
 endfacet
 facet normal  9.434103e-02  9.737641e-01  2.070826e-01
   outer loop
     vertex  5.160814e-02  2.411558e-01 -3.658967e-02
     vertex  4.784931e-02  2.409239e-01 -3.378690e-02
     vertex  5.196533e-02  2.409239e-01 -3.566205e-02
   endloop
 endfacet
 facet normal  9.434103e-02  9.737641e-01  2.070826e-01
   outer loop
     vertex  5.160814e-02  2.411558e-01 -3.658967e-02
     vertex  4.738379e-02  2.411558e-01 -3.466517e-02
     vertex  4.784931e-02  2.409239e-01 -3.378690e-02
   endloop
 endfacet
 facet normal  6.890982e-02  9.737641e-01  2.168752e-01
   outer loop
     vertex  5.603225e-02  2.411558e-01 -3.799538e-02
     vertex  5.196533e-02  2.409239e-01 -3.566205e-02
     vertex  5.627600e-02  2.409239e-01 -3.703172e-02
   endloop
 endfacet
 facet normal  6.890982e-02  9.737641e-01  2.168752e-01
   outer loop
     vertex  5.603225e-02  2.411558e-01 -3.799538e-02
     vertex  5.160814e-02  2.411558e-01 -3.658967e-02
     vertex  5.196533e-02  2.409239e-01 -3.566205e-02
   endloop
 endfacet
 facet normal -5.157438e-01  7.941208e-01  3.215283e-01
   outer loop
     vertex  5.669441e-02  2.415591e-01 -3.792918e-02
     vertex  5.603225e-02  2.411558e-01 -3.799538e-02
     vertex  5.627600e-02  2.409239e-01 -3.703172e-02
   endloop
 endfacet
 facet normal -9.101893e-01  3.854671e-01 -1.515602e-01
   outer loop
     vertex  5.669441e-02  2.415591e-01 -3.792918e-02
     vertex  5.627600e-02  2.409239e-01 -3.703172e-02
     vertex  5.652864e-02  2.414957e-01 -3.709469e-02
   endloop
 endfacet
 facet normal  0.000000e+00  0.000000e+00  0.000000e+00
   outer loop
     vertex  6.607101e-02  2.415007e-01 -3.818105e-02
     vertex  6.448987e-02  2.425427e-01 -3.817029e-02
     vertex  6.448987e-02  2.425427e-01 -3.817029e-02
   endloop
 endfacet
 facet normal  5.405718e-01  8.221202e-01 -1.786070e-01
   outer loop
     vertex  6.572089e-02  2.415628e-01 -3.895462e-02
     vertex  6.448987e-02  2.425427e-01 -3.817029e-02
     vertex  6.607101e-02  2.415007e-01 -3.818105e-02
   endloop
 endfacet
 facet normal -1.841529e-02  9.737641e-01  2.268134e-01
   outer loop
     vertex  7.098207e-02  2.411558e-01 -3.879454e-02
     vertex  6.635523e-02  2.411558e-01 -3.917020e-02
     vertex  6.633425e-02  2.409239e-01 -3.817641e-02
   endloop
 endfacet
 facet normal -1.841529e-02  9.737641e-01  2.268134e-01
   outer loop
     vertex  7.098207e-02  2.411558e-01 -3.879454e-02
     vertex  6.633425e-02  2.409239e-01 -3.817641e-02
     vertex  7.084245e-02  2.409239e-01 -3.781038e-02
   endloop
 endfacet
 facet normal -4.539659e-02  9.737641e-01  2.229856e-01
   outer loop
     vertex  7.553083e-02  2.411558e-01 -3.786848e-02
     vertex  7.084245e-02  2.409239e-01 -3.781038e-02
     vertex  7.527457e-02  2.409239e-01 -3.690807e-02
   endloop
 endfacet
 facet normal -4.539659e-02  9.737641e-01  2.229856e-01
   outer loop
     vertex  7.553083e-02  2.411558e-01 -3.786848e-02
     vertex  7.098207e-02  2.411558e-01 -3.879454e-02
     vertex  7.084245e-02  2.409239e-01 -3.781038e-02
   endloop
 endfacet
 facet normal -7.172683e-02  9.737641e-01  2.159599e-01
   outer loop
     vertex  7.993627e-02  2.411558e-01 -3.640530e-02
     vertex  7.527457e-02  2.409239e-01 -3.690807e-02
     vertex  7.956704e-02  2.409239e-01 -3.548241e-02
   endloop
 endfacet
 facet normal -7.172683e-02  9.737641e-01  2.159599e-01
   outer loop
     vertex  7.993627e-02  2.411558e-01 -3.640530e-02
     vertex  7.553083e-02  2.411558e-01 -3.786848e-02
     vertex  7.527457e-02  2.409239e-01 -3.690807e-02
   endloop
 endfacet
 facet normal -6.062351e-01  7.941208e-01 -4.302474e-02
   outer loop
     vertex  8.043305e-02  2.415591e-01 -3.596254e-02
     vertex  7.993627e-02  2.411558e-01 -3.640530e-02
     vertex  7.956704e-02  2.409239e-01 -3.548241e-02
   endloop
 endfacet
 facet normal -6.472738e-01  3.854671e-01 -6.576107e-01
   outer loop
     vertex  8.043305e-02  2.415591e-01 -3.596254e-02
     vertex  7.956704e-02  2.409239e-01 -3.548241e-02
     vertex  7.980844e-02  2.414957e-01 -3.538486e-02
   endloop
 endfacet
 facet normal  0.000000e+00  0.000000e+00  0.000000e+00
   outer loop
     vertex  8.816693e-02  2.415007e-01 -3.065487e-02
     vertex  8.688144e-02  2.425427e-01 -3.157554e-02
     vertex  8.688144e-02  2.425427e-01 -3.157554e-02
   endloop
 endfacet
 facet normal  5.423144e-01  8.221202e-01  1.732440e-01
   outer loop
     vertex  8.833837e-02  2.415628e-01 -3.148650e-02
     vertex  8.688144e-02  2.425427e-01 -3.157554e-02
     vertex  8.816693e-02  2.415007e-01 -3.065487e-02
   endloop
 endfacet
 facet normal -1.482158e-01  9.737641e-01  1.726716e-01
   outer loop
     vertex  9.250066e-02  2.411558e-01 -2.826455e-02
     vertex  8.897827e-02  2.411558e-01 -3.128806e-02
     vertex  8.837717e-02  2.409239e-01 -3.049639e-02
   endloop
 endfacet
 facet normal -1.482158e-01  9.737641e-01  1.726716e-01
   outer loop
     vertex  9.250066e-02  2.411558e-01 -2.826455e-02
     vertex  8.837717e-02  2.409239e-01 -3.049639e-02
     vertex  9.180923e-02  2.409239e-01 -2.755042e-02
   endloop
 endfacet
 facet normal -1.677943e-01  9.737641e-01  1.537157e-01
   outer loop
     vertex  9.563636e-02  2.411558e-01 -2.484166e-02
     vertex  9.180923e-02  2.409239e-01 -2.755042e-02
     vertex  9.486452e-02  2.409239e-01 -2.421530e-02
   endloop
 endfacet
 facet normal -1.677943e-01  9.737641e-01  1.537157e-01
   outer loop
     vertex  9.563636e-02  2.411558e-01 -2.484166e-02
     vertex  9.250066e-02  2.411558e-01 -2.826455e-02
     vertex  9.180923e-02  2.409239e-01 -2.755042e-02
   endloop
 endfacet
 facet normal -1.849663e-01  9.737641e-01  1.325553e-01
   outer loop
     vertex  9.834040e-02  2.411558e-01 -2.106847e-02
     vertex  9.486452e-02  2.409239e-01 -2.421530e-02
     vertex  9.749922e-02  2.409239e-01 -2.053886e-02
   endloop
 endfacet
 facet normal -1.849663e-01  9.737641e-01  1.325553e-01
   outer loop
     vertex  9.834040e-02  2.411558e-01 -2.106847e-02
     vertex  9.563636e-02  2.411558e-01 -2.484166e-02
     vertex  9.486452e-02  2.409239e-01 -2.421530e-02
   endloop
 endfacet
 facet normal -4.651652e-01  7.941208e-01 -3.911438e-01
   outer loop
     vertex  9.848206e-02  2.415591e-01 -2.041826e-02
     vertex  9.834040e-02  2.411558e-01 -2.106847e-02
     vertex  9.749922e-02  2.409239e-01 -2.053886e-02
   endloop
 endfacet
 facet normal -1.371216e-01  3.854671e-01 -9.124762e-01
   outer loop
     vertex  9.848206e-02  2.415591e-01 -2.041826e-02
     vertex  9.749922e-02  2.409239e-01 -2.053886e-02
     vertex  9.763719e-02  2.414957e-01 -2.031805e-02
   endloop
 endfacet
 facet normal  0.000000e+00  0.000000e+00  0.000000e+00
   outer loop
     vertex  1.016191e-01  2.415007e-01 -1.157841e-02
     vertex  1.011203e-01  2.425427e-01 -1.307884e-02
     vertex  1.011203e-01  2.425427e-01 -1.307884e-02
   endloop
 endfacet
 facet normal  3.369113e-01  8.221202e-01  4.589217e-01
   outer loop
     vertex  1.022466e-01  2.415628e-01 -1.215044e-02
     vertex  1.011203e-01  2.425427e-01 -1.307884e-02
     vertex  1.016191e-01  2.415007e-01 -1.157841e-02
   endloop
 endfacet
 facet normal -2.214030e-01  9.737641e-01  5.257520e-02
   outer loop
     vertex  1.037202e-01  2.411558e-01 -7.097298e-03
     vertex  1.026477e-01  2.411558e-01 -1.161377e-02
     vertex  1.016961e-01  2.409239e-01 -1.132662e-02
   endloop
 endfacet
 facet normal -2.214030e-01  9.737641e-01  5.257520e-02
   outer loop
     vertex  1.037202e-01  2.411558e-01 -7.097298e-03
     vertex  1.016961e-01  2.409239e-01 -1.132662e-02
     vertex  1.027411e-01  2.409239e-01 -6.925963e-03
   endloop
 endfacet
 facet normal -2.261002e-01  9.737641e-01  2.573162e-02
   outer loop
     vertex  1.042451e-01  2.411558e-01 -2.485001e-03
     vertex  1.027411e-01  2.409239e-01 -6.925963e-03
     vertex  1.032525e-01  2.409239e-01 -2.431940e-03
   endloop
 endfacet
 facet normal -2.261002e-01  9.737641e-01  2.573162e-02
   outer loop
     vertex  1.042451e-01  2.411558e-01 -2.485001e-03
     vertex  1.037202e-01  2.411558e-01 -7.097298e-03
     vertex  1.027411e-01  2.409239e-01 -6.925963e-03
   endloop
 endfacet
 facet normal -2.275549e-01  9.737641e-01 -1.480989e-03
   outer loop
     vertex  1.042149e-01  2.411558e-01  2.156971e-03
     vertex  1.032525e-01  2.409239e-01 -2.431940e-03
     vertex  1.032231e-01  2.409239e-01  2.090995e-03
   endloop
 endfacet
 facet normal -2.275549e-01  9.737641e-01 -1.480989e-03
   outer loop
     vertex  1.042149e-01  2.411558e-01  2.156971e-03
     vertex  1.042451e-01  2.411558e-01 -2.485001e-03
     vertex  1.032525e-01  2.409239e-01 -2.431940e-03
   endloop
 endfacet
 facet normal -1.464180e-01  7.941208e-01 -5.898593e-01
   outer loop
     vertex  1.039473e-01  2.415591e-01  2.766260e-03
     vertex  1.042149e-01  2.411558e-01  2.156971e-03
     vertex  1.032231e-01  2.409239e-01  2.090995e-03
   endloop
 endfacet
 facet normal  4.254063e-01  3.854671e-01 -8.188068e-01
   outer loop
     vertex  1.039473e-01  2.415591e-01  2.766260e-03
     vertex  1.032231e-01  2.409239e-01  2.090995e-03
     vertex  1.032049e-01  2.414957e-01  2.350732e-03
   endloop
 endfacet
 facet normal  0.000000e+00  0.000000e+00  0.000000e+00
   outer loop
     vertex  1.012893e-01  2.415007e-01  1.176177e-02
     vertex  1.017677e-01  2.425427e-01  1.025469e-02
     vertex  1.017677e-01  2.425427e-01  1.025469e-02
   endloop
 endfacet
 facet normal  2.819513e-03  8.221202e-01  5.693070e-01
   outer loop
     vertex  1.021332e-01  2.415628e-01  1.166783e-02
     vertex  1.017677e-01  2.425427e-01  1.025469e-02
     vertex  1.012893e-01  2.415007e-01  1.176177e-02
   endloop
 endfacet
 facet normal -2.100217e-01  9.737641e-01 -8.760317e-02
   outer loop
     vertex  1.003552e-01  2.411558e-01  1.662205e-02
     vertex  1.021422e-01  2.411558e-01  1.233774e-02
     vertex  1.012036e-01  2.409239e-01  1.201070e-02
   endloop
 endfacet
 facet normal -2.100217e-01  9.737641e-01 -8.760317e-02
   outer loop
     vertex  1.003552e-01  2.411558e-01  1.662205e-02
     vertex  1.012036e-01  2.409239e-01  1.201070e-02
     vertex  9.946234e-02  2.409239e-01  1.618514e-02
   endloop
 endfacet
 facet normal -1.980436e-01  9.737641e-01 -1.120811e-01
   outer loop
     vertex  9.806881e-02  2.411558e-01  2.066201e-02
     vertex  9.946234e-02  2.409239e-01  1.618514e-02
     vertex  9.723459e-02  2.409239e-01  2.012150e-02
   endloop
 endfacet
 facet normal -1.980436e-01  9.737641e-01 -1.120811e-01
   outer loop
     vertex  9.806881e-02  2.411558e-01  2.066201e-02
     vertex  1.003552e-01  2.411558e-01  1.662205e-02
     vertex  9.946234e-02  2.409239e-01  1.618514e-02
   endloop
 endfacet
 facet normal -1.832253e-01  9.737641e-01 -1.349516e-01
   outer loop
     vertex  9.531589e-02  2.411558e-01  2.439968e-02
     vertex  9.723459e-02  2.409239e-01  2.012150e-02
     vertex  9.455226e-02  2.409239e-01  2.376333e-02
   endloop
 endfacet
 facet normal -1.832253e-01  9.737641e-01 -1.349516e-01
   outer loop
     vertex  9.531589e-02  2.411558e-01  2.439968e-02
     vertex  9.806881e-02  2.411558e-01  2.066201e-02
     vertex  9.723459e-02  2.409239e-01  2.012150e-02
   endloop
 endfacet
 facet normal  2.282559e-01  7.941208e-01 -5.632685e-01
   outer loop
     vertex  9.474128e-02  2.415591e-01  2.473533e-02
     vertex  9.531589e-02  2.411558e-01  2.439968e-02
     vertex  9.455226e-02  2.409239e-01  2.376333e-02
   endloop
 endfacet
 facet normal  8.254435e-01  3.854671e-01 -4.123811e-01
   outer loop
     vertex  9.474128e-02  2.415591e-01  2.473533e-02
     vertex  9.455226e-02  2.409239e-01  2.376333e-02
     vertex  9.438489e-02  2.414957e-01  2.396278e-02
   endloop
 endfacet
 facet normal  0.000000e+00  0.000000e+00  0.000000e+00
   outer loop
     vertex  8.730349e-02  2.415007e-01  3.045052e-02
     vertex  8.857634e-02  2.425427e-01  2.951245e-02
     vertex  8.857634e-02  2.425427e-01  2.951245e-02
   endloop
 endfacet
 facet normal -3.323492e-01  8.221202e-01  4.622363e-01
   outer loop
     vertex  8.804144e-02  2.415628e-01  3.087056e-02
     vertex  8.857634e-02  2.425427e-01  2.951245e-02
     vertex  8.730349e-02  2.415007e-01  3.045052e-02
   endloop
 endfacet
 facet normal -1.184193e-01  9.737641e-01 -1.943201e-01
   outer loop
     vertex  8.369096e-02  2.411558e-01  3.383350e-02
     vertex  8.765497e-02  2.411558e-01  3.141782e-02
     vertex  8.708780e-02  2.409239e-01  3.060150e-02
   endloop
 endfacet
 facet normal -1.184193e-01  9.737641e-01 -1.943201e-01
   outer loop
     vertex  8.369096e-02  2.411558e-01  3.383350e-02
     vertex  8.708780e-02  2.409239e-01  3.060150e-02
     vertex  8.322544e-02  2.409239e-01  3.295523e-02
   endloop
 endfacet
 facet normal -9.434103e-02  9.737641e-01 -2.070826e-01
   outer loop
     vertex  7.946661e-02  2.411558e-01  3.575799e-02
     vertex  8.322544e-02  2.409239e-01  3.295523e-02
     vertex  7.910942e-02  2.409239e-01  3.483037e-02
   endloop
 endfacet
 facet normal -9.434103e-02  9.737641e-01 -2.070826e-01
   outer loop
     vertex  7.946661e-02  2.411558e-01  3.575799e-02
     vertex  8.369096e-02  2.411558e-01  3.383350e-02
     vertex  8.322544e-02  2.409239e-01  3.295523e-02
   endloop
 endfacet
 facet normal -6.890982e-02  9.737641e-01 -2.168752e-01
   outer loop
     vertex  7.504250e-02  2.411558e-01  3.716371e-02
     vertex  7.910942e-02  2.409239e-01  3.483037e-02
     vertex  7.479876e-02  2.409239e-01  3.620004e-02
   endloop
 endfacet
 facet normal -6.890982e-02  9.737641e-01 -2.168752e-01
   outer loop
     vertex  7.504250e-02  2.411558e-01  3.716371e-02
     vertex  7.946661e-02  2.411558e-01  3.575799e-02
     vertex  7.910942e-02  2.409239e-01  3.483037e-02
   endloop
 endfacet
 facet normal  5.157438e-01  7.941208e-01 -3.215283e-01
   outer loop
     vertex  7.438035e-02  2.415591e-01  3.709751e-02
     vertex  7.504250e-02  2.411558e-01  3.716371e-02
     vertex  7.479876e-02  2.409239e-01  3.620004e-02
   endloop
 endfacet
 facet normal  9.101893e-01  3.854671e-01  1.515602e-01
   outer loop
     vertex  7.438035e-02  2.415591e-01  3.709751e-02
     vertex  7.479876e-02  2.409239e-01  3.620004e-02
     vertex  7.454612e-02  2.414957e-01  3.626302e-02
   endloop
 endfacet
 facet normal  0.000000e+00  0.000000e+00  0.000000e+00
   outer loop
     vertex  6.500374e-02  2.415007e-01  3.734937e-02
     vertex  6.658488e-02  2.425427e-01  3.733861e-02
     vertex  6.658488e-02  2.425427e-01  3.733861e-02
   endloop
 endfacet
 facet normal -5.405718e-01  8.221202e-01  1.786070e-01
   outer loop
     vertex  6.535386e-02  2.415628e-01  3.812295e-02
     vertex  6.658488e-02  2.425427e-01  3.733861e-02
     vertex  6.500374e-02  2.415007e-01  3.734937e-02
   endloop
 endfacet
 facet normal  1.841529e-02  9.737641e-01 -2.268134e-01
   outer loop
     vertex  6.009268e-02  2.411558e-01  3.796287e-02
     vertex  6.471953e-02  2.411558e-01  3.833853e-02
     vertex  6.474050e-02  2.409239e-01  3.734473e-02
   endloop
 endfacet
 facet normal  1.841529e-02  9.737641e-01 -2.268134e-01
   outer loop
     vertex  6.009268e-02  2.411558e-01  3.796287e-02
     vertex  6.474050e-02  2.409239e-01  3.734473e-02
     vertex  6.023230e-02  2.409239e-01  3.697871e-02
   endloop
 endfacet
 facet normal  4.539659e-02  9.737641e-01 -2.229856e-01
   outer loop
     vertex  5.554392e-02  2.411558e-01  3.703681e-02
     vertex  6.023230e-02  2.409239e-01  3.697871e-02
     vertex  5.580019e-02  2.409239e-01  3.607639e-02
   endloop
 endfacet
 facet normal  4.539659e-02  9.737641e-01 -2.229856e-01
   outer loop
     vertex  5.554392e-02  2.411558e-01  3.703681e-02
     vertex  6.009268e-02  2.411558e-01  3.796287e-02
     vertex  6.023230e-02  2.409239e-01  3.697871e-02
   endloop
 endfacet
 facet normal  7.172683e-02  9.737641e-01 -2.159599e-01
   outer loop
     vertex  5.113848e-02  2.411558e-01  3.557363e-02
     vertex  5.580019e-02  2.409239e-01  3.607639e-02
     vertex  5.150772e-02  2.409239e-01  3.465073e-02
   endloop
 endfacet
 facet normal  7.172683e-02  9.737641e-01 -2.159599e-01
   outer loop
     vertex  5.113848e-02  2.411558e-01  3.557363e-02
     vertex  5.554392e-02  2.411558e-01  3.703681e-02
     vertex  5.580019e-02  2.409239e-01  3.607639e-02
   endloop
 endfacet
 facet normal  6.062351e-01  7.941208e-01  4.302474e-02
   outer loop
     vertex  5.064170e-02  2.415591e-01  3.513086e-02
     vertex  5.113848e-02  2.411558e-01  3.557363e-02
     vertex  5.150772e-02  2.409239e-01  3.465073e-02
   endloop
 endfacet
 facet normal  6.472738e-01  3.854671e-01  6.576107e-01
   outer loop
     vertex  5.064170e-02  2.415591e-01  3.513086e-02
     vertex  5.150772e-02  2.409239e-01  3.465073e-02
     vertex  5.126631e-02  2.414957e-01  3.455318e-02
   endloop
 endfacet
 facet normal  0.000000e+00  0.000000e+00  0.000000e+00
   outer loop
     vertex  4.290783e-02  2.415007e-01  2.982320e-02
     vertex  4.419332e-02  2.425427e-01  3.074386e-02
     vertex  4.419332e-02  2.425427e-01  3.074386e-02
   endloop
 endfacet
 facet normal -5.423144e-01  8.221202e-01 -1.732440e-01
   outer loop
     vertex  4.273638e-02  2.415628e-01  3.065483e-02
     vertex  4.419332e-02  2.425427e-01  3.074386e-02
     vertex  4.290783e-02  2.415007e-01  2.982320e-02
   endloop
 endfacet
 facet normal  1.482158e-01  9.737641e-01 -1.726716e-01
   outer loop
     vertex  3.857409e-02  2.411558e-01  2.743288e-02
     vertex  4.209648e-02  2.411558e-01  3.045638e-02
     vertex  4.269758e-02  2.409239e-01  2.966471e-02
   endloop
 endfacet
 facet normal  1.482158e-01  9.737641e-01 -1.726716e-01
   outer loop
     vertex  3.857409e-02  2.411558e-01  2.743288e-02
     vertex  4.269758e-02  2.409239e-01  2.966471e-02
     vertex  3.926552e-02  2.409239e-01  2.671874e-02
   endloop
 endfacet
 facet normal  1.677943e-01  9.737641e-01 -1.537157e-01
   outer loop
     vertex  3.543839e-02  2.411558e-01  2.400998e-02
     vertex  3.926552e-02  2.409239e-01  2.671874e-02
     vertex  3.621023e-02  2.409239e-01  2.338362e-02
   endloop
 endfacet
 facet normal  1.677943e-01  9.737641e-01 -1.537157e-01
   outer loop
     vertex  3.543839e-02  2.411558e-01  2.400998e-02
     vertex  3.857409e-02  2.411558e-01  2.743288e-02
     vertex  3.926552e-02  2.409239e-01  2.671874e-02
   endloop
 endfacet
 facet normal  1.849663e-01  9.737641e-01 -1.325553e-01
   outer loop
     vertex  3.273435e-02  2.411558e-01  2.023679e-02
     vertex  3.621023e-02  2.409239e-01  2.338362e-02
     vertex  3.357553e-02  2.409239e-01  1.970719e-02
   endloop
 endfacet
 facet normal  1.849663e-01  9.737641e-01 -1.325553e-01
   outer loop
     vertex  3.273435e-02  2.411558e-01  2.023679e-02
     vertex  3.543839e-02  2.411558e-01  2.400998e-02
     vertex  3.621023e-02  2.409239e-01  2.338362e-02
   endloop
 endfacet
 facet normal  4.651652e-01  7.941208e-01  3.911438e-01
   outer loop
     vertex  3.259270e-02  2.415591e-01  1.958659e-02
     vertex  3.273435e-02  2.411558e-01  2.023679e-02
     vertex  3.357553e-02  2.409239e-01  1.970719e-02
   endloop
 endfacet
 facet normal  1.371216e-01  3.854671e-01  9.124762e-01
   outer loop
     vertex  3.259270e-02  2.415591e-01  1.958659e-02
     vertex  3.357553e-02  2.409239e-01  1.970719e-02
     vertex  3.343757e-02  2.414957e-01  1.948637e-02
   endloop
 endfacet
 facet normal  0.000000e+00  0.000000e+00  0.000000e+00
   outer loop
     vertex  2.945563e-02  2.415007e-01  1.074674e-02
     vertex  2.995446e-02  2.425427e-01  1.224717e-02
     vertex  2.995446e-02  2.425427e-01  1.224717e-02
   endloop
 endfacet
 facet normal -3.369113e-01  8.221202e-01 -4.589217e-01
   outer loop
     vertex  2.882811e-02  2.415628e-01  1.131877e-02
     vertex  2.995446e-02  2.425427e-01  1.224717e-02
     vertex  2.945563e-02  2.415007e-01  1.074674e-02
   endloop
 endfacet
 facet normal  2.214030e-01  9.737641e-01 -5.257520e-02
   outer loop
     vertex  2.735456e-02  2.411558e-01  6.265624e-03
     vertex  2.842706e-02  2.411558e-01  1.078210e-02
     vertex  2.937869e-02  2.409239e-01  1.049495e-02
   endloop
 endfacet
 facet normal  2.214030e-01  9.737641e-01 -5.257520e-02
   outer loop
     vertex  2.735456e-02  2.411558e-01  6.265624e-03
     vertex  2.937869e-02  2.409239e-01  1.049495e-02
     vertex  2.833369e-02  2.409239e-01  6.094288e-03
   endloop
 endfacet
 facet normal  2.261002e-01  9.737641e-01 -2.573162e-02
   outer loop
     vertex  2.682965e-02  2.411558e-01  1.653327e-03
     vertex  2.833369e-02  2.409239e-01  6.094288e-03
     vertex  2.782225e-02  2.409239e-01  1.600266e-03
   endloop
 endfacet
 facet normal  2.261002e-01  9.737641e-01 -2.573162e-02
   outer loop
     vertex  2.682965e-02  2.411558e-01  1.653327e-03
     vertex  2.735456e-02  2.411558e-01  6.265624e-03
     vertex  2.833369e-02  2.409239e-01  6.094288e-03
   endloop
 endfacet
 facet normal  2.275549e-01  9.737641e-01  1.480989e-03
   outer loop
     vertex  2.685986e-02  2.411558e-01 -2.988645e-03
     vertex  2.782225e-02  2.409239e-01  1.600266e-03
     vertex  2.785168e-02  2.409239e-01 -2.922670e-03
   endloop
 endfacet
 facet normal  2.275549e-01  9.737641e-01  1.480989e-03
   outer loop
     vertex  2.685986e-02  2.411558e-01 -2.988645e-03
     vertex  2.682965e-02  2.411558e-01  1.653327e-03
     vertex  2.782225e-02  2.409239e-01  1.600266e-03
   endloop
 endfacet
 facet normal  1.464180e-01  7.941208e-01  5.898593e-01
   outer loop
     vertex  2.712744e-02  2.415591e-01 -3.597934e-03
     vertex  2.685986e-02  2.411558e-01 -2.988645e-03
     vertex  2.785168e-02  2.409239e-01 -2.922670e-03
   endloop
 endfacet
 facet normal -4.254063e-01  3.854671e-01  8.188068e-01
   outer loop
     vertex  2.712744e-02  2.415591e-01 -3.597934e-03
     vertex  2.785168e-02  2.409239e-01 -2.922670e-03
     vertex  2.786986e-02  2.414957e-01 -3.182407e-03
   endloop
 endfacet
 facet normal -3.885423e-01  2.260446e-01  8.932741e-01
   outer loop
     vertex  5.500481e-02  2.593496e-01  7.375768e-03
     vertex  6.701882e-02  2.593496e-01  1.260143e-02
     vertex  6.685724e-02  2.646825e-01  1.118164e-02
   endloop
 endfacet
 facet normal -3.885423e-01  2.260446e-01  8.932741e-01
   outer loop
     vertex  5.500481e-02  2.593496e-01  7.375768e-03
     vertex  6.685724e-02  2.646825e-01  1.118164e-02
     vertex  5.615360e-02  2.646825e-01  6.525937e-03
   endloop
 endfacet
 facet normal -9.678693e-01  2.260446e-01  1.101496e-01
   outer loop
     vertex  5.352337e-02  2.593496e-01 -5.641501e-03
     vertex  5.615360e-02  2.646825e-01  6.525937e-03
     vertex  5.483374e-02  2.646825e-01 -5.071538e-03
   endloop
 endfacet
 facet normal -9.678693e-01  2.260446e-01  1.101496e-01
   outer loop
     vertex  5.352337e-02  2.593496e-01 -5.641501e-03
     vertex  5.500481e-02  2.593496e-01  7.375768e-03
     vertex  5.615360e-02  2.646825e-01  6.525937e-03
   endloop
 endfacet
 facet normal -5.793270e-01  2.260446e-01 -7.831246e-01
   outer loop
     vertex  6.405593e-02  2.593496e-01 -1.343311e-02
     vertex  5.483374e-02  2.646825e-01 -5.071538e-03
     vertex  6.421751e-02  2.646825e-01 -1.201331e-02
   endloop
 endfacet
 facet normal -5.793270e-01  2.260446e-01 -7.831246e-01
   outer loop
     vertex  6.405593e-02  2.593496e-01 -1.343311e-02
     vertex  5.352337e-02  2.593496e-01 -5.641501e-03
     vertex  5.483374e-02  2.646825e-01 -5.071538e-03
   endloop
 endfacet
 facet normal  2.075533e-12  1.000000e+00  1.823743e-11
   outer loop
     vertex  6.429254e-02  2.724509e-01  5.050466e-04
     vertex  6.571247e-02  2.724509e-01  1.122664e-03
     vertex  6.695730e-02  2.724509e-01  2.017801e-04
   endloop
 endfacet
 facet normal  1.037767e-12  1.000000e+00  9.118715e-12
   outer loop
     vertex  6.411745e-02  2.724509e-01 -1.033454e-03
     vertex  6.695730e-02  2.724509e-01  2.017801e-04
     vertex  6.678221e-02  2.724509e-01 -1.336721e-03
   endloop
 endfacet
 facet normal -2.075533e-12  1.000000e+00 -1.823743e-11
   outer loop
     vertex  6.411745e-02  2.724509e-01 -1.033454e-03
     vertex  6.678221e-02  2.724509e-01 -1.336721e-03
     vertex  6.536229e-02  2.724509e-01 -1.954338e-03
   endloop
 endfacet
 facet normal  1.037767e-12  1.000000e+00  9.118715e-12
   outer loop
     vertex  6.411745e-02  2.724509e-01 -1.033454e-03
     vertex  6.429254e-02  2.724509e-01  5.050466e-04
     vertex  6.695730e-02  2.724509e-01  2.017801e-04
   endloop
 endfacet
 facet normal  5.421707e-01  4.109895e-01  7.328974e-01
   outer loop
     vertex  7.431992e-02  2.687069e-01  3.404253e-03
     vertex  6.662035e-02  2.687069e-01  9.100109e-03
     vertex  6.685724e-02  2.646825e-01  1.118164e-02
   endloop
 endfacet
 facet normal  5.421707e-01  4.109895e-01  7.328974e-01
   outer loop
     vertex  7.431992e-02  2.687069e-01  3.404253e-03
     vertex  6.685724e-02  2.646825e-01  1.118164e-02
     vertex  7.624102e-02  2.646825e-01  4.239863e-03
   endloop
 endfacet
 facet normal  3.943999e-01  7.484698e-01  5.331432e-01
   outer loop
     vertex  7.101918e-02  2.714689e-01  1.968549e-03
     vertex  6.621334e-02  2.714689e-01  5.523732e-03
     vertex  6.662035e-02  2.687069e-01  9.100109e-03
   endloop
 endfacet
 facet normal  1.474871e-01  9.687615e-01  1.993707e-01
   outer loop
     vertex  7.101918e-02  2.714689e-01  1.968549e-03
     vertex  6.571247e-02  2.724509e-01  1.122664e-03
     vertex  6.621334e-02  2.714689e-01  5.523732e-03
   endloop
 endfacet
 facet normal  1.474871e-01  9.687615e-01  1.993707e-01
   outer loop
     vertex  7.101918e-02  2.714689e-01  1.968549e-03
     vertex  6.695730e-02  2.724509e-01  2.017801e-04
     vertex  6.571247e-02  2.724509e-01  1.122664e-03
   endloop
 endfacet
 facet normal  3.943999e-01  7.484698e-01  5.331432e-01
   outer loop
     vertex  7.101918e-02  2.714689e-01  1.968549e-03
     vertex  6.662035e-02  2.687069e-01  9.100109e-03
     vertex  7.431992e-02  2.687069e-01  3.404253e-03
   endloop
 endfacet
 facet normal  3.636224e-01  4.109895e-01 -8.359823e-01
   outer loop
     vertex  7.323694e-02  2.687069e-01 -6.111693e-03
     vertex  7.492115e-02  2.646825e-01 -7.357611e-03
     vertex  6.421751e-02  2.646825e-01 -1.201331e-02
   endloop
 endfacet
 facet normal  9.057931e-01  4.109895e-01 -1.030849e-01
   outer loop
     vertex  7.323694e-02  2.687069e-01 -6.111693e-03
     vertex  7.624102e-02  2.646825e-01  4.239863e-03
     vertex  7.492115e-02  2.646825e-01 -7.357611e-03
   endloop
 endfacet
 facet normal  3.636224e-01  4.109895e-01 -8.359823e-01
   outer loop
     vertex  7.323694e-02  2.687069e-01 -6.111693e-03
     vertex  6.421751e-02  2.646825e-01 -1.201331e-02
     vertex  6.445440e-02  2.687069e-01 -9.931783e-03
   endloop
 endfacet
 facet normal  9.057931e-01  4.109895e-01 -1.030849e-01
   outer loop
     vertex  7.323694e-02  2.687069e-01 -6.111693e-03
     vertex  7.431992e-02  2.687069e-01  3.404253e-03
     vertex  7.624102e-02  2.646825e-01  4.239863e-03
   endloop
 endfacet
 facet normal  2.645156e-01  7.484698e-01 -6.081319e-01
   outer loop
     vertex  7.034321e-02  2.714689e-01 -3.971020e-03
     vertex  6.445440e-02  2.687069e-01 -9.931783e-03
     vertex  6.486142e-02  2.714689e-01 -6.355407e-03
   endloop
 endfacet
 facet normal  9.891649e-02  9.687615e-01 -2.274129e-01
   outer loop
     vertex  7.034321e-02  2.714689e-01 -3.971020e-03
     vertex  6.486142e-02  2.714689e-01 -6.355407e-03
     vertex  6.536229e-02  2.724509e-01 -1.954338e-03
   endloop
 endfacet
 facet normal  2.464036e-01  9.687615e-01 -2.804227e-02
   outer loop
     vertex  7.034321e-02  2.714689e-01 -3.971020e-03
     vertex  6.678221e-02  2.724509e-01 -1.336721e-03
     vertex  6.695730e-02  2.724509e-01  2.017801e-04
   endloop
 endfacet
 facet normal  9.891649e-02  9.687615e-01 -2.274129e-01
   outer loop
     vertex  7.034321e-02  2.714689e-01 -3.971020e-03
     vertex  6.536229e-02  2.724509e-01 -1.954338e-03
     vertex  6.678221e-02  2.724509e-01 -1.336721e-03
   endloop
 endfacet
 facet normal  2.464036e-01  9.687615e-01 -2.804227e-02
   outer loop
     vertex  7.034321e-02  2.714689e-01 -3.971020e-03
     vertex  6.695730e-02  2.724509e-01  2.017801e-04
     vertex  7.101918e-02  2.714689e-01  1.968549e-03
   endloop
 endfacet
 facet normal  6.589155e-01  7.484698e-01 -7.498870e-02
   outer loop
     vertex  7.034321e-02  2.714689e-01 -3.971020e-03
     vertex  7.101918e-02  2.714689e-01  1.968549e-03
     vertex  7.431992e-02  2.687069e-01  3.404253e-03
   endloop
 endfacet
 facet normal  6.589155e-01  7.484698e-01 -7.498870e-02
   outer loop
     vertex  7.034321e-02  2.714689e-01 -3.971020e-03
     vertex  7.431992e-02  2.687069e-01  3.404253e-03
     vertex  7.323694e-02  2.687069e-01 -6.111693e-03
   endloop
 endfacet
 facet normal  2.645156e-01  7.484698e-01 -6.081319e-01
   outer loop
     vertex  7.034321e-02  2.714689e-01 -3.971020e-03
     vertex  7.323694e-02  2.687069e-01 -6.111693e-03
     vertex  6.445440e-02  2.687069e-01 -9.931783e-03
   endloop
 endfacet
 facet normal -6.314170e-01 -7.479640e-01 -2.046031e-01
   outer loop
     vertex  1.878662e-01  2.231680e-01  3.693903e-02
     vertex  2.156285e-01  1.971504e-01  4.637521e-02
     vertex  1.865264e-01  2.231680e-01  4.107354e-02
   endloop
 endfacet
 facet normal -6.353031e-01 -7.478176e-01 -1.927662e-01
   outer loop
     vertex  1.878662e-01  2.231680e-01  3.693903e-02
     vertex  2.163230e-01  1.971504e-01  4.408630e-02
     vertex  2.156285e-01  1.971504e-01  4.637521e-02
   endloop
 endfacet
 facet normal -6.379400e-01 -7.480229e-01 -1.830145e-01
   outer loop
     vertex  1.890647e-01  2.231680e-01  3.276138e-02
     vertex  2.169826e-01  1.971504e-01  4.178708e-02
     vertex  2.163230e-01  1.971504e-01  4.408630e-02
   endloop
 endfacet
 facet normal -6.408738e-01 -7.478176e-01 -1.733481e-01
   outer loop
     vertex  1.890647e-01  2.231680e-01  3.276138e-02
     vertex  2.176071e-01  1.971504e-01  3.947810e-02
     vertex  2.169826e-01  1.971504e-01  4.178708e-02
   endloop
 endfacet
 facet normal -6.379400e-01 -7.480229e-01 -1.830145e-01
   outer loop
     vertex  1.890647e-01  2.231680e-01  3.276138e-02
     vertex  2.163230e-01  1.971504e-01  4.408630e-02
     vertex  1.878662e-01  2.231680e-01  3.693903e-02
   endloop
 endfacet
 facet normal -6.438539e-01 -7.479640e-01 -1.612512e-01
   outer loop
     vertex  1.901205e-01  2.231680e-01  2.854542e-02
     vertex  2.176071e-01  1.971504e-01  3.947810e-02
     vertex  1.890647e-01  2.231680e-01  3.276138e-02
   endloop
 endfacet
 facet normal -3.018029e-01 -7.479640e-01 -5.911555e-01
   outer loop
     vertex  1.256230e-01  2.231680e-01  1.124976e-01
     vertex  1.385815e-01  1.971504e-01  1.388008e-01
     vertex  1.217521e-01  2.231680e-01  1.144738e-01
   endloop
 endfacet
 facet normal -3.129209e-01 -7.478176e-01 -5.855334e-01
   outer loop
     vertex  1.256230e-01  2.231680e-01  1.124976e-01
     vertex  1.406911e-01  1.971504e-01  1.376734e-01
     vertex  1.385815e-01  1.971504e-01  1.388008e-01
   endloop
 endfacet
 facet normal -3.216809e-01 -7.480229e-01 -5.805025e-01
   outer loop
     vertex  1.294245e-01  2.231680e-01  1.103910e-01
     vertex  1.427833e-01  1.971504e-01  1.365141e-01
     vertex  1.406911e-01  1.971504e-01  1.376734e-01
   endloop
 endfacet
 facet normal -3.305906e-01 -7.478176e-01 -5.757418e-01
   outer loop
     vertex  1.294245e-01  2.231680e-01  1.103910e-01
     vertex  1.448577e-01  1.971504e-01  1.353230e-01
     vertex  1.427833e-01  1.971504e-01  1.365141e-01
   endloop
 endfacet
 facet normal -3.216809e-01 -7.480229e-01 -5.805025e-01
   outer loop
     vertex  1.294245e-01  2.231680e-01  1.103910e-01
     vertex  1.406911e-01  1.971504e-01  1.376734e-01
     vertex  1.256230e-01  2.231680e-01  1.124976e-01
   endloop
 endfacet
 facet normal -3.412517e-01 -7.479640e-01 -5.692953e-01
   outer loop
     vertex  1.331523e-01  2.231680e-01  1.081565e-01
     vertex  1.448577e-01  1.971504e-01  1.353230e-01
     vertex  1.294245e-01  2.231680e-01  1.103910e-01
   endloop
 endfacet
 facet normal  2.046031e-01 -7.479640e-01 -6.314170e-01
   outer loop
     vertex  2.818251e-02  2.231680e-01  1.219130e-01
     vertex  1.874633e-02  1.971504e-01  1.496752e-01
     vertex  2.404800e-02  2.231680e-01  1.205732e-01
   endloop
 endfacet
 facet normal  1.927662e-01 -7.478176e-01 -6.353031e-01
   outer loop
     vertex  2.818251e-02  2.231680e-01  1.219130e-01
     vertex  2.103524e-02  1.971504e-01  1.503698e-01
     vertex  1.874633e-02  1.971504e-01  1.496752e-01
   endloop
 endfacet
 facet normal  1.830145e-01 -7.480229e-01 -6.379400e-01
   outer loop
     vertex  3.236016e-02  2.231680e-01  1.231115e-01
     vertex  2.333446e-02  1.971504e-01  1.510294e-01
     vertex  2.103524e-02  1.971504e-01  1.503698e-01
   endloop
 endfacet
 facet normal  1.733481e-01 -7.478176e-01 -6.408738e-01
   outer loop
     vertex  3.236016e-02  2.231680e-01  1.231115e-01
     vertex  2.564344e-02  1.971504e-01  1.516539e-01
     vertex  2.333446e-02  1.971504e-01  1.510294e-01
   endloop
 endfacet
 facet normal  1.830145e-01 -7.480229e-01 -6.379400e-01
   outer loop
     vertex  3.236016e-02  2.231680e-01  1.231115e-01
     vertex  2.103524e-02  1.971504e-01  1.503698e-01
     vertex  2.818251e-02  2.231680e-01  1.219130e-01
   endloop
 endfacet
 facet normal  1.612512e-01 -7.479640e-01 -6.438539e-01
   outer loop
     vertex  3.657612e-02  2.231680e-01  1.241673e-01
     vertex  2.564344e-02  1.971504e-01  1.516539e-01
     vertex  3.236016e-02  2.231680e-01  1.231115e-01
   endloop
 endfacet
 facet normal  5.911555e-01 -7.479640e-01 -3.018029e-01
   outer loop
     vertex -4.737602e-02  2.231680e-01  5.966980e-02
     vertex -7.367931e-02  1.971504e-01  7.262832e-02
     vertex -4.935222e-02  2.231680e-01  5.579892e-02
   endloop
 endfacet
 facet normal  5.855334e-01 -7.478176e-01 -3.129209e-01
   outer loop
     vertex -4.737602e-02  2.231680e-01  5.966980e-02
     vertex -7.255190e-02  1.971504e-01  7.473791e-02
     vertex -7.367931e-02  1.971504e-01  7.262832e-02
   endloop
 endfacet
 facet normal  5.805025e-01 -7.480229e-01 -3.216809e-01
   outer loop
     vertex -4.526944e-02  2.231680e-01  6.347131e-02
     vertex -7.139252e-02  1.971504e-01  7.683012e-02
     vertex -7.255190e-02  1.971504e-01  7.473791e-02
   endloop
 endfacet
 facet normal  5.757418e-01 -7.478176e-01 -3.305906e-01
   outer loop
     vertex -4.526944e-02  2.231680e-01  6.347131e-02
     vertex -7.020145e-02  1.971504e-01  7.890444e-02
     vertex -7.139252e-02  1.971504e-01  7.683012e-02
   endloop
 endfacet
 facet normal  5.805025e-01 -7.480229e-01 -3.216809e-01
   outer loop
     vertex -4.526944e-02  2.231680e-01  6.347131e-02
     vertex -7.255190e-02  1.971504e-01  7.473791e-02
     vertex -4.737602e-02  2.231680e-01  5.966980e-02
   endloop
 endfacet
 facet normal  5.692953e-01 -7.479640e-01 -3.412517e-01
   outer loop
     vertex -4.303492e-02  2.231680e-01  6.719906e-02
     vertex -7.020145e-02  1.971504e-01  7.890444e-02
     vertex -4.526944e-02  2.231680e-01  6.347131e-02
   endloop
 endfacet
 facet normal  6.314170e-01 -7.479640e-01  2.046031e-01
   outer loop
     vertex -5.679141e-02  2.231680e-01 -3.777070e-02
     vertex -8.455370e-02  1.971504e-01 -4.720688e-02
     vertex -5.545167e-02  2.231680e-01 -4.190522e-02
   endloop
 endfacet
 facet normal  6.353031e-01 -7.478176e-01  1.927662e-01
   outer loop
     vertex -5.679141e-02  2.231680e-01 -3.777070e-02
     vertex -8.524821e-02  1.971504e-01 -4.491797e-02
     vertex -8.455370e-02  1.971504e-01 -4.720688e-02
   endloop
 endfacet
 facet normal  6.379400e-01 -7.480229e-01  1.830145e-01
   outer loop
     vertex -5.798991e-02  2.231680e-01 -3.359305e-02
     vertex -8.590782e-02  1.971504e-01 -4.261876e-02
     vertex -8.524821e-02  1.971504e-01 -4.491797e-02
   endloop
 endfacet
 facet normal  6.408738e-01 -7.478176e-01  1.733481e-01
   outer loop
     vertex -5.798991e-02  2.231680e-01 -3.359305e-02
     vertex -8.653237e-02  1.971504e-01 -4.030978e-02
     vertex -8.590782e-02  1.971504e-01 -4.261876e-02
   endloop
 endfacet
 facet normal  6.379400e-01 -7.480229e-01  1.830145e-01
   outer loop
     vertex -5.798991e-02  2.231680e-01 -3.359305e-02
     vertex -8.524821e-02  1.971504e-01 -4.491797e-02
     vertex -5.679141e-02  2.231680e-01 -3.777070e-02
   endloop
 endfacet
 facet normal  6.438539e-01 -7.479640e-01  1.612512e-01
   outer loop
     vertex -5.904578e-02  2.231680e-01 -2.937710e-02
     vertex -8.653237e-02  1.971504e-01 -4.030978e-02
     vertex -5.798991e-02  2.231680e-01 -3.359305e-02
   endloop
 endfacet
 facet normal  3.018029e-01 -7.479640e-01  5.911555e-01
   outer loop
     vertex  5.451737e-03  2.231680e-01 -1.133292e-01
     vertex -7.506777e-03  1.971504e-01 -1.396325e-01
     vertex  9.322622e-03  2.231680e-01 -1.153054e-01
   endloop
 endfacet
 facet normal  3.129209e-01 -7.478176e-01  5.855334e-01
   outer loop
     vertex  5.451737e-03  2.231680e-01 -1.133292e-01
     vertex -9.616375e-03  1.971504e-01 -1.385051e-01
     vertex -7.506777e-03  1.971504e-01 -1.396325e-01
   endloop
 endfacet
 facet normal  3.216809e-01 -7.480229e-01  5.805025e-01
   outer loop
     vertex  1.650227e-03  2.231680e-01 -1.112227e-01
     vertex -1.170858e-02  1.971504e-01 -1.373457e-01
     vertex -9.616375e-03  1.971504e-01 -1.385051e-01
   endloop
 endfacet
 facet normal  3.305906e-01 -7.478176e-01  5.757418e-01
   outer loop
     vertex  1.650227e-03  2.231680e-01 -1.112227e-01
     vertex -1.378290e-02  1.971504e-01 -1.361547e-01
     vertex -1.170858e-02  1.971504e-01 -1.373457e-01
   endloop
 endfacet
 facet normal  3.216809e-01 -7.480229e-01  5.805025e-01
   outer loop
     vertex  1.650227e-03  2.231680e-01 -1.112227e-01
     vertex -9.616375e-03  1.971504e-01 -1.385051e-01
     vertex  5.451737e-03  2.231680e-01 -1.133292e-01
   endloop
 endfacet
 facet normal  3.412517e-01 -7.479640e-01  5.692953e-01
   outer loop
     vertex -2.077518e-03  2.231680e-01 -1.089881e-01
     vertex -1.378290e-02  1.971504e-01 -1.361547e-01
     vertex  1.650227e-03  2.231680e-01 -1.112227e-01
   endloop
 endfacet
 facet normal -2.046031e-01 -7.479640e-01  6.314170e-01
   outer loop
     vertex  1.028922e-01  2.231680e-01 -1.227446e-01
     vertex  1.123284e-01  1.971504e-01 -1.505069e-01
     vertex  1.070268e-01  2.231680e-01 -1.214049e-01
   endloop
 endfacet
 facet normal -1.927662e-01 -7.478176e-01  6.353031e-01
   outer loop
     vertex  1.028922e-01  2.231680e-01 -1.227446e-01
     vertex  1.100395e-01  1.971504e-01 -1.512014e-01
     vertex  1.123284e-01  1.971504e-01 -1.505069e-01
   endloop
 endfacet
 facet normal -1.830145e-01 -7.480229e-01  6.379400e-01
   outer loop
     vertex  9.871459e-02  2.231680e-01 -1.239431e-01
     vertex  1.077403e-01  1.971504e-01 -1.518610e-01
     vertex  1.100395e-01  1.971504e-01 -1.512014e-01
   endloop
 endfacet
 facet normal -1.733481e-01 -7.478176e-01  6.408738e-01
   outer loop
     vertex  9.871459e-02  2.231680e-01 -1.239431e-01
     vertex  1.054313e-01  1.971504e-01 -1.524856e-01
     vertex  1.077403e-01  1.971504e-01 -1.518610e-01
   endloop
 endfacet
 facet normal -1.830145e-01 -7.480229e-01  6.379400e-01
   outer loop
     vertex  9.871459e-02  2.231680e-01 -1.239431e-01
     vertex  1.100395e-01  1.971504e-01 -1.512014e-01
     vertex  1.028922e-01  2.231680e-01 -1.227446e-01
   endloop
 endfacet
 facet normal -1.612512e-01 -7.479640e-01  6.438539e-01
   outer loop
     vertex  9.449864e-02  2.231680e-01 -1.249990e-01
     vertex  1.054313e-01  1.971504e-01 -1.524856e-01
     vertex  9.871459e-02  2.231680e-01 -1.239431e-01
   endloop
 endfacet
 facet normal -5.911555e-01 -7.479640e-01  3.018029e-01
   outer loop
     vertex  1.784508e-01  2.231680e-01 -6.050148e-02
     vertex  2.047541e-01  1.971504e-01 -7.345999e-02
     vertex  1.804270e-01  2.231680e-01 -5.663059e-02
   endloop
 endfacet
 facet normal -5.855334e-01 -7.478176e-01  3.129209e-01
   outer loop
     vertex  1.784508e-01  2.231680e-01 -6.050148e-02
     vertex  2.036267e-01  1.971504e-01 -7.556959e-02
     vertex  2.047541e-01  1.971504e-01 -7.345999e-02
   endloop
 endfacet
 facet normal -5.805025e-01 -7.480229e-01  3.216809e-01
   outer loop
     vertex  1.763442e-01  2.231680e-01 -6.430299e-02
     vertex  2.024673e-01  1.971504e-01 -7.766179e-02
     vertex  2.036267e-01  1.971504e-01 -7.556959e-02
   endloop
 endfacet
 facet normal -5.757418e-01 -7.478176e-01  3.305906e-01
   outer loop
     vertex  1.763442e-01  2.231680e-01 -6.430299e-02
     vertex  2.012762e-01  1.971504e-01 -7.973611e-02
     vertex  2.024673e-01  1.971504e-01 -7.766179e-02
   endloop
 endfacet
 facet normal -5.805025e-01 -7.480229e-01  3.216809e-01
   outer loop
     vertex  1.763442e-01  2.231680e-01 -6.430299e-02
     vertex  2.036267e-01  1.971504e-01 -7.556959e-02
     vertex  1.784508e-01  2.231680e-01 -6.050148e-02
   endloop
 endfacet
 facet normal -5.692953e-01 -7.479640e-01  3.412517e-01
   outer loop
     vertex  1.741097e-01  2.231680e-01 -6.803073e-02
     vertex  2.012762e-01  1.971504e-01 -7.973611e-02
     vertex  1.763442e-01  2.231680e-01 -6.430299e-02
   endloop
 endfacet
 facet normal -3.831081e-01  9.159867e-01 -1.191494e-01
   outer loop
     vertex  2.229017e-01  2.772671e-01  4.802784e-02
     vertex  2.065605e-01  2.696142e-01  4.173677e-02
     vertex  2.055926e-01  2.696142e-01  4.484899e-02
   endloop
 endfacet
 facet normal -3.844125e-01  9.158896e-01 -1.156430e-01
   outer loop
     vertex  2.235106e-01  2.772671e-01  4.600363e-02
     vertex  2.065605e-01  2.696142e-01  4.173677e-02
     vertex  2.229017e-01  2.772671e-01  4.802784e-02
   endloop
 endfacet
 facet normal -3.857025e-01  9.159639e-01 -1.106517e-01
   outer loop
     vertex  2.240935e-01  2.772671e-01  4.397178e-02
     vertex  2.074593e-01  2.696142e-01  3.860387e-02
     vertex  2.065605e-01  2.696142e-01  4.173677e-02
   endloop
 endfacet
 facet normal -3.857025e-01  9.159639e-01 -1.106517e-01
   outer loop
     vertex  2.240935e-01  2.772671e-01  4.397178e-02
     vertex  2.065605e-01  2.696142e-01  4.173677e-02
     vertex  2.235106e-01  2.772671e-01  4.600363e-02
   endloop
 endfacet
 facet normal -3.880076e-01  9.159867e-01 -1.020710e-01
   outer loop
     vertex  2.246503e-01  2.772671e-01  4.193260e-02
     vertex  2.082885e-01  2.696142e-01  3.545184e-02
     vertex  2.074593e-01  2.696142e-01  3.860387e-02
   endloop
 endfacet
 facet normal -3.872548e-01  9.158896e-01 -1.057357e-01
   outer loop
     vertex  2.246503e-01  2.772671e-01  4.193260e-02
     vertex  2.074593e-01  2.696142e-01  3.860387e-02
     vertex  2.240935e-01  2.772671e-01  4.397178e-02
   endloop
 endfacet
 facet normal -1.866470e-01  9.159867e-01 -3.551497e-01
   outer loop
     vertex  1.425559e-01  2.772671e-01  1.451124e-01
     vertex  1.354494e-01  2.696142e-01  1.291090e-01
     vertex  1.325643e-01  2.696142e-01  1.306252e-01
   endloop
 endfacet
 facet normal -1.900487e-01  9.158896e-01 -3.535926e-01
   outer loop
     vertex  1.444178e-01  2.772671e-01  1.441116e-01
     vertex  1.354494e-01  2.696142e-01  1.291090e-01
     vertex  1.425559e-01  2.772671e-01  1.451124e-01
   endloop
 endfacet
 facet normal -1.944903e-01  9.159639e-01 -3.509754e-01
   outer loop
     vertex  1.462667e-01  2.772671e-01  1.430871e-01
     vertex  1.383002e-01  2.696142e-01  1.275292e-01
     vertex  1.354494e-01  2.696142e-01  1.291090e-01
   endloop
 endfacet
 facet normal -1.944903e-01  9.159639e-01 -3.509754e-01
   outer loop
     vertex  1.462667e-01  2.772671e-01  1.430871e-01
     vertex  1.354494e-01  2.696142e-01  1.291090e-01
     vertex  1.444178e-01  2.772671e-01  1.441116e-01
   endloop
 endfacet
 facet normal -2.021877e-01  9.159867e-01 -3.465379e-01
   outer loop
     vertex  1.481023e-01  2.772671e-01  1.420388e-01
     vertex  1.411154e-01  2.696142e-01  1.258867e-01
     vertex  1.383002e-01  2.696142e-01  1.275292e-01
   endloop
 endfacet
 facet normal -1.990641e-01  9.158896e-01 -3.485969e-01
   outer loop
     vertex  1.481023e-01  2.772671e-01  1.420388e-01
     vertex  1.383002e-01  2.696142e-01  1.275292e-01
     vertex  1.462667e-01  2.772671e-01  1.430871e-01
   endloop
 endfacet
 facet normal  3.551497e-01  9.159867e-01 -1.866470e-01
   outer loop
     vertex -7.999083e-02  2.772671e-01  7.660266e-02
     vertex -6.398745e-02  2.696142e-01  6.949621e-02
     vertex -6.550370e-02  2.696142e-01  6.661110e-02
   endloop
 endfacet
 facet normal  3.535926e-01  9.158896e-01 -1.900487e-01
   outer loop
     vertex -7.899009e-02  2.772671e-01  7.846458e-02
     vertex -6.398745e-02  2.696142e-01  6.949621e-02
     vertex -7.999083e-02  2.772671e-01  7.660266e-02
   endloop
 endfacet
 facet normal  3.509754e-01  9.159639e-01 -1.944903e-01
   outer loop
     vertex -7.796552e-02  2.772671e-01  8.031350e-02
     vertex -6.240769e-02  2.696142e-01  7.234703e-02
     vertex -6.398745e-02  2.696142e-01  6.949621e-02
   endloop
 endfacet
 facet normal  3.509754e-01  9.159639e-01 -1.944903e-01
   outer loop
     vertex -7.796552e-02  2.772671e-01  8.031350e-02
     vertex -6.398745e-02  2.696142e-01  6.949621e-02
     vertex -7.899009e-02  2.772671e-01  7.846458e-02
   endloop
 endfacet
 facet normal  3.465379e-01  9.159867e-01 -2.021877e-01
   outer loop
     vertex -7.691731e-02  2.772671e-01  8.214911e-02
     vertex -6.076519e-02  2.696142e-01  7.516217e-02
     vertex -6.240769e-02  2.696142e-01  7.234703e-02
   endloop
 endfacet
 facet normal  3.485969e-01  9.158896e-01 -1.990641e-01
   outer loop
     vertex -7.691731e-02  2.772671e-01  8.214911e-02
     vertex -6.240769e-02  2.696142e-01  7.234703e-02
     vertex -7.796552e-02  2.772671e-01  8.031350e-02
   endloop
 endfacet
 facet normal  3.831081e-01  9.159867e-01  1.191494e-01
   outer loop
     vertex -9.182691e-02  2.772671e-01 -4.885952e-02
     vertex -7.548578e-02  2.696142e-01 -4.256844e-02
     vertex -7.451786e-02  2.696142e-01 -4.568067e-02
   endloop
 endfacet
 facet normal  3.844125e-01  9.158896e-01  1.156430e-01
   outer loop
     vertex -9.243585e-02  2.772671e-01 -4.683531e-02
     vertex -7.548578e-02  2.696142e-01 -4.256844e-02
     vertex -9.182691e-02  2.772671e-01 -4.885952e-02
   endloop
 endfacet
 facet normal  3.857025e-01  9.159639e-01  1.106517e-01
   outer loop
     vertex -9.301876e-02  2.772671e-01 -4.480345e-02
     vertex -7.638456e-02  2.696142e-01 -3.943554e-02
     vertex -7.548578e-02  2.696142e-01 -4.256844e-02
   endloop
 endfacet
 facet normal  3.857025e-01  9.159639e-01  1.106517e-01
   outer loop
     vertex -9.301876e-02  2.772671e-01 -4.480345e-02
     vertex -7.548578e-02  2.696142e-01 -4.256844e-02
     vertex -9.243585e-02  2.772671e-01 -4.683531e-02
   endloop
 endfacet
 facet normal  3.880076e-01  9.159867e-01  1.020710e-01
   outer loop
     vertex -9.357553e-02  2.772671e-01 -4.276428e-02
     vertex -7.721375e-02  2.696142e-01 -3.628351e-02
     vertex -7.638456e-02  2.696142e-01 -3.943554e-02
   endloop
 endfacet
 facet normal  3.872548e-01  9.158896e-01  1.057357e-01
   outer loop
     vertex -9.357553e-02  2.772671e-01 -4.276428e-02
     vertex -7.638456e-02  2.696142e-01 -3.943554e-02
     vertex -9.301876e-02  2.772671e-01 -4.480345e-02
   endloop
 endfacet
 facet normal  1.866470e-01  9.159867e-01  3.551497e-01
   outer loop
     vertex -1.148112e-02  2.772671e-01 -1.459440e-01
     vertex -4.374666e-03  2.696142e-01 -1.299407e-01
     vertex -1.489562e-03  2.696142e-01 -1.314569e-01
   endloop
 endfacet
 facet normal  1.900487e-01  9.158896e-01  3.535926e-01
   outer loop
     vertex -1.334304e-02  2.772671e-01 -1.449433e-01
     vertex -4.374666e-03  2.696142e-01 -1.299407e-01
     vertex -1.148112e-02  2.772671e-01 -1.459440e-01
   endloop
 endfacet
 facet normal  1.944903e-01  9.159639e-01  3.509754e-01
   outer loop
     vertex -1.519196e-02  2.772671e-01 -1.439187e-01
     vertex -7.225489e-03  2.696142e-01 -1.283609e-01
     vertex -4.374666e-03  2.696142e-01 -1.299407e-01
   endloop
 endfacet
 facet normal  1.944903e-01  9.159639e-01  3.509754e-01
   outer loop
     vertex -1.519196e-02  2.772671e-01 -1.439187e-01
     vertex -4.374666e-03  2.696142e-01 -1.299407e-01
     vertex -1.334304e-02  2.772671e-01 -1.449433e-01
   endloop
 endfacet
 facet normal  2.021877e-01  9.159867e-01  3.465379e-01
   outer loop
     vertex -1.702757e-02  2.772671e-01 -1.428705e-01
     vertex -1.004063e-02  2.696142e-01 -1.267184e-01
     vertex -7.225489e-03  2.696142e-01 -1.283609e-01
   endloop
 endfacet
 facet normal  1.990641e-01  9.158896e-01  3.485969e-01
   outer loop
     vertex -1.702757e-02  2.772671e-01 -1.428705e-01
     vertex -7.225489e-03  2.696142e-01 -1.283609e-01
     vertex -1.519196e-02  2.772671e-01 -1.439187e-01
   endloop
 endfacet
 facet normal -1.191494e-01  9.159867e-01  3.831081e-01
   outer loop
     vertex  1.139811e-01  2.772671e-01 -1.577801e-01
     vertex  1.076900e-01  2.696142e-01 -1.414390e-01
     vertex  1.108022e-01  2.696142e-01 -1.404711e-01
   endloop
 endfacet
 facet normal -1.156430e-01  9.158896e-01  3.844125e-01
   outer loop
     vertex  1.119568e-01  2.772671e-01 -1.583891e-01
     vertex  1.076900e-01  2.696142e-01 -1.414390e-01
     vertex  1.139811e-01  2.772671e-01 -1.577801e-01
   endloop
 endfacet
 facet normal -1.106517e-01  9.159639e-01  3.857025e-01
   outer loop
     vertex  1.099250e-01  2.772671e-01 -1.589720e-01
     vertex  1.045571e-01  2.696142e-01 -1.423378e-01
     vertex  1.076900e-01  2.696142e-01 -1.414390e-01
   endloop
 endfacet
 facet normal -1.106517e-01  9.159639e-01  3.857025e-01
   outer loop
     vertex  1.099250e-01  2.772671e-01 -1.589720e-01
     vertex  1.076900e-01  2.696142e-01 -1.414390e-01
     vertex  1.119568e-01  2.772671e-01 -1.583891e-01
   endloop
 endfacet
 facet normal -1.020710e-01  9.159867e-01  3.880076e-01
   outer loop
     vertex  1.078858e-01  2.772671e-01 -1.595287e-01
     vertex  1.014051e-01  2.696142e-01 -1.431670e-01
     vertex  1.045571e-01  2.696142e-01 -1.423378e-01
   endloop
 endfacet
 facet normal -1.057357e-01  9.158896e-01  3.872548e-01
   outer loop
     vertex  1.078858e-01  2.772671e-01 -1.595287e-01
     vertex  1.045571e-01  2.696142e-01 -1.423378e-01
     vertex  1.099250e-01  2.772671e-01 -1.589720e-01
   endloop
 endfacet
 facet normal -3.551497e-01  9.159867e-01  1.866470e-01
   outer loop
     vertex  2.110656e-01  2.772671e-01 -7.743434e-02
     vertex  1.950622e-01  2.696142e-01 -7.032788e-02
     vertex  1.965785e-01  2.696142e-01 -6.744278e-02
   endloop
 endfacet
 facet normal -3.535926e-01  9.158896e-01  1.900487e-01
   outer loop
     vertex  2.100648e-01  2.772671e-01 -7.929626e-02
     vertex  1.950622e-01  2.696142e-01 -7.032788e-02
     vertex  2.110656e-01  2.772671e-01 -7.743434e-02
   endloop
 endfacet
 facet normal -3.509754e-01  9.159639e-01  1.944903e-01
   outer loop
     vertex  2.090403e-01  2.772671e-01 -8.114517e-02
     vertex  1.934824e-01  2.696142e-01 -7.317870e-02
     vertex  1.950622e-01  2.696142e-01 -7.032788e-02
   endloop
 endfacet
 facet normal -3.509754e-01  9.159639e-01  1.944903e-01
   outer loop
     vertex  2.090403e-01  2.772671e-01 -8.114517e-02
     vertex  1.950622e-01  2.696142e-01 -7.032788e-02
     vertex  2.100648e-01  2.772671e-01 -7.929626e-02
   endloop
 endfacet
 facet normal -3.465379e-01  9.159867e-01  2.021877e-01
   outer loop
     vertex  2.079921e-01  2.772671e-01 -8.298079e-02
     vertex  1.918399e-01  2.696142e-01 -7.599385e-02
     vertex  1.934824e-01  2.696142e-01 -7.317870e-02
   endloop
 endfacet
 facet normal -3.485969e-01  9.158896e-01  1.990641e-01
   outer loop
     vertex  2.079921e-01  2.772671e-01 -8.298079e-02
     vertex  1.934824e-01  2.696142e-01 -7.317870e-02
     vertex  2.090403e-01  2.772671e-01 -8.114517e-02
   endloop
 endfacet
 facet normal  1.191494e-01  9.159867e-01 -3.831081e-01
   outer loop
     vertex  1.709370e-02  2.772671e-01  1.569484e-01
     vertex  2.338477e-02  2.696142e-01  1.406073e-01
     vertex  2.027255e-02  2.696142e-01  1.396394e-01
   endloop
 endfacet
 facet normal  1.156430e-01  9.158896e-01 -3.844125e-01
   outer loop
     vertex  1.911791e-02  2.772671e-01  1.575574e-01
     vertex  2.338477e-02  2.696142e-01  1.406073e-01
     vertex  1.709370e-02  2.772671e-01  1.569484e-01
   endloop
 endfacet
 facet normal  1.106517e-01  9.159639e-01 -3.857025e-01
   outer loop
     vertex  2.114976e-02  2.772671e-01  1.581403e-01
     vertex  2.651767e-02  2.696142e-01  1.415061e-01
     vertex  2.338477e-02  2.696142e-01  1.406073e-01
   endloop
 endfacet
 facet normal  1.106517e-01  9.159639e-01 -3.857025e-01
   outer loop
     vertex  2.114976e-02  2.772671e-01  1.581403e-01
     vertex  2.338477e-02  2.696142e-01  1.406073e-01
     vertex  1.911791e-02  2.772671e-01  1.575574e-01
   endloop
 endfacet
 facet normal  1.020710e-01  9.159867e-01 -3.880076e-01
   outer loop
     vertex  2.318894e-02  2.772671e-01  1.586971e-01
     vertex  2.966970e-02  2.696142e-01  1.423353e-01
     vertex  2.651767e-02  2.696142e-01  1.415061e-01
   endloop
 endfacet
 facet normal  1.057357e-01  9.158896e-01 -3.872548e-01
   outer loop
     vertex  2.318894e-02  2.772671e-01  1.586971e-01
     vertex  2.651767e-02  2.696142e-01  1.415061e-01
     vertex  2.114976e-02  2.772671e-01  1.581403e-01
   endloop
 endfacet
 facet normal  2.417422e-01  9.667293e-01 -8.363678e-02
   outer loop
     vertex  1.464786e-01  2.684885e-01  1.283776e-01
     vertex  1.435206e-01  2.689206e-01  1.248218e-01
     vertex  1.411154e-01  2.696142e-01  1.258867e-01
   endloop
 endfacet
 facet normal  5.877795e-01  7.010515e-01 -4.037846e-01
   outer loop
     vertex  1.464786e-01  2.684885e-01  1.283776e-01
     vertex  1.453071e-01  2.670030e-01  1.240930e-01
     vertex  1.435206e-01  2.689206e-01  1.248218e-01
   endloop
 endfacet
 facet normal  8.691683e-01  2.588046e-01 -4.213865e-01
   outer loop
     vertex  1.472748e-01  2.646542e-01  1.267090e-01
     vertex  1.459936e-01  2.643780e-01  1.238968e-01
     vertex  1.453071e-01  2.670030e-01  1.240930e-01
   endloop
 endfacet
 facet normal  8.725575e-01  3.356393e-01 -3.549502e-01
   outer loop
     vertex  1.472748e-01  2.646542e-01  1.267090e-01
     vertex  1.453071e-01  2.670030e-01  1.240930e-01
     vertex  1.464786e-01  2.684885e-01  1.283776e-01
   endloop
 endfacet
 facet normal  4.022833e-01  7.477168e-01 -5.282875e-01
   outer loop
     vertex  1.481023e-01  2.772671e-01  1.420388e-01
     vertex  1.464786e-01  2.684885e-01  1.283776e-01
     vertex  1.411154e-01  2.696142e-01  1.258867e-01
   endloop
 endfacet
 facet normal  8.981185e-01  8.914783e-02 -4.306227e-01
   outer loop
     vertex  1.171010e-01  2.501857e-01  6.069946e-02
     vertex  1.459936e-01  2.643780e-01  1.238968e-01
     vertex  1.172617e-01  2.491925e-01  6.082908e-02
   endloop
 endfacet
 facet normal  1.436393e-01  9.457191e-01 -2.915185e-01
   outer loop
     vertex  1.116885e-01  2.544866e-01  6.231156e-02
     vertex  1.411154e-01  2.696142e-01  1.258867e-01
     vertex  1.435206e-01  2.689206e-01  1.248218e-01
   endloop
 endfacet
 facet normal  5.632785e-01  6.947482e-01 -4.472609e-01
   outer loop
     vertex  1.116885e-01  2.544866e-01  6.231156e-02
     vertex  1.435206e-01  2.689206e-01  1.248218e-01
     vertex  1.453071e-01  2.670030e-01  1.240930e-01
   endloop
 endfacet
 facet normal  8.271029e-01  2.537916e-01 -5.014884e-01
   outer loop
     vertex  1.116885e-01  2.544866e-01  6.231156e-02
     vertex  1.453071e-01  2.670030e-01  1.240930e-01
     vertex  1.459936e-01  2.643780e-01  1.238968e-01
   endloop
 endfacet
 facet normal  4.944599e-01  7.719908e-01 -3.994241e-01
   outer loop
     vertex  1.116885e-01  2.544866e-01  6.231156e-02
     vertex  1.459936e-01  2.643780e-01  1.238968e-01
     vertex  1.171010e-01  2.501857e-01  6.069946e-02
   endloop
 endfacet
 facet normal  6.670978e-01 -5.227437e-01  5.307727e-01
   outer loop
     vertex  1.116885e-01  2.544866e-01  6.231156e-02
     vertex  1.252725e-01  2.419644e-01  3.290579e-02
     vertex  1.370309e-01  2.544866e-01  3.046006e-02
   endloop
 endfacet
 facet normal  6.113411e-01  7.895358e-01 -5.380759e-02
   outer loop
     vertex  1.171010e-01  2.501857e-01  6.069946e-02
     vertex  1.252725e-01  2.419644e-01  3.290579e-02
     vertex  1.116885e-01  2.544866e-01  6.231156e-02
   endloop
 endfacet
 facet normal -5.418747e-01  4.853331e-01  6.861658e-01
   outer loop
     vertex  1.336171e-01  2.517727e-01  3.255810e-02
     vertex  1.252725e-01  2.419644e-01  3.290579e-02
     vertex  1.366763e-01  2.501857e-01  3.609645e-02
   endloop
 endfacet
 facet normal -2.628094e-01  7.749514e-01  5.747883e-01
   outer loop
     vertex  1.336171e-01  2.517727e-01  3.255810e-02
     vertex  1.366763e-01  2.501857e-01  3.609645e-02
     vertex  1.370309e-01  2.544866e-01  3.046006e-02
   endloop
 endfacet
 facet normal -7.078913e-01  5.883996e-01 -3.907375e-01
   outer loop
     vertex  1.336171e-01  2.517727e-01  3.255810e-02
     vertex  1.370309e-01  2.544866e-01  3.046006e-02
     vertex  1.252725e-01  2.419644e-01  3.290579e-02
   endloop
 endfacet
 facet normal -2.517876e-01  9.457191e-01  2.054709e-01
   outer loop
     vertex  1.370309e-01  2.544866e-01  3.046006e-02
     vertex  2.050953e-01  2.689206e-01  4.743199e-02
     vertex  2.055926e-01  2.696142e-01  4.484899e-02
   endloop
 endfacet
 facet normal -3.092535e-01  6.947482e-01  6.493745e-01
   outer loop
     vertex  1.370309e-01  2.544866e-01  3.046006e-02
     vertex  2.047866e-01  2.670030e-01  4.933661e-02
     vertex  2.050953e-01  2.689206e-01  4.743199e-02
   endloop
 endfacet
 facet normal -3.028122e-01  2.537916e-01  9.186373e-01
   outer loop
     vertex  1.370309e-01  2.544866e-01  3.046006e-02
     vertex  2.047497e-01  2.643780e-01  5.004963e-02
     vertex  2.047866e-01  2.670030e-01  4.933661e-02
   endloop
 endfacet
 facet normal -2.781036e-01  7.719908e-01  5.715668e-01
   outer loop
     vertex  1.366763e-01  2.501857e-01  3.609645e-02
     vertex  2.047497e-01  2.643780e-01  5.004963e-02
     vertex  1.370309e-01  2.544866e-01  3.046006e-02
   endloop
 endfacet
 facet normal -2.178014e-01  8.914783e-02  9.719132e-01
   outer loop
     vertex  1.368387e-01  2.491925e-01  3.622395e-02
     vertex  2.047497e-01  2.643780e-01  5.004963e-02
     vertex  1.366763e-01  2.501857e-01  3.609645e-02
   endloop
 endfacet
 facet normal -2.153066e-01  2.588046e-01  9.416280e-01
   outer loop
     vertex  2.047866e-01  2.670030e-01  4.933661e-02
     vertex  2.047497e-01  2.643780e-01  5.004963e-02
     vertex  2.077779e-01  2.646542e-01  5.066612e-02
   endloop
 endfacet
 facet normal -2.717798e-02  9.667293e-01  2.543536e-01
   outer loop
     vertex  2.092249e-01  2.684885e-01  4.951539e-02
     vertex  2.055926e-01  2.696142e-01  4.484899e-02
     vertex  2.050953e-01  2.689206e-01  4.743199e-02
   endloop
 endfacet
 facet normal -2.613835e-01  7.010515e-01  6.634798e-01
   outer loop
     vertex  2.092249e-01  2.684885e-01  4.951539e-02
     vertex  2.050953e-01  2.689206e-01  4.743199e-02
     vertex  2.047866e-01  2.670030e-01  4.933661e-02
   endloop
 endfacet
 facet normal -1.498077e-01  3.356393e-01  9.300021e-01
   outer loop
     vertex  2.092249e-01  2.684885e-01  4.951539e-02
     vertex  2.047866e-01  2.670030e-01  4.933661e-02
     vertex  2.077779e-01  2.646542e-01  5.066612e-02
   endloop
 endfacet
 facet normal -4.243840e-01  7.477168e-01  5.107033e-01
   outer loop
     vertex  2.229017e-01  2.772671e-01  4.802784e-02
     vertex  2.055926e-01  2.696142e-01  4.484899e-02
     vertex  2.092249e-01  2.684885e-01  4.951539e-02
   endloop
 endfacet
 facet normal  8.440100e-01 -2.655048e-01 -4.659981e-01
   outer loop
     vertex  1.472748e-01  2.218485e-01  1.267090e-01
     vertex  1.370925e-01  2.257925e-01  1.060198e-01
     vertex  1.375926e-01  2.283716e-01  1.054562e-01
   endloop
 endfacet
 facet normal  5.733394e-01 -7.054638e-01 -4.166567e-01
   outer loop
     vertex  1.472748e-01  2.218485e-01  1.267090e-01
     vertex  1.354702e-01  2.238915e-01  1.070063e-01
     vertex  1.370925e-01  2.257925e-01  1.060198e-01
   endloop
 endfacet
 facet normal  1.923913e-01 -9.575752e-01 -2.145585e-01
   outer loop
     vertex  1.472748e-01  2.218485e-01  1.267090e-01
     vertex  1.331523e-01  2.231680e-01  1.081565e-01
     vertex  1.354702e-01  2.238915e-01  1.070063e-01
   endloop
 endfacet
 facet normal  7.539213e-01 -2.809121e-01 -5.938780e-01
   outer loop
     vertex  1.448577e-01  1.971504e-01  1.353230e-01
     vertex  1.331523e-01  2.231680e-01  1.081565e-01
     vertex  1.472748e-01  2.218485e-01  1.267090e-01
   endloop
 endfacet
 facet normal  8.820604e-01 -2.572984e-01 -3.946732e-01
   outer loop
     vertex  1.296352e-01  2.223764e-01  9.158049e-02
     vertex  1.375926e-01  2.283716e-01  1.054562e-01
     vertex  1.370925e-01  2.257925e-01  1.060198e-01
   endloop
 endfacet
 facet normal  6.940516e-01 -6.931666e-01 -1.944542e-01
   outer loop
     vertex  1.296352e-01  2.223764e-01  9.158049e-02
     vertex  1.370925e-01  2.257925e-01  1.060198e-01
     vertex  1.354702e-01  2.238915e-01  1.070063e-01
   endloop
 endfacet
 facet normal  2.906506e-01 -9.566958e-01 -1.597993e-02
   outer loop
     vertex  1.296352e-01  2.223764e-01  9.158049e-02
     vertex  1.354702e-01  2.238915e-01  1.070063e-01
     vertex  1.331523e-01  2.231680e-01  1.081565e-01
   endloop
 endfacet
 facet normal  5.675904e-01 -8.192869e-01 -8.130297e-02
   outer loop
     vertex  1.296352e-01  2.223764e-01  9.158049e-02
     vertex  1.331523e-01  2.231680e-01  1.081565e-01
     vertex  1.138024e-01  2.140270e-01  6.518473e-02
   endloop
 endfacet
 facet normal  6.958204e-01 -6.900699e-01 -1.990918e-01
   outer loop
     vertex  1.296352e-01  2.223764e-01  9.158049e-02
     vertex  1.138024e-01  2.140270e-01  6.518473e-02
     vertex  1.172985e-01  2.187857e-01  6.090964e-02
   endloop
 endfacet
 facet normal  8.420903e-01 -4.578124e-01 -2.851171e-01
   outer loop
     vertex  1.296352e-01  2.223764e-01  9.158049e-02
     vertex  1.172985e-01  2.187857e-01  6.090964e-02
     vertex  1.375926e-01  2.283716e-01  1.054562e-01
   endloop
 endfacet
 facet normal  4.574798e-02  9.982897e-01  3.639913e-02
   outer loop
     vertex  1.403056e-01  2.140270e-01  3.187430e-02
     vertex  1.252725e-01  2.146783e-01  3.290579e-02
     vertex  1.138024e-01  2.140270e-01  6.518473e-02
   endloop
 endfacet
 facet normal  2.215876e-02 -6.674096e-01  7.443611e-01
   outer loop
     vertex  1.369254e-01  2.187857e-01  3.624161e-02
     vertex  1.252725e-01  2.146783e-01  3.290579e-02
     vertex  1.403056e-01  2.140270e-01  3.187430e-02
   endloop
 endfacet
 facet normal -2.718947e-01 -1.012614e-02  9.622737e-01
   outer loop
     vertex  1.368387e-01  2.194367e-01  3.622395e-02
     vertex  1.252725e-01  2.146783e-01  3.290579e-02
     vertex  1.369254e-01  2.187857e-01  3.624161e-02
   endloop
 endfacet
 facet normal  8.349570e-01 -5.450217e-01  7.614571e-02
   outer loop
     vertex  1.147175e-01  2.148033e-01  6.070542e-02
     vertex  1.172985e-01  2.187857e-01  6.090964e-02
     vertex  1.138024e-01  2.140270e-01  6.518473e-02
   endloop
 endfacet
 facet normal  8.279204e-01 -4.630584e-01  3.164249e-01
   outer loop
     vertex  1.147175e-01  2.148033e-01  6.070542e-02
     vertex  1.252725e-01  2.146783e-01  3.290579e-02
     vertex  1.172617e-01  2.194367e-01  6.082908e-02
   endloop
 endfacet
 facet normal  2.397792e-01 -1.059072e-01 -9.650335e-01
   outer loop
     vertex  1.147175e-01  2.148033e-01  6.070542e-02
     vertex  1.172617e-01  2.194367e-01  6.082908e-02
     vertex  1.172985e-01  2.187857e-01  6.090964e-02
   endloop
 endfacet
 facet normal  6.878003e-01  6.784671e-01  2.580953e-01
   outer loop
     vertex  1.147175e-01  2.148033e-01  6.070542e-02
     vertex  1.138024e-01  2.140270e-01  6.518473e-02
     vertex  1.252725e-01  2.146783e-01  3.290579e-02
   endloop
 endfacet
 facet normal -3.764812e-02 -6.900699e-01  7.227629e-01
   outer loop
     vertex  1.695841e-01  2.223764e-01  4.137107e-02
     vertex  1.369254e-01  2.187857e-01  3.624161e-02
     vertex  1.403056e-01  2.140270e-01  3.187430e-02
   endloop
 endfacet
 facet normal  4.831495e-02 -8.192869e-01  5.713446e-01
   outer loop
     vertex  1.695841e-01  2.223764e-01  4.137107e-02
     vertex  1.403056e-01  2.140270e-01  3.187430e-02
     vertex  1.865264e-01  2.231680e-01  4.107354e-02
   endloop
 endfacet
 facet normal -1.863795e-01 -2.572984e-01  9.481879e-01
   outer loop
     vertex  1.695841e-01  2.223764e-01  4.137107e-02
     vertex  1.853298e-01  2.257925e-01  4.539311e-02
     vertex  1.848930e-01  2.283716e-01  4.600710e-02
   endloop
 endfacet
 facet normal -3.352665e-02 -6.931666e-01  7.199973e-01
   outer loop
     vertex  1.695841e-01  2.223764e-01  4.137107e-02
     vertex  1.859265e-01  2.238915e-01  4.359066e-02
     vertex  1.853298e-01  2.257925e-01  4.539311e-02
   endloop
 endfacet
 facet normal  4.973855e-02 -9.566958e-01  2.868087e-01
   outer loop
     vertex  1.695841e-01  2.223764e-01  4.137107e-02
     vertex  1.865264e-01  2.231680e-01  4.107354e-02
     vertex  1.859265e-01  2.238915e-01  4.359066e-02
   endloop
 endfacet
 facet normal -8.860641e-02 -4.578124e-01  8.846224e-01
   outer loop
     vertex  1.695841e-01  2.223764e-01  4.137107e-02
     vertex  1.848930e-01  2.283716e-01  4.600710e-02
     vertex  1.369254e-01  2.187857e-01  3.624161e-02
   endloop
 endfacet
 facet normal -2.644305e-01 -2.655048e-01  9.271374e-01
   outer loop
     vertex  2.077779e-01  2.218485e-01  5.066612e-02
     vertex  1.848930e-01  2.283716e-01  4.600710e-02
     vertex  1.853298e-01  2.257925e-01  4.539311e-02
   endloop
 endfacet
 facet normal -2.771711e-01 -7.054638e-01  6.523013e-01
   outer loop
     vertex  2.077779e-01  2.218485e-01  5.066612e-02
     vertex  1.853298e-01  2.257925e-01  4.539311e-02
     vertex  1.859265e-01  2.238915e-01  4.359066e-02
   endloop
 endfacet
 facet normal -1.658410e-01 -9.575752e-01  2.356831e-01
   outer loop
     vertex  2.077779e-01  2.218485e-01  5.066612e-02
     vertex  1.859265e-01  2.238915e-01  4.359066e-02
     vertex  1.865264e-01  2.231680e-01  4.107354e-02
   endloop
 endfacet
 facet normal -4.092833e-01 -2.809121e-01  8.680873e-01
   outer loop
     vertex  2.156285e-01  1.971504e-01  4.637521e-02
     vertex  2.077779e-01  2.218485e-01  5.066612e-02
     vertex  1.865264e-01  2.231680e-01  4.107354e-02
   endloop
 endfacet
 facet normal  2.300777e-01  9.667293e-01  1.117974e-01
   outer loop
     vertex  3.170080e-02  2.684885e-01  1.478890e-01
     vertex  3.212348e-02  2.689206e-01  1.432830e-01
     vertex  2.966970e-02  2.696142e-01  1.423353e-01
   endloop
 endfacet
 facet normal  7.011417e-01  7.010515e-01  1.301040e-01
   outer loop
     vertex  3.170080e-02  2.684885e-01  1.478890e-01
     vertex  3.390208e-02  2.670030e-01  1.440309e-01
     vertex  3.212348e-02  2.689206e-01  1.432830e-01
   endloop
 endfacet
 facet normal  9.125601e-01  2.588046e-01  3.166296e-01
   outer loop
     vertex  3.344362e-02  2.646542e-01  1.472721e-01
     vertex  3.452625e-02  2.643780e-01  1.443776e-01
     vertex  3.390208e-02  2.670030e-01  1.440309e-01
   endloop
 endfacet
 facet normal  8.679790e-01  3.356393e-01  3.660036e-01
   outer loop
     vertex  3.344362e-02  2.646542e-01  1.472721e-01
     vertex  3.390208e-02  2.670030e-01  1.440309e-01
     vertex  3.170080e-02  2.684885e-01  1.478890e-01
   endloop
 endfacet
 facet normal  6.580130e-01  7.477168e-01 -8.909844e-02
   outer loop
     vertex  2.318894e-02  2.772671e-01  1.586971e-01
     vertex  3.170080e-02  2.684885e-01  1.478890e-01
     vertex  2.966970e-02  2.696142e-01  1.423353e-01
   endloop
 endfacet
 facet normal  9.395619e-01  8.914783e-02  3.305694e-01
   outer loop
     vertex  5.878333e-02  2.501857e-01  7.926020e-02
     vertex  3.452625e-02  2.643780e-01  1.443776e-01
     vertex  5.880533e-02  2.491925e-01  7.946551e-02
   endloop
 endfacet
 facet normal  3.077030e-01  9.457191e-01 -1.045664e-01
   outer loop
     vertex  5.381615e-02  2.544866e-01  7.657287e-02
     vertex  2.966970e-02  2.696142e-01  1.423353e-01
     vertex  3.212348e-02  2.689206e-01  1.432830e-01
   endloop
 endfacet
 facet normal  7.145593e-01  6.947482e-01  8.203677e-02
   outer loop
     vertex  5.381615e-02  2.544866e-01  7.657287e-02
     vertex  3.212348e-02  2.689206e-01  1.432830e-01
     vertex  3.390208e-02  2.670030e-01  1.440309e-01
   endloop
 endfacet
 facet normal  9.394559e-01  2.537916e-01  2.302443e-01
   outer loop
     vertex  5.381615e-02  2.544866e-01  7.657287e-02
     vertex  3.390208e-02  2.670030e-01  1.440309e-01
     vertex  3.452625e-02  2.643780e-01  1.443776e-01
   endloop
 endfacet
 facet normal  6.320715e-01  7.719908e-01  6.720047e-02
   outer loop
     vertex  5.381615e-02  2.544866e-01  7.657287e-02
     vertex  3.452625e-02  2.643780e-01  1.443776e-01
     vertex  5.878333e-02  2.501857e-01  7.926020e-02
   endloop
 endfacet
 facet normal  7.556056e-01  6.138249e-01  2.286466e-01
   outer loop
     vertex  5.381615e-02  2.544866e-01  7.657287e-02
     vertex  7.264832e-02  2.367079e-01  6.206706e-02
     vertex  7.170726e-02  2.409465e-01  5.379810e-02
   endloop
 endfacet
 facet normal  6.675337e-01  7.432588e-01 -4.432983e-02
   outer loop
     vertex  5.878333e-02  2.501857e-01  7.926020e-02
     vertex  7.264832e-02  2.367079e-01  6.206706e-02
     vertex  5.381615e-02  2.544866e-01  7.657287e-02
   endloop
 endfacet
 facet normal -6.898101e-01  6.992207e-01  1.877564e-01
   outer loop
     vertex  9.036092e-02  2.517727e-01  7.103989e-02
     vertex  7.264832e-02  2.367079e-01  6.206706e-02
     vertex  9.002208e-02  2.501857e-01  7.570504e-02
   endloop
 endfacet
 facet normal -5.922710e-01  7.749514e-01  2.206024e-01
   outer loop
     vertex  9.036092e-02  2.517727e-01  7.103989e-02
     vertex  9.002208e-02  2.501857e-01  7.570504e-02
     vertex  9.425840e-02  2.544866e-01  7.197029e-02
   endloop
 endfacet
 facet normal -5.876930e-01  7.977588e-01  1.348989e-01
   outer loop
     vertex  9.036092e-02  2.517727e-01  7.103989e-02
     vertex  9.425840e-02  2.544866e-01  7.197029e-02
     vertex  7.170726e-02  2.409465e-01  5.379810e-02
   endloop
 endfacet
 facet normal -7.032845e-01  5.969653e-01  3.860354e-01
   outer loop
     vertex  9.036092e-02  2.517727e-01  7.103989e-02
     vertex  7.170726e-02  2.409465e-01  5.379810e-02
     vertex  7.264832e-02  2.367079e-01  6.206706e-02
   endloop
 endfacet
 facet normal -3.233306e-01  9.457191e-01 -3.275084e-02
   outer loop
     vertex  9.425840e-02  2.544866e-01  7.197029e-02
     vertex  1.303862e-01  2.689206e-01  1.321001e-01
     vertex  1.325643e-01  2.696142e-01  1.306252e-01
   endloop
 endfacet
 facet normal -6.778524e-01  6.947482e-01  2.405019e-01
   outer loop
     vertex  9.425840e-02  2.544866e-01  7.197029e-02
     vertex  1.288212e-01  2.670030e-01  1.332286e-01
     vertex  1.303862e-01  2.689206e-01  1.321001e-01
   endloop
 endfacet
 facet normal -8.636953e-01  2.537916e-01  4.354541e-01
   outer loop
     vertex  9.425840e-02  2.544866e-01  7.197029e-02
     vertex  1.282909e-01  2.643780e-01  1.337066e-01
     vertex  1.288212e-01  2.670030e-01  1.332286e-01
   endloop
 endfacet
 facet normal -6.008077e-01  7.719908e-01  2.075098e-01
   outer loop
     vertex  9.002208e-02  2.501857e-01  7.570504e-02
     vertex  1.282909e-01  2.643780e-01  1.337066e-01
     vertex  9.425840e-02  2.544866e-01  7.197029e-02
   endloop
 endfacet
 facet normal -8.412552e-01  8.914783e-02  5.332375e-01
   outer loop
     vertex  9.004678e-02  2.491925e-01  7.591004e-02
     vertex  1.282909e-01  2.643780e-01  1.337066e-01
     vertex  9.002208e-02  2.501857e-01  7.570504e-02
   endloop
 endfacet
 facet normal -8.180763e-01  2.588046e-01  5.135868e-01
   outer loop
     vertex  1.288212e-01  2.670030e-01  1.332286e-01
     vertex  1.282909e-01  2.643780e-01  1.337066e-01
     vertex  1.299962e-01  2.646542e-01  1.362838e-01
   endloop
 endfacet
 facet normal -1.990729e-01  9.667293e-01  1.606374e-01
   outer loop
     vertex  1.318331e-01  2.684885e-01  1.364933e-01
     vertex  1.325643e-01  2.696142e-01  1.306252e-01
     vertex  1.303862e-01  2.689206e-01  1.321001e-01
   endloop
 endfacet
 facet normal -6.539771e-01  7.010515e-01  2.843250e-01
   outer loop
     vertex  1.318331e-01  2.684885e-01  1.364933e-01
     vertex  1.303862e-01  2.689206e-01  1.321001e-01
     vertex  1.288212e-01  2.670030e-01  1.332286e-01
   endloop
 endfacet
 facet normal -7.635408e-01  3.356393e-01  5.516808e-01
   outer loop
     vertex  1.318331e-01  2.684885e-01  1.364933e-01
     vertex  1.288212e-01  2.670030e-01  1.332286e-01
     vertex  1.299962e-01  2.646542e-01  1.362838e-01
   endloop
 endfacet
 facet normal -6.612065e-01  7.477168e-01  6.103697e-02
   outer loop
     vertex  1.425559e-01  2.772671e-01  1.451124e-01
     vertex  1.325643e-01  2.696142e-01  1.306252e-01
     vertex  1.318331e-01  2.684885e-01  1.364933e-01
   endloop
 endfacet
 facet normal  9.263157e-01 -2.655048e-01  2.672948e-01
   outer loop
     vertex  3.344362e-02  2.218485e-01  1.472721e-01
     vertex  4.087313e-02  2.257925e-01  1.254426e-01
     vertex  4.162527e-02  2.283716e-01  1.253978e-01
   endloop
 endfacet
 facet normal  7.000329e-01 -7.054638e-01  1.107914e-01
   outer loop
     vertex  3.344362e-02  2.218485e-01  1.472721e-01
     vertex  3.902844e-02  2.238915e-01  1.249931e-01
     vertex  4.087313e-02  2.257925e-01  1.254426e-01
   endloop
 endfacet
 facet normal  2.877569e-01 -9.575752e-01 -1.567460e-02
   outer loop
     vertex  3.344362e-02  2.218485e-01  1.472721e-01
     vertex  3.657612e-02  2.231680e-01  1.241673e-01
     vertex  3.902844e-02  2.238915e-01  1.249931e-01
   endloop
 endfacet
 facet normal  9.530380e-01 -2.809121e-01  1.131676e-01
   outer loop
     vertex  2.564344e-02  1.971504e-01  1.516539e-01
     vertex  3.657612e-02  2.231680e-01  1.241673e-01
     vertex  3.344362e-02  2.218485e-01  1.472721e-01
   endloop
 endfacet
 facet normal  9.027870e-01 -2.572984e-01  3.446348e-01
   outer loop
     vertex  4.581016e-02  2.223764e-01  1.099594e-01
     vertex  4.162527e-02  2.283716e-01  1.253978e-01
     vertex  4.087313e-02  2.257925e-01  1.254426e-01
   endloop
 endfacet
 facet normal  6.282685e-01 -6.931666e-01  3.532687e-01
   outer loop
     vertex  4.581016e-02  2.223764e-01  1.099594e-01
     vertex  4.087313e-02  2.257925e-01  1.254426e-01
     vertex  3.902844e-02  2.238915e-01  1.249931e-01
   endloop
 endfacet
 facet normal  2.168206e-01 -9.566958e-01  1.942215e-01
   outer loop
     vertex  4.581016e-02  2.223764e-01  1.099594e-01
     vertex  3.902844e-02  2.238915e-01  1.249931e-01
     vertex  3.657612e-02  2.231680e-01  1.241673e-01
   endloop
 endfacet
 facet normal  4.588369e-01 -8.192869e-01  3.438571e-01
   outer loop
     vertex  4.581016e-02  2.223764e-01  1.099594e-01
     vertex  3.657612e-02  2.231680e-01  1.241673e-01
     vertex  5.327927e-02  2.140270e-01  8.009927e-02
   endloop
 endfacet
 facet normal  6.327984e-01 -6.900699e-01  3.512402e-01
   outer loop
     vertex  4.581016e-02  2.223764e-01  1.099594e-01
     vertex  5.327927e-02  2.140270e-01  8.009927e-02
     vertex  5.877432e-02  2.187857e-01  7.954843e-02
   endloop
 endfacet
 facet normal  7.970560e-01 -4.578124e-01  3.938395e-01
   outer loop
     vertex  4.581016e-02  2.223764e-01  1.099594e-01
     vertex  5.877432e-02  2.187857e-01  7.954843e-02
     vertex  4.162527e-02  2.283716e-01  1.253978e-01
   endloop
 endfacet
 facet normal -3.970762e-01 -5.049295e-01  7.664050e-01
   outer loop
     vertex  9.557394e-02  2.140270e-01  7.528587e-02
     vertex  7.264832e-02  2.119916e-01  6.206706e-02
     vertex  7.225512e-02  2.070566e-01  5.861201e-02
   endloop
 endfacet
 facet normal -3.808828e-01 -5.477511e-01  7.449141e-01
   outer loop
     vertex  9.009563e-02  2.187857e-01  7.598387e-02
     vertex  7.264832e-02  2.119916e-01  6.206706e-02
     vertex  9.557394e-02  2.140270e-01  7.528587e-02
   endloop
 endfacet
 facet normal -6.325985e-01  4.024252e-02  7.734337e-01
   outer loop
     vertex  9.004678e-02  2.194367e-01  7.591004e-02
     vertex  7.264832e-02  2.119916e-01  6.206706e-02
     vertex  9.009563e-02  2.187857e-01  7.598387e-02
   endloop
 endfacet
 facet normal  5.365607e-01 -5.450219e-01  6.442466e-01
   outer loop
     vertex  5.709374e-02  2.148033e-01  7.757904e-02
     vertex  5.877432e-02  2.187857e-01  7.954843e-02
     vertex  5.327927e-02  2.140270e-01  8.009927e-02
   endloop
 endfacet
 facet normal  5.384241e-01 -5.367499e-01  6.496145e-01
   outer loop
     vertex  5.709374e-02  2.148033e-01  7.757904e-02
     vertex  5.327927e-02  2.140270e-01  8.009927e-02
     vertex  7.225512e-02  2.070566e-01  5.861201e-02
   endloop
 endfacet
 facet normal  5.736480e-01 -4.816517e-01  6.625252e-01
   outer loop
     vertex  5.709374e-02  2.148033e-01  7.757904e-02
     vertex  7.264832e-02  2.119916e-01  6.206706e-02
     vertex  5.880533e-02  2.194367e-01  7.946551e-02
   endloop
 endfacet
 facet normal  8.519315e-01 -1.059072e-01 -5.128318e-01
   outer loop
     vertex  5.709374e-02  2.148033e-01  7.757904e-02
     vertex  5.880533e-02  2.194367e-01  7.946551e-02
     vertex  5.877432e-02  2.187857e-01  7.954843e-02
   endloop
 endfacet
 facet normal  5.626422e-01 -5.037471e-01  6.554942e-01
   outer loop
     vertex  5.709374e-02  2.148033e-01  7.757904e-02
     vertex  7.225512e-02  2.070566e-01  5.861201e-02
     vertex  7.264832e-02  2.119916e-01  6.206706e-02
   endloop
 endfacet
 facet normal -5.376918e-01 -6.900699e-01  4.844493e-01
   outer loop
     vertex  1.095617e-01  2.223764e-01  1.027041e-01
     vertex  9.009563e-02  2.187857e-01  7.598387e-02
     vertex  9.557394e-02  2.140270e-01  7.528587e-02
   endloop
 endfacet
 facet normal -3.698378e-01 -8.192869e-01  4.381655e-01
   outer loop
     vertex  1.095617e-01  2.223764e-01  1.027041e-01
     vertex  9.557394e-02  2.140270e-01  7.528587e-02
     vertex  1.217521e-01  2.231680e-01  1.144738e-01
   endloop
 endfacet
 facet normal -8.022603e-01 -2.572984e-01  5.386798e-01
   outer loop
     vertex  1.095617e-01  2.223764e-01  1.027041e-01
     vertex  1.178516e-01  2.257925e-01  1.166820e-01
     vertex  1.171086e-01  2.283716e-01  1.168073e-01
   endloop
 endfacet
 facet normal -5.328219e-01 -6.931666e-01  4.854080e-01
   outer loop
     vertex  1.095617e-01  2.223764e-01  1.027041e-01
     vertex  1.195481e-01  2.238915e-01  1.158294e-01
     vertex  1.178516e-01  2.257925e-01  1.166820e-01
   endloop
 endfacet
 facet normal -1.676339e-01 -9.566958e-01  2.379748e-01
   outer loop
     vertex  1.095617e-01  2.223764e-01  1.027041e-01
     vertex  1.217521e-01  2.231680e-01  1.144738e-01
     vertex  1.195481e-01  2.238915e-01  1.158294e-01
   endloop
 endfacet
 facet normal -6.881767e-01 -4.578124e-01  5.628683e-01
   outer loop
     vertex  1.095617e-01  2.223764e-01  1.027041e-01
     vertex  1.171086e-01  2.283716e-01  1.168073e-01
     vertex  9.009563e-02  2.187857e-01  7.598387e-02
   endloop
 endfacet
 facet normal -8.425657e-01 -2.655048e-01  4.686045e-01
   outer loop
     vertex  1.299962e-01  2.218485e-01  1.362838e-01
     vertex  1.171086e-01  2.283716e-01  1.168073e-01
     vertex  1.178516e-01  2.257925e-01  1.166820e-01
   endloop
 endfacet
 facet normal -6.572362e-01 -7.054638e-01  2.652571e-01
   outer loop
     vertex  1.299962e-01  2.218485e-01  1.362838e-01
     vertex  1.178516e-01  2.257925e-01  1.166820e-01
     vertex  1.195481e-01  2.238915e-01  1.158294e-01
   endloop
 endfacet
 facet normal -2.839204e-01 -9.575752e-01  4.938585e-02
   outer loop
     vertex  1.299962e-01  2.218485e-01  1.362838e-01
     vertex  1.195481e-01  2.238915e-01  1.158294e-01
     vertex  1.217521e-01  2.231680e-01  1.144738e-01
   endloop
 endfacet
 facet normal -9.032374e-01 -2.809121e-01  3.244234e-01
   outer loop
     vertex  1.385815e-01  1.971504e-01  1.388008e-01
     vertex  1.299962e-01  2.218485e-01  1.362838e-01
     vertex  1.217521e-01  2.231680e-01  1.144738e-01
   endloop
 endfacet
 facet normal  4.659981e-01 -2.655048e-01  8.440100e-01
   outer loop
     vertex -6.158746e-02  2.218485e-01  8.132158e-02
     vertex -4.089825e-02  2.257925e-01  7.113927e-02
     vertex -4.033470e-02  2.283716e-01  7.163942e-02
   endloop
 endfacet
 facet normal  4.166567e-01 -7.054638e-01  5.733394e-01
   outer loop
     vertex -6.158746e-02  2.218485e-01  8.132158e-02
     vertex -4.188477e-02  2.238915e-01  6.951701e-02
     vertex -4.089825e-02  2.257925e-01  7.113927e-02
   endloop
 endfacet
 facet normal  2.145585e-01 -9.575752e-01  1.923913e-01
   outer loop
     vertex -6.158746e-02  2.218485e-01  8.132158e-02
     vertex -4.303492e-02  2.231680e-01  6.719906e-02
     vertex -4.188477e-02  2.238915e-01  6.951701e-02
   endloop
 endfacet
 facet normal  5.938780e-01 -2.809121e-01  7.539213e-01
   outer loop
     vertex -7.020145e-02  1.971504e-01  7.890444e-02
     vertex -4.303492e-02  2.231680e-01  6.719906e-02
     vertex -6.158746e-02  2.218485e-01  8.132158e-02
   endloop
 endfacet
 facet normal  3.946732e-01 -2.572984e-01  8.820604e-01
   outer loop
     vertex -2.645895e-02  2.223764e-01  6.368199e-02
     vertex -4.033470e-02  2.283716e-01  7.163942e-02
     vertex -4.089825e-02  2.257925e-01  7.113927e-02
   endloop
 endfacet
 facet normal  1.944542e-01 -6.931666e-01  6.940516e-01
   outer loop
     vertex -2.645895e-02  2.223764e-01  6.368199e-02
     vertex -4.089825e-02  2.257925e-01  7.113927e-02
     vertex -4.188477e-02  2.238915e-01  6.951701e-02
   endloop
 endfacet
 facet normal  1.597993e-02 -9.566958e-01  2.906506e-01
   outer loop
     vertex -2.645895e-02  2.223764e-01  6.368199e-02
     vertex -4.188477e-02  2.238915e-01  6.951701e-02
     vertex -4.303492e-02  2.231680e-01  6.719906e-02
   endloop
 endfacet
 facet normal  8.130297e-02 -8.192869e-01  5.675904e-01
   outer loop
     vertex -2.645895e-02  2.223764e-01  6.368199e-02
     vertex -4.303492e-02  2.231680e-01  6.719906e-02
     vertex -6.319199e-05  2.140270e-01  4.784915e-02
   endloop
 endfacet
 facet normal  1.990918e-01 -6.900699e-01  6.958204e-01
   outer loop
     vertex -2.645895e-02  2.223764e-01  6.368199e-02
     vertex -6.319199e-05  2.140270e-01  4.784915e-02
     vertex  4.211896e-03  2.187857e-01  5.134524e-02
   endloop
 endfacet
 facet normal  2.851171e-01 -4.578124e-01  8.420903e-01
   outer loop
     vertex -2.645895e-02  2.223764e-01  6.368199e-02
     vertex  4.211896e-03  2.187857e-01  5.134524e-02
     vertex -4.033470e-02  2.283716e-01  7.163942e-02
   endloop
 endfacet
 facet normal -3.639913e-02  9.982897e-01  4.574798e-02
   outer loop
     vertex  3.324724e-02  2.140270e-01  7.435241e-02
     vertex  1.481729e-02  2.146783e-01  4.547628e-02
     vertex -6.319199e-05  2.140270e-01  4.784915e-02
   endloop
 endfacet
 facet normal -7.864926e-01 -3.711986e-01  4.936000e-01
   outer loop
     vertex  2.887993e-02  2.187857e-01  7.097222e-02
     vertex  1.481729e-02  2.146783e-01  4.547628e-02
     vertex  3.324724e-02  2.140270e-01  7.435241e-02
   endloop
 endfacet
 facet normal -8.781826e-01  8.651302e-02  4.704369e-01
   outer loop
     vertex  2.889759e-02  2.194367e-01  7.088548e-02
     vertex  1.481729e-02  2.146783e-01  4.547628e-02
     vertex  2.887993e-02  2.187857e-01  7.097222e-02
   endloop
 endfacet
 facet normal -7.614571e-02 -5.450217e-01  8.349570e-01
   outer loop
     vertex  4.416120e-03  2.148033e-01  4.876432e-02
     vertex  4.211896e-03  2.187857e-01  5.134524e-02
     vertex -6.319199e-05  2.140270e-01  4.784915e-02
   endloop
 endfacet
 facet normal  2.627760e-01 -4.590018e-01  8.486850e-01
   outer loop
     vertex  4.416120e-03  2.148033e-01  4.876432e-02
     vertex  1.481729e-02  2.146783e-01  4.547628e-02
     vertex  4.292457e-03  2.194367e-01  5.130853e-02
   endloop
 endfacet
 facet normal  9.650335e-01 -1.059072e-01  2.397792e-01
   outer loop
     vertex  4.416120e-03  2.148033e-01  4.876432e-02
     vertex  4.292457e-03  2.194367e-01  5.130853e-02
     vertex  4.211896e-03  2.187857e-01  5.134524e-02
   endloop
 endfacet
 facet normal  9.429748e-02 -9.378721e-01  3.339220e-01
   outer loop
     vertex  4.416120e-03  2.148033e-01  4.876432e-02
     vertex -6.319199e-05  2.140270e-01  4.784915e-02
     vertex  1.481729e-02  2.146783e-01  4.547628e-02
   endloop
 endfacet
 facet normal -7.227629e-01 -6.900699e-01 -3.764812e-02
   outer loop
     vertex  2.375046e-02  2.223764e-01  1.036308e-01
     vertex  2.887993e-02  2.187857e-01  7.097222e-02
     vertex  3.324724e-02  2.140270e-01  7.435241e-02
   endloop
 endfacet
 facet normal -5.713446e-01 -8.192869e-01  4.831495e-02
   outer loop
     vertex  2.375046e-02  2.223764e-01  1.036308e-01
     vertex  3.324724e-02  2.140270e-01  7.435241e-02
     vertex  2.404800e-02  2.231680e-01  1.205732e-01
   endloop
 endfacet
 facet normal -9.481879e-01 -2.572984e-01 -1.863795e-01
   outer loop
     vertex  2.375046e-02  2.223764e-01  1.036308e-01
     vertex  1.972843e-02  2.257925e-01  1.193766e-01
     vertex  1.911444e-02  2.283716e-01  1.189398e-01
   endloop
 endfacet
 facet normal -7.199973e-01 -6.931666e-01 -3.352665e-02
   outer loop
     vertex  2.375046e-02  2.223764e-01  1.036308e-01
     vertex  2.153088e-02  2.238915e-01  1.199733e-01
     vertex  1.972843e-02  2.257925e-01  1.193766e-01
   endloop
 endfacet
 facet normal -2.868087e-01 -9.566958e-01  4.973855e-02
   outer loop
     vertex  2.375046e-02  2.223764e-01  1.036308e-01
     vertex  2.404800e-02  2.231680e-01  1.205732e-01
     vertex  2.153088e-02  2.238915e-01  1.199733e-01
   endloop
 endfacet
 facet normal -8.846224e-01 -4.578124e-01 -8.860641e-02
   outer loop
     vertex  2.375046e-02  2.223764e-01  1.036308e-01
     vertex  1.911444e-02  2.283716e-01  1.189398e-01
     vertex  2.887993e-02  2.187857e-01  7.097222e-02
   endloop
 endfacet
 facet normal -9.271374e-01 -2.655048e-01 -2.644305e-01
   outer loop
     vertex  1.445542e-02  2.218485e-01  1.418247e-01
     vertex  1.911444e-02  2.283716e-01  1.189398e-01
     vertex  1.972843e-02  2.257925e-01  1.193766e-01
   endloop
 endfacet
 facet normal -6.523013e-01 -7.054638e-01 -2.771711e-01
   outer loop
     vertex  1.445542e-02  2.218485e-01  1.418247e-01
     vertex  1.972843e-02  2.257925e-01  1.193766e-01
     vertex  2.153088e-02  2.238915e-01  1.199733e-01
   endloop
 endfacet
 facet normal -2.356831e-01 -9.575752e-01 -1.658410e-01
   outer loop
     vertex  1.445542e-02  2.218485e-01  1.418247e-01
     vertex  2.153088e-02  2.238915e-01  1.199733e-01
     vertex  2.404800e-02  2.231680e-01  1.205732e-01
   endloop
 endfacet
 facet normal -8.680873e-01 -2.809121e-01 -4.092833e-01
   outer loop
     vertex  1.874633e-02  1.971504e-01  1.496752e-01
     vertex  1.445542e-02  2.218485e-01  1.418247e-01
     vertex  2.404800e-02  2.231680e-01  1.205732e-01
   endloop
 endfacet
 facet normal -1.117974e-01  9.667293e-01  2.300777e-01
   outer loop
     vertex -8.276742e-02  2.684885e-01 -3.425242e-02
     vertex -7.816145e-02  2.689206e-01 -3.382974e-02
     vertex -7.721375e-02  2.696142e-01 -3.628351e-02
   endloop
 endfacet
 facet normal -1.301040e-01  7.010515e-01  7.011417e-01
   outer loop
     vertex -8.276742e-02  2.684885e-01 -3.425242e-02
     vertex -7.890940e-02  2.670030e-01 -3.205113e-02
     vertex -7.816145e-02  2.689206e-01 -3.382974e-02
   endloop
 endfacet
 facet normal -3.166296e-01  2.588046e-01  9.125601e-01
   outer loop
     vertex -8.215055e-02  2.646542e-01 -3.250959e-02
     vertex -7.925606e-02  2.643780e-01 -3.142697e-02
     vertex -7.890940e-02  2.670030e-01 -3.205113e-02
   endloop
 endfacet
 facet normal -3.660036e-01  3.356393e-01  8.679790e-01
   outer loop
     vertex -8.215055e-02  2.646542e-01 -3.250959e-02
     vertex -7.890940e-02  2.670030e-01 -3.205113e-02
     vertex -8.276742e-02  2.684885e-01 -3.425242e-02
   endloop
 endfacet
 facet normal  8.909844e-02  7.477168e-01  6.580130e-01
   outer loop
     vertex -9.357553e-02  2.772671e-01 -4.276428e-02
     vertex -8.276742e-02  2.684885e-01 -3.425242e-02
     vertex -7.721375e-02  2.696142e-01 -3.628351e-02
   endloop
 endfacet
 facet normal -3.305694e-01  8.914783e-02  9.395619e-01
   outer loop
     vertex -1.413866e-02  2.501857e-01 -7.169882e-03
     vertex -7.925606e-02  2.643780e-01 -3.142697e-02
     vertex -1.434398e-02  2.491925e-01 -7.147881e-03
   endloop
 endfacet
 facet normal  1.045664e-01  9.457191e-01  3.077030e-01
   outer loop
     vertex -1.145133e-02  2.544866e-01 -1.213707e-02
     vertex -7.721375e-02  2.696142e-01 -3.628351e-02
     vertex -7.816145e-02  2.689206e-01 -3.382974e-02
   endloop
 endfacet
 facet normal -8.203677e-02  6.947482e-01  7.145593e-01
   outer loop
     vertex -1.145133e-02  2.544866e-01 -1.213707e-02
     vertex -7.816145e-02  2.689206e-01 -3.382974e-02
     vertex -7.890940e-02  2.670030e-01 -3.205113e-02
   endloop
 endfacet
 facet normal -2.302443e-01  2.537916e-01  9.394559e-01
   outer loop
     vertex -1.145133e-02  2.544866e-01 -1.213707e-02
     vertex -7.890940e-02  2.670030e-01 -3.205113e-02
     vertex -7.925606e-02  2.643780e-01 -3.142697e-02
   endloop
 endfacet
 facet normal -6.720047e-02  7.719908e-01  6.320715e-01
   outer loop
     vertex -1.145133e-02  2.544866e-01 -1.213707e-02
     vertex -7.925606e-02  2.643780e-01 -3.142697e-02
     vertex -1.413866e-02  2.501857e-01 -7.169882e-03
   endloop
 endfacet
 facet normal -7.428938e-01  6.498259e-01  1.607333e-01
   outer loop
     vertex -5.918347e-03  2.517727e-01  2.440770e-02
     vertex -1.145133e-02  2.544866e-01 -1.213707e-02
     vertex -1.413866e-02  2.501857e-01 -7.169882e-03
   endloop
 endfacet
 facet normal -3.242333e-01  9.452572e-01  3.689978e-02
   outer loop
     vertex -5.918347e-03  2.517727e-01  2.440770e-02
     vertex -1.413866e-02  2.501857e-01 -7.169882e-03
     vertex -1.058350e-02  2.501857e-01  2.406887e-02
   endloop
 endfacet
 facet normal -2.206024e-01  7.749514e-01 -5.922710e-01
   outer loop
     vertex -5.918347e-03  2.517727e-01  2.440770e-02
     vertex -1.058350e-02  2.501857e-01  2.406887e-02
     vertex -6.848751e-03  2.544866e-01  2.830518e-02
   endloop
 endfacet
 facet normal -8.876131e-01 -4.493761e-01  1.010159e-01
   outer loop
     vertex -5.918347e-03  2.517727e-01  2.440770e-02
     vertex -6.848751e-03  2.544866e-01  2.830518e-02
     vertex -1.145133e-02  2.544866e-01 -1.213707e-02
   endloop
 endfacet
 facet normal  3.275084e-02  9.457191e-01 -3.233306e-01
   outer loop
     vertex -6.848751e-03  2.544866e-01  2.830518e-02
     vertex -6.697853e-02  2.689206e-01  6.443302e-02
     vertex -6.550370e-02  2.696142e-01  6.661110e-02
   endloop
 endfacet
 facet normal -2.405019e-01  6.947482e-01 -6.778524e-01
   outer loop
     vertex -6.848751e-03  2.544866e-01  2.830518e-02
     vertex -6.810701e-02  2.670030e-01  6.286797e-02
     vertex -6.697853e-02  2.689206e-01  6.443302e-02
   endloop
 endfacet
 facet normal -4.354541e-01  2.537916e-01 -8.636953e-01
   outer loop
     vertex -6.848751e-03  2.544866e-01  2.830518e-02
     vertex -6.858506e-02  2.643780e-01  6.233766e-02
     vertex -6.810701e-02  2.670030e-01  6.286797e-02
   endloop
 endfacet
 facet normal -2.075098e-01  7.719908e-01 -6.008077e-01
   outer loop
     vertex -1.058350e-02  2.501857e-01  2.406887e-02
     vertex -6.858506e-02  2.643780e-01  6.233766e-02
     vertex -6.848751e-03  2.544866e-01  2.830518e-02
   endloop
 endfacet
 facet normal -5.332375e-01  8.914783e-02 -8.412552e-01
   outer loop
     vertex -1.078850e-02  2.491925e-01  2.409357e-02
     vertex -6.858506e-02  2.643780e-01  6.233766e-02
     vertex -1.058350e-02  2.501857e-01  2.406887e-02
   endloop
 endfacet
 facet normal -5.135868e-01  2.588046e-01 -8.180763e-01
   outer loop
     vertex -6.810701e-02  2.670030e-01  6.286797e-02
     vertex -6.858506e-02  2.643780e-01  6.233766e-02
     vertex -7.116226e-02  2.646542e-01  6.404300e-02
   endloop
 endfacet
 facet normal -1.606374e-01  9.667293e-01 -1.990729e-01
   outer loop
     vertex -7.137174e-02  2.684885e-01  6.587987e-02
     vertex -6.550370e-02  2.696142e-01  6.661110e-02
     vertex -6.697853e-02  2.689206e-01  6.443302e-02
   endloop
 endfacet
 facet normal -2.843250e-01  7.010515e-01 -6.539771e-01
   outer loop
     vertex -7.137174e-02  2.684885e-01  6.587987e-02
     vertex -6.697853e-02  2.689206e-01  6.443302e-02
     vertex -6.810701e-02  2.670030e-01  6.286797e-02
   endloop
 endfacet
 facet normal -5.516808e-01  3.356393e-01 -7.635408e-01
   outer loop
     vertex -7.137174e-02  2.684885e-01  6.587987e-02
     vertex -6.810701e-02  2.670030e-01  6.286797e-02
     vertex -7.116226e-02  2.646542e-01  6.404300e-02
   endloop
 endfacet
 facet normal -6.103697e-02  7.477168e-01 -6.612065e-01
   outer loop
     vertex -7.999083e-02  2.772671e-01  7.660266e-02
     vertex -6.550370e-02  2.696142e-01  6.661110e-02
     vertex -7.137174e-02  2.684885e-01  6.587987e-02
   endloop
 endfacet
 facet normal -2.672948e-01 -2.655048e-01  9.263157e-01
   outer loop
     vertex -8.215055e-02  2.218485e-01 -3.250959e-02
     vertex -6.032108e-02  2.257925e-01 -2.508009e-02
     vertex -6.027625e-02  2.283716e-01 -2.432794e-02
   endloop
 endfacet
 facet normal -1.107914e-01 -7.054638e-01  7.000329e-01
   outer loop
     vertex -8.215055e-02  2.218485e-01 -3.250959e-02
     vertex -5.987154e-02  2.238915e-01 -2.692478e-02
     vertex -6.032108e-02  2.257925e-01 -2.508009e-02
   endloop
 endfacet
 facet normal  1.567460e-02 -9.575752e-01  2.877569e-01
   outer loop
     vertex -8.215055e-02  2.218485e-01 -3.250959e-02
     vertex -5.904578e-02  2.231680e-01 -2.937710e-02
     vertex -5.987154e-02  2.238915e-01 -2.692478e-02
   endloop
 endfacet
 facet normal -1.131676e-01 -2.809121e-01  9.530380e-01
   outer loop
     vertex -8.653237e-02  1.971504e-01 -4.030978e-02
     vertex -5.904578e-02  2.231680e-01 -2.937710e-02
     vertex -8.215055e-02  2.218485e-01 -3.250959e-02
   endloop
 endfacet
 facet normal -3.446348e-01 -2.572984e-01  9.027870e-01
   outer loop
     vertex -4.483786e-02  2.223764e-01 -2.014306e-02
     vertex -6.027625e-02  2.283716e-01 -2.432794e-02
     vertex -6.032108e-02  2.257925e-01 -2.508009e-02
   endloop
 endfacet
 facet normal -3.532687e-01 -6.931666e-01  6.282685e-01
   outer loop
     vertex -4.483786e-02  2.223764e-01 -2.014306e-02
     vertex -6.032108e-02  2.257925e-01 -2.508009e-02
     vertex -5.987154e-02  2.238915e-01 -2.692478e-02
   endloop
 endfacet
 facet normal -1.942215e-01 -9.566958e-01  2.168206e-01
   outer loop
     vertex -4.483786e-02  2.223764e-01 -2.014306e-02
     vertex -5.987154e-02  2.238915e-01 -2.692478e-02
     vertex -5.904578e-02  2.231680e-01 -2.937710e-02
   endloop
 endfacet
 facet normal -3.438571e-01 -8.192869e-01  4.588369e-01
   outer loop
     vertex -4.483786e-02  2.223764e-01 -2.014306e-02
     vertex -5.904578e-02  2.231680e-01 -2.937710e-02
     vertex -1.497773e-02  2.140270e-01 -1.267395e-02
   endloop
 endfacet
 facet normal -3.512402e-01 -6.900699e-01  6.327984e-01
   outer loop
     vertex -4.483786e-02  2.223764e-01 -2.014306e-02
     vertex -1.497773e-02  2.140270e-01 -1.267395e-02
     vertex -1.442689e-02  2.187857e-01 -7.178895e-03
   endloop
 endfacet
 facet normal -3.938395e-01 -4.578124e-01  7.970560e-01
   outer loop
     vertex -4.483786e-02  2.223764e-01 -2.014306e-02
     vertex -1.442689e-02  2.187857e-01 -7.178895e-03
     vertex -6.027625e-02  2.283716e-01 -2.432794e-02
   endloop
 endfacet
 facet normal -6.442466e-01 -5.450219e-01  5.365607e-01
   outer loop
     vertex -1.245750e-02  2.148033e-01 -8.859469e-03
     vertex -1.442689e-02  2.187857e-01 -7.178895e-03
     vertex -1.497773e-02  2.140270e-01 -1.267395e-02
   endloop
 endfacet
 facet normal -3.484510e-01  9.364878e-01  3.965590e-02
   outer loop
     vertex -1.245750e-02  2.148033e-01 -8.859469e-03
     vertex -1.497773e-02  2.140270e-01 -1.267395e-02
     vertex -1.016433e-02  2.140270e-01  2.962072e-02
   endloop
 endfacet
 facet normal -9.951600e-01 -7.954437e-02  5.770052e-02
   outer loop
     vertex -1.245750e-02  2.148033e-01 -8.859469e-03
     vertex -1.016433e-02  2.140270e-01  2.962072e-02
     vertex -1.086233e-02  2.187857e-01  2.414242e-02
   endloop
 endfacet
 facet normal -9.927633e-01  1.151473e-01  3.409076e-02
   outer loop
     vertex -1.245750e-02  2.148033e-01 -8.859469e-03
     vertex -1.086233e-02  2.187857e-01  2.414242e-02
     vertex -1.078850e-02  2.194367e-01  2.409357e-02
   endloop
 endfacet
 facet normal -9.073226e-01 -4.075576e-01  1.032590e-01
   outer loop
     vertex -1.245750e-02  2.148033e-01 -8.859469e-03
     vertex -1.078850e-02  2.194367e-01  2.409357e-02
     vertex -1.434398e-02  2.194367e-01 -7.147881e-03
   endloop
 endfacet
 facet normal  5.128318e-01 -1.059072e-01  8.519315e-01
   outer loop
     vertex -1.245750e-02  2.148033e-01 -8.859469e-03
     vertex -1.434398e-02  2.194367e-01 -7.147881e-03
     vertex -1.442689e-02  2.187857e-01 -7.178895e-03
   endloop
 endfacet
 facet normal -4.844493e-01 -6.900699e-01 -5.376918e-01
   outer loop
     vertex -3.758254e-02  2.223764e-01  4.360846e-02
     vertex -1.086233e-02  2.187857e-01  2.414242e-02
     vertex -1.016433e-02  2.140270e-01  2.962072e-02
   endloop
 endfacet
 facet normal -4.381655e-01 -8.192869e-01 -3.698378e-01
   outer loop
     vertex -3.758254e-02  2.223764e-01  4.360846e-02
     vertex -1.016433e-02  2.140270e-01  2.962072e-02
     vertex -4.935222e-02  2.231680e-01  5.579892e-02
   endloop
 endfacet
 facet normal -5.386798e-01 -2.572984e-01 -8.022603e-01
   outer loop
     vertex -3.758254e-02  2.223764e-01  4.360846e-02
     vertex -5.156046e-02  2.257925e-01  5.189836e-02
     vertex -5.168578e-02  2.283716e-01  5.115537e-02
   endloop
 endfacet
 facet normal -4.854080e-01 -6.931666e-01 -5.328219e-01
   outer loop
     vertex -3.758254e-02  2.223764e-01  4.360846e-02
     vertex -5.070790e-02  2.238915e-01  5.359486e-02
     vertex -5.156046e-02  2.257925e-01  5.189836e-02
   endloop
 endfacet
 facet normal -2.379748e-01 -9.566958e-01 -1.676339e-01
   outer loop
     vertex -3.758254e-02  2.223764e-01  4.360846e-02
     vertex -4.935222e-02  2.231680e-01  5.579892e-02
     vertex -5.070790e-02  2.238915e-01  5.359486e-02
   endloop
 endfacet
 facet normal -5.628683e-01 -4.578124e-01 -6.881767e-01
   outer loop
     vertex -3.758254e-02  2.223764e-01  4.360846e-02
     vertex -5.168578e-02  2.283716e-01  5.115537e-02
     vertex -1.086233e-02  2.187857e-01  2.414242e-02
   endloop
 endfacet
 facet normal -4.686045e-01 -2.655048e-01 -8.425657e-01
   outer loop
     vertex -7.116226e-02  2.218485e-01  6.404300e-02
     vertex -5.168578e-02  2.283716e-01  5.115537e-02
     vertex -5.156046e-02  2.257925e-01  5.189836e-02
   endloop
 endfacet
 facet normal -2.652571e-01 -7.054638e-01 -6.572362e-01
   outer loop
     vertex -7.116226e-02  2.218485e-01  6.404300e-02
     vertex -5.156046e-02  2.257925e-01  5.189836e-02
     vertex -5.070790e-02  2.238915e-01  5.359486e-02
   endloop
 endfacet
 facet normal -4.938585e-02 -9.575752e-01 -2.839204e-01
   outer loop
     vertex -7.116226e-02  2.218485e-01  6.404300e-02
     vertex -5.070790e-02  2.238915e-01  5.359486e-02
     vertex -4.935222e-02  2.231680e-01  5.579892e-02
   endloop
 endfacet
 facet normal -3.244234e-01 -2.809121e-01 -9.032374e-01
   outer loop
     vertex -7.367931e-02  1.971504e-01  7.262832e-02
     vertex -7.116226e-02  2.218485e-01  6.404300e-02
     vertex -4.935222e-02  2.231680e-01  5.579892e-02
   endloop
 endfacet
 facet normal -2.417422e-01  9.667293e-01  8.363678e-02
   outer loop
     vertex -1.540388e-02  2.684885e-01 -1.292092e-01
     vertex -1.244584e-02  2.689206e-01 -1.256534e-01
     vertex -1.004063e-02  2.696142e-01 -1.267184e-01
   endloop
 endfacet
 facet normal -5.877795e-01  7.010515e-01  4.037846e-01
   outer loop
     vertex -1.540388e-02  2.684885e-01 -1.292092e-01
     vertex -1.423239e-02  2.670030e-01 -1.249247e-01
     vertex -1.244584e-02  2.689206e-01 -1.256534e-01
   endloop
 endfacet
 facet normal -8.691683e-01  2.588046e-01  4.213865e-01
   outer loop
     vertex -1.620004e-02  2.646542e-01 -1.275407e-01
     vertex -1.491887e-02  2.643780e-01 -1.247284e-01
     vertex -1.423239e-02  2.670030e-01 -1.249247e-01
   endloop
 endfacet
 facet normal -8.725575e-01  3.356393e-01  3.549502e-01
   outer loop
     vertex -1.620004e-02  2.646542e-01 -1.275407e-01
     vertex -1.423239e-02  2.670030e-01 -1.249247e-01
     vertex -1.540388e-02  2.684885e-01 -1.292092e-01
   endloop
 endfacet
 facet normal -4.022833e-01  7.477168e-01  5.282875e-01
   outer loop
     vertex -1.702757e-02  2.772671e-01 -1.428705e-01
     vertex -1.540388e-02  2.684885e-01 -1.292092e-01
     vertex -1.004063e-02  2.696142e-01 -1.267184e-01
   endloop
 endfacet
 facet normal -8.981185e-01  8.914783e-02  4.306227e-01
   outer loop
     vertex  1.397374e-02  2.501857e-01 -6.153114e-02
     vertex -1.491887e-02  2.643780e-01 -1.247284e-01
     vertex  1.381301e-02  2.491925e-01 -6.166076e-02
   endloop
 endfacet
 facet normal -1.436393e-01  9.457191e-01  2.915185e-01
   outer loop
     vertex  1.938630e-02  2.544866e-01 -6.314324e-02
     vertex -1.004063e-02  2.696142e-01 -1.267184e-01
     vertex -1.244584e-02  2.689206e-01 -1.256534e-01
   endloop
 endfacet
 facet normal -5.632785e-01  6.947482e-01  4.472609e-01
   outer loop
     vertex  1.938630e-02  2.544866e-01 -6.314324e-02
     vertex -1.244584e-02  2.689206e-01 -1.256534e-01
     vertex -1.423239e-02  2.670030e-01 -1.249247e-01
   endloop
 endfacet
 facet normal -8.271029e-01  2.537916e-01  5.014884e-01
   outer loop
     vertex  1.938630e-02  2.544866e-01 -6.314324e-02
     vertex -1.423239e-02  2.670030e-01 -1.249247e-01
     vertex -1.491887e-02  2.643780e-01 -1.247284e-01
   endloop
 endfacet
 facet normal -4.944599e-01  7.719908e-01  3.994241e-01
   outer loop
     vertex  1.938630e-02  2.544866e-01 -6.314324e-02
     vertex -1.491887e-02  2.643780e-01 -1.247284e-01
     vertex  1.397374e-02  2.501857e-01 -6.153114e-02
   endloop
 endfacet
 facet normal -6.389608e-01  6.498259e-01 -4.116496e-01
   outer loop
     vertex -2.542343e-03  2.517727e-01 -3.338977e-02
     vertex  1.938630e-02  2.544866e-01 -6.314324e-02
     vertex  1.397374e-02  2.501857e-01 -6.153114e-02
   endloop
 endfacet
 facet normal -2.553597e-01  9.452572e-01 -2.031755e-01
   outer loop
     vertex -2.542343e-03  2.517727e-01 -3.338977e-02
     vertex  1.397374e-02  2.501857e-01 -6.153114e-02
     vertex -5.601513e-03  2.501857e-01 -3.692812e-02
   endloop
 endfacet
 facet normal  2.628094e-01  7.749514e-01 -5.747883e-01
   outer loop
     vertex -2.542343e-03  2.517727e-01 -3.338977e-02
     vertex -5.601513e-03  2.501857e-01 -3.692812e-02
     vertex -5.956172e-03  2.544866e-01 -3.129173e-02
   endloop
 endfacet
 facet normal -6.990662e-01 -4.493761e-01 -5.562082e-01
   outer loop
     vertex -2.542343e-03  2.517727e-01 -3.338977e-02
     vertex -5.956172e-03  2.544866e-01 -3.129173e-02
     vertex  1.938630e-02  2.544866e-01 -6.314324e-02
   endloop
 endfacet
 facet normal  2.517876e-01  9.457191e-01 -2.054709e-01
   outer loop
     vertex -5.956172e-03  2.544866e-01 -3.129173e-02
     vertex -7.402059e-02  2.689206e-01 -4.826366e-02
     vertex -7.451786e-02  2.696142e-01 -4.568067e-02
   endloop
 endfacet
 facet normal  3.092535e-01  6.947482e-01 -6.493745e-01
   outer loop
     vertex -5.956172e-03  2.544866e-01 -3.129173e-02
     vertex -7.371189e-02  2.670030e-01 -5.016828e-02
     vertex -7.402059e-02  2.689206e-01 -4.826366e-02
   endloop
 endfacet
 facet normal  3.028122e-01  2.537916e-01 -9.186373e-01
   outer loop
     vertex -5.956172e-03  2.544866e-01 -3.129173e-02
     vertex -7.367493e-02  2.643780e-01 -5.088130e-02
     vertex -7.371189e-02  2.670030e-01 -5.016828e-02
   endloop
 endfacet
 facet normal  2.781036e-01  7.719908e-01 -5.715668e-01
   outer loop
     vertex -5.601513e-03  2.501857e-01 -3.692812e-02
     vertex -7.367493e-02  2.643780e-01 -5.088130e-02
     vertex -5.956172e-03  2.544866e-01 -3.129173e-02
   endloop
 endfacet
 facet normal  2.178014e-01  8.914783e-02 -9.719132e-01
   outer loop
     vertex -5.763935e-03  2.491925e-01 -3.705562e-02
     vertex -7.367493e-02  2.643780e-01 -5.088130e-02
     vertex -5.601513e-03  2.501857e-01 -3.692812e-02
   endloop
 endfacet
 facet normal  2.153066e-01  2.588046e-01 -9.416280e-01
   outer loop
     vertex -7.371189e-02  2.670030e-01 -5.016828e-02
     vertex -7.367493e-02  2.643780e-01 -5.088130e-02
     vertex -7.670314e-02  2.646542e-01 -5.149780e-02
   endloop
 endfacet
 facet normal  2.717798e-02  9.667293e-01 -2.543536e-01
   outer loop
     vertex -7.815013e-02  2.684885e-01 -5.034706e-02
     vertex -7.451786e-02  2.696142e-01 -4.568067e-02
     vertex -7.402059e-02  2.689206e-01 -4.826366e-02
   endloop
 endfacet
 facet normal  2.613835e-01  7.010515e-01 -6.634798e-01
   outer loop
     vertex -7.815013e-02  2.684885e-01 -5.034706e-02
     vertex -7.402059e-02  2.689206e-01 -4.826366e-02
     vertex -7.371189e-02  2.670030e-01 -5.016828e-02
   endloop
 endfacet
 facet normal  1.498077e-01  3.356393e-01 -9.300021e-01
   outer loop
     vertex -7.815013e-02  2.684885e-01 -5.034706e-02
     vertex -7.371189e-02  2.670030e-01 -5.016828e-02
     vertex -7.670314e-02  2.646542e-01 -5.149780e-02
   endloop
 endfacet
 facet normal  4.243840e-01  7.477168e-01 -5.107033e-01
   outer loop
     vertex -9.182691e-02  2.772671e-01 -4.885952e-02
     vertex -7.451786e-02  2.696142e-01 -4.568067e-02
     vertex -7.815013e-02  2.684885e-01 -5.034706e-02
   endloop
 endfacet
 facet normal -8.440100e-01 -2.655048e-01  4.659981e-01
   outer loop
     vertex -1.620004e-02  2.218485e-01 -1.275407e-01
     vertex -6.017734e-03  2.257925e-01 -1.068515e-01
     vertex -6.517881e-03  2.283716e-01 -1.062879e-01
   endloop
 endfacet
 facet normal -5.733394e-01 -7.054638e-01  4.166567e-01
   outer loop
     vertex -1.620004e-02  2.218485e-01 -1.275407e-01
     vertex -4.395467e-03  2.238915e-01 -1.078380e-01
     vertex -6.017734e-03  2.257925e-01 -1.068515e-01
   endloop
 endfacet
 facet normal -1.923913e-01 -9.575752e-01  2.145585e-01
   outer loop
     vertex -1.620004e-02  2.218485e-01 -1.275407e-01
     vertex -2.077518e-03  2.231680e-01 -1.089881e-01
     vertex -4.395467e-03  2.238915e-01 -1.078380e-01
   endloop
 endfacet
 facet normal -7.539213e-01 -2.809121e-01  5.938780e-01
   outer loop
     vertex -1.378290e-02  1.971504e-01 -1.361547e-01
     vertex -2.077518e-03  2.231680e-01 -1.089881e-01
     vertex -1.620004e-02  2.218485e-01 -1.275407e-01
   endloop
 endfacet
 facet normal -8.820604e-01 -2.572984e-01  3.946732e-01
   outer loop
     vertex  1.439547e-03  2.223764e-01 -9.241217e-02
     vertex -6.517881e-03  2.283716e-01 -1.062879e-01
     vertex -6.017734e-03  2.257925e-01 -1.068515e-01
   endloop
 endfacet
 facet normal -6.940516e-01 -6.931666e-01  1.944542e-01
   outer loop
     vertex  1.439547e-03  2.223764e-01 -9.241217e-02
     vertex -6.017734e-03  2.257925e-01 -1.068515e-01
     vertex -4.395467e-03  2.238915e-01 -1.078380e-01
   endloop
 endfacet
 facet normal -2.906506e-01 -9.566958e-01  1.597993e-02
   outer loop
     vertex  1.439547e-03  2.223764e-01 -9.241217e-02
     vertex -4.395467e-03  2.238915e-01 -1.078380e-01
     vertex -2.077518e-03  2.231680e-01 -1.089881e-01
   endloop
 endfacet
 facet normal -5.675904e-01 -8.192869e-01  8.130297e-02
   outer loop
     vertex  1.439547e-03  2.223764e-01 -9.241217e-02
     vertex -2.077518e-03  2.231680e-01 -1.089881e-01
     vertex  1.727239e-02  2.140270e-01 -6.601641e-02
   endloop
 endfacet
 facet normal -6.958204e-01 -6.900699e-01  1.990918e-01
   outer loop
     vertex  1.439547e-03  2.223764e-01 -9.241217e-02
     vertex  1.727239e-02  2.140270e-01 -6.601641e-02
     vertex  1.377630e-02  2.187857e-01 -6.174132e-02
   endloop
 endfacet
 facet normal -8.420903e-01 -4.578124e-01  2.851171e-01
   outer loop
     vertex  1.439547e-03  2.223764e-01 -9.241217e-02
     vertex  1.377630e-02  2.187857e-01 -6.174132e-02
     vertex -6.517881e-03  2.283716e-01 -1.062879e-01
   endloop
 endfacet
 facet normal -8.349570e-01 -5.450217e-01 -7.614571e-02
   outer loop
     vertex  1.635722e-02  2.148033e-01 -6.153709e-02
     vertex  1.377630e-02  2.187857e-01 -6.174132e-02
     vertex  1.727239e-02  2.140270e-01 -6.601641e-02
   endloop
 endfacet
 facet normal -2.744335e-01  9.364875e-01 -2.183515e-01
   outer loop
     vertex  1.635722e-02  2.148033e-01 -6.153709e-02
     vertex  1.727239e-02  2.140270e-01 -6.601641e-02
     vertex -9.230868e-03  2.140270e-01 -3.270597e-02
   endloop
 endfacet
 facet normal -7.444848e-01 -7.954431e-02 -6.628839e-01
   outer loop
     vertex  1.635722e-02  2.148033e-01 -6.153709e-02
     vertex -9.230868e-03  2.140270e-01 -3.270597e-02
     vertex -5.850683e-03  2.187857e-01 -3.707328e-02
   endloop
 endfacet
 facet normal -7.260955e-01  1.151473e-01 -6.778838e-01
   outer loop
     vertex  1.635722e-02  2.148033e-01 -6.153709e-02
     vertex -5.850683e-03  2.187857e-01 -3.707328e-02
     vertex -5.763935e-03  2.194367e-01 -3.705562e-02
   endloop
 endfacet
 facet normal -7.145892e-01 -4.075573e-01 -5.685590e-01
   outer loop
     vertex  1.635722e-02  2.148033e-01 -6.153709e-02
     vertex -5.763935e-03  2.194367e-01 -3.705562e-02
     vertex  1.381301e-02  2.194367e-01 -6.166076e-02
   endloop
 endfacet
 facet normal -2.397792e-01 -1.059072e-01  9.650335e-01
   outer loop
     vertex  1.635722e-02  2.148033e-01 -6.153709e-02
     vertex  1.381301e-02  2.194367e-01 -6.166076e-02
     vertex  1.377630e-02  2.187857e-01 -6.174132e-02
   endloop
 endfacet
 facet normal  3.764812e-02 -6.900699e-01 -7.227629e-01
   outer loop
     vertex -3.850930e-02  2.223764e-01 -4.220275e-02
     vertex -5.850683e-03  2.187857e-01 -3.707328e-02
     vertex -9.230868e-03  2.140270e-01 -3.270597e-02
   endloop
 endfacet
 facet normal -4.831495e-02 -8.192869e-01 -5.713446e-01
   outer loop
     vertex -3.850930e-02  2.223764e-01 -4.220275e-02
     vertex -9.230868e-03  2.140270e-01 -3.270597e-02
     vertex -5.545167e-02  2.231680e-01 -4.190522e-02
   endloop
 endfacet
 facet normal  1.863795e-01 -2.572984e-01 -9.481879e-01
   outer loop
     vertex -3.850930e-02  2.223764e-01 -4.220275e-02
     vertex -5.425502e-02  2.257925e-01 -4.622479e-02
     vertex -5.381826e-02  2.283716e-01 -4.683877e-02
   endloop
 endfacet
 facet normal  3.352665e-02 -6.931666e-01 -7.199973e-01
   outer loop
     vertex -3.850930e-02  2.223764e-01 -4.220275e-02
     vertex -5.485178e-02  2.238915e-01 -4.442233e-02
     vertex -5.425502e-02  2.257925e-01 -4.622479e-02
   endloop
 endfacet
 facet normal -4.973855e-02 -9.566958e-01 -2.868087e-01
   outer loop
     vertex -3.850930e-02  2.223764e-01 -4.220275e-02
     vertex -5.545167e-02  2.231680e-01 -4.190522e-02
     vertex -5.485178e-02  2.238915e-01 -4.442233e-02
   endloop
 endfacet
 facet normal  8.860641e-02 -4.578124e-01 -8.846224e-01
   outer loop
     vertex -3.850930e-02  2.223764e-01 -4.220275e-02
     vertex -5.381826e-02  2.283716e-01 -4.683877e-02
     vertex -5.850683e-03  2.187857e-01 -3.707328e-02
   endloop
 endfacet
 facet normal  2.644305e-01 -2.655048e-01 -9.271374e-01
   outer loop
     vertex -7.670314e-02  2.218485e-01 -5.149780e-02
     vertex -5.381826e-02  2.283716e-01 -4.683877e-02
     vertex -5.425502e-02  2.257925e-01 -4.622479e-02
   endloop
 endfacet
 facet normal  2.771711e-01 -7.054638e-01 -6.523013e-01
   outer loop
     vertex -7.670314e-02  2.218485e-01 -5.149780e-02
     vertex -5.425502e-02  2.257925e-01 -4.622479e-02
     vertex -5.485178e-02  2.238915e-01 -4.442233e-02
   endloop
 endfacet
 facet normal  1.658410e-01 -9.575752e-01 -2.356831e-01
   outer loop
     vertex -7.670314e-02  2.218485e-01 -5.149780e-02
     vertex -5.485178e-02  2.238915e-01 -4.442233e-02
     vertex -5.545167e-02  2.231680e-01 -4.190522e-02
   endloop
 endfacet
 facet normal  4.092833e-01 -2.809121e-01 -8.680873e-01
   outer loop
     vertex -8.455370e-02  1.971504e-01 -4.720688e-02
     vertex -7.670314e-02  2.218485e-01 -5.149780e-02
     vertex -5.545167e-02  2.231680e-01 -4.190522e-02
   endloop
 endfacet
 facet normal -2.300777e-01  9.667293e-01 -1.117974e-01
   outer loop
     vertex  9.937396e-02  2.684885e-01 -1.487206e-01
     vertex  9.895128e-02  2.689206e-01 -1.441147e-01
     vertex  1.014051e-01  2.696142e-01 -1.431670e-01
   endloop
 endfacet
 facet normal -7.011417e-01  7.010515e-01 -1.301040e-01
   outer loop
     vertex  9.937396e-02  2.684885e-01 -1.487206e-01
     vertex  9.717267e-02  2.670030e-01 -1.448626e-01
     vertex  9.895128e-02  2.689206e-01 -1.441147e-01
   endloop
 endfacet
 facet normal -9.125601e-01  2.588046e-01 -3.166296e-01
   outer loop
     vertex  9.763113e-02  2.646542e-01 -1.481038e-01
     vertex  9.654851e-02  2.643780e-01 -1.452093e-01
     vertex  9.717267e-02  2.670030e-01 -1.448626e-01
   endloop
 endfacet
 facet normal -8.679790e-01  3.356393e-01 -3.660036e-01
   outer loop
     vertex  9.763113e-02  2.646542e-01 -1.481038e-01
     vertex  9.717267e-02  2.670030e-01 -1.448626e-01
     vertex  9.937396e-02  2.684885e-01 -1.487206e-01
   endloop
 endfacet
 facet normal -6.580130e-01  7.477168e-01  8.909844e-02
   outer loop
     vertex  1.078858e-01  2.772671e-01 -1.595287e-01
     vertex  9.937396e-02  2.684885e-01 -1.487206e-01
     vertex  1.014051e-01  2.696142e-01 -1.431670e-01
   endloop
 endfacet
 facet normal -9.395619e-01  8.914783e-02 -3.305694e-01
   outer loop
     vertex  7.229142e-02  2.501857e-01 -8.009188e-02
     vertex  9.654851e-02  2.643780e-01 -1.452093e-01
     vertex  7.226942e-02  2.491925e-01 -8.029719e-02
   endloop
 endfacet
 facet normal -3.077030e-01  9.457191e-01  1.045664e-01
   outer loop
     vertex  7.725861e-02  2.544866e-01 -7.740455e-02
     vertex  1.014051e-01  2.696142e-01 -1.431670e-01
     vertex  9.895128e-02  2.689206e-01 -1.441147e-01
   endloop
 endfacet
 facet normal -7.145593e-01  6.947482e-01 -8.203677e-02
   outer loop
     vertex  7.725861e-02  2.544866e-01 -7.740455e-02
     vertex  9.895128e-02  2.689206e-01 -1.441147e-01
     vertex  9.717267e-02  2.670030e-01 -1.448626e-01
   endloop
 endfacet
 facet normal -9.394559e-01  2.537916e-01 -2.302443e-01
   outer loop
     vertex  7.725861e-02  2.544866e-01 -7.740455e-02
     vertex  9.717267e-02  2.670030e-01 -1.448626e-01
     vertex  9.654851e-02  2.643780e-01 -1.452093e-01
   endloop
 endfacet
 facet normal -6.320715e-01  7.719908e-01 -6.720047e-02
   outer loop
     vertex  7.725861e-02  2.544866e-01 -7.740455e-02
     vertex  9.654851e-02  2.643780e-01 -1.452093e-01
     vertex  7.229142e-02  2.501857e-01 -8.009188e-02
   endloop
 endfacet
 facet normal -6.395003e-01  7.674056e-01 -4.613108e-02
   outer loop
     vertex  7.229142e-02  2.501857e-01 -8.009188e-02
     vertex  5.936749e-02  2.409465e-01 -5.462977e-02
     vertex  7.725861e-02  2.544866e-01 -7.740455e-02
   endloop
 endfacet
 facet normal  4.086558e-02  9.324116e-01  3.590803e-01
   outer loop
     vertex  7.229142e-02  2.501857e-01 -8.009188e-02
     vertex  4.105267e-02  2.501857e-01 -7.653671e-02
     vertex  5.936749e-02  2.409465e-01 -5.462977e-02
   endloop
 endfacet
 facet normal  5.922710e-01  7.749514e-01 -2.206024e-01
   outer loop
     vertex  4.071384e-02  2.517727e-01 -7.187156e-02
     vertex  4.105267e-02  2.501857e-01 -7.653671e-02
     vertex  3.681636e-02  2.544866e-01 -7.280197e-02
   endloop
 endfacet
 facet normal  5.876930e-01  7.977588e-01 -1.348989e-01
   outer loop
     vertex  4.071384e-02  2.517727e-01 -7.187156e-02
     vertex  3.681636e-02  2.544866e-01 -7.280197e-02
     vertex  5.936749e-02  2.409465e-01 -5.462977e-02
   endloop
 endfacet
 facet normal  6.283002e-01  7.492993e-01 -2.092594e-01
   outer loop
     vertex  4.071384e-02  2.517727e-01 -7.187156e-02
     vertex  5.936749e-02  2.409465e-01 -5.462977e-02
     vertex  4.105267e-02  2.501857e-01 -7.653671e-02
   endloop
 endfacet
 facet normal  3.233306e-01  9.457191e-01  3.275084e-02
   outer loop
     vertex  3.681636e-02  2.544866e-01 -7.280197e-02
     vertex  6.885160e-04  2.689206e-01 -1.329317e-01
     vertex -1.489562e-03  2.696142e-01 -1.314569e-01
   endloop
 endfacet
 facet normal  6.778524e-01  6.947482e-01 -2.405019e-01
   outer loop
     vertex  3.681636e-02  2.544866e-01 -7.280197e-02
     vertex  2.253570e-03  2.670030e-01 -1.340602e-01
     vertex  6.885160e-04  2.689206e-01 -1.329317e-01
   endloop
 endfacet
 facet normal  8.636953e-01  2.537916e-01 -4.354541e-01
   outer loop
     vertex  3.681636e-02  2.544866e-01 -7.280197e-02
     vertex  2.783880e-03  2.643780e-01 -1.345383e-01
     vertex  2.253570e-03  2.670030e-01 -1.340602e-01
   endloop
 endfacet
 facet normal  6.008077e-01  7.719908e-01 -2.075098e-01
   outer loop
     vertex  4.105267e-02  2.501857e-01 -7.653671e-02
     vertex  2.783880e-03  2.643780e-01 -1.345383e-01
     vertex  3.681636e-02  2.544866e-01 -7.280197e-02
   endloop
 endfacet
 facet normal  8.412552e-01  8.914783e-02 -5.332375e-01
   outer loop
     vertex  4.102797e-02  2.491925e-01 -7.674172e-02
     vertex  2.783880e-03  2.643780e-01 -1.345383e-01
     vertex  4.105267e-02  2.501857e-01 -7.653671e-02
   endloop
 endfacet
 facet normal  8.180763e-01  2.588046e-01 -5.135868e-01
   outer loop
     vertex  2.253570e-03  2.670030e-01 -1.340602e-01
     vertex  2.783880e-03  2.643780e-01 -1.345383e-01
     vertex  1.078545e-03  2.646542e-01 -1.371155e-01
   endloop
 endfacet
 facet normal  1.990729e-01  9.667293e-01 -1.606374e-01
   outer loop
     vertex -7.583260e-04  2.684885e-01 -1.373250e-01
     vertex -1.489562e-03  2.696142e-01 -1.314569e-01
     vertex  6.885160e-04  2.689206e-01 -1.329317e-01
   endloop
 endfacet
 facet normal  6.539771e-01  7.010515e-01 -2.843250e-01
   outer loop
     vertex -7.583260e-04  2.684885e-01 -1.373250e-01
     vertex  6.885160e-04  2.689206e-01 -1.329317e-01
     vertex  2.253570e-03  2.670030e-01 -1.340602e-01
   endloop
 endfacet
 facet normal  7.635408e-01  3.356393e-01 -5.516808e-01
   outer loop
     vertex -7.583260e-04  2.684885e-01 -1.373250e-01
     vertex  2.253570e-03  2.670030e-01 -1.340602e-01
     vertex  1.078545e-03  2.646542e-01 -1.371155e-01
   endloop
 endfacet
 facet normal  6.612065e-01  7.477168e-01 -6.103697e-02
   outer loop
     vertex -1.148112e-02  2.772671e-01 -1.459440e-01
     vertex -1.489562e-03  2.696142e-01 -1.314569e-01
     vertex -7.583260e-04  2.684885e-01 -1.373250e-01
   endloop
 endfacet
 facet normal -9.263157e-01 -2.655048e-01 -2.672948e-01
   outer loop
     vertex  9.763113e-02  2.218485e-01 -1.481038e-01
     vertex  9.020163e-02  2.257925e-01 -1.262743e-01
     vertex  8.944948e-02  2.283716e-01 -1.262295e-01
   endloop
 endfacet
 facet normal -7.000329e-01 -7.054638e-01 -1.107914e-01
   outer loop
     vertex  9.763113e-02  2.218485e-01 -1.481038e-01
     vertex  9.204632e-02  2.238915e-01 -1.258248e-01
     vertex  9.020163e-02  2.257925e-01 -1.262743e-01
   endloop
 endfacet
 facet normal -2.877569e-01 -9.575752e-01  1.567460e-02
   outer loop
     vertex  9.763113e-02  2.218485e-01 -1.481038e-01
     vertex  9.449864e-02  2.231680e-01 -1.249990e-01
     vertex  9.204632e-02  2.238915e-01 -1.258248e-01
   endloop
 endfacet
 facet normal -9.530380e-01 -2.809121e-01 -1.131676e-01
   outer loop
     vertex  1.054313e-01  1.971504e-01 -1.524856e-01
     vertex  9.449864e-02  2.231680e-01 -1.249990e-01
     vertex  9.763113e-02  2.218485e-01 -1.481038e-01
   endloop
 endfacet
 facet normal -9.027870e-01 -2.572984e-01 -3.446348e-01
   outer loop
     vertex  8.526460e-02  2.223764e-01 -1.107911e-01
     vertex  8.944948e-02  2.283716e-01 -1.262295e-01
     vertex  9.020163e-02  2.257925e-01 -1.262743e-01
   endloop
 endfacet
 facet normal -6.282685e-01 -6.931666e-01 -3.532687e-01
   outer loop
     vertex  8.526460e-02  2.223764e-01 -1.107911e-01
     vertex  9.020163e-02  2.257925e-01 -1.262743e-01
     vertex  9.204632e-02  2.238915e-01 -1.258248e-01
   endloop
 endfacet
 facet normal -2.168206e-01 -9.566958e-01 -1.942215e-01
   outer loop
     vertex  8.526460e-02  2.223764e-01 -1.107911e-01
     vertex  9.204632e-02  2.238915e-01 -1.258248e-01
     vertex  9.449864e-02  2.231680e-01 -1.249990e-01
   endloop
 endfacet
 facet normal -4.588369e-01 -8.192869e-01 -3.438571e-01
   outer loop
     vertex  8.526460e-02  2.223764e-01 -1.107911e-01
     vertex  9.449864e-02  2.231680e-01 -1.249990e-01
     vertex  7.779549e-02  2.140270e-01 -8.093094e-02
   endloop
 endfacet
 facet normal -6.327984e-01 -6.900699e-01 -3.512402e-01
   outer loop
     vertex  8.526460e-02  2.223764e-01 -1.107911e-01
     vertex  7.779549e-02  2.140270e-01 -8.093094e-02
     vertex  7.230043e-02  2.187857e-01 -8.038011e-02
   endloop
 endfacet
 facet normal -7.970560e-01 -4.578124e-01 -3.938395e-01
   outer loop
     vertex  8.526460e-02  2.223764e-01 -1.107911e-01
     vertex  7.230043e-02  2.187857e-01 -8.038011e-02
     vertex  8.944948e-02  2.283716e-01 -1.262295e-01
   endloop
 endfacet
 facet normal  3.753371e-01 -5.423543e-01 -7.516475e-01
   outer loop
     vertex  4.097912e-02  2.187857e-01 -7.681555e-02
     vertex  5.881964e-02  2.070566e-01 -5.944369e-02
     vertex  3.550082e-02  2.140270e-01 -7.611754e-02
   endloop
 endfacet
 facet normal  7.064929e-01  2.718544e-02 -7.071978e-01
   outer loop
     vertex  4.102797e-02  2.194367e-01 -7.674172e-02
     vertex  5.881964e-02  2.070566e-01 -5.944369e-02
     vertex  4.097912e-02  2.187857e-01 -7.681555e-02
   endloop
 endfacet
 facet normal -6.127954e-02 -8.404231e-01 -5.384550e-01
   outer loop
     vertex  4.102797e-02  2.194367e-01 -7.674172e-02
     vertex  7.226942e-02  2.194367e-01 -8.029719e-02
     vertex  5.881964e-02  2.070566e-01 -5.944369e-02
   endloop
 endfacet
 facet normal -5.365607e-01 -5.450219e-01 -6.442466e-01
   outer loop
     vertex  7.398101e-02  2.148033e-01 -7.841071e-02
     vertex  7.230043e-02  2.187857e-01 -8.038011e-02
     vertex  7.779549e-02  2.140270e-01 -8.093094e-02
   endloop
 endfacet
 facet normal -5.384241e-01 -5.367499e-01 -6.496145e-01
   outer loop
     vertex  7.398101e-02  2.148033e-01 -7.841071e-02
     vertex  7.779549e-02  2.140270e-01 -8.093094e-02
     vertex  5.881964e-02  2.070566e-01 -5.944369e-02
   endloop
 endfacet
 facet normal -8.519315e-01 -1.059072e-01  5.128318e-01
   outer loop
     vertex  7.398101e-02  2.148033e-01 -7.841071e-02
     vertex  7.226942e-02  2.194367e-01 -8.029719e-02
     vertex  7.230043e-02  2.187857e-01 -8.038011e-02
   endloop
 endfacet
 facet normal -5.779587e-01 -4.817000e-01 -6.587328e-01
   outer loop
     vertex  7.398101e-02  2.148033e-01 -7.841071e-02
     vertex  5.881964e-02  2.070566e-01 -5.944369e-02
     vertex  7.226942e-02  2.194367e-01 -8.029719e-02
   endloop
 endfacet
 facet normal  5.376918e-01 -6.900699e-01 -4.844493e-01
   outer loop
     vertex  2.151308e-02  2.223764e-01 -1.035358e-01
     vertex  4.097912e-02  2.187857e-01 -7.681555e-02
     vertex  3.550082e-02  2.140270e-01 -7.611754e-02
   endloop
 endfacet
 facet normal  3.698378e-01 -8.192869e-01 -4.381655e-01
   outer loop
     vertex  2.151308e-02  2.223764e-01 -1.035358e-01
     vertex  3.550082e-02  2.140270e-01 -7.611754e-02
     vertex  9.322622e-03  2.231680e-01 -1.153054e-01
   endloop
 endfacet
 facet normal  8.022603e-01 -2.572984e-01 -5.386798e-01
   outer loop
     vertex  2.151308e-02  2.223764e-01 -1.035358e-01
     vertex  1.322318e-02  2.257925e-01 -1.175137e-01
     vertex  1.396617e-02  2.283716e-01 -1.176390e-01
   endloop
 endfacet
 facet normal  5.328219e-01 -6.931666e-01 -4.854080e-01
   outer loop
     vertex  2.151308e-02  2.223764e-01 -1.035358e-01
     vertex  1.152668e-02  2.238915e-01 -1.166611e-01
     vertex  1.322318e-02  2.257925e-01 -1.175137e-01
   endloop
 endfacet
 facet normal  1.676339e-01 -9.566958e-01 -2.379748e-01
   outer loop
     vertex  2.151308e-02  2.223764e-01 -1.035358e-01
     vertex  9.322622e-03  2.231680e-01 -1.153054e-01
     vertex  1.152668e-02  2.238915e-01 -1.166611e-01
   endloop
 endfacet
 facet normal  6.881767e-01 -4.578124e-01 -5.628683e-01
   outer loop
     vertex  2.151308e-02  2.223764e-01 -1.035358e-01
     vertex  1.396617e-02  2.283716e-01 -1.176390e-01
     vertex  4.097912e-02  2.187857e-01 -7.681555e-02
   endloop
 endfacet
 facet normal  8.425657e-01 -2.655048e-01 -4.686045e-01
   outer loop
     vertex  1.078545e-03  2.218485e-01 -1.371155e-01
     vertex  1.396617e-02  2.283716e-01 -1.176390e-01
     vertex  1.322318e-02  2.257925e-01 -1.175137e-01
   endloop
 endfacet
 facet normal  6.572362e-01 -7.054638e-01 -2.652571e-01
   outer loop
     vertex  1.078545e-03  2.218485e-01 -1.371155e-01
     vertex  1.322318e-02  2.257925e-01 -1.175137e-01
     vertex  1.152668e-02  2.238915e-01 -1.166611e-01
   endloop
 endfacet
 facet normal  2.839204e-01 -9.575752e-01 -4.938585e-02
   outer loop
     vertex  1.078545e-03  2.218485e-01 -1.371155e-01
     vertex  1.152668e-02  2.238915e-01 -1.166611e-01
     vertex  9.322622e-03  2.231680e-01 -1.153054e-01
   endloop
 endfacet
 facet normal  9.032374e-01 -2.809121e-01 -3.244234e-01
   outer loop
     vertex -7.506777e-03  1.971504e-01 -1.396325e-01
     vertex  1.078545e-03  2.218485e-01 -1.371155e-01
     vertex  9.322622e-03  2.231680e-01 -1.153054e-01
   endloop
 endfacet
 facet normal -8.363678e-02  9.667293e-01 -2.417422e-01
   outer loop
     vertex  1.943308e-01  2.684885e-01 -8.135709e-02
     vertex  1.907750e-01  2.689206e-01 -7.839905e-02
     vertex  1.918399e-01  2.696142e-01 -7.599385e-02
   endloop
 endfacet
 facet normal -4.037846e-01  7.010515e-01 -5.877795e-01
   outer loop
     vertex  1.943308e-01  2.684885e-01 -8.135709e-02
     vertex  1.900462e-01  2.670030e-01 -8.018560e-02
     vertex  1.907750e-01  2.689206e-01 -7.839905e-02
   endloop
 endfacet
 facet normal -4.213865e-01  2.588046e-01 -8.691683e-01
   outer loop
     vertex  1.926622e-01  2.646542e-01 -8.215326e-02
     vertex  1.898500e-01  2.643780e-01 -8.087208e-02
     vertex  1.900462e-01  2.670030e-01 -8.018560e-02
   endloop
 endfacet
 facet normal -3.549502e-01  3.356393e-01 -8.725575e-01
   outer loop
     vertex  1.926622e-01  2.646542e-01 -8.215326e-02
     vertex  1.900462e-01  2.670030e-01 -8.018560e-02
     vertex  1.943308e-01  2.684885e-01 -8.135709e-02
   endloop
 endfacet
 facet normal -5.282875e-01  7.477168e-01 -4.022833e-01
   outer loop
     vertex  2.079921e-01  2.772671e-01 -8.298079e-02
     vertex  1.943308e-01  2.684885e-01 -8.135709e-02
     vertex  1.918399e-01  2.696142e-01 -7.599385e-02
   endloop
 endfacet
 facet normal -4.306227e-01  8.914783e-02 -8.981185e-01
   outer loop
     vertex  1.266527e-01  2.501857e-01 -5.197948e-02
     vertex  1.898500e-01  2.643780e-01 -8.087208e-02
     vertex  1.267823e-01  2.491925e-01 -5.214021e-02
   endloop
 endfacet
 facet normal -2.915185e-01  9.457191e-01 -1.436393e-01
   outer loop
     vertex  1.282648e-01  2.544866e-01 -4.656691e-02
     vertex  1.918399e-01  2.696142e-01 -7.599385e-02
     vertex  1.907750e-01  2.689206e-01 -7.839905e-02
   endloop
 endfacet
 facet normal -4.472609e-01  6.947482e-01 -5.632785e-01
   outer loop
     vertex  1.282648e-01  2.544866e-01 -4.656691e-02
     vertex  1.907750e-01  2.689206e-01 -7.839905e-02
     vertex  1.900462e-01  2.670030e-01 -8.018560e-02
   endloop
 endfacet
 facet normal -5.014884e-01  2.537916e-01 -8.271029e-01
   outer loop
     vertex  1.282648e-01  2.544866e-01 -4.656691e-02
     vertex  1.900462e-01  2.670030e-01 -8.018560e-02
     vertex  1.898500e-01  2.643780e-01 -8.087208e-02
   endloop
 endfacet
 facet normal -3.994241e-01  7.719908e-01 -4.944599e-01
   outer loop
     vertex  1.282648e-01  2.544866e-01 -4.656691e-02
     vertex  1.898500e-01  2.643780e-01 -8.087208e-02
     vertex  1.266527e-01  2.501857e-01 -5.197948e-02
   endloop
 endfacet
 facet normal  4.116496e-01  6.498259e-01 -6.389608e-01
   outer loop
     vertex  9.851131e-02  2.517727e-01 -6.849556e-02
     vertex  1.282648e-01  2.544866e-01 -4.656691e-02
     vertex  1.266527e-01  2.501857e-01 -5.197948e-02
   endloop
 endfacet
 facet normal  2.031755e-01  9.452572e-01 -2.553597e-01
   outer loop
     vertex  9.851131e-02  2.517727e-01 -6.849556e-02
     vertex  1.266527e-01  2.501857e-01 -5.197948e-02
     vertex  1.020497e-01  2.501857e-01 -7.155473e-02
   endloop
 endfacet
 facet normal  5.747883e-01  7.749514e-01  2.628094e-01
   outer loop
     vertex  9.851131e-02  2.517727e-01 -6.849556e-02
     vertex  1.020497e-01  2.501857e-01 -7.155473e-02
     vertex  9.641327e-02  2.544866e-01 -7.190939e-02
   endloop
 endfacet
 facet normal  5.562082e-01 -4.493761e-01 -6.990662e-01
   outer loop
     vertex  9.851131e-02  2.517727e-01 -6.849556e-02
     vertex  9.641327e-02  2.544866e-01 -7.190939e-02
     vertex  1.282648e-01  2.544866e-01 -4.656691e-02
   endloop
 endfacet
 facet normal  2.054709e-01  9.457191e-01  2.517876e-01
   outer loop
     vertex  9.641327e-02  2.544866e-01 -7.190939e-02
     vertex  1.133852e-01  2.689206e-01 -1.399738e-01
     vertex  1.108022e-01  2.696142e-01 -1.404711e-01
   endloop
 endfacet
 facet normal  6.493745e-01  6.947482e-01  3.092535e-01
   outer loop
     vertex  9.641327e-02  2.544866e-01 -7.190939e-02
     vertex  1.152898e-01  2.670030e-01 -1.396651e-01
     vertex  1.133852e-01  2.689206e-01 -1.399738e-01
   endloop
 endfacet
 facet normal  9.186373e-01  2.537916e-01  3.028122e-01
   outer loop
     vertex  9.641327e-02  2.544866e-01 -7.190939e-02
     vertex  1.160028e-01  2.643780e-01 -1.396281e-01
     vertex  1.152898e-01  2.670030e-01 -1.396651e-01
   endloop
 endfacet
 facet normal  5.715668e-01  7.719908e-01  2.781036e-01
   outer loop
     vertex  1.020497e-01  2.501857e-01 -7.155473e-02
     vertex  1.160028e-01  2.643780e-01 -1.396281e-01
     vertex  9.641327e-02  2.544866e-01 -7.190939e-02
   endloop
 endfacet
 facet normal  9.719132e-01  8.914783e-02  2.178014e-01
   outer loop
     vertex  1.021772e-01  2.491925e-01 -7.171715e-02
     vertex  1.160028e-01  2.643780e-01 -1.396281e-01
     vertex  1.020497e-01  2.501857e-01 -7.155473e-02
   endloop
 endfacet
 facet normal  9.416280e-01  2.588046e-01  2.153066e-01
   outer loop
     vertex  1.152898e-01  2.670030e-01 -1.396651e-01
     vertex  1.160028e-01  2.643780e-01 -1.396281e-01
     vertex  1.166193e-01  2.646542e-01 -1.426564e-01
   endloop
 endfacet
 facet normal  2.543536e-01  9.667293e-01  2.717798e-02
   outer loop
     vertex  1.154686e-01  2.684885e-01 -1.441033e-01
     vertex  1.108022e-01  2.696142e-01 -1.404711e-01
     vertex  1.133852e-01  2.689206e-01 -1.399738e-01
   endloop
 endfacet
 facet normal  6.634798e-01  7.010515e-01  2.613835e-01
   outer loop
     vertex  1.154686e-01  2.684885e-01 -1.441033e-01
     vertex  1.133852e-01  2.689206e-01 -1.399738e-01
     vertex  1.152898e-01  2.670030e-01 -1.396651e-01
   endloop
 endfacet
 facet normal  9.300021e-01  3.356393e-01  1.498077e-01
   outer loop
     vertex  1.154686e-01  2.684885e-01 -1.441033e-01
     vertex  1.152898e-01  2.670030e-01 -1.396651e-01
     vertex  1.166193e-01  2.646542e-01 -1.426564e-01
   endloop
 endfacet
 facet normal  5.107033e-01  7.477168e-01  4.243840e-01
   outer loop
     vertex  1.139811e-01  2.772671e-01 -1.577801e-01
     vertex  1.108022e-01  2.696142e-01 -1.404711e-01
     vertex  1.154686e-01  2.684885e-01 -1.441033e-01
   endloop
 endfacet
 facet normal -4.659981e-01 -2.655048e-01 -8.440100e-01
   outer loop
     vertex  1.926622e-01  2.218485e-01 -8.215326e-02
     vertex  1.719730e-01  2.257925e-01 -7.197095e-02
     vertex  1.714095e-01  2.283716e-01 -7.247110e-02
   endloop
 endfacet
 facet normal -4.166567e-01 -7.054638e-01 -5.733394e-01
   outer loop
     vertex  1.926622e-01  2.218485e-01 -8.215326e-02
     vertex  1.729595e-01  2.238915e-01 -7.034868e-02
     vertex  1.719730e-01  2.257925e-01 -7.197095e-02
   endloop
 endfacet
 facet normal -2.145585e-01 -9.575752e-01 -1.923913e-01
   outer loop
     vertex  1.926622e-01  2.218485e-01 -8.215326e-02
     vertex  1.741097e-01  2.231680e-01 -6.803073e-02
     vertex  1.729595e-01  2.238915e-01 -7.034868e-02
   endloop
 endfacet
 facet normal -5.938780e-01 -2.809121e-01 -7.539213e-01
   outer loop
     vertex  2.012762e-01  1.971504e-01 -7.973611e-02
     vertex  1.741097e-01  2.231680e-01 -6.803073e-02
     vertex  1.926622e-01  2.218485e-01 -8.215326e-02
   endloop
 endfacet
 facet normal -3.946732e-01 -2.572984e-01 -8.820604e-01
   outer loop
     vertex  1.575337e-01  2.223764e-01 -6.451367e-02
     vertex  1.714095e-01  2.283716e-01 -7.247110e-02
     vertex  1.719730e-01  2.257925e-01 -7.197095e-02
   endloop
 endfacet
 facet normal -1.944542e-01 -6.931666e-01 -6.940516e-01
   outer loop
     vertex  1.575337e-01  2.223764e-01 -6.451367e-02
     vertex  1.719730e-01  2.257925e-01 -7.197095e-02
     vertex  1.729595e-01  2.238915e-01 -7.034868e-02
   endloop
 endfacet
 facet normal -1.597993e-02 -9.566958e-01 -2.906506e-01
   outer loop
     vertex  1.575337e-01  2.223764e-01 -6.451367e-02
     vertex  1.729595e-01  2.238915e-01 -7.034868e-02
     vertex  1.741097e-01  2.231680e-01 -6.803073e-02
   endloop
 endfacet
 facet normal -8.130297e-02 -8.192869e-01 -5.675904e-01
   outer loop
     vertex  1.575337e-01  2.223764e-01 -6.451367e-02
     vertex  1.741097e-01  2.231680e-01 -6.803073e-02
     vertex  1.311379e-01  2.140270e-01 -4.868082e-02
   endloop
 endfacet
 facet normal -1.990918e-01 -6.900699e-01 -6.958204e-01
   outer loop
     vertex  1.575337e-01  2.223764e-01 -6.451367e-02
     vertex  1.311379e-01  2.140270e-01 -4.868082e-02
     vertex  1.268629e-01  2.187857e-01 -5.217691e-02
   endloop
 endfacet
 facet normal -2.851171e-01 -4.578124e-01 -8.420903e-01
   outer loop
     vertex  1.575337e-01  2.223764e-01 -6.451367e-02
     vertex  1.268629e-01  2.187857e-01 -5.217691e-02
     vertex  1.714095e-01  2.283716e-01 -7.247110e-02
   endloop
 endfacet
 facet normal  7.614571e-02 -5.450217e-01 -8.349570e-01
   outer loop
     vertex  1.266586e-01  2.148033e-01 -4.959599e-02
     vertex  1.268629e-01  2.187857e-01 -5.217691e-02
     vertex  1.311379e-01  2.140270e-01 -4.868082e-02
   endloop
 endfacet
 facet normal  2.183515e-01  9.364875e-01 -2.744335e-01
   outer loop
     vertex  1.266586e-01  2.148033e-01 -4.959599e-02
     vertex  1.311379e-01  2.140270e-01 -4.868082e-02
     vertex  9.782751e-02  2.140270e-01 -7.518408e-02
   endloop
 endfacet
 facet normal  6.628839e-01 -7.954431e-02 -7.444848e-01
   outer loop
     vertex  1.266586e-01  2.148033e-01 -4.959599e-02
     vertex  9.782751e-02  2.140270e-01 -7.518408e-02
     vertex  1.021948e-01  2.187857e-01 -7.180390e-02
   endloop
 endfacet
 facet normal  6.778838e-01  1.151473e-01 -7.260955e-01
   outer loop
     vertex  1.266586e-01  2.148033e-01 -4.959599e-02
     vertex  1.021948e-01  2.187857e-01 -7.180390e-02
     vertex  1.021772e-01  2.194367e-01 -7.171715e-02
   endloop
 endfacet
 facet normal  5.685590e-01 -4.075573e-01 -7.145892e-01
   outer loop
     vertex  1.266586e-01  2.148033e-01 -4.959599e-02
     vertex  1.021772e-01  2.194367e-01 -7.171715e-02
     vertex  1.267823e-01  2.194367e-01 -5.214021e-02
   endloop
 endfacet
 facet normal -9.650335e-01 -1.059072e-01 -2.397792e-01
   outer loop
     vertex  1.266586e-01  2.148033e-01 -4.959599e-02
     vertex  1.267823e-01  2.194367e-01 -5.214021e-02
     vertex  1.268629e-01  2.187857e-01 -5.217691e-02
   endloop
 endfacet
 facet normal  7.227629e-01 -6.900699e-01  3.764812e-02
   outer loop
     vertex  1.073243e-01  2.223764e-01 -1.044625e-01
     vertex  1.021948e-01  2.187857e-01 -7.180390e-02
     vertex  9.782751e-02  2.140270e-01 -7.518408e-02
   endloop
 endfacet
 facet normal  5.713446e-01 -8.192869e-01 -4.831495e-02
   outer loop
     vertex  1.073243e-01  2.223764e-01 -1.044625e-01
     vertex  9.782751e-02  2.140270e-01 -7.518408e-02
     vertex  1.070268e-01  2.231680e-01 -1.214049e-01
   endloop
 endfacet
 facet normal  9.481879e-01 -2.572984e-01  1.863795e-01
   outer loop
     vertex  1.073243e-01  2.223764e-01 -1.044625e-01
     vertex  1.113463e-01  2.257925e-01 -1.202082e-01
     vertex  1.119603e-01  2.283716e-01 -1.197715e-01
   endloop
 endfacet
 facet normal  7.199973e-01 -6.931666e-01  3.352665e-02
   outer loop
     vertex  1.073243e-01  2.223764e-01 -1.044625e-01
     vertex  1.095439e-01  2.238915e-01 -1.208050e-01
     vertex  1.113463e-01  2.257925e-01 -1.202082e-01
   endloop
 endfacet
 facet normal  2.868087e-01 -9.566958e-01 -4.973855e-02
   outer loop
     vertex  1.073243e-01  2.223764e-01 -1.044625e-01
     vertex  1.070268e-01  2.231680e-01 -1.214049e-01
     vertex  1.095439e-01  2.238915e-01 -1.208050e-01
   endloop
 endfacet
 facet normal  8.846224e-01 -4.578124e-01  8.860641e-02
   outer loop
     vertex  1.073243e-01  2.223764e-01 -1.044625e-01
     vertex  1.119603e-01  2.283716e-01 -1.197715e-01
     vertex  1.021948e-01  2.187857e-01 -7.180390e-02
   endloop
 endfacet
 facet normal  9.271374e-01 -2.655048e-01  2.644305e-01
   outer loop
     vertex  1.166193e-01  2.218485e-01 -1.426564e-01
     vertex  1.119603e-01  2.283716e-01 -1.197715e-01
     vertex  1.113463e-01  2.257925e-01 -1.202082e-01
   endloop
 endfacet
 facet normal  6.523013e-01 -7.054638e-01  2.771711e-01
   outer loop
     vertex  1.166193e-01  2.218485e-01 -1.426564e-01
     vertex  1.113463e-01  2.257925e-01 -1.202082e-01
     vertex  1.095439e-01  2.238915e-01 -1.208050e-01
   endloop
 endfacet
 facet normal  2.356831e-01 -9.575752e-01  1.658410e-01
   outer loop
     vertex  1.166193e-01  2.218485e-01 -1.426564e-01
     vertex  1.095439e-01  2.238915e-01 -1.208050e-01
     vertex  1.070268e-01  2.231680e-01 -1.214049e-01
   endloop
 endfacet
 facet normal  8.680873e-01 -2.809121e-01  4.092833e-01
   outer loop
     vertex  1.123284e-01  1.971504e-01 -1.505069e-01
     vertex  1.166193e-01  2.218485e-01 -1.426564e-01
     vertex  1.070268e-01  2.231680e-01 -1.214049e-01
   endloop
 endfacet
 facet normal -9.416280e-01  2.588046e-01 -2.153066e-01
   outer loop
     vertex  1.578493e-02  2.670030e-01  1.388334e-01
     vertex  1.507191e-02  2.643780e-01  1.387965e-01
     vertex  1.445542e-02  2.646542e-01  1.418247e-01
   endloop
 endfacet
 facet normal -6.634798e-01  7.010515e-01 -2.613835e-01
   outer loop
     vertex  1.560615e-02  2.684885e-01  1.432717e-01
     vertex  1.768955e-02  2.689206e-01  1.391421e-01
     vertex  1.578493e-02  2.670030e-01  1.388334e-01
   endloop
 endfacet
 facet normal -2.543536e-01  9.667293e-01 -2.717798e-02
   outer loop
     vertex  1.560615e-02  2.684885e-01  1.432717e-01
     vertex  2.027255e-02  2.696142e-01  1.396394e-01
     vertex  1.768955e-02  2.689206e-01  1.391421e-01
   endloop
 endfacet
 facet normal -9.300021e-01  3.356393e-01 -1.498077e-01
   outer loop
     vertex  1.560615e-02  2.684885e-01  1.432717e-01
     vertex  1.578493e-02  2.670030e-01  1.388334e-01
     vertex  1.445542e-02  2.646542e-01  1.418247e-01
   endloop
 endfacet
 facet normal -5.107033e-01  7.477168e-01 -4.243840e-01
   outer loop
     vertex  1.709370e-02  2.772671e-01  1.569484e-01
     vertex  2.027255e-02  2.696142e-01  1.396394e-01
     vertex  1.560615e-02  2.684885e-01  1.432717e-01
   endloop
 endfacet
 facet normal -9.186373e-01  2.537916e-01 -3.028122e-01
   outer loop
     vertex  3.466148e-02  2.544866e-01  7.107771e-02
     vertex  1.507191e-02  2.643780e-01  1.387965e-01
     vertex  1.578493e-02  2.670030e-01  1.388334e-01
   endloop
 endfacet
 facet normal -6.493745e-01  6.947482e-01 -3.092535e-01
   outer loop
     vertex  3.466148e-02  2.544866e-01  7.107771e-02
     vertex  1.578493e-02  2.670030e-01  1.388334e-01
     vertex  1.768955e-02  2.689206e-01  1.391421e-01
   endloop
 endfacet
 facet normal -2.054709e-01  9.457191e-01 -2.517876e-01
   outer loop
     vertex  3.466148e-02  2.544866e-01  7.107771e-02
     vertex  1.768955e-02  2.689206e-01  1.391421e-01
     vertex  2.027255e-02  2.696142e-01  1.396394e-01
   endloop
 endfacet
 facet normal -5.715668e-01  7.719908e-01 -2.781036e-01
   outer loop
     vertex  2.902509e-02  2.501857e-01  7.072305e-02
     vertex  1.507191e-02  2.643780e-01  1.387965e-01
     vertex  3.466148e-02  2.544866e-01  7.107771e-02
   endloop
 endfacet
 facet normal -9.719132e-01  8.914783e-02 -2.178014e-01
   outer loop
     vertex  2.889759e-02  2.491925e-01  7.088548e-02
     vertex  1.507191e-02  2.643780e-01  1.387965e-01
     vertex  2.902509e-02  2.501857e-01  7.072305e-02
   endloop
 endfacet
 facet normal -5.307727e-01 -5.227437e-01  6.670978e-01
   outer loop
     vertex  2.809978e-03  2.544866e-01  4.573524e-02
     vertex  1.481729e-02  2.419644e-01  4.547628e-02
     vertex  3.466148e-02  2.544866e-01  7.107771e-02
   endloop
 endfacet
 facet normal  6.884441e-01  6.536360e-01  3.143321e-01
   outer loop
     vertex  4.422077e-03  2.501857e-01  5.114780e-02
     vertex  1.481729e-02  2.419644e-01  4.547628e-02
     vertex  2.809978e-03  2.544866e-01  4.573524e-02
   endloop
 endfacet
 facet normal -5.747883e-01  7.749514e-01 -2.628094e-01
   outer loop
     vertex  3.256344e-02  2.517727e-01  6.766388e-02
     vertex  2.902509e-02  2.501857e-01  7.072305e-02
     vertex  3.466148e-02  2.544866e-01  7.107771e-02
   endloop
 endfacet
 facet normal -4.403825e-01  8.967226e-01 -4.418067e-02
   outer loop
     vertex  3.256344e-02  2.517727e-01  6.766388e-02
     vertex  1.481729e-02  2.419644e-01  4.547628e-02
     vertex  2.902509e-02  2.501857e-01  7.072305e-02
   endloop
 endfacet
 facet normal -6.536717e-01 -3.431420e-01  6.745123e-01
   outer loop
     vertex  3.256344e-02  2.517727e-01  6.766388e-02
     vertex  3.466148e-02  2.544866e-01  7.107771e-02
     vertex  1.481729e-02  2.419644e-01  4.547628e-02
   endloop
 endfacet
 facet normal  4.306227e-01  8.914783e-02  8.981185e-01
   outer loop
     vertex  4.422077e-03  2.501857e-01  5.114780e-02
     vertex -5.877522e-02  2.643780e-01  8.004041e-02
     vertex  4.292457e-03  2.491925e-01  5.130853e-02
   endloop
 endfacet
 facet normal  5.014884e-01  2.537916e-01  8.271029e-01
   outer loop
     vertex  2.809978e-03  2.544866e-01  4.573524e-02
     vertex -5.897145e-02  2.670030e-01  7.935393e-02
     vertex -5.877522e-02  2.643780e-01  8.004041e-02
   endloop
 endfacet
 facet normal  4.472609e-01  6.947482e-01  5.632785e-01
   outer loop
     vertex  2.809978e-03  2.544866e-01  4.573524e-02
     vertex -5.970023e-02  2.689206e-01  7.756738e-02
     vertex -5.897145e-02  2.670030e-01  7.935393e-02
   endloop
 endfacet
 facet normal  2.915185e-01  9.457191e-01  1.436393e-01
   outer loop
     vertex  2.809978e-03  2.544866e-01  4.573524e-02
     vertex -6.076519e-02  2.696142e-01  7.516217e-02
     vertex -5.970023e-02  2.689206e-01  7.756738e-02
   endloop
 endfacet
 facet normal  3.994241e-01  7.719908e-01  4.944599e-01
   outer loop
     vertex  2.809978e-03  2.544866e-01  4.573524e-02
     vertex -5.877522e-02  2.643780e-01  8.004041e-02
     vertex  4.422077e-03  2.501857e-01  5.114780e-02
   endloop
 endfacet
 facet normal  4.037846e-01  7.010515e-01  5.877795e-01
   outer loop
     vertex -6.325602e-02  2.684885e-01  8.052542e-02
     vertex -5.897145e-02  2.670030e-01  7.935393e-02
     vertex -5.970023e-02  2.689206e-01  7.756738e-02
   endloop
 endfacet
 facet normal  8.363678e-02  9.667293e-01  2.417422e-01
   outer loop
     vertex -6.325602e-02  2.684885e-01  8.052542e-02
     vertex -5.970023e-02  2.689206e-01  7.756738e-02
     vertex -6.076519e-02  2.696142e-01  7.516217e-02
   endloop
 endfacet
 facet normal  4.213865e-01  2.588046e-01  8.691683e-01
   outer loop
     vertex -6.158746e-02  2.646542e-01  8.132158e-02
     vertex -5.877522e-02  2.643780e-01  8.004041e-02
     vertex -5.897145e-02  2.670030e-01  7.935393e-02
   endloop
 endfacet
 facet normal  3.549502e-01  3.356393e-01  8.725575e-01
   outer loop
     vertex -6.158746e-02  2.646542e-01  8.132158e-02
     vertex -5.897145e-02  2.670030e-01  7.935393e-02
     vertex -6.325602e-02  2.684885e-01  8.052542e-02
   endloop
 endfacet
 facet normal  5.282875e-01  7.477168e-01  4.022833e-01
   outer loop
     vertex -7.691731e-02  2.772671e-01  8.214911e-02
     vertex -6.325602e-02  2.684885e-01  8.052542e-02
     vertex -6.076519e-02  2.696142e-01  7.516217e-02
   endloop
 endfacet
 facet normal  1.117974e-01  9.667293e-01 -2.300777e-01
   outer loop
     vertex  2.138422e-01  2.684885e-01  3.342074e-02
     vertex  2.092362e-01  2.689206e-01  3.299806e-02
     vertex  2.082885e-01  2.696142e-01  3.545184e-02
   endloop
 endfacet
 facet normal  1.301040e-01  7.010515e-01 -7.011417e-01
   outer loop
     vertex  2.138422e-01  2.684885e-01  3.342074e-02
     vertex  2.099842e-01  2.670030e-01  3.121946e-02
     vertex  2.092362e-01  2.689206e-01  3.299806e-02
   endloop
 endfacet
 facet normal  3.166296e-01  2.588046e-01 -9.125601e-01
   outer loop
     vertex  2.132253e-01  2.646542e-01  3.167792e-02
     vertex  2.103308e-01  2.643780e-01  3.059529e-02
     vertex  2.099842e-01  2.670030e-01  3.121946e-02
   endloop
 endfacet
 facet normal  3.660036e-01  3.356393e-01 -8.679790e-01
   outer loop
     vertex  2.132253e-01  2.646542e-01  3.167792e-02
     vertex  2.099842e-01  2.670030e-01  3.121946e-02
     vertex  2.138422e-01  2.684885e-01  3.342074e-02
   endloop
 endfacet
 facet normal -8.909844e-02  7.477168e-01 -6.580130e-01
   outer loop
     vertex  2.246503e-01  2.772671e-01  4.193260e-02
     vertex  2.138422e-01  2.684885e-01  3.342074e-02
     vertex  2.082885e-01  2.696142e-01  3.545184e-02
   endloop
 endfacet
 facet normal  3.305694e-01  8.914783e-02 -9.395619e-01
   outer loop
     vertex  1.452134e-01  2.501857e-01  6.338208e-03
     vertex  2.103308e-01  2.643780e-01  3.059529e-02
     vertex  1.454187e-01  2.491925e-01  6.316207e-03
   endloop
 endfacet
 facet normal -1.045664e-01  9.457191e-01 -3.077030e-01
   outer loop
     vertex  1.425261e-01  2.544866e-01  1.130539e-02
     vertex  2.082885e-01  2.696142e-01  3.545184e-02
     vertex  2.092362e-01  2.689206e-01  3.299806e-02
   endloop
 endfacet
 facet normal  8.203677e-02  6.947482e-01 -7.145593e-01
   outer loop
     vertex  1.425261e-01  2.544866e-01  1.130539e-02
     vertex  2.092362e-01  2.689206e-01  3.299806e-02
     vertex  2.099842e-01  2.670030e-01  3.121946e-02
   endloop
 endfacet
 facet normal  2.302443e-01  2.537916e-01 -9.394559e-01
   outer loop
     vertex  1.425261e-01  2.544866e-01  1.130539e-02
     vertex  2.099842e-01  2.670030e-01  3.121946e-02
     vertex  2.103308e-01  2.643780e-01  3.059529e-02
   endloop
 endfacet
 facet normal  6.720047e-02  7.719908e-01 -6.320715e-01
   outer loop
     vertex  1.425261e-01  2.544866e-01  1.130539e-02
     vertex  2.103308e-01  2.643780e-01  3.059529e-02
     vertex  1.452134e-01  2.501857e-01  6.338208e-03
   endloop
 endfacet
 facet normal  7.428938e-01  6.498259e-01 -1.607333e-01
   outer loop
     vertex  1.369931e-01  2.517727e-01 -2.523938e-02
     vertex  1.425261e-01  2.544866e-01  1.130539e-02
     vertex  1.452134e-01  2.501857e-01  6.338208e-03
   endloop
 endfacet
 facet normal  3.242333e-01  9.452572e-01 -3.689978e-02
   outer loop
     vertex  1.369931e-01  2.517727e-01 -2.523938e-02
     vertex  1.452134e-01  2.501857e-01  6.338208e-03
     vertex  1.416583e-01  2.501857e-01 -2.490054e-02
   endloop
 endfacet
 facet normal  2.206024e-01  7.749514e-01  5.922710e-01
   outer loop
     vertex  1.369931e-01  2.517727e-01 -2.523938e-02
     vertex  1.416583e-01  2.501857e-01 -2.490054e-02
     vertex  1.379235e-01  2.544866e-01 -2.913686e-02
   endloop
 endfacet
 facet normal  8.876131e-01 -4.493761e-01 -1.010159e-01
   outer loop
     vertex  1.369931e-01  2.517727e-01 -2.523938e-02
     vertex  1.379235e-01  2.544866e-01 -2.913686e-02
     vertex  1.425261e-01  2.544866e-01  1.130539e-02
   endloop
 endfacet
 facet normal -3.275084e-02  9.457191e-01  3.233306e-01
   outer loop
     vertex  1.379235e-01  2.544866e-01 -2.913686e-02
     vertex  1.980533e-01  2.689206e-01 -6.526470e-02
     vertex  1.965785e-01  2.696142e-01 -6.744278e-02
   endloop
 endfacet
 facet normal  2.405019e-01  6.947482e-01  6.778524e-01
   outer loop
     vertex  1.379235e-01  2.544866e-01 -2.913686e-02
     vertex  1.991818e-01  2.670030e-01 -6.369964e-02
     vertex  1.980533e-01  2.689206e-01 -6.526470e-02
   endloop
 endfacet
 facet normal  4.354541e-01  2.537916e-01  8.636953e-01
   outer loop
     vertex  1.379235e-01  2.544866e-01 -2.913686e-02
     vertex  1.996598e-01  2.643780e-01 -6.316933e-02
     vertex  1.991818e-01  2.670030e-01 -6.369964e-02
   endloop
 endfacet
 facet normal  2.075098e-01  7.719908e-01  6.008077e-01
   outer loop
     vertex  1.416583e-01  2.501857e-01 -2.490054e-02
     vertex  1.996598e-01  2.643780e-01 -6.316933e-02
     vertex  1.379235e-01  2.544866e-01 -2.913686e-02
   endloop
 endfacet
 facet normal  5.332375e-01  8.914783e-02  8.412552e-01
   outer loop
     vertex  1.418633e-01  2.491925e-01 -2.492524e-02
     vertex  1.996598e-01  2.643780e-01 -6.316933e-02
     vertex  1.416583e-01  2.501857e-01 -2.490054e-02
   endloop
 endfacet
 facet normal  5.135868e-01  2.588046e-01  8.180763e-01
   outer loop
     vertex  1.991818e-01  2.670030e-01 -6.369964e-02
     vertex  1.996598e-01  2.643780e-01 -6.316933e-02
     vertex  2.022370e-01  2.646542e-01 -6.487467e-02
   endloop
 endfacet
 facet normal  1.606374e-01  9.667293e-01  1.990729e-01
   outer loop
     vertex  2.024465e-01  2.684885e-01 -6.671154e-02
     vertex  1.965785e-01  2.696142e-01 -6.744278e-02
     vertex  1.980533e-01  2.689206e-01 -6.526470e-02
   endloop
 endfacet
 facet normal  2.843250e-01  7.010515e-01  6.539771e-01
   outer loop
     vertex  2.024465e-01  2.684885e-01 -6.671154e-02
     vertex  1.980533e-01  2.689206e-01 -6.526470e-02
     vertex  1.991818e-01  2.670030e-01 -6.369964e-02
   endloop
 endfacet
 facet normal  5.516808e-01  3.356393e-01  7.635408e-01
   outer loop
     vertex  2.024465e-01  2.684885e-01 -6.671154e-02
     vertex  1.991818e-01  2.670030e-01 -6.369964e-02
     vertex  2.022370e-01  2.646542e-01 -6.487467e-02
   endloop
 endfacet
 facet normal  6.103697e-02  7.477168e-01  6.612065e-01
   outer loop
     vertex  2.110656e-01  2.772671e-01 -7.743434e-02
     vertex  1.965785e-01  2.696142e-01 -6.744278e-02
     vertex  2.024465e-01  2.684885e-01 -6.671154e-02
   endloop
 endfacet
 facet normal  2.672948e-01 -2.655048e-01 -9.263157e-01
   outer loop
     vertex  2.132253e-01  2.218485e-01  3.167792e-02
     vertex  1.913958e-01  2.257925e-01  2.424841e-02
     vertex  1.913510e-01  2.283716e-01  2.349627e-02
   endloop
 endfacet
 facet normal  1.107914e-01 -7.054638e-01 -7.000329e-01
   outer loop
     vertex  2.132253e-01  2.218485e-01  3.167792e-02
     vertex  1.909463e-01  2.238915e-01  2.609310e-02
     vertex  1.913958e-01  2.257925e-01  2.424841e-02
   endloop
 endfacet
 facet normal -1.567460e-02 -9.575752e-01 -2.877569e-01
   outer loop
     vertex  2.132253e-01  2.218485e-01  3.167792e-02
     vertex  1.901205e-01  2.231680e-01  2.854542e-02
     vertex  1.909463e-01  2.238915e-01  2.609310e-02
   endloop
 endfacet
 facet normal  1.131676e-01 -2.809121e-01 -9.530380e-01
   outer loop
     vertex  2.176071e-01  1.971504e-01  3.947810e-02
     vertex  1.901205e-01  2.231680e-01  2.854542e-02
     vertex  2.132253e-01  2.218485e-01  3.167792e-02
   endloop
 endfacet
 facet normal  3.446348e-01 -2.572984e-01 -9.027870e-01
   outer loop
     vertex  1.759126e-01  2.223764e-01  1.931138e-02
     vertex  1.913510e-01  2.283716e-01  2.349627e-02
     vertex  1.913958e-01  2.257925e-01  2.424841e-02
   endloop
 endfacet
 facet normal  3.532687e-01 -6.931666e-01 -6.282685e-01
   outer loop
     vertex  1.759126e-01  2.223764e-01  1.931138e-02
     vertex  1.913958e-01  2.257925e-01  2.424841e-02
     vertex  1.909463e-01  2.238915e-01  2.609310e-02
   endloop
 endfacet
 facet normal  1.942215e-01 -9.566958e-01 -2.168206e-01
   outer loop
     vertex  1.759126e-01  2.223764e-01  1.931138e-02
     vertex  1.909463e-01  2.238915e-01  2.609310e-02
     vertex  1.901205e-01  2.231680e-01  2.854542e-02
   endloop
 endfacet
 facet normal  3.438571e-01 -8.192869e-01 -4.588369e-01
   outer loop
     vertex  1.759126e-01  2.223764e-01  1.931138e-02
     vertex  1.901205e-01  2.231680e-01  2.854542e-02
     vertex  1.460525e-01  2.140270e-01  1.184227e-02
   endloop
 endfacet
 facet normal  3.512402e-01 -6.900699e-01 -6.327984e-01
   outer loop
     vertex  1.759126e-01  2.223764e-01  1.931138e-02
     vertex  1.460525e-01  2.140270e-01  1.184227e-02
     vertex  1.455016e-01  2.187857e-01  6.347221e-03
   endloop
 endfacet
 facet normal  3.938395e-01 -4.578124e-01 -7.970560e-01
   outer loop
     vertex  1.759126e-01  2.223764e-01  1.931138e-02
     vertex  1.455016e-01  2.187857e-01  6.347221e-03
     vertex  1.913510e-01  2.283716e-01  2.349627e-02
   endloop
 endfacet
 facet normal  6.442466e-01 -5.450219e-01 -5.365607e-01
   outer loop
     vertex  1.435323e-01  2.148033e-01  8.027795e-03
     vertex  1.455016e-01  2.187857e-01  6.347221e-03
     vertex  1.460525e-01  2.140270e-01  1.184227e-02
   endloop
 endfacet
 facet normal  3.484510e-01  9.364878e-01 -3.965590e-02
   outer loop
     vertex  1.435323e-01  2.148033e-01  8.027795e-03
     vertex  1.460525e-01  2.140270e-01  1.184227e-02
     vertex  1.412391e-01  2.140270e-01 -3.045240e-02
   endloop
 endfacet
 facet normal  9.951600e-01 -7.954437e-02 -5.770052e-02
   outer loop
     vertex  1.435323e-01  2.148033e-01  8.027795e-03
     vertex  1.412391e-01  2.140270e-01 -3.045240e-02
     vertex  1.419371e-01  2.187857e-01 -2.497409e-02
   endloop
 endfacet
 facet normal  9.927633e-01  1.151473e-01 -3.409076e-02
   outer loop
     vertex  1.435323e-01  2.148033e-01  8.027795e-03
     vertex  1.419371e-01  2.187857e-01 -2.497409e-02
     vertex  1.418633e-01  2.194367e-01 -2.492524e-02
   endloop
 endfacet
 facet normal  9.073226e-01 -4.075576e-01 -1.032590e-01
   outer loop
     vertex  1.435323e-01  2.148033e-01  8.027795e-03
     vertex  1.418633e-01  2.194367e-01 -2.492524e-02
     vertex  1.454187e-01  2.194367e-01  6.316207e-03
   endloop
 endfacet
 facet normal -5.128318e-01 -1.059072e-01 -8.519315e-01
   outer loop
     vertex  1.435323e-01  2.148033e-01  8.027795e-03
     vertex  1.454187e-01  2.194367e-01  6.316207e-03
     vertex  1.455016e-01  2.187857e-01  6.347221e-03
   endloop
 endfacet
 facet normal  4.844493e-01 -6.900699e-01  5.376918e-01
   outer loop
     vertex  1.686573e-01  2.223764e-01 -4.444014e-02
     vertex  1.419371e-01  2.187857e-01 -2.497409e-02
     vertex  1.412391e-01  2.140270e-01 -3.045240e-02
   endloop
 endfacet
 facet normal  4.381655e-01 -8.192869e-01  3.698378e-01
   outer loop
     vertex  1.686573e-01  2.223764e-01 -4.444014e-02
     vertex  1.412391e-01  2.140270e-01 -3.045240e-02
     vertex  1.804270e-01  2.231680e-01 -5.663059e-02
   endloop
 endfacet
 facet normal  5.386798e-01 -2.572984e-01  8.022603e-01
   outer loop
     vertex  1.686573e-01  2.223764e-01 -4.444014e-02
     vertex  1.826352e-01  2.257925e-01 -5.273003e-02
     vertex  1.827605e-01  2.283716e-01 -5.198705e-02
   endloop
 endfacet
 facet normal  4.854080e-01 -6.931666e-01  5.328219e-01
   outer loop
     vertex  1.686573e-01  2.223764e-01 -4.444014e-02
     vertex  1.817827e-01  2.238915e-01 -5.442653e-02
     vertex  1.826352e-01  2.257925e-01 -5.273003e-02
   endloop
 endfacet
 facet normal  2.379748e-01 -9.566958e-01  1.676339e-01
   outer loop
     vertex  1.686573e-01  2.223764e-01 -4.444014e-02
     vertex  1.804270e-01  2.231680e-01 -5.663059e-02
     vertex  1.817827e-01  2.238915e-01 -5.442653e-02
   endloop
 endfacet
 facet normal  5.628683e-01 -4.578124e-01  6.881767e-01
   outer loop
     vertex  1.686573e-01  2.223764e-01 -4.444014e-02
     vertex  1.827605e-01  2.283716e-01 -5.198705e-02
     vertex  1.419371e-01  2.187857e-01 -2.497409e-02
   endloop
 endfacet
 facet normal  4.686045e-01 -2.655048e-01  8.425657e-01
   outer loop
     vertex  2.022370e-01  2.218485e-01 -6.487467e-02
     vertex  1.827605e-01  2.283716e-01 -5.198705e-02
     vertex  1.826352e-01  2.257925e-01 -5.273003e-02
   endloop
 endfacet
 facet normal  2.652571e-01 -7.054638e-01  6.572362e-01
   outer loop
     vertex  2.022370e-01  2.218485e-01 -6.487467e-02
     vertex  1.826352e-01  2.257925e-01 -5.273003e-02
     vertex  1.817827e-01  2.238915e-01 -5.442653e-02
   endloop
 endfacet
 facet normal  4.938585e-02 -9.575752e-01  2.839204e-01
   outer loop
     vertex  2.022370e-01  2.218485e-01 -6.487467e-02
     vertex  1.817827e-01  2.238915e-01 -5.442653e-02
     vertex  1.804270e-01  2.231680e-01 -5.663059e-02
   endloop
 endfacet
 facet normal  3.244234e-01 -2.809121e-01  9.032374e-01
   outer loop
     vertex  2.047541e-01  1.971504e-01 -7.345999e-02
     vertex  2.022370e-01  2.218485e-01 -6.487467e-02
     vertex  1.804270e-01  2.231680e-01 -5.663059e-02
   endloop
 endfacet
 facet normal -3.666401e-01 -7.873613e-01 -4.956181e-01
   outer loop
     vertex  2.810630e-02  1.993192e-01 -1.669702e-02
     vertex  6.073170e-02  2.004589e-01 -4.264267e-02
     vertex  6.092175e-02  1.993192e-01 -4.097269e-02
   endloop
 endfacet
 facet normal -3.666401e-01 -7.873613e-01 -4.956181e-01
   outer loop
     vertex  2.810630e-02  1.993192e-01 -1.669702e-02
     vertex  2.656503e-02  2.004589e-01 -1.736741e-02
     vertex  6.073170e-02  2.004589e-01 -4.264267e-02
   endloop
 endfacet
 facet normal -5.862077e-01 -1.685879e-01 -7.924258e-01
   outer loop
     vertex  2.913454e-02  1.976261e-01 -1.624977e-02
     vertex  6.109304e-02  1.956338e-01 -3.946765e-02
     vertex  2.949535e-02  1.956338e-01 -1.609283e-02
   endloop
 endfacet
 facet normal -5.158896e-01 -4.975254e-01 -6.973710e-01
   outer loop
     vertex  2.913454e-02  1.976261e-01 -1.624977e-02
     vertex  6.092175e-02  1.993192e-01 -4.097269e-02
     vertex  6.104855e-02  1.976261e-01 -3.985858e-02
   endloop
 endfacet
 facet normal -5.862077e-01 -1.685879e-01 -7.924258e-01
   outer loop
     vertex  2.913454e-02  1.976261e-01 -1.624977e-02
     vertex  6.104855e-02  1.976261e-01 -3.985858e-02
     vertex  6.109304e-02  1.956338e-01 -3.946765e-02
   endloop
 endfacet
 facet normal -5.158896e-01 -4.975254e-01 -6.973710e-01
   outer loop
     vertex  2.913454e-02  1.976261e-01 -1.624977e-02
     vertex  2.810630e-02  1.993192e-01 -1.669702e-02
     vertex  6.092175e-02  1.993192e-01 -4.097269e-02
   endloop
 endfacet
 facet normal -6.125379e-01 -7.873613e-01  6.971064e-02
   outer loop
     vertex  3.272193e-02  1.993192e-01  2.385984e-02
     vertex  3.137071e-02  2.004589e-01  2.485942e-02
     vertex  2.656503e-02  2.004589e-01 -1.736741e-02
   endloop
 endfacet
 facet normal -2.458978e-01 -7.873613e-01  5.653287e-01
   outer loop
     vertex  3.272193e-02  1.993192e-01  2.385984e-02
     vertex  7.034305e-02  2.004589e-01  4.181100e-02
     vertex  3.137071e-02  2.004589e-01  2.485942e-02
   endloop
 endfacet
 facet normal -2.458978e-01 -7.873613e-01  5.653287e-01
   outer loop
     vertex  3.272193e-02  1.993192e-01  2.385984e-02
     vertex  7.015300e-02  1.993192e-01  4.014101e-02
     vertex  7.034305e-02  2.004589e-01  4.181100e-02
   endloop
 endfacet
 facet normal -6.125379e-01 -7.873613e-01  6.971064e-02
   outer loop
     vertex  3.272193e-02  1.993192e-01  2.385984e-02
     vertex  2.656503e-02  2.004589e-01 -1.736741e-02
     vertex  2.810630e-02  1.993192e-01 -1.669702e-02
   endloop
 endfacet
 facet normal -3.931571e-01 -1.685879e-01  9.038836e-01
   outer loop
     vertex  3.362337e-02  1.976261e-01  2.319298e-02
     vertex  3.393969e-02  1.956338e-01  2.295898e-02
     vertex  6.998172e-02  1.956338e-01  3.863597e-02
   endloop
 endfacet
 facet normal -9.793647e-01 -1.685879e-01  1.114578e-01
   outer loop
     vertex  3.362337e-02  1.976261e-01  2.319298e-02
     vertex  2.949535e-02  1.956338e-01 -1.609283e-02
     vertex  3.393969e-02  1.956338e-01  2.295898e-02
   endloop
 endfacet
 facet normal -3.459962e-01 -4.975254e-01  7.954590e-01
   outer loop
     vertex  3.362337e-02  1.976261e-01  2.319298e-02
     vertex  7.002621e-02  1.976261e-01  3.902691e-02
     vertex  7.015300e-02  1.993192e-01  4.014101e-02
   endloop
 endfacet
 facet normal -3.931571e-01 -1.685879e-01  9.038836e-01
   outer loop
     vertex  3.362337e-02  1.976261e-01  2.319298e-02
     vertex  6.998172e-02  1.956338e-01  3.863597e-02
     vertex  7.002621e-02  1.976261e-01  3.902691e-02
   endloop
 endfacet
 facet normal -8.618858e-01 -4.975254e-01  9.808799e-02
   outer loop
     vertex  3.362337e-02  1.976261e-01  2.319298e-02
     vertex  2.810630e-02  1.993192e-01 -1.669702e-02
     vertex  2.913454e-02  1.976261e-01 -1.624977e-02
   endloop
 endfacet
 facet normal -8.618858e-01 -4.975254e-01  9.808799e-02
   outer loop
     vertex  3.362337e-02  1.976261e-01  2.319298e-02
     vertex  3.272193e-02  1.993192e-01  2.385984e-02
     vertex  2.810630e-02  1.993192e-01 -1.669702e-02
   endloop
 endfacet
 facet normal -9.793647e-01 -1.685879e-01  1.114578e-01
   outer loop
     vertex  3.362337e-02  1.976261e-01  2.319298e-02
     vertex  2.913454e-02  1.976261e-01 -1.624977e-02
     vertex  2.949535e-02  1.956338e-01 -1.609283e-02
   endloop
 endfacet
 facet normal -3.459962e-01 -4.975254e-01  7.954590e-01
   outer loop
     vertex  3.362337e-02  1.976261e-01  2.319298e-02
     vertex  7.015300e-02  1.993192e-01  4.014101e-02
     vertex  3.272193e-02  1.993192e-01  2.385984e-02
   endloop
 endfacet
 facet normal  0.000000e+00  0.000000e+00  0.000000e+00
   outer loop
     vertex  2.136418e-01  2.700338e-01  5.114269e-02
     vertex  2.229017e-01  2.772671e-01  4.802784e-02
     vertex  2.229017e-01  2.772671e-01  4.802784e-02
   endloop
 endfacet
 facet normal -6.257343e-01  7.782361e-01 -5.296251e-02
   outer loop
     vertex  2.136418e-01  2.700338e-01  5.114269e-02
     vertex  2.138095e-01  2.703150e-01  5.329305e-02
     vertex  2.229017e-01  2.772671e-01  4.802784e-02
   endloop
 endfacet
 facet normal -2.950902e-01  9.500920e-01 -1.012275e-01
   outer loop
     vertex  2.136418e-01  2.700338e-01  5.114269e-02
     vertex  2.092249e-01  2.684885e-01  4.951539e-02
     vertex  2.138095e-01  2.703150e-01  5.329305e-02
   endloop
 endfacet
 facet normal -4.405321e-01  7.657388e-01  4.685890e-01
   outer loop
     vertex  2.136418e-01  2.700338e-01  5.114269e-02
     vertex  2.229017e-01  2.772671e-01  4.802784e-02
     vertex  2.092249e-01  2.684885e-01  4.951539e-02
   endloop
 endfacet
 facet normal -4.321878e-01  4.049171e-01  8.057641e-01
   outer loop
     vertex  2.092249e-01  2.684885e-01  4.951539e-02
     vertex  2.077779e-01  2.646542e-01  5.066612e-02
     vertex  2.104321e-01  2.646542e-01  5.208977e-02
   endloop
 endfacet
 facet normal -9.912983e-01  9.887854e-02 -8.689519e-02
   outer loop
     vertex  2.121209e-01  2.673733e-01  5.490570e-02
     vertex  2.118643e-01  2.646542e-01  5.473942e-02
     vertex  2.116012e-01  2.646542e-01  5.773983e-02
   endloop
 endfacet
 facet normal -8.784432e-01  5.387545e-02  4.748000e-01
   outer loop
     vertex  2.121209e-01  2.673733e-01  5.490570e-02
     vertex  2.104321e-01  2.646542e-01  5.208977e-02
     vertex  2.118643e-01  2.646542e-01  5.473942e-02
   endloop
 endfacet
 facet normal -8.758956e-01  4.666021e-02  4.802392e-01
   outer loop
     vertex  2.121209e-01  2.673733e-01  5.490570e-02
     vertex  2.092249e-01  2.684885e-01  4.951539e-02
     vertex  2.104321e-01  2.646542e-01  5.208977e-02
   endloop
 endfacet
 facet normal -9.882880e-01  3.375933e-02 -1.488189e-01
   outer loop
     vertex  2.117668e-01  2.676599e-01  5.732231e-02
     vertex  2.121209e-01  2.673733e-01  5.490570e-02
     vertex  2.116012e-01  2.646542e-01  5.773983e-02
   endloop
 endfacet
 facet normal -9.888180e-01 -1.213503e-01 -8.667778e-02
   outer loop
     vertex  2.156285e-01  1.971504e-01  4.637521e-02
     vertex  2.116012e-01  2.218485e-01  5.773983e-02
     vertex  2.118643e-01  2.218485e-01  5.473942e-02
   endloop
 endfacet
 facet normal -4.523176e-01 -2.902835e-01  8.432937e-01
   outer loop
     vertex  2.156285e-01  1.971504e-01  4.637521e-02
     vertex  2.104321e-01  2.218485e-01  5.208977e-02
     vertex  2.077779e-01  2.218485e-01  5.066612e-02
   endloop
 endfacet
 facet normal -8.437478e-01 -2.830384e-01  4.560471e-01
   outer loop
     vertex  2.156285e-01  1.971504e-01  4.637521e-02
     vertex  2.118643e-01  2.218485e-01  5.473942e-02
     vertex  2.104321e-01  2.218485e-01  5.208977e-02
   endloop
 endfacet
 facet normal  0.000000e+00  0.000000e+00  0.000000e+00
   outer loop
     vertex  2.156285e-01  1.971504e-01  4.637521e-02
     vertex  2.156285e-01  1.971504e-01  4.637521e-02
     vertex  2.118643e-01  2.218485e-01  5.473942e-02
   endloop
 endfacet
 facet normal -9.961800e-01 -0.000000e+00 -8.732312e-02
   outer loop
     vertex  2.116012e-01  2.646542e-01  5.773983e-02
     vertex  2.118643e-01  2.218485e-01  5.473942e-02
     vertex  2.116012e-01  2.218485e-01  5.773983e-02
   endloop
 endfacet
 facet normal -8.797208e-01 -6.314233e-13  4.754906e-01
   outer loop
     vertex  2.118643e-01  2.646542e-01  5.473942e-02
     vertex  2.104321e-01  2.218485e-01  5.208977e-02
     vertex  2.118643e-01  2.218485e-01  5.473942e-02
   endloop
 endfacet
 facet normal -9.961800e-01  1.159599e-13 -8.732312e-02
   outer loop
     vertex  2.118643e-01  2.646542e-01  5.473942e-02
     vertex  2.118643e-01  2.218485e-01  5.473942e-02
     vertex  2.116012e-01  2.646542e-01  5.773983e-02
   endloop
 endfacet
 facet normal -4.726704e-01 -5.851168e-13  8.812393e-01
   outer loop
     vertex  2.104321e-01  2.646542e-01  5.208977e-02
     vertex  2.077779e-01  2.218485e-01  5.066612e-02
     vertex  2.104321e-01  2.218485e-01  5.208977e-02
   endloop
 endfacet
 facet normal -8.797208e-01 -3.157117e-13  4.754906e-01
   outer loop
     vertex  2.104321e-01  2.646542e-01  5.208977e-02
     vertex  2.104321e-01  2.218485e-01  5.208977e-02
     vertex  2.118643e-01  2.646542e-01  5.473942e-02
   endloop
 endfacet
 facet normal -4.726704e-01  0.000000e+00  8.812393e-01
   outer loop
     vertex  2.077779e-01  2.646542e-01  5.066612e-02
     vertex  2.077779e-01  2.218485e-01  5.066612e-02
     vertex  2.104321e-01  2.646542e-01  5.208977e-02
   endloop
 endfacet
 facet normal  0.000000e+00  0.000000e+00  0.000000e+00
   outer loop
     vertex  1.511899e-01  2.703150e-01  1.319961e-01
     vertex  1.481023e-01  2.772671e-01  1.420388e-01
     vertex  1.481023e-01  2.772671e-01  1.420388e-01
   endloop
 endfacet
 facet normal  9.694005e-02  8.320391e-01 -5.461809e-01
   outer loop
     vertex  1.464786e-01  2.684885e-01  1.283776e-01
     vertex  1.481023e-01  2.772671e-01  1.420388e-01
     vertex  1.511899e-01  2.703150e-01  1.319961e-01
   endloop
 endfacet
 facet normal -3.074199e-01  9.887854e-02 -9.464227e-01
   outer loop
     vertex  1.523818e-01  2.673733e-01  1.299883e-01
     vertex  1.550267e-01  2.646542e-01  1.288451e-01
     vertex  1.521621e-01  2.646542e-01  1.297756e-01
   endloop
 endfacet
 facet normal -3.670837e-01  3.375933e-02 -9.295751e-01
   outer loop
     vertex  1.523818e-01  2.673733e-01  1.299883e-01
     vertex  1.546571e-01  2.676599e-01  1.291002e-01
     vertex  1.550267e-01  2.646542e-01  1.288451e-01
   endloop
 endfacet
 facet normal  2.652701e-01  5.387545e-02 -9.626678e-01
   outer loop
     vertex  1.492584e-01  2.646542e-01  1.289755e-01
     vertex  1.523818e-01  2.673733e-01  1.299883e-01
     vertex  1.521621e-01  2.646542e-01  1.297756e-01
   endloop
 endfacet
 facet normal  6.880452e-01  4.049171e-01 -6.021926e-01
   outer loop
     vertex  1.464786e-01  2.684885e-01  1.283776e-01
     vertex  1.492584e-01  2.646542e-01  1.289755e-01
     vertex  1.472748e-01  2.646542e-01  1.267090e-01
   endloop
 endfacet
 facet normal  2.711427e-01  4.666021e-02 -9.614076e-01
   outer loop
     vertex  1.464786e-01  2.684885e-01  1.283776e-01
     vertex  1.523818e-01  2.673733e-01  1.299883e-01
     vertex  1.492584e-01  2.646542e-01  1.289755e-01
   endloop
 endfacet
 facet normal  7.200919e-01 -2.902835e-01 -6.302406e-01
   outer loop
     vertex  1.448577e-01  1.971504e-01  1.353230e-01
     vertex  1.472748e-01  2.218485e-01  1.267090e-01
     vertex  1.492584e-01  2.218485e-01  1.289755e-01
   endloop
 endfacet
 facet normal -3.066508e-01 -1.213503e-01 -9.440548e-01
   outer loop
     vertex  1.448577e-01  1.971504e-01  1.353230e-01
     vertex  1.521621e-01  2.218485e-01  1.297756e-01
     vertex  1.550267e-01  2.218485e-01  1.288451e-01
   endloop
 endfacet
 facet normal  2.547929e-01 -2.830384e-01 -9.246458e-01
   outer loop
     vertex  1.448577e-01  1.971504e-01  1.353230e-01
     vertex  1.492584e-01  2.218485e-01  1.289755e-01
     vertex  1.521621e-01  2.218485e-01  1.297756e-01
   endloop
 endfacet
 facet normal  0.000000e+00  0.000000e+00  0.000000e+00
   outer loop
     vertex  1.448577e-01  1.971504e-01  1.353230e-01
     vertex  1.448577e-01  1.971504e-01  1.353230e-01
     vertex  1.492584e-01  2.218485e-01  1.289755e-01
   endloop
 endfacet
 facet normal  7.524937e-01  4.372895e-13 -6.585994e-01
   outer loop
     vertex  1.492584e-01  2.646542e-01  1.289755e-01
     vertex  1.472748e-01  2.218485e-01  1.267090e-01
     vertex  1.472748e-01  2.646542e-01  1.267090e-01
   endloop
 endfacet
 facet normal  7.524937e-01 -4.372905e-13 -6.585994e-01
   outer loop
     vertex  1.492584e-01  2.646542e-01  1.289755e-01
     vertex  1.492584e-01  2.218485e-01  1.289755e-01
     vertex  1.472748e-01  2.218485e-01  1.267090e-01
   endloop
 endfacet
 facet normal  2.656559e-01  6.401125e-13 -9.640679e-01
   outer loop
     vertex  1.521621e-01  2.646542e-01  1.297756e-01
     vertex  1.521621e-01  2.218485e-01  1.297756e-01
     vertex  1.492584e-01  2.218485e-01  1.289755e-01
   endloop
 endfacet
 facet normal  2.656559e-01 -6.401108e-13 -9.640679e-01
   outer loop
     vertex  1.521621e-01  2.646542e-01  1.297756e-01
     vertex  1.492584e-01  2.218485e-01  1.289755e-01
     vertex  1.492584e-01  2.646542e-01  1.289755e-01
   endloop
 endfacet
 facet normal -3.089339e-01 -0.000000e+00 -9.510835e-01
   outer loop
     vertex  1.550267e-01  2.646542e-01  1.288451e-01
     vertex  1.550267e-01  2.218485e-01  1.288451e-01
     vertex  1.521621e-01  2.218485e-01  1.297756e-01
   endloop
 endfacet
 facet normal -3.089339e-01  6.314911e-13 -9.510835e-01
   outer loop
     vertex  1.550267e-01  2.646542e-01  1.288451e-01
     vertex  1.521621e-01  2.218485e-01  1.297756e-01
     vertex  1.521621e-01  2.646542e-01  1.297756e-01
   endloop
 endfacet
 facet normal  0.000000e+00  0.000000e+00  0.000000e+00
   outer loop
     vertex  1.338056e-01  2.700338e-01  1.407672e-01
     vertex  1.425559e-01  2.772671e-01  1.451124e-01
     vertex  1.425559e-01  2.772671e-01  1.451124e-01
   endloop
 endfacet
 facet normal -4.050108e-01  7.782361e-01 -4.799112e-01
   outer loop
     vertex  1.338056e-01  2.700338e-01  1.407672e-01
     vertex  1.324037e-01  2.703150e-01  1.424063e-01
     vertex  1.425559e-01  2.772671e-01  1.451124e-01
   endloop
 endfacet
 facet normal -1.370816e-01  9.500920e-01 -2.802389e-01
   outer loop
     vertex  1.338056e-01  2.700338e-01  1.407672e-01
     vertex  1.318331e-01  2.684885e-01  1.364933e-01
     vertex  1.324037e-01  2.703150e-01  1.424063e-01
   endloop
 endfacet
 facet normal -6.428457e-01  7.657388e-01  1.983921e-02
   outer loop
     vertex  1.338056e-01  2.700338e-01  1.407672e-01
     vertex  1.425559e-01  2.772671e-01  1.451124e-01
     vertex  1.318331e-01  2.684885e-01  1.364933e-01
   endloop
 endfacet
 facet normal -8.753642e-01  4.049171e-01  2.641584e-01
   outer loop
     vertex  1.318331e-01  2.684885e-01  1.364933e-01
     vertex  1.299962e-01  2.646542e-01  1.362838e-01
     vertex  1.308664e-01  2.646542e-01  1.391673e-01
   endloop
 endfacet
 facet normal -6.395096e-01  9.887854e-02 -7.623979e-01
   outer loop
     vertex  1.300693e-01  2.673733e-01  1.423526e-01
     vertex  1.300054e-01  2.646542e-01  1.420535e-01
     vertex  1.276979e-01  2.646542e-01  1.439892e-01
   endloop
 endfacet
 facet normal -9.568874e-01  5.387545e-02 -2.854188e-01
   outer loop
     vertex  1.300693e-01  2.673733e-01  1.423526e-01
     vertex  1.308664e-01  2.646542e-01  1.391673e-01
     vertex  1.300054e-01  2.646542e-01  1.420535e-01
   endloop
 endfacet
 facet normal -9.589321e-01  4.666021e-02 -2.797713e-01
   outer loop
     vertex  1.300693e-01  2.673733e-01  1.423526e-01
     vertex  1.318331e-01  2.684885e-01  1.364933e-01
     vertex  1.308664e-01  2.646542e-01  1.391673e-01
   endloop
 endfacet
 facet normal -5.935943e-01  3.375933e-02 -8.040560e-01
   outer loop
     vertex  1.281101e-01  2.676599e-01  1.438110e-01
     vertex  1.300693e-01  2.673733e-01  1.423526e-01
     vertex  1.276979e-01  2.646542e-01  1.439892e-01
   endloop
 endfacet
 facet normal -6.379095e-01 -1.213503e-01 -7.604904e-01
   outer loop
     vertex  1.385815e-01  1.971504e-01  1.388008e-01
     vertex  1.276979e-01  2.218485e-01  1.439892e-01
     vertex  1.300054e-01  2.218485e-01  1.420535e-01
   endloop
 endfacet
 facet normal -9.161355e-01 -2.902835e-01  2.764619e-01
   outer loop
     vertex  1.385815e-01  1.971504e-01  1.388008e-01
     vertex  1.308664e-01  2.218485e-01  1.391673e-01
     vertex  1.299962e-01  2.218485e-01  1.362838e-01
   endloop
 endfacet
 facet normal -9.190938e-01 -2.830384e-01 -2.741458e-01
   outer loop
     vertex  1.385815e-01  1.971504e-01  1.388008e-01
     vertex  1.300054e-01  2.218485e-01  1.420535e-01
     vertex  1.308664e-01  2.218485e-01  1.391673e-01
   endloop
 endfacet
 facet normal  0.000000e+00  0.000000e+00  0.000000e+00
   outer loop
     vertex  1.385815e-01  1.971504e-01  1.388008e-01
     vertex  1.385815e-01  1.971504e-01  1.388008e-01
     vertex  1.300054e-01  2.218485e-01  1.420535e-01
   endloop
 endfacet
 facet normal -6.426589e-01  0.000000e+00 -7.661524e-01
   outer loop
     vertex  1.300054e-01  2.646542e-01  1.420535e-01
     vertex  1.276979e-01  2.218485e-01  1.439892e-01
     vertex  1.276979e-01  2.646542e-01  1.439892e-01
   endloop
 endfacet
 facet normal -6.426589e-01 -1.017405e-12 -7.661524e-01
   outer loop
     vertex  1.300054e-01  2.646542e-01  1.420535e-01
     vertex  1.300054e-01  2.218485e-01  1.420535e-01
     vertex  1.276979e-01  2.218485e-01  1.439892e-01
   endloop
 endfacet
 facet normal -9.582792e-01 -1.897853e-13 -2.858339e-01
   outer loop
     vertex  1.308664e-01  2.646542e-01  1.391673e-01
     vertex  1.308664e-01  2.218485e-01  1.391673e-01
     vertex  1.300054e-01  2.218485e-01  1.420535e-01
   endloop
 endfacet
 facet normal -9.582792e-01 -3.795701e-13 -2.858339e-01
   outer loop
     vertex  1.308664e-01  2.646542e-01  1.391673e-01
     vertex  1.300054e-01  2.218485e-01  1.420535e-01
     vertex  1.300054e-01  2.646542e-01  1.420535e-01
   endloop
 endfacet
 facet normal -9.573587e-01  1.079493e-12  2.889018e-01
   outer loop
     vertex  1.299962e-01  2.646542e-01  1.362838e-01
     vertex  1.299962e-01  2.218485e-01  1.362838e-01
     vertex  1.308664e-01  2.218485e-01  1.391673e-01
   endloop
 endfacet
 facet normal -9.573587e-01  1.918233e-13  2.889018e-01
   outer loop
     vertex  1.299962e-01  2.646542e-01  1.362838e-01
     vertex  1.308664e-01  2.218485e-01  1.391673e-01
     vertex  1.308664e-01  2.646542e-01  1.391673e-01
   endloop
 endfacet
 facet normal  0.000000e+00  0.000000e+00  0.000000e+00
   outer loop
     vertex  3.247346e-02  2.703150e-01  1.537790e-01
     vertex  2.318894e-02  2.772671e-01  1.586971e-01
     vertex  2.318894e-02  2.772671e-01  1.586971e-01
   endloop
 endfacet
 facet normal  4.547552e-01  8.320391e-01 -3.176612e-01
   outer loop
     vertex  3.170080e-02  2.684885e-01  1.478890e-01
     vertex  2.318894e-02  2.772671e-01  1.586971e-01
     vertex  3.247346e-02  2.703150e-01  1.537790e-01
   endloop
 endfacet
 facet normal  4.518432e-01  9.887854e-02 -8.866007e-01
   outer loop
     vertex  3.473604e-02  2.673733e-01  1.532021e-01
     vertex  3.741461e-02  2.646542e-01  1.542640e-01
     vertex  3.473109e-02  2.646542e-01  1.528964e-01
   endloop
 endfacet
 facet normal  3.977415e-01  3.375933e-02 -9.168762e-01
   outer loop
     vertex  3.473604e-02  2.673733e-01  1.532021e-01
     vertex  3.697283e-02  2.676599e-01  1.541830e-01
     vertex  3.741461e-02  2.646542e-01  1.542640e-01
   endloop
 endfacet
 facet normal  8.682832e-01  5.387545e-02 -4.931346e-01
   outer loop
     vertex  3.324365e-02  2.646542e-01  1.502774e-01
     vertex  3.473604e-02  2.673733e-01  1.532021e-01
     vertex  3.473109e-02  2.646542e-01  1.528964e-01
   endloop
 endfacet
 facet normal  9.123359e-01  4.049171e-01  6.070692e-02
   outer loop
     vertex  3.170080e-02  2.684885e-01  1.478890e-01
     vertex  3.324365e-02  2.646542e-01  1.502774e-01
     vertex  3.344362e-02  2.646542e-01  1.472721e-01
   endloop
 endfacet
 facet normal  8.715446e-01  4.666021e-02 -4.880910e-01
   outer loop
     vertex  3.170080e-02  2.684885e-01  1.478890e-01
     vertex  3.473604e-02  2.673733e-01  1.532021e-01
     vertex  3.324365e-02  2.646542e-01  1.502774e-01
   endloop
 endfacet
 facet normal  9.548292e-01 -2.902835e-01  6.353444e-02
   outer loop
     vertex  2.564344e-02  1.971504e-01  1.516539e-01
     vertex  3.344362e-02  2.218485e-01  1.472721e-01
     vertex  3.324365e-02  2.218485e-01  1.502774e-01
   endloop
 endfacet
 facet normal  4.507127e-01 -1.213503e-01 -8.843824e-01
   outer loop
     vertex  2.564344e-02  1.971504e-01  1.516539e-01
     vertex  3.473109e-02  2.218485e-01  1.528964e-01
     vertex  3.741461e-02  2.218485e-01  1.542640e-01
   endloop
 endfacet
 facet normal  8.339891e-01 -2.830384e-01 -4.736575e-01
   outer loop
     vertex  2.564344e-02  1.971504e-01  1.516539e-01
     vertex  3.324365e-02  2.218485e-01  1.502774e-01
     vertex  3.473109e-02  2.218485e-01  1.528964e-01
   endloop
 endfacet
 facet normal  0.000000e+00  0.000000e+00  0.000000e+00
   outer loop
     vertex  2.564344e-02  1.971504e-01  1.516539e-01
     vertex  2.564344e-02  1.971504e-01  1.516539e-01
     vertex  3.324365e-02  2.218485e-01  1.502774e-01
   endloop
 endfacet
 facet normal  9.977935e-01  0.000000e+00  6.639328e-02
   outer loop
     vertex  3.324365e-02  2.646542e-01  1.502774e-01
     vertex  3.344362e-02  2.218485e-01  1.472721e-01
     vertex  3.344362e-02  2.646542e-01  1.472721e-01
   endloop
 endfacet
 facet normal  9.977935e-01  1.322495e-13  6.639328e-02
   outer loop
     vertex  3.324365e-02  2.646542e-01  1.502774e-01
     vertex  3.324365e-02  2.218485e-01  1.502774e-01
     vertex  3.344362e-02  2.218485e-01  1.472721e-01
   endloop
 endfacet
 facet normal  8.695461e-01 -6.558060e-13 -4.938518e-01
   outer loop
     vertex  3.473109e-02  2.646542e-01  1.528964e-01
     vertex  3.473109e-02  2.218485e-01  1.528964e-01
     vertex  3.324365e-02  2.218485e-01  1.502774e-01
   endloop
 endfacet
 facet normal  8.695461e-01 -9.837109e-13 -4.938518e-01
   outer loop
     vertex  3.473109e-02  2.646542e-01  1.528964e-01
     vertex  3.324365e-02  2.218485e-01  1.502774e-01
     vertex  3.324365e-02  2.646542e-01  1.502774e-01
   endloop
 endfacet
 facet normal  4.540684e-01  0.000000e+00 -8.909668e-01
   outer loop
     vertex  3.741461e-02  2.646542e-01  1.542640e-01
     vertex  3.741461e-02  2.218485e-01  1.542640e-01
     vertex  3.473109e-02  2.218485e-01  1.528964e-01
   endloop
 endfacet
 facet normal  4.540684e-01 -1.183152e-12 -8.909668e-01
   outer loop
     vertex  3.741461e-02  2.646542e-01  1.542640e-01
     vertex  3.473109e-02  2.218485e-01  1.528964e-01
     vertex  3.473109e-02  2.646542e-01  1.528964e-01
   endloop
 endfacet
 facet normal  0.000000e+00  0.000000e+00  0.000000e+00
   outer loop
     vertex -6.687455e-02  2.703150e-01  8.523664e-02
     vertex -7.691731e-02  2.772671e-01  8.214911e-02
     vertex -7.691731e-02  2.772671e-01  8.214911e-02
   endloop
 endfacet
 facet normal  5.461809e-01  8.320391e-01  9.694005e-02
   outer loop
     vertex -6.325602e-02  2.684885e-01  8.052542e-02
     vertex -7.691731e-02  2.772671e-01  8.214911e-02
     vertex -6.687455e-02  2.703150e-01  8.523664e-02
   endloop
 endfacet
 facet normal  9.464227e-01  9.887854e-02 -3.074199e-01
   outer loop
     vertex -6.486676e-02  2.673733e-01  8.642863e-02
     vertex -6.372356e-02  2.646542e-01  8.907351e-02
     vertex -6.465405e-02  2.646542e-01  8.620892e-02
   endloop
 endfacet
 facet normal  9.295751e-01  3.375933e-02 -3.670837e-01
   outer loop
     vertex -6.486676e-02  2.673733e-01  8.642863e-02
     vertex -6.397869e-02  2.676599e-01  8.870387e-02
     vertex -6.372356e-02  2.646542e-01  8.907351e-02
   endloop
 endfacet
 facet normal  9.626678e-01  5.387545e-02  2.652701e-01
   outer loop
     vertex -6.385391e-02  2.646542e-01  8.330523e-02
     vertex -6.486676e-02  2.673733e-01  8.642863e-02
     vertex -6.465405e-02  2.646542e-01  8.620892e-02
   endloop
 endfacet
 facet normal  6.021926e-01  4.049171e-01  6.880452e-01
   outer loop
     vertex -6.325602e-02  2.684885e-01  8.052542e-02
     vertex -6.385391e-02  2.646542e-01  8.330523e-02
     vertex -6.158746e-02  2.646542e-01  8.132158e-02
   endloop
 endfacet
 facet normal  9.614076e-01  4.666021e-02  2.711427e-01
   outer loop
     vertex -6.325602e-02  2.684885e-01  8.052542e-02
     vertex -6.486676e-02  2.673733e-01  8.642863e-02
     vertex -6.385391e-02  2.646542e-01  8.330523e-02
   endloop
 endfacet
 facet normal  6.302406e-01 -2.902835e-01  7.200919e-01
   outer loop
     vertex -7.020145e-02  1.971504e-01  7.890444e-02
     vertex -6.158746e-02  2.218485e-01  8.132158e-02
     vertex -6.385391e-02  2.218485e-01  8.330523e-02
   endloop
 endfacet
 facet normal  9.440548e-01 -1.213503e-01 -3.066508e-01
   outer loop
     vertex -7.020145e-02  1.971504e-01  7.890444e-02
     vertex -6.465405e-02  2.218485e-01  8.620892e-02
     vertex -6.372356e-02  2.218485e-01  8.907351e-02
   endloop
 endfacet
 facet normal  9.246458e-01 -2.830384e-01  2.547929e-01
   outer loop
     vertex -7.020145e-02  1.971504e-01  7.890444e-02
     vertex -6.385391e-02  2.218485e-01  8.330523e-02
     vertex -6.465405e-02  2.218485e-01  8.620892e-02
   endloop
 endfacet
 facet normal  0.000000e+00  0.000000e+00  0.000000e+00
   outer loop
     vertex -7.020145e-02  1.971504e-01  7.890444e-02
     vertex -7.020145e-02  1.971504e-01  7.890444e-02
     vertex -6.385391e-02  2.218485e-01  8.330523e-02
   endloop
 endfacet
 facet normal  6.585994e-01  4.996309e-13  7.524937e-01
   outer loop
     vertex -6.385391e-02  2.646542e-01  8.330523e-02
     vertex -6.158746e-02  2.218485e-01  8.132158e-02
     vertex -6.158746e-02  2.646542e-01  8.132158e-02
   endloop
 endfacet
 facet normal  6.585994e-01  0.000000e+00  7.524937e-01
   outer loop
     vertex -6.385391e-02  2.646542e-01  8.330523e-02
     vertex -6.385391e-02  2.218485e-01  8.330523e-02
     vertex -6.158746e-02  2.218485e-01  8.132158e-02
   endloop
 endfacet
 facet normal  9.640679e-01  0.000000e+00  2.656559e-01
   outer loop
     vertex -6.465405e-02  2.646542e-01  8.620892e-02
     vertex -6.465405e-02  2.218485e-01  8.620892e-02
     vertex -6.385391e-02  2.218485e-01  8.330523e-02
   endloop
 endfacet
 facet normal  9.640679e-01  0.000000e+00  2.656559e-01
   outer loop
     vertex -6.465405e-02  2.646542e-01  8.620892e-02
     vertex -6.385391e-02  2.218485e-01  8.330523e-02
     vertex -6.385391e-02  2.646542e-01  8.330523e-02
   endloop
 endfacet
 facet normal  9.510835e-01 -2.051229e-13 -3.089339e-01
   outer loop
     vertex -6.372356e-02  2.646542e-01  8.907351e-02
     vertex -6.372356e-02  2.218485e-01  8.907351e-02
     vertex -6.465405e-02  2.218485e-01  8.620892e-02
   endloop
 endfacet
 facet normal  9.510835e-01  0.000000e+00 -3.089339e-01
   outer loop
     vertex -6.372356e-02  2.646542e-01  8.907351e-02
     vertex -6.465405e-02  2.218485e-01  8.620892e-02
     vertex -6.465405e-02  2.646542e-01  8.620892e-02
   endloop
 endfacet
 facet normal  0.000000e+00  0.000000e+00  0.000000e+00
   outer loop
     vertex -7.564563e-02  2.700338e-01  6.785239e-02
     vertex -7.999083e-02  2.772671e-01  7.660266e-02
     vertex -7.999083e-02  2.772671e-01  7.660266e-02
   endloop
 endfacet
 facet normal  4.799112e-01  7.782361e-01 -4.050108e-01
   outer loop
     vertex -7.564563e-02  2.700338e-01  6.785239e-02
     vertex -7.728476e-02  2.703150e-01  6.645047e-02
     vertex -7.999083e-02  2.772671e-01  7.660266e-02
   endloop
 endfacet
 facet normal  2.802389e-01  9.500920e-01 -1.370816e-01
   outer loop
     vertex -7.564563e-02  2.700338e-01  6.785239e-02
     vertex -7.137174e-02  2.684885e-01  6.587987e-02
     vertex -7.728476e-02  2.703150e-01  6.645047e-02
   endloop
 endfacet
 facet normal -1.983921e-02  7.657388e-01 -6.428457e-01
   outer loop
     vertex -7.564563e-02  2.700338e-01  6.785239e-02
     vertex -7.999083e-02  2.772671e-01  7.660266e-02
     vertex -7.137174e-02  2.684885e-01  6.587987e-02
   endloop
 endfacet
 facet normal -2.641584e-01  4.049171e-01 -8.753642e-01
   outer loop
     vertex -7.137174e-02  2.684885e-01  6.587987e-02
     vertex -7.116226e-02  2.646542e-01  6.404300e-02
     vertex -7.404574e-02  2.646542e-01  6.491314e-02
   endloop
 endfacet
 facet normal  7.623979e-01  9.887854e-02 -6.395096e-01
   outer loop
     vertex -7.723106e-02  2.673733e-01  6.411612e-02
     vertex -7.693200e-02  2.646542e-01  6.405224e-02
     vertex -7.886764e-02  2.646542e-01  6.174465e-02
   endloop
 endfacet
 facet normal  2.854188e-01  5.387545e-02 -9.568874e-01
   outer loop
     vertex -7.723106e-02  2.673733e-01  6.411612e-02
     vertex -7.404574e-02  2.646542e-01  6.491314e-02
     vertex -7.693200e-02  2.646542e-01  6.405224e-02
   endloop
 endfacet
 facet normal  2.797713e-01  4.666021e-02 -9.589321e-01
   outer loop
     vertex -7.723106e-02  2.673733e-01  6.411612e-02
     vertex -7.137174e-02  2.684885e-01  6.587987e-02
     vertex -7.404574e-02  2.646542e-01  6.491314e-02
   endloop
 endfacet
 facet normal  8.040560e-01  3.375933e-02 -5.935943e-01
   outer loop
     vertex -7.868947e-02  2.676599e-01  6.215693e-02
     vertex -7.723106e-02  2.673733e-01  6.411612e-02
     vertex -7.886764e-02  2.646542e-01  6.174465e-02
   endloop
 endfacet
 facet normal  7.604904e-01 -1.213503e-01 -6.379095e-01
   outer loop
     vertex -7.367931e-02  1.971504e-01  7.262832e-02
     vertex -7.886764e-02  2.218485e-01  6.174465e-02
     vertex -7.693200e-02  2.218485e-01  6.405224e-02
   endloop
 endfacet
 facet normal -2.764619e-01 -2.902835e-01 -9.161355e-01
   outer loop
     vertex -7.367931e-02  1.971504e-01  7.262832e-02
     vertex -7.404574e-02  2.218485e-01  6.491314e-02
     vertex -7.116226e-02  2.218485e-01  6.404300e-02
   endloop
 endfacet
 facet normal  2.741458e-01 -2.830384e-01 -9.190938e-01
   outer loop
     vertex -7.367931e-02  1.971504e-01  7.262832e-02
     vertex -7.693200e-02  2.218485e-01  6.405224e-02
     vertex -7.404574e-02  2.218485e-01  6.491314e-02
   endloop
 endfacet
 facet normal  0.000000e+00  0.000000e+00  0.000000e+00
   outer loop
     vertex -7.367931e-02  1.971504e-01  7.262832e-02
     vertex -7.367931e-02  1.971504e-01  7.262832e-02
     vertex -7.693200e-02  2.218485e-01  6.405224e-02
   endloop
 endfacet
 facet normal  7.661524e-01  4.267120e-13 -6.426589e-01
   outer loop
     vertex -7.693200e-02  2.646542e-01  6.405224e-02
     vertex -7.886764e-02  2.218485e-01  6.174465e-02
     vertex -7.886764e-02  2.646542e-01  6.174465e-02
   endloop
 endfacet
 facet normal  7.661524e-01  8.534129e-13 -6.426589e-01
   outer loop
     vertex -7.693200e-02  2.646542e-01  6.405224e-02
     vertex -7.693200e-02  2.218485e-01  6.405224e-02
     vertex -7.886764e-02  2.218485e-01  6.174465e-02
   endloop
 endfacet
 facet normal  2.858339e-01  0.000000e+00 -9.582792e-01
   outer loop
     vertex -7.404574e-02  2.646542e-01  6.491314e-02
     vertex -7.404574e-02  2.218485e-01  6.491314e-02
     vertex -7.693200e-02  2.218485e-01  6.405224e-02
   endloop
 endfacet
 facet normal  2.858339e-01  1.272538e-12 -9.582792e-01
   outer loop
     vertex -7.404574e-02  2.646542e-01  6.491314e-02
     vertex -7.693200e-02  2.218485e-01  6.405224e-02
     vertex -7.693200e-02  2.646542e-01  6.405224e-02
   endloop
 endfacet
 facet normal -2.889018e-01 -0.000000e+00 -9.573587e-01
   outer loop
     vertex -7.116226e-02  2.646542e-01  6.404300e-02
     vertex -7.116226e-02  2.218485e-01  6.404300e-02
     vertex -7.404574e-02  2.218485e-01  6.491314e-02
   endloop
 endfacet
 facet normal -2.889018e-01  0.000000e+00 -9.573587e-01
   outer loop
     vertex -7.116226e-02  2.646542e-01  6.404300e-02
     vertex -7.404574e-02  2.218485e-01  6.491314e-02
     vertex -7.404574e-02  2.646542e-01  6.491314e-02
   endloop
 endfacet
 facet normal  0.000000e+00  0.000000e+00  0.000000e+00
   outer loop
     vertex -8.865744e-02  2.703150e-01 -3.347976e-02
     vertex -9.357553e-02  2.772671e-01 -4.276428e-02
     vertex -9.357553e-02  2.772671e-01 -4.276428e-02
   endloop
 endfacet
 facet normal  3.176612e-01  8.320391e-01  4.547552e-01
   outer loop
     vertex -8.276742e-02  2.684885e-01 -3.425242e-02
     vertex -9.357553e-02  2.772671e-01 -4.276428e-02
     vertex -8.865744e-02  2.703150e-01 -3.347976e-02
   endloop
 endfacet
 facet normal  9.233918e-01  3.135479e-02  3.825760e-01
   outer loop
     vertex -8.906146e-02  2.676599e-01 -2.898038e-02
     vertex -8.914243e-02  2.646542e-01 -2.853860e-02
     vertex -8.829462e-02  2.646542e-01 -3.058491e-02
   endloop
 endfacet
 facet normal  6.786457e-01  1.152504e-01  7.253671e-01
   outer loop
     vertex -8.808058e-02  2.673733e-01 -3.121718e-02
     vertex -8.829462e-02  2.646542e-01 -3.058491e-02
     vertex -8.667716e-02  2.646542e-01 -3.209818e-02
   endloop
 endfacet
 facet normal  9.165909e-01  2.069720e-02  3.992903e-01
   outer loop
     vertex -8.808058e-02  2.673733e-01 -3.121718e-02
     vertex -8.906146e-02  2.676599e-01 -2.898038e-02
     vertex -8.829462e-02  2.646542e-01 -3.058491e-02
   endloop
 endfacet
 facet normal  3.173387e-01 -1.400993e-01  9.379064e-01
   outer loop
     vertex -8.457902e-02  2.646542e-01 -3.280808e-02
     vertex -8.808058e-02  2.673733e-01 -3.121718e-02
     vertex -8.667716e-02  2.646542e-01 -3.209818e-02
   endloop
 endfacet
 facet normal -2.566917e-01  3.653978e-01  8.947591e-01
   outer loop
     vertex -8.276742e-02  2.684885e-01 -3.425242e-02
     vertex -8.294099e-02  2.646542e-01 -3.273636e-02
     vertex -8.215055e-02  2.646542e-01 -3.250959e-02
   endloop
 endfacet
 facet normal -1.133502e-01  3.697546e-01  9.221894e-01
   outer loop
     vertex -8.276742e-02  2.684885e-01 -3.425242e-02
     vertex -8.375718e-02  2.646542e-01 -3.283668e-02
     vertex -8.294099e-02  2.646542e-01 -3.273636e-02
   endloop
 endfacet
 facet normal  3.271614e-02  3.387411e-01  9.403106e-01
   outer loop
     vertex -8.276742e-02  2.684885e-01 -3.425242e-02
     vertex -8.457902e-02  2.646542e-01 -3.280808e-02
     vertex -8.375718e-02  2.646542e-01 -3.283668e-02
   endloop
 endfacet
 facet normal  4.769093e-01  1.034608e-01  8.728421e-01
   outer loop
     vertex -8.276742e-02  2.684885e-01 -3.425242e-02
     vertex -8.808058e-02  2.673733e-01 -3.121718e-02
     vertex -8.457902e-02  2.646542e-01 -3.280808e-02
   endloop
 endfacet
 facet normal  3.058616e-01 -2.987629e-01  9.039853e-01
   outer loop
     vertex -8.653237e-02  1.971504e-01 -4.030978e-02
     vertex -8.457902e-02  2.218485e-01 -3.280808e-02
     vertex -8.667716e-02  2.218485e-01 -3.209818e-02
   endloop
 endfacet
 facet normal  3.324718e-02 -2.928713e-01  9.555737e-01
   outer loop
     vertex -8.653237e-02  1.971504e-01 -4.030978e-02
     vertex -8.375718e-02  2.218485e-01 -3.283668e-02
     vertex -8.457902e-02  2.218485e-01 -3.280808e-02
   endloop
 endfacet
 facet normal -1.172744e-01 -2.755170e-01  9.541159e-01
   outer loop
     vertex -8.653237e-02  1.971504e-01 -4.030978e-02
     vertex -8.294099e-02  2.218485e-01 -3.273636e-02
     vertex -8.375718e-02  2.218485e-01 -3.283668e-02
   endloop
 endfacet
 facet normal -2.672316e-01 -2.467760e-01  9.314982e-01
   outer loop
     vertex -8.653237e-02  1.971504e-01 -4.030978e-02
     vertex -8.215055e-02  2.218485e-01 -3.250959e-02
     vertex -8.294099e-02  2.218485e-01 -3.273636e-02
   endloop
 endfacet
 facet normal  9.205425e-01 -8.449219e-02  3.813955e-01
   outer loop
     vertex -8.653237e-02  1.971504e-01 -4.030978e-02
     vertex -8.829462e-02  2.218485e-01 -3.058491e-02
     vertex -8.914243e-02  2.218485e-01 -2.853860e-02
   endloop
 endfacet
 facet normal  6.645165e-01 -2.322524e-01  7.102652e-01
   outer loop
     vertex -8.653237e-02  1.971504e-01 -4.030978e-02
     vertex -8.667716e-02  2.218485e-01 -3.209818e-02
     vertex -8.829462e-02  2.218485e-01 -3.058491e-02
   endloop
 endfacet
 facet normal  0.000000e+00  0.000000e+00  0.000000e+00
   outer loop
     vertex -8.653237e-02  1.971504e-01 -4.030978e-02
     vertex -8.653237e-02  1.971504e-01 -4.030978e-02
     vertex -8.667716e-02  2.218485e-01 -3.209818e-02
   endloop
 endfacet
 facet normal -2.757601e-01  0.000000e+00  9.612265e-01
   outer loop
     vertex -8.294099e-02  2.646542e-01 -3.273636e-02
     vertex -8.215055e-02  2.218485e-01 -3.250959e-02
     vertex -8.215055e-02  2.646542e-01 -3.250959e-02
   endloop
 endfacet
 facet normal -2.757601e-01  1.276452e-12  9.612265e-01
   outer loop
     vertex -8.294099e-02  2.646542e-01 -3.273636e-02
     vertex -8.294099e-02  2.218485e-01 -3.273636e-02
     vertex -8.215055e-02  2.218485e-01 -3.250959e-02
   endloop
 endfacet
 facet normal -1.219961e-01 -1.318022e-12  9.925306e-01
   outer loop
     vertex -8.375718e-02  2.646542e-01 -3.283668e-02
     vertex -8.375718e-02  2.218485e-01 -3.283668e-02
     vertex -8.294099e-02  2.218485e-01 -3.273636e-02
   endloop
 endfacet
 facet normal -1.219961e-01  1.318022e-12  9.925306e-01
   outer loop
     vertex -8.375718e-02  2.646542e-01 -3.283668e-02
     vertex -8.294099e-02  2.218485e-01 -3.273636e-02
     vertex -8.294099e-02  2.646542e-01 -3.273636e-02
   endloop
 endfacet
 facet normal  3.477187e-02  0.000000e+00  9.993953e-01
   outer loop
     vertex -8.457902e-02  2.646542e-01 -3.280808e-02
     vertex -8.457902e-02  2.218485e-01 -3.280808e-02
     vertex -8.375718e-02  2.218485e-01 -3.283668e-02
   endloop
 endfacet
 facet normal  3.477187e-02 -1.327138e-12  9.993953e-01
   outer loop
     vertex -8.457902e-02  2.646542e-01 -3.280808e-02
     vertex -8.375718e-02  2.218485e-01 -3.283668e-02
     vertex -8.375718e-02  2.646542e-01 -3.283668e-02
   endloop
 endfacet
 facet normal  0.000000e+00  0.000000e+00  0.000000e+00
   outer loop
     vertex -8.256701e-02  2.700338e-01 -5.197437e-02
     vertex -9.182691e-02  2.772671e-01 -4.885952e-02
     vertex -9.182691e-02  2.772671e-01 -4.885952e-02
   endloop
 endfacet
 facet normal  6.257343e-01  7.782361e-01  5.296251e-02
   outer loop
     vertex -8.256701e-02  2.700338e-01 -5.197437e-02
     vertex -8.273474e-02  2.703150e-01 -5.412472e-02
     vertex -9.182691e-02  2.772671e-01 -4.885952e-02
   endloop
 endfacet
 facet normal  2.950902e-01  9.500920e-01  1.012275e-01
   outer loop
     vertex -8.256701e-02  2.700338e-01 -5.197437e-02
     vertex -7.815013e-02  2.684885e-01 -5.034706e-02
     vertex -8.273474e-02  2.703150e-01 -5.412472e-02
   endloop
 endfacet
 facet normal  4.405321e-01  7.657388e-01 -4.685890e-01
   outer loop
     vertex -8.256701e-02  2.700338e-01 -5.197437e-02
     vertex -9.182691e-02  2.772671e-01 -4.885952e-02
     vertex -7.815013e-02  2.684885e-01 -5.034706e-02
   endloop
 endfacet
 facet normal  4.321878e-01  4.049171e-01 -8.057641e-01
   outer loop
     vertex -7.815013e-02  2.684885e-01 -5.034706e-02
     vertex -7.670314e-02  2.646542e-01 -5.149780e-02
     vertex -7.935736e-02  2.646542e-01 -5.292144e-02
   endloop
 endfacet
 facet normal  9.912983e-01  9.887854e-02  8.689519e-02
   outer loop
     vertex -8.104614e-02  2.673733e-01 -5.573738e-02
     vertex -8.078950e-02  2.646542e-01 -5.557109e-02
     vertex -8.052649e-02  2.646542e-01 -5.857150e-02
   endloop
 endfacet
 facet normal  8.784432e-01  5.387545e-02 -4.748000e-01
   outer loop
     vertex -8.104614e-02  2.673733e-01 -5.573738e-02
     vertex -7.935736e-02  2.646542e-01 -5.292144e-02
     vertex -8.078950e-02  2.646542e-01 -5.557109e-02
   endloop
 endfacet
 facet normal  8.758956e-01  4.666021e-02 -4.802392e-01
   outer loop
     vertex -8.104614e-02  2.673733e-01 -5.573738e-02
     vertex -7.815013e-02  2.684885e-01 -5.034706e-02
     vertex -7.935736e-02  2.646542e-01 -5.292144e-02
   endloop
 endfacet
 facet normal  9.882880e-01  3.375933e-02  1.488189e-01
   outer loop
     vertex -8.069203e-02  2.676599e-01 -5.815398e-02
     vertex -8.104614e-02  2.673733e-01 -5.573738e-02
     vertex -8.052649e-02  2.646542e-01 -5.857150e-02
   endloop
 endfacet
 facet normal  9.888180e-01 -1.213503e-01  8.667778e-02
   outer loop
     vertex -8.455370e-02  1.971504e-01 -4.720688e-02
     vertex -8.052649e-02  2.218485e-01 -5.857150e-02
     vertex -8.078950e-02  2.218485e-01 -5.557109e-02
   endloop
 endfacet
 facet normal  4.523176e-01 -2.902835e-01 -8.432937e-01
   outer loop
     vertex -8.455370e-02  1.971504e-01 -4.720688e-02
     vertex -7.935736e-02  2.218485e-01 -5.292144e-02
     vertex -7.670314e-02  2.218485e-01 -5.149780e-02
   endloop
 endfacet
 facet normal  8.437478e-01 -2.830384e-01 -4.560471e-01
   outer loop
     vertex -8.455370e-02  1.971504e-01 -4.720688e-02
     vertex -8.078950e-02  2.218485e-01 -5.557109e-02
     vertex -7.935736e-02  2.218485e-01 -5.292144e-02
   endloop
 endfacet
 facet normal  0.000000e+00  0.000000e+00  0.000000e+00
   outer loop
     vertex -8.455370e-02  1.971504e-01 -4.720688e-02
     vertex -8.455370e-02  1.971504e-01 -4.720688e-02
     vertex -8.078950e-02  2.218485e-01 -5.557109e-02
   endloop
 endfacet
 facet normal  9.961800e-01  0.000000e+00  8.732312e-02
   outer loop
     vertex -8.052649e-02  2.646542e-01 -5.857150e-02
     vertex -8.078950e-02  2.218485e-01 -5.557109e-02
     vertex -8.052649e-02  2.218485e-01 -5.857150e-02
   endloop
 endfacet
 facet normal  8.797208e-01 -3.157117e-13 -4.754906e-01
   outer loop
     vertex -8.078950e-02  2.646542e-01 -5.557109e-02
     vertex -7.935736e-02  2.218485e-01 -5.292144e-02
     vertex -8.078950e-02  2.218485e-01 -5.557109e-02
   endloop
 endfacet
 facet normal  9.961800e-01  5.797996e-14  8.732312e-02
   outer loop
     vertex -8.078950e-02  2.646542e-01 -5.557109e-02
     vertex -8.078950e-02  2.218485e-01 -5.557109e-02
     vertex -8.052649e-02  2.646542e-01 -5.857150e-02
   endloop
 endfacet
 facet normal  4.726704e-01  1.170234e-12 -8.812393e-01
   outer loop
     vertex -7.935736e-02  2.646542e-01 -5.292144e-02
     vertex -7.670314e-02  2.218485e-01 -5.149780e-02
     vertex -7.935736e-02  2.218485e-01 -5.292144e-02
   endloop
 endfacet
 facet normal  8.797208e-01  6.314233e-13 -4.754906e-01
   outer loop
     vertex -7.935736e-02  2.646542e-01 -5.292144e-02
     vertex -7.935736e-02  2.218485e-01 -5.292144e-02
     vertex -8.078950e-02  2.646542e-01 -5.557109e-02
   endloop
 endfacet
 facet normal  4.726704e-01  5.851168e-13 -8.812393e-01
   outer loop
     vertex -7.670314e-02  2.646542e-01 -5.149780e-02
     vertex -7.670314e-02  2.218485e-01 -5.149780e-02
     vertex -7.935736e-02  2.646542e-01 -5.292144e-02
   endloop
 endfacet
 facet normal  0.000000e+00  0.000000e+00  0.000000e+00
   outer loop
     vertex -2.011510e-02  2.703150e-01 -1.328278e-01
     vertex -1.702757e-02  2.772671e-01 -1.428705e-01
     vertex -1.702757e-02  2.772671e-01 -1.428705e-01
   endloop
 endfacet
 facet normal -9.694005e-02  8.320391e-01  5.461809e-01
   outer loop
     vertex -1.540388e-02  2.684885e-01 -1.292092e-01
     vertex -1.702757e-02  2.772671e-01 -1.428705e-01
     vertex -2.011510e-02  2.703150e-01 -1.328278e-01
   endloop
 endfacet
 facet normal  3.517254e-01 -1.047500e-02  9.360446e-01
   outer loop
     vertex -2.358233e-02  2.676599e-01 -1.299319e-01
     vertex -2.320812e-02  2.646542e-01 -1.301062e-01
     vertex -2.240412e-02  2.646542e-01 -1.304083e-01
   endloop
 endfacet
 facet normal  4.998881e-01  1.203144e-02  8.660064e-01
   outer loop
     vertex -2.358233e-02  2.676599e-01 -1.299319e-01
     vertex -2.395197e-02  2.646542e-01 -1.296768e-01
     vertex -2.320812e-02  2.646542e-01 -1.301062e-01
   endloop
 endfacet
 facet normal -9.550911e-02  9.818893e-02  9.905740e-01
   outer loop
     vertex -2.130709e-02  2.673733e-01 -1.308200e-01
     vertex -2.156157e-02  2.646542e-01 -1.305750e-01
     vertex -1.939250e-02  2.646542e-01 -1.303659e-01
   endloop
 endfacet
 facet normal  1.936402e-01  7.004540e-02  9.785689e-01
   outer loop
     vertex -2.130709e-02  2.673733e-01 -1.308200e-01
     vertex -2.240412e-02  2.646542e-01 -1.304083e-01
     vertex -2.156157e-02  2.646542e-01 -1.305750e-01
   endloop
 endfacet
 facet normal  3.630099e-01 -5.374152e-03  9.317698e-01
   outer loop
     vertex -2.130709e-02  2.673733e-01 -1.308200e-01
     vertex -2.358233e-02  2.676599e-01 -1.299319e-01
     vertex -2.240412e-02  2.646542e-01 -1.304083e-01
   endloop
 endfacet
 facet normal -4.828341e-01 -1.974910e-01  8.531521e-01
   outer loop
     vertex -1.749602e-02  2.646542e-01 -1.292926e-01
     vertex -2.130709e-02  2.673733e-01 -1.308200e-01
     vertex -1.939250e-02  2.646542e-01 -1.303659e-01
   endloop
 endfacet
 facet normal -7.396901e-01  3.917082e-01  5.471957e-01
   outer loop
     vertex -1.540388e-02  2.684885e-01 -1.292092e-01
     vertex -1.749602e-02  2.646542e-01 -1.292926e-01
     vertex -1.620004e-02  2.646542e-01 -1.275407e-01
   endloop
 endfacet
 facet normal -2.844216e-01  1.345644e-01  9.492085e-01
   outer loop
     vertex -1.540388e-02  2.684885e-01 -1.292092e-01
     vertex -2.130709e-02  2.673733e-01 -1.308200e-01
     vertex -1.749602e-02  2.646542e-01 -1.292926e-01
   endloop
 endfacet
 facet normal -4.696645e-01 -3.011835e-01  8.298818e-01
   outer loop
     vertex -1.378290e-02  1.971504e-01 -1.361547e-01
     vertex -1.749602e-02  2.218485e-01 -1.292926e-01
     vertex -1.939250e-02  2.218485e-01 -1.303659e-01
   endloop
 endfacet
 facet normal -7.729218e-01 -2.750642e-01  5.717793e-01
   outer loop
     vertex -1.378290e-02  1.971504e-01 -1.361547e-01
     vertex -1.620004e-02  2.218485e-01 -1.275407e-01
     vertex -1.749602e-02  2.218485e-01 -1.292926e-01
   endloop
 endfacet
 facet normal  4.998107e-01 -2.131369e-02  8.658724e-01
   outer loop
     vertex -1.378290e-02  1.971504e-01 -1.361547e-01
     vertex -2.320812e-02  2.218485e-01 -1.301062e-01
     vertex -2.395197e-02  2.218485e-01 -1.296768e-01
   endloop
 endfacet
 facet normal  3.501676e-01 -9.458980e-02  9.318988e-01
   outer loop
     vertex -1.378290e-02  1.971504e-01 -1.361547e-01
     vertex -2.240412e-02  2.218485e-01 -1.304083e-01
     vertex -2.320812e-02  2.218485e-01 -1.301062e-01
   endloop
 endfacet
 facet normal  1.916646e-01 -1.584532e-01  9.685852e-01
   outer loop
     vertex -1.378290e-02  1.971504e-01 -1.361547e-01
     vertex -2.156157e-02  2.218485e-01 -1.305750e-01
     vertex -2.240412e-02  2.218485e-01 -1.304083e-01
   endloop
 endfacet
 facet normal -9.299472e-02 -2.471829e-01  9.644960e-01
   outer loop
     vertex -1.378290e-02  1.971504e-01 -1.361547e-01
     vertex -1.939250e-02  2.218485e-01 -1.303659e-01
     vertex -2.156157e-02  2.218485e-01 -1.305750e-01
   endloop
 endfacet
 facet normal  0.000000e+00  0.000000e+00  0.000000e+00
   outer loop
     vertex -1.378290e-02  1.971504e-01 -1.361547e-01
     vertex -1.378290e-02  1.971504e-01 -1.361547e-01
     vertex -1.939250e-02  2.218485e-01 -1.303659e-01
   endloop
 endfacet
 facet normal -8.039328e-01  0.000000e+00  5.947201e-01
   outer loop
     vertex -1.749602e-02  2.646542e-01 -1.292926e-01
     vertex -1.620004e-02  2.218485e-01 -1.275407e-01
     vertex -1.620004e-02  2.646542e-01 -1.275407e-01
   endloop
 endfacet
 facet normal -8.039328e-01  7.897531e-13  5.947201e-01
   outer loop
     vertex -1.749602e-02  2.646542e-01 -1.292926e-01
     vertex -1.749602e-02  2.218485e-01 -1.292926e-01
     vertex -1.620004e-02  2.218485e-01 -1.275407e-01
   endloop
 endfacet
 facet normal -4.925347e-01  0.000000e+00  8.702928e-01
   outer loop
     vertex -1.939250e-02  2.646542e-01 -1.303659e-01
     vertex -1.939250e-02  2.218485e-01 -1.303659e-01
     vertex -1.749602e-02  2.218485e-01 -1.292926e-01
   endloop
 endfacet
 facet normal -4.925347e-01  1.155700e-12  8.702928e-01
   outer loop
     vertex -1.939250e-02  2.646542e-01 -1.303659e-01
     vertex -1.749602e-02  2.218485e-01 -1.292926e-01
     vertex -1.749602e-02  2.646542e-01 -1.292926e-01
   endloop
 endfacet
 facet normal -9.597287e-02  0.000000e+00  9.953839e-01
   outer loop
     vertex -2.156157e-02  2.646542e-01 -1.305750e-01
     vertex -2.156157e-02  2.218485e-01 -1.305750e-01
     vertex -1.939250e-02  2.218485e-01 -1.303659e-01
   endloop
 endfacet
 facet normal -9.597287e-02  0.000000e+00  9.953839e-01
   outer loop
     vertex -2.156157e-02  2.646542e-01 -1.305750e-01
     vertex -1.939250e-02  2.218485e-01 -1.303659e-01
     vertex -1.939250e-02  2.646542e-01 -1.303659e-01
   endloop
 endfacet
 facet normal  0.000000e+00  0.000000e+00  0.000000e+00
   outer loop
     vertex -2.730851e-03  2.700338e-01 -1.415988e-01
     vertex -1.148112e-02  2.772671e-01 -1.459440e-01
     vertex -1.148112e-02  2.772671e-01 -1.459440e-01
   endloop
 endfacet
 facet normal  4.050108e-01  7.782361e-01  4.799112e-01
   outer loop
     vertex -2.730851e-03  2.700338e-01 -1.415988e-01
     vertex -1.328927e-03  2.703150e-01 -1.432380e-01
     vertex -1.148112e-02  2.772671e-01 -1.459440e-01
   endloop
 endfacet
 facet normal  1.370816e-01  9.500920e-01  2.802389e-01
   outer loop
     vertex -2.730851e-03  2.700338e-01 -1.415988e-01
     vertex -7.583260e-04  2.684885e-01 -1.373250e-01
     vertex -1.328927e-03  2.703150e-01 -1.432380e-01
   endloop
 endfacet
 facet normal  6.428457e-01  7.657388e-01 -1.983921e-02
   outer loop
     vertex -2.730851e-03  2.700338e-01 -1.415988e-01
     vertex -1.148112e-02  2.772671e-01 -1.459440e-01
     vertex -7.583260e-04  2.684885e-01 -1.373250e-01
   endloop
 endfacet
 facet normal  8.753642e-01  4.049171e-01 -2.641584e-01
   outer loop
     vertex -7.583260e-04  2.684885e-01 -1.373250e-01
     vertex  1.078545e-03  2.646542e-01 -1.371155e-01
     vertex  2.083964e-04  2.646542e-01 -1.399990e-01
   endloop
 endfacet
 facet normal  6.395096e-01  9.887854e-02  7.623979e-01
   outer loop
     vertex  1.005415e-03  2.673733e-01 -1.431843e-01
     vertex  1.069305e-03  2.646542e-01 -1.428852e-01
     vertex  3.376892e-03  2.646542e-01 -1.448209e-01
   endloop
 endfacet
 facet normal  9.568874e-01  5.387545e-02  2.854188e-01
   outer loop
     vertex  1.005415e-03  2.673733e-01 -1.431843e-01
     vertex  2.083964e-04  2.646542e-01 -1.399990e-01
     vertex  1.069305e-03  2.646542e-01 -1.428852e-01
   endloop
 endfacet
 facet normal  9.589321e-01  4.666021e-02  2.797713e-01
   outer loop
     vertex  1.005415e-03  2.673733e-01 -1.431843e-01
     vertex -7.583260e-04  2.684885e-01 -1.373250e-01
     vertex  2.083964e-04  2.646542e-01 -1.399990e-01
   endloop
 endfacet
 facet normal  5.935943e-01  3.375933e-02  8.040560e-01
   outer loop
     vertex  2.964606e-03  2.676599e-01 -1.446427e-01
     vertex  1.005415e-03  2.673733e-01 -1.431843e-01
     vertex  3.376892e-03  2.646542e-01 -1.448209e-01
   endloop
 endfacet
 facet normal  6.379095e-01 -1.213503e-01  7.604904e-01
   outer loop
     vertex -7.506777e-03  1.971504e-01 -1.396325e-01
     vertex  3.376892e-03  2.218485e-01 -1.448209e-01
     vertex  1.069305e-03  2.218485e-01 -1.428852e-01
   endloop
 endfacet
 facet normal  9.161355e-01 -2.902835e-01 -2.764619e-01
   outer loop
     vertex -7.506777e-03  1.971504e-01 -1.396325e-01
     vertex  2.083964e-04  2.218485e-01 -1.399990e-01
     vertex  1.078545e-03  2.218485e-01 -1.371155e-01
   endloop
 endfacet
 facet normal  9.190938e-01 -2.830384e-01  2.741458e-01
   outer loop
     vertex -7.506777e-03  1.971504e-01 -1.396325e-01
     vertex  1.069305e-03  2.218485e-01 -1.428852e-01
     vertex  2.083964e-04  2.218485e-01 -1.399990e-01
   endloop
 endfacet
 facet normal  0.000000e+00  0.000000e+00  0.000000e+00
   outer loop
     vertex -7.506777e-03  1.971504e-01 -1.396325e-01
     vertex -7.506777e-03  1.971504e-01 -1.396325e-01
     vertex  1.069305e-03  2.218485e-01 -1.428852e-01
   endloop
 endfacet
 facet normal  6.426589e-01  5.087025e-13  7.661524e-01
   outer loop
     vertex  3.376892e-03  2.646542e-01 -1.448209e-01
     vertex  1.069305e-03  2.218485e-01 -1.428852e-01
     vertex  3.376892e-03  2.218485e-01 -1.448209e-01
   endloop
 endfacet
 facet normal  9.582792e-01 -3.795705e-13  2.858339e-01
   outer loop
     vertex  1.069305e-03  2.646542e-01 -1.428852e-01
     vertex  2.083964e-04  2.218485e-01 -1.399990e-01
     vertex  1.069305e-03  2.218485e-01 -1.428852e-01
   endloop
 endfacet
 facet normal  6.426589e-01 -1.017405e-12  7.661524e-01
   outer loop
     vertex  1.069305e-03  2.646542e-01 -1.428852e-01
     vertex  1.069305e-03  2.218485e-01 -1.428852e-01
     vertex  3.376892e-03  2.646542e-01 -1.448209e-01
   endloop
 endfacet
 facet normal  9.573587e-01  0.000000e+00 -2.889018e-01
   outer loop
     vertex  2.083964e-04  2.646542e-01 -1.399990e-01
     vertex  1.078545e-03  2.218485e-01 -1.371155e-01
     vertex  2.083964e-04  2.218485e-01 -1.399990e-01
   endloop
 endfacet
 facet normal  9.582792e-01  0.000000e+00  2.858339e-01
   outer loop
     vertex  2.083964e-04  2.646542e-01 -1.399990e-01
     vertex  2.083964e-04  2.218485e-01 -1.399990e-01
     vertex  1.069305e-03  2.646542e-01 -1.428852e-01
   endloop
 endfacet
 facet normal  9.573587e-01 -1.918222e-13 -2.889018e-01
   outer loop
     vertex  1.078545e-03  2.646542e-01 -1.371155e-01
     vertex  1.078545e-03  2.218485e-01 -1.371155e-01
     vertex  2.083964e-04  2.646542e-01 -1.399990e-01
   endloop
 endfacet
 facet normal  0.000000e+00  0.000000e+00  0.000000e+00
   outer loop
     vertex  9.860130e-02  2.703150e-01 -1.546107e-01
     vertex  1.078858e-01  2.772671e-01 -1.595287e-01
     vertex  1.078858e-01  2.772671e-01 -1.595287e-01
   endloop
 endfacet
 facet normal -4.547552e-01  8.320391e-01  3.176612e-01
   outer loop
     vertex  9.937396e-02  2.684885e-01 -1.487206e-01
     vertex  1.078858e-01  2.772671e-01 -1.595287e-01
     vertex  9.860130e-02  2.703150e-01 -1.546107e-01
   endloop
 endfacet
 facet normal -4.518432e-01  9.887854e-02  8.866007e-01
   outer loop
     vertex  9.633872e-02  2.673733e-01 -1.540338e-01
     vertex  9.366014e-02  2.646542e-01 -1.550956e-01
     vertex  9.634366e-02  2.646542e-01 -1.537280e-01
   endloop
 endfacet
 facet normal -3.977415e-01  3.375933e-02  9.168762e-01
   outer loop
     vertex  9.633872e-02  2.673733e-01 -1.540338e-01
     vertex  9.410192e-02  2.676599e-01 -1.550147e-01
     vertex  9.366014e-02  2.646542e-01 -1.550956e-01
   endloop
 endfacet
 facet normal -8.682832e-01  5.387545e-02  4.931346e-01
   outer loop
     vertex  9.783110e-02  2.646542e-01 -1.511090e-01
     vertex  9.633872e-02  2.673733e-01 -1.540338e-01
     vertex  9.634366e-02  2.646542e-01 -1.537280e-01
   endloop
 endfacet
 facet normal -9.123359e-01  4.049171e-01 -6.070692e-02
   outer loop
     vertex  9.937396e-02  2.684885e-01 -1.487206e-01
     vertex  9.783110e-02  2.646542e-01 -1.511090e-01
     vertex  9.763113e-02  2.646542e-01 -1.481038e-01
   endloop
 endfacet
 facet normal -8.715446e-01  4.666021e-02  4.880910e-01
   outer loop
     vertex  9.937396e-02  2.684885e-01 -1.487206e-01
     vertex  9.633872e-02  2.673733e-01 -1.540338e-01
     vertex  9.783110e-02  2.646542e-01 -1.511090e-01
   endloop
 endfacet
 facet normal -9.548292e-01 -2.902835e-01 -6.353444e-02
   outer loop
     vertex  1.054313e-01  1.971504e-01 -1.524856e-01
     vertex  9.763113e-02  2.218485e-01 -1.481038e-01
     vertex  9.783110e-02  2.218485e-01 -1.511090e-01
   endloop
 endfacet
 facet normal -4.507127e-01 -1.213503e-01  8.843824e-01
   outer loop
     vertex  1.054313e-01  1.971504e-01 -1.524856e-01
     vertex  9.634366e-02  2.218485e-01 -1.537280e-01
     vertex  9.366014e-02  2.218485e-01 -1.550956e-01
   endloop
 endfacet
 facet normal -8.339891e-01 -2.830384e-01  4.736575e-01
   outer loop
     vertex  1.054313e-01  1.971504e-01 -1.524856e-01
     vertex  9.783110e-02  2.218485e-01 -1.511090e-01
     vertex  9.634366e-02  2.218485e-01 -1.537280e-01
   endloop
 endfacet
 facet normal  0.000000e+00  0.000000e+00  0.000000e+00
   outer loop
     vertex  1.054313e-01  1.971504e-01 -1.524856e-01
     vertex  1.054313e-01  1.971504e-01 -1.524856e-01
     vertex  9.783110e-02  2.218485e-01 -1.511090e-01
   endloop
 endfacet
 facet normal -9.977935e-01  4.408290e-14 -6.639328e-02
   outer loop
     vertex  9.783110e-02  2.646542e-01 -1.511090e-01
     vertex  9.763113e-02  2.218485e-01 -1.481038e-01
     vertex  9.763113e-02  2.646542e-01 -1.481038e-01
   endloop
 endfacet
 facet normal -9.977935e-01 -0.000000e+00 -6.639328e-02
   outer loop
     vertex  9.783110e-02  2.646542e-01 -1.511090e-01
     vertex  9.783110e-02  2.218485e-01 -1.511090e-01
     vertex  9.763113e-02  2.218485e-01 -1.481038e-01
   endloop
 endfacet
 facet normal -8.695461e-01 -6.558060e-13  4.938518e-01
   outer loop
     vertex  9.634366e-02  2.646542e-01 -1.537280e-01
     vertex  9.634366e-02  2.218485e-01 -1.537280e-01
     vertex  9.783110e-02  2.218485e-01 -1.511090e-01
   endloop
 endfacet
 facet normal -8.695461e-01  0.000000e+00  4.938518e-01
   outer loop
     vertex  9.634366e-02  2.646542e-01 -1.537280e-01
     vertex  9.783110e-02  2.218485e-01 -1.511090e-01
     vertex  9.783110e-02  2.646542e-01 -1.511090e-01
   endloop
 endfacet
 facet normal -4.540684e-01  5.915756e-13  8.909668e-01
   outer loop
     vertex  9.366014e-02  2.646542e-01 -1.550956e-01
     vertex  9.366014e-02  2.218485e-01 -1.550956e-01
     vertex  9.634366e-02  2.218485e-01 -1.537280e-01
   endloop
 endfacet
 facet normal -4.540684e-01 -1.183152e-12  8.909668e-01
   outer loop
     vertex  9.366014e-02  2.646542e-01 -1.550956e-01
     vertex  9.634366e-02  2.218485e-01 -1.537280e-01
     vertex  9.634366e-02  2.646542e-01 -1.537280e-01
   endloop
 endfacet
 facet normal  0.000000e+00  0.000000e+00  0.000000e+00
   outer loop
     vertex  1.170959e-01  2.700338e-01 -1.485202e-01
     vertex  1.139811e-01  2.772671e-01 -1.577801e-01
     vertex  1.139811e-01  2.772671e-01 -1.577801e-01
   endloop
 endfacet
 facet normal -5.296251e-02  7.782361e-01  6.257343e-01
   outer loop
     vertex  1.170959e-01  2.700338e-01 -1.485202e-01
     vertex  1.192463e-01  2.703150e-01 -1.486880e-01
     vertex  1.139811e-01  2.772671e-01 -1.577801e-01
   endloop
 endfacet
 facet normal -1.012275e-01  9.500920e-01  2.950902e-01
   outer loop
     vertex  1.170959e-01  2.700338e-01 -1.485202e-01
     vertex  1.154686e-01  2.684885e-01 -1.441033e-01
     vertex  1.192463e-01  2.703150e-01 -1.486880e-01
   endloop
 endfacet
 facet normal  4.685890e-01  7.657388e-01  4.405321e-01
   outer loop
     vertex  1.170959e-01  2.700338e-01 -1.485202e-01
     vertex  1.139811e-01  2.772671e-01 -1.577801e-01
     vertex  1.154686e-01  2.684885e-01 -1.441033e-01
   endloop
 endfacet
 facet normal  8.437305e-01  3.917082e-01  3.669926e-01
   outer loop
     vertex  1.154686e-01  2.684885e-01 -1.441033e-01
     vertex  1.166193e-01  2.646542e-01 -1.426564e-01
     vertex  1.174885e-01  2.646542e-01 -1.446546e-01
   endloop
 endfacet
 facet normal  3.119824e-02  7.004540e-02  9.970558e-01
   outer loop
     vertex  1.208589e-01  2.673733e-01 -1.469994e-01
     vertex  1.211619e-01  2.646542e-01 -1.468178e-01
     vertex  1.220204e-01  2.646542e-01 -1.468447e-01
   endloop
 endfacet
 facet normal  3.156508e-01  9.818893e-02  9.437815e-01
   outer loop
     vertex  1.208589e-01  2.673733e-01 -1.469994e-01
     vertex  1.190953e-01  2.646542e-01 -1.461266e-01
     vertex  1.211619e-01  2.646542e-01 -1.468178e-01
   endloop
 endfacet
 facet normal  6.621919e-01 -1.974910e-01  7.228410e-01
   outer loop
     vertex  1.208589e-01  2.673733e-01 -1.469994e-01
     vertex  1.174885e-01  2.646542e-01 -1.446546e-01
     vertex  1.190953e-01  2.646542e-01 -1.461266e-01
   endloop
 endfacet
 facet normal  4.904374e-01  1.345644e-01  8.610247e-01
   outer loop
     vertex  1.208589e-01  2.673733e-01 -1.469994e-01
     vertex  1.154686e-01  2.684885e-01 -1.441033e-01
     vertex  1.174885e-01  2.646542e-01 -1.446546e-01
   endloop
 endfacet
 facet normal -2.925112e-01  1.203144e-02  9.561864e-01
   outer loop
     vertex  1.232755e-01  2.676599e-01 -1.466452e-01
     vertex  1.228717e-01  2.646542e-01 -1.467310e-01
     vertex  1.236930e-01  2.646542e-01 -1.464797e-01
   endloop
 endfacet
 facet normal -1.323997e-01 -1.047500e-02  9.911411e-01
   outer loop
     vertex  1.232755e-01  2.676599e-01 -1.466452e-01
     vertex  1.220204e-01  2.646542e-01 -1.468447e-01
     vertex  1.228717e-01  2.646542e-01 -1.467310e-01
   endloop
 endfacet
 facet normal -1.443561e-01 -5.374152e-03  9.895112e-01
   outer loop
     vertex  1.232755e-01  2.676599e-01 -1.466452e-01
     vertex  1.208589e-01  2.673733e-01 -1.469994e-01
     vertex  1.220204e-01  2.646542e-01 -1.468447e-01
   endloop
 endfacet
 facet normal  3.073410e-01 -2.471829e-01  9.189353e-01
   outer loop
     vertex  1.123284e-01  1.971504e-01 -1.505069e-01
     vertex  1.211619e-01  2.218485e-01 -1.468178e-01
     vertex  1.190953e-01  2.218485e-01 -1.461266e-01
   endloop
 endfacet
 facet normal  3.087994e-02 -1.584532e-01  9.868835e-01
   outer loop
     vertex  1.123284e-01  1.971504e-01 -1.505069e-01
     vertex  1.220204e-01  2.218485e-01 -1.468447e-01
     vertex  1.211619e-01  2.218485e-01 -1.468178e-01
   endloop
 endfacet
 facet normal -1.318133e-01 -9.458980e-02  9.867513e-01
   outer loop
     vertex  1.123284e-01  1.971504e-01 -1.505069e-01
     vertex  1.228717e-01  2.218485e-01 -1.467310e-01
     vertex  1.220204e-01  2.218485e-01 -1.468447e-01
   endloop
 endfacet
 facet normal -2.924659e-01 -2.131369e-02  9.560384e-01
   outer loop
     vertex  1.123284e-01  1.971504e-01 -1.505069e-01
     vertex  1.236930e-01  2.218485e-01 -1.464797e-01
     vertex  1.228717e-01  2.218485e-01 -1.467310e-01
   endloop
 endfacet
 facet normal  8.816363e-01 -2.750642e-01  3.834803e-01
   outer loop
     vertex  1.123284e-01  1.971504e-01 -1.505069e-01
     vertex  1.174885e-01  2.218485e-01 -1.446546e-01
     vertex  1.166193e-01  2.218485e-01 -1.426564e-01
   endloop
 endfacet
 facet normal  6.441302e-01 -3.011835e-01  7.031250e-01
   outer loop
     vertex  1.123284e-01  1.971504e-01 -1.505069e-01
     vertex  1.190953e-01  2.218485e-01 -1.461266e-01
     vertex  1.174885e-01  2.218485e-01 -1.446546e-01
   endloop
 endfacet
 facet normal  0.000000e+00  0.000000e+00  0.000000e+00
   outer loop
     vertex  1.123284e-01  1.971504e-01 -1.505069e-01
     vertex  1.123284e-01  1.971504e-01 -1.505069e-01
     vertex  1.190953e-01  2.218485e-01 -1.461266e-01
   endloop
 endfacet
 facet normal -2.925324e-01  6.349254e-13  9.562556e-01
   outer loop
     vertex  1.236930e-01  2.646542e-01 -1.464797e-01
     vertex  1.228717e-01  2.218485e-01 -1.467310e-01
     vertex  1.236930e-01  2.218485e-01 -1.464797e-01
   endloop
 endfacet
 facet normal -2.925324e-01  1.269851e-12  9.562556e-01
   outer loop
     vertex  1.228717e-01  2.646542e-01 -1.467310e-01
     vertex  1.228717e-01  2.218485e-01 -1.467310e-01
     vertex  1.236930e-01  2.646542e-01 -1.464797e-01
   endloop
 endfacet
 facet normal -1.324069e-01  1.316249e-12  9.911954e-01
   outer loop
     vertex  1.220204e-01  2.646542e-01 -1.468447e-01
     vertex  1.220204e-01  2.218485e-01 -1.468447e-01
     vertex  1.228717e-01  2.218485e-01 -1.467310e-01
   endloop
 endfacet
 facet normal -1.324069e-01  1.316249e-12  9.911954e-01
   outer loop
     vertex  1.220204e-01  2.646542e-01 -1.468447e-01
     vertex  1.228717e-01  2.218485e-01 -1.467310e-01
     vertex  1.228717e-01  2.646542e-01 -1.467310e-01
   endloop
 endfacet
 facet normal  3.127506e-02 -6.636456e-13  9.995108e-01
   outer loop
     vertex  1.211619e-01  2.646542e-01 -1.468178e-01
     vertex  1.211619e-01  2.218485e-01 -1.468178e-01
     vertex  1.220204e-01  2.218485e-01 -1.468447e-01
   endloop
 endfacet
 facet normal  3.127506e-02  1.327291e-12  9.995108e-01
   outer loop
     vertex  1.211619e-01  2.646542e-01 -1.468178e-01
     vertex  1.220204e-01  2.218485e-01 -1.468447e-01
     vertex  1.220204e-01  2.646542e-01 -1.468447e-01
   endloop
 endfacet
 facet normal  0.000000e+00  0.000000e+00  0.000000e+00
   outer loop
     vertex  1.979493e-01  2.703150e-01 -8.606832e-02
     vertex  2.079921e-01  2.772671e-01 -8.298079e-02
     vertex  2.079921e-01  2.772671e-01 -8.298079e-02
   endloop
 endfacet
 facet normal -5.461809e-01  8.320391e-01 -9.694005e-02
   outer loop
     vertex  1.943308e-01  2.684885e-01 -8.135709e-02
     vertex  2.079921e-01  2.772671e-01 -8.298079e-02
     vertex  1.979493e-01  2.703150e-01 -8.606832e-02
   endloop
 endfacet
 facet normal -9.464227e-01  9.887854e-02  3.074199e-01
   outer loop
     vertex  1.959415e-01  2.673733e-01 -8.726030e-02
     vertex  1.947983e-01  2.646542e-01 -8.990518e-02
     vertex  1.957288e-01  2.646542e-01 -8.704060e-02
   endloop
 endfacet
 facet normal -9.295751e-01  3.375933e-02  3.670837e-01
   outer loop
     vertex  1.959415e-01  2.673733e-01 -8.726030e-02
     vertex  1.950534e-01  2.676599e-01 -8.953554e-02
     vertex  1.947983e-01  2.646542e-01 -8.990518e-02
   endloop
 endfacet
 facet normal -9.626678e-01  5.387545e-02 -2.652701e-01
   outer loop
     vertex  1.949287e-01  2.646542e-01 -8.413691e-02
     vertex  1.959415e-01  2.673733e-01 -8.726030e-02
     vertex  1.957288e-01  2.646542e-01 -8.704060e-02
   endloop
 endfacet
 facet normal -6.021926e-01  4.049171e-01 -6.880452e-01
   outer loop
     vertex  1.943308e-01  2.684885e-01 -8.135709e-02
     vertex  1.949287e-01  2.646542e-01 -8.413691e-02
     vertex  1.926622e-01  2.646542e-01 -8.215326e-02
   endloop
 endfacet
 facet normal -9.614076e-01  4.666021e-02 -2.711427e-01
   outer loop
     vertex  1.943308e-01  2.684885e-01 -8.135709e-02
     vertex  1.959415e-01  2.673733e-01 -8.726030e-02
     vertex  1.949287e-01  2.646542e-01 -8.413691e-02
   endloop
 endfacet
 facet normal -6.302406e-01 -2.902835e-01 -7.200919e-01
   outer loop
     vertex  2.012762e-01  1.971504e-01 -7.973611e-02
     vertex  1.926622e-01  2.218485e-01 -8.215326e-02
     vertex  1.949287e-01  2.218485e-01 -8.413691e-02
   endloop
 endfacet
 facet normal -9.440548e-01 -1.213503e-01  3.066508e-01
   outer loop
     vertex  2.012762e-01  1.971504e-01 -7.973611e-02
     vertex  1.957288e-01  2.218485e-01 -8.704060e-02
     vertex  1.947983e-01  2.218485e-01 -8.990518e-02
   endloop
 endfacet
 facet normal -9.246458e-01 -2.830384e-01 -2.547929e-01
   outer loop
     vertex  2.012762e-01  1.971504e-01 -7.973611e-02
     vertex  1.949287e-01  2.218485e-01 -8.413691e-02
     vertex  1.957288e-01  2.218485e-01 -8.704060e-02
   endloop
 endfacet
 facet normal  0.000000e+00  0.000000e+00  0.000000e+00
   outer loop
     vertex  2.012762e-01  1.971504e-01 -7.973611e-02
     vertex  2.012762e-01  1.971504e-01 -7.973611e-02
     vertex  1.949287e-01  2.218485e-01 -8.413691e-02
   endloop
 endfacet
 facet normal -6.585994e-01  4.996374e-13 -7.524937e-01
   outer loop
     vertex  1.949287e-01  2.646542e-01 -8.413691e-02
     vertex  1.926622e-01  2.218485e-01 -8.215326e-02
     vertex  1.926622e-01  2.646542e-01 -8.215326e-02
   endloop
 endfacet
 facet normal -6.585994e-01 -1.498901e-12 -7.524937e-01
   outer loop
     vertex  1.949287e-01  2.646542e-01 -8.413691e-02
     vertex  1.949287e-01  2.218485e-01 -8.413691e-02
     vertex  1.926622e-01  2.218485e-01 -8.215326e-02
   endloop
 endfacet
 facet normal -9.640679e-01  1.763877e-13 -2.656559e-01
   outer loop
     vertex  1.957288e-01  2.646542e-01 -8.704060e-02
     vertex  1.957288e-01  2.218485e-01 -8.704060e-02
     vertex  1.949287e-01  2.218485e-01 -8.413691e-02
   endloop
 endfacet
 facet normal -9.640679e-01 -5.291624e-13 -2.656559e-01
   outer loop
     vertex  1.957288e-01  2.646542e-01 -8.704060e-02
     vertex  1.949287e-01  2.218485e-01 -8.413691e-02
     vertex  1.949287e-01  2.646542e-01 -8.413691e-02
   endloop
 endfacet
 facet normal -9.510835e-01  0.000000e+00  3.089339e-01
   outer loop
     vertex  1.947983e-01  2.646542e-01 -8.990518e-02
     vertex  1.947983e-01  2.218485e-01 -8.990518e-02
     vertex  1.957288e-01  2.218485e-01 -8.704060e-02
   endloop
 endfacet
 facet normal -9.510835e-01 -2.051207e-13  3.089339e-01
   outer loop
     vertex  1.947983e-01  2.646542e-01 -8.990518e-02
     vertex  1.957288e-01  2.218485e-01 -8.704060e-02
     vertex  1.957288e-01  2.646542e-01 -8.704060e-02
   endloop
 endfacet
 facet normal  0.000000e+00  0.000000e+00  0.000000e+00
   outer loop
     vertex  2.067204e-01  2.700338e-01 -6.868407e-02
     vertex  2.110656e-01  2.772671e-01 -7.743434e-02
     vertex  2.110656e-01  2.772671e-01 -7.743434e-02
   endloop
 endfacet
 facet normal -4.799112e-01  7.782361e-01  4.050108e-01
   outer loop
     vertex  2.067204e-01  2.700338e-01 -6.868407e-02
     vertex  2.083595e-01  2.703150e-01 -6.728214e-02
     vertex  2.110656e-01  2.772671e-01 -7.743434e-02
   endloop
 endfacet
 facet normal -2.802389e-01  9.500920e-01  1.370816e-01
   outer loop
     vertex  2.067204e-01  2.700338e-01 -6.868407e-02
     vertex  2.024465e-01  2.684885e-01 -6.671154e-02
     vertex  2.083595e-01  2.703150e-01 -6.728214e-02
   endloop
 endfacet
 facet normal  1.983921e-02  7.657388e-01  6.428457e-01
   outer loop
     vertex  2.067204e-01  2.700338e-01 -6.868407e-02
     vertex  2.110656e-01  2.772671e-01 -7.743434e-02
     vertex  2.024465e-01  2.684885e-01 -6.671154e-02
   endloop
 endfacet
 facet normal  1.794103e-01  3.387411e-01  9.236159e-01
   outer loop
     vertex  2.024465e-01  2.684885e-01 -6.671154e-02
     vertex  2.037291e-01  2.646542e-01 -6.555441e-02
     vertex  2.045363e-01  2.646542e-01 -6.571121e-02
   endloop
 endfacet
 facet normal  3.176695e-01  3.697546e-01  8.731367e-01
   outer loop
     vertex  2.024465e-01  2.684885e-01 -6.671154e-02
     vertex  2.029563e-01  2.646542e-01 -6.527325e-02
     vertex  2.037291e-01  2.646542e-01 -6.555441e-02
   endloop
 endfacet
 facet normal  4.511818e-01  3.653978e-01  8.141987e-01
   outer loop
     vertex  2.024465e-01  2.684885e-01 -6.671154e-02
     vertex  2.022370e-01  2.646542e-01 -6.487467e-02
     vertex  2.029563e-01  2.646542e-01 -6.527325e-02
   endloop
 endfacet
 facet normal -4.982994e-01  1.152504e-01  8.593108e-01
   outer loop
     vertex  2.083058e-01  2.673733e-01 -6.494780e-02
     vertex  2.067403e-01  2.646542e-01 -6.549092e-02
     vertex  2.086564e-01  2.646542e-01 -6.437979e-02
   endloop
 endfacet
 facet normal -9.847397e-02 -1.400993e-01  9.852284e-01
   outer loop
     vertex  2.083058e-01  2.673733e-01 -6.494780e-02
     vertex  2.045363e-01  2.646542e-01 -6.571121e-02
     vertex  2.067403e-01  2.646542e-01 -6.549092e-02
   endloop
 endfacet
 facet normal -2.685840e-01  1.034608e-01  9.576839e-01
   outer loop
     vertex  2.083058e-01  2.673733e-01 -6.494780e-02
     vertex  2.024465e-01  2.684885e-01 -6.671154e-02
     vertex  2.045363e-01  2.646542e-01 -6.571121e-02
   endloop
 endfacet
 facet normal -8.138127e-01  3.135479e-02  5.802807e-01
   outer loop
     vertex  2.097642e-01  2.676599e-01 -6.298861e-02
     vertex  2.086564e-01  2.646542e-01 -6.437979e-02
     vertex  2.099424e-01  2.646542e-01 -6.257632e-02
   endloop
 endfacet
 facet normal -8.034300e-01  2.069720e-02  5.950394e-01
   outer loop
     vertex  2.097642e-01  2.676599e-01 -6.298861e-02
     vertex  2.083058e-01  2.673733e-01 -6.494780e-02
     vertex  2.086564e-01  2.646542e-01 -6.437979e-02
   endloop
 endfacet
 facet normal -4.879250e-01 -2.322524e-01  8.414202e-01
   outer loop
     vertex  2.047541e-01  1.971504e-01 -7.345999e-02
     vertex  2.086564e-01  2.218485e-01 -6.437979e-02
     vertex  2.067403e-01  2.218485e-01 -6.549092e-02
   endloop
 endfacet
 facet normal -8.113016e-01 -8.449219e-02  5.784901e-01
   outer loop
     vertex  2.047541e-01  1.971504e-01 -7.345999e-02
     vertex  2.099424e-01  2.218485e-01 -6.257632e-02
     vertex  2.086564e-01  2.218485e-01 -6.437979e-02
   endloop
 endfacet
 facet normal  4.697074e-01 -2.467760e-01  8.476299e-01
   outer loop
     vertex  2.047541e-01  1.971504e-01 -7.345999e-02
     vertex  2.029563e-01  2.218485e-01 -6.527325e-02
     vertex  2.022370e-01  2.218485e-01 -6.487467e-02
   endloop
 endfacet
 facet normal  3.286673e-01 -2.755170e-01  9.033649e-01
   outer loop
     vertex  2.047541e-01  1.971504e-01 -7.345999e-02
     vertex  2.037291e-01  2.218485e-01 -6.555441e-02
     vertex  2.029563e-01  2.218485e-01 -6.527325e-02
   endloop
 endfacet
 facet normal  1.823225e-01 -2.928713e-01  9.386080e-01
   outer loop
     vertex  2.047541e-01  1.971504e-01 -7.345999e-02
     vertex  2.045363e-01  2.218485e-01 -6.571121e-02
     vertex  2.037291e-01  2.218485e-01 -6.555441e-02
   endloop
 endfacet
 facet normal -9.491248e-02 -2.987629e-01  9.495959e-01
   outer loop
     vertex  2.047541e-01  1.971504e-01 -7.345999e-02
     vertex  2.067403e-01  2.218485e-01 -6.549092e-02
     vertex  2.045363e-01  2.218485e-01 -6.571121e-02
   endloop
 endfacet
 facet normal  0.000000e+00  0.000000e+00  0.000000e+00
   outer loop
     vertex  2.047541e-01  1.971504e-01 -7.345999e-02
     vertex  2.047541e-01  1.971504e-01 -7.345999e-02
     vertex  2.067403e-01  2.218485e-01 -6.549092e-02
   endloop
 endfacet
 facet normal -8.142131e-01 -3.854771e-13  5.805662e-01
   outer loop
     vertex  2.086564e-01  2.646542e-01 -6.437979e-02
     vertex  2.099424e-01  2.218485e-01 -6.257632e-02
     vertex  2.099424e-01  2.646542e-01 -6.257632e-02
   endloop
 endfacet
 facet normal -8.142131e-01  3.854787e-13  5.805662e-01
   outer loop
     vertex  2.086564e-01  2.646542e-01 -6.437979e-02
     vertex  2.086564e-01  2.218485e-01 -6.437979e-02
     vertex  2.099424e-01  2.218485e-01 -6.257632e-02
   endloop
 endfacet
 facet normal -5.016421e-01 -5.743843e-13  8.650752e-01
   outer loop
     vertex  2.067403e-01  2.646542e-01 -6.549092e-02
     vertex  2.067403e-01  2.218485e-01 -6.549092e-02
     vertex  2.086564e-01  2.218485e-01 -6.437979e-02
   endloop
 endfacet
 facet normal -5.016421e-01  5.743876e-13  8.650752e-01
   outer loop
     vertex  2.067403e-01  2.646542e-01 -6.549092e-02
     vertex  2.086564e-01  2.218485e-01 -6.437979e-02
     vertex  2.086564e-01  2.646542e-01 -6.437979e-02
   endloop
 endfacet
 facet normal -9.945485e-02  6.606784e-13  9.950421e-01
   outer loop
     vertex  2.045363e-01  2.646542e-01 -6.571121e-02
     vertex  2.045363e-01  2.218485e-01 -6.571121e-02
     vertex  2.067403e-01  2.218485e-01 -6.549092e-02
   endloop
 endfacet
 facet normal -9.945485e-02 -6.606786e-13  9.950421e-01
   outer loop
     vertex  2.045363e-01  2.646542e-01 -6.571121e-02
     vertex  2.067403e-01  2.218485e-01 -6.549092e-02
     vertex  2.067403e-01  2.646542e-01 -6.549092e-02
   endloop
 endfacet
 facet normal  0.000000e+00  0.000000e+00  0.000000e+00
   outer loop
     vertex  2.197322e-01  2.703150e-01  3.264808e-02
     vertex  2.246503e-01  2.772671e-01  4.193260e-02
     vertex  2.246503e-01  2.772671e-01  4.193260e-02
   endloop
 endfacet
 facet normal -3.176612e-01  8.320391e-01 -4.547552e-01
   outer loop
     vertex  2.138422e-01  2.684885e-01  3.342074e-02
     vertex  2.246503e-01  2.772671e-01  4.193260e-02
     vertex  2.197322e-01  2.703150e-01  3.264808e-02
   endloop
 endfacet
 facet normal -8.866007e-01  9.887854e-02 -4.518432e-01
   outer loop
     vertex  2.191553e-01  2.673733e-01  3.038550e-02
     vertex  2.202172e-01  2.646542e-01  2.770693e-02
     vertex  2.188496e-01  2.646542e-01  3.039045e-02
   endloop
 endfacet
 facet normal -9.168762e-01  3.375933e-02 -3.977415e-01
   outer loop
     vertex  2.191553e-01  2.673733e-01  3.038550e-02
     vertex  2.201362e-01  2.676599e-01  2.814871e-02
     vertex  2.202172e-01  2.646542e-01  2.770693e-02
   endloop
 endfacet
 facet normal -4.931346e-01  5.387545e-02 -8.682832e-01
   outer loop
     vertex  2.162306e-01  2.646542e-01  3.187789e-02
     vertex  2.191553e-01  2.673733e-01  3.038550e-02
     vertex  2.188496e-01  2.646542e-01  3.039045e-02
   endloop
 endfacet
 facet normal  6.070692e-02  4.049171e-01 -9.123359e-01
   outer loop
     vertex  2.138422e-01  2.684885e-01  3.342074e-02
     vertex  2.162306e-01  2.646542e-01  3.187789e-02
     vertex  2.132253e-01  2.646542e-01  3.167792e-02
   endloop
 endfacet
 facet normal -4.880910e-01  4.666021e-02 -8.715446e-01
   outer loop
     vertex  2.138422e-01  2.684885e-01  3.342074e-02
     vertex  2.191553e-01  2.673733e-01  3.038550e-02
     vertex  2.162306e-01  2.646542e-01  3.187789e-02
   endloop
 endfacet
 facet normal  6.353444e-02 -2.902835e-01 -9.548292e-01
   outer loop
     vertex  2.176071e-01  1.971504e-01  3.947810e-02
     vertex  2.132253e-01  2.218485e-01  3.167792e-02
     vertex  2.162306e-01  2.218485e-01  3.187789e-02
   endloop
 endfacet
 facet normal -8.843824e-01 -1.213503e-01 -4.507127e-01
   outer loop
     vertex  2.176071e-01  1.971504e-01  3.947810e-02
     vertex  2.188496e-01  2.218485e-01  3.039045e-02
     vertex  2.202172e-01  2.218485e-01  2.770693e-02
   endloop
 endfacet
 facet normal -4.736575e-01 -2.830384e-01 -8.339891e-01
   outer loop
     vertex  2.176071e-01  1.971504e-01  3.947810e-02
     vertex  2.162306e-01  2.218485e-01  3.187789e-02
     vertex  2.188496e-01  2.218485e-01  3.039045e-02
   endloop
 endfacet
 facet normal  0.000000e+00  0.000000e+00  0.000000e+00
   outer loop
     vertex  2.176071e-01  1.971504e-01  3.947810e-02
     vertex  2.176071e-01  1.971504e-01  3.947810e-02
     vertex  2.162306e-01  2.218485e-01  3.187789e-02
   endloop
 endfacet
 facet normal  6.639328e-02  6.625049e-13 -9.977935e-01
   outer loop
     vertex  2.162306e-01  2.646542e-01  3.187789e-02
     vertex  2.132253e-01  2.218485e-01  3.167792e-02
     vertex  2.132253e-01  2.646542e-01  3.167792e-02
   endloop
 endfacet
 facet normal  6.639328e-02  1.325011e-12 -9.977935e-01
   outer loop
     vertex  2.162306e-01  2.646542e-01  3.187789e-02
     vertex  2.162306e-01  2.218485e-01  3.187789e-02
     vertex  2.132253e-01  2.218485e-01  3.167792e-02
   endloop
 endfacet
 facet normal -4.938518e-01 -1.154706e-12 -8.695461e-01
   outer loop
     vertex  2.188496e-01  2.646542e-01  3.039045e-02
     vertex  2.188496e-01  2.218485e-01  3.039045e-02
     vertex  2.162306e-01  2.218485e-01  3.187789e-02
   endloop
 endfacet
 facet normal -4.938518e-01  1.154704e-12 -8.695461e-01
   outer loop
     vertex  2.188496e-01  2.646542e-01  3.039045e-02
     vertex  2.162306e-01  2.218485e-01  3.187789e-02
     vertex  2.162306e-01  2.646542e-01  3.187789e-02
   endloop
 endfacet
 facet normal -8.909668e-01  3.014879e-13 -4.540684e-01
   outer loop
     vertex  2.202172e-01  2.646542e-01  2.770693e-02
     vertex  2.202172e-01  2.218485e-01  2.770693e-02
     vertex  2.188496e-01  2.218485e-01  3.039045e-02
   endloop
 endfacet
 facet normal -8.909668e-01 -6.029747e-13 -4.540684e-01
   outer loop
     vertex  2.202172e-01  2.646542e-01  2.770693e-02
     vertex  2.188496e-01  2.218485e-01  3.039045e-02
     vertex  2.188496e-01  2.646542e-01  3.039045e-02
   endloop
 endfacet
 facet normal  0.000000e+00  0.000000e+00  0.000000e+00
   outer loop
     vertex  1.397885e-02  2.700338e-01  1.476885e-01
     vertex  1.709370e-02  2.772671e-01  1.569484e-01
     vertex  1.709370e-02  2.772671e-01  1.569484e-01
   endloop
 endfacet
 facet normal  5.296251e-02  7.782361e-01 -6.257343e-01
   outer loop
     vertex  1.397885e-02  2.700338e-01  1.476885e-01
     vertex  1.182849e-02  2.703150e-01  1.478563e-01
     vertex  1.709370e-02  2.772671e-01  1.569484e-01
   endloop
 endfacet
 facet normal  1.012275e-01  9.500920e-01 -2.950902e-01
   outer loop
     vertex  1.397885e-02  2.700338e-01  1.476885e-01
     vertex  1.560615e-02  2.684885e-01  1.432717e-01
     vertex  1.182849e-02  2.703150e-01  1.478563e-01
   endloop
 endfacet
 facet normal -4.685890e-01  7.657388e-01 -4.405321e-01
   outer loop
     vertex  1.397885e-02  2.700338e-01  1.476885e-01
     vertex  1.709370e-02  2.772671e-01  1.569484e-01
     vertex  1.560615e-02  2.684885e-01  1.432717e-01
   endloop
 endfacet
 facet normal -8.057641e-01  4.049171e-01 -4.321878e-01
   outer loop
     vertex  1.560615e-02  2.684885e-01  1.432717e-01
     vertex  1.445542e-02  2.646542e-01  1.418247e-01
     vertex  1.303177e-02  2.646542e-01  1.444789e-01
   endloop
 endfacet
 facet normal  8.689519e-02  9.887854e-02 -9.912983e-01
   outer loop
     vertex  1.021584e-02  2.673733e-01  1.461677e-01
     vertex  1.038212e-02  2.646542e-01  1.459110e-01
     vertex  7.381713e-03  2.646542e-01  1.456480e-01
   endloop
 endfacet
 facet normal -4.748000e-01  5.387545e-02 -8.784432e-01
   outer loop
     vertex  1.021584e-02  2.673733e-01  1.461677e-01
     vertex  1.303177e-02  2.646542e-01  1.444789e-01
     vertex  1.038212e-02  2.646542e-01  1.459110e-01
   endloop
 endfacet
 facet normal -4.802392e-01  4.666021e-02 -8.758956e-01
   outer loop
     vertex  1.021584e-02  2.673733e-01  1.461677e-01
     vertex  1.560615e-02  2.684885e-01  1.432717e-01
     vertex  1.303177e-02  2.646542e-01  1.444789e-01
   endloop
 endfacet
 facet normal  1.488189e-01  3.375933e-02 -9.882880e-01
   outer loop
     vertex  7.799229e-03  2.676599e-01  1.458136e-01
     vertex  1.021584e-02  2.673733e-01  1.461677e-01
     vertex  7.381713e-03  2.646542e-01  1.456480e-01
   endloop
 endfacet
 facet normal  8.732312e-02  6.614340e-13 -9.961800e-01
   outer loop
     vertex  7.381713e-03  2.646542e-01  1.456480e-01
     vertex  1.038212e-02  2.218485e-01  1.459110e-01
     vertex  7.381713e-03  2.218485e-01  1.456480e-01
   endloop
 endfacet
 facet normal -4.754906e-01  1.799640e-12 -8.797208e-01
   outer loop
     vertex  1.038212e-02  2.646542e-01  1.459110e-01
     vertex  1.303177e-02  2.218485e-01  1.444789e-01
     vertex  1.038212e-02  2.218485e-01  1.459110e-01
   endloop
 endfacet
 facet normal  8.732312e-02  1.206908e-12 -9.961800e-01
   outer loop
     vertex  1.038212e-02  2.646542e-01  1.459110e-01
     vertex  1.038212e-02  2.218485e-01  1.459110e-01
     vertex  7.381713e-03  2.646542e-01  1.456480e-01
   endloop
 endfacet
 facet normal -8.812393e-01  3.138391e-13 -4.726704e-01
   outer loop
     vertex  1.303177e-02  2.646542e-01  1.444789e-01
     vertex  1.445542e-02  2.218485e-01  1.418247e-01
     vertex  1.303177e-02  2.218485e-01  1.444789e-01
   endloop
 endfacet
 facet normal -4.754906e-01  5.841085e-13 -8.797208e-01
   outer loop
     vertex  1.303177e-02  2.646542e-01  1.444789e-01
     vertex  1.303177e-02  2.218485e-01  1.444789e-01
     vertex  1.038212e-02  2.646542e-01  1.459110e-01
   endloop
 endfacet
 facet normal -8.812393e-01 -3.138391e-13 -4.726704e-01
   outer loop
     vertex  1.445542e-02  2.646542e-01  1.418247e-01
     vertex  1.445542e-02  2.218485e-01  1.418247e-01
     vertex  1.303177e-02  2.646542e-01  1.444789e-01
   endloop
 endfacet
 facet normal  8.667778e-02 -1.213503e-01 -9.888180e-01
   outer loop
     vertex  1.874633e-02  1.971504e-01  1.496752e-01
     vertex  7.381713e-03  2.218485e-01  1.456480e-01
     vertex  1.038212e-02  2.218485e-01  1.459110e-01
   endloop
 endfacet
 facet normal -4.560471e-01 -2.830384e-01 -8.437478e-01
   outer loop
     vertex  1.874633e-02  1.971504e-01  1.496752e-01
     vertex  1.038212e-02  2.218485e-01  1.459110e-01
     vertex  1.303177e-02  2.218485e-01  1.444789e-01
   endloop
 endfacet
 facet normal -8.432937e-01 -2.902835e-01 -4.523176e-01
   outer loop
     vertex  1.874633e-02  1.971504e-01  1.496752e-01
     vertex  1.303177e-02  2.218485e-01  1.444789e-01
     vertex  1.445542e-02  2.218485e-01  1.418247e-01
   endloop
 endfacet
 facet normal  0.000000e+00  0.000000e+00  0.000000e+00
   outer loop
     vertex  1.874633e-02  1.971504e-01  1.496752e-01
     vertex  1.874633e-02  1.971504e-01  1.496752e-01
     vertex  1.038212e-02  2.218485e-01  1.459110e-01
   endloop
 endfacet
 facet normal -3.191939e-01  7.602056e-01 -5.658645e-01
   outer loop
     vertex  1.560615e-02  2.684885e-01  1.432717e-01
     vertex  1.132515e-02  2.694854e-01  1.470258e-01
     vertex  1.182849e-02  2.703150e-01  1.478563e-01
   endloop
 endfacet
 facet normal -4.337290e-01  6.155064e-01 -6.580509e-01
   outer loop
     vertex  1.560615e-02  2.684885e-01  1.432717e-01
     vertex  1.077674e-02  2.684851e-01  1.464515e-01
     vertex  1.132515e-02  2.694854e-01  1.470258e-01
   endloop
 endfacet
 facet normal -4.939069e-01  4.405663e-01 -7.496381e-01
   outer loop
     vertex  1.560615e-02  2.684885e-01  1.432717e-01
     vertex  1.021584e-02  2.673733e-01  1.461677e-01
     vertex  1.077674e-02  2.684851e-01  1.464515e-01
   endloop
 endfacet
 facet normal  0.000000e+00  0.000000e+00  0.000000e+00
   outer loop
     vertex  1.560615e-02  2.684885e-01  1.432717e-01
     vertex  1.132515e-02  2.694854e-01  1.470258e-01
     vertex  1.560615e-02  2.684885e-01  1.432717e-01
   endloop
 endfacet
 facet normal  2.395494e-01  6.078323e-01 -7.570706e-01
   outer loop
     vertex  1.132515e-02  2.694854e-01  1.470258e-01
     vertex  7.541381e-03  2.702802e-01  1.464666e-01
     vertex  7.235526e-03  2.713655e-01  1.472412e-01
   endloop
 endfacet
 facet normal  2.406192e-01  6.099272e-01 -7.550439e-01
   outer loop
     vertex  1.132515e-02  2.694854e-01  1.470258e-01
     vertex  7.235526e-03  2.713655e-01  1.472412e-01
     vertex  1.182849e-02  2.703150e-01  1.478563e-01
   endloop
 endfacet
 facet normal  2.060446e-01  3.789314e-01 -9.021955e-01
   outer loop
     vertex  1.077674e-02  2.684851e-01  1.464515e-01
     vertex  7.733650e-03  2.690163e-01  1.459797e-01
     vertex  7.541381e-03  2.702802e-01  1.464666e-01
   endloop
 endfacet
 facet normal  1.737478e-01  1.279684e-01 -9.764404e-01
   outer loop
     vertex  1.077674e-02  2.684851e-01  1.464515e-01
     vertex  7.799229e-03  2.676599e-01  1.458136e-01
     vertex  7.733650e-03  2.690163e-01  1.459797e-01
   endloop
 endfacet
 facet normal  2.149449e-01  3.948971e-01 -8.932273e-01
   outer loop
     vertex  1.077674e-02  2.684851e-01  1.464515e-01
     vertex  7.541381e-03  2.702802e-01  1.464666e-01
     vertex  1.132515e-02  2.694854e-01  1.470258e-01
   endloop
 endfacet
 facet normal  1.622615e-01  1.664533e-01 -9.726071e-01
   outer loop
     vertex  1.021584e-02  2.673733e-01  1.461677e-01
     vertex  7.799229e-03  2.676599e-01  1.458136e-01
     vertex  1.077674e-02  2.684851e-01  1.464515e-01
   endloop
 endfacet
 facet normal  7.574872e-01  1.299020e-01 -6.397957e-01
   outer loop
     vertex -6.412580e-02  2.690163e-01  8.880509e-02
     vertex -4.399100e-02  2.676599e-01  1.123683e-01
     vertex -6.397869e-02  2.676599e-01  8.870387e-02
   endloop
 endfacet
 facet normal  6.071834e-01  6.068925e-01 -5.128447e-01
   outer loop
     vertex -6.524317e-02  2.713655e-01  8.957395e-02
     vertex -4.506033e-02  2.713655e-01  1.134695e-01
     vertex -6.455709e-02  2.702802e-01  8.910186e-02
   endloop
 endfacet
 facet normal  4.532255e-01  1.299020e-01 -8.818799e-01
   outer loop
     vertex -1.984823e-02  2.690163e-01  1.318045e-01
     vertex  7.733650e-03  2.690163e-01  1.459797e-01
     vertex  7.799229e-03  2.676599e-01  1.458136e-01
   endloop
 endfacet
 facet normal  4.532255e-01  1.299020e-01 -8.818799e-01
   outer loop
     vertex -1.984823e-02  2.690163e-01  1.318045e-01
     vertex  7.799229e-03  2.676599e-01  1.458136e-01
     vertex -1.975136e-02  2.676599e-01  1.316545e-01
   endloop
 endfacet
 facet normal  3.632946e-01  6.068925e-01 -7.068935e-01
   outer loop
     vertex -2.013224e-02  2.702802e-01  1.322443e-01
     vertex  7.235526e-03  2.713655e-01  1.472412e-01
     vertex  7.541381e-03  2.702802e-01  1.464666e-01
   endloop
 endfacet
 facet normal  4.226044e-01  3.810928e-01 -8.222978e-01
   outer loop
     vertex -2.013224e-02  2.702802e-01  1.322443e-01
     vertex  7.541381e-03  2.702802e-01  1.464666e-01
     vertex  7.733650e-03  2.690163e-01  1.459797e-01
   endloop
 endfacet
 facet normal  3.632946e-01  6.068925e-01 -7.068935e-01
   outer loop
     vertex -2.013224e-02  2.702802e-01  1.322443e-01
     vertex -2.058404e-02  2.713655e-01  1.329439e-01
     vertex  7.235526e-03  2.713655e-01  1.472412e-01
   endloop
 endfacet
 facet normal  4.226044e-01  3.810928e-01 -8.222978e-01
   outer loop
     vertex -2.013224e-02  2.702802e-01  1.322443e-01
     vertex  7.733650e-03  2.690163e-01  1.459797e-01
     vertex -1.984823e-02  2.690163e-01  1.318045e-01
   endloop
 endfacet
 facet normal  6.173391e-01  1.299020e-01 -7.758982e-01
   outer loop
     vertex -4.411540e-02  2.690163e-01  1.124964e-01
     vertex -1.975136e-02  2.676599e-01  1.316545e-01
     vertex -4.399100e-02  2.676599e-01  1.123683e-01
   endloop
 endfacet
 facet normal  6.173391e-01  1.299020e-01 -7.758982e-01
   outer loop
     vertex -4.411540e-02  2.690163e-01  1.124964e-01
     vertex -1.984823e-02  2.690163e-01  1.318045e-01
     vertex -1.975136e-02  2.676599e-01  1.316545e-01
   endloop
 endfacet
 facet normal  7.574872e-01  1.299020e-01 -6.397957e-01
   outer loop
     vertex -4.411540e-02  2.690163e-01  1.124964e-01
     vertex -4.399100e-02  2.676599e-01  1.123683e-01
     vertex -6.412580e-02  2.690163e-01  8.880509e-02
   endloop
 endfacet
 facet normal  7.063095e-01  3.810928e-01 -5.965695e-01
   outer loop
     vertex -4.448013e-02  2.702802e-01  1.128720e-01
     vertex -6.412580e-02  2.690163e-01  8.880509e-02
     vertex -6.455709e-02  2.702802e-01  8.910186e-02
   endloop
 endfacet
 facet normal  4.948440e-01  6.068925e-01 -6.219412e-01
   outer loop
     vertex -4.448013e-02  2.702802e-01  1.128720e-01
     vertex -4.506033e-02  2.713655e-01  1.134695e-01
     vertex -2.058404e-02  2.713655e-01  1.329439e-01
   endloop
 endfacet
 facet normal  4.948440e-01  6.068925e-01 -6.219412e-01
   outer loop
     vertex -4.448013e-02  2.702802e-01  1.128720e-01
     vertex -2.058404e-02  2.713655e-01  1.329439e-01
     vertex -2.013224e-02  2.702802e-01  1.322443e-01
   endloop
 endfacet
 facet normal  5.756301e-01  3.810928e-01 -7.234765e-01
   outer loop
     vertex -4.448013e-02  2.702802e-01  1.128720e-01
     vertex -2.013224e-02  2.702802e-01  1.322443e-01
     vertex -1.984823e-02  2.690163e-01  1.318045e-01
   endloop
 endfacet
 facet normal  7.063095e-01  3.810928e-01 -5.965695e-01
   outer loop
     vertex -4.448013e-02  2.702802e-01  1.128720e-01
     vertex -4.411540e-02  2.690163e-01  1.124964e-01
     vertex -6.412580e-02  2.690163e-01  8.880509e-02
   endloop
 endfacet
 facet normal  5.756301e-01  3.810928e-01 -7.234765e-01
   outer loop
     vertex -4.448013e-02  2.702802e-01  1.128720e-01
     vertex -1.984823e-02  2.690163e-01  1.318045e-01
     vertex -4.411540e-02  2.690163e-01  1.124964e-01
   endloop
 endfacet
 facet normal  6.071834e-01  6.068925e-01 -5.128447e-01
   outer loop
     vertex -4.448013e-02  2.702802e-01  1.128720e-01
     vertex -6.455709e-02  2.702802e-01  8.910186e-02
     vertex -4.506033e-02  2.713655e-01  1.134695e-01
   endloop
 endfacet
 facet normal  6.816678e-01  6.099272e-01 -4.041260e-01
   outer loop
     vertex -6.524317e-02  2.713655e-01  8.957395e-02
     vertex -6.595217e-02  2.694854e-01  8.554050e-02
     vertex -6.687455e-02  2.703150e-01  8.523664e-02
   endloop
 endfacet
 facet normal  8.220866e-01  3.948971e-01 -4.101583e-01
   outer loop
     vertex -6.455709e-02  2.702802e-01  8.910186e-02
     vertex -6.526939e-02  2.684851e-01  8.594585e-02
     vertex -6.595217e-02  2.694854e-01  8.554050e-02
   endloop
 endfacet
 facet normal  6.838832e-01  6.078323e-01 -4.035390e-01
   outer loop
     vertex -6.455709e-02  2.702802e-01  8.910186e-02
     vertex -6.595217e-02  2.694854e-01  8.554050e-02
     vertex -6.524317e-02  2.713655e-01  8.957395e-02
   endloop
 endfacet
 facet normal  8.328254e-01  3.789314e-01 -4.035008e-01
   outer loop
     vertex -6.412580e-02  2.690163e-01  8.880509e-02
     vertex -6.526939e-02  2.684851e-01  8.594585e-02
     vertex -6.455709e-02  2.702802e-01  8.910186e-02
   endloop
 endfacet
 facet normal  9.112745e-01  1.664533e-01 -3.766590e-01
   outer loop
     vertex -6.397869e-02  2.676599e-01  8.870387e-02
     vertex -6.486676e-02  2.673733e-01  8.642863e-02
     vertex -6.526939e-02  2.684851e-01  8.594585e-02
   endloop
 endfacet
 facet normal  9.124288e-01  1.279684e-01 -3.887129e-01
   outer loop
     vertex -6.397869e-02  2.676599e-01  8.870387e-02
     vertex -6.526939e-02  2.684851e-01  8.594585e-02
     vertex -6.412580e-02  2.690163e-01  8.880509e-02
   endloop
 endfacet
 facet normal  8.414500e-01  4.405663e-01  3.128311e-01
   outer loop
     vertex -6.325602e-02  2.684885e-01  8.052542e-02
     vertex -6.526939e-02  2.684851e-01  8.594585e-02
     vertex -6.486676e-02  2.673733e-01  8.642863e-02
   endloop
 endfacet
 facet normal  6.231175e-01  7.602056e-01  1.838804e-01
   outer loop
     vertex -6.325602e-02  2.684885e-01  8.052542e-02
     vertex -6.687455e-02  2.703150e-01  8.523664e-02
     vertex -6.595217e-02  2.694854e-01  8.554050e-02
   endloop
 endfacet
 facet normal  7.386828e-01  6.155064e-01  2.747720e-01
   outer loop
     vertex -6.325602e-02  2.684885e-01  8.052542e-02
     vertex -6.595217e-02  2.694854e-01  8.554050e-02
     vertex -6.526939e-02  2.684851e-01  8.594585e-02
   endloop
 endfacet
 facet normal  0.000000e+00  0.000000e+00  0.000000e+00
   outer loop
     vertex -6.325602e-02  2.684885e-01  8.052542e-02
     vertex -6.526939e-02  2.684851e-01  8.594585e-02
     vertex -6.325602e-02  2.684885e-01  8.052542e-02
   endloop
 endfacet
 facet normal  1.744224e-01  7.602056e-01 -6.258308e-01
   outer loop
     vertex -7.137174e-02  2.684885e-01  6.587987e-02
     vertex -7.705341e-02  2.694854e-01  6.550728e-02
     vertex -7.728476e-02  2.703150e-01  6.645047e-02
   endloop
 endfacet
 facet normal  1.586195e-01  6.155064e-01 -7.720050e-01
   outer loop
     vertex -7.137174e-02  2.684885e-01  6.587987e-02
     vertex -7.703515e-02  2.684851e-01  6.471345e-02
     vertex -7.705341e-02  2.694854e-01  6.550728e-02
   endloop
 endfacet
 facet normal  1.808293e-01  4.405663e-01 -8.793191e-01
   outer loop
     vertex -7.137174e-02  2.684885e-01  6.587987e-02
     vertex -7.723106e-02  2.673733e-01  6.411612e-02
     vertex -7.703515e-02  2.684851e-01  6.471345e-02
   endloop
 endfacet
 facet normal  0.000000e+00  0.000000e+00  0.000000e+00
   outer loop
     vertex -7.137174e-02  2.684885e-01  6.587987e-02
     vertex -7.705341e-02  2.694854e-01  6.550728e-02
     vertex -7.137174e-02  2.684885e-01  6.587987e-02
   endloop
 endfacet
 facet normal  7.047168e-01  6.078323e-01 -3.659428e-01
   outer loop
     vertex -7.705341e-02  2.694854e-01  6.550728e-02
     vertex -7.933356e-02  2.702802e-01  6.243637e-02
     vertex -8.009757e-02  2.713655e-01  6.276784e-02
   endloop
 endfacet
 facet normal  7.040401e-01  6.099272e-01 -3.637531e-01
   outer loop
     vertex -7.705341e-02  2.694854e-01  6.550728e-02
     vertex -8.009757e-02  2.713655e-01  6.276784e-02
     vertex -7.728476e-02  2.703150e-01  6.645047e-02
   endloop
 endfacet
 facet normal  7.836440e-01  3.789314e-01 -4.922530e-01
   outer loop
     vertex -7.703515e-02  2.684851e-01  6.471345e-02
     vertex -7.885328e-02  2.690163e-01  6.222800e-02
     vertex -7.933356e-02  2.702802e-01  6.243637e-02
   endloop
 endfacet
 facet normal  8.133058e-01  1.279684e-01 -5.675894e-01
   outer loop
     vertex -7.703515e-02  2.684851e-01  6.471345e-02
     vertex -7.868947e-02  2.676599e-01  6.215693e-02
     vertex -7.885328e-02  2.690163e-01  6.222800e-02
   endloop
 endfacet
 facet normal  7.835961e-01  3.948971e-01 -4.796181e-01
   outer loop
     vertex -7.703515e-02  2.684851e-01  6.471345e-02
     vertex -7.933356e-02  2.702802e-01  6.243637e-02
     vertex -7.705341e-02  2.694854e-01  6.550728e-02
   endloop
 endfacet
 facet normal  8.024732e-01  1.664533e-01 -5.730009e-01
   outer loop
     vertex -7.723106e-02  2.673733e-01  6.411612e-02
     vertex -7.868947e-02  2.676599e-01  6.215693e-02
     vertex -7.703515e-02  2.684851e-01  6.471345e-02
   endloop
 endfacet
 facet normal  9.440621e-01  1.299020e-01 -3.031044e-01
   outer loop
     vertex -8.833324e-02  2.690163e-01  3.270130e-02
     vertex -7.885328e-02  2.690163e-01  6.222800e-02
     vertex -7.868947e-02  2.676599e-01  6.215693e-02
   endloop
 endfacet
 facet normal  9.440621e-01  1.299020e-01 -3.031044e-01
   outer loop
     vertex -8.833324e-02  2.690163e-01  3.270130e-02
     vertex -7.868947e-02  2.676599e-01  6.215693e-02
     vertex -8.815867e-02  2.676599e-01  3.266373e-02
   endloop
 endfacet
 facet normal  7.567373e-01  6.068925e-01 -2.429612e-01
   outer loop
     vertex -8.884505e-02  2.702802e-01  3.281146e-02
     vertex -8.009757e-02  2.713655e-01  6.276784e-02
     vertex -7.933356e-02  2.702802e-01  6.243637e-02
   endloop
 endfacet
 facet normal  8.802788e-01  3.810928e-01 -2.826259e-01
   outer loop
     vertex -8.884505e-02  2.702802e-01  3.281146e-02
     vertex -7.933356e-02  2.702802e-01  6.243637e-02
     vertex -7.885328e-02  2.690163e-01  6.222800e-02
   endloop
 endfacet
 facet normal  7.567373e-01  6.068925e-01 -2.429612e-01
   outer loop
     vertex -8.884505e-02  2.702802e-01  3.281146e-02
     vertex -8.965923e-02  2.713655e-01  3.298669e-02
     vertex -8.009757e-02  2.713655e-01  6.276784e-02
   endloop
 endfacet
 facet normal  8.802788e-01  3.810928e-01 -2.826259e-01
   outer loop
     vertex -8.884505e-02  2.702802e-01  3.281146e-02
     vertex -7.885328e-02  2.690163e-01  6.222800e-02
     vertex -8.833324e-02  2.690163e-01  3.270130e-02
   endloop
 endfacet
 facet normal  9.880283e-01  1.299020e-01  8.322047e-02
   outer loop
     vertex -9.183988e-02  2.690163e-01  1.888976e-03
     vertex -9.166133e-02  2.676599e-01  1.886361e-03
     vertex -8.906146e-02  2.676599e-01 -2.898038e-02
   endloop
 endfacet
 facet normal  9.851675e-01  1.299020e-01 -1.121182e-01
   outer loop
     vertex -9.183988e-02  2.690163e-01  1.888976e-03
     vertex -8.815867e-02  2.676599e-01  3.266373e-02
     vertex -9.166133e-02  2.676599e-01  1.886361e-03
   endloop
 endfacet
 facet normal  9.880283e-01  1.299020e-01  8.322047e-02
   outer loop
     vertex -9.183988e-02  2.690163e-01  1.888976e-03
     vertex -8.906146e-02  2.676599e-01 -2.898038e-02
     vertex -8.923706e-02  2.690163e-01 -2.901282e-02
   endloop
 endfacet
 facet normal  9.851675e-01  1.299020e-01 -1.121182e-01
   outer loop
     vertex -9.183988e-02  2.690163e-01  1.888976e-03
     vertex -8.833324e-02  2.690163e-01  3.270130e-02
     vertex -8.815867e-02  2.676599e-01  3.266373e-02
   endloop
 endfacet
 facet normal  7.919795e-01  6.068925e-01  6.670751e-02
   outer loop
     vertex -9.236335e-02  2.702802e-01  1.896642e-03
     vertex -8.975187e-02  2.702802e-01 -2.910794e-02
     vertex -9.057083e-02  2.713655e-01 -2.925926e-02
   endloop
 endfacet
 facet normal  9.212746e-01  3.810928e-01  7.759789e-02
   outer loop
     vertex -9.236335e-02  2.702802e-01  1.896642e-03
     vertex -8.923706e-02  2.690163e-01 -2.901282e-02
     vertex -8.975187e-02  2.702802e-01 -2.910794e-02
   endloop
 endfacet
 facet normal  7.896864e-01  6.068925e-01 -8.987124e-02
   outer loop
     vertex -9.236335e-02  2.702802e-01  1.896642e-03
     vertex -9.319608e-02  2.713655e-01  1.908838e-03
     vertex -8.965923e-02  2.713655e-01  3.298669e-02
   endloop
 endfacet
 facet normal  7.919795e-01  6.068925e-01  6.670751e-02
   outer loop
     vertex -9.236335e-02  2.702802e-01  1.896642e-03
     vertex -9.057083e-02  2.713655e-01 -2.925926e-02
     vertex -9.319608e-02  2.713655e-01  1.908838e-03
   endloop
 endfacet
 facet normal  7.896864e-01  6.068925e-01 -8.987124e-02
   outer loop
     vertex -9.236335e-02  2.702802e-01  1.896642e-03
     vertex -8.965923e-02  2.713655e-01  3.298669e-02
     vertex -8.884505e-02  2.702802e-01  3.281146e-02
   endloop
 endfacet
 facet normal  9.186071e-01  3.810928e-01 -1.045432e-01
   outer loop
     vertex -9.236335e-02  2.702802e-01  1.896642e-03
     vertex -8.884505e-02  2.702802e-01  3.281146e-02
     vertex -8.833324e-02  2.690163e-01  3.270130e-02
   endloop
 endfacet
 facet normal  9.186071e-01  3.810928e-01 -1.045432e-01
   outer loop
     vertex -9.236335e-02  2.702802e-01  1.896642e-03
     vertex -8.833324e-02  2.690163e-01  3.270130e-02
     vertex -9.183988e-02  2.690163e-01  1.888976e-03
   endloop
 endfacet
 facet normal  9.212746e-01  3.810928e-01  7.759789e-02
   outer loop
     vertex -9.236335e-02  2.702802e-01  1.896642e-03
     vertex -9.183988e-02  2.690163e-01  1.888976e-03
     vertex -8.923706e-02  2.690163e-01 -2.901282e-02
   endloop
 endfacet
 facet normal  7.677722e-01  6.099272e-01  1.962517e-01
   outer loop
     vertex -9.057083e-02  2.713655e-01 -2.925926e-02
     vertex -8.822008e-02  2.694854e-01 -3.261268e-02
     vertex -8.865744e-02  2.703150e-01 -3.347976e-02
   endloop
 endfacet
 facet normal  8.713288e-01  3.948971e-01  2.912773e-01
   outer loop
     vertex -8.975187e-02  2.702802e-01 -2.910794e-02
     vertex -8.802391e-02  2.684851e-01 -3.184325e-02
     vertex -8.822008e-02  2.694854e-01 -3.261268e-02
   endloop
 endfacet
 facet normal  7.689236e-01  6.078323e-01  1.982333e-01
   outer loop
     vertex -8.975187e-02  2.702802e-01 -2.910794e-02
     vertex -8.822008e-02  2.694854e-01 -3.261268e-02
     vertex -9.057083e-02  2.713655e-01 -2.925926e-02
   endloop
 endfacet
 facet normal  8.742146e-01  3.789314e-01  3.035784e-01
   outer loop
     vertex -8.923706e-02  2.690163e-01 -2.901282e-02
     vertex -8.802391e-02  2.684851e-01 -3.184325e-02
     vertex -8.975187e-02  2.702802e-01 -2.910794e-02
   endloop
 endfacet
 facet normal  9.107065e-01  1.664533e-01  3.780303e-01
   outer loop
     vertex -8.906146e-02  2.676599e-01 -2.898038e-02
     vertex -8.808058e-02  2.673733e-01 -3.121718e-02
     vertex -8.802391e-02  2.684851e-01 -3.184325e-02
   endloop
 endfacet
 facet normal  9.200461e-01  1.279684e-01  3.703231e-01
   outer loop
     vertex -8.906146e-02  2.676599e-01 -2.898038e-02
     vertex -8.802391e-02  2.684851e-01 -3.184325e-02
     vertex -8.923706e-02  2.690163e-01 -2.901282e-02
   endloop
 endfacet
 facet normal  3.737900e-01  4.405663e-01  8.162000e-01
   outer loop
     vertex -8.276742e-02  2.684885e-01 -3.425242e-02
     vertex -8.802391e-02  2.684851e-01 -3.184325e-02
     vertex -8.808058e-02  2.673733e-01 -3.121718e-02
   endloop
 endfacet
 facet normal  3.105875e-01  7.602056e-01  5.706336e-01
   outer loop
     vertex -8.276742e-02  2.684885e-01 -3.425242e-02
     vertex -8.865744e-02  2.703150e-01 -3.347976e-02
     vertex -8.822008e-02  2.694854e-01 -3.261268e-02
   endloop
 endfacet
 facet normal  3.280344e-01  6.155064e-01  7.166207e-01
   outer loop
     vertex -8.276742e-02  2.684885e-01 -3.425242e-02
     vertex -8.822008e-02  2.694854e-01 -3.261268e-02
     vertex -8.802391e-02  2.684851e-01 -3.184325e-02
   endloop
 endfacet
 facet normal  0.000000e+00  0.000000e+00  0.000000e+00
   outer loop
     vertex -8.276742e-02  2.684885e-01 -3.425242e-02
     vertex -8.802391e-02  2.684851e-01 -3.184325e-02
     vertex -8.276742e-02  2.684885e-01 -3.425242e-02
   endloop
 endfacet
 facet normal  5.658645e-01  7.602056e-01 -3.191939e-01
   outer loop
     vertex -7.815013e-02  2.684885e-01 -5.034706e-02
     vertex -8.190423e-02  2.694854e-01 -5.462807e-02
     vertex -8.273474e-02  2.703150e-01 -5.412472e-02
   endloop
 endfacet
 facet normal  6.580509e-01  6.155064e-01 -4.337290e-01
   outer loop
     vertex -7.815013e-02  2.684885e-01 -5.034706e-02
     vertex -8.132999e-02  2.684851e-01 -5.517648e-02
     vertex -8.190423e-02  2.694854e-01 -5.462807e-02
   endloop
 endfacet
 facet normal  7.496381e-01  4.405663e-01 -4.939069e-01
   outer loop
     vertex -7.815013e-02  2.684885e-01 -5.034706e-02
     vertex -8.104614e-02  2.673733e-01 -5.573738e-02
     vertex -8.132999e-02  2.684851e-01 -5.517648e-02
   endloop
 endfacet
 facet normal  0.000000e+00  0.000000e+00  0.000000e+00
   outer loop
     vertex -7.815013e-02  2.684885e-01 -5.034706e-02
     vertex -8.190423e-02  2.694854e-01 -5.462807e-02
     vertex -7.815013e-02  2.684885e-01 -5.034706e-02
   endloop
 endfacet
 facet normal  7.570706e-01  6.078323e-01  2.395494e-01
   outer loop
     vertex -8.190423e-02  2.694854e-01 -5.462807e-02
     vertex -8.134507e-02  2.702802e-01 -5.841183e-02
     vertex -8.211969e-02  2.713655e-01 -5.871769e-02
   endloop
 endfacet
 facet normal  7.550439e-01  6.099272e-01  2.406192e-01
   outer loop
     vertex -8.190423e-02  2.694854e-01 -5.462807e-02
     vertex -8.211969e-02  2.713655e-01 -5.871769e-02
     vertex -8.273474e-02  2.703150e-01 -5.412472e-02
   endloop
 endfacet
 facet normal  9.021955e-01  3.789314e-01  2.060446e-01
   outer loop
     vertex -8.132999e-02  2.684851e-01 -5.517648e-02
     vertex -8.085812e-02  2.690163e-01 -5.821956e-02
     vertex -8.134507e-02  2.702802e-01 -5.841183e-02
   endloop
 endfacet
 facet normal  9.764404e-01  1.279684e-01  1.737478e-01
   outer loop
     vertex -8.132999e-02  2.684851e-01 -5.517648e-02
     vertex -8.069203e-02  2.676599e-01 -5.815398e-02
     vertex -8.085812e-02  2.690163e-01 -5.821956e-02
   endloop
 endfacet
 facet normal  8.932273e-01  3.948971e-01  2.149449e-01
   outer loop
     vertex -8.132999e-02  2.684851e-01 -5.517648e-02
     vertex -8.134507e-02  2.702802e-01 -5.841183e-02
     vertex -8.190423e-02  2.694854e-01 -5.462807e-02
   endloop
 endfacet
 facet normal  9.726071e-01  1.664533e-01  1.622615e-01
   outer loop
     vertex -8.104614e-02  2.673733e-01 -5.573738e-02
     vertex -8.069203e-02  2.676599e-01 -5.815398e-02
     vertex -8.132999e-02  2.684851e-01 -5.517648e-02
   endloop
 endfacet
 facet normal  6.397957e-01  1.299020e-01  7.574872e-01
   outer loop
     vertex -2.368355e-02  2.690163e-01 -1.300790e-01
     vertex -4.724680e-02  2.676599e-01 -1.099442e-01
     vertex -2.358233e-02  2.676599e-01 -1.299319e-01
   endloop
 endfacet
 facet normal  5.128447e-01  6.068925e-01  6.071834e-01
   outer loop
     vertex -2.445241e-02  2.713655e-01 -1.311964e-01
     vertex -4.834792e-02  2.713655e-01 -1.110135e-01
     vertex -2.398032e-02  2.702802e-01 -1.305103e-01
   endloop
 endfacet
 facet normal  8.818799e-01  1.299020e-01  4.532255e-01
   outer loop
     vertex -6.668294e-02  2.690163e-01 -8.580144e-02
     vertex -8.085812e-02  2.690163e-01 -5.821956e-02
     vertex -8.069203e-02  2.676599e-01 -5.815398e-02
   endloop
 endfacet
 facet normal  8.818799e-01  1.299020e-01  4.532255e-01
   outer loop
     vertex -6.668294e-02  2.690163e-01 -8.580144e-02
     vertex -8.069203e-02  2.676599e-01 -5.815398e-02
     vertex -6.653293e-02  2.676599e-01 -8.570457e-02
   endloop
 endfacet
 facet normal  7.068935e-01  6.068925e-01  3.632946e-01
   outer loop
     vertex -6.712273e-02  2.702802e-01 -8.608546e-02
     vertex -8.211969e-02  2.713655e-01 -5.871769e-02
     vertex -8.134507e-02  2.702802e-01 -5.841183e-02
   endloop
 endfacet
 facet normal  8.222978e-01  3.810928e-01  4.226044e-01
   outer loop
     vertex -6.712273e-02  2.702802e-01 -8.608546e-02
     vertex -8.134507e-02  2.702802e-01 -5.841183e-02
     vertex -8.085812e-02  2.690163e-01 -5.821956e-02
   endloop
 endfacet
 facet normal  7.068935e-01  6.068925e-01  3.632946e-01
   outer loop
     vertex -6.712273e-02  2.702802e-01 -8.608546e-02
     vertex -6.782235e-02  2.713655e-01 -8.653725e-02
     vertex -8.211969e-02  2.713655e-01 -5.871769e-02
   endloop
 endfacet
 facet normal  8.222978e-01  3.810928e-01  4.226044e-01
   outer loop
     vertex -6.712273e-02  2.702802e-01 -8.608546e-02
     vertex -8.085812e-02  2.690163e-01 -5.821956e-02
     vertex -6.668294e-02  2.690163e-01 -8.580144e-02
   endloop
 endfacet
 facet normal  7.758982e-01  1.299020e-01  6.173391e-01
   outer loop
     vertex -4.737490e-02  2.690163e-01 -1.100686e-01
     vertex -6.653293e-02  2.676599e-01 -8.570457e-02
     vertex -4.724680e-02  2.676599e-01 -1.099442e-01
   endloop
 endfacet
 facet normal  7.758982e-01  1.299020e-01  6.173391e-01
   outer loop
     vertex -4.737490e-02  2.690163e-01 -1.100686e-01
     vertex -6.668294e-02  2.690163e-01 -8.580144e-02
     vertex -6.653293e-02  2.676599e-01 -8.570457e-02
   endloop
 endfacet
 facet normal  6.397957e-01  1.299020e-01  7.574872e-01
   outer loop
     vertex -4.737490e-02  2.690163e-01 -1.100686e-01
     vertex -4.724680e-02  2.676599e-01 -1.099442e-01
     vertex -2.368355e-02  2.690163e-01 -1.300790e-01
   endloop
 endfacet
 facet normal  5.965695e-01  3.810928e-01  7.063095e-01
   outer loop
     vertex -4.775047e-02  2.702802e-01 -1.104333e-01
     vertex -2.368355e-02  2.690163e-01 -1.300790e-01
     vertex -2.398032e-02  2.702802e-01 -1.305103e-01
   endloop
 endfacet
 facet normal  6.219412e-01  6.068925e-01  4.948440e-01
   outer loop
     vertex -4.775047e-02  2.702802e-01 -1.104333e-01
     vertex -4.834792e-02  2.713655e-01 -1.110135e-01
     vertex -6.782235e-02  2.713655e-01 -8.653725e-02
   endloop
 endfacet
 facet normal  6.219412e-01  6.068925e-01  4.948440e-01
   outer loop
     vertex -4.775047e-02  2.702802e-01 -1.104333e-01
     vertex -6.782235e-02  2.713655e-01 -8.653725e-02
     vertex -6.712273e-02  2.702802e-01 -8.608546e-02
   endloop
 endfacet
 facet normal  7.234765e-01  3.810928e-01  5.756301e-01
   outer loop
     vertex -4.775047e-02  2.702802e-01 -1.104333e-01
     vertex -6.712273e-02  2.702802e-01 -8.608546e-02
     vertex -6.668294e-02  2.690163e-01 -8.580144e-02
   endloop
 endfacet
 facet normal  5.965695e-01  3.810928e-01  7.063095e-01
   outer loop
     vertex -4.775047e-02  2.702802e-01 -1.104333e-01
     vertex -4.737490e-02  2.690163e-01 -1.100686e-01
     vertex -2.368355e-02  2.690163e-01 -1.300790e-01
   endloop
 endfacet
 facet normal  7.234765e-01  3.810928e-01  5.756301e-01
   outer loop
     vertex -4.775047e-02  2.702802e-01 -1.104333e-01
     vertex -6.668294e-02  2.690163e-01 -8.580144e-02
     vertex -4.737490e-02  2.690163e-01 -1.100686e-01
   endloop
 endfacet
 facet normal  5.128447e-01  6.068925e-01  6.071834e-01
   outer loop
     vertex -4.775047e-02  2.702802e-01 -1.104333e-01
     vertex -2.398032e-02  2.702802e-01 -1.305103e-01
     vertex -4.834792e-02  2.713655e-01 -1.110135e-01
   endloop
 endfacet
 facet normal  4.041260e-01  6.099272e-01  6.816678e-01
   outer loop
     vertex -2.445241e-02  2.713655e-01 -1.311964e-01
     vertex -2.041896e-02  2.694854e-01 -1.319054e-01
     vertex -2.011510e-02  2.703150e-01 -1.328278e-01
   endloop
 endfacet
 facet normal  4.101583e-01  3.948971e-01  8.220866e-01
   outer loop
     vertex -2.398032e-02  2.702802e-01 -1.305103e-01
     vertex -2.082431e-02  2.684851e-01 -1.312226e-01
     vertex -2.041896e-02  2.694854e-01 -1.319054e-01
   endloop
 endfacet
 facet normal  4.035390e-01  6.078323e-01  6.838832e-01
   outer loop
     vertex -2.398032e-02  2.702802e-01 -1.305103e-01
     vertex -2.041896e-02  2.694854e-01 -1.319054e-01
     vertex -2.445241e-02  2.713655e-01 -1.311964e-01
   endloop
 endfacet
 facet normal  4.035008e-01  3.789314e-01  8.328254e-01
   outer loop
     vertex -2.368355e-02  2.690163e-01 -1.300790e-01
     vertex -2.082431e-02  2.684851e-01 -1.312226e-01
     vertex -2.398032e-02  2.702802e-01 -1.305103e-01
   endloop
 endfacet
 facet normal  3.766590e-01  1.664533e-01  9.112745e-01
   outer loop
     vertex -2.358233e-02  2.676599e-01 -1.299319e-01
     vertex -2.130709e-02  2.673733e-01 -1.308200e-01
     vertex -2.082431e-02  2.684851e-01 -1.312226e-01
   endloop
 endfacet
 facet normal  3.887129e-01  1.279684e-01  9.124288e-01
   outer loop
     vertex -2.358233e-02  2.676599e-01 -1.299319e-01
     vertex -2.082431e-02  2.684851e-01 -1.312226e-01
     vertex -2.368355e-02  2.690163e-01 -1.300790e-01
   endloop
 endfacet
 facet normal -3.128311e-01  4.405663e-01  8.414500e-01
   outer loop
     vertex -1.540388e-02  2.684885e-01 -1.292092e-01
     vertex -2.082431e-02  2.684851e-01 -1.312226e-01
     vertex -2.130709e-02  2.673733e-01 -1.308200e-01
   endloop
 endfacet
 facet normal -1.838804e-01  7.602056e-01  6.231175e-01
   outer loop
     vertex -1.540388e-02  2.684885e-01 -1.292092e-01
     vertex -2.011510e-02  2.703150e-01 -1.328278e-01
     vertex -2.041896e-02  2.694854e-01 -1.319054e-01
   endloop
 endfacet
 facet normal -2.747720e-01  6.155064e-01  7.386828e-01
   outer loop
     vertex -1.540388e-02  2.684885e-01 -1.292092e-01
     vertex -2.041896e-02  2.694854e-01 -1.319054e-01
     vertex -2.082431e-02  2.684851e-01 -1.312226e-01
   endloop
 endfacet
 facet normal  0.000000e+00  0.000000e+00  0.000000e+00
   outer loop
     vertex -1.540388e-02  2.684885e-01 -1.292092e-01
     vertex -2.082431e-02  2.684851e-01 -1.312226e-01
     vertex -1.540388e-02  2.684885e-01 -1.292092e-01
   endloop
 endfacet
 facet normal  6.258308e-01  7.602056e-01  1.744224e-01
   outer loop
     vertex -7.583260e-04  2.684885e-01 -1.373250e-01
     vertex -3.857446e-04  2.694854e-01 -1.430066e-01
     vertex -1.328927e-03  2.703150e-01 -1.432380e-01
   endloop
 endfacet
 facet normal  7.720050e-01  6.155064e-01  1.586195e-01
   outer loop
     vertex -7.583260e-04  2.684885e-01 -1.373250e-01
     vertex  4.080868e-04  2.684851e-01 -1.429884e-01
     vertex -3.857446e-04  2.694854e-01 -1.430066e-01
   endloop
 endfacet
 facet normal  8.793191e-01  4.405663e-01  1.808293e-01
   outer loop
     vertex -7.583260e-04  2.684885e-01 -1.373250e-01
     vertex  1.005415e-03  2.673733e-01 -1.431843e-01
     vertex  4.080868e-04  2.684851e-01 -1.429884e-01
   endloop
 endfacet
 facet normal  0.000000e+00  0.000000e+00  0.000000e+00
   outer loop
     vertex -7.583260e-04  2.684885e-01 -1.373250e-01
     vertex -3.857446e-04  2.694854e-01 -1.430066e-01
     vertex -7.583260e-04  2.684885e-01 -1.373250e-01
   endloop
 endfacet
 facet normal  3.659428e-01  6.078323e-01  7.047168e-01
   outer loop
     vertex -3.857446e-04  2.694854e-01 -1.430066e-01
     vertex  2.685167e-03  2.702802e-01 -1.452868e-01
     vertex  2.353701e-03  2.713655e-01 -1.460508e-01
   endloop
 endfacet
 facet normal  3.637531e-01  6.099272e-01  7.040401e-01
   outer loop
     vertex -3.857446e-04  2.694854e-01 -1.430066e-01
     vertex  2.353701e-03  2.713655e-01 -1.460508e-01
     vertex -1.328927e-03  2.703150e-01 -1.432380e-01
   endloop
 endfacet
 facet normal  4.922530e-01  3.789314e-01  7.836440e-01
   outer loop
     vertex  4.080868e-04  2.684851e-01 -1.429884e-01
     vertex  2.893535e-03  2.690163e-01 -1.448065e-01
     vertex  2.685167e-03  2.702802e-01 -1.452868e-01
   endloop
 endfacet
 facet normal  5.675894e-01  1.279684e-01  8.133058e-01
   outer loop
     vertex  4.080868e-04  2.684851e-01 -1.429884e-01
     vertex  2.964606e-03  2.676599e-01 -1.446427e-01
     vertex  2.893535e-03  2.690163e-01 -1.448065e-01
   endloop
 endfacet
 facet normal  4.796181e-01  3.948971e-01  7.835961e-01
   outer loop
     vertex  4.080868e-04  2.684851e-01 -1.429884e-01
     vertex  2.685167e-03  2.702802e-01 -1.452868e-01
     vertex -3.857446e-04  2.694854e-01 -1.430066e-01
   endloop
 endfacet
 facet normal  5.730009e-01  1.664533e-01  8.024732e-01
   outer loop
     vertex  1.005415e-03  2.673733e-01 -1.431843e-01
     vertex  2.964606e-03  2.676599e-01 -1.446427e-01
     vertex  4.080868e-04  2.684851e-01 -1.429884e-01
   endloop
 endfacet
 facet normal -1.318379e-01  1.303701e-01  9.826609e-01
   outer loop
     vertex  9.413436e-02  2.690163e-01 -1.551903e-01
     vertex  7.873274e-02  2.676599e-01 -1.570767e-01
     vertex  9.410192e-02  2.676599e-01 -1.550147e-01
   endloop
 endfacet
 facet normal -1.055420e-01  6.082949e-01  7.866627e-01
   outer loop
     vertex  9.438080e-02  2.713655e-01 -1.565240e-01
     vertex  7.886156e-02  2.713655e-01 -1.586062e-01
     vertex  9.422948e-02  2.702802e-01 -1.557051e-01
   endloop
 endfacet
 facet normal  3.492725e-01  1.303701e-01  9.279075e-01
   outer loop
     vertex  1.742284e-02  2.690163e-01 -1.502755e-01
     vertex  2.893535e-03  2.690163e-01 -1.448065e-01
     vertex  2.964606e-03  2.676599e-01 -1.446427e-01
   endloop
 endfacet
 facet normal  3.492725e-01  1.303701e-01  9.279075e-01
   outer loop
     vertex  1.742284e-02  2.690163e-01 -1.502755e-01
     vertex  2.964606e-03  2.676599e-01 -1.446427e-01
     vertex  1.747743e-02  2.676599e-01 -1.501054e-01
   endloop
 endfacet
 facet normal  2.796078e-01  6.082949e-01  7.428303e-01
   outer loop
     vertex  1.726280e-02  2.702802e-01 -1.507739e-01
     vertex  2.353701e-03  2.713655e-01 -1.460508e-01
     vertex  2.685167e-03  2.702802e-01 -1.452868e-01
   endloop
 endfacet
 facet normal  3.255214e-01  3.822859e-01  8.648083e-01
   outer loop
     vertex  1.726280e-02  2.702802e-01 -1.507739e-01
     vertex  2.685167e-03  2.702802e-01 -1.452868e-01
     vertex  2.893535e-03  2.690163e-01 -1.448065e-01
   endloop
 endfacet
 facet normal  2.796078e-01  6.082949e-01  7.428303e-01
   outer loop
     vertex  1.726280e-02  2.702802e-01 -1.507739e-01
     vertex  1.700821e-02  2.713655e-01 -1.515669e-01
     vertex  2.353701e-03  2.713655e-01 -1.460508e-01
   endloop
 endfacet
 facet normal  3.255214e-01  3.822859e-01  8.648083e-01
   outer loop
     vertex  1.726280e-02  2.702802e-01 -1.507739e-01
     vertex  2.893535e-03  2.690163e-01 -1.448065e-01
     vertex  1.742284e-02  2.690163e-01 -1.502755e-01
   endloop
 endfacet
 facet normal  2.561611e-01  1.303701e-01  9.578022e-01
   outer loop
     vertex  3.242024e-02  2.690163e-01 -1.542865e-01
     vertex  1.747743e-02  2.676599e-01 -1.501054e-01
     vertex  3.245781e-02  2.676599e-01 -1.541119e-01
   endloop
 endfacet
 facet normal  2.561611e-01  1.303701e-01  9.578022e-01
   outer loop
     vertex  3.242024e-02  2.690163e-01 -1.542865e-01
     vertex  1.742284e-02  2.690163e-01 -1.502755e-01
     vertex  1.747743e-02  2.676599e-01 -1.501054e-01
   endloop
 endfacet
 facet normal  2.050681e-01  6.082949e-01  7.667623e-01
   outer loop
     vertex  3.231008e-02  2.702802e-01 -1.547983e-01
     vertex  3.213485e-02  2.713655e-01 -1.556124e-01
     vertex  1.700821e-02  2.713655e-01 -1.515669e-01
   endloop
 endfacet
 facet normal  2.387418e-01  3.822859e-01  8.926701e-01
   outer loop
     vertex  3.231008e-02  2.702802e-01 -1.547983e-01
     vertex  1.742284e-02  2.690163e-01 -1.502755e-01
     vertex  3.242024e-02  2.690163e-01 -1.542865e-01
   endloop
 endfacet
 facet normal  2.387418e-01  3.822859e-01  8.926701e-01
   outer loop
     vertex  3.231008e-02  2.702802e-01 -1.547983e-01
     vertex  1.726280e-02  2.702802e-01 -1.507739e-01
     vertex  1.742284e-02  2.690163e-01 -1.502755e-01
   endloop
 endfacet
 facet normal  2.050681e-01  6.082949e-01  7.667623e-01
   outer loop
     vertex  3.231008e-02  2.702802e-01 -1.547983e-01
     vertex  1.700821e-02  2.713655e-01 -1.515669e-01
     vertex  1.726280e-02  2.702802e-01 -1.507739e-01
   endloop
 endfacet
 facet normal  1.605576e-01  1.303701e-01  9.783787e-01
   outer loop
     vertex  4.773983e-02  2.690163e-01 -1.568005e-01
     vertex  3.245781e-02  2.676599e-01 -1.541119e-01
     vertex  4.776002e-02  2.676599e-01 -1.566231e-01
   endloop
 endfacet
 facet normal  1.605576e-01  1.303701e-01  9.783787e-01
   outer loop
     vertex  4.773983e-02  2.690163e-01 -1.568005e-01
     vertex  3.242024e-02  2.690163e-01 -1.542865e-01
     vertex  3.245781e-02  2.676599e-01 -1.541119e-01
   endloop
 endfacet
 facet normal  1.285333e-01  6.082949e-01  7.832347e-01
   outer loop
     vertex  4.768063e-02  2.702802e-01 -1.573207e-01
     vertex  4.758646e-02  2.713655e-01 -1.581481e-01
     vertex  3.213485e-02  2.713655e-01 -1.556124e-01
   endloop
 endfacet
 facet normal  1.496394e-01  3.822859e-01  9.118473e-01
   outer loop
     vertex  4.768063e-02  2.702802e-01 -1.573207e-01
     vertex  3.231008e-02  2.702802e-01 -1.547983e-01
     vertex  3.242024e-02  2.690163e-01 -1.542865e-01
   endloop
 endfacet
 facet normal  1.496394e-01  3.822859e-01  9.118473e-01
   outer loop
     vertex  4.768063e-02  2.702802e-01 -1.573207e-01
     vertex  3.242024e-02  2.690163e-01 -1.542865e-01
     vertex  4.773983e-02  2.690163e-01 -1.568005e-01
   endloop
 endfacet
 facet normal  1.285333e-01  6.082949e-01  7.832347e-01
   outer loop
     vertex  4.768063e-02  2.702802e-01 -1.573207e-01
     vertex  3.213485e-02  2.713655e-01 -1.556124e-01
     vertex  3.231008e-02  2.702802e-01 -1.547983e-01
   endloop
 endfacet
 facet normal  6.339207e-02  1.303701e-01  9.894368e-01
   outer loop
     vertex  6.323256e-02  2.690163e-01 -1.577931e-01
     vertex  4.776002e-02  2.676599e-01 -1.566231e-01
     vertex  6.323518e-02  2.676599e-01 -1.576145e-01
   endloop
 endfacet
 facet normal  6.339207e-02  1.303701e-01  9.894368e-01
   outer loop
     vertex  6.323256e-02  2.690163e-01 -1.577931e-01
     vertex  4.773983e-02  2.690163e-01 -1.568005e-01
     vertex  4.776002e-02  2.676599e-01 -1.566231e-01
   endloop
 endfacet
 facet normal  5.074811e-02  6.082949e-01  7.920871e-01
   outer loop
     vertex  6.322490e-02  2.702802e-01 -1.583166e-01
     vertex  6.321270e-02  2.713655e-01 -1.591493e-01
     vertex  4.758646e-02  2.713655e-01 -1.581481e-01
   endloop
 endfacet
 facet normal  5.908130e-02  3.822859e-01  9.221534e-01
   outer loop
     vertex  6.322490e-02  2.702802e-01 -1.583166e-01
     vertex  4.768063e-02  2.702802e-01 -1.573207e-01
     vertex  4.773983e-02  2.690163e-01 -1.568005e-01
   endloop
 endfacet
 facet normal  5.074811e-02  6.082949e-01  7.920871e-01
   outer loop
     vertex  6.322490e-02  2.702802e-01 -1.583166e-01
     vertex  4.758646e-02  2.713655e-01 -1.581481e-01
     vertex  4.768063e-02  2.702802e-01 -1.573207e-01
   endloop
 endfacet
 facet normal  5.908130e-02  3.822859e-01  9.221534e-01
   outer loop
     vertex  6.322490e-02  2.702802e-01 -1.583166e-01
     vertex  4.773983e-02  2.690163e-01 -1.568005e-01
     vertex  6.323256e-02  2.690163e-01 -1.577931e-01
   endloop
 endfacet
 facet normal -3.439021e-02  1.303701e-01  9.908688e-01
   outer loop
     vertex  7.874772e-02  2.690163e-01 -1.572546e-01
     vertex  6.323518e-02  2.676599e-01 -1.576145e-01
     vertex  7.873274e-02  2.676599e-01 -1.570767e-01
   endloop
 endfacet
 facet normal -3.439021e-02  1.303701e-01  9.908688e-01
   outer loop
     vertex  7.874772e-02  2.690163e-01 -1.572546e-01
     vertex  6.323256e-02  2.690163e-01 -1.577931e-01
     vertex  6.323518e-02  2.676599e-01 -1.576145e-01
   endloop
 endfacet
 facet normal -1.318379e-01  1.303701e-01  9.826609e-01
   outer loop
     vertex  7.874772e-02  2.690163e-01 -1.572546e-01
     vertex  7.873274e-02  2.676599e-01 -1.570767e-01
     vertex  9.413436e-02  2.690163e-01 -1.551903e-01
   endloop
 endfacet
 facet normal -1.228727e-01  3.822859e-01  9.158383e-01
   outer loop
     vertex  7.879166e-02  2.702802e-01 -1.577763e-01
     vertex  9.413436e-02  2.690163e-01 -1.551903e-01
     vertex  9.422948e-02  2.702802e-01 -1.557051e-01
   endloop
 endfacet
 facet normal -2.753085e-02  6.082949e-01  7.932335e-01
   outer loop
     vertex  7.879166e-02  2.702802e-01 -1.577763e-01
     vertex  7.886156e-02  2.713655e-01 -1.586062e-01
     vertex  6.321270e-02  2.713655e-01 -1.591493e-01
   endloop
 endfacet
 facet normal -2.753085e-02  6.082949e-01  7.932335e-01
   outer loop
     vertex  7.879166e-02  2.702802e-01 -1.577763e-01
     vertex  6.321270e-02  2.713655e-01 -1.591493e-01
     vertex  6.322490e-02  2.702802e-01 -1.583166e-01
   endloop
 endfacet
 facet normal -3.205161e-02  3.822859e-01  9.234881e-01
   outer loop
     vertex  7.879166e-02  2.702802e-01 -1.577763e-01
     vertex  6.322490e-02  2.702802e-01 -1.583166e-01
     vertex  6.323256e-02  2.690163e-01 -1.577931e-01
   endloop
 endfacet
 facet normal -1.228727e-01  3.822859e-01  9.158383e-01
   outer loop
     vertex  7.879166e-02  2.702802e-01 -1.577763e-01
     vertex  7.874772e-02  2.690163e-01 -1.572546e-01
     vertex  9.413436e-02  2.690163e-01 -1.551903e-01
   endloop
 endfacet
 facet normal -1.055420e-01  6.082949e-01  7.866627e-01
   outer loop
     vertex  7.879166e-02  2.702802e-01 -1.577763e-01
     vertex  9.422948e-02  2.702802e-01 -1.557051e-01
     vertex  7.886156e-02  2.713655e-01 -1.586062e-01
   endloop
 endfacet
 facet normal -3.205161e-02  3.822859e-01  9.234881e-01
   outer loop
     vertex  7.879166e-02  2.702802e-01 -1.577763e-01
     vertex  6.323256e-02  2.690163e-01 -1.577931e-01
     vertex  7.874772e-02  2.690163e-01 -1.572546e-01
   endloop
 endfacet
 facet normal -1.962517e-01  6.099272e-01  7.677722e-01
   outer loop
     vertex  9.438080e-02  2.713655e-01 -1.565240e-01
     vertex  9.773422e-02  2.694854e-01 -1.541733e-01
     vertex  9.860130e-02  2.703150e-01 -1.546107e-01
   endloop
 endfacet
 facet normal -2.912773e-01  3.948971e-01  8.713288e-01
   outer loop
     vertex  9.422948e-02  2.702802e-01 -1.557051e-01
     vertex  9.696479e-02  2.684851e-01 -1.539771e-01
     vertex  9.773422e-02  2.694854e-01 -1.541733e-01
   endloop
 endfacet
 facet normal -1.982333e-01  6.078323e-01  7.689236e-01
   outer loop
     vertex  9.422948e-02  2.702802e-01 -1.557051e-01
     vertex  9.773422e-02  2.694854e-01 -1.541733e-01
     vertex  9.438080e-02  2.713655e-01 -1.565240e-01
   endloop
 endfacet
 facet normal -3.035784e-01  3.789314e-01  8.742146e-01
   outer loop
     vertex  9.413436e-02  2.690163e-01 -1.551903e-01
     vertex  9.696479e-02  2.684851e-01 -1.539771e-01
     vertex  9.422948e-02  2.702802e-01 -1.557051e-01
   endloop
 endfacet
 facet normal -3.780303e-01  1.664533e-01  9.107065e-01
   outer loop
     vertex  9.410192e-02  2.676599e-01 -1.550147e-01
     vertex  9.633872e-02  2.673733e-01 -1.540338e-01
     vertex  9.696479e-02  2.684851e-01 -1.539771e-01
   endloop
 endfacet
 facet normal -3.703231e-01  1.279684e-01  9.200461e-01
   outer loop
     vertex  9.410192e-02  2.676599e-01 -1.550147e-01
     vertex  9.696479e-02  2.684851e-01 -1.539771e-01
     vertex  9.413436e-02  2.690163e-01 -1.551903e-01
   endloop
 endfacet
 facet normal -8.162000e-01  4.405663e-01  3.737900e-01
   outer loop
     vertex  9.937396e-02  2.684885e-01 -1.487206e-01
     vertex  9.696479e-02  2.684851e-01 -1.539771e-01
     vertex  9.633872e-02  2.673733e-01 -1.540338e-01
   endloop
 endfacet
 facet normal -5.706336e-01  7.602056e-01  3.105875e-01
   outer loop
     vertex  9.937396e-02  2.684885e-01 -1.487206e-01
     vertex  9.860130e-02  2.703150e-01 -1.546107e-01
     vertex  9.773422e-02  2.694854e-01 -1.541733e-01
   endloop
 endfacet
 facet normal -7.166207e-01  6.155064e-01  3.280344e-01
   outer loop
     vertex  9.937396e-02  2.684885e-01 -1.487206e-01
     vertex  9.773422e-02  2.694854e-01 -1.541733e-01
     vertex  9.696479e-02  2.684851e-01 -1.539771e-01
   endloop
 endfacet
 facet normal  0.000000e+00  0.000000e+00  0.000000e+00
   outer loop
     vertex  9.937396e-02  2.684885e-01 -1.487206e-01
     vertex  9.696479e-02  2.684851e-01 -1.539771e-01
     vertex  9.937396e-02  2.684885e-01 -1.487206e-01
   endloop
 endfacet
 facet normal  3.191939e-01  7.602056e-01  5.658645e-01
   outer loop
     vertex  1.154686e-01  2.684885e-01 -1.441033e-01
     vertex  1.197496e-01  2.694854e-01 -1.478574e-01
     vertex  1.192463e-01  2.703150e-01 -1.486880e-01
   endloop
 endfacet
 facet normal  4.337290e-01  6.155064e-01  6.580509e-01
   outer loop
     vertex  1.154686e-01  2.684885e-01 -1.441033e-01
     vertex  1.202980e-01  2.684851e-01 -1.472832e-01
     vertex  1.197496e-01  2.694854e-01 -1.478574e-01
   endloop
 endfacet
 facet normal  4.939069e-01  4.405663e-01  7.496381e-01
   outer loop
     vertex  1.154686e-01  2.684885e-01 -1.441033e-01
     vertex  1.208589e-01  2.673733e-01 -1.469994e-01
     vertex  1.202980e-01  2.684851e-01 -1.472832e-01
   endloop
 endfacet
 facet normal  0.000000e+00  0.000000e+00  0.000000e+00
   outer loop
     vertex  1.154686e-01  2.684885e-01 -1.441033e-01
     vertex  1.197496e-01  2.694854e-01 -1.478574e-01
     vertex  1.154686e-01  2.684885e-01 -1.441033e-01
   endloop
 endfacet
 facet normal -2.395494e-01  6.078323e-01  7.570706e-01
   outer loop
     vertex  1.197496e-01  2.694854e-01 -1.478574e-01
     vertex  1.235334e-01  2.702802e-01 -1.472983e-01
     vertex  1.238392e-01  2.713655e-01 -1.480729e-01
   endloop
 endfacet
 facet normal -2.406192e-01  6.099272e-01  7.550439e-01
   outer loop
     vertex  1.197496e-01  2.694854e-01 -1.478574e-01
     vertex  1.238392e-01  2.713655e-01 -1.480729e-01
     vertex  1.192463e-01  2.703150e-01 -1.486880e-01
   endloop
 endfacet
 facet normal -2.060446e-01  3.789314e-01  9.021955e-01
   outer loop
     vertex  1.202980e-01  2.684851e-01 -1.472832e-01
     vertex  1.233411e-01  2.690163e-01 -1.468113e-01
     vertex  1.235334e-01  2.702802e-01 -1.472983e-01
   endloop
 endfacet
 facet normal -1.737478e-01  1.279684e-01  9.764404e-01
   outer loop
     vertex  1.202980e-01  2.684851e-01 -1.472832e-01
     vertex  1.232755e-01  2.676599e-01 -1.466452e-01
     vertex  1.233411e-01  2.690163e-01 -1.468113e-01
   endloop
 endfacet
 facet normal -2.149449e-01  3.948971e-01  8.932273e-01
   outer loop
     vertex  1.202980e-01  2.684851e-01 -1.472832e-01
     vertex  1.235334e-01  2.702802e-01 -1.472983e-01
     vertex  1.197496e-01  2.694854e-01 -1.478574e-01
   endloop
 endfacet
 facet normal -1.622615e-01  1.664533e-01  9.726071e-01
   outer loop
     vertex  1.208589e-01  2.673733e-01 -1.469994e-01
     vertex  1.232755e-01  2.676599e-01 -1.466452e-01
     vertex  1.202980e-01  2.684851e-01 -1.472832e-01
   endloop
 endfacet
 facet normal -4.532255e-01  1.299020e-01  8.818799e-01
   outer loop
     vertex  1.509230e-01  2.690163e-01 -1.326361e-01
     vertex  1.233411e-01  2.690163e-01 -1.468113e-01
     vertex  1.232755e-01  2.676599e-01 -1.466452e-01
   endloop
 endfacet
 facet normal -4.532255e-01  1.299020e-01  8.818799e-01
   outer loop
     vertex  1.509230e-01  2.690163e-01 -1.326361e-01
     vertex  1.232755e-01  2.676599e-01 -1.466452e-01
     vertex  1.508261e-01  2.676599e-01 -1.324861e-01
   endloop
 endfacet
 facet normal -3.632946e-01  6.068925e-01  7.068935e-01
   outer loop
     vertex  1.512070e-01  2.702802e-01 -1.330759e-01
     vertex  1.238392e-01  2.713655e-01 -1.480729e-01
     vertex  1.235334e-01  2.702802e-01 -1.472983e-01
   endloop
 endfacet
 facet normal -4.226044e-01  3.810928e-01  8.222978e-01
   outer loop
     vertex  1.512070e-01  2.702802e-01 -1.330759e-01
     vertex  1.235334e-01  2.702802e-01 -1.472983e-01
     vertex  1.233411e-01  2.690163e-01 -1.468113e-01
   endloop
 endfacet
 facet normal -3.632946e-01  6.068925e-01  7.068935e-01
   outer loop
     vertex  1.512070e-01  2.702802e-01 -1.330759e-01
     vertex  1.516588e-01  2.713655e-01 -1.337756e-01
     vertex  1.238392e-01  2.713655e-01 -1.480729e-01
   endloop
 endfacet
 facet normal -4.226044e-01  3.810928e-01  8.222978e-01
   outer loop
     vertex  1.512070e-01  2.702802e-01 -1.330759e-01
     vertex  1.233411e-01  2.690163e-01 -1.468113e-01
     vertex  1.509230e-01  2.690163e-01 -1.326361e-01
   endloop
 endfacet
 facet normal -7.574872e-01  1.299020e-01  6.397957e-01
   outer loop
     vertex  1.751902e-01  2.690163e-01 -1.133281e-01
     vertex  1.750657e-01  2.676599e-01 -1.132000e-01
     vertex  1.950534e-01  2.676599e-01 -8.953554e-02
   endloop
 endfacet
 facet normal -6.173391e-01  1.299020e-01  7.758982e-01
   outer loop
     vertex  1.751902e-01  2.690163e-01 -1.133281e-01
     vertex  1.508261e-01  2.676599e-01 -1.324861e-01
     vertex  1.750657e-01  2.676599e-01 -1.132000e-01
   endloop
 endfacet
 facet normal -7.574872e-01  1.299020e-01  6.397957e-01
   outer loop
     vertex  1.751902e-01  2.690163e-01 -1.133281e-01
     vertex  1.950534e-01  2.676599e-01 -8.953554e-02
     vertex  1.952006e-01  2.690163e-01 -8.963676e-02
   endloop
 endfacet
 facet normal -6.173391e-01  1.299020e-01  7.758982e-01
   outer loop
     vertex  1.751902e-01  2.690163e-01 -1.133281e-01
     vertex  1.509230e-01  2.690163e-01 -1.326361e-01
     vertex  1.508261e-01  2.676599e-01 -1.324861e-01
   endloop
 endfacet
 facet normal -6.071834e-01  6.068925e-01  5.128447e-01
   outer loop
     vertex  1.755549e-01  2.702802e-01 -1.137037e-01
     vertex  1.956318e-01  2.702802e-01 -8.993353e-02
     vertex  1.963179e-01  2.713655e-01 -9.040563e-02
   endloop
 endfacet
 facet normal -7.063095e-01  3.810928e-01  5.965695e-01
   outer loop
     vertex  1.755549e-01  2.702802e-01 -1.137037e-01
     vertex  1.952006e-01  2.690163e-01 -8.963676e-02
     vertex  1.956318e-01  2.702802e-01 -8.993353e-02
   endloop
 endfacet
 facet normal -4.948440e-01  6.068925e-01  6.219412e-01
   outer loop
     vertex  1.755549e-01  2.702802e-01 -1.137037e-01
     vertex  1.761351e-01  2.713655e-01 -1.143011e-01
     vertex  1.516588e-01  2.713655e-01 -1.337756e-01
   endloop
 endfacet
 facet normal -6.071834e-01  6.068925e-01  5.128447e-01
   outer loop
     vertex  1.755549e-01  2.702802e-01 -1.137037e-01
     vertex  1.963179e-01  2.713655e-01 -9.040563e-02
     vertex  1.761351e-01  2.713655e-01 -1.143011e-01
   endloop
 endfacet
 facet normal -4.948440e-01  6.068925e-01  6.219412e-01
   outer loop
     vertex  1.755549e-01  2.702802e-01 -1.137037e-01
     vertex  1.516588e-01  2.713655e-01 -1.337756e-01
     vertex  1.512070e-01  2.702802e-01 -1.330759e-01
   endloop
 endfacet
 facet normal -5.756301e-01  3.810928e-01  7.234765e-01
   outer loop
     vertex  1.755549e-01  2.702802e-01 -1.137037e-01
     vertex  1.512070e-01  2.702802e-01 -1.330759e-01
     vertex  1.509230e-01  2.690163e-01 -1.326361e-01
   endloop
 endfacet
 facet normal -5.756301e-01  3.810928e-01  7.234765e-01
   outer loop
     vertex  1.755549e-01  2.702802e-01 -1.137037e-01
     vertex  1.509230e-01  2.690163e-01 -1.326361e-01
     vertex  1.751902e-01  2.690163e-01 -1.133281e-01
   endloop
 endfacet
 facet normal -7.063095e-01  3.810928e-01  5.965695e-01
   outer loop
     vertex  1.755549e-01  2.702802e-01 -1.137037e-01
     vertex  1.751902e-01  2.690163e-01 -1.133281e-01
     vertex  1.952006e-01  2.690163e-01 -8.963676e-02
   endloop
 endfacet
 facet normal -6.816678e-01  6.099272e-01  4.041260e-01
   outer loop
     vertex  1.963179e-01  2.713655e-01 -9.040563e-02
     vertex  1.970269e-01  2.694854e-01 -8.637217e-02
     vertex  1.979493e-01  2.703150e-01 -8.606832e-02
   endloop
 endfacet
 facet normal -8.220866e-01  3.948971e-01  4.101583e-01
   outer loop
     vertex  1.956318e-01  2.702802e-01 -8.993353e-02
     vertex  1.963441e-01  2.684851e-01 -8.677753e-02
     vertex  1.970269e-01  2.694854e-01 -8.637217e-02
   endloop
 endfacet
 facet normal -6.838832e-01  6.078323e-01  4.035390e-01
   outer loop
     vertex  1.956318e-01  2.702802e-01 -8.993353e-02
     vertex  1.970269e-01  2.694854e-01 -8.637217e-02
     vertex  1.963179e-01  2.713655e-01 -9.040563e-02
   endloop
 endfacet
 facet normal -8.328254e-01  3.789314e-01  4.035008e-01
   outer loop
     vertex  1.952006e-01  2.690163e-01 -8.963676e-02
     vertex  1.963441e-01  2.684851e-01 -8.677753e-02
     vertex  1.956318e-01  2.702802e-01 -8.993353e-02
   endloop
 endfacet
 facet normal -9.112745e-01  1.664533e-01  3.766590e-01
   outer loop
     vertex  1.950534e-01  2.676599e-01 -8.953554e-02
     vertex  1.959415e-01  2.673733e-01 -8.726030e-02
     vertex  1.963441e-01  2.684851e-01 -8.677753e-02
   endloop
 endfacet
 facet normal -9.124288e-01  1.279684e-01  3.887129e-01
   outer loop
     vertex  1.950534e-01  2.676599e-01 -8.953554e-02
     vertex  1.963441e-01  2.684851e-01 -8.677753e-02
     vertex  1.952006e-01  2.690163e-01 -8.963676e-02
   endloop
 endfacet
 facet normal -8.414500e-01  4.405663e-01 -3.128311e-01
   outer loop
     vertex  1.943308e-01  2.684885e-01 -8.135709e-02
     vertex  1.963441e-01  2.684851e-01 -8.677753e-02
     vertex  1.959415e-01  2.673733e-01 -8.726030e-02
   endloop
 endfacet
 facet normal -6.231175e-01  7.602056e-01 -1.838804e-01
   outer loop
     vertex  1.943308e-01  2.684885e-01 -8.135709e-02
     vertex  1.979493e-01  2.703150e-01 -8.606832e-02
     vertex  1.970269e-01  2.694854e-01 -8.637217e-02
   endloop
 endfacet
 facet normal -7.386828e-01  6.155064e-01 -2.747720e-01
   outer loop
     vertex  1.943308e-01  2.684885e-01 -8.135709e-02
     vertex  1.970269e-01  2.694854e-01 -8.637217e-02
     vertex  1.963441e-01  2.684851e-01 -8.677753e-02
   endloop
 endfacet
 facet normal  0.000000e+00  0.000000e+00  0.000000e+00
   outer loop
     vertex  1.943308e-01  2.684885e-01 -8.135709e-02
     vertex  1.963441e-01  2.684851e-01 -8.677753e-02
     vertex  1.943308e-01  2.684885e-01 -8.135709e-02
   endloop
 endfacet
 facet normal -1.744224e-01  7.602056e-01  6.258308e-01
   outer loop
     vertex  2.024465e-01  2.684885e-01 -6.671154e-02
     vertex  2.081282e-01  2.694854e-01 -6.633896e-02
     vertex  2.083595e-01  2.703150e-01 -6.728214e-02
   endloop
 endfacet
 facet normal -1.586195e-01  6.155064e-01  7.720050e-01
   outer loop
     vertex  2.024465e-01  2.684885e-01 -6.671154e-02
     vertex  2.081099e-01  2.684851e-01 -6.554513e-02
     vertex  2.081282e-01  2.694854e-01 -6.633896e-02
   endloop
 endfacet
 facet normal -1.808293e-01  4.405663e-01  8.793191e-01
   outer loop
     vertex  2.024465e-01  2.684885e-01 -6.671154e-02
     vertex  2.083058e-01  2.673733e-01 -6.494780e-02
     vertex  2.081099e-01  2.684851e-01 -6.554513e-02
   endloop
 endfacet
 facet normal  0.000000e+00  0.000000e+00  0.000000e+00
   outer loop
     vertex  2.024465e-01  2.684885e-01 -6.671154e-02
     vertex  2.081282e-01  2.694854e-01 -6.633896e-02
     vertex  2.024465e-01  2.684885e-01 -6.671154e-02
   endloop
 endfacet
 facet normal -7.047168e-01  6.078323e-01  3.659428e-01
   outer loop
     vertex  2.081282e-01  2.694854e-01 -6.633896e-02
     vertex  2.104083e-01  2.702802e-01 -6.326805e-02
     vertex  2.111723e-01  2.713655e-01 -6.359951e-02
   endloop
 endfacet
 facet normal -7.040401e-01  6.099272e-01  3.637531e-01
   outer loop
     vertex  2.081282e-01  2.694854e-01 -6.633896e-02
     vertex  2.111723e-01  2.713655e-01 -6.359951e-02
     vertex  2.083595e-01  2.703150e-01 -6.728214e-02
   endloop
 endfacet
 facet normal -7.836440e-01  3.789314e-01  4.922530e-01
   outer loop
     vertex  2.081099e-01  2.684851e-01 -6.554513e-02
     vertex  2.099280e-01  2.690163e-01 -6.305968e-02
     vertex  2.104083e-01  2.702802e-01 -6.326805e-02
   endloop
 endfacet
 facet normal -8.133058e-01  1.279684e-01  5.675894e-01
   outer loop
     vertex  2.081099e-01  2.684851e-01 -6.554513e-02
     vertex  2.097642e-01  2.676599e-01 -6.298861e-02
     vertex  2.099280e-01  2.690163e-01 -6.305968e-02
   endloop
 endfacet
 facet normal -7.835961e-01  3.948971e-01  4.796181e-01
   outer loop
     vertex  2.081099e-01  2.684851e-01 -6.554513e-02
     vertex  2.104083e-01  2.702802e-01 -6.326805e-02
     vertex  2.081282e-01  2.694854e-01 -6.633896e-02
   endloop
 endfacet
 facet normal -8.024732e-01  1.664533e-01  5.730009e-01
   outer loop
     vertex  2.083058e-01  2.673733e-01 -6.494780e-02
     vertex  2.097642e-01  2.676599e-01 -6.298861e-02
     vertex  2.081099e-01  2.684851e-01 -6.554513e-02
   endloop
 endfacet
 facet normal -9.880283e-01  1.299020e-01 -8.322047e-02
   outer loop
     vertex  2.203118e-01  2.690163e-01  2.818115e-02
     vertex  2.227361e-01  2.676599e-01 -2.718035e-03
     vertex  2.201362e-01  2.676599e-01  2.814871e-02
   endloop
 endfacet
 facet normal -7.919795e-01  6.068925e-01 -6.670751e-02
   outer loop
     vertex  2.216456e-01  2.713655e-01  2.842758e-02
     vertex  2.242708e-01  2.713655e-01 -2.740512e-03
     vertex  2.208266e-01  2.702802e-01  2.827627e-02
   endloop
 endfacet
 facet normal -9.440621e-01  1.299020e-01  3.031044e-01
   outer loop
     vertex  2.194080e-01  2.690163e-01 -3.353298e-02
     vertex  2.099280e-01  2.690163e-01 -6.305968e-02
     vertex  2.097642e-01  2.676599e-01 -6.298861e-02
   endloop
 endfacet
 facet normal -9.440621e-01  1.299020e-01  3.031044e-01
   outer loop
     vertex  2.194080e-01  2.690163e-01 -3.353298e-02
     vertex  2.097642e-01  2.676599e-01 -6.298861e-02
     vertex  2.192334e-01  2.676599e-01 -3.349540e-02
   endloop
 endfacet
 facet normal -7.567373e-01  6.068925e-01  2.429612e-01
   outer loop
     vertex  2.199198e-01  2.702802e-01 -3.364313e-02
     vertex  2.111723e-01  2.713655e-01 -6.359951e-02
     vertex  2.104083e-01  2.702802e-01 -6.326805e-02
   endloop
 endfacet
 facet normal -8.802788e-01  3.810928e-01  2.826259e-01
   outer loop
     vertex  2.199198e-01  2.702802e-01 -3.364313e-02
     vertex  2.104083e-01  2.702802e-01 -6.326805e-02
     vertex  2.099280e-01  2.690163e-01 -6.305968e-02
   endloop
 endfacet
 facet normal -7.567373e-01  6.068925e-01  2.429612e-01
   outer loop
     vertex  2.199198e-01  2.702802e-01 -3.364313e-02
     vertex  2.207340e-01  2.713655e-01 -3.381836e-02
     vertex  2.111723e-01  2.713655e-01 -6.359951e-02
   endloop
 endfacet
 facet normal -8.802788e-01  3.810928e-01  2.826259e-01
   outer loop
     vertex  2.199198e-01  2.702802e-01 -3.364313e-02
     vertex  2.099280e-01  2.690163e-01 -6.305968e-02
     vertex  2.194080e-01  2.690163e-01 -3.353298e-02
   endloop
 endfacet
 facet normal -9.851675e-01  1.299020e-01  1.121182e-01
   outer loop
     vertex  2.229146e-01  2.690163e-01 -2.720650e-03
     vertex  2.192334e-01  2.676599e-01 -3.349540e-02
     vertex  2.227361e-01  2.676599e-01 -2.718035e-03
   endloop
 endfacet
 facet normal -9.851675e-01  1.299020e-01  1.121182e-01
   outer loop
     vertex  2.229146e-01  2.690163e-01 -2.720650e-03
     vertex  2.194080e-01  2.690163e-01 -3.353298e-02
     vertex  2.192334e-01  2.676599e-01 -3.349540e-02
   endloop
 endfacet
 facet normal -9.880283e-01  1.299020e-01 -8.322047e-02
   outer loop
     vertex  2.229146e-01  2.690163e-01 -2.720650e-03
     vertex  2.227361e-01  2.676599e-01 -2.718035e-03
     vertex  2.203118e-01  2.690163e-01  2.818115e-02
   endloop
 endfacet
 facet normal -9.212746e-01  3.810928e-01 -7.759789e-02
   outer loop
     vertex  2.234381e-01  2.702802e-01 -2.728316e-03
     vertex  2.203118e-01  2.690163e-01  2.818115e-02
     vertex  2.208266e-01  2.702802e-01  2.827627e-02
   endloop
 endfacet
 facet normal -7.896864e-01  6.068925e-01  8.987124e-02
   outer loop
     vertex  2.234381e-01  2.702802e-01 -2.728316e-03
     vertex  2.242708e-01  2.713655e-01 -2.740512e-03
     vertex  2.207340e-01  2.713655e-01 -3.381836e-02
   endloop
 endfacet
 facet normal -7.896864e-01  6.068925e-01  8.987124e-02
   outer loop
     vertex  2.234381e-01  2.702802e-01 -2.728316e-03
     vertex  2.207340e-01  2.713655e-01 -3.381836e-02
     vertex  2.199198e-01  2.702802e-01 -3.364313e-02
   endloop
 endfacet
 facet normal -9.186071e-01  3.810928e-01  1.045432e-01
   outer loop
     vertex  2.234381e-01  2.702802e-01 -2.728316e-03
     vertex  2.199198e-01  2.702802e-01 -3.364313e-02
     vertex  2.194080e-01  2.690163e-01 -3.353298e-02
   endloop
 endfacet
 facet normal -9.212746e-01  3.810928e-01 -7.759789e-02
   outer loop
     vertex  2.234381e-01  2.702802e-01 -2.728316e-03
     vertex  2.229146e-01  2.690163e-01 -2.720650e-03
     vertex  2.203118e-01  2.690163e-01  2.818115e-02
   endloop
 endfacet
 facet normal -9.186071e-01  3.810928e-01  1.045432e-01
   outer loop
     vertex  2.234381e-01  2.702802e-01 -2.728316e-03
     vertex  2.194080e-01  2.690163e-01 -3.353298e-02
     vertex  2.229146e-01  2.690163e-01 -2.720650e-03
   endloop
 endfacet
 facet normal -7.919795e-01  6.068925e-01 -6.670751e-02
   outer loop
     vertex  2.234381e-01  2.702802e-01 -2.728316e-03
     vertex  2.208266e-01  2.702802e-01  2.827627e-02
     vertex  2.242708e-01  2.713655e-01 -2.740512e-03
   endloop
 endfacet
 facet normal -7.677722e-01  6.099272e-01 -1.962517e-01
   outer loop
     vertex  2.216456e-01  2.713655e-01  2.842758e-02
     vertex  2.192948e-01  2.694854e-01  3.178100e-02
     vertex  2.197322e-01  2.703150e-01  3.264808e-02
   endloop
 endfacet
 facet normal -8.713288e-01  3.948971e-01 -2.912773e-01
   outer loop
     vertex  2.208266e-01  2.702802e-01  2.827627e-02
     vertex  2.190987e-01  2.684851e-01  3.101158e-02
     vertex  2.192948e-01  2.694854e-01  3.178100e-02
   endloop
 endfacet
 facet normal -7.689236e-01  6.078323e-01 -1.982333e-01
   outer loop
     vertex  2.208266e-01  2.702802e-01  2.827627e-02
     vertex  2.192948e-01  2.694854e-01  3.178100e-02
     vertex  2.216456e-01  2.713655e-01  2.842758e-02
   endloop
 endfacet
 facet normal -8.742146e-01  3.789314e-01 -3.035784e-01
   outer loop
     vertex  2.203118e-01  2.690163e-01  2.818115e-02
     vertex  2.190987e-01  2.684851e-01  3.101158e-02
     vertex  2.208266e-01  2.702802e-01  2.827627e-02
   endloop
 endfacet
 facet normal -9.107065e-01  1.664533e-01 -3.780303e-01
   outer loop
     vertex  2.201362e-01  2.676599e-01  2.814871e-02
     vertex  2.191553e-01  2.673733e-01  3.038550e-02
     vertex  2.190987e-01  2.684851e-01  3.101158e-02
   endloop
 endfacet
 facet normal -9.200461e-01  1.279684e-01 -3.703231e-01
   outer loop
     vertex  2.201362e-01  2.676599e-01  2.814871e-02
     vertex  2.190987e-01  2.684851e-01  3.101158e-02
     vertex  2.203118e-01  2.690163e-01  2.818115e-02
   endloop
 endfacet
 facet normal -3.737900e-01  4.405663e-01 -8.162000e-01
   outer loop
     vertex  2.138422e-01  2.684885e-01  3.342074e-02
     vertex  2.190987e-01  2.684851e-01  3.101158e-02
     vertex  2.191553e-01  2.673733e-01  3.038550e-02
   endloop
 endfacet
 facet normal -3.105875e-01  7.602056e-01 -5.706336e-01
   outer loop
     vertex  2.138422e-01  2.684885e-01  3.342074e-02
     vertex  2.197322e-01  2.703150e-01  3.264808e-02
     vertex  2.192948e-01  2.694854e-01  3.178100e-02
   endloop
 endfacet
 facet normal -3.280344e-01  6.155064e-01 -7.166207e-01
   outer loop
     vertex  2.138422e-01  2.684885e-01  3.342074e-02
     vertex  2.192948e-01  2.694854e-01  3.178100e-02
     vertex  2.190987e-01  2.684851e-01  3.101158e-02
   endloop
 endfacet
 facet normal  0.000000e+00  0.000000e+00  0.000000e+00
   outer loop
     vertex  2.138422e-01  2.684885e-01  3.342074e-02
     vertex  2.190987e-01  2.684851e-01  3.101158e-02
     vertex  2.138422e-01  2.684885e-01  3.342074e-02
   endloop
 endfacet
 facet normal -5.658645e-01  7.602056e-01  3.191939e-01
   outer loop
     vertex  2.092249e-01  2.684885e-01  4.951539e-02
     vertex  2.129790e-01  2.694854e-01  5.379639e-02
     vertex  2.138095e-01  2.703150e-01  5.329305e-02
   endloop
 endfacet
 facet normal -6.580509e-01  6.155064e-01  4.337290e-01
   outer loop
     vertex  2.092249e-01  2.684885e-01  4.951539e-02
     vertex  2.124047e-01  2.684851e-01  5.434480e-02
     vertex  2.129790e-01  2.694854e-01  5.379639e-02
   endloop
 endfacet
 facet normal -7.496381e-01  4.405663e-01  4.939069e-01
   outer loop
     vertex  2.092249e-01  2.684885e-01  4.951539e-02
     vertex  2.121209e-01  2.673733e-01  5.490570e-02
     vertex  2.124047e-01  2.684851e-01  5.434480e-02
   endloop
 endfacet
 facet normal  0.000000e+00  0.000000e+00  0.000000e+00
   outer loop
     vertex  2.092249e-01  2.684885e-01  4.951539e-02
     vertex  2.129790e-01  2.694854e-01  5.379639e-02
     vertex  2.092249e-01  2.684885e-01  4.951539e-02
   endloop
 endfacet
 facet normal -7.570706e-01  6.078323e-01 -2.395494e-01
   outer loop
     vertex  2.129790e-01  2.694854e-01  5.379639e-02
     vertex  2.124198e-01  2.702802e-01  5.758016e-02
     vertex  2.131944e-01  2.713655e-01  5.788601e-02
   endloop
 endfacet
 facet normal -7.550439e-01  6.099272e-01 -2.406192e-01
   outer loop
     vertex  2.129790e-01  2.694854e-01  5.379639e-02
     vertex  2.131944e-01  2.713655e-01  5.788601e-02
     vertex  2.138095e-01  2.703150e-01  5.329305e-02
   endloop
 endfacet
 facet normal -9.021955e-01  3.789314e-01 -2.060446e-01
   outer loop
     vertex  2.124047e-01  2.684851e-01  5.434480e-02
     vertex  2.119329e-01  2.690163e-01  5.738789e-02
     vertex  2.124198e-01  2.702802e-01  5.758016e-02
   endloop
 endfacet
 facet normal -9.764404e-01  1.279684e-01 -1.737478e-01
   outer loop
     vertex  2.124047e-01  2.684851e-01  5.434480e-02
     vertex  2.117668e-01  2.676599e-01  5.732231e-02
     vertex  2.119329e-01  2.690163e-01  5.738789e-02
   endloop
 endfacet
 facet normal -8.932273e-01  3.948971e-01 -2.149449e-01
   outer loop
     vertex  2.124047e-01  2.684851e-01  5.434480e-02
     vertex  2.124198e-01  2.702802e-01  5.758016e-02
     vertex  2.129790e-01  2.694854e-01  5.379639e-02
   endloop
 endfacet
 facet normal -9.726071e-01  1.664533e-01 -1.622615e-01
   outer loop
     vertex  2.121209e-01  2.673733e-01  5.490570e-02
     vertex  2.117668e-01  2.676599e-01  5.732231e-02
     vertex  2.124047e-01  2.684851e-01  5.434480e-02
   endloop
 endfacet
 facet normal -6.397957e-01  1.299020e-01 -7.574872e-01
   outer loop
     vertex  1.547583e-01  2.690163e-01  1.292473e-01
     vertex  1.783215e-01  2.676599e-01  1.091125e-01
     vertex  1.546571e-01  2.676599e-01  1.291002e-01
   endloop
 endfacet
 facet normal -5.128447e-01  6.068925e-01 -6.071834e-01
   outer loop
     vertex  1.555272e-01  2.713655e-01  1.303647e-01
     vertex  1.794227e-01  2.713655e-01  1.101819e-01
     vertex  1.550551e-01  2.702802e-01  1.296786e-01
   endloop
 endfacet
 facet normal -8.818799e-01  1.299020e-01 -4.532255e-01
   outer loop
     vertex  1.977577e-01  2.690163e-01  8.496977e-02
     vertex  2.119329e-01  2.690163e-01  5.738789e-02
     vertex  2.117668e-01  2.676599e-01  5.732231e-02
   endloop
 endfacet
 facet normal -8.818799e-01  1.299020e-01 -4.532255e-01
   outer loop
     vertex  1.977577e-01  2.690163e-01  8.496977e-02
     vertex  2.117668e-01  2.676599e-01  5.732231e-02
     vertex  1.976077e-01  2.676599e-01  8.487290e-02
   endloop
 endfacet
 facet normal -7.068935e-01  6.068925e-01 -3.632946e-01
   outer loop
     vertex  1.981975e-01  2.702802e-01  8.525378e-02
     vertex  2.131944e-01  2.713655e-01  5.788601e-02
     vertex  2.124198e-01  2.702802e-01  5.758016e-02
   endloop
 endfacet
 facet normal -8.222978e-01  3.810928e-01 -4.226044e-01
   outer loop
     vertex  1.981975e-01  2.702802e-01  8.525378e-02
     vertex  2.124198e-01  2.702802e-01  5.758016e-02
     vertex  2.119329e-01  2.690163e-01  5.738789e-02
   endloop
 endfacet
 facet normal -7.068935e-01  6.068925e-01 -3.632946e-01
   outer loop
     vertex  1.981975e-01  2.702802e-01  8.525378e-02
     vertex  1.988971e-01  2.713655e-01  8.570558e-02
     vertex  2.131944e-01  2.713655e-01  5.788601e-02
   endloop
 endfacet
 facet normal -8.222978e-01  3.810928e-01 -4.226044e-01
   outer loop
     vertex  1.981975e-01  2.702802e-01  8.525378e-02
     vertex  2.119329e-01  2.690163e-01  5.738789e-02
     vertex  1.977577e-01  2.690163e-01  8.496977e-02
   endloop
 endfacet
 facet normal -7.758982e-01  1.299020e-01 -6.173391e-01
   outer loop
     vertex  1.784497e-01  2.690163e-01  1.092369e-01
     vertex  1.976077e-01  2.676599e-01  8.487290e-02
     vertex  1.783215e-01  2.676599e-01  1.091125e-01
   endloop
 endfacet
 facet normal -7.758982e-01  1.299020e-01 -6.173391e-01
   outer loop
     vertex  1.784497e-01  2.690163e-01  1.092369e-01
     vertex  1.977577e-01  2.690163e-01  8.496977e-02
     vertex  1.976077e-01  2.676599e-01  8.487290e-02
   endloop
 endfacet
 facet normal -6.397957e-01  1.299020e-01 -7.574872e-01
   outer loop
     vertex  1.784497e-01  2.690163e-01  1.092369e-01
     vertex  1.783215e-01  2.676599e-01  1.091125e-01
     vertex  1.547583e-01  2.690163e-01  1.292473e-01
   endloop
 endfacet
 facet normal -5.965695e-01  3.810928e-01 -7.063095e-01
   outer loop
     vertex  1.788252e-01  2.702802e-01  1.096017e-01
     vertex  1.547583e-01  2.690163e-01  1.292473e-01
     vertex  1.550551e-01  2.702802e-01  1.296786e-01
   endloop
 endfacet
 facet normal -6.219412e-01  6.068925e-01 -4.948440e-01
   outer loop
     vertex  1.788252e-01  2.702802e-01  1.096017e-01
     vertex  1.794227e-01  2.713655e-01  1.101819e-01
     vertex  1.988971e-01  2.713655e-01  8.570558e-02
   endloop
 endfacet
 facet normal -6.219412e-01  6.068925e-01 -4.948440e-01
   outer loop
     vertex  1.788252e-01  2.702802e-01  1.096017e-01
     vertex  1.988971e-01  2.713655e-01  8.570558e-02
     vertex  1.981975e-01  2.702802e-01  8.525378e-02
   endloop
 endfacet
 facet normal -7.234765e-01  3.810928e-01 -5.756301e-01
   outer loop
     vertex  1.788252e-01  2.702802e-01  1.096017e-01
     vertex  1.981975e-01  2.702802e-01  8.525378e-02
     vertex  1.977577e-01  2.690163e-01  8.496977e-02
   endloop
 endfacet
 facet normal -5.965695e-01  3.810928e-01 -7.063095e-01
   outer loop
     vertex  1.788252e-01  2.702802e-01  1.096017e-01
     vertex  1.784497e-01  2.690163e-01  1.092369e-01
     vertex  1.547583e-01  2.690163e-01  1.292473e-01
   endloop
 endfacet
 facet normal -7.234765e-01  3.810928e-01 -5.756301e-01
   outer loop
     vertex  1.788252e-01  2.702802e-01  1.096017e-01
     vertex  1.977577e-01  2.690163e-01  8.496977e-02
     vertex  1.784497e-01  2.690163e-01  1.092369e-01
   endloop
 endfacet
 facet normal -5.128447e-01  6.068925e-01 -6.071834e-01
   outer loop
     vertex  1.788252e-01  2.702802e-01  1.096017e-01
     vertex  1.550551e-01  2.702802e-01  1.296786e-01
     vertex  1.794227e-01  2.713655e-01  1.101819e-01
   endloop
 endfacet
 facet normal -4.041260e-01  6.099272e-01 -6.816678e-01
   outer loop
     vertex  1.555272e-01  2.713655e-01  1.303647e-01
     vertex  1.514937e-01  2.694854e-01  1.310737e-01
     vertex  1.511899e-01  2.703150e-01  1.319961e-01
   endloop
 endfacet
 facet normal -4.101583e-01  3.948971e-01 -8.220866e-01
   outer loop
     vertex  1.550551e-01  2.702802e-01  1.296786e-01
     vertex  1.518991e-01  2.684851e-01  1.303909e-01
     vertex  1.514937e-01  2.694854e-01  1.310737e-01
   endloop
 endfacet
 facet normal -4.035390e-01  6.078323e-01 -6.838832e-01
   outer loop
     vertex  1.550551e-01  2.702802e-01  1.296786e-01
     vertex  1.514937e-01  2.694854e-01  1.310737e-01
     vertex  1.555272e-01  2.713655e-01  1.303647e-01
   endloop
 endfacet
 facet normal -4.035008e-01  3.789314e-01 -8.328254e-01
   outer loop
     vertex  1.547583e-01  2.690163e-01  1.292473e-01
     vertex  1.518991e-01  2.684851e-01  1.303909e-01
     vertex  1.550551e-01  2.702802e-01  1.296786e-01
   endloop
 endfacet
 facet normal -3.766590e-01  1.664533e-01 -9.112745e-01
   outer loop
     vertex  1.546571e-01  2.676599e-01  1.291002e-01
     vertex  1.523818e-01  2.673733e-01  1.299883e-01
     vertex  1.518991e-01  2.684851e-01  1.303909e-01
   endloop
 endfacet
 facet normal -3.887129e-01  1.279684e-01 -9.124288e-01
   outer loop
     vertex  1.546571e-01  2.676599e-01  1.291002e-01
     vertex  1.518991e-01  2.684851e-01  1.303909e-01
     vertex  1.547583e-01  2.690163e-01  1.292473e-01
   endloop
 endfacet
 facet normal  3.128311e-01  4.405663e-01 -8.414500e-01
   outer loop
     vertex  1.464786e-01  2.684885e-01  1.283776e-01
     vertex  1.518991e-01  2.684851e-01  1.303909e-01
     vertex  1.523818e-01  2.673733e-01  1.299883e-01
   endloop
 endfacet
 facet normal  1.838804e-01  7.602056e-01 -6.231175e-01
   outer loop
     vertex  1.464786e-01  2.684885e-01  1.283776e-01
     vertex  1.511899e-01  2.703150e-01  1.319961e-01
     vertex  1.514937e-01  2.694854e-01  1.310737e-01
   endloop
 endfacet
 facet normal  2.747720e-01  6.155064e-01 -7.386828e-01
   outer loop
     vertex  1.464786e-01  2.684885e-01  1.283776e-01
     vertex  1.514937e-01  2.694854e-01  1.310737e-01
     vertex  1.518991e-01  2.684851e-01  1.303909e-01
   endloop
 endfacet
 facet normal  0.000000e+00  0.000000e+00  0.000000e+00
   outer loop
     vertex  1.464786e-01  2.684885e-01  1.283776e-01
     vertex  1.518991e-01  2.684851e-01  1.303909e-01
     vertex  1.464786e-01  2.684885e-01  1.283776e-01
   endloop
 endfacet
 facet normal -6.258308e-01  7.602056e-01 -1.744224e-01
   outer loop
     vertex  1.318331e-01  2.684885e-01  1.364933e-01
     vertex  1.314605e-01  2.694854e-01  1.421750e-01
     vertex  1.324037e-01  2.703150e-01  1.424063e-01
   endloop
 endfacet
 facet normal -7.720050e-01  6.155064e-01 -1.586195e-01
   outer loop
     vertex  1.318331e-01  2.684885e-01  1.364933e-01
     vertex  1.306667e-01  2.684851e-01  1.421567e-01
     vertex  1.314605e-01  2.694854e-01  1.421750e-01
   endloop
 endfacet
 facet normal -8.793191e-01  4.405663e-01 -1.808293e-01
   outer loop
     vertex  1.318331e-01  2.684885e-01  1.364933e-01
     vertex  1.300693e-01  2.673733e-01  1.423526e-01
     vertex  1.306667e-01  2.684851e-01  1.421567e-01
   endloop
 endfacet
 facet normal  0.000000e+00  0.000000e+00  0.000000e+00
   outer loop
     vertex  1.318331e-01  2.684885e-01  1.364933e-01
     vertex  1.314605e-01  2.694854e-01  1.421750e-01
     vertex  1.318331e-01  2.684885e-01  1.364933e-01
   endloop
 endfacet
 facet normal -3.659428e-01  6.078323e-01 -7.047168e-01
   outer loop
     vertex  1.314605e-01  2.694854e-01  1.421750e-01
     vertex  1.283896e-01  2.702802e-01  1.444551e-01
     vertex  1.287211e-01  2.713655e-01  1.452191e-01
   endloop
 endfacet
 facet normal -3.637531e-01  6.099272e-01 -7.040401e-01
   outer loop
     vertex  1.314605e-01  2.694854e-01  1.421750e-01
     vertex  1.287211e-01  2.713655e-01  1.452191e-01
     vertex  1.324037e-01  2.703150e-01  1.424063e-01
   endloop
 endfacet
 facet normal -4.922530e-01  3.789314e-01 -7.836440e-01
   outer loop
     vertex  1.306667e-01  2.684851e-01  1.421567e-01
     vertex  1.281812e-01  2.690163e-01  1.439748e-01
     vertex  1.283896e-01  2.702802e-01  1.444551e-01
   endloop
 endfacet
 facet normal -5.675894e-01  1.279684e-01 -8.133058e-01
   outer loop
     vertex  1.306667e-01  2.684851e-01  1.421567e-01
     vertex  1.281101e-01  2.676599e-01  1.438110e-01
     vertex  1.281812e-01  2.690163e-01  1.439748e-01
   endloop
 endfacet
 facet normal -4.796181e-01  3.948971e-01 -7.835961e-01
   outer loop
     vertex  1.306667e-01  2.684851e-01  1.421567e-01
     vertex  1.283896e-01  2.702802e-01  1.444551e-01
     vertex  1.314605e-01  2.694854e-01  1.421750e-01
   endloop
 endfacet
 facet normal -5.730009e-01  1.664533e-01 -8.024732e-01
   outer loop
     vertex  1.300693e-01  2.673733e-01  1.423526e-01
     vertex  1.281101e-01  2.676599e-01  1.438110e-01
     vertex  1.306667e-01  2.684851e-01  1.421567e-01
   endloop
 endfacet
 facet normal  1.318379e-01  1.303701e-01 -9.826609e-01
   outer loop
     vertex  3.694039e-02  2.690163e-01  1.543586e-01
     vertex  5.234202e-02  2.676599e-01  1.562450e-01
     vertex  3.697283e-02  2.676599e-01  1.541830e-01
   endloop
 endfacet
 facet normal  1.055420e-01  6.082949e-01 -7.866627e-01
   outer loop
     vertex  3.669396e-02  2.713655e-01  1.556924e-01
     vertex  5.221319e-02  2.713655e-01  1.577745e-01
     vertex  3.684527e-02  2.702802e-01  1.548734e-01
   endloop
 endfacet
 facet normal -6.339207e-02  1.303701e-01 -9.894368e-01
   outer loop
     vertex  6.784219e-02  2.690163e-01  1.569614e-01
     vertex  8.333493e-02  2.690163e-01  1.559688e-01
     vertex  8.331474e-02  2.676599e-01  1.557914e-01
   endloop
 endfacet
 facet normal -6.339207e-02  1.303701e-01 -9.894368e-01
   outer loop
     vertex  6.784219e-02  2.690163e-01  1.569614e-01
     vertex  8.331474e-02  2.676599e-01  1.557914e-01
     vertex  6.783958e-02  2.676599e-01  1.567829e-01
   endloop
 endfacet
 facet normal -5.908130e-02  3.822859e-01 -9.221534e-01
   outer loop
     vertex  6.784986e-02  2.702802e-01  1.574849e-01
     vertex  8.339413e-02  2.702802e-01  1.564890e-01
     vertex  8.333493e-02  2.690163e-01  1.559688e-01
   endloop
 endfacet
 facet normal -5.074811e-02  6.082949e-01 -7.920871e-01
   outer loop
     vertex  6.784986e-02  2.702802e-01  1.574849e-01
     vertex  8.348830e-02  2.713655e-01  1.573165e-01
     vertex  8.339413e-02  2.702802e-01  1.564890e-01
   endloop
 endfacet
 facet normal -5.074811e-02  6.082949e-01 -7.920871e-01
   outer loop
     vertex  6.784986e-02  2.702802e-01  1.574849e-01
     vertex  6.786205e-02  2.713655e-01  1.583176e-01
     vertex  8.348830e-02  2.713655e-01  1.573165e-01
   endloop
 endfacet
 facet normal -5.908130e-02  3.822859e-01 -9.221534e-01
   outer loop
     vertex  6.784986e-02  2.702802e-01  1.574849e-01
     vertex  8.333493e-02  2.690163e-01  1.559688e-01
     vertex  6.784219e-02  2.690163e-01  1.569614e-01
   endloop
 endfacet
 facet normal  3.439021e-02  1.303701e-01 -9.908688e-01
   outer loop
     vertex  5.232703e-02  2.690163e-01  1.564229e-01
     vertex  6.783958e-02  2.676599e-01  1.567829e-01
     vertex  5.234202e-02  2.676599e-01  1.562450e-01
   endloop
 endfacet
 facet normal  3.439021e-02  1.303701e-01 -9.908688e-01
   outer loop
     vertex  5.232703e-02  2.690163e-01  1.564229e-01
     vertex  6.784219e-02  2.690163e-01  1.569614e-01
     vertex  6.783958e-02  2.676599e-01  1.567829e-01
   endloop
 endfacet
 facet normal  1.318379e-01  1.303701e-01 -9.826609e-01
   outer loop
     vertex  5.232703e-02  2.690163e-01  1.564229e-01
     vertex  5.234202e-02  2.676599e-01  1.562450e-01
     vertex  3.694039e-02  2.690163e-01  1.543586e-01
   endloop
 endfacet
 facet normal  1.228727e-01  3.822859e-01 -9.158383e-01
   outer loop
     vertex  5.228309e-02  2.702802e-01  1.569446e-01
     vertex  3.694039e-02  2.690163e-01  1.543586e-01
     vertex  3.684527e-02  2.702802e-01  1.548734e-01
   endloop
 endfacet
 facet normal  2.753085e-02  6.082949e-01 -7.932335e-01
   outer loop
     vertex  5.228309e-02  2.702802e-01  1.569446e-01
     vertex  5.221319e-02  2.713655e-01  1.577745e-01
     vertex  6.786205e-02  2.713655e-01  1.583176e-01
   endloop
 endfacet
 facet normal  2.753085e-02  6.082949e-01 -7.932335e-01
   outer loop
     vertex  5.228309e-02  2.702802e-01  1.569446e-01
     vertex  6.786205e-02  2.713655e-01  1.583176e-01
     vertex  6.784986e-02  2.702802e-01  1.574849e-01
   endloop
 endfacet
 facet normal  3.205161e-02  3.822859e-01 -9.234881e-01
   outer loop
     vertex  5.228309e-02  2.702802e-01  1.569446e-01
     vertex  6.784986e-02  2.702802e-01  1.574849e-01
     vertex  6.784219e-02  2.690163e-01  1.569614e-01
   endloop
 endfacet
 facet normal  1.228727e-01  3.822859e-01 -9.158383e-01
   outer loop
     vertex  5.228309e-02  2.702802e-01  1.569446e-01
     vertex  5.232703e-02  2.690163e-01  1.564229e-01
     vertex  3.694039e-02  2.690163e-01  1.543586e-01
   endloop
 endfacet
 facet normal  3.205161e-02  3.822859e-01 -9.234881e-01
   outer loop
     vertex  5.228309e-02  2.702802e-01  1.569446e-01
     vertex  6.784219e-02  2.690163e-01  1.569614e-01
     vertex  5.232703e-02  2.690163e-01  1.564229e-01
   endloop
 endfacet
 facet normal  1.055420e-01  6.082949e-01 -7.866627e-01
   outer loop
     vertex  5.228309e-02  2.702802e-01  1.569446e-01
     vertex  3.684527e-02  2.702802e-01  1.548734e-01
     vertex  5.221319e-02  2.713655e-01  1.577745e-01
   endloop
 endfacet
 facet normal  1.962517e-01  6.099272e-01 -7.677722e-01
   outer loop
     vertex  3.669396e-02  2.713655e-01  1.556924e-01
     vertex  3.334054e-02  2.694854e-01  1.533416e-01
     vertex  3.247346e-02  2.703150e-01  1.537790e-01
   endloop
 endfacet
 facet normal  2.912773e-01  3.948971e-01 -8.713288e-01
   outer loop
     vertex  3.684527e-02  2.702802e-01  1.548734e-01
     vertex  3.410996e-02  2.684851e-01  1.531454e-01
     vertex  3.334054e-02  2.694854e-01  1.533416e-01
   endloop
 endfacet
 facet normal  1.982333e-01  6.078323e-01 -7.689236e-01
   outer loop
     vertex  3.684527e-02  2.702802e-01  1.548734e-01
     vertex  3.334054e-02  2.694854e-01  1.533416e-01
     vertex  3.669396e-02  2.713655e-01  1.556924e-01
   endloop
 endfacet
 facet normal  3.035784e-01  3.789314e-01 -8.742146e-01
   outer loop
     vertex  3.694039e-02  2.690163e-01  1.543586e-01
     vertex  3.410996e-02  2.684851e-01  1.531454e-01
     vertex  3.684527e-02  2.702802e-01  1.548734e-01
   endloop
 endfacet
 facet normal  3.780303e-01  1.664533e-01 -9.107065e-01
   outer loop
     vertex  3.697283e-02  2.676599e-01  1.541830e-01
     vertex  3.473604e-02  2.673733e-01  1.532021e-01
     vertex  3.410996e-02  2.684851e-01  1.531454e-01
   endloop
 endfacet
 facet normal  3.703231e-01  1.279684e-01 -9.200461e-01
   outer loop
     vertex  3.697283e-02  2.676599e-01  1.541830e-01
     vertex  3.410996e-02  2.684851e-01  1.531454e-01
     vertex  3.694039e-02  2.690163e-01  1.543586e-01
   endloop
 endfacet
 facet normal  8.162000e-01  4.405663e-01 -3.737900e-01
   outer loop
     vertex  3.170080e-02  2.684885e-01  1.478890e-01
     vertex  3.410996e-02  2.684851e-01  1.531454e-01
     vertex  3.473604e-02  2.673733e-01  1.532021e-01
   endloop
 endfacet
 facet normal  5.706336e-01  7.602056e-01 -3.105875e-01
   outer loop
     vertex  3.170080e-02  2.684885e-01  1.478890e-01
     vertex  3.247346e-02  2.703150e-01  1.537790e-01
     vertex  3.334054e-02  2.694854e-01  1.533416e-01
   endloop
 endfacet
 facet normal  7.166207e-01  6.155064e-01 -3.280344e-01
   outer loop
     vertex  3.170080e-02  2.684885e-01  1.478890e-01
     vertex  3.334054e-02  2.694854e-01  1.533416e-01
     vertex  3.410996e-02  2.684851e-01  1.531454e-01
   endloop
 endfacet
 facet normal  0.000000e+00  0.000000e+00  0.000000e+00
   outer loop
     vertex  3.170080e-02  2.684885e-01  1.478890e-01
     vertex  3.410996e-02  2.684851e-01  1.531454e-01
     vertex  3.170080e-02  2.684885e-01  1.478890e-01
   endloop
 endfacet
 facet normal  2.434919e-01  6.013200e-01  7.610032e-01
   outer loop
     vertex -2.302472e-02  2.955836e-01 -1.602342e-01
     vertex  4.497069e-02  2.944983e-01 -1.811325e-01
     vertex  4.487652e-02  2.955836e-01 -1.819600e-01
   endloop
 endfacet
 facet normal  2.434919e-01  6.013200e-01  7.610032e-01
   outer loop
     vertex -2.302472e-02  2.955836e-01 -1.602342e-01
     vertex -2.262105e-02  2.944983e-01 -1.595058e-01
     vertex  4.497069e-02  2.944983e-01 -1.811325e-01
   endloop
 endfacet
 facet normal  3.022336e-01  1.280597e-01  9.445928e-01
   outer loop
     vertex -2.327847e-02  2.968476e-01 -1.606921e-01
     vertex  4.479713e-02  2.982039e-01 -1.826576e-01
     vertex -2.336502e-02  2.982039e-01 -1.608483e-01
   endloop
 endfacet
 facet normal  2.823334e-01  3.763807e-01  8.823975e-01
   outer loop
     vertex -2.327847e-02  2.968476e-01 -1.606921e-01
     vertex  4.487652e-02  2.955836e-01 -1.819600e-01
     vertex  4.481732e-02  2.968476e-01 -1.824802e-01
   endloop
 endfacet
 facet normal  3.022336e-01  1.280597e-01  9.445928e-01
   outer loop
     vertex -2.327847e-02  2.968476e-01 -1.606921e-01
     vertex  4.481732e-02  2.968476e-01 -1.824802e-01
     vertex  4.479713e-02  2.982039e-01 -1.826576e-01
   endloop
 endfacet
 facet normal  2.823334e-01  3.763807e-01  8.823975e-01
   outer loop
     vertex -2.327847e-02  2.968476e-01 -1.606921e-01
     vertex -2.302472e-02  2.955836e-01 -1.602342e-01
     vertex  4.487652e-02  2.955836e-01 -1.819600e-01
   endloop
 endfacet
 facet normal  5.161805e-01  6.013200e-01  6.098950e-01
   outer loop
     vertex -7.744318e-02  2.955836e-01 -1.141775e-01
     vertex -7.679147e-02  2.944983e-01 -1.136590e-01
     vertex -2.262105e-02  2.944983e-01 -1.595058e-01
   endloop
 endfacet
 facet normal  5.161805e-01  6.013200e-01  6.098950e-01
   outer loop
     vertex -7.744318e-02  2.955836e-01 -1.141775e-01
     vertex -2.262105e-02  2.944983e-01 -1.595058e-01
     vertex -2.302472e-02  2.955836e-01 -1.602342e-01
   endloop
 endfacet
 facet normal  6.407074e-01  1.280597e-01  7.570302e-01
   outer loop
     vertex -7.785285e-02  2.968476e-01 -1.145035e-01
     vertex -2.336502e-02  2.982039e-01 -1.608483e-01
     vertex -7.799259e-02  2.982039e-01 -1.146147e-01
   endloop
 endfacet
 facet normal  5.985210e-01  3.763807e-01  7.071847e-01
   outer loop
     vertex -7.785285e-02  2.968476e-01 -1.145035e-01
     vertex -7.744318e-02  2.955836e-01 -1.141775e-01
     vertex -2.302472e-02  2.955836e-01 -1.602342e-01
   endloop
 endfacet
 facet normal  6.407074e-01  1.280597e-01  7.570302e-01
   outer loop
     vertex -7.785285e-02  2.968476e-01 -1.145035e-01
     vertex -2.327847e-02  2.968476e-01 -1.606921e-01
     vertex -2.336502e-02  2.982039e-01 -1.608483e-01
   endloop
 endfacet
 facet normal  5.985210e-01  3.763807e-01  7.071847e-01
   outer loop
     vertex -7.785285e-02  2.968476e-01 -1.145035e-01
     vertex -2.302472e-02  2.955836e-01 -1.602342e-01
     vertex -2.327847e-02  2.968476e-01 -1.606921e-01
   endloop
 endfacet
 facet normal  7.102853e-01  6.013200e-01  3.659358e-01
   outer loop
     vertex -1.100941e-01  2.955836e-01 -5.080164e-02
     vertex -1.092936e-01  2.944983e-01 -5.057198e-02
     vertex -7.679147e-02  2.944983e-01 -1.136590e-01
   endloop
 endfacet
 facet normal  7.102853e-01  6.013200e-01  3.659358e-01
   outer loop
     vertex -1.100941e-01  2.955836e-01 -5.080164e-02
     vertex -7.679147e-02  2.944983e-01 -1.136590e-01
     vertex -7.744318e-02  2.955836e-01 -1.141775e-01
   endloop
 endfacet
 facet normal  8.816394e-01  1.280597e-01  4.542166e-01
   outer loop
     vertex -1.105974e-01  2.968476e-01 -5.094601e-02
     vertex -7.799259e-02  2.982039e-01 -1.146147e-01
     vertex -1.107690e-01  2.982039e-01 -5.099525e-02
   endloop
 endfacet
 facet normal  8.816394e-01  1.280597e-01  4.542166e-01
   outer loop
     vertex -1.105974e-01  2.968476e-01 -5.094601e-02
     vertex -7.785285e-02  2.968476e-01 -1.145035e-01
     vertex -7.799259e-02  2.982039e-01 -1.146147e-01
   endloop
 endfacet
 facet normal  8.235892e-01  3.763807e-01  4.243094e-01
   outer loop
     vertex -1.105974e-01  2.968476e-01 -5.094601e-02
     vertex -7.744318e-02  2.955836e-01 -1.141775e-01
     vertex -7.785285e-02  2.968476e-01 -1.145035e-01
   endloop
 endfacet
 facet normal  8.235892e-01  3.763807e-01  4.243094e-01
   outer loop
     vertex -1.105974e-01  2.968476e-01 -5.094601e-02
     vertex -1.100941e-01  2.955836e-01 -5.080164e-02
     vertex -7.744318e-02  2.955836e-01 -1.141775e-01
   endloop
 endfacet
 facet normal  7.962556e-01  6.013200e-01  6.626613e-02
   outer loop
     vertex -1.160068e-01  2.955836e-01  2.024502e-02
     vertex -1.151793e-01  2.944983e-01  2.015085e-02
     vertex -1.092936e-01  2.944983e-01 -5.057198e-02
   endloop
 endfacet
 facet normal  7.962556e-01  6.013200e-01  6.626613e-02
   outer loop
     vertex -1.160068e-01  2.955836e-01  2.024502e-02
     vertex -1.092936e-01  2.944983e-01 -5.057198e-02
     vertex -1.100941e-01  2.955836e-01 -5.080164e-02
   endloop
 endfacet
 facet normal  9.883497e-01  1.280597e-01  8.225262e-02
   outer loop
     vertex -1.165270e-01  2.968476e-01  2.030422e-02
     vertex -1.107690e-01  2.982039e-01 -5.099525e-02
     vertex -1.167044e-01  2.982039e-01  2.032441e-02
   endloop
 endfacet
 facet normal  9.232734e-01  3.763807e-01  7.683682e-02
   outer loop
     vertex -1.165270e-01  2.968476e-01  2.030422e-02
     vertex -1.100941e-01  2.955836e-01 -5.080164e-02
     vertex -1.105974e-01  2.968476e-01 -5.094601e-02
   endloop
 endfacet
 facet normal  9.883497e-01  1.280597e-01  8.225262e-02
   outer loop
     vertex -1.165270e-01  2.968476e-01  2.030422e-02
     vertex -1.105974e-01  2.968476e-01 -5.094601e-02
     vertex -1.107690e-01  2.982039e-01 -5.099525e-02
   endloop
 endfacet
 facet normal  9.232734e-01  3.763807e-01  7.683682e-02
   outer loop
     vertex -1.165270e-01  2.968476e-01  2.030422e-02
     vertex -1.160068e-01  2.955836e-01  2.024502e-02
     vertex -1.100941e-01  2.955836e-01 -5.080164e-02
   endloop
 endfacet
 facet normal  7.610032e-01  6.013200e-01 -2.434919e-01
   outer loop
     vertex -9.428100e-02  2.955836e-01  8.814626e-02
     vertex -9.355255e-02  2.944983e-01  8.774259e-02
     vertex -1.151793e-01  2.944983e-01  2.015085e-02
   endloop
 endfacet
 facet normal  7.610032e-01  6.013200e-01 -2.434919e-01
   outer loop
     vertex -9.428100e-02  2.955836e-01  8.814626e-02
     vertex -1.151793e-01  2.944983e-01  2.015085e-02
     vertex -1.160068e-01  2.955836e-01  2.024502e-02
   endloop
 endfacet
 facet normal  9.445928e-01  1.280597e-01 -3.022336e-01
   outer loop
     vertex -9.473893e-02  2.968476e-01  8.840001e-02
     vertex -1.167044e-01  2.982039e-01  2.032441e-02
     vertex -9.489511e-02  2.982039e-01  8.848656e-02
   endloop
 endfacet
 facet normal  9.445928e-01  1.280597e-01 -3.022336e-01
   outer loop
     vertex -9.473893e-02  2.968476e-01  8.840001e-02
     vertex -1.165270e-01  2.968476e-01  2.030422e-02
     vertex -1.167044e-01  2.982039e-01  2.032441e-02
   endloop
 endfacet
 facet normal  8.823975e-01  3.763807e-01 -2.823334e-01
   outer loop
     vertex -9.473893e-02  2.968476e-01  8.840001e-02
     vertex -1.160068e-01  2.955836e-01  2.024502e-02
     vertex -1.165270e-01  2.968476e-01  2.030422e-02
   endloop
 endfacet
 facet normal  8.823975e-01  3.763807e-01 -2.823334e-01
   outer loop
     vertex -9.473893e-02  2.968476e-01  8.840001e-02
     vertex -9.428100e-02  2.955836e-01  8.814626e-02
     vertex -1.160068e-01  2.955836e-01  2.024502e-02
   endloop
 endfacet
 facet normal  6.098950e-01  6.013200e-01 -5.161805e-01
   outer loop
     vertex -4.822431e-02  2.955836e-01  1.425647e-01
     vertex -4.770578e-02  2.944983e-01  1.419130e-01
     vertex -9.355255e-02  2.944983e-01  8.774259e-02
   endloop
 endfacet
 facet normal  6.098950e-01  6.013200e-01 -5.161805e-01
   outer loop
     vertex -4.822431e-02  2.955836e-01  1.425647e-01
     vertex -9.355255e-02  2.944983e-01  8.774259e-02
     vertex -9.428100e-02  2.955836e-01  8.814626e-02
   endloop
 endfacet
 facet normal  7.570302e-01  1.280597e-01 -6.407074e-01
   outer loop
     vertex -4.855026e-02  2.968476e-01  1.429744e-01
     vertex -9.489511e-02  2.982039e-01  8.848656e-02
     vertex -4.866144e-02  2.982039e-01  1.431141e-01
   endloop
 endfacet
 facet normal  7.570302e-01  1.280597e-01 -6.407074e-01
   outer loop
     vertex -4.855026e-02  2.968476e-01  1.429744e-01
     vertex -9.473893e-02  2.968476e-01  8.840001e-02
     vertex -9.489511e-02  2.982039e-01  8.848656e-02
   endloop
 endfacet
 facet normal  7.071847e-01  3.763807e-01 -5.985210e-01
   outer loop
     vertex -4.855026e-02  2.968476e-01  1.429744e-01
     vertex -9.428100e-02  2.955836e-01  8.814626e-02
     vertex -9.473893e-02  2.968476e-01  8.840001e-02
   endloop
 endfacet
 facet normal  7.071847e-01  3.763807e-01 -5.985210e-01
   outer loop
     vertex -4.855026e-02  2.968476e-01  1.429744e-01
     vertex -4.822431e-02  2.955836e-01  1.425647e-01
     vertex -9.428100e-02  2.955836e-01  8.814626e-02
   endloop
 endfacet
 facet normal  3.659358e-01  6.013200e-01 -7.102853e-01
   outer loop
     vertex  1.515157e-02  2.955836e-01  1.752157e-01
     vertex  1.538123e-02  2.944983e-01  1.744152e-01
     vertex -4.770578e-02  2.944983e-01  1.419130e-01
   endloop
 endfacet
 facet normal  6.626613e-02  6.013200e-01 -7.962556e-01
   outer loop
     vertex  1.515157e-02  2.955836e-01  1.752157e-01
     vertex  8.610407e-02  2.944983e-01  1.803009e-01
     vertex  1.538123e-02  2.944983e-01  1.744152e-01
   endloop
 endfacet
 facet normal  6.626613e-02  6.013200e-01 -7.962556e-01
   outer loop
     vertex  1.515157e-02  2.955836e-01  1.752157e-01
     vertex  8.619824e-02  2.955836e-01  1.811283e-01
     vertex  8.610407e-02  2.944983e-01  1.803009e-01
   endloop
 endfacet
 facet normal  3.659358e-01  6.013200e-01 -7.102853e-01
   outer loop
     vertex  1.515157e-02  2.955836e-01  1.752157e-01
     vertex -4.770578e-02  2.944983e-01  1.419130e-01
     vertex -4.822431e-02  2.955836e-01  1.425647e-01
   endloop
 endfacet
 facet normal  8.225262e-02  1.280597e-01 -9.883497e-01
   outer loop
     vertex  1.500721e-02  2.968476e-01  1.757189e-01
     vertex  1.495796e-02  2.982039e-01  1.758906e-01
     vertex  8.627763e-02  2.982039e-01  1.818259e-01
   endloop
 endfacet
 facet normal  4.542166e-01  1.280597e-01 -8.816394e-01
   outer loop
     vertex  1.500721e-02  2.968476e-01  1.757189e-01
     vertex -4.866144e-02  2.982039e-01  1.431141e-01
     vertex  1.495796e-02  2.982039e-01  1.758906e-01
   endloop
 endfacet
 facet normal  7.683682e-02  3.763807e-01 -9.232734e-01
   outer loop
     vertex  1.500721e-02  2.968476e-01  1.757189e-01
     vertex  8.625744e-02  2.968476e-01  1.816485e-01
     vertex  8.619824e-02  2.955836e-01  1.811283e-01
   endloop
 endfacet
 facet normal  8.225262e-02  1.280597e-01 -9.883497e-01
   outer loop
     vertex  1.500721e-02  2.968476e-01  1.757189e-01
     vertex  8.627763e-02  2.982039e-01  1.818259e-01
     vertex  8.625744e-02  2.968476e-01  1.816485e-01
   endloop
 endfacet
 facet normal  4.542166e-01  1.280597e-01 -8.816394e-01
   outer loop
     vertex  1.500721e-02  2.968476e-01  1.757189e-01
     vertex -4.855026e-02  2.968476e-01  1.429744e-01
     vertex -4.866144e-02  2.982039e-01  1.431141e-01
   endloop
 endfacet
 facet normal  7.683682e-02  3.763807e-01 -9.232734e-01
   outer loop
     vertex  1.500721e-02  2.968476e-01  1.757189e-01
     vertex  8.619824e-02  2.955836e-01  1.811283e-01
     vertex  1.515157e-02  2.955836e-01  1.752157e-01
   endloop
 endfacet
 facet normal  4.243094e-01  3.763807e-01 -8.235892e-01
   outer loop
     vertex  1.500721e-02  2.968476e-01  1.757189e-01
     vertex -4.822431e-02  2.955836e-01  1.425647e-01
     vertex -4.855026e-02  2.968476e-01  1.429744e-01
   endloop
 endfacet
 facet normal  4.243094e-01  3.763807e-01 -8.235892e-01
   outer loop
     vertex  1.500721e-02  2.968476e-01  1.757189e-01
     vertex  1.515157e-02  2.955836e-01  1.752157e-01
     vertex -4.822431e-02  2.955836e-01  1.425647e-01
   endloop
 endfacet
 facet normal -8.031206e-02  9.646483e-01 -2.510052e-01
   outer loop
     vertex  1.557098e-01  3.739389e-01  1.623085e-01
     vertex  8.657392e-02  3.739389e-01  1.844294e-01
     vertex  8.687021e-02  3.746410e-01  1.870328e-01
   endloop
 endfacet
 facet normal -8.031206e-02  9.646483e-01 -2.510052e-01
   outer loop
     vertex  1.557098e-01  3.739389e-01  1.623085e-01
     vertex  8.687021e-02  3.746410e-01  1.870328e-01
     vertex  1.569798e-01  3.746410e-01  1.646004e-01
   endloop
 endfacet
 facet normal -2.175657e-01  7.002145e-01 -6.799741e-01
   outer loop
     vertex  1.547801e-01  3.720207e-01  1.606308e-01
     vertex  8.635702e-02  3.720207e-01  1.825235e-01
     vertex  8.657392e-02  3.739389e-01  1.844294e-01
   endloop
 endfacet
 facet normal -2.947348e-01  2.541701e-01 -9.211563e-01
   outer loop
     vertex  1.547801e-01  3.720207e-01  1.606308e-01
     vertex  8.627763e-02  3.694005e-01  1.818259e-01
     vertex  8.635702e-02  3.720207e-01  1.825235e-01
   endloop
 endfacet
 facet normal -2.947348e-01  2.541701e-01 -9.211563e-01
   outer loop
     vertex  1.547801e-01  3.720207e-01  1.606308e-01
     vertex  1.544398e-01  3.694005e-01  1.600167e-01
     vertex  8.627763e-02  3.694005e-01  1.818259e-01
   endloop
 endfacet
 facet normal -2.175657e-01  7.002145e-01 -6.799741e-01
   outer loop
     vertex  1.547801e-01  3.720207e-01  1.606308e-01
     vertex  8.657392e-02  3.739389e-01  1.844294e-01
     vertex  1.557098e-01  3.739389e-01  1.623085e-01
   endloop
 endfacet
 facet normal -1.702542e-01  9.646483e-01 -2.011645e-01
   outer loop
     vertex  2.111178e-01  3.739389e-01  1.154144e-01
     vertex  1.569798e-01  3.746410e-01  1.646004e-01
     vertex  2.131682e-01  3.746410e-01  1.170458e-01
   endloop
 endfacet
 facet normal -1.702542e-01  9.646483e-01 -2.011645e-01
   outer loop
     vertex  2.111178e-01  3.739389e-01  1.154144e-01
     vertex  1.557098e-01  3.739389e-01  1.623085e-01
     vertex  1.569798e-01  3.746410e-01  1.646004e-01
   endloop
 endfacet
 facet normal -6.248107e-01  2.541701e-01 -7.382474e-01
   outer loop
     vertex  2.096168e-01  3.720207e-01  1.142201e-01
     vertex  2.090673e-01  3.694005e-01  1.137830e-01
     vertex  1.544398e-01  3.694005e-01  1.600167e-01
   endloop
 endfacet
 facet normal -4.612193e-01  7.002145e-01 -5.449554e-01
   outer loop
     vertex  2.096168e-01  3.720207e-01  1.142201e-01
     vertex  1.557098e-01  3.739389e-01  1.623085e-01
     vertex  2.111178e-01  3.739389e-01  1.154144e-01
   endloop
 endfacet
 facet normal -4.612193e-01  7.002145e-01 -5.449554e-01
   outer loop
     vertex  2.096168e-01  3.720207e-01  1.142201e-01
     vertex  1.547801e-01  3.720207e-01  1.606308e-01
     vertex  1.557098e-01  3.739389e-01  1.623085e-01
   endloop
 endfacet
 facet normal -6.248107e-01  2.541701e-01 -7.382474e-01
   outer loop
     vertex  2.096168e-01  3.720207e-01  1.142201e-01
     vertex  1.544398e-01  3.694005e-01  1.600167e-01
     vertex  1.547801e-01  3.720207e-01  1.606308e-01
   endloop
 endfacet
 facet normal -2.342767e-01  9.646483e-01 -1.206983e-01
   outer loop
     vertex  2.443624e-01  3.739389e-01  5.088614e-02
     vertex  2.131682e-01  3.746410e-01  1.170458e-01
     vertex  2.468811e-01  3.746410e-01  5.160870e-02
   endloop
 endfacet
 facet normal -2.342767e-01  9.646483e-01 -1.206983e-01
   outer loop
     vertex  2.443624e-01  3.739389e-01  5.088614e-02
     vertex  2.111178e-01  3.739389e-01  1.154144e-01
     vertex  2.131682e-01  3.746410e-01  1.170458e-01
   endloop
 endfacet
 facet normal -8.597648e-01  2.541701e-01 -4.429469e-01
   outer loop
     vertex  2.425186e-01  3.720207e-01  5.035719e-02
     vertex  2.418438e-01  3.694005e-01  5.016358e-02
     vertex  2.090673e-01  3.694005e-01  1.137830e-01
   endloop
 endfacet
 facet normal -8.597648e-01  2.541701e-01 -4.429469e-01
   outer loop
     vertex  2.425186e-01  3.720207e-01  5.035719e-02
     vertex  2.090673e-01  3.694005e-01  1.137830e-01
     vertex  2.096168e-01  3.720207e-01  1.142201e-01
   endloop
 endfacet
 facet normal -6.346565e-01  7.002145e-01 -3.269721e-01
   outer loop
     vertex  2.425186e-01  3.720207e-01  5.035719e-02
     vertex  2.096168e-01  3.720207e-01  1.142201e-01
     vertex  2.111178e-01  3.739389e-01  1.154144e-01
   endloop
 endfacet
 facet normal -6.346565e-01  7.002145e-01 -3.269721e-01
   outer loop
     vertex  2.425186e-01  3.720207e-01  5.035719e-02
     vertex  2.111178e-01  3.739389e-01  1.154144e-01
     vertex  2.443624e-01  3.739389e-01  5.088614e-02
   endloop
 endfacet
 facet normal -2.626327e-01  9.646483e-01 -2.185686e-02
   outer loop
     vertex  2.503826e-01  3.739389e-01 -2.145238e-02
     vertex  2.468811e-01  3.746410e-01  5.160870e-02
     vertex  2.529861e-01  3.746410e-01 -2.174867e-02
   endloop
 endfacet
 facet normal -2.626327e-01  9.646483e-01 -2.185686e-02
   outer loop
     vertex  2.503826e-01  3.739389e-01 -2.145238e-02
     vertex  2.443624e-01  3.739389e-01  5.088614e-02
     vertex  2.468811e-01  3.746410e-01  5.160870e-02
   endloop
 endfacet
 facet normal -9.638276e-01  2.541701e-01 -8.021184e-02
   outer loop
     vertex  2.484767e-01  3.720207e-01 -2.123548e-02
     vertex  2.477791e-01  3.694005e-01 -2.115609e-02
     vertex  2.418438e-01  3.694005e-01  5.016358e-02
   endloop
 endfacet
 facet normal -9.638276e-01  2.541701e-01 -8.021184e-02
   outer loop
     vertex  2.484767e-01  3.720207e-01 -2.123548e-02
     vertex  2.418438e-01  3.694005e-01  5.016358e-02
     vertex  2.425186e-01  3.720207e-01  5.035719e-02
   endloop
 endfacet
 facet normal -7.114730e-01  7.002145e-01 -5.921033e-02
   outer loop
     vertex  2.484767e-01  3.720207e-01 -2.123548e-02
     vertex  2.425186e-01  3.720207e-01  5.035719e-02
     vertex  2.443624e-01  3.739389e-01  5.088614e-02
   endloop
 endfacet
 facet normal -7.114730e-01  7.002145e-01 -5.921033e-02
   outer loop
     vertex  2.484767e-01  3.720207e-01 -2.123548e-02
     vertex  2.443624e-01  3.739389e-01  5.088614e-02
     vertex  2.503826e-01  3.739389e-01 -2.145238e-02
   endloop
 endfacet
 facet normal -2.510052e-01  9.646483e-01  8.031206e-02
   outer loop
     vertex  2.282618e-01  3.739389e-01 -9.058827e-02
     vertex  2.529861e-01  3.746410e-01 -2.174867e-02
     vertex  2.305537e-01  3.746410e-01 -9.185831e-02
   endloop
 endfacet
 facet normal -2.510052e-01  9.646483e-01  8.031206e-02
   outer loop
     vertex  2.282618e-01  3.739389e-01 -9.058827e-02
     vertex  2.503826e-01  3.739389e-01 -2.145238e-02
     vertex  2.529861e-01  3.746410e-01 -2.174867e-02
   endloop
 endfacet
 facet normal -9.211563e-01  2.541701e-01  2.947348e-01
   outer loop
     vertex  2.265840e-01  3.720207e-01 -8.965854e-02
     vertex  2.259699e-01  3.694005e-01 -8.931824e-02
     vertex  2.477791e-01  3.694005e-01 -2.115609e-02
   endloop
 endfacet
 facet normal -9.211563e-01  2.541701e-01  2.947348e-01
   outer loop
     vertex  2.265840e-01  3.720207e-01 -8.965854e-02
     vertex  2.477791e-01  3.694005e-01 -2.115609e-02
     vertex  2.484767e-01  3.720207e-01 -2.123548e-02
   endloop
 endfacet
 facet normal -6.799741e-01  7.002145e-01  2.175657e-01
   outer loop
     vertex  2.265840e-01  3.720207e-01 -8.965854e-02
     vertex  2.484767e-01  3.720207e-01 -2.123548e-02
     vertex  2.503826e-01  3.739389e-01 -2.145238e-02
   endloop
 endfacet
 facet normal -6.799741e-01  7.002145e-01  2.175657e-01
   outer loop
     vertex  2.265840e-01  3.720207e-01 -8.965854e-02
     vertex  2.503826e-01  3.739389e-01 -2.145238e-02
     vertex  2.282618e-01  3.739389e-01 -9.058827e-02
   endloop
 endfacet
 facet normal -2.011645e-01  9.646483e-01  1.702542e-01
   outer loop
     vertex  1.813676e-01  3.739389e-01 -1.459962e-01
     vertex  2.305537e-01  3.746410e-01 -9.185831e-02
     vertex  1.829990e-01  3.746410e-01 -1.480467e-01
   endloop
 endfacet
 facet normal -2.011645e-01  9.646483e-01  1.702542e-01
   outer loop
     vertex  1.813676e-01  3.739389e-01 -1.459962e-01
     vertex  2.282618e-01  3.739389e-01 -9.058827e-02
     vertex  2.305537e-01  3.746410e-01 -9.185831e-02
   endloop
 endfacet
 facet normal -7.382474e-01  2.541701e-01  6.248107e-01
   outer loop
     vertex  1.801733e-01  3.720207e-01 -1.444952e-01
     vertex  1.797362e-01  3.694005e-01 -1.439458e-01
     vertex  2.259699e-01  3.694005e-01 -8.931824e-02
   endloop
 endfacet
 facet normal -5.449554e-01  7.002145e-01  4.612193e-01
   outer loop
     vertex  1.801733e-01  3.720207e-01 -1.444952e-01
     vertex  2.265840e-01  3.720207e-01 -8.965854e-02
     vertex  2.282618e-01  3.739389e-01 -9.058827e-02
   endloop
 endfacet
 facet normal -7.382474e-01  2.541701e-01  6.248107e-01
   outer loop
     vertex  1.801733e-01  3.720207e-01 -1.444952e-01
     vertex  2.259699e-01  3.694005e-01 -8.931824e-02
     vertex  2.265840e-01  3.720207e-01 -8.965854e-02
   endloop
 endfacet
 facet normal -5.449554e-01  7.002145e-01  4.612193e-01
   outer loop
     vertex  1.801733e-01  3.720207e-01 -1.444952e-01
     vertex  2.282618e-01  3.739389e-01 -9.058827e-02
     vertex  1.813676e-01  3.739389e-01 -1.459962e-01
   endloop
 endfacet
 facet normal -2.185686e-02  9.646483e-01  2.626327e-01
   outer loop
     vertex  1.168394e-01  3.739389e-01 -1.792409e-01
     vertex  1.175619e-01  3.746410e-01 -1.817596e-01
     vertex  4.420455e-02  3.746410e-01 -1.878645e-01
   endloop
 endfacet
 facet normal -1.206983e-01  9.646483e-01  2.342767e-01
   outer loop
     vertex  1.168394e-01  3.739389e-01 -1.792409e-01
     vertex  1.829990e-01  3.746410e-01 -1.480467e-01
     vertex  1.175619e-01  3.746410e-01 -1.817596e-01
   endloop
 endfacet
 facet normal -2.185686e-02  9.646483e-01  2.626327e-01
   outer loop
     vertex  1.168394e-01  3.739389e-01 -1.792409e-01
     vertex  4.420455e-02  3.746410e-01 -1.878645e-01
     vertex  4.450084e-02  3.739389e-01 -1.852611e-01
   endloop
 endfacet
 facet normal -1.206983e-01  9.646483e-01  2.342767e-01
   outer loop
     vertex  1.168394e-01  3.739389e-01 -1.792409e-01
     vertex  1.813676e-01  3.739389e-01 -1.459962e-01
     vertex  1.829990e-01  3.746410e-01 -1.480467e-01
   endloop
 endfacet
 facet normal -5.921033e-02  7.002145e-01  7.114730e-01
   outer loop
     vertex  1.163104e-01  3.720207e-01 -1.773971e-01
     vertex  4.450084e-02  3.739389e-01 -1.852611e-01
     vertex  4.471774e-02  3.720207e-01 -1.833552e-01
   endloop
 endfacet
 facet normal -8.021184e-02  2.541701e-01  9.638276e-01
   outer loop
     vertex  1.163104e-01  3.720207e-01 -1.773971e-01
     vertex  4.471774e-02  3.720207e-01 -1.833552e-01
     vertex  4.479713e-02  3.694005e-01 -1.826576e-01
   endloop
 endfacet
 facet normal -4.429469e-01  2.541701e-01  8.597648e-01
   outer loop
     vertex  1.163104e-01  3.720207e-01 -1.773971e-01
     vertex  1.161168e-01  3.694005e-01 -1.767222e-01
     vertex  1.797362e-01  3.694005e-01 -1.439458e-01
   endloop
 endfacet
 facet normal -8.021184e-02  2.541701e-01  9.638276e-01
   outer loop
     vertex  1.163104e-01  3.720207e-01 -1.773971e-01
     vertex  4.479713e-02  3.694005e-01 -1.826576e-01
     vertex  1.161168e-01  3.694005e-01 -1.767222e-01
   endloop
 endfacet
 facet normal -5.921033e-02  7.002145e-01  7.114730e-01
   outer loop
     vertex  1.163104e-01  3.720207e-01 -1.773971e-01
     vertex  1.168394e-01  3.739389e-01 -1.792409e-01
     vertex  4.450084e-02  3.739389e-01 -1.852611e-01
   endloop
 endfacet
 facet normal -4.429469e-01  2.541701e-01  8.597648e-01
   outer loop
     vertex  1.163104e-01  3.720207e-01 -1.773971e-01
     vertex  1.797362e-01  3.694005e-01 -1.439458e-01
     vertex  1.801733e-01  3.720207e-01 -1.444952e-01
   endloop
 endfacet
 facet normal -3.269721e-01  7.002145e-01  6.346565e-01
   outer loop
     vertex  1.163104e-01  3.720207e-01 -1.773971e-01
     vertex  1.801733e-01  3.720207e-01 -1.444952e-01
     vertex  1.813676e-01  3.739389e-01 -1.459962e-01
   endloop
 endfacet
 facet normal -3.269721e-01  7.002145e-01  6.346565e-01
   outer loop
     vertex  1.163104e-01  3.720207e-01 -1.773971e-01
     vertex  1.813676e-01  3.739389e-01 -1.459962e-01
     vertex  1.168394e-01  3.739389e-01 -1.792409e-01
   endloop
 endfacet
endsolid
