solid 
 facet normal -9.851794e-01 -1.699192e-01  2.342999e-02
   outer loop
     vertex -2.815510e-01 -1.000380e+00  3.546456e-01
     vertex -3.124082e-01 -8.221720e-01  3.495661e-01
     vertex -3.136458e-01 -8.265641e-01  2.656774e-01
   endloop
 endfacet
 facet normal -9.851794e-01 -1.699192e-01  2.342999e-02
   outer loop
     vertex -2.815510e-01 -1.000380e+00  3.546456e-01
     vertex -3.136458e-01 -8.265641e-01  2.656774e-01
     vertex -2.826769e-01 -1.004375e+00  2.783258e-01
   endloop
 endfacet
 facet normal -9.530879e-01 -1.576654e-01  2.583893e-01
   outer loop
     vertex -2.621683e-01 -9.965445e-01  4.284802e-01
     vertex -2.911033e-01 -8.179565e-01  4.307232e-01
     vertex -3.124082e-01 -8.221720e-01  3.495661e-01
   endloop
 endfacet
 facet normal -9.530879e-01 -1.576654e-01  2.583893e-01
   outer loop
     vertex -2.621683e-01 -9.965445e-01  4.284802e-01
     vertex -3.124082e-01 -8.221720e-01  3.495661e-01
     vertex -2.815510e-01 -1.000380e+00  3.546456e-01
   endloop
 endfacet
 facet normal -8.656231e-01 -1.462632e-01  4.788566e-01
   outer loop
     vertex -2.256552e-01 -9.930929e-01  4.955386e-01
     vertex -2.509691e-01 -8.141626e-01  5.044320e-01
     vertex -2.911033e-01 -8.179565e-01  4.307232e-01
   endloop
 endfacet
 facet normal -8.656231e-01 -1.462632e-01  4.788566e-01
   outer loop
     vertex -2.256552e-01 -9.930929e-01  4.955386e-01
     vertex -2.911033e-01 -8.179565e-01  4.307232e-01
     vertex -2.621683e-01 -9.965445e-01  4.284802e-01
   endloop
 endfacet
 facet normal -3.359687e-01 -1.233198e-01  9.337651e-01
   outer loop
     vertex -3.874120e-02 -9.868661e-01  6.203768e-01
     vertex -4.551813e-02 -8.073183e-01  6.416508e-01
     vertex -1.245016e-01 -8.086843e-01  6.130522e-01
   endloop
 endfacet
 facet normal -3.359687e-01 -1.233198e-01  9.337651e-01
   outer loop
     vertex -3.874120e-02 -9.868661e-01  6.203768e-01
     vertex -1.245016e-01 -8.086843e-01  6.130522e-01
     vertex -1.105984e-01 -9.881089e-01  5.943585e-01
   endloop
 endfacet
 facet normal -1.045998e-01 -1.209108e-01  9.871370e-01
   outer loop
     vertex  3.726153e-02 -9.865694e-01  6.284666e-01
     vertex  3.802207e-02 -8.069921e-01  6.505429e-01
     vertex -4.551813e-02 -8.073183e-01  6.416508e-01
   endloop
 endfacet
 facet normal -1.045998e-01 -1.209108e-01  9.871370e-01
   outer loop
     vertex  3.726153e-02 -9.865694e-01  6.284666e-01
     vertex -4.551813e-02 -8.073183e-01  6.416508e-01
     vertex -3.874120e-02 -9.868661e-01  6.203768e-01
   endloop
 endfacet
 facet normal  1.328313e-01 -1.214894e-01  9.836647e-01
   outer loop
     vertex  1.129928e-01 -9.872360e-01  6.181577e-01
     vertex  1.212639e-01 -8.077248e-01  6.392117e-01
     vertex  3.802207e-02 -8.069921e-01  6.505429e-01
   endloop
 endfacet
 facet normal  1.328313e-01 -1.214894e-01  9.836647e-01
   outer loop
     vertex  1.129928e-01 -9.872360e-01  6.181577e-01
     vertex  3.802207e-02 -8.069921e-01  6.505429e-01
     vertex  3.726153e-02 -9.865694e-01  6.284666e-01
   endloop
 endfacet
 facet normal  7.465354e-01 -1.399689e-01  6.504564e-01
   outer loop
     vertex  2.961438e-01 -9.943647e-01  4.879075e-01
     vertex  3.225786e-01 -8.155605e-01  4.960441e-01
     vertex  2.678003e-01 -8.121372e-01  5.596504e-01
   endloop
 endfacet
 facet normal  7.465354e-01 -1.399689e-01  6.504564e-01
   outer loop
     vertex  2.961438e-01 -9.943647e-01  4.879075e-01
     vertex  2.678003e-01 -8.121372e-01  5.596504e-01
     vertex  2.463079e-01 -9.912503e-01  5.457749e-01
   endloop
 endfacet
 facet normal  8.785330e-01 -1.505142e-01  4.533489e-01
   outer loop
     vertex  3.306630e-01 -9.979894e-01  4.198103e-01
     vertex  3.605212e-01 -8.195447e-01  4.211934e-01
     vertex  3.225786e-01 -8.155605e-01  4.960441e-01
   endloop
 endfacet
 facet normal  8.785330e-01 -1.505142e-01  4.533489e-01
   outer loop
     vertex  3.306630e-01 -9.979894e-01  4.198103e-01
     vertex  3.225786e-01 -8.155605e-01  4.960441e-01
     vertex  2.961438e-01 -9.943647e-01  4.879075e-01
   endloop
 endfacet
 facet normal  9.594567e-01 -1.623268e-01  2.304190e-01
   outer loop
     vertex  3.478593e-01 -1.001914e+00  3.454407e-01
     vertex  3.794229e-01 -8.238582e-01  3.394483e-01
     vertex  3.605212e-01 -8.195447e-01  4.211934e-01
   endloop
 endfacet
 facet normal  9.594567e-01 -1.623268e-01  2.304190e-01
   outer loop
     vertex  3.478593e-01 -1.001914e+00  3.454407e-01
     vertex  3.605212e-01 -8.195447e-01  4.211934e-01
     vertex  3.306630e-01 -9.979894e-01  4.198103e-01
   endloop
 endfacet
 facet normal -7.383623e-01  5.760580e-03  6.743797e-01
   outer loop
     vertex -2.017200e-01 -9.091066e-01  5.591648e-01
     vertex -1.943382e-01 -8.110108e-01  5.664090e-01
     vertex -2.509691e-01 -8.141626e-01  5.044320e-01
   endloop
 endfacet
 facet normal -5.548440e-01 -1.966882e-02  8.317219e-01
   outer loop
     vertex -2.017200e-01 -9.091066e-01  5.591648e-01
     vertex -1.245016e-01 -8.086843e-01  6.130522e-01
     vertex -1.943382e-01 -8.110108e-01  5.664090e-01
   endloop
 endfacet
 facet normal -4.727184e-01 -4.902781e-01  7.322327e-01
   outer loop
     vertex -1.940574e-01 -9.680573e-01  5.539045e-01
     vertex -1.741339e-01 -9.902255e-01  5.519237e-01
     vertex -1.105984e-01 -9.881089e-01  5.943585e-01
   endloop
 endfacet
 facet normal -5.873302e-01 -5.784391e-01  5.660843e-01
   outer loop
     vertex -1.940574e-01 -9.680573e-01  5.539045e-01
     vertex -2.256552e-01 -9.930929e-01  4.955386e-01
     vertex -1.741339e-01 -9.902255e-01  5.519237e-01
   endloop
 endfacet
 facet normal -8.530673e-01 -1.553343e-01  4.981440e-01
   outer loop
     vertex -1.940574e-01 -9.680573e-01  5.539045e-01
     vertex -2.017200e-01 -9.091066e-01  5.591648e-01
     vertex -2.509691e-01 -8.141626e-01  5.044320e-01
   endloop
 endfacet
 facet normal -4.413815e-01 -1.365100e-01  8.868751e-01
   outer loop
     vertex -1.940574e-01 -9.680573e-01  5.539045e-01
     vertex -1.245016e-01 -8.086843e-01  6.130522e-01
     vertex -2.017200e-01 -9.091066e-01  5.591648e-01
   endloop
 endfacet
 facet normal -8.427374e-01 -1.449925e-01  5.184312e-01
   outer loop
     vertex -1.940574e-01 -9.680573e-01  5.539045e-01
     vertex -2.509691e-01 -8.141626e-01  5.044320e-01
     vertex -2.256552e-01 -9.930929e-01  4.955386e-01
   endloop
 endfacet
 facet normal -4.572061e-01 -1.271362e-01  8.802267e-01
   outer loop
     vertex -1.940574e-01 -9.680573e-01  5.539045e-01
     vertex -1.105984e-01 -9.881089e-01  5.943585e-01
     vertex -1.245016e-01 -8.086843e-01  6.130522e-01
   endloop
 endfacet
 facet normal  3.674753e-01 -1.606783e-02  9.298945e-01
   outer loop
     vertex  2.088682e-01 -9.075035e-01  6.028682e-01
     vertex  1.993697e-01 -8.094737e-01  6.083157e-01
     vertex  1.212639e-01 -8.077248e-01  6.392117e-01
   endloop
 endfacet
 facet normal  5.797995e-01  1.090705e-02  8.146862e-01
   outer loop
     vertex  2.088682e-01 -9.075035e-01  6.028682e-01
     vertex  2.678003e-01 -8.121372e-01  5.596504e-01
     vertex  1.993697e-01 -8.094737e-01  6.083157e-01
   endloop
 endfacet
 facet normal  4.594620e-01 -5.743521e-01  6.775059e-01
   outer loop
     vertex  2.029400e-01 -9.665073e-01  5.961613e-01
     vertex  1.840515e-01 -9.888271e-01  5.900493e-01
     vertex  2.463079e-01 -9.912503e-01  5.457749e-01
   endloop
 endfacet
 facet normal  3.117677e-01 -4.872152e-01  8.157342e-01
   outer loop
     vertex  2.029400e-01 -9.665073e-01  5.961613e-01
     vertex  1.129928e-01 -9.872360e-01  6.181577e-01
     vertex  1.840515e-01 -9.888271e-01  5.900493e-01
   endloop
 endfacet
 facet normal  2.626477e-01 -1.243257e-01  9.568486e-01
   outer loop
     vertex  2.029400e-01 -9.665073e-01  5.961613e-01
     vertex  1.212639e-01 -8.077248e-01  6.392117e-01
     vertex  1.129928e-01 -9.872360e-01  6.181577e-01
   endloop
 endfacet
 facet normal  7.158231e-01 -1.389074e-01  6.843260e-01
   outer loop
     vertex  2.029400e-01 -9.665073e-01  5.961613e-01
     vertex  2.463079e-01 -9.912503e-01  5.457749e-01
     vertex  2.678003e-01 -8.121372e-01  5.596504e-01
   endloop
 endfacet
 facet normal  7.302715e-01 -1.491525e-01  6.666762e-01
   outer loop
     vertex  2.029400e-01 -9.665073e-01  5.961613e-01
     vertex  2.678003e-01 -8.121372e-01  5.596504e-01
     vertex  2.088682e-01 -9.075035e-01  6.028682e-01
   endloop
 endfacet
 facet normal  2.458510e-01 -1.338269e-01  9.600248e-01
   outer loop
     vertex  2.029400e-01 -9.665073e-01  5.961613e-01
     vertex  2.088682e-01 -9.075035e-01  6.028682e-01
     vertex  1.212639e-01 -8.077248e-01  6.392117e-01
   endloop
 endfacet
 facet normal -9.846035e-01  1.747201e-01  5.377400e-03
   outer loop
     vertex -3.124082e-01 -8.221720e-01  3.495661e-01
     vertex -2.809563e-01 -6.445127e-01  3.360049e-01
     vertex -2.820821e-01 -6.485086e-01  2.596851e-01
   endloop
 endfacet
 facet normal -9.846035e-01  1.747201e-01  5.377400e-03
   outer loop
     vertex -3.124082e-01 -8.221720e-01  3.495661e-01
     vertex -2.820821e-01 -6.485086e-01  2.596851e-01
     vertex -3.136458e-01 -8.265641e-01  2.656774e-01
   endloop
 endfacet
 facet normal -9.525120e-01  1.869739e-01  2.403367e-01
   outer loop
     vertex -2.911033e-01 -8.179565e-01  4.307232e-01
     vertex -2.615736e-01 -6.406776e-01  4.098395e-01
     vertex -2.809563e-01 -6.445127e-01  3.360049e-01
   endloop
 endfacet
 facet normal -9.525120e-01  1.869739e-01  2.403367e-01
   outer loop
     vertex -2.911033e-01 -8.179565e-01  4.307232e-01
     vertex -2.809563e-01 -6.445127e-01  3.360049e-01
     vertex -3.124082e-01 -8.221720e-01  3.495661e-01
   endloop
 endfacet
 facet normal -8.650472e-01  1.983760e-01  4.608040e-01
   outer loop
     vertex -2.509691e-01 -8.141626e-01  5.044320e-01
     vertex -2.250605e-01 -6.372260e-01  4.768979e-01
     vertex -2.615736e-01 -6.406776e-01  4.098395e-01
   endloop
 endfacet
 facet normal -8.650472e-01  1.983760e-01  4.608040e-01
   outer loop
     vertex -2.509691e-01 -8.141626e-01  5.044320e-01
     vertex -2.615736e-01 -6.406776e-01  4.098395e-01
     vertex -2.911033e-01 -8.179565e-01  4.307232e-01
   endloop
 endfacet
 facet normal -3.353927e-01  2.213195e-01  9.157125e-01
   outer loop
     vertex -4.551813e-02 -8.073183e-01  6.416508e-01
     vertex -3.814647e-02 -6.309992e-01  6.017361e-01
     vertex -1.100036e-01 -6.322420e-01  5.757177e-01
   endloop
 endfacet
 facet normal -3.353927e-01  2.213195e-01  9.157125e-01
   outer loop
     vertex -4.551813e-02 -8.073183e-01  6.416508e-01
     vertex -1.100036e-01 -6.322420e-01  5.757177e-01
     vertex -1.245016e-01 -8.086843e-01  6.130522e-01
   endloop
 endfacet
 facet normal -1.040238e-01  2.237285e-01  9.690844e-01
   outer loop
     vertex  3.802207e-02 -8.069921e-01  6.505429e-01
     vertex  3.785626e-02 -6.307025e-01  6.098259e-01
     vertex -3.814647e-02 -6.309992e-01  6.017361e-01
   endloop
 endfacet
 facet normal -1.040238e-01  2.237285e-01  9.690844e-01
   outer loop
     vertex  3.802207e-02 -8.069921e-01  6.505429e-01
     vertex -3.814647e-02 -6.309992e-01  6.017361e-01
     vertex -4.551813e-02 -8.073183e-01  6.416508e-01
   endloop
 endfacet
 facet normal  1.334073e-01  2.231498e-01  9.656121e-01
   outer loop
     vertex  1.212639e-01 -8.077248e-01  6.392117e-01
     vertex  1.135876e-01 -6.313691e-01  5.995170e-01
     vertex  3.785626e-02 -6.307025e-01  6.098259e-01
   endloop
 endfacet
 facet normal  1.334073e-01  2.231498e-01  9.656121e-01
   outer loop
     vertex  1.212639e-01 -8.077248e-01  6.392117e-01
     vertex  3.785626e-02 -6.307025e-01  6.098259e-01
     vertex  3.802207e-02 -8.069921e-01  6.505429e-01
   endloop
 endfacet
 facet normal  7.471114e-01  2.046703e-01  6.324038e-01
   outer loop
     vertex  3.225786e-01 -8.155605e-01  4.960441e-01
     vertex  2.967385e-01 -6.384978e-01  4.692668e-01
     vertex  2.469026e-01 -6.353834e-01  5.271342e-01
   endloop
 endfacet
 facet normal  7.471114e-01  2.046703e-01  6.324038e-01
   outer loop
     vertex  3.225786e-01 -8.155605e-01  4.960441e-01
     vertex  2.469026e-01 -6.353834e-01  5.271342e-01
     vertex  2.678003e-01 -8.121372e-01  5.596504e-01
   endloop
 endfacet
 facet normal  8.791090e-01  1.941250e-01  4.352963e-01
   outer loop
     vertex  3.605212e-01 -8.195447e-01  4.211934e-01
     vertex  3.312577e-01 -6.421225e-01  4.011696e-01
     vertex  2.967385e-01 -6.384978e-01  4.692668e-01
   endloop
 endfacet
 facet normal  8.791090e-01  1.941250e-01  4.352963e-01
   outer loop
     vertex  3.605212e-01 -8.195447e-01  4.211934e-01
     vertex  2.967385e-01 -6.384978e-01  4.692668e-01
     vertex  3.225786e-01 -8.155605e-01  4.960441e-01
   endloop
 endfacet
 facet normal  9.600326e-01  1.823125e-01  2.123664e-01
   outer loop
     vertex  3.794229e-01 -8.238582e-01  3.394483e-01
     vertex  3.484540e-01 -6.460468e-01  3.268000e-01
     vertex  3.312577e-01 -6.421225e-01  4.011696e-01
   endloop
 endfacet
 facet normal  9.600326e-01  1.823125e-01  2.123664e-01
   outer loop
     vertex  3.794229e-01 -8.238582e-01  3.394483e-01
     vertex  3.312577e-01 -6.421225e-01  4.011696e-01
     vertex  3.605212e-01 -8.195447e-01  4.211934e-01
   endloop
 endfacet
 facet normal -4.709537e-01  5.656682e-01  6.769210e-01
   outer loop
     vertex -1.935361e-01 -6.561321e-01  5.375655e-01
     vertex -1.100036e-01 -6.322420e-01  5.757177e-01
     vertex -1.735391e-01 -6.343586e-01  5.332830e-01
   endloop
 endfacet
 facet normal -5.853000e-01  6.363699e-01  5.024513e-01
   outer loop
     vertex -1.935361e-01 -6.561321e-01  5.375655e-01
     vertex -1.735391e-01 -6.343586e-01  5.332830e-01
     vertex -2.250605e-01 -6.372260e-01  4.768979e-01
   endloop
 endfacet
 facet normal -7.382596e-01  6.718817e-02  6.711621e-01
   outer loop
     vertex -2.013942e-01 -7.141847e-01  5.489546e-01
     vertex -2.509691e-01 -8.141626e-01  5.044320e-01
     vertex -1.943382e-01 -8.110108e-01  5.664090e-01
   endloop
 endfacet
 facet normal -5.546302e-01  1.083049e-01  8.250184e-01
   outer loop
     vertex -2.013942e-01 -7.141847e-01  5.489546e-01
     vertex -1.943382e-01 -8.110108e-01  5.664090e-01
     vertex -1.245016e-01 -8.086843e-01  6.130522e-01
   endloop
 endfacet
 facet normal -8.468983e-01  2.006429e-01  4.924486e-01
   outer loop
     vertex -2.013942e-01 -7.141847e-01  5.489546e-01
     vertex -2.250605e-01 -6.372260e-01  4.768979e-01
     vertex -2.509691e-01 -8.141626e-01  5.044320e-01
   endloop
 endfacet
 facet normal -4.506839e-01  2.200891e-01  8.651270e-01
   outer loop
     vertex -2.013942e-01 -7.141847e-01  5.489546e-01
     vertex -1.245016e-01 -8.086843e-01  6.130522e-01
     vertex -1.100036e-01 -6.322420e-01  5.757177e-01
   endloop
 endfacet
 facet normal -8.386025e-01  2.119631e-01  5.018142e-01
   outer loop
     vertex -2.013942e-01 -7.141847e-01  5.489546e-01
     vertex -1.935361e-01 -6.561321e-01  5.375655e-01
     vertex -2.250605e-01 -6.372260e-01  4.768979e-01
   endloop
 endfacet
 facet normal -4.580336e-01  2.304349e-01  8.585482e-01
   outer loop
     vertex -2.013942e-01 -7.141847e-01  5.489546e-01
     vertex -1.100036e-01 -6.322420e-01  5.757177e-01
     vertex -1.935361e-01 -6.561321e-01  5.375655e-01
   endloop
 endfacet
 facet normal  4.614923e-01  6.404569e-01  6.138729e-01
   outer loop
     vertex  2.034613e-01 -6.545821e-01  5.798223e-01
     vertex  2.469026e-01 -6.353834e-01  5.271342e-01
     vertex  1.846462e-01 -6.329602e-01  5.714086e-01
   endloop
 endfacet
 facet normal  3.135324e-01  5.687311e-01  7.604225e-01
   outer loop
     vertex  2.034613e-01 -6.545821e-01  5.798223e-01
     vertex  1.846462e-01 -6.329602e-01  5.714086e-01
     vertex  1.135876e-01 -6.313691e-01  5.995170e-01
   endloop
 endfacet
 facet normal  3.676892e-01  1.119059e-01  9.231911e-01
   outer loop
     vertex  2.091939e-01 -7.125817e-01  5.926580e-01
     vertex  1.212639e-01 -8.077248e-01  6.392117e-01
     vertex  1.993697e-01 -8.094737e-01  6.083157e-01
   endloop
 endfacet
 facet normal  5.799022e-01  7.233465e-02  8.114685e-01
   outer loop
     vertex  2.091939e-01 -7.125817e-01  5.926580e-01
     vertex  1.993697e-01 -8.094737e-01  6.083157e-01
     vertex  2.678003e-01 -8.121372e-01  5.596504e-01
   endloop
 endfacet
 facet normal  7.125228e-01  2.180191e-01  6.669175e-01
   outer loop
     vertex  2.091939e-01 -7.125817e-01  5.926580e-01
     vertex  2.469026e-01 -6.353834e-01  5.271342e-01
     vertex  2.034613e-01 -6.545821e-01  5.798223e-01
   endloop
 endfacet
 facet normal  2.652590e-01  2.332588e-01  9.355362e-01
   outer loop
     vertex  2.091939e-01 -7.125817e-01  5.926580e-01
     vertex  2.034613e-01 -6.545821e-01  5.798223e-01
     vertex  1.135876e-01 -6.313691e-01  5.995170e-01
   endloop
 endfacet
 facet normal  2.567693e-01  2.228512e-01  9.404291e-01
   outer loop
     vertex  2.091939e-01 -7.125817e-01  5.926580e-01
     vertex  1.135876e-01 -6.313691e-01  5.995170e-01
     vertex  1.212639e-01 -8.077248e-01  6.392117e-01
   endloop
 endfacet
 facet normal  7.226913e-01  2.067710e-01  6.595173e-01
   outer loop
     vertex  2.091939e-01 -7.125817e-01  5.926580e-01
     vertex  2.678003e-01 -8.121372e-01  5.596504e-01
     vertex  2.469026e-01 -6.353834e-01  5.271342e-01
   endloop
 endfacet
 facet normal  1.608291e-01 -9.816781e-01  1.021863e-01
   outer loop
     vertex  3.281995e-01 -9.980320e-01  4.189183e-01
     vertex  2.051311e-01 -1.019448e+00  4.068753e-01
     vertex  2.279703e-01 -1.023315e+00  3.337798e-01
   endloop
 endfacet
 facet normal  1.701166e-01 -9.812029e-01  9.111143e-02
   outer loop
     vertex  3.281995e-01 -9.980320e-01  4.189183e-01
     vertex  2.279703e-01 -1.023315e+00  3.337798e-01
     vertex  3.452538e-01 -1.001924e+00  3.451633e-01
   endloop
 endfacet
 facet normal  1.305775e-01 -9.781686e-01  1.616654e-01
   outer loop
     vertex  2.939656e-01 -9.944373e-01  4.864528e-01
     vertex  1.560189e-01 -1.016286e+00  4.656760e-01
     vertex  2.051311e-01 -1.019448e+00  4.068753e-01
   endloop
 endfacet
 facet normal  1.574028e-01 -9.786885e-01  1.318830e-01
   outer loop
     vertex  2.939656e-01 -9.944373e-01  4.864528e-01
     vertex  2.051311e-01 -1.019448e+00  4.068753e-01
     vertex  3.281995e-01 -9.980320e-01  4.189183e-01
   endloop
 endfacet
 facet normal  1.300629e-01 -9.777420e-01  1.646338e-01
   outer loop
     vertex  2.445416e-01 -9.913486e-01  5.438419e-01
     vertex  1.560189e-01 -1.016286e+00  4.656760e-01
     vertex  2.939656e-01 -9.944373e-01  4.864528e-01
   endloop
 endfacet
 facet normal  1.376598e-02 -9.750416e-01  2.215951e-01
   outer loop
     vertex  3.722293e-02 -9.867064e-01  6.258502e-01
     vertex  1.174475e-02 -1.013821e+00  5.081248e-01
     vertex  8.811067e-02 -1.014310e+00  5.012301e-01
   endloop
 endfacet
 facet normal  2.202276e-02 -9.741625e-01  2.247719e-01
   outer loop
     vertex  3.722293e-02 -9.867064e-01  6.258502e-01
     vertex  8.811067e-02 -1.014310e+00  5.012301e-01
     vertex  1.123284e-01 -9.873674e-01  6.156265e-01
   endloop
 endfacet
 facet normal -5.257330e-02 -9.753006e-01  2.145338e-01
   outer loop
     vertex -3.815168e-02 -9.870007e-01  6.178273e-01
     vertex -6.145281e-02 -1.014894e+00  4.853104e-01
     vertex  1.174475e-02 -1.013821e+00  5.081248e-01
   endloop
 endfacet
 facet normal -2.053421e-02 -9.732998e-01  2.286172e-01
   outer loop
     vertex -3.815168e-02 -9.870007e-01  6.178273e-01
     vertex  1.174475e-02 -1.013821e+00  5.081248e-01
     vertex  3.722293e-02 -9.867064e-01  6.258502e-01
   endloop
 endfacet
 facet normal -6.132033e-02 -9.744879e-01  2.159008e-01
   outer loop
     vertex -1.094150e-01 -9.882332e-01  5.920240e-01
     vertex -6.145281e-02 -1.014894e+00  4.853104e-01
     vertex -3.815168e-02 -9.870007e-01  6.178273e-01
   endloop
 endfacet
 facet normal -1.541252e-01 -9.792802e-01  1.313613e-01
   outer loop
     vertex -2.597323e-01 -9.965991e-01  4.275166e-01
     vertex -1.559471e-01 -1.020858e+00  3.684417e-01
     vertex -1.203383e-01 -1.017365e+00  4.362602e-01
   endloop
 endfacet
 facet normal -1.542502e-01 -9.788520e-01  1.343712e-01
   outer loop
     vertex -2.597323e-01 -9.965991e-01  4.275166e-01
     vertex -1.203383e-01 -1.017365e+00  4.362602e-01
     vertex -2.235210e-01 -9.931760e-01  4.940208e-01
   endloop
 endfacet
 facet normal -1.711509e-01 -9.829743e-01  6.684998e-02
   outer loop
     vertex -2.789548e-01 -1.000403e+00  3.542922e-01
     vertex -1.628579e-01 -1.024841e+00  2.921797e-01
     vertex -1.559471e-01 -1.020858e+00  3.684417e-01
   endloop
 endfacet
 facet normal -1.740756e-01 -9.799827e-01  9.660010e-02
   outer loop
     vertex -2.789548e-01 -1.000403e+00  3.542922e-01
     vertex -1.559471e-01 -1.020858e+00  3.684417e-01
     vertex -2.597323e-01 -9.965991e-01  4.275166e-01
   endloop
 endfacet
 facet normal -1.779025e-01 -9.825616e-01  5.406792e-02
   outer loop
     vertex -2.800714e-01 -1.004365e+00  2.786031e-01
     vertex -1.628579e-01 -1.024841e+00  2.921797e-01
     vertex -2.789548e-01 -1.000403e+00  3.542922e-01
   endloop
 endfacet
 facet normal -8.528306e-02 -9.905030e-01 -1.078451e-01
   outer loop
     vertex  1.507465e-01 -1.020815e+00  5.114385e-01
     vertex  8.811067e-02 -1.014310e+00  5.012301e-01
     vertex  1.560189e-01 -1.016286e+00  4.656760e-01
   endloop
 endfacet
 facet normal  3.171355e-01 -9.466572e-01 -5.714242e-02
   outer loop
     vertex  1.507465e-01 -1.020815e+00  5.114385e-01
     vertex  1.560189e-01 -1.016286e+00  4.656760e-01
     vertex  2.445416e-01 -9.913486e-01  5.438419e-01
   endloop
 endfacet
 facet normal -1.409178e-01 -9.565839e-01  2.551263e-01
   outer loop
     vertex  1.507465e-01 -1.020815e+00  5.114385e-01
     vertex  1.123284e-01 -9.873674e-01  6.156265e-01
     vertex  8.811067e-02 -1.014310e+00  5.012301e-01
   endloop
 endfacet
 facet normal  2.617762e-01 -8.709834e-01  4.157656e-01
   outer loop
     vertex  1.727407e-01 -1.011009e+00  5.478623e-01
     vertex  2.445416e-01 -9.913486e-01  5.438419e-01
     vertex  1.827998e-01 -9.889454e-01  5.877504e-01
   endloop
 endfacet
 facet normal  1.572430e-01 -8.804271e-01  4.473508e-01
   outer loop
     vertex  1.727407e-01 -1.011009e+00  5.478623e-01
     vertex  1.827998e-01 -9.889454e-01  5.877504e-01
     vertex  1.123284e-01 -9.873674e-01  6.156265e-01
   endloop
 endfacet
 facet normal  2.678865e-01 -9.586259e-01  9.629759e-02
   outer loop
     vertex  1.727407e-01 -1.011009e+00  5.478623e-01
     vertex  1.507465e-01 -1.020815e+00  5.114385e-01
     vertex  2.445416e-01 -9.913486e-01  5.438419e-01
   endloop
 endfacet
 facet normal -5.095784e-02 -9.562191e-01  2.881809e-01
   outer loop
     vertex  1.727407e-01 -1.011009e+00  5.478623e-01
     vertex  1.123284e-01 -9.873674e-01  6.156265e-01
     vertex  1.507465e-01 -1.020815e+00  5.114385e-01
   endloop
 endfacet
 facet normal  1.137181e-01 -9.897261e-01 -8.666324e-02
   outer loop
     vertex -1.247820e-01 -1.021890e+00  4.821109e-01
     vertex -1.203383e-01 -1.017365e+00  4.362602e-01
     vertex -6.145281e-02 -1.014894e+00  4.853104e-01
   endloop
 endfacet
 facet normal  9.143948e-02 -9.556767e-01  2.798587e-01
   outer loop
     vertex -1.247820e-01 -1.021890e+00  4.821109e-01
     vertex -6.145281e-02 -1.014894e+00  4.853104e-01
     vertex -1.094150e-01 -9.882332e-01  5.920240e-01
   endloop
 endfacet
 facet normal -2.906832e-01 -9.490303e-01 -1.218393e-01
   outer loop
     vertex -1.247820e-01 -1.021890e+00  4.821109e-01
     vertex -2.235210e-01 -9.931760e-01  4.940208e-01
     vertex -1.203383e-01 -1.017365e+00  4.362602e-01
   endloop
 endfacet
 facet normal -2.410821e-01 -8.819823e-01  4.049527e-01
   outer loop
     vertex -1.540254e-01 -1.012285e+00  5.130810e-01
     vertex -1.094150e-01 -9.882332e-01  5.920240e-01
     vertex -1.724254e-01 -9.903323e-01  5.499399e-01
   endloop
 endfacet
 facet normal -3.366945e-01 -8.733200e-01  3.520638e-01
   outer loop
     vertex -1.540254e-01 -1.012285e+00  5.130810e-01
     vertex -1.724254e-01 -9.903323e-01  5.499399e-01
     vertex -2.235210e-01 -9.931760e-01  4.940208e-01
   endloop
 endfacet
 facet normal -3.462833e-03 -9.560337e-01  2.932363e-01
   outer loop
     vertex -1.540254e-01 -1.012285e+00  5.130810e-01
     vertex -1.247820e-01 -1.021890e+00  4.821109e-01
     vertex -1.094150e-01 -9.882332e-01  5.920240e-01
   endloop
 endfacet
 facet normal -2.747450e-01 -9.607445e-01  3.853934e-02
   outer loop
     vertex -1.540254e-01 -1.012285e+00  5.130810e-01
     vertex -2.235210e-01 -9.931760e-01  4.940208e-01
     vertex -1.247820e-01 -1.021890e+00  4.821109e-01
   endloop
 endfacet
 facet normal  1.100392e-01  9.935609e-01 -2.698361e-02
   outer loop
     vertex  2.286219e-01 -6.334314e-01  3.133573e-01
     vertex  3.287943e-01 -6.421651e-01  4.002776e-01
     vertex  3.458485e-01 -6.460570e-01  3.265226e-01
   endloop
 endfacet
 facet normal  1.020381e-01  9.947797e-01 -1.226271e-03
   outer loop
     vertex  2.057827e-01 -6.295644e-01  3.864527e-01
     vertex  2.945604e-01 -6.385704e-01  4.678121e-01
     vertex  3.287943e-01 -6.421651e-01  4.002776e-01
   endloop
 endfacet
 facet normal  1.041136e-01  9.943628e-01 -2.007401e-02
   outer loop
     vertex  2.057827e-01 -6.295644e-01  3.864527e-01
     vertex  3.287943e-01 -6.421651e-01  4.002776e-01
     vertex  2.286219e-01 -6.334314e-01  3.133573e-01
   endloop
 endfacet
 facet normal  8.474282e-02  9.962147e-01  1.936463e-02
   outer loop
     vertex  1.566705e-01 -6.264023e-01  4.452534e-01
     vertex  2.451363e-01 -6.354817e-01  5.252012e-01
     vertex  2.945604e-01 -6.385704e-01  4.678121e-01
   endloop
 endfacet
 facet normal  8.505418e-02  9.962232e-01  1.746602e-02
   outer loop
     vertex  1.566705e-01 -6.264023e-01  4.452534e-01
     vertex  2.945604e-01 -6.385704e-01  4.678121e-01
     vertex  2.057827e-01 -6.295644e-01  3.864527e-01
   endloop
 endfacet
 facet normal  1.659006e-02  9.982174e-01  5.733139e-02
   outer loop
     vertex  8.876225e-02 -6.244264e-01  4.808075e-01
     vertex  3.781767e-02 -6.308395e-01  6.072095e-01
     vertex  1.129231e-01 -6.315005e-01  5.969858e-01
   endloop
 endfacet
 facet normal -1.026540e-02  9.981558e-01  5.982955e-02
   outer loop
     vertex  1.239633e-02 -6.239377e-01  4.877022e-01
     vertex -3.755695e-02 -6.311338e-01  5.991865e-01
     vertex  3.781767e-02 -6.308395e-01  6.072095e-01
   endloop
 endfacet
 facet normal  1.137761e-02  9.984083e-01  5.524027e-02
   outer loop
     vertex  1.239633e-02 -6.239377e-01  4.877022e-01
     vertex  3.781767e-02 -6.308395e-01  6.072095e-01
     vertex  8.876225e-02 -6.244264e-01  4.808075e-01
   endloop
 endfacet
 facet normal -3.599297e-02  9.980121e-01  5.173440e-02
   outer loop
     vertex -6.080123e-02 -6.250104e-01  4.648878e-01
     vertex -1.088202e-01 -6.323663e-01  5.733832e-01
     vertex -3.755695e-02 -6.311338e-01  5.991865e-01
   endloop
 endfacet
 facet normal -3.045878e-02  9.982449e-01  5.078716e-02
   outer loop
     vertex -6.080123e-02 -6.250104e-01  4.648878e-01
     vertex -3.755695e-02 -6.311338e-01  5.991865e-01
     vertex  1.239633e-02 -6.239377e-01  4.877022e-01
   endloop
 endfacet
 facet normal -9.460946e-02  9.955144e-01  2.741895e-04
   outer loop
     vertex -1.196868e-01 -6.274813e-01  4.158377e-01
     vertex -2.591375e-01 -6.407321e-01  4.088759e-01
     vertex -2.229262e-01 -6.373091e-01  4.753801e-01
   endloop
 endfacet
 facet normal -1.071714e-01  9.939629e-01 -2.349474e-02
   outer loop
     vertex -1.552955e-01 -6.309742e-01  3.480192e-01
     vertex -2.783600e-01 -6.445356e-01  3.356515e-01
     vertex -2.591375e-01 -6.407321e-01  4.088759e-01
   endloop
 endfacet
 facet normal -9.451426e-02  9.955221e-01 -1.647429e-03
   outer loop
     vertex -1.552955e-01 -6.309742e-01  3.480192e-01
     vertex -2.591375e-01 -6.407321e-01  4.088759e-01
     vertex -1.196868e-01 -6.274813e-01  4.158377e-01
   endloop
 endfacet
 facet normal -1.095618e-01  9.927035e-01 -5.035817e-02
   outer loop
     vertex -1.622063e-01 -6.349573e-01  2.717571e-01
     vertex -2.794766e-01 -6.484984e-01  2.599624e-01
     vertex -2.783600e-01 -6.445356e-01  3.356515e-01
   endloop
 endfacet
 facet normal -1.052298e-01  9.935455e-01 -4.235673e-02
   outer loop
     vertex -1.622063e-01 -6.349573e-01  2.717571e-01
     vertex -2.783600e-01 -6.445356e-01  3.356515e-01
     vertex -1.552955e-01 -6.309742e-01  3.480192e-01
   endloop
 endfacet
 facet normal  2.460760e-01  9.231081e-01  2.954962e-01
   outer loop
     vertex  1.741445e-01 -6.176164e-01  5.285103e-01
     vertex  1.833945e-01 -6.330785e-01  5.691097e-01
     vertex  2.451363e-01 -6.354817e-01  5.252012e-01
   endloop
 endfacet
 facet normal  1.484089e-01  9.349467e-01  3.222570e-01
   outer loop
     vertex  1.741445e-01 -6.176164e-01  5.285103e-01
     vertex  1.129231e-01 -6.315005e-01  5.969858e-01
     vertex  1.833945e-01 -6.330785e-01  5.691097e-01
   endloop
 endfacet
 facet normal -1.043404e-01  9.618903e-01 -2.527452e-01
   outer loop
     vertex  1.521855e-01 -6.147512e-01  4.914463e-01
     vertex  1.566705e-01 -6.264023e-01  4.452534e-01
     vertex  8.876225e-02 -6.244264e-01  4.808075e-01
   endloop
 endfacet
 facet normal  2.405177e-01  9.682847e-01 -6.764536e-02
   outer loop
     vertex  1.521855e-01 -6.147512e-01  4.914463e-01
     vertex  1.741445e-01 -6.176164e-01  5.285103e-01
     vertex  2.451363e-01 -6.354817e-01  5.252012e-01
   endloop
 endfacet
 facet normal -8.342818e-02  9.885356e-01  1.258458e-01
   outer loop
     vertex  1.521855e-01 -6.147512e-01  4.914463e-01
     vertex  1.129231e-01 -6.315005e-01  5.969858e-01
     vertex  1.741445e-01 -6.176164e-01  5.285103e-01
   endloop
 endfacet
 facet normal  2.843891e-01  9.357807e-01 -2.084163e-01
   outer loop
     vertex  1.521855e-01 -6.147512e-01  4.914463e-01
     vertex  2.451363e-01 -6.354817e-01  5.252012e-01
     vertex  1.566705e-01 -6.264023e-01  4.452534e-01
   endloop
 endfacet
 facet normal -1.655591e-01  9.816901e-01  9.420544e-02
   outer loop
     vertex  1.521855e-01 -6.147512e-01  4.914463e-01
     vertex  8.876225e-02 -6.244264e-01  4.808075e-01
     vertex  1.129231e-01 -6.315005e-01  5.969858e-01
   endloop
 endfacet
 facet normal -2.201311e-01  9.335078e-01  2.830292e-01
   outer loop
     vertex -1.543616e-01 -6.188990e-01  4.935438e-01
     vertex -1.718307e-01 -6.344654e-01  5.312992e-01
     vertex -1.088202e-01 -6.323663e-01  5.733832e-01
   endloop
 endfacet
 facet normal -3.098827e-01  9.209375e-01  2.363194e-01
   outer loop
     vertex -1.543616e-01 -6.188990e-01  4.935438e-01
     vertex -2.229262e-01 -6.373091e-01  4.753801e-01
     vertex -1.718307e-01 -6.344654e-01  5.312992e-01
   endloop
 endfacet
 facet normal  1.477741e-01  9.628746e-01 -2.259099e-01
   outer loop
     vertex -1.251156e-01 -6.158339e-01  4.619301e-01
     vertex -6.080123e-02 -6.250104e-01  4.648878e-01
     vertex -1.196868e-01 -6.274813e-01  4.158377e-01
   endloop
 endfacet
 facet normal -2.283587e-01  9.664541e-01 -1.175530e-01
   outer loop
     vertex -1.251156e-01 -6.158339e-01  4.619301e-01
     vertex -2.229262e-01 -6.373091e-01  4.753801e-01
     vertex -1.543616e-01 -6.188990e-01  4.935438e-01
   endloop
 endfacet
 facet normal  1.344355e-01  9.828614e-01  1.261372e-01
   outer loop
     vertex -1.251156e-01 -6.158339e-01  4.619301e-01
     vertex -1.088202e-01 -6.323663e-01  5.733832e-01
     vertex -6.080123e-02 -6.250104e-01  4.648878e-01
   endloop
 endfacet
 facet normal -2.413635e-01  9.337280e-01 -2.643780e-01
   outer loop
     vertex -1.251156e-01 -6.158339e-01  4.619301e-01
     vertex -1.196868e-01 -6.274813e-01  4.158377e-01
     vertex -2.229262e-01 -6.373091e-01  4.753801e-01
   endloop
 endfacet
 facet normal  4.743420e-02  9.890465e-01  1.397749e-01
   outer loop
     vertex -1.251156e-01 -6.158339e-01  4.619301e-01
     vertex -1.543616e-01 -6.188990e-01  4.935438e-01
     vertex -1.088202e-01 -6.323663e-01  5.733832e-01
   endloop
 endfacet
 facet normal  9.546086e-01  1.398983e-02  2.975345e-01
   outer loop
     vertex -1.400187e-01 -1.028708e+00  2.190842e-01
     vertex -1.627307e-01 -9.487716e-01  2.881951e-01
     vertex -1.628579e-01 -1.024841e+00  2.921797e-01
   endloop
 endfacet
 facet normal  9.546086e-01  1.398983e-02  2.975345e-01
   outer loop
     vertex -1.400187e-01 -1.028708e+00  2.190842e-01
     vertex -1.398915e-01 -9.526385e-01  2.150996e-01
     vertex -1.627307e-01 -9.487716e-01  2.881951e-01
   endloop
 endfacet
 facet normal  7.679578e-01  3.222422e-02  6.396893e-01
   outer loop
     vertex -9.090647e-02 -1.031870e+00  1.602835e-01
     vertex -9.077934e-02 -9.558007e-01  1.562989e-01
     vertex -1.398915e-01 -9.526385e-01  2.150996e-01
   endloop
 endfacet
 facet normal  7.679578e-01  3.222422e-02  6.396893e-01
   outer loop
     vertex -9.090647e-02 -1.031870e+00  1.602835e-01
     vertex -1.398915e-01 -9.526385e-01  2.150996e-01
     vertex -1.400187e-01 -1.028708e+00  2.190842e-01
   endloop
 endfacet
 facet normal  4.643924e-01  4.555276e-02  8.844573e-01
   outer loop
     vertex -2.299821e-02 -1.033846e+00  1.247294e-01
     vertex -2.287108e-02 -9.577765e-01  1.207448e-01
     vertex -9.077934e-02 -9.558007e-01  1.562989e-01
   endloop
 endfacet
 facet normal  4.643924e-01  4.555276e-02  8.844573e-01
   outer loop
     vertex -2.299821e-02 -1.033846e+00  1.247294e-01
     vertex -9.077934e-02 -9.558007e-01  1.562989e-01
     vertex -9.090647e-02 -1.031870e+00  1.602835e-01
   endloop
 endfacet
 facet normal  9.012750e-02  5.194631e-02  9.945746e-01
   outer loop
     vertex  5.336771e-02 -1.034335e+00  1.178347e-01
     vertex  5.349484e-02 -9.582653e-01  1.138501e-01
     vertex -2.287108e-02 -9.577765e-01  1.207448e-01
   endloop
 endfacet
 facet normal  9.012750e-02  5.194631e-02  9.945746e-01
   outer loop
     vertex  5.336771e-02 -1.034335e+00  1.178347e-01
     vertex -2.287108e-02 -9.577765e-01  1.207448e-01
     vertex -2.299821e-02 -1.033846e+00  1.247294e-01
   endloop
 endfacet
 facet normal -2.978585e-01  5.043151e-02  9.532770e-01
   outer loop
     vertex  1.265653e-01 -1.033262e+00  1.406491e-01
     vertex  1.266924e-01 -9.571926e-01  1.366645e-01
     vertex  5.349484e-02 -9.582653e-01  1.138501e-01
   endloop
 endfacet
 facet normal -2.978585e-01  5.043151e-02  9.532770e-01
   outer loop
     vertex  1.265653e-01 -1.033262e+00  1.406491e-01
     vertex  5.349484e-02 -9.582653e-01  1.138501e-01
     vertex  5.336771e-02 -1.034335e+00  1.178347e-01
   endloop
 endfacet
 facet normal -6.404983e-01  4.123896e-02  7.668516e-01
   outer loop
     vertex  1.854508e-01 -1.030791e+00  1.896992e-01
     vertex  1.855779e-01 -9.547217e-01  1.857146e-01
     vertex  1.266924e-01 -9.571926e-01  1.366645e-01
   endloop
 endfacet
 facet normal -6.404983e-01  4.123896e-02  7.668516e-01
   outer loop
     vertex  1.854508e-01 -1.030791e+00  1.896992e-01
     vertex  1.266924e-01 -9.571926e-01  1.366645e-01
     vertex  1.265653e-01 -1.033262e+00  1.406491e-01
   endloop
 endfacet
 facet normal -8.856280e-01  2.576816e-02  4.636800e-01
   outer loop
     vertex  2.210595e-01 -1.027298e+00  2.575177e-01
     vertex  2.211867e-01 -9.512288e-01  2.535331e-01
     vertex  1.855779e-01 -9.547217e-01  1.857146e-01
   endloop
 endfacet
 facet normal -8.856280e-01  2.576816e-02  4.636800e-01
   outer loop
     vertex  2.210595e-01 -1.027298e+00  2.575177e-01
     vertex  1.855779e-01 -9.547217e-01  1.857146e-01
     vertex  1.854508e-01 -1.030791e+00  1.896992e-01
   endloop
 endfacet
 facet normal -9.959288e-01  6.374385e-03  8.991729e-02
   outer loop
     vertex  2.279703e-01 -1.023315e+00  3.337798e-01
     vertex  2.280975e-01 -9.472456e-01  3.297952e-01
     vertex  2.211867e-01 -9.512288e-01  2.535331e-01
   endloop
 endfacet
 facet normal -9.959288e-01  6.374385e-03  8.991729e-02
   outer loop
     vertex  2.279703e-01 -1.023315e+00  3.337798e-01
     vertex  2.211867e-01 -9.512288e-01  2.535331e-01
     vertex  2.210595e-01 -1.027298e+00  2.575177e-01
   endloop
 endfacet
 facet normal  6.803575e-01 -6.892671e-01  2.490473e-01
   outer loop
     vertex -1.398915e-01 -9.526385e-01  2.150996e-01
     vertex -1.366318e-01 -9.225031e-01  2.895978e-01
     vertex -1.627307e-01 -9.487716e-01  2.881951e-01
   endloop
 endfacet
 facet normal  6.488417e-01 -7.148441e-01  2.607725e-01
   outer loop
     vertex -1.398915e-01 -9.526385e-01  2.150996e-01
     vertex -1.120342e-01 -9.262945e-01  2.180021e-01
     vertex -1.366318e-01 -9.225031e-01  2.895978e-01
   endloop
 endfacet
 facet normal  4.735524e-01 -7.199316e-01  5.073920e-01
   outer loop
     vertex -9.077934e-02 -9.558007e-01  1.562989e-01
     vertex -5.876486e-02 -9.292040e-01  1.641572e-01
     vertex -1.120342e-01 -9.262945e-01  2.180021e-01
   endloop
 endfacet
 facet normal  5.641152e-01 -6.522959e-01  5.062451e-01
   outer loop
     vertex -9.077934e-02 -9.558007e-01  1.562989e-01
     vertex -1.120342e-01 -9.262945e-01  2.180021e-01
     vertex -1.398915e-01 -9.526385e-01  2.150996e-01
   endloop
 endfacet
 facet normal  2.191084e-01 -7.219587e-01  6.563286e-01
   outer loop
     vertex -2.287108e-02 -9.577765e-01  1.207448e-01
     vertex  1.262559e-02 -9.306553e-01  1.387278e-01
     vertex -5.876486e-02 -9.292040e-01  1.641572e-01
   endloop
 endfacet
 facet normal  3.477159e-01 -6.250372e-01  6.988721e-01
   outer loop
     vertex -2.287108e-02 -9.577765e-01  1.207448e-01
     vertex -5.876486e-02 -9.292040e-01  1.641572e-01
     vertex -9.077934e-02 -9.558007e-01  1.562989e-01
   endloop
 endfacet
 facet normal  6.729875e-02 -6.110536e-01  7.887233e-01
   outer loop
     vertex  5.349484e-02 -9.582653e-01  1.138501e-01
     vertex  1.262559e-02 -9.306553e-01  1.387278e-01
     vertex -2.287108e-02 -9.577765e-01  1.207448e-01
   endloop
 endfacet
 facet normal -7.031056e-02 -7.231673e-01  6.870848e-01
   outer loop
     vertex  8.799738e-02 -9.303610e-01  1.467505e-01
     vertex  1.262559e-02 -9.306553e-01  1.387278e-01
     vertex  5.349484e-02 -9.582653e-01  1.138501e-01
   endloop
 endfacet
 facet normal -2.270925e-01 -6.122030e-01  7.573880e-01
   outer loop
     vertex  1.266924e-01 -9.571926e-01  1.366645e-01
     vertex  8.799738e-02 -9.303610e-01  1.467505e-01
     vertex  5.349484e-02 -9.582653e-01  1.138501e-01
   endloop
 endfacet
 facet normal -3.467716e-01 -7.241680e-01  5.960957e-01
   outer loop
     vertex  1.524222e-01 -9.283795e-01  1.866362e-01
     vertex  8.799738e-02 -9.303610e-01  1.467505e-01
     vertex  1.266924e-01 -9.571926e-01  1.366645e-01
   endloop
 endfacet
 facet normal -4.821972e-01 -6.282774e-01  6.105353e-01
   outer loop
     vertex  1.855779e-01 -9.547217e-01  1.857146e-01
     vertex  1.524222e-01 -9.283795e-01  1.866362e-01
     vertex  1.266924e-01 -9.571926e-01  1.366645e-01
   endloop
 endfacet
 facet normal -5.641725e-01 -7.239832e-01  3.969355e-01
   outer loop
     vertex  1.931400e-01 -9.251030e-01  2.504851e-01
     vertex  1.524222e-01 -9.283795e-01  1.866362e-01
     vertex  1.855779e-01 -9.547217e-01  1.857146e-01
   endloop
 endfacet
 facet normal -6.529843e-01 -6.570478e-01  3.766958e-01
   outer loop
     vertex  2.211867e-01 -9.512288e-01  2.535331e-01
     vertex  1.931400e-01 -9.251030e-01  2.504851e-01
     vertex  1.855779e-01 -9.547217e-01  1.857146e-01
   endloop
 endfacet
 facet normal -6.836565e-01 -7.200466e-01  1.189401e-01
   outer loop
     vertex  2.020860e-01 -9.211807e-01  3.256512e-01
     vertex  1.931400e-01 -9.251030e-01  2.504851e-01
     vertex  2.211867e-01 -9.512288e-01  2.535331e-01
   endloop
 endfacet
 facet normal -7.121946e-01 -6.947040e-01  1.008226e-01
   outer loop
     vertex  2.280975e-01 -9.472456e-01  3.297952e-01
     vertex  2.020860e-01 -9.211807e-01  3.256512e-01
     vertex  2.211867e-01 -9.512288e-01  2.535331e-01
   endloop
 endfacet
 facet normal  9.458792e-01  1.539874e-02  3.241533e-01
   outer loop
     vertex -1.120342e-01 -9.262945e-01  2.180021e-01
     vertex -1.362286e-01 -6.812296e-01  2.769596e-01
     vertex -1.366318e-01 -9.225031e-01  2.895978e-01
   endloop
 endfacet
 facet normal  9.458792e-01  1.539874e-02  3.241533e-01
   outer loop
     vertex -1.120342e-01 -9.262945e-01  2.180021e-01
     vertex -1.116310e-01 -6.850209e-01  2.053639e-01
     vertex -1.362286e-01 -6.812296e-01  2.769596e-01
   endloop
 endfacet
 facet normal  7.114062e-01  3.557635e-02  7.018800e-01
   outer loop
     vertex -5.876486e-02 -9.292040e-01  1.641572e-01
     vertex -5.836164e-02 -6.879304e-01  1.515190e-01
     vertex -1.116310e-01 -6.850209e-01  2.053639e-01
   endloop
 endfacet
 facet normal  7.114062e-01  3.557635e-02  7.018800e-01
   outer loop
     vertex -5.876486e-02 -9.292040e-01  1.641572e-01
     vertex -1.116310e-01 -6.850209e-01  2.053639e-01
     vertex -1.120342e-01 -9.262945e-01  2.180021e-01
   endloop
 endfacet
 facet normal  3.360304e-01  4.870763e-02  9.405909e-01
   outer loop
     vertex  1.262559e-02 -9.306553e-01  1.387278e-01
     vertex  1.302881e-02 -6.893818e-01  1.260896e-01
     vertex -5.836164e-02 -6.879304e-01  1.515190e-01
   endloop
 endfacet
 facet normal  3.360304e-01  4.870763e-02  9.405909e-01
   outer loop
     vertex  1.262559e-02 -9.306553e-01  1.387278e-01
     vertex -5.836164e-02 -6.879304e-01  1.515190e-01
     vertex -5.876486e-02 -9.292040e-01  1.641572e-01
   endloop
 endfacet
 facet normal -1.059004e-01  5.219176e-02  9.930061e-01
   outer loop
     vertex  8.799738e-02 -9.303610e-01  1.467505e-01
     vertex  8.840061e-02 -6.890875e-01  1.341123e-01
     vertex  1.302881e-02 -6.893818e-01  1.260896e-01
   endloop
 endfacet
 facet normal -1.059004e-01  5.219176e-02  9.930061e-01
   outer loop
     vertex  8.799738e-02 -9.303610e-01  1.467505e-01
     vertex  1.302881e-02 -6.893818e-01  1.260896e-01
     vertex  1.262559e-02 -9.306553e-01  1.387278e-01
   endloop
 endfacet
 facet normal -5.268562e-01  4.533868e-02  8.487443e-01
   outer loop
     vertex  1.524222e-01 -9.283795e-01  1.866362e-01
     vertex  1.528254e-01 -6.871059e-01  1.739980e-01
     vertex  8.840061e-02 -6.890875e-01  1.341123e-01
   endloop
 endfacet
 facet normal -5.268562e-01  4.533868e-02  8.487443e-01
   outer loop
     vertex  1.524222e-01 -9.283795e-01  1.866362e-01
     vertex  8.840061e-02 -6.890875e-01  1.341123e-01
     vertex  8.799738e-02 -9.303610e-01  1.467505e-01
   endloop
 endfacet
 facet normal -8.434617e-01  2.950571e-02  5.363783e-01
   outer loop
     vertex  1.931400e-01 -9.251030e-01  2.504851e-01
     vertex  1.935432e-01 -6.838295e-01  2.378470e-01
     vertex  1.528254e-01 -6.871059e-01  1.739980e-01
   endloop
 endfacet
 facet normal -8.434617e-01  2.950571e-02  5.363783e-01
   outer loop
     vertex  1.931400e-01 -9.251030e-01  2.504851e-01
     vertex  1.528254e-01 -6.871059e-01  1.739980e-01
     vertex  1.524222e-01 -9.283795e-01  1.866362e-01
   endloop
 endfacet
 facet normal -9.930093e-01  7.828777e-03  1.177760e-01
   outer loop
     vertex  2.020860e-01 -9.211807e-01  3.256512e-01
     vertex  2.024892e-01 -6.799071e-01  3.130130e-01
     vertex  1.935432e-01 -6.838295e-01  2.378470e-01
   endloop
 endfacet
 facet normal -9.930093e-01  7.828777e-03  1.177760e-01
   outer loop
     vertex  2.020860e-01 -9.211807e-01  3.256512e-01
     vertex  1.935432e-01 -6.838295e-01  2.378470e-01
     vertex  1.931400e-01 -9.251030e-01  2.504851e-01
   endloop
 endfacet
 facet normal -6.461736e-01  7.629612e-01  1.870648e-02
   outer loop
     vertex  2.216703e-01 -6.618321e-01  2.383742e-01
     vertex  2.024892e-01 -6.799071e-01  3.130130e-01
     vertex  2.285811e-01 -6.578489e-01  3.146363e-01
   endloop
 endfacet
 facet normal -6.160996e-01  7.870074e-01  3.225825e-02
   outer loop
     vertex  2.216703e-01 -6.618321e-01  2.383742e-01
     vertex  1.935432e-01 -6.838295e-01  2.378470e-01
     vertex  2.024892e-01 -6.799071e-01  3.130130e-01
   endloop
 endfacet
 facet normal -5.056097e-01  8.158669e-01  2.805709e-01
   outer loop
     vertex  1.860616e-01 -6.653250e-01  1.705557e-01
     vertex  1.528254e-01 -6.871059e-01  1.739980e-01
     vertex  1.935432e-01 -6.838295e-01  2.378470e-01
   endloop
 endfacet
 facet normal -5.956715e-01  7.550955e-01  2.738726e-01
   outer loop
     vertex  1.860616e-01 -6.653250e-01  1.705557e-01
     vertex  1.935432e-01 -6.838295e-01  2.378470e-01
     vertex  2.216703e-01 -6.618321e-01  2.383742e-01
   endloop
 endfacet
 facet normal -3.089891e-01  8.337048e-01  4.576703e-01
   outer loop
     vertex  1.271760e-01 -6.677959e-01  1.215056e-01
     vertex  8.840061e-02 -6.890875e-01  1.341123e-01
     vertex  1.528254e-01 -6.871059e-01  1.739980e-01
   endloop
 endfacet
 facet normal -4.410853e-01  7.507762e-01  4.917102e-01
   outer loop
     vertex  1.271760e-01 -6.677959e-01  1.215056e-01
     vertex  1.528254e-01 -6.871059e-01  1.739980e-01
     vertex  1.860616e-01 -6.653250e-01  1.705557e-01
   endloop
 endfacet
 facet normal -2.070104e-01  7.493909e-01  6.289356e-01
   outer loop
     vertex  5.397848e-02 -6.688686e-01  9.869119e-02
     vertex  8.840061e-02 -6.890875e-01  1.341123e-01
     vertex  1.271760e-01 -6.677959e-01  1.215056e-01
   endloop
 endfacet
 facet normal -6.061033e-02  8.403780e-01  5.386012e-01
   outer loop
     vertex  1.302881e-02 -6.893818e-01  1.260896e-01
     vertex  8.840061e-02 -6.890875e-01  1.341123e-01
     vertex  5.397848e-02 -6.688686e-01  9.869119e-02
   endloop
 endfacet
 facet normal  6.419283e-02  7.504498e-01  6.578027e-01
   outer loop
     vertex -2.238744e-02 -6.683798e-01  1.055859e-01
     vertex  1.302881e-02 -6.893818e-01  1.260896e-01
     vertex  5.397848e-02 -6.688686e-01  9.869119e-02
   endloop
 endfacet
 facet normal  1.992830e-01  8.356892e-01  5.117713e-01
   outer loop
     vertex -5.836164e-02 -6.879304e-01  1.515190e-01
     vertex  1.302881e-02 -6.893818e-01  1.260896e-01
     vertex -2.238744e-02 -6.683798e-01  1.055859e-01
   endloop
 endfacet
 facet normal  3.218907e-01  7.537550e-01  5.729221e-01
   outer loop
     vertex -9.029570e-02 -6.664040e-01  1.411400e-01
     vertex -5.836164e-02 -6.879304e-01  1.515190e-01
     vertex -2.238744e-02 -6.683798e-01  1.055859e-01
   endloop
 endfacet
 facet normal  4.289084e-01  8.195155e-01  3.800419e-01
   outer loop
     vertex -1.116310e-01 -6.850209e-01  2.053639e-01
     vertex -5.836164e-02 -6.879304e-01  1.515190e-01
     vertex -9.029570e-02 -6.664040e-01  1.411400e-01
   endloop
 endfacet
 facet normal  5.188288e-01  7.594469e-01  3.925012e-01
   outer loop
     vertex -1.394079e-01 -6.632418e-01  1.999407e-01
     vertex -1.116310e-01 -6.850209e-01  2.053639e-01
     vertex -9.029570e-02 -6.664040e-01  1.411400e-01
   endloop
 endfacet
 facet normal  5.894106e-01  7.917141e-01  1.605740e-01
   outer loop
     vertex -1.362286e-01 -6.812296e-01  2.769596e-01
     vertex -1.116310e-01 -6.850209e-01  2.053639e-01
     vertex -1.394079e-01 -6.632418e-01  1.999407e-01
   endloop
 endfacet
 facet normal  6.218481e-01  7.679119e-01  1.536760e-01
   outer loop
     vertex -1.622471e-01 -6.593748e-01  2.730361e-01
     vertex -1.362286e-01 -6.812296e-01  2.769596e-01
     vertex -1.394079e-01 -6.632418e-01  1.999407e-01
   endloop
 endfacet
 facet normal  9.546086e-01  1.398983e-02  2.975345e-01
   outer loop
     vertex -1.394079e-01 -6.632418e-01  1.999407e-01
     vertex -1.622063e-01 -6.349573e-01  2.717571e-01
     vertex -1.622471e-01 -6.593748e-01  2.730361e-01
   endloop
 endfacet
 facet normal  9.546086e-01  1.398983e-02  2.975345e-01
   outer loop
     vertex -1.394079e-01 -6.632418e-01  1.999407e-01
     vertex -1.393671e-01 -6.388243e-01  1.986617e-01
     vertex -1.622063e-01 -6.349573e-01  2.717571e-01
   endloop
 endfacet
 facet normal  7.679578e-01  3.222422e-02  6.396893e-01
   outer loop
     vertex -9.029570e-02 -6.664040e-01  1.411400e-01
     vertex -9.025489e-02 -6.419864e-01  1.398610e-01
     vertex -1.393671e-01 -6.388243e-01  1.986617e-01
   endloop
 endfacet
 facet normal  7.679578e-01  3.222422e-02  6.396893e-01
   outer loop
     vertex -9.029570e-02 -6.664040e-01  1.411400e-01
     vertex -1.393671e-01 -6.388243e-01  1.986617e-01
     vertex -1.394079e-01 -6.632418e-01  1.999407e-01
   endloop
 endfacet
 facet normal  4.643924e-01  4.555276e-02  8.844573e-01
   outer loop
     vertex -2.238744e-02 -6.683798e-01  1.055859e-01
     vertex -2.234663e-02 -6.439623e-01  1.043069e-01
     vertex -9.025489e-02 -6.419864e-01  1.398610e-01
   endloop
 endfacet
 facet normal  4.643924e-01  4.555276e-02  8.844573e-01
   outer loop
     vertex -2.238744e-02 -6.683798e-01  1.055859e-01
     vertex -9.025489e-02 -6.419864e-01  1.398610e-01
     vertex -9.029570e-02 -6.664040e-01  1.411400e-01
   endloop
 endfacet
 facet normal  9.012750e-02  5.194631e-02  9.945746e-01
   outer loop
     vertex  5.397848e-02 -6.688686e-01  9.869119e-02
     vertex  5.401929e-02 -6.444510e-01  9.741217e-02
     vertex -2.234663e-02 -6.439623e-01  1.043069e-01
   endloop
 endfacet
 facet normal  9.012750e-02  5.194631e-02  9.945746e-01
   outer loop
     vertex  5.397848e-02 -6.688686e-01  9.869119e-02
     vertex -2.234663e-02 -6.439623e-01  1.043069e-01
     vertex -2.238744e-02 -6.683798e-01  1.055859e-01
   endloop
 endfacet
 facet normal -2.978585e-01  5.043151e-02  9.532770e-01
   outer loop
     vertex  1.271760e-01 -6.677959e-01  1.215056e-01
     vertex  1.272168e-01 -6.433783e-01  1.202265e-01
     vertex  5.401929e-02 -6.444510e-01  9.741217e-02
   endloop
 endfacet
 facet normal -2.978585e-01  5.043151e-02  9.532770e-01
   outer loop
     vertex  1.271760e-01 -6.677959e-01  1.215056e-01
     vertex  5.401929e-02 -6.444510e-01  9.741217e-02
     vertex  5.397848e-02 -6.688686e-01  9.869119e-02
   endloop
 endfacet
 facet normal -6.404983e-01  4.123896e-02  7.668516e-01
   outer loop
     vertex  1.860616e-01 -6.653250e-01  1.705557e-01
     vertex  1.861024e-01 -6.409074e-01  1.692767e-01
     vertex  1.272168e-01 -6.433783e-01  1.202265e-01
   endloop
 endfacet
 facet normal -6.404983e-01  4.123896e-02  7.668516e-01
   outer loop
     vertex  1.860616e-01 -6.653250e-01  1.705557e-01
     vertex  1.272168e-01 -6.433783e-01  1.202265e-01
     vertex  1.271760e-01 -6.677959e-01  1.215056e-01
   endloop
 endfacet
 facet normal -8.856280e-01  2.576816e-02  4.636800e-01
   outer loop
     vertex  2.216703e-01 -6.618321e-01  2.383742e-01
     vertex  2.217111e-01 -6.374145e-01  2.370952e-01
     vertex  1.861024e-01 -6.409074e-01  1.692767e-01
   endloop
 endfacet
 facet normal -8.856280e-01  2.576816e-02  4.636800e-01
   outer loop
     vertex  2.216703e-01 -6.618321e-01  2.383742e-01
     vertex  1.861024e-01 -6.409074e-01  1.692767e-01
     vertex  1.860616e-01 -6.653250e-01  1.705557e-01
   endloop
 endfacet
 facet normal -9.959288e-01  6.374385e-03  8.991729e-02
   outer loop
     vertex  2.285811e-01 -6.578489e-01  3.146363e-01
     vertex  2.286219e-01 -6.334314e-01  3.133573e-01
     vertex  2.217111e-01 -6.374145e-01  2.370952e-01
   endloop
 endfacet
 facet normal -9.959288e-01  6.374385e-03  8.991729e-02
   outer loop
     vertex  2.285811e-01 -6.578489e-01  3.146363e-01
     vertex  2.217111e-01 -6.374145e-01  2.370952e-01
     vertex  2.216703e-01 -6.618321e-01  2.383742e-01
   endloop
 endfacet
 facet normal -1.067221e-01  9.913040e-01 -7.698585e-02
   outer loop
     vertex -1.622063e-01 -6.349573e-01  2.717571e-01
     vertex -2.624224e-01 -6.523903e-01  1.862074e-01
     vertex -2.794766e-01 -6.484984e-01  2.599624e-01
   endloop
 endfacet
 facet normal -9.872143e-02  9.897985e-01 -1.027282e-01
   outer loop
     vertex -1.393671e-01 -6.388243e-01  1.986617e-01
     vertex -2.281885e-01 -6.559850e-01  1.186730e-01
     vertex -2.624224e-01 -6.523903e-01  1.862074e-01
   endloop
 endfacet
 facet normal -1.007950e-01  9.913599e-01 -8.394038e-02
   outer loop
     vertex -1.393671e-01 -6.388243e-01  1.986617e-01
     vertex -2.624224e-01 -6.523903e-01  1.862074e-01
     vertex -1.622063e-01 -6.349573e-01  2.717571e-01
   endloop
 endfacet
 facet normal -8.142506e-02  9.890166e-01 -1.233533e-01
   outer loop
     vertex -9.025489e-02 -6.419864e-01  1.398610e-01
     vertex -1.787644e-01 -6.590737e-01  6.128385e-02
     vertex -2.281885e-01 -6.559850e-01  1.186730e-01
   endloop
 endfacet
 facet normal -8.173606e-02  9.892246e-01 -1.214660e-01
   outer loop
     vertex -9.025489e-02 -6.419864e-01  1.398610e-01
     vertex -2.281885e-01 -6.559850e-01  1.186730e-01
     vertex -1.393671e-01 -6.388243e-01  1.986617e-01
   endloop
 endfacet
 facet normal -1.327264e-02  9.868146e-01 -1.613096e-01
   outer loop
     vertex -2.234663e-02 -6.439623e-01  1.043069e-01
     vertex  2.855422e-02 -6.637159e-01 -2.072447e-02
     vertex -4.655122e-02 -6.630548e-01 -1.050080e-02
   endloop
 endfacet
 facet normal  1.358203e-02  9.864029e-01 -1.637830e-01
   outer loop
     vertex  5.401929e-02 -6.444510e-01  9.741217e-02
     vertex  1.039288e-01 -6.634216e-01 -1.270152e-02
     vertex  2.855422e-02 -6.637159e-01 -2.072447e-02
   endloop
 endfacet
 facet normal -8.059217e-03  9.872056e-01 -1.592490e-01
   outer loop
     vertex  5.401929e-02 -6.444510e-01  9.741217e-02
     vertex  2.855422e-02 -6.637159e-01 -2.072447e-02
     vertex -2.234663e-02 -6.439623e-01  1.043069e-01
   endloop
 endfacet
 facet normal  3.931040e-02  9.870199e-01 -1.557126e-01
   outer loop
     vertex  1.272168e-01 -6.433783e-01  1.202265e-01
     vertex  1.751921e-01 -6.621891e-01  1.310178e-02
     vertex  1.039288e-01 -6.634216e-01 -1.270152e-02
   endloop
 endfacet
 facet normal  3.377717e-02  9.873689e-01 -1.547959e-01
   outer loop
     vertex  1.272168e-01 -6.433783e-01  1.202265e-01
     vertex  1.039288e-01 -6.634216e-01 -1.270152e-02
     vertex  5.401929e-02 -6.444510e-01  9.741217e-02
   endloop
 endfacet
 facet normal  9.792722e-02  9.897169e-01 -1.042628e-01
   outer loop
     vertex  1.861024e-01 -6.409074e-01  1.692767e-01
     vertex  3.255094e-01 -6.538232e-01  1.776091e-01
     vertex  2.892981e-01 -6.572463e-01  1.111049e-01
   endloop
 endfacet
 facet normal  1.104880e-01  9.906153e-01 -8.045970e-02
   outer loop
     vertex  2.217111e-01 -6.374145e-01  2.370952e-01
     vertex  3.447319e-01 -6.500198e-01  2.508336e-01
     vertex  3.255094e-01 -6.538232e-01  1.776091e-01
   endloop
 endfacet
 facet normal  9.783238e-02  9.899256e-01 -1.023526e-01
   outer loop
     vertex  2.217111e-01 -6.374145e-01  2.370952e-01
     vertex  3.255094e-01 -6.538232e-01  1.776091e-01
     vertex  1.861024e-01 -6.409074e-01  1.692767e-01
   endloop
 endfacet
 facet normal  1.128790e-01  9.921614e-01 -5.361129e-02
   outer loop
     vertex  2.286219e-01 -6.334314e-01  3.133573e-01
     vertex  3.458485e-01 -6.460570e-01  3.265226e-01
     vertex  3.447319e-01 -6.500198e-01  2.508336e-01
   endloop
 endfacet
 facet normal  1.085484e-01  9.921772e-01 -6.165766e-02
   outer loop
     vertex  2.286219e-01 -6.334314e-01  3.133573e-01
     vertex  3.447319e-01 -6.500198e-01  2.508336e-01
     vertex  2.217111e-01 -6.374145e-01  2.370952e-01
   endloop
 endfacet
 facet normal -2.430493e-01  8.879994e-01 -3.903641e-01
   outer loop
     vertex -1.077140e-01 -6.418887e-01  5.613873e-02
     vertex -1.170226e-01 -6.614769e-01  1.737532e-02
     vertex -1.787644e-01 -6.590737e-01  6.128385e-02
   endloop
 endfacet
 facet normal -1.453479e-01  8.966517e-01 -4.181982e-01
   outer loop
     vertex -1.077140e-01 -6.418887e-01  5.613873e-02
     vertex -4.655122e-02 -6.630548e-01 -1.050080e-02
     vertex -1.170226e-01 -6.614769e-01  1.737532e-02
   endloop
 endfacet
 facet normal  1.075902e-01  9.826788e-01  1.508865e-01
   outer loop
     vertex -8.573909e-02 -6.352401e-01  9.270443e-02
     vertex -9.025489e-02 -6.419864e-01  1.398610e-01
     vertex -2.234663e-02 -6.439623e-01  1.043069e-01
   endloop
 endfacet
 facet normal -2.372770e-01  9.708494e-01 -3.392866e-02
   outer loop
     vertex -8.573909e-02 -6.352401e-01  9.270443e-02
     vertex -1.077140e-01 -6.418887e-01  5.613873e-02
     vertex -1.787644e-01 -6.590737e-01  6.128385e-02
   endloop
 endfacet
 facet normal  8.670081e-02  9.696944e-01 -2.284201e-01
   outer loop
     vertex -8.573909e-02 -6.352401e-01  9.270443e-02
     vertex -4.655122e-02 -6.630548e-01 -1.050080e-02
     vertex -1.077140e-01 -6.418887e-01  5.613873e-02
   endloop
 endfacet
 facet normal -2.812319e-01  9.533767e-01  1.094602e-01
   outer loop
     vertex -8.573909e-02 -6.352401e-01  9.270443e-02
     vertex -1.787644e-01 -6.590737e-01  6.128385e-02
     vertex -9.025489e-02 -6.419864e-01  1.398610e-01
   endloop
 endfacet
 facet normal  1.688140e-01  9.659183e-01 -1.962234e-01
   outer loop
     vertex -8.573909e-02 -6.352401e-01  9.270443e-02
     vertex -2.234663e-02 -6.439623e-01  1.043069e-01
     vertex -4.655122e-02 -6.630548e-01 -1.050080e-02
   endloop
 endfacet
 facet normal  2.231921e-01  8.980906e-01 -3.789704e-01
   outer loop
     vertex  2.207921e-01 -6.406061e-01  9.110526e-02
     vertex  2.382025e-01 -6.600900e-01  5.518585e-02
     vertex  1.751921e-01 -6.621891e-01  1.310178e-02
   endloop
 endfacet
 facet normal  3.129094e-01  8.901700e-01 -3.311873e-01
   outer loop
     vertex  2.207921e-01 -6.406061e-01  9.110526e-02
     vertex  2.892981e-01 -6.572463e-01  1.111049e-01
     vertex  2.382025e-01 -6.600900e-01  5.518585e-02
   endloop
 endfacet
 facet normal -1.445243e-01  9.816945e-01  1.240512e-01
   outer loop
     vertex  1.915620e-01 -6.341575e-01  1.222206e-01
     vertex  1.272168e-01 -6.433783e-01  1.202265e-01
     vertex  1.861024e-01 -6.409074e-01  1.692767e-01
   endloop
 endfacet
 facet normal  2.315995e-01  9.726800e-01  1.597902e-02
   outer loop
     vertex  1.915620e-01 -6.341575e-01  1.222206e-01
     vertex  2.892981e-01 -6.572463e-01  1.111049e-01
     vertex  2.207921e-01 -6.406061e-01  9.110526e-02
   endloop
 endfacet
 facet normal -1.311806e-01  9.647471e-01 -2.281551e-01
   outer loop
     vertex  1.915620e-01 -6.341575e-01  1.222206e-01
     vertex  1.751921e-01 -6.621891e-01  1.310178e-02
     vertex  1.272168e-01 -6.433783e-01  1.202265e-01
   endloop
 endfacet
 facet normal  2.445207e-01  9.554294e-01  1.654218e-01
   outer loop
     vertex  1.915620e-01 -6.341575e-01  1.222206e-01
     vertex  1.861024e-01 -6.409074e-01  1.692767e-01
     vertex  2.892981e-01 -6.572463e-01  1.111049e-01
   endloop
 endfacet
 facet normal -4.416156e-02  9.691835e-01 -2.423492e-01
   outer loop
     vertex  1.915620e-01 -6.341575e-01  1.222206e-01
     vertex  2.207921e-01 -6.406061e-01  9.110526e-02
     vertex  1.751921e-01 -6.621891e-01  1.310178e-02
   endloop
 endfacet
 facet normal -9.546086e-01 -1.398983e-02 -2.975345e-01
   outer loop
     vertex  2.057419e-01 -6.539819e-01  3.877317e-01
     vertex  2.286219e-01 -6.334314e-01  3.133573e-01
     vertex  2.285811e-01 -6.578489e-01  3.146363e-01
   endloop
 endfacet
 facet normal -9.546086e-01 -1.398983e-02 -2.975345e-01
   outer loop
     vertex  2.057419e-01 -6.539819e-01  3.877317e-01
     vertex  2.057827e-01 -6.295644e-01  3.864527e-01
     vertex  2.286219e-01 -6.334314e-01  3.133573e-01
   endloop
 endfacet
 facet normal -7.679578e-01 -3.222422e-02 -6.396893e-01
   outer loop
     vertex  1.566297e-01 -6.508198e-01  4.465325e-01
     vertex  1.566705e-01 -6.264023e-01  4.452534e-01
     vertex  2.057827e-01 -6.295644e-01  3.864527e-01
   endloop
 endfacet
 facet normal -7.679578e-01 -3.222422e-02 -6.396893e-01
   outer loop
     vertex  1.566297e-01 -6.508198e-01  4.465325e-01
     vertex  2.057827e-01 -6.295644e-01  3.864527e-01
     vertex  2.057419e-01 -6.539819e-01  3.877317e-01
   endloop
 endfacet
 facet normal -4.643924e-01 -4.555276e-02 -8.844573e-01
   outer loop
     vertex  8.872144e-02 -6.488440e-01  4.820865e-01
     vertex  8.876225e-02 -6.244264e-01  4.808075e-01
     vertex  1.566705e-01 -6.264023e-01  4.452534e-01
   endloop
 endfacet
 facet normal -4.643924e-01 -4.555276e-02 -8.844573e-01
   outer loop
     vertex  8.872144e-02 -6.488440e-01  4.820865e-01
     vertex  1.566705e-01 -6.264023e-01  4.452534e-01
     vertex  1.566297e-01 -6.508198e-01  4.465325e-01
   endloop
 endfacet
 facet normal -9.012750e-02 -5.194631e-02 -9.945746e-01
   outer loop
     vertex  1.235552e-02 -6.483552e-01  4.889812e-01
     vertex  1.239633e-02 -6.239377e-01  4.877022e-01
     vertex  8.876225e-02 -6.244264e-01  4.808075e-01
   endloop
 endfacet
 facet normal -9.012750e-02 -5.194631e-02 -9.945746e-01
   outer loop
     vertex  1.235552e-02 -6.483552e-01  4.889812e-01
     vertex  8.876225e-02 -6.244264e-01  4.808075e-01
     vertex  8.872144e-02 -6.488440e-01  4.820865e-01
   endloop
 endfacet
 facet normal  2.978585e-01 -5.043151e-02 -9.532770e-01
   outer loop
     vertex -6.084204e-02 -6.494279e-01  4.661669e-01
     vertex -6.080123e-02 -6.250104e-01  4.648878e-01
     vertex  1.239633e-02 -6.239377e-01  4.877022e-01
   endloop
 endfacet
 facet normal  2.978585e-01 -5.043151e-02 -9.532770e-01
   outer loop
     vertex -6.084204e-02 -6.494279e-01  4.661669e-01
     vertex  1.239633e-02 -6.239377e-01  4.877022e-01
     vertex  1.235552e-02 -6.483552e-01  4.889812e-01
   endloop
 endfacet
 facet normal  6.404983e-01 -4.123896e-02 -7.668516e-01
   outer loop
     vertex -1.197276e-01 -6.518988e-01  4.171167e-01
     vertex -1.196868e-01 -6.274813e-01  4.158377e-01
     vertex -6.080123e-02 -6.250104e-01  4.648878e-01
   endloop
 endfacet
 facet normal  6.404983e-01 -4.123896e-02 -7.668516e-01
   outer loop
     vertex -1.197276e-01 -6.518988e-01  4.171167e-01
     vertex -6.080123e-02 -6.250104e-01  4.648878e-01
     vertex -6.084204e-02 -6.494279e-01  4.661669e-01
   endloop
 endfacet
 facet normal  8.856280e-01 -2.576816e-02 -4.636800e-01
   outer loop
     vertex -1.553363e-01 -6.553917e-01  3.492982e-01
     vertex -1.552955e-01 -6.309742e-01  3.480192e-01
     vertex -1.196868e-01 -6.274813e-01  4.158377e-01
   endloop
 endfacet
 facet normal  8.856280e-01 -2.576816e-02 -4.636800e-01
   outer loop
     vertex -1.553363e-01 -6.553917e-01  3.492982e-01
     vertex -1.196868e-01 -6.274813e-01  4.158377e-01
     vertex -1.197276e-01 -6.518988e-01  4.171167e-01
   endloop
 endfacet
 facet normal  9.959288e-01 -6.374385e-03 -8.991729e-02
   outer loop
     vertex -1.622471e-01 -6.593748e-01  2.730361e-01
     vertex -1.622063e-01 -6.349573e-01  2.717571e-01
     vertex -1.552955e-01 -6.309742e-01  3.480192e-01
   endloop
 endfacet
 facet normal  9.959288e-01 -6.374385e-03 -8.991729e-02
   outer loop
     vertex -1.622471e-01 -6.593748e-01  2.730361e-01
     vertex -1.552955e-01 -6.309742e-01  3.480192e-01
     vertex -1.553363e-01 -6.553917e-01  3.492982e-01
   endloop
 endfacet
 facet normal  6.487099e-01  7.546734e-01 -9.820189e-02
   outer loop
     vertex -1.553363e-01 -6.553917e-01  3.492982e-01
     vertex -1.362286e-01 -6.812296e-01  2.769596e-01
     vertex -1.622471e-01 -6.593748e-01  2.730361e-01
   endloop
 endfacet
 facet normal  6.187139e-01  7.772723e-01 -1.141970e-01
   outer loop
     vertex -1.553363e-01 -6.553917e-01  3.492982e-01
     vertex -1.272826e-01 -6.773072e-01  3.521257e-01
     vertex -1.362286e-01 -6.812296e-01  2.769596e-01
   endloop
 endfacet
 facet normal  5.082774e-01  7.803995e-01 -3.641851e-01
   outer loop
     vertex -1.197276e-01 -6.518988e-01  4.171167e-01
     vertex -8.656483e-02 -6.740308e-01  4.159746e-01
     vertex -1.272826e-01 -6.773072e-01  3.521257e-01
   endloop
 endfacet
 facet normal  5.981373e-01  7.203606e-01 -3.511587e-01
   outer loop
     vertex -1.197276e-01 -6.518988e-01  4.171167e-01
     vertex -1.272826e-01 -6.773072e-01  3.521257e-01
     vertex -1.553363e-01 -6.553917e-01  3.492982e-01
   endloop
 endfacet
 facet normal  3.116865e-01  7.802924e-01 -5.422133e-01
   outer loop
     vertex -6.084204e-02 -6.494279e-01  4.661669e-01
     vertex -2.213999e-02 -6.720492e-01  4.558603e-01
     vertex -8.656483e-02 -6.740308e-01  4.159746e-01
   endloop
 endfacet
 facet normal  4.434996e-01  6.938215e-01 -5.673798e-01
   outer loop
     vertex -6.084204e-02 -6.494279e-01  4.661669e-01
     vertex -8.656483e-02 -6.740308e-01  4.159746e-01
     vertex -1.197276e-01 -6.518988e-01  4.171167e-01
   endloop
 endfacet
 facet normal  2.093973e-01  6.788874e-01 -7.037504e-01
   outer loop
     vertex  1.235552e-02 -6.483552e-01  4.889812e-01
     vertex -2.213999e-02 -6.720492e-01  4.558603e-01
     vertex -6.084204e-02 -6.494279e-01  4.661669e-01
   endloop
 endfacet
 facet normal  6.331717e-02  7.793017e-01 -6.234418e-01
   outer loop
     vertex  5.323181e-02 -6.717549e-01  4.638830e-01
     vertex -2.213999e-02 -6.720492e-01  4.558603e-01
     vertex  1.235552e-02 -6.483552e-01  4.889812e-01
   endloop
 endfacet
 facet normal -6.180586e-02  6.778286e-01 -7.326175e-01
   outer loop
     vertex  8.872144e-02 -6.488440e-01  4.820865e-01
     vertex  5.323181e-02 -6.717549e-01  4.638830e-01
     vertex  1.235552e-02 -6.483552e-01  4.889812e-01
   endloop
 endfacet
 facet normal -1.965856e-01  7.783080e-01 -5.963143e-01
   outer loop
     vertex  1.246223e-01 -6.732063e-01  4.384536e-01
     vertex  5.323181e-02 -6.717549e-01  4.638830e-01
     vertex  8.872144e-02 -6.488440e-01  4.820865e-01
   endloop
 endfacet
 facet normal -3.194764e-01  6.908426e-01 -6.485918e-01
   outer loop
     vertex  1.566297e-01 -6.508198e-01  4.465325e-01
     vertex  1.246223e-01 -6.732063e-01  4.384536e-01
     vertex  8.872144e-02 -6.488440e-01  4.820865e-01
   endloop
 endfacet
 facet normal -4.262407e-01  7.767508e-01 -4.636562e-01
   outer loop
     vertex  1.778916e-01 -6.761158e-01  3.846087e-01
     vertex  1.246223e-01 -6.732063e-01  4.384536e-01
     vertex  1.566297e-01 -6.508198e-01  4.465325e-01
   endloop
 endfacet
 facet normal -5.163630e-01  7.160093e-01 -4.697872e-01
   outer loop
     vertex  2.057419e-01 -6.539819e-01  3.877317e-01
     vertex  1.778916e-01 -6.761158e-01  3.846087e-01
     vertex  1.566297e-01 -6.508198e-01  4.465325e-01
   endloop
 endfacet
 facet normal -5.867963e-01  7.725656e-01 -2.425127e-01
   outer loop
     vertex  2.024892e-01 -6.799071e-01  3.130130e-01
     vertex  1.778916e-01 -6.761158e-01  3.846087e-01
     vertex  2.057419e-01 -6.539819e-01  3.877317e-01
   endloop
 endfacet
 facet normal -6.193118e-01  7.497226e-01 -2.331714e-01
   outer loop
     vertex  2.285811e-01 -6.578489e-01  3.146363e-01
     vertex  2.024892e-01 -6.799071e-01  3.130130e-01
     vertex  2.057419e-01 -6.539819e-01  3.877317e-01
   endloop
 endfacet
 facet normal -9.458792e-01 -1.539874e-02 -3.241533e-01
   outer loop
     vertex  1.774884e-01 -9.173893e-01  3.972469e-01
     vertex  2.024892e-01 -6.799071e-01  3.130130e-01
     vertex  2.020860e-01 -9.211807e-01  3.256512e-01
   endloop
 endfacet
 facet normal -9.458792e-01 -1.539874e-02 -3.241533e-01
   outer loop
     vertex  1.774884e-01 -9.173893e-01  3.972469e-01
     vertex  1.778916e-01 -6.761158e-01  3.846087e-01
     vertex  2.024892e-01 -6.799071e-01  3.130130e-01
   endloop
 endfacet
 facet normal -7.114062e-01 -3.557635e-02 -7.018800e-01
   outer loop
     vertex  1.242190e-01 -9.144798e-01  4.510918e-01
     vertex  1.246223e-01 -6.732063e-01  4.384536e-01
     vertex  1.778916e-01 -6.761158e-01  3.846087e-01
   endloop
 endfacet
 facet normal -7.114062e-01 -3.557635e-02 -7.018800e-01
   outer loop
     vertex  1.242190e-01 -9.144798e-01  4.510918e-01
     vertex  1.778916e-01 -6.761158e-01  3.846087e-01
     vertex  1.774884e-01 -9.173893e-01  3.972469e-01
   endloop
 endfacet
 facet normal -3.360304e-01 -4.870763e-02 -9.405909e-01
   outer loop
     vertex  5.282858e-02 -9.130285e-01  4.765212e-01
     vertex  5.323181e-02 -6.717549e-01  4.638830e-01
     vertex  1.246223e-01 -6.732063e-01  4.384536e-01
   endloop
 endfacet
 facet normal -3.360304e-01 -4.870763e-02 -9.405909e-01
   outer loop
     vertex  5.282858e-02 -9.130285e-01  4.765212e-01
     vertex  1.246223e-01 -6.732063e-01  4.384536e-01
     vertex  1.242190e-01 -9.144798e-01  4.510918e-01
   endloop
 endfacet
 facet normal  1.059004e-01 -5.219176e-02 -9.930061e-01
   outer loop
     vertex -2.254321e-02 -9.133228e-01  4.684985e-01
     vertex -2.213999e-02 -6.720492e-01  4.558603e-01
     vertex  5.323181e-02 -6.717549e-01  4.638830e-01
   endloop
 endfacet
 facet normal  1.059004e-01 -5.219176e-02 -9.930061e-01
   outer loop
     vertex -2.254321e-02 -9.133228e-01  4.684985e-01
     vertex  5.323181e-02 -6.717549e-01  4.638830e-01
     vertex  5.282858e-02 -9.130285e-01  4.765212e-01
   endloop
 endfacet
 facet normal  5.268562e-01 -4.533868e-02 -8.487443e-01
   outer loop
     vertex -8.696805e-02 -9.153044e-01  4.286128e-01
     vertex -8.656483e-02 -6.740308e-01  4.159746e-01
     vertex -2.213999e-02 -6.720492e-01  4.558603e-01
   endloop
 endfacet
 facet normal  8.434617e-01 -2.950571e-02 -5.363783e-01
   outer loop
     vertex -8.696805e-02 -9.153044e-01  4.286128e-01
     vertex -1.272826e-01 -6.773072e-01  3.521257e-01
     vertex -8.656483e-02 -6.740308e-01  4.159746e-01
   endloop
 endfacet
 facet normal  5.268562e-01 -4.533868e-02 -8.487443e-01
   outer loop
     vertex -8.696805e-02 -9.153044e-01  4.286128e-01
     vertex -2.213999e-02 -6.720492e-01  4.558603e-01
     vertex -2.254321e-02 -9.133228e-01  4.684985e-01
   endloop
 endfacet
 facet normal  8.434617e-01 -2.950571e-02 -5.363783e-01
   outer loop
     vertex -1.276858e-01 -9.185808e-01  3.647639e-01
     vertex -1.272826e-01 -6.773072e-01  3.521257e-01
     vertex -8.696805e-02 -9.153044e-01  4.286128e-01
   endloop
 endfacet
 facet normal  9.930093e-01 -7.828777e-03 -1.177760e-01
   outer loop
     vertex -1.366318e-01 -9.225031e-01  2.895978e-01
     vertex -1.362286e-01 -6.812296e-01  2.769596e-01
     vertex -1.272826e-01 -6.773072e-01  3.521257e-01
   endloop
 endfacet
 facet normal  9.930093e-01 -7.828777e-03 -1.177760e-01
   outer loop
     vertex -1.366318e-01 -9.225031e-01  2.895978e-01
     vertex -1.272826e-01 -6.773072e-01  3.521257e-01
     vertex -1.276858e-01 -9.185808e-01  3.647639e-01
   endloop
 endfacet
 facet normal -6.826947e-01 -7.092427e-01 -1.757918e-01
   outer loop
     vertex  2.052582e-01 -9.433787e-01  4.028907e-01
     vertex  2.020860e-01 -9.211807e-01  3.256512e-01
     vertex  2.280975e-01 -9.472456e-01  3.297952e-01
   endloop
 endfacet
 facet normal -6.512664e-01 -7.360097e-01 -1.847752e-01
   outer loop
     vertex  2.052582e-01 -9.433787e-01  4.028907e-01
     vertex  1.774884e-01 -9.173893e-01  3.972469e-01
     vertex  2.020860e-01 -9.211807e-01  3.256512e-01
   endloop
 endfacet
 facet normal -4.760381e-01 -7.674192e-01 -4.294829e-01
   outer loop
     vertex  1.561461e-01 -9.402165e-01  4.616914e-01
     vertex  1.242190e-01 -9.144798e-01  4.510918e-01
     vertex  1.774884e-01 -9.173893e-01  3.972469e-01
   endloop
 endfacet
 facet normal -5.663748e-01 -6.997323e-01 -4.354243e-01
   outer loop
     vertex  1.561461e-01 -9.402165e-01  4.616914e-01
     vertex  1.774884e-01 -9.173893e-01  3.972469e-01
     vertex  2.052582e-01 -9.433787e-01  4.028907e-01
   endloop
 endfacet
 facet normal -2.216283e-01 -7.858435e-01 -5.773482e-01
   outer loop
     vertex  8.823780e-02 -9.382407e-01  4.972455e-01
     vertex  5.282858e-02 -9.130285e-01  4.765212e-01
     vertex  1.242190e-01 -9.144798e-01  4.510918e-01
   endloop
 endfacet
 facet normal -3.499194e-01 -6.934690e-01 -6.298072e-01
   outer loop
     vertex  8.823780e-02 -9.382407e-01  4.972455e-01
     vertex  1.242190e-01 -9.144798e-01  4.510918e-01
     vertex  1.561461e-01 -9.402165e-01  4.616914e-01
   endloop
 endfacet
 facet normal -6.947290e-02 -6.898839e-01 -7.205787e-01
   outer loop
     vertex  1.187188e-02 -9.377519e-01  5.041402e-01
     vertex  5.282858e-02 -9.130285e-01  4.765212e-01
     vertex  8.823780e-02 -9.382407e-01  4.972455e-01
   endloop
 endfacet
 facet normal  6.777968e-02 -7.912235e-01 -6.077593e-01
   outer loop
     vertex -2.254321e-02 -9.133228e-01  4.684985e-01
     vertex  5.282858e-02 -9.130285e-01  4.765212e-01
     vertex  1.187188e-02 -9.377519e-01  5.041402e-01
   endloop
 endfacet
 facet normal  2.249183e-01 -6.887346e-01 -6.892434e-01
   outer loop
     vertex -6.132568e-02 -9.388246e-01  4.813258e-01
     vertex -2.254321e-02 -9.133228e-01  4.684985e-01
     vertex  1.187188e-02 -9.377519e-01  5.041402e-01
   endloop
 endfacet
 facet normal  3.442517e-01 -7.836341e-01 -5.171153e-01
   outer loop
     vertex -8.696805e-02 -9.153044e-01  4.286128e-01
     vertex -2.254321e-02 -9.133228e-01  4.684985e-01
     vertex -6.132568e-02 -9.388246e-01  4.813258e-01
   endloop
 endfacet
 facet normal  4.799937e-01 -6.902288e-01 -5.414704e-01
   outer loop
     vertex -1.202112e-01 -9.412955e-01  4.322756e-01
     vertex -8.696805e-02 -9.153044e-01  4.286128e-01
     vertex -6.132568e-02 -9.388246e-01  4.813258e-01
   endloop
 endfacet
 facet normal  5.616868e-01 -7.633676e-01 -3.190264e-01
   outer loop
     vertex -1.276858e-01 -9.185808e-01  3.647639e-01
     vertex -8.696805e-02 -9.153044e-01  4.286128e-01
     vertex -1.202112e-01 -9.412955e-01  4.322756e-01
   endloop
 endfacet
 facet normal  6.507248e-01 -6.949804e-01 -3.058750e-01
   outer loop
     vertex -1.558199e-01 -9.447884e-01  3.644571e-01
     vertex -1.276858e-01 -9.185808e-01  3.647639e-01
     vertex -1.202112e-01 -9.412955e-01  4.322756e-01
   endloop
 endfacet
 facet normal  6.812318e-01 -7.308072e-01 -4.294270e-02
   outer loop
     vertex -1.366318e-01 -9.225031e-01  2.895978e-01
     vertex -1.276858e-01 -9.185808e-01  3.647639e-01
     vertex -1.558199e-01 -9.447884e-01  3.644571e-01
   endloop
 endfacet
 facet normal  7.098574e-01 -7.038058e-01 -2.756712e-02
   outer loop
     vertex -1.627307e-01 -9.487716e-01  2.881951e-01
     vertex -1.366318e-01 -9.225031e-01  2.895978e-01
     vertex -1.558199e-01 -9.447884e-01  3.644571e-01
   endloop
 endfacet
 facet normal -9.546086e-01 -1.398983e-02 -2.975345e-01
   outer loop
     vertex  2.051311e-01 -1.019448e+00  4.068753e-01
     vertex  2.280975e-01 -9.472456e-01  3.297952e-01
     vertex  2.279703e-01 -1.023315e+00  3.337798e-01
   endloop
 endfacet
 facet normal -9.546086e-01 -1.398983e-02 -2.975345e-01
   outer loop
     vertex  2.051311e-01 -1.019448e+00  4.068753e-01
     vertex  2.052582e-01 -9.433787e-01  4.028907e-01
     vertex  2.280975e-01 -9.472456e-01  3.297952e-01
   endloop
 endfacet
 facet normal -7.679578e-01 -3.222422e-02 -6.396893e-01
   outer loop
     vertex  1.560189e-01 -1.016286e+00  4.656760e-01
     vertex  1.561461e-01 -9.402165e-01  4.616914e-01
     vertex  2.052582e-01 -9.433787e-01  4.028907e-01
   endloop
 endfacet
 facet normal -7.679578e-01 -3.222422e-02 -6.396893e-01
   outer loop
     vertex  1.560189e-01 -1.016286e+00  4.656760e-01
     vertex  2.052582e-01 -9.433787e-01  4.028907e-01
     vertex  2.051311e-01 -1.019448e+00  4.068753e-01
   endloop
 endfacet
 facet normal -4.643924e-01 -4.555276e-02 -8.844573e-01
   outer loop
     vertex  8.811067e-02 -1.014310e+00  5.012301e-01
     vertex  8.823780e-02 -9.382407e-01  4.972455e-01
     vertex  1.561461e-01 -9.402165e-01  4.616914e-01
   endloop
 endfacet
 facet normal -4.643924e-01 -4.555276e-02 -8.844573e-01
   outer loop
     vertex  8.811067e-02 -1.014310e+00  5.012301e-01
     vertex  1.561461e-01 -9.402165e-01  4.616914e-01
     vertex  1.560189e-01 -1.016286e+00  4.656760e-01
   endloop
 endfacet
 facet normal -9.012750e-02 -5.194631e-02 -9.945746e-01
   outer loop
     vertex  1.174475e-02 -1.013821e+00  5.081248e-01
     vertex  1.187188e-02 -9.377519e-01  5.041402e-01
     vertex  8.823780e-02 -9.382407e-01  4.972455e-01
   endloop
 endfacet
 facet normal -9.012750e-02 -5.194631e-02 -9.945746e-01
   outer loop
     vertex  1.174475e-02 -1.013821e+00  5.081248e-01
     vertex  8.823780e-02 -9.382407e-01  4.972455e-01
     vertex  8.811067e-02 -1.014310e+00  5.012301e-01
   endloop
 endfacet
 facet normal  2.978585e-01 -5.043151e-02 -9.532770e-01
   outer loop
     vertex -6.145281e-02 -1.014894e+00  4.853104e-01
     vertex -6.132568e-02 -9.388246e-01  4.813258e-01
     vertex  1.187188e-02 -9.377519e-01  5.041402e-01
   endloop
 endfacet
 facet normal  2.978585e-01 -5.043151e-02 -9.532770e-01
   outer loop
     vertex -6.145281e-02 -1.014894e+00  4.853104e-01
     vertex  1.187188e-02 -9.377519e-01  5.041402e-01
     vertex  1.174475e-02 -1.013821e+00  5.081248e-01
   endloop
 endfacet
 facet normal  6.404983e-01 -4.123896e-02 -7.668516e-01
   outer loop
     vertex -1.203383e-01 -1.017365e+00  4.362602e-01
     vertex -1.202112e-01 -9.412955e-01  4.322756e-01
     vertex -6.132568e-02 -9.388246e-01  4.813258e-01
   endloop
 endfacet
 facet normal  6.404983e-01 -4.123896e-02 -7.668516e-01
   outer loop
     vertex -1.203383e-01 -1.017365e+00  4.362602e-01
     vertex -6.132568e-02 -9.388246e-01  4.813258e-01
     vertex -6.145281e-02 -1.014894e+00  4.853104e-01
   endloop
 endfacet
 facet normal  8.856280e-01 -2.576816e-02 -4.636800e-01
   outer loop
     vertex -1.559471e-01 -1.020858e+00  3.684417e-01
     vertex -1.558199e-01 -9.447884e-01  3.644571e-01
     vertex -1.202112e-01 -9.412955e-01  4.322756e-01
   endloop
 endfacet
 facet normal  8.856280e-01 -2.576816e-02 -4.636800e-01
   outer loop
     vertex -1.559471e-01 -1.020858e+00  3.684417e-01
     vertex -1.202112e-01 -9.412955e-01  4.322756e-01
     vertex -1.203383e-01 -1.017365e+00  4.362602e-01
   endloop
 endfacet
 facet normal  9.959288e-01 -6.374385e-03 -8.991729e-02
   outer loop
     vertex -1.628579e-01 -1.024841e+00  2.921797e-01
     vertex -1.627307e-01 -9.487716e-01  2.881951e-01
     vertex -1.558199e-01 -9.447884e-01  3.644571e-01
   endloop
 endfacet
 facet normal  9.959288e-01 -6.374385e-03 -8.991729e-02
   outer loop
     vertex -1.628579e-01 -1.024841e+00  2.921797e-01
     vertex -1.558199e-01 -9.447884e-01  3.644571e-01
     vertex -1.559471e-01 -1.020858e+00  3.684417e-01
   endloop
 endfacet
 facet normal -1.641182e-01 -9.864403e-01  9.059900e-04
   outer loop
     vertex -2.630171e-01 -1.008257e+00  2.048481e-01
     vertex -1.400187e-01 -1.028708e+00  2.190842e-01
     vertex -1.628579e-01 -1.024841e+00  2.921797e-01
   endloop
 endfacet
 facet normal -1.734022e-01 -9.847796e-01  1.186895e-02
   outer loop
     vertex -2.630171e-01 -1.008257e+00  2.048481e-01
     vertex -1.628579e-01 -1.024841e+00  2.921797e-01
     vertex -2.800714e-01 -1.004365e+00  2.786031e-01
   endloop
 endfacet
 facet normal -1.338655e-01 -9.892649e-01 -5.860899e-02
   outer loop
     vertex -2.287832e-01 -1.011852e+00  1.373137e-01
     vertex -9.090647e-02 -1.031870e+00  1.602835e-01
     vertex -1.400187e-01 -1.028708e+00  2.190842e-01
   endloop
 endfacet
 facet normal -1.606872e-01 -9.865810e-01 -2.893996e-02
   outer loop
     vertex -2.287832e-01 -1.011852e+00  1.373137e-01
     vertex -1.400187e-01 -1.028708e+00  2.190842e-01
     vertex -2.630171e-01 -1.008257e+00  2.048481e-01
   endloop
 endfacet
 facet normal -1.333500e-01 -9.891524e-01 -6.160566e-02
   outer loop
     vertex -1.793592e-01 -1.014941e+00  7.992456e-02
     vertex -9.090647e-02 -1.031870e+00  1.602835e-01
     vertex -2.287832e-01 -1.011852e+00  1.373137e-01
   endloop
 endfacet
 facet normal -1.705469e-02 -9.928055e-01 -1.185170e-01
   outer loop
     vertex  2.795949e-02 -1.019583e+00 -2.083763e-03
     vertex  5.336771e-02 -1.034335e+00  1.178347e-01
     vertex -2.299821e-02 -1.033846e+00  1.247294e-01
   endloop
 endfacet
 facet normal -2.530904e-02 -9.922356e-01 -1.217698e-01
   outer loop
     vertex  2.795949e-02 -1.019583e+00 -2.083763e-03
     vertex -2.299821e-02 -1.033846e+00  1.247294e-01
     vertex -4.714595e-02 -1.018922e+00  8.139906e-03
   endloop
 endfacet
 facet normal  4.928460e-02 -9.925465e-01 -1.114558e-01
   outer loop
     vertex  1.033341e-01 -1.019289e+00  5.939188e-03
     vertex  1.265653e-01 -1.033262e+00  1.406491e-01
     vertex  5.336771e-02 -1.034335e+00  1.178347e-01
   endloop
 endfacet
 facet normal  1.724989e-02 -9.919213e-01 -1.256767e-01
   outer loop
     vertex  1.033341e-01 -1.019289e+00  5.939188e-03
     vertex  5.336771e-02 -1.034335e+00  1.178347e-01
     vertex  2.795949e-02 -1.019583e+00 -2.083763e-03
   endloop
 endfacet
 facet normal  5.803405e-02 -9.919102e-01 -1.128987e-01
   outer loop
     vertex  1.745974e-01 -1.018056e+00  3.174249e-02
     vertex  1.265653e-01 -1.033262e+00  1.406491e-01
     vertex  1.033341e-01 -1.019289e+00  5.939188e-03
   endloop
 endfacet
 facet normal  1.508371e-01 -9.881533e-01 -2.830494e-02
   outer loop
     vertex  3.249147e-01 -1.009690e+00  1.962498e-01
     vertex  2.210595e-01 -1.027298e+00  2.575177e-01
     vertex  1.854508e-01 -1.030791e+00  1.896992e-01
   endloop
 endfacet
 facet normal  1.509631e-01 -9.880424e-01 -3.134309e-02
   outer loop
     vertex  3.249147e-01 -1.009690e+00  1.962498e-01
     vertex  1.854508e-01 -1.030791e+00  1.896992e-01
     vertex  2.887034e-01 -1.013113e+00  1.297456e-01
   endloop
 endfacet
 facet normal  1.678617e-01 -9.851441e-01  3.624228e-02
   outer loop
     vertex  3.441372e-01 -1.005887e+00  2.694743e-01
     vertex  2.279703e-01 -1.023315e+00  3.337798e-01
     vertex  2.210595e-01 -1.027298e+00  2.575177e-01
   endloop
 endfacet
 facet normal  1.707912e-01 -9.852868e-01  6.342932e-03
   outer loop
     vertex  3.441372e-01 -1.005887e+00  2.694743e-01
     vertex  2.210595e-01 -1.027298e+00  2.575177e-01
     vertex  3.249147e-01 -1.009690e+00  1.962498e-01
   endloop
 endfacet
 facet normal  1.746169e-01 -9.834208e-01  4.891245e-02
   outer loop
     vertex  3.452538e-01 -1.001924e+00  3.451633e-01
     vertex  2.279703e-01 -1.023315e+00  3.337798e-01
     vertex  3.441372e-01 -1.005887e+00  2.694743e-01
   endloop
 endfacet
 facet normal  8.199978e-02 -9.740941e-01  2.107529e-01
   outer loop
     vertex -8.565716e-02 -1.041172e+00  1.152455e-01
     vertex -2.299821e-02 -1.033846e+00  1.247294e-01
     vertex -9.090647e-02 -1.031870e+00  1.602835e-01
   endloop
 endfacet
 facet normal -3.202792e-01 -9.344442e-01  1.556766e-01
   outer loop
     vertex -8.565716e-02 -1.041172e+00  1.152455e-01
     vertex -9.090647e-02 -1.031870e+00  1.602835e-01
     vertex -1.793592e-01 -1.014941e+00  7.992456e-02
   endloop
 endfacet
 facet normal  1.376839e-01 -9.784677e-01 -1.537661e-01
   outer loop
     vertex -8.565716e-02 -1.041172e+00  1.152455e-01
     vertex -4.714595e-02 -1.018922e+00  8.139906e-03
     vertex -2.299821e-02 -1.033846e+00  1.247294e-01
   endloop
 endfacet
 facet normal -2.647506e-01 -9.087768e-01 -3.225398e-01
   outer loop
     vertex -1.076249e-01 -1.035153e+00  7.799275e-02
     vertex -1.793592e-01 -1.014941e+00  7.992456e-02
     vertex -1.176173e-01 -1.017344e+00  3.601603e-02
   endloop
 endfacet
 facet normal -1.602549e-01 -9.218170e-01 -3.529472e-01
   outer loop
     vertex -1.076249e-01 -1.035153e+00  7.799275e-02
     vertex -1.176173e-01 -1.017344e+00  3.601603e-02
     vertex -4.714595e-02 -1.018922e+00  8.139906e-03
   endloop
 endfacet
 facet normal -2.710972e-01 -9.625422e-01  4.335360e-03
   outer loop
     vertex -1.076249e-01 -1.035153e+00  7.799275e-02
     vertex -8.565716e-02 -1.041172e+00  1.152455e-01
     vertex -1.793592e-01 -1.014941e+00  7.992456e-02
   endloop
 endfacet
 facet normal  4.771989e-02 -9.812585e-01 -1.866937e-01
   outer loop
     vertex -1.076249e-01 -1.035153e+00  7.799275e-02
     vertex -4.714595e-02 -1.018922e+00  8.139906e-03
     vertex -8.565716e-02 -1.041172e+00  1.152455e-01
   endloop
 endfacet
 facet normal -1.170014e-01 -9.748710e-01  1.895710e-01
   outer loop
     vertex  1.898713e-01 -1.040097e+00  1.445730e-01
     vertex  1.854508e-01 -1.030791e+00  1.896992e-01
     vertex  1.265653e-01 -1.033262e+00  1.406491e-01
   endloop
 endfacet
 facet normal -9.467338e-02 -9.793749e-01 -1.784985e-01
   outer loop
     vertex  1.898713e-01 -1.040097e+00  1.445730e-01
     vertex  1.265653e-01 -1.033262e+00  1.406491e-01
     vertex  1.745974e-01 -1.018056e+00  3.174249e-02
   endloop
 endfacet
 facet normal  2.875395e-01 -9.320711e-01  2.203735e-01
   outer loop
     vertex  1.898713e-01 -1.040097e+00  1.445730e-01
     vertex  2.887034e-01 -1.013113e+00  1.297456e-01
     vertex  1.854508e-01 -1.030791e+00  1.896992e-01
   endloop
 endfacet
 facet normal  2.380701e-01 -9.202618e-01 -3.105491e-01
   outer loop
     vertex  2.191412e-01 -1.033877e+00  1.127741e-01
     vertex  1.745974e-01 -1.018056e+00  3.174249e-02
     vertex  2.376078e-01 -1.015957e+00  7.382656e-02
   endloop
 endfacet
 facet normal  3.337201e-01 -9.064402e-01 -2.588380e-01
   outer loop
     vertex  2.191412e-01 -1.033877e+00  1.127741e-01
     vertex  2.376078e-01 -1.015957e+00  7.382656e-02
     vertex  2.887034e-01 -1.013113e+00  1.297456e-01
   endloop
 endfacet
 facet normal  2.248814e-04 -9.814440e-01 -1.917491e-01
   outer loop
     vertex  2.191412e-01 -1.033877e+00  1.127741e-01
     vertex  1.898713e-01 -1.040097e+00  1.445730e-01
     vertex  1.745974e-01 -1.018056e+00  3.174249e-02
   endloop
 endfacet
 facet normal  2.715343e-01 -9.604236e-01  6.209361e-02
   outer loop
     vertex  2.191412e-01 -1.033877e+00  1.127741e-01
     vertex  2.887034e-01 -1.013113e+00  1.297456e-01
     vertex  1.898713e-01 -1.040097e+00  1.445730e-01
   endloop
 endfacet
 facet normal -1.668930e-03 -9.986295e-01  5.230934e-02
   outer loop
     vertex -1.188691e-01 -1.017462e+00  3.371714e-02
     vertex -1.793592e-01 -1.014941e+00  7.992456e-02
     vertex -1.811254e-01 -1.015039e+00  7.799157e-02
   endloop
 endfacet
 facet normal -1.668930e-03 -9.986295e-01  5.230934e-02
   outer loop
     vertex -1.176173e-01 -1.017344e+00  3.601603e-02
     vertex -1.793592e-01 -1.014941e+00  7.992456e-02
     vertex -1.188691e-01 -1.017462e+00  3.371714e-02
   endloop
 endfacet
 facet normal -1.668930e-03 -9.986295e-01  5.230934e-02
   outer loop
     vertex -2.287832e-01 -1.011852e+00  1.373137e-01
     vertex -2.309613e-01 -1.011924e+00  1.358589e-01
     vertex -1.811254e-01 -1.015039e+00  7.799157e-02
   endloop
 endfacet
 facet normal -1.668930e-03 -9.986295e-01  5.230934e-02
   outer loop
     vertex -2.287832e-01 -1.011852e+00  1.373137e-01
     vertex -1.811254e-01 -1.015039e+00  7.799157e-02
     vertex -1.793592e-01 -1.014941e+00  7.992456e-02
   endloop
 endfacet
 facet normal -1.668930e-03 -9.986295e-01  5.230934e-02
   outer loop
     vertex -4.714595e-02 -1.018922e+00  8.139906e-03
     vertex -1.188691e-01 -1.017462e+00  3.371714e-02
     vertex -4.781042e-02 -1.019053e+00  5.608712e-03
   endloop
 endfacet
 facet normal -1.668930e-03 -9.986295e-01  5.230934e-02
   outer loop
     vertex -4.714595e-02 -1.018922e+00  8.139906e-03
     vertex -1.176173e-01 -1.017344e+00  3.601603e-02
     vertex -1.188691e-01 -1.017462e+00  3.371714e-02
   endloop
 endfacet
 facet normal -1.668930e-03 -9.986295e-01  5.230934e-02
   outer loop
     vertex -2.630171e-01 -1.008257e+00  2.048481e-01
     vertex -2.654805e-01 -1.008300e+00  2.039562e-01
     vertex -2.309613e-01 -1.011924e+00  1.358589e-01
   endloop
 endfacet
 facet normal -1.668930e-03 -9.986295e-01  5.230934e-02
   outer loop
     vertex -2.630171e-01 -1.008257e+00  2.048481e-01
     vertex -2.309613e-01 -1.011924e+00  1.358589e-01
     vertex -2.287832e-01 -1.011852e+00  1.373137e-01
   endloop
 endfacet
 facet normal -1.668930e-03 -9.986295e-01  5.230934e-02
   outer loop
     vertex  2.795949e-02 -1.019583e+00 -2.083763e-03
     vertex -4.781042e-02 -1.019053e+00  5.608712e-03
     vertex  2.792089e-02 -1.019720e+00 -4.700154e-03
   endloop
 endfacet
 facet normal -1.668930e-03 -9.986295e-01  5.230934e-02
   outer loop
     vertex  2.795949e-02 -1.019583e+00 -2.083763e-03
     vertex -4.714595e-02 -1.018922e+00  8.139906e-03
     vertex -4.781042e-02 -1.019053e+00  5.608712e-03
   endloop
 endfacet
 facet normal -1.668930e-03 -9.986295e-01  5.230934e-02
   outer loop
     vertex -2.800714e-01 -1.004365e+00  2.786031e-01
     vertex -2.826769e-01 -1.004375e+00  2.783258e-01
     vertex -2.654805e-01 -1.008300e+00  2.039562e-01
   endloop
 endfacet
 facet normal -1.668930e-03 -9.986295e-01  5.230934e-02
   outer loop
     vertex -2.800714e-01 -1.004365e+00  2.786031e-01
     vertex -2.654805e-01 -1.008300e+00  2.039562e-01
     vertex -2.630171e-01 -1.008257e+00  2.048481e-01
   endloop
 endfacet
 facet normal -1.668930e-03 -9.986295e-01  5.230934e-02
   outer loop
     vertex  1.033341e-01 -1.019289e+00  5.939188e-03
     vertex  2.792089e-02 -1.019720e+00 -4.700154e-03
     vertex  1.039236e-01 -1.019423e+00  3.389654e-03
   endloop
 endfacet
 facet normal -1.668930e-03 -9.986295e-01  5.230934e-02
   outer loop
     vertex  1.033341e-01 -1.019289e+00  5.939188e-03
     vertex  2.795949e-02 -1.019583e+00 -2.083763e-03
     vertex  2.792089e-02 -1.019720e+00 -4.700154e-03
   endloop
 endfacet
 facet normal -1.668930e-03 -9.986295e-01  5.230934e-02
   outer loop
     vertex -2.789548e-01 -1.000403e+00  3.542922e-01
     vertex -2.815510e-01 -1.000380e+00  3.546456e-01
     vertex -2.826769e-01 -1.004375e+00  2.783258e-01
   endloop
 endfacet
 facet normal -1.668930e-03 -9.986295e-01  5.230934e-02
   outer loop
     vertex -2.789548e-01 -1.000403e+00  3.542922e-01
     vertex -2.826769e-01 -1.004375e+00  2.783258e-01
     vertex -2.800714e-01 -1.004365e+00  2.786031e-01
   endloop
 endfacet
 facet normal -1.668930e-03 -9.986295e-01  5.230934e-02
   outer loop
     vertex  1.745974e-01 -1.018056e+00  3.174249e-02
     vertex  1.039236e-01 -1.019423e+00  3.389654e-03
     vertex  1.757808e-01 -1.018180e+00  2.940799e-02
   endloop
 endfacet
 facet normal -1.668930e-03 -9.986295e-01  5.230934e-02
   outer loop
     vertex  1.745974e-01 -1.018056e+00  3.174249e-02
     vertex  1.033341e-01 -1.019289e+00  5.939188e-03
     vertex  1.039236e-01 -1.019423e+00  3.389654e-03
   endloop
 endfacet
 facet normal -1.668930e-03 -9.986295e-01  5.230934e-02
   outer loop
     vertex -2.621683e-01 -9.965445e-01  4.284802e-01
     vertex -2.815510e-01 -1.000380e+00  3.546456e-01
     vertex -2.789548e-01 -1.000403e+00  3.542922e-01
   endloop
 endfacet
 facet normal -1.668930e-03 -9.986295e-01  5.230934e-02
   outer loop
     vertex -2.597323e-01 -9.965991e-01  4.275166e-01
     vertex -2.621683e-01 -9.965445e-01  4.284802e-01
     vertex -2.789548e-01 -1.000403e+00  3.542922e-01
   endloop
 endfacet
 facet normal -1.668930e-03 -9.986295e-01  5.230934e-02
   outer loop
     vertex  2.376078e-01 -1.015957e+00  7.382656e-02
     vertex  1.757808e-01 -1.018180e+00  2.940799e-02
     vertex  2.393163e-01 -1.016064e+00  7.184276e-02
   endloop
 endfacet
 facet normal -1.668930e-03 -9.986295e-01  5.230934e-02
   outer loop
     vertex  2.376078e-01 -1.015957e+00  7.382656e-02
     vertex  1.745974e-01 -1.018056e+00  3.174249e-02
     vertex  1.757808e-01 -1.018180e+00  2.940799e-02
   endloop
 endfacet
 facet normal -1.668930e-03 -9.986295e-01  5.230934e-02
   outer loop
     vertex -2.256552e-01 -9.930929e-01  4.955386e-01
     vertex -2.621683e-01 -9.965445e-01  4.284802e-01
     vertex -2.597323e-01 -9.965991e-01  4.275166e-01
   endloop
 endfacet
 facet normal -1.668930e-03 -9.986295e-01  5.230934e-02
   outer loop
     vertex -2.235210e-01 -9.931760e-01  4.940208e-01
     vertex -2.256552e-01 -9.930929e-01  4.955386e-01
     vertex -2.597323e-01 -9.965991e-01  4.275166e-01
   endloop
 endfacet
 facet normal -1.668930e-03 -9.986295e-01  5.230934e-02
   outer loop
     vertex  2.887034e-01 -1.013113e+00  1.297456e-01
     vertex  2.376078e-01 -1.015957e+00  7.382656e-02
     vertex  2.393163e-01 -1.016064e+00  7.184276e-02
   endloop
 endfacet
 facet normal -1.668930e-03 -9.986295e-01  5.230934e-02
   outer loop
     vertex  2.908377e-01 -1.013196e+00  1.282278e-01
     vertex  2.887034e-01 -1.013113e+00  1.297456e-01
     vertex  2.393163e-01 -1.016064e+00  7.184276e-02
   endloop
 endfacet
 facet normal -1.668930e-03 -9.986295e-01  5.230934e-02
   outer loop
     vertex -1.741339e-01 -9.902255e-01  5.519237e-01
     vertex -2.235210e-01 -9.931760e-01  4.940208e-01
     vertex -1.724254e-01 -9.903323e-01  5.499399e-01
   endloop
 endfacet
 facet normal -1.668930e-03 -9.986295e-01  5.230934e-02
   outer loop
     vertex -1.741339e-01 -9.902255e-01  5.519237e-01
     vertex -2.256552e-01 -9.930929e-01  4.955386e-01
     vertex -2.235210e-01 -9.931760e-01  4.940208e-01
   endloop
 endfacet
 facet normal -1.668930e-03 -9.986295e-01  5.230934e-02
   outer loop
     vertex  3.249147e-01 -1.009690e+00  1.962498e-01
     vertex  2.887034e-01 -1.013113e+00  1.297456e-01
     vertex  2.908377e-01 -1.013196e+00  1.282278e-01
   endloop
 endfacet
 facet normal -1.668930e-03 -9.986295e-01  5.230934e-02
   outer loop
     vertex  3.273507e-01 -1.009745e+00  1.952862e-01
     vertex  3.249147e-01 -1.009690e+00  1.962498e-01
     vertex  2.908377e-01 -1.013196e+00  1.282278e-01
   endloop
 endfacet
 facet normal -1.668930e-03 -9.986295e-01  5.230934e-02
   outer loop
     vertex -1.105984e-01 -9.881089e-01  5.943585e-01
     vertex -1.741339e-01 -9.902255e-01  5.519237e-01
     vertex -1.724254e-01 -9.903323e-01  5.499399e-01
   endloop
 endfacet
 facet normal -1.668930e-03 -9.986295e-01  5.230934e-02
   outer loop
     vertex -1.105984e-01 -9.881089e-01  5.943585e-01
     vertex -1.724254e-01 -9.903323e-01  5.499399e-01
     vertex -1.094150e-01 -9.882332e-01  5.920240e-01
   endloop
 endfacet
 facet normal -1.668930e-03 -9.986295e-01  5.230934e-02
   outer loop
     vertex  3.467334e-01 -1.005910e+00  2.691209e-01
     vertex  3.249147e-01 -1.009690e+00  1.962498e-01
     vertex  3.273507e-01 -1.009745e+00  1.952862e-01
   endloop
 endfacet
 facet normal -1.668930e-03 -9.986295e-01  5.230934e-02
   outer loop
     vertex  3.467334e-01 -1.005910e+00  2.691209e-01
     vertex  3.441372e-01 -1.005887e+00  2.694743e-01
     vertex  3.249147e-01 -1.009690e+00  1.962498e-01
   endloop
 endfacet
 facet normal -1.668930e-03 -9.986295e-01  5.230934e-02
   outer loop
     vertex -3.874120e-02 -9.868661e-01  6.203768e-01
     vertex -1.105984e-01 -9.881089e-01  5.943585e-01
     vertex -1.094150e-01 -9.882332e-01  5.920240e-01
   endloop
 endfacet
 facet normal -1.668930e-03 -9.986295e-01  5.230934e-02
   outer loop
     vertex -3.874120e-02 -9.868661e-01  6.203768e-01
     vertex -1.094150e-01 -9.882332e-01  5.920240e-01
     vertex -3.815168e-02 -9.870007e-01  6.178273e-01
   endloop
 endfacet
 facet normal -1.668930e-03 -9.986295e-01  5.230934e-02
   outer loop
     vertex  3.478593e-01 -1.001914e+00  3.454407e-01
     vertex  3.441372e-01 -1.005887e+00  2.694743e-01
     vertex  3.467334e-01 -1.005910e+00  2.691209e-01
   endloop
 endfacet
 facet normal -1.668930e-03 -9.986295e-01  5.230934e-02
   outer loop
     vertex  3.478593e-01 -1.001914e+00  3.454407e-01
     vertex  3.452538e-01 -1.001924e+00  3.451633e-01
     vertex  3.441372e-01 -1.005887e+00  2.694743e-01
   endloop
 endfacet
 facet normal -1.668930e-03 -9.986295e-01  5.230934e-02
   outer loop
     vertex  3.726153e-02 -9.865694e-01  6.284666e-01
     vertex -3.874120e-02 -9.868661e-01  6.203768e-01
     vertex -3.815168e-02 -9.870007e-01  6.178273e-01
   endloop
 endfacet
 facet normal -1.668930e-03 -9.986295e-01  5.230934e-02
   outer loop
     vertex  3.726153e-02 -9.865694e-01  6.284666e-01
     vertex -3.815168e-02 -9.870007e-01  6.178273e-01
     vertex  3.722293e-02 -9.867064e-01  6.258502e-01
   endloop
 endfacet
 facet normal -1.668930e-03 -9.986295e-01  5.230934e-02
   outer loop
     vertex  3.306630e-01 -9.979894e-01  4.198103e-01
     vertex  3.452538e-01 -1.001924e+00  3.451633e-01
     vertex  3.478593e-01 -1.001914e+00  3.454407e-01
   endloop
 endfacet
 facet normal -1.668930e-03 -9.986295e-01  5.230934e-02
   outer loop
     vertex  3.306630e-01 -9.979894e-01  4.198103e-01
     vertex  3.281995e-01 -9.980320e-01  4.189183e-01
     vertex  3.452538e-01 -1.001924e+00  3.451633e-01
   endloop
 endfacet
 facet normal -1.668930e-03 -9.986295e-01  5.230934e-02
   outer loop
     vertex  1.129928e-01 -9.872360e-01  6.181577e-01
     vertex  3.726153e-02 -9.865694e-01  6.284666e-01
     vertex  3.722293e-02 -9.867064e-01  6.258502e-01
   endloop
 endfacet
 facet normal -1.668930e-03 -9.986295e-01  5.230934e-02
   outer loop
     vertex  1.129928e-01 -9.872360e-01  6.181577e-01
     vertex  3.722293e-02 -9.867064e-01  6.258502e-01
     vertex  1.123284e-01 -9.873674e-01  6.156265e-01
   endloop
 endfacet
 facet normal -1.668930e-03 -9.986295e-01  5.230934e-02
   outer loop
     vertex  2.961438e-01 -9.943647e-01  4.879075e-01
     vertex  2.939656e-01 -9.944373e-01  4.864528e-01
     vertex  3.281995e-01 -9.980320e-01  4.189183e-01
   endloop
 endfacet
 facet normal -1.668930e-03 -9.986295e-01  5.230934e-02
   outer loop
     vertex  2.961438e-01 -9.943647e-01  4.879075e-01
     vertex  3.281995e-01 -9.980320e-01  4.189183e-01
     vertex  3.306630e-01 -9.979894e-01  4.198103e-01
   endloop
 endfacet
 facet normal -1.668930e-03 -9.986295e-01  5.230934e-02
   outer loop
     vertex  1.827998e-01 -9.889454e-01  5.877504e-01
     vertex  1.129928e-01 -9.872360e-01  6.181577e-01
     vertex  1.123284e-01 -9.873674e-01  6.156265e-01
   endloop
 endfacet
 facet normal -1.668930e-03 -9.986295e-01  5.230934e-02
   outer loop
     vertex  1.840515e-01 -9.888271e-01  5.900493e-01
     vertex  1.129928e-01 -9.872360e-01  6.181577e-01
     vertex  1.827998e-01 -9.889454e-01  5.877504e-01
   endloop
 endfacet
 facet normal -1.668930e-03 -9.986295e-01  5.230934e-02
   outer loop
     vertex  2.463079e-01 -9.912503e-01  5.457749e-01
     vertex  2.445416e-01 -9.913486e-01  5.438419e-01
     vertex  2.939656e-01 -9.944373e-01  4.864528e-01
   endloop
 endfacet
 facet normal -1.668930e-03 -9.986295e-01  5.230934e-02
   outer loop
     vertex  2.463079e-01 -9.912503e-01  5.457749e-01
     vertex  1.827998e-01 -9.889454e-01  5.877504e-01
     vertex  2.445416e-01 -9.913486e-01  5.438419e-01
   endloop
 endfacet
 facet normal -1.668930e-03 -9.986295e-01  5.230934e-02
   outer loop
     vertex  2.463079e-01 -9.912503e-01  5.457749e-01
     vertex  2.939656e-01 -9.944373e-01  4.864528e-01
     vertex  2.961438e-01 -9.943647e-01  4.879075e-01
   endloop
 endfacet
 facet normal -1.668930e-03 -9.986295e-01  5.230934e-02
   outer loop
     vertex  2.463079e-01 -9.912503e-01  5.457749e-01
     vertex  1.840515e-01 -9.888271e-01  5.900493e-01
     vertex  1.827998e-01 -9.889454e-01  5.877504e-01
   endloop
 endfacet
 facet normal  1.668930e-03  9.986295e-01 -5.230934e-02
   outer loop
     vertex  2.382025e-01 -6.600900e-01  5.518585e-02
     vertex  2.914324e-01 -6.573294e-01  1.095871e-01
     vertex  2.399110e-01 -6.601968e-01  5.320205e-02
   endloop
 endfacet
 facet normal  1.668930e-03  9.986295e-01 -5.230934e-02
   outer loop
     vertex  2.382025e-01 -6.600900e-01  5.518585e-02
     vertex  2.892981e-01 -6.572463e-01  1.111049e-01
     vertex  2.914324e-01 -6.573294e-01  1.095871e-01
   endloop
 endfacet
 facet normal  1.668930e-03  9.986295e-01 -5.230934e-02
   outer loop
     vertex  3.255094e-01 -6.538232e-01  1.776091e-01
     vertex  3.279454e-01 -6.538778e-01  1.766455e-01
     vertex  2.914324e-01 -6.573294e-01  1.095871e-01
   endloop
 endfacet
 facet normal  1.668930e-03  9.986295e-01 -5.230934e-02
   outer loop
     vertex  3.255094e-01 -6.538232e-01  1.776091e-01
     vertex  2.914324e-01 -6.573294e-01  1.095871e-01
     vertex  2.892981e-01 -6.572463e-01  1.111049e-01
   endloop
 endfacet
 facet normal  1.668930e-03  9.986295e-01 -5.230934e-02
   outer loop
     vertex  1.751921e-01 -6.621891e-01  1.310178e-02
     vertex  2.399110e-01 -6.601968e-01  5.320205e-02
     vertex  1.763755e-01 -6.623134e-01  1.076728e-02
   endloop
 endfacet
 facet normal  1.668930e-03  9.986295e-01 -5.230934e-02
   outer loop
     vertex  1.751921e-01 -6.621891e-01  1.310178e-02
     vertex  2.382025e-01 -6.600900e-01  5.518585e-02
     vertex  2.399110e-01 -6.601968e-01  5.320205e-02
   endloop
 endfacet
 facet normal  1.668930e-03  9.986295e-01 -5.230934e-02
   outer loop
     vertex  3.447319e-01 -6.500198e-01  2.508336e-01
     vertex  3.473281e-01 -6.500426e-01  2.504802e-01
     vertex  3.279454e-01 -6.538778e-01  1.766455e-01
   endloop
 endfacet
 facet normal  1.668930e-03  9.986295e-01 -5.230934e-02
   outer loop
     vertex  3.447319e-01 -6.500198e-01  2.508336e-01
     vertex  3.279454e-01 -6.538778e-01  1.766455e-01
     vertex  3.255094e-01 -6.538232e-01  1.776091e-01
   endloop
 endfacet
 facet normal  1.668930e-03  9.986295e-01 -5.230934e-02
   outer loop
     vertex  1.039288e-01 -6.634216e-01 -1.270152e-02
     vertex  1.763755e-01 -6.623134e-01  1.076728e-02
     vertex  1.045184e-01 -6.635561e-01 -1.525106e-02
   endloop
 endfacet
 facet normal  1.668930e-03  9.986295e-01 -5.230934e-02
   outer loop
     vertex  1.039288e-01 -6.634216e-01 -1.270152e-02
     vertex  1.751921e-01 -6.621891e-01  1.310178e-02
     vertex  1.763755e-01 -6.623134e-01  1.076728e-02
   endloop
 endfacet
 facet normal  1.668930e-03  9.986295e-01 -5.230934e-02
   outer loop
     vertex  3.458485e-01 -6.460570e-01  3.265226e-01
     vertex  3.484540e-01 -6.460468e-01  3.268000e-01
     vertex  3.473281e-01 -6.500426e-01  2.504802e-01
   endloop
 endfacet
 facet normal  1.668930e-03  9.986295e-01 -5.230934e-02
   outer loop
     vertex  3.458485e-01 -6.460570e-01  3.265226e-01
     vertex  3.473281e-01 -6.500426e-01  2.504802e-01
     vertex  3.447319e-01 -6.500198e-01  2.508336e-01
   endloop
 endfacet
 facet normal  1.668930e-03  9.986295e-01 -5.230934e-02
   outer loop
     vertex  2.855422e-02 -6.637159e-01 -2.072447e-02
     vertex  1.045184e-01 -6.635561e-01 -1.525106e-02
     vertex  2.851562e-02 -6.638529e-01 -2.334086e-02
   endloop
 endfacet
 facet normal  1.668930e-03  9.986295e-01 -5.230934e-02
   outer loop
     vertex  2.855422e-02 -6.637159e-01 -2.072447e-02
     vertex  1.039288e-01 -6.634216e-01 -1.270152e-02
     vertex  1.045184e-01 -6.635561e-01 -1.525106e-02
   endloop
 endfacet
 facet normal  1.668930e-03  9.986295e-01 -5.230934e-02
   outer loop
     vertex  3.287943e-01 -6.421651e-01  4.002776e-01
     vertex  3.312577e-01 -6.421225e-01  4.011696e-01
     vertex  3.484540e-01 -6.460468e-01  3.268000e-01
   endloop
 endfacet
 facet normal  1.668930e-03  9.986295e-01 -5.230934e-02
   outer loop
     vertex  3.287943e-01 -6.421651e-01  4.002776e-01
     vertex  3.484540e-01 -6.460468e-01  3.268000e-01
     vertex  3.458485e-01 -6.460570e-01  3.265226e-01
   endloop
 endfacet
 facet normal  1.668930e-03  9.986295e-01 -5.230934e-02
   outer loop
     vertex -4.655122e-02 -6.630548e-01 -1.050080e-02
     vertex  2.851562e-02 -6.638529e-01 -2.334086e-02
     vertex -4.721569e-02 -6.631863e-01 -1.303200e-02
   endloop
 endfacet
 facet normal  1.668930e-03  9.986295e-01 -5.230934e-02
   outer loop
     vertex -4.655122e-02 -6.630548e-01 -1.050080e-02
     vertex  2.855422e-02 -6.637159e-01 -2.072447e-02
     vertex  2.851562e-02 -6.638529e-01 -2.334086e-02
   endloop
 endfacet
 facet normal  1.668930e-03  9.986295e-01 -5.230934e-02
   outer loop
     vertex  2.945604e-01 -6.385704e-01  4.678121e-01
     vertex  2.967385e-01 -6.384978e-01  4.692668e-01
     vertex  3.312577e-01 -6.421225e-01  4.011696e-01
   endloop
 endfacet
 facet normal  1.668930e-03  9.986295e-01 -5.230934e-02
   outer loop
     vertex  2.945604e-01 -6.385704e-01  4.678121e-01
     vertex  3.312577e-01 -6.421225e-01  4.011696e-01
     vertex  3.287943e-01 -6.421651e-01  4.002776e-01
   endloop
 endfacet
 facet normal  1.668930e-03  9.986295e-01 -5.230934e-02
   outer loop
     vertex -1.170226e-01 -6.614769e-01  1.737532e-02
     vertex -4.721569e-02 -6.631863e-01 -1.303200e-02
     vertex -1.182744e-01 -6.615952e-01  1.507643e-02
   endloop
 endfacet
 facet normal  1.668930e-03  9.986295e-01 -5.230934e-02
   outer loop
     vertex -1.170226e-01 -6.614769e-01  1.737532e-02
     vertex -4.655122e-02 -6.630548e-01 -1.050080e-02
     vertex -4.721569e-02 -6.631863e-01 -1.303200e-02
   endloop
 endfacet
 facet normal  1.668930e-03  9.986295e-01 -5.230934e-02
   outer loop
     vertex  2.451363e-01 -6.354817e-01  5.252012e-01
     vertex  2.469026e-01 -6.353834e-01  5.271342e-01
     vertex  2.967385e-01 -6.384978e-01  4.692668e-01
   endloop
 endfacet
 facet normal  1.668930e-03  9.986295e-01 -5.230934e-02
   outer loop
     vertex  2.451363e-01 -6.354817e-01  5.252012e-01
     vertex  2.967385e-01 -6.384978e-01  4.692668e-01
     vertex  2.945604e-01 -6.385704e-01  4.678121e-01
   endloop
 endfacet
 facet normal  1.668930e-03  9.986295e-01 -5.230934e-02
   outer loop
     vertex -1.805307e-01 -6.591720e-01  5.935086e-02
     vertex -1.787644e-01 -6.590737e-01  6.128385e-02
     vertex -1.170226e-01 -6.614769e-01  1.737532e-02
   endloop
 endfacet
 facet normal  1.668930e-03  9.986295e-01 -5.230934e-02
   outer loop
     vertex -1.805307e-01 -6.591720e-01  5.935086e-02
     vertex -1.170226e-01 -6.614769e-01  1.737532e-02
     vertex -1.182744e-01 -6.615952e-01  1.507643e-02
   endloop
 endfacet
 facet normal  1.668930e-03  9.986295e-01 -5.230934e-02
   outer loop
     vertex  1.846462e-01 -6.329602e-01  5.714086e-01
     vertex  2.469026e-01 -6.353834e-01  5.271342e-01
     vertex  2.451363e-01 -6.354817e-01  5.252012e-01
   endloop
 endfacet
 facet normal  1.668930e-03  9.986295e-01 -5.230934e-02
   outer loop
     vertex  1.846462e-01 -6.329602e-01  5.714086e-01
     vertex  2.451363e-01 -6.354817e-01  5.252012e-01
     vertex  1.833945e-01 -6.330785e-01  5.691097e-01
   endloop
 endfacet
 facet normal  1.668930e-03  9.986295e-01 -5.230934e-02
   outer loop
     vertex -2.303666e-01 -6.560576e-01  1.172182e-01
     vertex -1.787644e-01 -6.590737e-01  6.128385e-02
     vertex -1.805307e-01 -6.591720e-01  5.935086e-02
   endloop
 endfacet
 facet normal  1.668930e-03  9.986295e-01 -5.230934e-02
   outer loop
     vertex -2.303666e-01 -6.560576e-01  1.172182e-01
     vertex -2.281885e-01 -6.559850e-01  1.186730e-01
     vertex -1.787644e-01 -6.590737e-01  6.128385e-02
   endloop
 endfacet
 facet normal  1.668930e-03  9.986295e-01 -5.230934e-02
   outer loop
     vertex  1.129231e-01 -6.315005e-01  5.969858e-01
     vertex  1.846462e-01 -6.329602e-01  5.714086e-01
     vertex  1.833945e-01 -6.330785e-01  5.691097e-01
   endloop
 endfacet
 facet normal  1.668930e-03  9.986295e-01 -5.230934e-02
   outer loop
     vertex  1.135876e-01 -6.313691e-01  5.995170e-01
     vertex  1.846462e-01 -6.329602e-01  5.714086e-01
     vertex  1.129231e-01 -6.315005e-01  5.969858e-01
   endloop
 endfacet
 facet normal  1.668930e-03  9.986295e-01 -5.230934e-02
   outer loop
     vertex -2.648858e-01 -6.524329e-01  1.853155e-01
     vertex -2.281885e-01 -6.559850e-01  1.186730e-01
     vertex -2.303666e-01 -6.560576e-01  1.172182e-01
   endloop
 endfacet
 facet normal  1.668930e-03  9.986295e-01 -5.230934e-02
   outer loop
     vertex -2.648858e-01 -6.524329e-01  1.853155e-01
     vertex -2.624224e-01 -6.523903e-01  1.862074e-01
     vertex -2.281885e-01 -6.559850e-01  1.186730e-01
   endloop
 endfacet
 facet normal  1.668930e-03  9.986295e-01 -5.230934e-02
   outer loop
     vertex  3.785626e-02 -6.307025e-01  6.098259e-01
     vertex  1.135876e-01 -6.313691e-01  5.995170e-01
     vertex  1.129231e-01 -6.315005e-01  5.969858e-01
   endloop
 endfacet
 facet normal  1.668930e-03  9.986295e-01 -5.230934e-02
   outer loop
     vertex  3.785626e-02 -6.307025e-01  6.098259e-01
     vertex  1.129231e-01 -6.315005e-01  5.969858e-01
     vertex  3.781767e-02 -6.308395e-01  6.072095e-01
   endloop
 endfacet
 facet normal  1.668930e-03  9.986295e-01 -5.230934e-02
   outer loop
     vertex -2.820821e-01 -6.485086e-01  2.596851e-01
     vertex -2.794766e-01 -6.484984e-01  2.599624e-01
     vertex -2.624224e-01 -6.523903e-01  1.862074e-01
   endloop
 endfacet
 facet normal  1.668930e-03  9.986295e-01 -5.230934e-02
   outer loop
     vertex -2.820821e-01 -6.485086e-01  2.596851e-01
     vertex -2.624224e-01 -6.523903e-01  1.862074e-01
     vertex -2.648858e-01 -6.524329e-01  1.853155e-01
   endloop
 endfacet
 facet normal  1.668930e-03  9.986295e-01 -5.230934e-02
   outer loop
     vertex -3.814647e-02 -6.309992e-01  6.017361e-01
     vertex  3.785626e-02 -6.307025e-01  6.098259e-01
     vertex  3.781767e-02 -6.308395e-01  6.072095e-01
   endloop
 endfacet
 facet normal  1.668930e-03  9.986295e-01 -5.230934e-02
   outer loop
     vertex -3.814647e-02 -6.309992e-01  6.017361e-01
     vertex  3.781767e-02 -6.308395e-01  6.072095e-01
     vertex -3.755695e-02 -6.311338e-01  5.991865e-01
   endloop
 endfacet
 facet normal  1.668930e-03  9.986295e-01 -5.230934e-02
   outer loop
     vertex -2.783600e-01 -6.445356e-01  3.356515e-01
     vertex -2.794766e-01 -6.484984e-01  2.599624e-01
     vertex -2.820821e-01 -6.485086e-01  2.596851e-01
   endloop
 endfacet
 facet normal  1.668930e-03  9.986295e-01 -5.230934e-02
   outer loop
     vertex -2.809563e-01 -6.445127e-01  3.360049e-01
     vertex -2.783600e-01 -6.445356e-01  3.356515e-01
     vertex -2.820821e-01 -6.485086e-01  2.596851e-01
   endloop
 endfacet
 facet normal  1.668930e-03  9.986295e-01 -5.230934e-02
   outer loop
     vertex -1.100036e-01 -6.322420e-01  5.757177e-01
     vertex -3.814647e-02 -6.309992e-01  6.017361e-01
     vertex -3.755695e-02 -6.311338e-01  5.991865e-01
   endloop
 endfacet
 facet normal  1.668930e-03  9.986295e-01 -5.230934e-02
   outer loop
     vertex -1.100036e-01 -6.322420e-01  5.757177e-01
     vertex -3.755695e-02 -6.311338e-01  5.991865e-01
     vertex -1.088202e-01 -6.323663e-01  5.733832e-01
   endloop
 endfacet
 facet normal  1.668930e-03  9.986295e-01 -5.230934e-02
   outer loop
     vertex -2.615736e-01 -6.406776e-01  4.098395e-01
     vertex -2.591375e-01 -6.407321e-01  4.088759e-01
     vertex -2.783600e-01 -6.445356e-01  3.356515e-01
   endloop
 endfacet
 facet normal  1.668930e-03  9.986295e-01 -5.230934e-02
   outer loop
     vertex -2.615736e-01 -6.406776e-01  4.098395e-01
     vertex -2.783600e-01 -6.445356e-01  3.356515e-01
     vertex -2.809563e-01 -6.445127e-01  3.360049e-01
   endloop
 endfacet
 facet normal  1.668930e-03  9.986295e-01 -5.230934e-02
   outer loop
     vertex -1.735391e-01 -6.343586e-01  5.332830e-01
     vertex -1.100036e-01 -6.322420e-01  5.757177e-01
     vertex -1.088202e-01 -6.323663e-01  5.733832e-01
   endloop
 endfacet
 facet normal  1.668930e-03  9.986295e-01 -5.230934e-02
   outer loop
     vertex -1.735391e-01 -6.343586e-01  5.332830e-01
     vertex -1.088202e-01 -6.323663e-01  5.733832e-01
     vertex -1.718307e-01 -6.344654e-01  5.312992e-01
   endloop
 endfacet
 facet normal  1.668930e-03  9.986295e-01 -5.230934e-02
   outer loop
     vertex -2.250605e-01 -6.372260e-01  4.768979e-01
     vertex -2.591375e-01 -6.407321e-01  4.088759e-01
     vertex -2.615736e-01 -6.406776e-01  4.098395e-01
   endloop
 endfacet
 facet normal  1.668930e-03  9.986295e-01 -5.230934e-02
   outer loop
     vertex -2.250605e-01 -6.372260e-01  4.768979e-01
     vertex -1.718307e-01 -6.344654e-01  5.312992e-01
     vertex -2.229262e-01 -6.373091e-01  4.753801e-01
   endloop
 endfacet
 facet normal  1.668930e-03  9.986295e-01 -5.230934e-02
   outer loop
     vertex -2.250605e-01 -6.372260e-01  4.768979e-01
     vertex -2.229262e-01 -6.373091e-01  4.753801e-01
     vertex -2.591375e-01 -6.407321e-01  4.088759e-01
   endloop
 endfacet
 facet normal  1.668930e-03  9.986295e-01 -5.230934e-02
   outer loop
     vertex -2.250605e-01 -6.372260e-01  4.768979e-01
     vertex -1.735391e-01 -6.343586e-01  5.332830e-01
     vertex -1.718307e-01 -6.344654e-01  5.312992e-01
   endloop
 endfacet
 facet normal  9.851794e-01  1.699192e-01 -2.342999e-02
   outer loop
     vertex  3.781854e-01 -8.282503e-01  2.555596e-01
     vertex  3.473281e-01 -6.500426e-01  2.504802e-01
     vertex  3.484540e-01 -6.460468e-01  3.268000e-01
   endloop
 endfacet
 facet normal  9.851794e-01  1.699192e-01 -2.342999e-02
   outer loop
     vertex  3.781854e-01 -8.282503e-01  2.555596e-01
     vertex  3.484540e-01 -6.460468e-01  3.268000e-01
     vertex  3.794229e-01 -8.238582e-01  3.394483e-01
   endloop
 endfacet
 facet normal  9.530879e-01  1.576654e-01 -2.583893e-01
   outer loop
     vertex  3.568804e-01 -8.324658e-01  1.744025e-01
     vertex  3.279454e-01 -6.538778e-01  1.766455e-01
     vertex  3.473281e-01 -6.500426e-01  2.504802e-01
   endloop
 endfacet
 facet normal  9.530879e-01  1.576654e-01 -2.583893e-01
   outer loop
     vertex  3.568804e-01 -8.324658e-01  1.744025e-01
     vertex  3.473281e-01 -6.500426e-01  2.504802e-01
     vertex  3.781854e-01 -8.282503e-01  2.555596e-01
   endloop
 endfacet
 facet normal  8.656231e-01  1.462632e-01 -4.788566e-01
   outer loop
     vertex  3.167463e-01 -8.362597e-01  1.006937e-01
     vertex  2.914324e-01 -6.573294e-01  1.095871e-01
     vertex  3.279454e-01 -6.538778e-01  1.766455e-01
   endloop
 endfacet
 facet normal  8.656231e-01  1.462632e-01 -4.788566e-01
   outer loop
     vertex  3.167463e-01 -8.362597e-01  1.006937e-01
     vertex  3.279454e-01 -6.538778e-01  1.766455e-01
     vertex  3.568804e-01 -8.324658e-01  1.744025e-01
   endloop
 endfacet
 facet normal  3.359687e-01  1.233198e-01 -9.337651e-01
   outer loop
     vertex  1.112953e-01 -8.431040e-01 -3.652510e-02
     vertex  1.045184e-01 -6.635561e-01 -1.525106e-02
     vertex  1.763755e-01 -6.623134e-01  1.076728e-02
   endloop
 endfacet
 facet normal  3.359687e-01  1.233198e-01 -9.337651e-01
   outer loop
     vertex  1.112953e-01 -8.431040e-01 -3.652510e-02
     vertex  1.763755e-01 -6.623134e-01  1.076728e-02
     vertex  1.902788e-01 -8.417380e-01 -7.926440e-03
   endloop
 endfacet
 facet normal  1.045998e-01  1.209108e-01 -9.871370e-01
   outer loop
     vertex  2.775508e-02 -8.434302e-01 -4.541721e-02
     vertex  2.851562e-02 -6.638529e-01 -2.334086e-02
     vertex  1.045184e-01 -6.635561e-01 -1.525106e-02
   endloop
 endfacet
 facet normal  1.045998e-01  1.209108e-01 -9.871370e-01
   outer loop
     vertex  2.775508e-02 -8.434302e-01 -4.541721e-02
     vertex  1.045184e-01 -6.635561e-01 -1.525106e-02
     vertex  1.112953e-01 -8.431040e-01 -3.652510e-02
   endloop
 endfacet
 facet normal -1.328313e-01  1.214894e-01 -9.836647e-01
   outer loop
     vertex -5.548677e-02 -8.426975e-01 -3.408597e-02
     vertex -4.721569e-02 -6.631863e-01 -1.303200e-02
     vertex  2.851562e-02 -6.638529e-01 -2.334086e-02
   endloop
 endfacet
 facet normal -1.328313e-01  1.214894e-01 -9.836647e-01
   outer loop
     vertex -5.548677e-02 -8.426975e-01 -3.408597e-02
     vertex  2.851562e-02 -6.638529e-01 -2.334086e-02
     vertex  2.775508e-02 -8.434302e-01 -4.541721e-02
   endloop
 endfacet
 facet normal -7.465354e-01  1.399689e-01 -6.504564e-01
   outer loop
     vertex -2.568014e-01 -8.348618e-01  1.090816e-01
     vertex -2.303666e-01 -6.560576e-01  1.172182e-01
     vertex -1.805307e-01 -6.591720e-01  5.935086e-02
   endloop
 endfacet
 facet normal -7.465354e-01  1.399689e-01 -6.504564e-01
   outer loop
     vertex -2.568014e-01 -8.348618e-01  1.090816e-01
     vertex -1.805307e-01 -6.591720e-01  5.935086e-02
     vertex -2.020231e-01 -8.382851e-01  4.547535e-02
   endloop
 endfacet
 facet normal -8.785330e-01  1.505142e-01 -4.533489e-01
   outer loop
     vertex -2.947440e-01 -8.308776e-01  1.839323e-01
     vertex -2.648858e-01 -6.524329e-01  1.853155e-01
     vertex -2.303666e-01 -6.560576e-01  1.172182e-01
   endloop
 endfacet
 facet normal -8.785330e-01  1.505142e-01 -4.533489e-01
   outer loop
     vertex -2.947440e-01 -8.308776e-01  1.839323e-01
     vertex -2.303666e-01 -6.560576e-01  1.172182e-01
     vertex -2.568014e-01 -8.348618e-01  1.090816e-01
   endloop
 endfacet
 facet normal -9.594567e-01  1.623268e-01 -2.304190e-01
   outer loop
     vertex -3.136458e-01 -8.265641e-01  2.656774e-01
     vertex -2.820821e-01 -6.485086e-01  2.596851e-01
     vertex -2.648858e-01 -6.524329e-01  1.853155e-01
   endloop
 endfacet
 facet normal -9.594567e-01  1.623268e-01 -2.304190e-01
   outer loop
     vertex -3.136458e-01 -8.265641e-01  2.656774e-01
     vertex -2.648858e-01 -6.524329e-01  1.853155e-01
     vertex -2.947440e-01 -8.308776e-01  1.839323e-01
   endloop
 endfacet
 facet normal  4.727184e-01  4.902781e-01 -7.322327e-01
   outer loop
     vertex  2.598346e-01 -6.823650e-01  5.122129e-02
     vertex  1.763755e-01 -6.623134e-01  1.076728e-02
     vertex  2.399110e-01 -6.601968e-01  5.320205e-02
   endloop
 endfacet
 facet normal  5.873302e-01  5.784391e-01 -5.660843e-01
   outer loop
     vertex  2.598346e-01 -6.823650e-01  5.122129e-02
     vertex  2.399110e-01 -6.601968e-01  5.320205e-02
     vertex  2.914324e-01 -6.573294e-01  1.095871e-01
   endloop
 endfacet
 facet normal  7.383623e-01 -5.760580e-03 -6.743797e-01
   outer loop
     vertex  2.674971e-01 -7.413157e-01  4.596095e-02
     vertex  3.167463e-01 -8.362597e-01  1.006937e-01
     vertex  2.601153e-01 -8.394114e-01  3.871673e-02
   endloop
 endfacet
 facet normal  5.548440e-01  1.966882e-02 -8.317219e-01
   outer loop
     vertex  2.674971e-01 -7.413157e-01  4.596095e-02
     vertex  2.601153e-01 -8.394114e-01  3.871673e-02
     vertex  1.902788e-01 -8.417380e-01 -7.926440e-03
   endloop
 endfacet
 facet normal  8.474764e-01  1.452721e-01 -5.105680e-01
   outer loop
     vertex  2.674971e-01 -7.413157e-01  4.596095e-02
     vertex  2.914324e-01 -6.573294e-01  1.095871e-01
     vertex  3.167463e-01 -8.362597e-01  1.006937e-01
   endloop
 endfacet
 facet normal  4.512640e-01  1.269968e-01 -8.833078e-01
   outer loop
     vertex  2.674971e-01 -7.413157e-01  4.596095e-02
     vertex  1.902788e-01 -8.417380e-01 -7.926440e-03
     vertex  1.763755e-01 -6.623134e-01  1.076728e-02
   endloop
 endfacet
 facet normal  8.392168e-01  1.555794e-01 -5.210665e-01
   outer loop
     vertex  2.674971e-01 -7.413157e-01  4.596095e-02
     vertex  2.598346e-01 -6.823650e-01  5.122129e-02
     vertex  2.914324e-01 -6.573294e-01  1.095871e-01
   endloop
 endfacet
 facet normal  4.586492e-01  1.379487e-01 -8.778446e-01
   outer loop
     vertex  2.674971e-01 -7.413157e-01  4.596095e-02
     vertex  1.763755e-01 -6.623134e-01  1.076728e-02
     vertex  2.598346e-01 -6.823650e-01  5.122129e-02
   endloop
 endfacet
 facet normal -4.594620e-01  5.743521e-01 -6.775059e-01
   outer loop
     vertex -1.371628e-01 -6.839150e-01  8.964479e-03
     vertex -1.805307e-01 -6.591720e-01  5.935086e-02
     vertex -1.182744e-01 -6.615952e-01  1.507643e-02
   endloop
 endfacet
 facet normal -3.117677e-01  4.872152e-01 -8.157342e-01
   outer loop
     vertex -1.371628e-01 -6.839150e-01  8.964479e-03
     vertex -1.182744e-01 -6.615952e-01  1.507643e-02
     vertex -4.721569e-02 -6.631863e-01 -1.303200e-02
   endloop
 endfacet
 facet normal -3.674753e-01  1.606783e-02 -9.298945e-01
   outer loop
     vertex -1.430910e-01 -7.429188e-01  2.257536e-03
     vertex -5.548677e-02 -8.426975e-01 -3.408597e-02
     vertex -1.335926e-01 -8.409486e-01 -3.189934e-03
   endloop
 endfacet
 facet normal -5.797995e-01 -1.090705e-02 -8.146862e-01
   outer loop
     vertex -1.430910e-01 -7.429188e-01  2.257536e-03
     vertex -1.335926e-01 -8.409486e-01 -3.189934e-03
     vertex -2.020231e-01 -8.382851e-01  4.547535e-02
   endloop
 endfacet
 facet normal -7.119085e-01  1.495234e-01 -6.861698e-01
   outer loop
     vertex -1.430910e-01 -7.429188e-01  2.257536e-03
     vertex -1.805307e-01 -6.591720e-01  5.935086e-02
     vertex -1.371628e-01 -6.839150e-01  8.964479e-03
   endloop
 endfacet
 facet normal -2.646434e-01  1.351248e-01 -9.548325e-01
   outer loop
     vertex -1.430910e-01 -7.429188e-01  2.257536e-03
     vertex -1.371628e-01 -6.839150e-01  8.964479e-03
     vertex -4.721569e-02 -6.631863e-01 -1.303200e-02
   endloop
 endfacet
 facet normal -2.561892e-01  1.242347e-01 -9.586098e-01
   outer loop
     vertex -1.430910e-01 -7.429188e-01  2.257536e-03
     vertex -4.721569e-02 -6.631863e-01 -1.303200e-02
     vertex -5.548677e-02 -8.426975e-01 -3.408597e-02
   endloop
 endfacet
 facet normal -7.221132e-01  1.391440e-01 -6.776367e-01
   outer loop
     vertex -1.430910e-01 -7.429188e-01  2.257536e-03
     vertex -2.020231e-01 -8.382851e-01  4.547535e-02
     vertex -1.805307e-01 -6.591720e-01  5.935086e-02
   endloop
 endfacet
 facet normal  9.846035e-01 -1.747201e-01 -5.377400e-03
   outer loop
     vertex  3.467334e-01 -1.005910e+00  2.691209e-01
     vertex  3.781854e-01 -8.282503e-01  2.555596e-01
     vertex  3.794229e-01 -8.238582e-01  3.394483e-01
   endloop
 endfacet
 facet normal  9.525120e-01 -1.869739e-01 -2.403367e-01
   outer loop
     vertex  3.467334e-01 -1.005910e+00  2.691209e-01
     vertex  3.568804e-01 -8.324658e-01  1.744025e-01
     vertex  3.781854e-01 -8.282503e-01  2.555596e-01
   endloop
 endfacet
 facet normal  9.846035e-01 -1.747201e-01 -5.377400e-03
   outer loop
     vertex  3.467334e-01 -1.005910e+00  2.691209e-01
     vertex  3.794229e-01 -8.238582e-01  3.394483e-01
     vertex  3.478593e-01 -1.001914e+00  3.454407e-01
   endloop
 endfacet
 facet normal  8.650472e-01 -1.983760e-01 -4.608040e-01
   outer loop
     vertex  3.273507e-01 -1.009745e+00  1.952862e-01
     vertex  3.167463e-01 -8.362597e-01  1.006937e-01
     vertex  3.568804e-01 -8.324658e-01  1.744025e-01
   endloop
 endfacet
 facet normal  9.525120e-01 -1.869739e-01 -2.403367e-01
   outer loop
     vertex  3.273507e-01 -1.009745e+00  1.952862e-01
     vertex  3.568804e-01 -8.324658e-01  1.744025e-01
     vertex  3.467334e-01 -1.005910e+00  2.691209e-01
   endloop
 endfacet
 facet normal  8.650472e-01 -1.983760e-01 -4.608040e-01
   outer loop
     vertex  2.908377e-01 -1.013196e+00  1.282278e-01
     vertex  3.167463e-01 -8.362597e-01  1.006937e-01
     vertex  3.273507e-01 -1.009745e+00  1.952862e-01
   endloop
 endfacet
 facet normal  3.353927e-01 -2.213195e-01 -9.157125e-01
   outer loop
     vertex  1.039236e-01 -1.019423e+00  3.389654e-03
     vertex  1.112953e-01 -8.431040e-01 -3.652510e-02
     vertex  1.902788e-01 -8.417380e-01 -7.926440e-03
   endloop
 endfacet
 facet normal  1.040238e-01 -2.237285e-01 -9.690844e-01
   outer loop
     vertex  1.039236e-01 -1.019423e+00  3.389654e-03
     vertex  2.775508e-02 -8.434302e-01 -4.541721e-02
     vertex  1.112953e-01 -8.431040e-01 -3.652510e-02
   endloop
 endfacet
 facet normal  3.353927e-01 -2.213195e-01 -9.157125e-01
   outer loop
     vertex  1.039236e-01 -1.019423e+00  3.389654e-03
     vertex  1.902788e-01 -8.417380e-01 -7.926440e-03
     vertex  1.757808e-01 -1.018180e+00  2.940799e-02
   endloop
 endfacet
 facet normal  1.040238e-01 -2.237285e-01 -9.690844e-01
   outer loop
     vertex  2.792089e-02 -1.019720e+00 -4.700154e-03
     vertex  2.775508e-02 -8.434302e-01 -4.541721e-02
     vertex  1.039236e-01 -1.019423e+00  3.389654e-03
   endloop
 endfacet
 facet normal -1.334073e-01 -2.231498e-01 -9.656121e-01
   outer loop
     vertex -4.781042e-02 -1.019053e+00  5.608712e-03
     vertex -5.548677e-02 -8.426975e-01 -3.408597e-02
     vertex  2.775508e-02 -8.434302e-01 -4.541721e-02
   endloop
 endfacet
 facet normal -1.334073e-01 -2.231498e-01 -9.656121e-01
   outer loop
     vertex -4.781042e-02 -1.019053e+00  5.608712e-03
     vertex  2.775508e-02 -8.434302e-01 -4.541721e-02
     vertex  2.792089e-02 -1.019720e+00 -4.700154e-03
   endloop
 endfacet
 facet normal -7.471114e-01 -2.046703e-01 -6.324038e-01
   outer loop
     vertex -1.811254e-01 -1.015039e+00  7.799157e-02
     vertex -2.568014e-01 -8.348618e-01  1.090816e-01
     vertex -2.020231e-01 -8.382851e-01  4.547535e-02
   endloop
 endfacet
 facet normal -8.791090e-01 -1.941250e-01 -4.352963e-01
   outer loop
     vertex -2.309613e-01 -1.011924e+00  1.358589e-01
     vertex -2.947440e-01 -8.308776e-01  1.839323e-01
     vertex -2.568014e-01 -8.348618e-01  1.090816e-01
   endloop
 endfacet
 facet normal -7.471114e-01 -2.046703e-01 -6.324038e-01
   outer loop
     vertex -2.309613e-01 -1.011924e+00  1.358589e-01
     vertex -2.568014e-01 -8.348618e-01  1.090816e-01
     vertex -1.811254e-01 -1.015039e+00  7.799157e-02
   endloop
 endfacet
 facet normal -9.600326e-01 -1.823125e-01 -2.123664e-01
   outer loop
     vertex -2.654805e-01 -1.008300e+00  2.039562e-01
     vertex -3.136458e-01 -8.265641e-01  2.656774e-01
     vertex -2.947440e-01 -8.308776e-01  1.839323e-01
   endloop
 endfacet
 facet normal -8.791090e-01 -1.941250e-01 -4.352963e-01
   outer loop
     vertex -2.654805e-01 -1.008300e+00  2.039562e-01
     vertex -2.947440e-01 -8.308776e-01  1.839323e-01
     vertex -2.309613e-01 -1.011924e+00  1.358589e-01
   endloop
 endfacet
 facet normal -9.600326e-01 -1.823125e-01 -2.123664e-01
   outer loop
     vertex -2.826769e-01 -1.004375e+00  2.783258e-01
     vertex -3.136458e-01 -8.265641e-01  2.656774e-01
     vertex -2.654805e-01 -1.008300e+00  2.039562e-01
   endloop
 endfacet
 facet normal  7.382596e-01 -6.718817e-02 -6.711621e-01
   outer loop
     vertex  2.671714e-01 -9.362376e-01  5.617118e-02
     vertex  2.601153e-01 -8.394114e-01  3.871673e-02
     vertex  3.167463e-01 -8.362597e-01  1.006937e-01
   endloop
 endfacet
 facet normal  5.546302e-01 -1.083049e-01 -8.250184e-01
   outer loop
     vertex  2.671714e-01 -9.362376e-01  5.617118e-02
     vertex  1.902788e-01 -8.417380e-01 -7.926440e-03
     vertex  2.601153e-01 -8.394114e-01  3.871673e-02
   endloop
 endfacet
 facet normal  4.709537e-01 -5.656682e-01 -6.769210e-01
   outer loop
     vertex  2.593133e-01 -9.942902e-01  6.756028e-02
     vertex  2.393163e-01 -1.016064e+00  7.184276e-02
     vertex  1.757808e-01 -1.018180e+00  2.940799e-02
   endloop
 endfacet
 facet normal  5.853000e-01 -6.363699e-01 -5.024513e-01
   outer loop
     vertex  2.593133e-01 -9.942902e-01  6.756028e-02
     vertex  2.908377e-01 -1.013196e+00  1.282278e-01
     vertex  2.393163e-01 -1.016064e+00  7.184276e-02
   endloop
 endfacet
 facet normal  8.524578e-01 -2.093706e-01 -4.790403e-01
   outer loop
     vertex  2.593133e-01 -9.942902e-01  6.756028e-02
     vertex  2.671714e-01 -9.362376e-01  5.617118e-02
     vertex  3.167463e-01 -8.362597e-01  1.006937e-01
   endloop
 endfacet
 facet normal  4.407691e-01 -2.298900e-01 -8.676826e-01
   outer loop
     vertex  2.593133e-01 -9.942902e-01  6.756028e-02
     vertex  1.902788e-01 -8.417380e-01 -7.926440e-03
     vertex  2.671714e-01 -9.362376e-01  5.617118e-02
   endloop
 endfacet
 facet normal  8.421588e-01 -2.011705e-01 -5.002988e-01
   outer loop
     vertex  2.593133e-01 -9.942902e-01  6.756028e-02
     vertex  3.167463e-01 -8.362597e-01  1.006937e-01
     vertex  2.908377e-01 -1.013196e+00  1.282278e-01
   endloop
 endfacet
 facet normal  4.566261e-01 -2.199257e-01 -8.620472e-01
   outer loop
     vertex  2.593133e-01 -9.942902e-01  6.756028e-02
     vertex  1.757808e-01 -1.018180e+00  2.940799e-02
     vertex  1.902788e-01 -8.417380e-01 -7.926440e-03
   endloop
 endfacet
 facet normal -3.676892e-01 -1.119059e-01 -9.231911e-01
   outer loop
     vertex -1.434168e-01 -9.378406e-01  1.246776e-02
     vertex -1.335926e-01 -8.409486e-01 -3.189934e-03
     vertex -5.548677e-02 -8.426975e-01 -3.408597e-02
   endloop
 endfacet
 facet normal -5.799022e-01 -7.233465e-02 -8.114685e-01
   outer loop
     vertex -1.434168e-01 -9.378406e-01  1.246776e-02
     vertex -2.020231e-01 -8.382851e-01  4.547535e-02
     vertex -1.335926e-01 -8.409486e-01 -3.189934e-03
   endloop
 endfacet
 facet normal -4.614923e-01 -6.404569e-01 -6.138729e-01
   outer loop
     vertex -1.376841e-01 -9.958402e-01  2.530347e-02
     vertex -1.188691e-01 -1.017462e+00  3.371714e-02
     vertex -1.811254e-01 -1.015039e+00  7.799157e-02
   endloop
 endfacet
 facet normal -3.135324e-01 -5.687311e-01 -7.604225e-01
   outer loop
     vertex -1.376841e-01 -9.958402e-01  2.530347e-02
     vertex -4.781042e-02 -1.019053e+00  5.608712e-03
     vertex -1.188691e-01 -1.017462e+00  3.371714e-02
   endloop
 endfacet
 facet normal -2.632277e-01 -2.227362e-01 -9.386691e-01
   outer loop
     vertex -1.376841e-01 -9.958402e-01  2.530347e-02
     vertex -5.548677e-02 -8.426975e-01 -3.408597e-02
     vertex -4.781042e-02 -1.019053e+00  5.608712e-03
   endloop
 endfacet
 facet normal -7.164016e-01 -2.072556e-01 -6.661936e-01
   outer loop
     vertex -1.376841e-01 -9.958402e-01  2.530347e-02
     vertex -1.811254e-01 -1.015039e+00  7.799157e-02
     vertex -2.020231e-01 -8.382851e-01  4.547535e-02
   endloop
 endfacet
 facet normal -7.308810e-01 -2.155524e-01 -6.475725e-01
   outer loop
     vertex -1.376841e-01 -9.958402e-01  2.530347e-02
     vertex -2.020231e-01 -8.382851e-01  4.547535e-02
     vertex -1.434168e-01 -9.378406e-01  1.246776e-02
   endloop
 endfacet
 facet normal -2.464634e-01 -2.325731e-01 -9.408324e-01
   outer loop
     vertex -1.376841e-01 -9.958402e-01  2.530347e-02
     vertex -1.434168e-01 -9.378406e-01  1.246776e-02
     vertex -5.548677e-02 -8.426975e-01 -3.408597e-02
   endloop
 endfacet
 facet normal  3.264505e-02  1.208786e-01  9.921304e-01
   outer loop
     vertex  4.919494e-03  9.865770e-01  6.272899e-01
     vertex  2.472558e-03  8.070005e-01  6.492496e-01
     vertex  8.643821e-02  8.072873e-01  6.464518e-01
   endloop
 endfacet
 facet normal  3.264505e-02  1.208786e-01  9.921304e-01
   outer loop
     vertex  4.919494e-03  9.865770e-01  6.272899e-01
     vertex  8.643821e-02  8.072873e-01  6.464518e-01
     vertex  8.130930e-02  9.868380e-01  6.247446e-01
   endloop
 endfacet
 facet normal -2.039057e-01  1.215684e-01  9.714132e-01
   outer loop
     vertex -6.986213e-02  9.872789e-01  6.115049e-01
     vertex -7.972543e-02  8.077719e-01  6.318991e-01
     vertex  2.472558e-03  8.070005e-01  6.492496e-01
   endloop
 endfacet
 facet normal -2.039057e-01  1.215684e-01  9.714132e-01
   outer loop
     vertex -6.986213e-02  9.872789e-01  6.115049e-01
     vertex  2.472558e-03  8.070005e-01  6.492496e-01
     vertex  4.919494e-03  9.865770e-01  6.272899e-01
   endloop
 endfacet
 facet normal -4.286228e-01  1.252078e-01  8.947656e-01
   outer loop
     vertex -1.386895e-01  9.889028e-01  5.783071e-01
     vertex -1.553787e-01  8.095569e-01  5.954089e-01
     vertex -7.972543e-02  8.077719e-01  6.318991e-01
   endloop
 endfacet
 facet normal -4.286228e-01  1.252078e-01  8.947656e-01
   outer loop
     vertex -1.386895e-01  9.889028e-01  5.783071e-01
     vertex -7.972543e-02  8.077719e-01  6.318991e-01
     vertex -6.986213e-02  9.872789e-01  6.115049e-01
   endloop
 endfacet
 facet normal -9.090843e-01  1.509335e-01  3.883103e-01
   outer loop
     vertex -2.725378e-01  9.981309e-01  3.978641e-01
     vertex -3.025012e-01  8.197002e-01  3.970707e-01
     vertex -2.701002e-01  8.156995e-01  4.744808e-01
   endloop
 endfacet
 facet normal -9.090843e-01  1.509335e-01  3.883103e-01
   outer loop
     vertex -2.725378e-01  9.981309e-01  3.978641e-01
     vertex -2.701002e-01  8.156995e-01  4.744808e-01
     vertex -2.430602e-01  9.944912e-01  4.682897e-01
   endloop
 endfacet
 facet normal -9.735882e-01  1.627802e-01  1.600893e-01
   outer loop
     vertex -2.842825e-01  1.002062e+00  3.224415e-01
     vertex -3.154106e-01  8.240212e-01  3.141683e-01
     vertex -3.025012e-01  8.197002e-01  3.970707e-01
   endloop
 endfacet
 facet normal -9.735882e-01  1.627802e-01  1.600893e-01
   outer loop
     vertex -2.842825e-01  1.002062e+00  3.224415e-01
     vertex -3.025012e-01  8.197002e-01  3.970707e-01
     vertex -2.725378e-01  9.981309e-01  3.978641e-01
   endloop
 endfacet
 facet normal -9.815275e-01  1.751812e-01 -7.691092e-02
   outer loop
     vertex -2.776116e-01  1.006056e+00  2.464054e-01
     vertex -3.080781e-01  8.284113e-01  2.305914e-01
     vertex -3.154106e-01  8.240212e-01  3.141683e-01
   endloop
 endfacet
 facet normal -9.815275e-01  1.751812e-01 -7.691092e-02
   outer loop
     vertex -2.776116e-01  1.006056e+00  2.464054e-01
     vertex -3.154106e-01  8.240212e-01  3.141683e-01
     vertex -2.842825e-01  1.002062e+00  3.224415e-01
   endloop
 endfacet
 facet normal -6.777482e-01  2.085934e-01 -7.050859e-01
   outer loop
     vertex -1.561376e-01  1.016156e+00  5.745500e-02
     vertex -1.745571e-01  8.395134e-01  2.290210e-02
     vertex -2.355436e-01  8.363892e-01  8.059979e-02
   endloop
 endfacet
 facet normal -6.777482e-01  2.085934e-01 -7.050859e-01
   outer loop
     vertex -1.561376e-01  1.016156e+00  5.745500e-02
     vertex -2.355436e-01  8.363892e-01  8.059979e-02
     vertex -2.116216e-01  1.013314e+00  1.099469e-01
   endloop
 endfacet
 facet normal -4.869444e-01  2.163054e-01 -8.462253e-01
   outer loop
     vertex -8.968536e-02  1.018243e+00  1.974956e-02
     vertex -1.015146e-01  8.418064e-01 -1.854273e-02
     vertex -1.745571e-01  8.395134e-01  2.290210e-02
   endloop
 endfacet
 facet normal -4.869444e-01  2.163054e-01 -8.462253e-01
   outer loop
     vertex -8.968536e-02  1.018243e+00  1.974956e-02
     vertex -1.745571e-01  8.395134e-01  2.290210e-02
     vertex -1.561376e-01  1.016156e+00  5.745500e-02
   endloop
 endfacet
 facet normal -2.678578e-01  2.214610e-01 -9.376605e-01
   outer loop
     vertex -1.612688e-02  1.019451e+00 -9.781298e-04
     vertex -2.066106e-02  8.431349e-01 -4.132606e-02
     vertex -1.015146e-01  8.418064e-01 -1.854273e-02
   endloop
 endfacet
 facet normal -2.678578e-01  2.214610e-01 -9.376605e-01
   outer loop
     vertex -1.612688e-02  1.019451e+00 -9.781298e-04
     vertex -1.015146e-01  8.418064e-01 -1.854273e-02
     vertex -8.968536e-02  1.018243e+00  1.974956e-02
   endloop
 endfacet
 facet normal -6.374745e-01 -1.062153e-02  7.703982e-01
   outer loop
     vertex -2.075545e-01  9.093877e-01  5.536118e-01
     vertex -2.200906e-01  8.122516e-01  5.418995e-01
     vertex -1.553787e-01  8.095569e-01  5.954089e-01
   endloop
 endfacet
 facet normal -8.019854e-01  3.157654e-02  5.965085e-01
   outer loop
     vertex -2.075545e-01  9.093877e-01  5.536118e-01
     vertex -2.701002e-01  8.156995e-01  4.744808e-01
     vertex -2.200906e-01  8.122516e-01  5.418995e-01
   endloop
 endfacet
 facet normal -6.829265e-01  5.004063e-01  5.321701e-01
   outer loop
     vertex -1.996989e-01  9.683291e-01  5.485353e-01
     vertex -1.975627e-01  9.913544e-01  5.296256e-01
     vertex -2.430602e-01  9.944912e-01  4.682897e-01
   endloop
 endfacet
 facet normal -5.072122e-01  5.745788e-01  6.423355e-01
   outer loop
     vertex -1.996989e-01  9.683291e-01  5.485353e-01
     vertex -1.386895e-01  9.889028e-01  5.783071e-01
     vertex -1.975627e-01  9.913544e-01  5.296256e-01
   endloop
 endfacet
 facet normal -4.480097e-01  1.358179e-01  8.836520e-01
   outer loop
     vertex -1.996989e-01  9.683291e-01  5.485353e-01
     vertex -2.075545e-01  9.093877e-01  5.536118e-01
     vertex -1.553787e-01  8.095569e-01  5.954089e-01
   endloop
 endfacet
 facet normal -8.565668e-01  1.565144e-01  4.917282e-01
   outer loop
     vertex -1.996989e-01  9.683291e-01  5.485353e-01
     vertex -2.701002e-01  8.156995e-01  4.744808e-01
     vertex -2.075545e-01  9.093877e-01  5.536118e-01
   endloop
 endfacet
 facet normal -4.692671e-01  1.269980e-01  8.738763e-01
   outer loop
     vertex -1.996989e-01  9.683291e-01  5.485353e-01
     vertex -1.553787e-01  8.095569e-01  5.954089e-01
     vertex -1.386895e-01  9.889028e-01  5.783071e-01
   endloop
 endfacet
 facet normal -8.496460e-01  1.460447e-01  5.067274e-01
   outer loop
     vertex -1.996989e-01  9.683291e-01  5.485353e-01
     vertex -2.430602e-01  9.944912e-01  4.682897e-01
     vertex -2.701002e-01  8.156995e-01  4.744808e-01
   endloop
 endfacet
 facet normal -9.445105e-01  7.928166e-02 -3.187699e-01
   outer loop
     vertex -2.710024e-01  9.306246e-01  1.461581e-01
     vertex -2.809299e-01  8.326154e-01  1.511972e-01
     vertex -3.080781e-01  8.284113e-01  2.305914e-01
   endloop
 endfacet
 facet normal -8.411688e-01  5.755775e-02 -5.377008e-01
   outer loop
     vertex -2.710024e-01  9.306246e-01  1.461581e-01
     vertex -2.355436e-01  8.363892e-01  8.059979e-02
     vertex -2.809299e-01  8.326154e-01  1.511972e-01
   endloop
 endfacet
 facet normal -6.689720e-01  6.287221e-01 -3.964656e-01
   outer loop
     vertex -2.610465e-01  9.888630e-01  1.545685e-01
     vertex -2.529128e-01  1.009881e+00  1.741746e-01
     vertex -2.116216e-01  1.013314e+00  1.099469e-01
   endloop
 endfacet
 facet normal -8.041524e-01  5.409823e-01 -2.463273e-01
   outer loop
     vertex -2.610465e-01  9.888630e-01  1.545685e-01
     vertex -2.776116e-01  1.006056e+00  2.464054e-01
     vertex -2.529128e-01  1.009881e+00  1.741746e-01
   endloop
 endfacet
 facet normal -9.608843e-01  1.832777e-01 -2.076310e-01
   outer loop
     vertex -2.610465e-01  9.888630e-01  1.545685e-01
     vertex -3.080781e-01  8.284113e-01  2.305914e-01
     vertex -2.776116e-01  1.006056e+00  2.464054e-01
   endloop
 endfacet
 facet normal -7.101100e-01  2.076114e-01 -6.727862e-01
   outer loop
     vertex -2.610465e-01  9.888630e-01  1.545685e-01
     vertex -2.116216e-01  1.013314e+00  1.099469e-01
     vertex -2.355436e-01  8.363892e-01  8.059979e-02
   endloop
 endfacet
 facet normal -6.926815e-01  2.177129e-01 -6.875997e-01
   outer loop
     vertex -2.610465e-01  9.888630e-01  1.545685e-01
     vertex -2.355436e-01  8.363892e-01  8.059979e-02
     vertex -2.710024e-01  9.306246e-01  1.461581e-01
   endloop
 endfacet
 facet normal -9.627642e-01  1.920601e-01 -1.902580e-01
   outer loop
     vertex -2.610465e-01  9.888630e-01  1.545685e-01
     vertex -2.710024e-01  9.306246e-01  1.461581e-01
     vertex -3.080781e-01  8.284113e-01  2.305914e-01
   endloop
 endfacet
 facet normal  3.322102e-02 -2.237607e-01  9.740778e-01
   outer loop
     vertex  2.472558e-03  8.070005e-01  6.492496e-01
     vertex  5.514226e-03  6.307101e-01  6.086492e-01
     vertex  8.190403e-02  6.309711e-01  6.061039e-01
   endloop
 endfacet
 facet normal  3.322102e-02 -2.237607e-01  9.740778e-01
   outer loop
     vertex  2.472558e-03  8.070005e-01  6.492496e-01
     vertex  8.190403e-02  6.309711e-01  6.061039e-01
     vertex  8.643821e-02  8.072873e-01  6.464518e-01
   endloop
 endfacet
 facet normal -2.033297e-01 -2.230708e-01  9.533606e-01
   outer loop
     vertex -7.972543e-02  8.077719e-01  6.318991e-01
     vertex -6.926740e-02  6.314119e-01  5.928642e-01
     vertex  5.514226e-03  6.307101e-01  6.086492e-01
   endloop
 endfacet
 facet normal -2.033297e-01 -2.230708e-01  9.533606e-01
   outer loop
     vertex -7.972543e-02  8.077719e-01  6.318991e-01
     vertex  5.514226e-03  6.307101e-01  6.086492e-01
     vertex  2.472558e-03  8.070005e-01  6.492496e-01
   endloop
 endfacet
 facet normal -4.280469e-01 -2.194315e-01  8.767130e-01
   outer loop
     vertex -1.553787e-01  8.095569e-01  5.954089e-01
     vertex -1.380948e-01  6.330359e-01  5.596663e-01
     vertex -6.926740e-02  6.314119e-01  5.928642e-01
   endloop
 endfacet
 facet normal -4.280469e-01 -2.194315e-01  8.767130e-01
   outer loop
     vertex -1.553787e-01  8.095569e-01  5.954089e-01
     vertex -6.926740e-02  6.314119e-01  5.928642e-01
     vertex -7.972543e-02  8.077719e-01  6.318991e-01
   endloop
 endfacet
 facet normal -9.085083e-01 -1.937057e-01  3.702577e-01
   outer loop
     vertex -3.025012e-01  8.197002e-01  3.970707e-01
     vertex -2.719431e-01  6.422640e-01  3.792234e-01
     vertex -2.424655e-01  6.386243e-01  4.496490e-01
   endloop
 endfacet
 facet normal -9.085083e-01 -1.937057e-01  3.702577e-01
   outer loop
     vertex -3.025012e-01  8.197002e-01  3.970707e-01
     vertex -2.424655e-01  6.386243e-01  4.496490e-01
     vertex -2.701002e-01  8.156995e-01  4.744808e-01
   endloop
 endfacet
 facet normal -9.730123e-01 -1.818591e-01  1.420367e-01
   outer loop
     vertex -3.154106e-01  8.240212e-01  3.141683e-01
     vertex -2.836877e-01  6.461951e-01  3.038008e-01
     vertex -2.719431e-01  6.422640e-01  3.792234e-01
   endloop
 endfacet
 facet normal -9.730123e-01 -1.818591e-01  1.420367e-01
   outer loop
     vertex -3.154106e-01  8.240212e-01  3.141683e-01
     vertex -2.719431e-01  6.422640e-01  3.792234e-01
     vertex -3.025012e-01  8.197002e-01  3.970707e-01
   endloop
 endfacet
 facet normal -9.809515e-01 -1.694580e-01 -9.496351e-02
   outer loop
     vertex -3.080781e-01  8.284113e-01  2.305914e-01
     vertex -2.770168e-01  6.501891e-01  2.277647e-01
     vertex -2.836877e-01  6.461951e-01  3.038008e-01
   endloop
 endfacet
 facet normal -9.809515e-01 -1.694580e-01 -9.496351e-02
   outer loop
     vertex -3.080781e-01  8.284113e-01  2.305914e-01
     vertex -2.836877e-01  6.461951e-01  3.038008e-01
     vertex -3.154106e-01  8.240212e-01  3.141683e-01
   endloop
 endfacet
 facet normal -6.771723e-01 -1.360458e-01 -7.231385e-01
   outer loop
     vertex -1.745571e-01  8.395134e-01  2.290210e-02
     vertex -1.555428e-01  6.602895e-01  3.881429e-02
     vertex -2.110268e-01  6.574472e-01  9.130618e-02
   endloop
 endfacet
 facet normal -6.771723e-01 -1.360458e-01 -7.231385e-01
   outer loop
     vertex -1.745571e-01  8.395134e-01  2.290210e-02
     vertex -2.110268e-01  6.574472e-01  9.130618e-02
     vertex -2.355436e-01  8.363892e-01  8.059979e-02
   endloop
 endfacet
 facet normal -2.672818e-01 -1.231783e-01 -9.557131e-01
   outer loop
     vertex -1.015146e-01  8.418064e-01 -1.854273e-02
     vertex -1.553214e-02  6.635843e-01 -1.961884e-02
     vertex -8.909063e-02  6.623756e-01  1.108854e-03
   endloop
 endfacet
 facet normal -4.863684e-01 -1.283339e-01 -8.642779e-01
   outer loop
     vertex -1.015146e-01  8.418064e-01 -1.854273e-02
     vertex -8.909063e-02  6.623756e-01  1.108854e-03
     vertex -1.555428e-01  6.602895e-01  3.881429e-02
   endloop
 endfacet
 facet normal -4.863684e-01 -1.283339e-01 -8.642779e-01
   outer loop
     vertex -1.015146e-01  8.418064e-01 -1.854273e-02
     vertex -1.555428e-01  6.602895e-01  3.881429e-02
     vertex -1.745571e-01  8.395134e-01  2.290210e-02
   endloop
 endfacet
 facet normal -2.672818e-01 -1.231783e-01 -9.557131e-01
   outer loop
     vertex -2.066106e-02  8.431349e-01 -4.132606e-02
     vertex -1.553214e-02  6.635843e-01 -1.961884e-02
     vertex -1.015146e-01  8.418064e-01 -1.854273e-02
   endloop
 endfacet
 facet normal -6.811617e-01 -5.555400e-01  4.768584e-01
   outer loop
     vertex -1.991776e-01  6.564039e-01  5.321963e-01
     vertex -2.424655e-01  6.386243e-01  4.496490e-01
     vertex -1.969680e-01  6.354875e-01  5.109849e-01
   endloop
 endfacet
 facet normal -5.051820e-01 -6.402301e-01  5.787025e-01
   outer loop
     vertex -1.991776e-01  6.564039e-01  5.321963e-01
     vertex -1.969680e-01  6.354875e-01  5.109849e-01
     vertex -1.380948e-01  6.330359e-01  5.596663e-01
   endloop
 endfacet
 facet normal -6.373718e-01 -7.204913e-02  7.671806e-01
   outer loop
     vertex -2.072288e-01  7.144658e-01  5.434016e-01
     vertex -1.553787e-01  8.095569e-01  5.954089e-01
     vertex -2.200906e-01  8.122516e-01  5.418995e-01
   endloop
 endfacet
 facet normal -8.017715e-01 -9.639721e-02  5.898051e-01
   outer loop
     vertex -2.072288e-01  7.144658e-01  5.434016e-01
     vertex -2.200906e-01  8.122516e-01  5.418995e-01
     vertex -2.701002e-01  8.156995e-01  4.744808e-01
   endloop
 endfacet
 facet normal -4.606027e-01 -2.192553e-01  8.601002e-01
   outer loop
     vertex -2.072288e-01  7.144658e-01  5.434016e-01
     vertex -1.380948e-01  6.330359e-01  5.596663e-01
     vertex -1.553787e-01  8.095569e-01  5.954089e-01
   endloop
 endfacet
 facet normal -8.524327e-01 -2.007321e-01  4.827682e-01
   outer loop
     vertex -2.072288e-01  7.144658e-01  5.434016e-01
     vertex -2.701002e-01  8.156995e-01  4.744808e-01
     vertex -2.424655e-01  6.386243e-01  4.496490e-01
   endloop
 endfacet
 facet normal -4.709166e-01 -2.296788e-01  8.517542e-01
   outer loop
     vertex -2.072288e-01  7.144658e-01  5.434016e-01
     vertex -1.991776e-01  6.564039e-01  5.321963e-01
     vertex -1.380948e-01  6.330359e-01  5.596663e-01
   endloop
 endfacet
 facet normal -8.460385e-01 -2.117401e-01  4.892699e-01
   outer loop
     vertex -2.072288e-01  7.144658e-01  5.434016e-01
     vertex -2.424655e-01  6.386243e-01  4.496490e-01
     vertex -1.991776e-01  6.564039e-01  5.321963e-01
   endloop
 endfacet
 facet normal -6.669418e-01 -5.860869e-01 -4.600987e-01
   outer loop
     vertex -2.605252e-01  6.769378e-01  1.382295e-01
     vertex -2.110268e-01  6.574472e-01  9.130618e-02
     vertex -2.523181e-01  6.540139e-01  1.555339e-01
   endloop
 endfacet
 facet normal -8.023877e-01 -5.149641e-01 -3.016390e-01
   outer loop
     vertex -2.605252e-01  6.769378e-01  1.382295e-01
     vertex -2.523181e-01  6.540139e-01  1.555339e-01
     vertex -2.770168e-01  6.501891e-01  2.277647e-01
   endloop
 endfacet
 facet normal -9.442967e-01 -4.869208e-02 -3.254734e-01
   outer loop
     vertex -2.706766e-01  7.357027e-01  1.359478e-01
     vertex -3.080781e-01  8.284113e-01  2.305914e-01
     vertex -2.809299e-01  8.326154e-01  1.511972e-01
   endloop
 endfacet
 facet normal -8.410662e-01 -3.869845e-03 -5.409184e-01
   outer loop
     vertex -2.706766e-01  7.357027e-01  1.359478e-01
     vertex -2.809299e-01  8.326154e-01  1.511972e-01
     vertex -2.355436e-01  8.363892e-01  8.059979e-02
   endloop
 endfacet
 facet normal -7.106105e-01 -1.494500e-01 -6.875299e-01
   outer loop
     vertex -2.706766e-01  7.357027e-01  1.359478e-01
     vertex -2.110268e-01  6.574472e-01  9.130618e-02
     vertex -2.605252e-01  6.769378e-01  1.382295e-01
   endloop
 endfacet
 facet normal -9.578082e-01 -1.743293e-01 -2.285011e-01
   outer loop
     vertex -2.706766e-01  7.357027e-01  1.359478e-01
     vertex -2.605252e-01  6.769378e-01  1.382295e-01
     vertex -2.770168e-01  6.501891e-01  2.277647e-01
   endloop
 endfacet
 facet normal -9.617548e-01 -1.641405e-01 -2.192844e-01
   outer loop
     vertex -2.706766e-01  7.357027e-01  1.359478e-01
     vertex -2.770168e-01  6.501891e-01  2.277647e-01
     vertex -3.080781e-01  8.284113e-01  2.305914e-01
   endloop
 endfacet
 facet normal -7.031499e-01 -1.380714e-01 -6.975073e-01
   outer loop
     vertex -2.706766e-01  7.357027e-01  1.359478e-01
     vertex -2.355436e-01  8.363892e-01  8.059979e-02
     vertex -2.110268e-01  6.574472e-01  9.130618e-02
   endloop
 endfacet
 facet normal -6.010470e-02  9.923231e-01 -1.080844e-01
   outer loop
     vertex -8.867481e-02  1.018118e+00  2.216389e-02
     vertex -6.965380e-02  1.032688e+00  1.453525e-01
     vertex  2.359066e-03  1.034185e+00  1.190574e-01
   endloop
 endfacet
 facet normal -4.952805e-02  9.917857e-01 -1.179323e-01
   outer loop
     vertex -8.867481e-02  1.018118e+00  2.216389e-02
     vertex  2.359066e-03  1.034185e+00  1.190574e-01
     vertex -1.572425e-02  1.019316e+00  1.607501e-03
   endloop
 endfacet
 facet normal -1.181594e-01  9.901532e-01 -7.506660e-02
   outer loop
     vertex -1.545778e-01  1.016049e+00  5.955771e-02
     vertex -1.261061e-01  1.029879e+00  1.971674e-01
     vertex -6.965380e-02  1.032688e+00  1.453525e-01
   endloop
 endfacet
 facet normal -8.971505e-02  9.905951e-01 -1.033080e-01
   outer loop
     vertex -1.545778e-01  1.016049e+00  5.955771e-02
     vertex -6.965380e-02  1.032688e+00  1.453525e-01
     vertex -8.867481e-02  1.018118e+00  2.216389e-02
   endloop
 endfacet
 facet normal -1.211174e-01  9.898443e-01 -7.442355e-02
   outer loop
     vertex -2.096033e-01  1.013230e+00  1.116158e-01
     vertex -1.261061e-01  1.029879e+00  1.971674e-01
     vertex -1.545778e-01  1.016049e+00  5.955771e-02
   endloop
 endfacet
 facet normal -1.724765e-01  9.840151e-01  4.434139e-02
   outer loop
     vertex -2.816637e-01  1.002071e+00  3.223543e-01
     vertex -1.616290e-01  1.022175e+00  3.431186e-01
     vertex -1.584035e-01  1.026188e+00  2.666136e-01
   endloop
 endfacet
 facet normal -1.760876e-01  9.837078e-01  3.622319e-02
   outer loop
     vertex -2.816637e-01  1.002071e+00  3.223543e-01
     vertex -1.584035e-01  1.026188e+00  2.666136e-01
     vertex -2.750479e-01  1.006032e+00  2.469465e-01
   endloop
 endfacet
 facet normal -1.622251e-01  9.805838e-01  1.101742e-01
   outer loop
     vertex -2.700161e-01  9.981723e-01  3.971535e-01
     vertex -1.352916e-01  1.018452e+00  4.150353e-01
     vertex -1.616290e-01  1.022175e+00  3.431186e-01
   endloop
 endfacet
 facet normal -1.779178e-01  9.808828e-01  7.882946e-02
   outer loop
     vertex -2.700161e-01  9.981723e-01  3.971535e-01
     vertex -1.616290e-01  1.022175e+00  3.431186e-01
     vertex -2.816637e-01  1.002071e+00  3.223543e-01
   endloop
 endfacet
 facet normal -1.632086e-01  9.793971e-01  1.189300e-01
   outer loop
     vertex -2.407821e-01  9.945627e-01  4.669971e-01
     vertex -1.352916e-01  1.018452e+00  4.150353e-01
     vertex -2.700161e-01  9.981723e-01  3.971535e-01
   endloop
 endfacet
 facet normal -7.416459e-02  9.754275e-01  2.074627e-01
   outer loop
     vertex -6.901541e-02  9.874100e-01  6.090287e-01
     vertex -1.385672e-02  1.014012e+00  5.036743e-01
     vertex -8.340088e-02  1.015585e+00  4.714150e-01
   endloop
 endfacet
 facet normal -7.718277e-02  9.751388e-01  2.077191e-01
   outer loop
     vertex -6.901541e-02  9.874100e-01  6.090287e-01
     vertex -8.340088e-02  1.015585e+00  4.714150e-01
     vertex -1.372740e-01  9.890205e-01  5.761052e-01
   endloop
 endfacet
 facet normal -8.804136e-03  9.751521e-01  2.213613e-01
   outer loop
     vertex  5.148186e-03  9.867139e-01  6.246832e-01
     vertex  6.275339e-02  1.013971e+00  5.069021e-01
     vertex -1.385672e-02  1.014012e+00  5.036743e-01
   endloop
 endfacet
 facet normal -3.849200e-02  9.734501e-01  2.256399e-01
   outer loop
     vertex  5.148186e-03  9.867139e-01  6.246832e-01
     vertex -1.385672e-02  1.014012e+00  5.036743e-01
     vertex -6.901541e-02  9.874100e-01  6.090287e-01
   endloop
 endfacet
 facet normal  4.251020e-03  9.737851e-01  2.274300e-01
   outer loop
     vertex  8.090667e-02  9.869728e-01  6.221589e-01
     vertex  6.275339e-02  1.013971e+00  5.069021e-01
     vertex  5.148186e-03  9.867139e-01  6.246832e-01
   endloop
 endfacet
 facet normal  1.617108e-01  9.786024e-01  1.272279e-01
   outer loop
     vertex -1.712745e-01  1.036330e+00  2.049594e-01
     vertex -1.584035e-01  1.026188e+00  2.666136e-01
     vertex -1.261061e-01  1.029879e+00  1.971674e-01
   endloop
 endfacet
 facet normal  8.954082e-02  9.576231e-01 -2.737525e-01
   outer loop
     vertex -1.712745e-01  1.036330e+00  2.049594e-01
     vertex -1.261061e-01  1.029879e+00  1.971674e-01
     vertex -2.096033e-01  1.013230e+00  1.116158e-01
   endloop
 endfacet
 facet normal -1.994101e-01  9.594021e-01  1.994571e-01
   outer loop
     vertex -1.712745e-01  1.036330e+00  2.049594e-01
     vertex -2.750479e-01  1.006032e+00  2.469465e-01
     vertex -1.584035e-01  1.026188e+00  2.666136e-01
   endloop
 endfacet
 facet normal -3.833707e-01  9.020678e-01 -1.982440e-01
   outer loop
     vertex -2.091637e-01  1.029410e+00  1.843900e-01
     vertex -2.096033e-01  1.013230e+00  1.116158e-01
     vertex -2.505533e-01  1.009825e+00  1.753127e-01
   endloop
 endfacet
 facet normal -4.093686e-01  9.077275e-01 -9.191393e-02
   outer loop
     vertex -2.091637e-01  1.029410e+00  1.843900e-01
     vertex -2.505533e-01  1.009825e+00  1.753127e-01
     vertex -2.750479e-01  1.006032e+00  2.469465e-01
   endloop
 endfacet
 facet normal -6.054940e-02  9.744505e-01 -2.162868e-01
   outer loop
     vertex -2.091637e-01  1.029410e+00  1.843900e-01
     vertex -1.712745e-01  1.036330e+00  2.049594e-01
     vertex -2.096033e-01  1.013230e+00  1.116158e-01
   endloop
 endfacet
 facet normal -2.367341e-01  9.651702e-01  1.113709e-01
   outer loop
     vertex -2.091637e-01  1.029410e+00  1.843900e-01
     vertex -2.750479e-01  1.006032e+00  2.469465e-01
     vertex -1.712745e-01  1.036330e+00  2.049594e-01
   endloop
 endfacet
 facet normal  1.309593e-01  9.888953e-01 -7.025411e-02
   outer loop
     vertex -1.286973e-01  1.022079e+00  4.783846e-01
     vertex -8.340088e-02  1.015585e+00  4.714150e-01
     vertex -1.352916e-01  1.018452e+00  4.150353e-01
   endloop
 endfacet
 facet normal -2.353160e-01  9.714204e-01 -3.112637e-02
   outer loop
     vertex -1.286973e-01  1.022079e+00  4.783846e-01
     vertex -1.352916e-01  1.018452e+00  4.150353e-01
     vertex -2.407821e-01  9.945627e-01  4.669971e-01
   endloop
 endfacet
 facet normal  1.834665e-01  9.261849e-01  3.294262e-01
   outer loop
     vertex -1.286973e-01  1.022079e+00  4.783846e-01
     vertex -1.372740e-01  9.890205e-01  5.761052e-01
     vertex -8.340088e-02  1.015585e+00  4.714150e-01
   endloop
 endfacet
 facet normal -3.478158e-01  8.871249e-01  3.033703e-01
   outer loop
     vertex -1.586689e-01  1.012509e+00  5.086616e-01
     vertex -2.407821e-01  9.945627e-01  4.669971e-01
     vertex -1.956606e-01  9.914518e-01  5.278261e-01
   endloop
 endfacet
 facet normal -2.908895e-01  8.711131e-01  3.956581e-01
   outer loop
     vertex -1.586689e-01  1.012509e+00  5.086616e-01
     vertex -1.956606e-01  9.914518e-01  5.278261e-01
     vertex -1.372740e-01  9.890205e-01  5.761052e-01
   endloop
 endfacet
 facet normal -2.440735e-01  9.676268e-01  6.423848e-02
   outer loop
     vertex -1.586689e-01  1.012509e+00  5.086616e-01
     vertex -1.286973e-01  1.022079e+00  4.783846e-01
     vertex -2.407821e-01  9.945627e-01  4.669971e-01
   endloop
 endfacet
 facet normal  2.330294e-02  9.463840e-01  3.222023e-01
   outer loop
     vertex -1.586689e-01  1.012509e+00  5.086616e-01
     vertex -1.372740e-01  9.890205e-01  5.761052e-01
     vertex -1.286973e-01  1.022079e+00  4.783846e-01
   endloop
 endfacet
 facet normal -2.855716e-02 -9.868831e-01 -1.588908e-01
   outer loop
     vertex  3.010647e-03  6.443018e-01  9.863487e-02
     vertex -8.808008e-02  6.622509e-01  3.523181e-03
     vertex -1.512952e-02  6.634495e-01 -1.703321e-02
   endloop
 endfacet
 facet normal -5.392801e-02 -9.872650e-01 -1.496649e-01
   outer loop
     vertex -6.900222e-02  6.428040e-01  1.249300e-01
     vertex -1.539831e-01  6.601820e-01  4.091701e-02
     vertex -8.808008e-02  6.622509e-01  3.523181e-03
   endloop
 endfacet
 facet normal -3.520510e-02 -9.876502e-01 -1.526687e-01
   outer loop
     vertex -6.900222e-02  6.428040e-01  1.249300e-01
     vertex -8.808008e-02  6.622509e-01  3.523181e-03
     vertex  3.010647e-03  6.443018e-01  9.863487e-02
   endloop
 endfacet
 facet normal -7.370842e-02 -9.885802e-01 -1.314391e-01
   outer loop
     vertex -1.254545e-01  6.399956e-01  1.767448e-01
     vertex -2.090085e-01  6.573632e-01  9.297507e-02
     vertex -1.539831e-01  6.601820e-01  4.091701e-02
   endloop
 endfacet
 facet normal -7.182986e-02 -9.886643e-01 -1.318462e-01
   outer loop
     vertex -1.254545e-01  6.399956e-01  1.767448e-01
     vertex -1.539831e-01  6.601820e-01  4.091701e-02
     vertex -6.900222e-02  6.428040e-01  1.249300e-01
   endloop
 endfacet
 facet normal -1.084022e-01 -9.921950e-01 -6.162827e-02
   outer loop
     vertex -1.577519e-01  6.363039e-01  2.461911e-01
     vertex -2.810690e-01  6.462040e-01  3.037136e-01
     vertex -2.744532e-01  6.501650e-01  2.283058e-01
   endloop
 endfacet
 facet normal -1.095981e-01 -9.933698e-01 -3.470894e-02
   outer loop
     vertex -1.609775e-01  6.322911e-01  3.226961e-01
     vertex -2.694214e-01  6.423054e-01  3.785128e-01
     vertex -2.810690e-01  6.462040e-01  3.037136e-01
   endloop
 endfacet
 facet normal -1.060748e-01 -9.927492e-01 -5.654348e-02
   outer loop
     vertex -1.609775e-01  6.322911e-01  3.226961e-01
     vertex -2.810690e-01  6.462040e-01  3.037136e-01
     vertex -1.577519e-01  6.363039e-01  2.461911e-01
   endloop
 endfacet
 facet normal -1.002766e-01 -9.949148e-01 -9.446647e-03
   outer loop
     vertex -1.346400e-01  6.285681e-01  3.946128e-01
     vertex -2.401874e-01  6.386958e-01  4.483564e-01
     vertex -2.694214e-01  6.423054e-01  3.785128e-01
   endloop
 endfacet
 facet normal -9.960990e-02 -9.949131e-01 -1.502646e-02
   outer loop
     vertex -1.346400e-01  6.285681e-01  3.946128e-01
     vertex -2.694214e-01  6.423054e-01  3.785128e-01
     vertex -1.609775e-01  6.322911e-01  3.226961e-01
   endloop
 endfacet
 facet normal -4.599328e-02 -9.978568e-01  4.654397e-02
   outer loop
     vertex -8.274930e-02  6.257015e-01  4.509924e-01
     vertex -6.842068e-02  6.315431e-01  5.903880e-01
     vertex -1.366793e-01  6.331536e-01  5.574645e-01
   endloop
 endfacet
 facet normal -2.159907e-02 -9.980860e-01  5.794752e-02
   outer loop
     vertex -1.320514e-02  6.241280e-01  4.832517e-01
     vertex  5.742918e-03  6.308470e-01  6.060425e-01
     vertex -6.842068e-02  6.315431e-01  5.903880e-01
   endloop
 endfacet
 facet normal -4.408132e-02 -9.979521e-01  4.635143e-02
   outer loop
     vertex -1.320514e-02  6.241280e-01  4.832517e-01
     vertex -6.842068e-02  6.315431e-01  5.903880e-01
     vertex -8.274930e-02  6.257015e-01  4.509924e-01
   endloop
 endfacet
 facet normal  5.377587e-03 -9.982415e-01  5.903382e-02
   outer loop
     vertex  6.340497e-02  6.240869e-01  4.864795e-01
     vertex  8.150140e-02  6.311058e-01  6.035182e-01
     vertex  5.742918e-03  6.308470e-01  6.060425e-01
   endloop
 endfacet
 facet normal -2.855458e-03 -9.984780e-01  5.507661e-02
   outer loop
     vertex  6.340497e-02  6.240869e-01  4.864795e-01
     vertex  5.742918e-03  6.308470e-01  6.060425e-01
     vertex -1.320514e-02  6.241280e-01  4.832517e-01
   endloop
 endfacet
 facet normal -3.532432e-01 -8.942318e-01 -2.748976e-01
   outer loop
     vertex -2.097936e-01  6.361152e-01  1.631026e-01
     vertex -2.499585e-01  6.539582e-01  1.566720e-01
     vertex -2.090085e-01  6.573632e-01  9.297507e-02
   endloop
 endfacet
 facet normal -3.758339e-01 -9.096877e-01 -1.766838e-01
   outer loop
     vertex -2.097936e-01  6.361152e-01  1.631026e-01
     vertex -2.744532e-01  6.501650e-01  2.283058e-01
     vertex -2.499585e-01  6.539582e-01  1.566720e-01
   endloop
 endfacet
 facet normal  2.085760e-01 -9.769672e-01  4.506864e-02
   outer loop
     vertex -1.719072e-01  6.303666e-01  1.829955e-01
     vertex -1.254545e-01  6.399956e-01  1.767448e-01
     vertex -1.577519e-01  6.363039e-01  2.461911e-01
   endloop
 endfacet
 facet normal  6.999392e-03 -9.570334e-01 -2.898932e-01
   outer loop
     vertex -1.719072e-01  6.303666e-01  1.829955e-01
     vertex -2.097936e-01  6.361152e-01  1.631026e-01
     vertex -2.090085e-01  6.573632e-01  9.297507e-02
   endloop
 endfacet
 facet normal -1.714448e-01 -9.842948e-01  4.207724e-02
   outer loop
     vertex -1.719072e-01  6.303666e-01  1.829955e-01
     vertex -2.744532e-01  6.501650e-01  2.283058e-01
     vertex -2.097936e-01  6.361152e-01  1.631026e-01
   endloop
 endfacet
 facet normal  1.469563e-01 -9.291589e-01 -3.392161e-01
   outer loop
     vertex -1.719072e-01  6.303666e-01  1.829955e-01
     vertex -2.090085e-01  6.573632e-01  9.297507e-02
     vertex -1.254545e-01  6.399956e-01  1.767448e-01
   endloop
 endfacet
 facet normal -1.355812e-01 -9.831345e-01  1.227365e-01
   outer loop
     vertex -1.719072e-01  6.303666e-01  1.829955e-01
     vertex -1.577519e-01  6.363039e-01  2.461911e-01
     vertex -2.744532e-01  6.501650e-01  2.283058e-01
   endloop
 endfacet
 facet normal -3.188838e-01 -9.287497e-01  1.890428e-01
   outer loop
     vertex -1.590298e-01  6.191239e-01  4.891009e-01
     vertex -1.950659e-01  6.355849e-01  5.091854e-01
     vertex -2.401874e-01  6.386958e-01  4.483564e-01
   endloop
 endfacet
 facet normal -2.673314e-01 -9.229877e-01  2.768170e-01
   outer loop
     vertex -1.590298e-01  6.191239e-01  4.891009e-01
     vertex -1.366793e-01  6.331536e-01  5.574645e-01
     vertex -1.950659e-01  6.355849e-01  5.091854e-01
   endloop
 endfacet
 facet normal  1.696170e-01 -9.639271e-01 -2.051212e-01
   outer loop
     vertex -1.290562e-01  6.160237e-01  4.581797e-01
     vertex -1.346400e-01  6.285681e-01  3.946128e-01
     vertex -8.274930e-02  6.257015e-01  4.509924e-01
   endloop
 endfacet
 facet normal  7.945443e-02 -9.812851e-01  1.754039e-01
   outer loop
     vertex -1.290562e-01  6.160237e-01  4.581797e-01
     vertex -1.366793e-01  6.331536e-01  5.574645e-01
     vertex -1.590298e-01  6.191239e-01  4.891009e-01
   endloop
 endfacet
 facet normal -1.819391e-01 -9.676179e-01 -1.749679e-01
   outer loop
     vertex -1.290562e-01  6.160237e-01  4.581797e-01
     vertex -2.401874e-01  6.386958e-01  4.483564e-01
     vertex -1.346400e-01  6.285681e-01  3.946128e-01
   endloop
 endfacet
 facet normal  2.282004e-01 -9.563524e-01  1.825229e-01
   outer loop
     vertex -1.290562e-01  6.160237e-01  4.581797e-01
     vertex -8.274930e-02  6.257015e-01  4.509924e-01
     vertex -1.366793e-01  6.331536e-01  5.574645e-01
   endloop
 endfacet
 facet normal -1.916668e-01 -9.775262e-01 -8.778614e-02
   outer loop
     vertex -1.290562e-01  6.160237e-01  4.581797e-01
     vertex -1.590298e-01  6.191239e-01  4.891009e-01
     vertex -2.401874e-01  6.386958e-01  4.483564e-01
   endloop
 endfacet
 facet normal -3.434805e-01  4.855443e-02 -9.379038e-01
   outer loop
     vertex  1.347663e-01  1.015468e+00  4.806069e-01
     vertex  6.288052e-02  9.379012e-01  5.029175e-01
     vertex  6.275339e-02  1.013971e+00  5.069021e-01
   endloop
 endfacet
 facet normal -3.434805e-01  4.855443e-02 -9.379038e-01
   outer loop
     vertex  1.347663e-01  1.015468e+00  4.806069e-01
     vertex  1.348934e-01  9.393989e-01  4.766223e-01
     vertex  6.288052e-02  9.379012e-01  5.029175e-01
   endloop
 endfacet
 facet normal -6.767349e-01  3.738367e-02 -7.352770e-01
   outer loop
     vertex  1.912186e-01  1.018277e+00  4.287921e-01
     vertex  1.913457e-01  9.422074e-01  4.248075e-01
     vertex  1.348934e-01  9.393989e-01  4.766223e-01
   endloop
 endfacet
 facet normal -6.767349e-01  3.738367e-02 -7.352770e-01
   outer loop
     vertex  1.912186e-01  1.018277e+00  4.287921e-01
     vertex  1.348934e-01  9.393989e-01  4.766223e-01
     vertex  1.347663e-01  1.015468e+00  4.806069e-01
   endloop
 endfacet
 facet normal -9.069626e-01  2.052158e-02 -4.207109e-01
   outer loop
     vertex  2.235160e-01  1.021968e+00  3.593459e-01
     vertex  2.236431e-01  9.458990e-01  3.553613e-01
     vertex  1.913457e-01  9.422074e-01  4.248075e-01
   endloop
 endfacet
 facet normal -9.069626e-01  2.052158e-02 -4.207109e-01
   outer loop
     vertex  2.235160e-01  1.021968e+00  3.593459e-01
     vertex  1.913457e-01  9.422074e-01  4.248075e-01
     vertex  1.912186e-01  1.018277e+00  4.287921e-01
   endloop
 endfacet
 facet normal -9.991135e-01  5.352676e-04 -4.209543e-02
   outer loop
     vertex  2.267415e-01  1.025981e+00  2.828408e-01
     vertex  2.268686e-01  9.499118e-01  2.788562e-01
     vertex  2.236431e-01  9.458990e-01  3.553613e-01
   endloop
 endfacet
 facet normal -9.991135e-01  5.352676e-04 -4.209543e-02
   outer loop
     vertex  2.267415e-01  1.025981e+00  2.828408e-01
     vertex  2.236431e-01  9.458990e-01  3.553613e-01
     vertex  2.235160e-01  1.021968e+00  3.593459e-01
   endloop
 endfacet
 facet normal -9.391583e-01 -1.953253e-02  3.429287e-01
   outer loop
     vertex  2.004041e-01  1.029704e+00  2.109242e-01
     vertex  2.005312e-01  9.536349e-01  2.069396e-01
     vertex  2.268686e-01  9.499118e-01  2.788562e-01
   endloop
 endfacet
 facet normal -9.391583e-01 -1.953253e-02  3.429287e-01
   outer loop
     vertex  2.004041e-01  1.029704e+00  2.109242e-01
     vertex  2.268686e-01  9.499118e-01  2.788562e-01
     vertex  2.267415e-01  1.025981e+00  2.828408e-01
   endloop
 endfacet
 facet normal -7.362249e-01 -3.662668e-02  6.757451e-01
   outer loop
     vertex  1.485133e-01  1.032571e+00  1.545445e-01
     vertex  1.486405e-01  9.565014e-01  1.505599e-01
     vertex  2.005312e-01  9.536349e-01  2.069396e-01
   endloop
 endfacet
 facet normal -7.362249e-01 -3.662668e-02  6.757451e-01
   outer loop
     vertex  1.485133e-01  1.032571e+00  1.545445e-01
     vertex  2.005312e-01  9.536349e-01  2.069396e-01
     vertex  2.004041e-01  1.029704e+00  2.109242e-01
   endloop
 endfacet
 facet normal -4.212078e-01 -4.814475e-02  9.056854e-01
   outer loop
     vertex  7.896917e-02  1.034144e+00  1.222852e-01
     vertex  7.909630e-02  9.580750e-01  1.183006e-01
     vertex  1.486405e-01  9.565014e-01  1.505599e-01
   endloop
 endfacet
 facet normal -4.212078e-01 -4.814475e-02  9.056854e-01
   outer loop
     vertex  7.896917e-02  1.034144e+00  1.222852e-01
     vertex  1.486405e-01  9.565014e-01  1.505599e-01
     vertex  1.485133e-01  1.032571e+00  1.545445e-01
   endloop
 endfacet
 facet normal -4.206574e-02 -5.233322e-02  9.977433e-01
   outer loop
     vertex  2.359066e-03  1.034185e+00  1.190574e-01
     vertex  2.486194e-03  9.581160e-01  1.150728e-01
     vertex  7.909630e-02  9.580750e-01  1.183006e-01
   endloop
 endfacet
 facet normal -4.206574e-02 -5.233322e-02  9.977433e-01
   outer loop
     vertex  2.359066e-03  1.034185e+00  1.190574e-01
     vertex  7.909630e-02  9.580750e-01  1.183006e-01
     vertex  7.896917e-02  1.034144e+00  1.222852e-01
   endloop
 endfacet
 facet normal -2.463905e-01  7.339195e-01 -6.329723e-01
   outer loop
     vertex  1.348934e-01  9.393989e-01  4.766223e-01
     vertex  5.889796e-02  9.130822e-01  4.756905e-01
     vertex  6.288052e-02  9.379012e-01  5.029175e-01
   endloop
 endfacet
 facet normal -2.552780e-01  7.584063e-01 -5.997109e-01
   outer loop
     vertex  1.348934e-01  9.393989e-01  4.766223e-01
     vertex  1.293262e-01  9.146653e-01  4.477135e-01
     vertex  5.889796e-02  9.130822e-01  4.756905e-01
   endloop
 endfacet
 facet normal -4.925992e-01  7.664825e-01 -4.121294e-01
   outer loop
     vertex  1.913457e-01  9.422074e-01  4.248075e-01
     vertex  1.806218e-01  9.176699e-01  3.919902e-01
     vertex  1.293262e-01  9.146653e-01  4.477135e-01
   endloop
 endfacet
 facet normal -4.992314e-01  7.035298e-01 -5.057804e-01
   outer loop
     vertex  1.913457e-01  9.422074e-01  4.248075e-01
     vertex  1.293262e-01  9.146653e-01  4.477135e-01
     vertex  1.348934e-01  9.393989e-01  4.766223e-01
   endloop
 endfacet
 facet normal -6.288188e-01  7.628133e-01 -1.506744e-01
   outer loop
     vertex  2.236431e-01  9.458990e-01  3.553613e-01
     vertex  2.026251e-01  9.215008e-01  3.195572e-01
     vertex  1.806218e-01  9.176699e-01  3.919902e-01
   endloop
 endfacet
 facet normal -6.823458e-01  6.746674e-01 -2.814749e-01
   outer loop
     vertex  2.236431e-01  9.458990e-01  3.553613e-01
     vertex  1.806218e-01  9.176699e-01  3.919902e-01
     vertex  1.913457e-01  9.422074e-01  4.248075e-01
   endloop
 endfacet
 facet normal -7.591820e-01  6.508749e-01  2.131638e-03
   outer loop
     vertex  2.268686e-01  9.499118e-01  2.788562e-01
     vertex  2.026251e-01  9.215008e-01  3.195572e-01
     vertex  2.236431e-01  9.458990e-01  3.553613e-01
   endloop
 endfacet
 facet normal -6.455034e-01  7.508811e-01  1.396530e-01
   outer loop
     vertex  1.909779e-01  9.253993e-01  2.447608e-01
     vertex  2.026251e-01  9.215008e-01  3.195572e-01
     vertex  2.268686e-01  9.499118e-01  2.788562e-01
   endloop
 endfacet
 facet normal -7.136900e-01  6.356481e-01  2.942755e-01
   outer loop
     vertex  2.005312e-01  9.536349e-01  2.069396e-01
     vertex  1.909779e-01  9.253993e-01  2.447608e-01
     vertex  2.268686e-01  9.499118e-01  2.788562e-01
   endloop
 endfacet
 facet normal -5.413738e-01  7.335443e-01  4.108857e-01
   outer loop
     vertex  1.479873e-01  9.285931e-01  1.824153e-01
     vertex  1.909779e-01  9.253993e-01  2.447608e-01
     vertex  2.005312e-01  9.536349e-01  2.069396e-01
   endloop
 endfacet
 facet normal -5.541001e-01  6.317418e-01  5.421027e-01
   outer loop
     vertex  1.486405e-01  9.565014e-01  1.505599e-01
     vertex  1.479873e-01  9.285931e-01  1.824153e-01
     vertex  2.005312e-01  9.536349e-01  2.069396e-01
   endloop
 endfacet
 facet normal -3.322405e-01  7.128083e-01  6.176735e-01
   outer loop
     vertex  8.216793e-02  9.304499e-01  1.448690e-01
     vertex  1.479873e-01  9.285931e-01  1.824153e-01
     vertex  1.486405e-01  9.565014e-01  1.505599e-01
   endloop
 endfacet
 facet normal -3.111541e-01  6.405778e-01  7.020279e-01
   outer loop
     vertex  7.909630e-02  9.580750e-01  1.183006e-01
     vertex  8.216793e-02  9.304499e-01  1.448690e-01
     vertex  1.486405e-01  9.565014e-01  1.505599e-01
   endloop
 endfacet
 facet normal -4.936825e-02  6.894854e-01  7.226151e-01
   outer loop
     vertex  6.556213e-03  9.306017e-01  1.395585e-01
     vertex  8.216793e-02  9.304499e-01  1.448690e-01
     vertex  7.909630e-02  9.580750e-01  1.183006e-01
   endloop
 endfacet
 facet normal -3.120071e-02  6.618925e-01  7.489492e-01
   outer loop
     vertex  2.486194e-03  9.581160e-01  1.150728e-01
     vertex  6.556213e-03  9.306017e-01  1.395585e-01
     vertex  7.909630e-02  9.580750e-01  1.183006e-01
   endloop
 endfacet
 facet normal -3.696852e-01  4.798751e-02 -9.279170e-01
   outer loop
     vertex  1.293262e-01  9.146653e-01  4.477135e-01
     vertex  5.930118e-02  6.718086e-01  4.630523e-01
     vertex  5.889796e-02  9.130822e-01  4.756905e-01
   endloop
 endfacet
 facet normal -3.696852e-01  4.798751e-02 -9.279170e-01
   outer loop
     vertex  1.293262e-01  9.146653e-01  4.477135e-01
     vertex  1.297294e-01  6.733918e-01  4.350754e-01
     vertex  5.930118e-02  6.718086e-01  4.630523e-01
   endloop
 endfacet
 facet normal -7.362204e-01  3.417289e-02 -6.758785e-01
   outer loop
     vertex  1.806218e-01  9.176699e-01  3.919902e-01
     vertex  1.810251e-01  6.763963e-01  3.793520e-01
     vertex  1.297294e-01  6.733918e-01  4.350754e-01
   endloop
 endfacet
 facet normal -7.362204e-01  3.417289e-02 -6.758785e-01
   outer loop
     vertex  1.806218e-01  9.176699e-01  3.919902e-01
     vertex  1.297294e-01  6.733918e-01  4.350754e-01
     vertex  1.293262e-01  9.146653e-01  4.477135e-01
   endloop
 endfacet
 facet normal -9.569380e-01  1.358991e-02 -2.899740e-01
   outer loop
     vertex  2.026251e-01  9.215008e-01  3.195572e-01
     vertex  2.030283e-01  6.802272e-01  3.069190e-01
     vertex  1.810251e-01  6.763963e-01  3.793520e-01
   endloop
 endfacet
 facet normal -9.569380e-01  1.358991e-02 -2.899740e-01
   outer loop
     vertex  2.026251e-01  9.215008e-01  3.195572e-01
     vertex  1.810251e-01  6.763963e-01  3.793520e-01
     vertex  1.806218e-01  9.176699e-01  3.919902e-01
   endloop
 endfacet
 facet normal -9.881224e-01 -9.684722e-03  1.533635e-01
   outer loop
     vertex  1.909779e-01  9.253993e-01  2.447608e-01
     vertex  1.913812e-01  6.841257e-01  2.321226e-01
     vertex  2.030283e-01  6.802272e-01  3.069190e-01
   endloop
 endfacet
 facet normal -9.881224e-01 -9.684722e-03  1.533635e-01
   outer loop
     vertex  1.909779e-01  9.253993e-01  2.447608e-01
     vertex  2.030283e-01  6.802272e-01  3.069190e-01
     vertex  2.026251e-01  9.215008e-01  3.195572e-01
   endloop
 endfacet
 facet normal -8.235970e-01 -3.104117e-02  5.663254e-01
   outer loop
     vertex  1.479873e-01  9.285931e-01  1.824153e-01
     vertex  1.483905e-01  6.873196e-01  1.697771e-01
     vertex  1.913812e-01  6.841257e-01  2.321226e-01
   endloop
 endfacet
 facet normal -8.235970e-01 -3.104117e-02  5.663254e-01
   outer loop
     vertex  1.479873e-01  9.285931e-01  1.824153e-01
     vertex  1.913812e-01  6.841257e-01  2.321226e-01
     vertex  1.909779e-01  9.253993e-01  2.447608e-01
   endloop
 endfacet
 facet normal -4.959481e-01 -4.624954e-02  8.671196e-01
   outer loop
     vertex  8.216793e-02  9.304499e-01  1.448690e-01
     vertex  8.257115e-02  6.891763e-01  1.322309e-01
     vertex  1.483905e-01  6.873196e-01  1.697771e-01
   endloop
 endfacet
 facet normal -4.959481e-01 -4.624954e-02  8.671196e-01
   outer loop
     vertex  8.216793e-02  9.304499e-01  1.448690e-01
     vertex  1.483905e-01  6.873196e-01  1.697771e-01
     vertex  1.479873e-01  9.285931e-01  1.824153e-01
   endloop
 endfacet
 facet normal -7.007058e-02 -5.229762e-02  9.961702e-01
   outer loop
     vertex  6.556213e-03  9.306017e-01  1.395585e-01
     vertex  6.959434e-03  6.893281e-01  1.269203e-01
     vertex  8.257115e-02  6.891763e-01  1.322309e-01
   endloop
 endfacet
 facet normal -7.007058e-02 -5.229762e-02  9.961702e-01
   outer loop
     vertex  6.556213e-03  9.306017e-01  1.395585e-01
     vertex  8.257115e-02  6.891763e-01  1.322309e-01
     vertex  8.216793e-02  9.304499e-01  1.448690e-01
   endloop
 endfacet
 facet normal -2.607830e-02 -7.928385e-01  6.088736e-01
   outer loop
     vertex  7.957995e-02  6.686783e-01  1.031417e-01
     vertex  6.959434e-03  6.893281e-01  1.269203e-01
     vertex  2.969840e-03  6.687193e-01  9.991389e-02
   endloop
 endfacet
 facet normal -4.225948e-02 -8.146561e-01  5.784027e-01
   outer loop
     vertex  7.957995e-02  6.686783e-01  1.031417e-01
     vertex  8.257115e-02  6.891763e-01  1.322309e-01
     vertex  6.959434e-03  6.893281e-01  1.269203e-01
   endloop
 endfacet
 facet normal -2.967445e-01 -8.259304e-01  4.793555e-01
   outer loop
     vertex  1.491241e-01  6.671047e-01  1.354010e-01
     vertex  1.483905e-01  6.873196e-01  1.697771e-01
     vertex  8.257115e-02  6.891763e-01  1.322309e-01
   endloop
 endfacet
 facet normal -2.826570e-01 -7.701771e-01  5.717799e-01
   outer loop
     vertex  1.491241e-01  6.671047e-01  1.354010e-01
     vertex  8.257115e-02  6.891763e-01  1.322309e-01
     vertex  7.957995e-02  6.686783e-01  1.031417e-01
   endloop
 endfacet
 facet normal -4.837804e-01 -8.252830e-01  2.913151e-01
   outer loop
     vertex  2.010148e-01  6.642382e-01  1.917806e-01
     vertex  1.913812e-01  6.841257e-01  2.321226e-01
     vertex  1.483905e-01  6.873196e-01  1.697771e-01
   endloop
 endfacet
 facet normal -5.071888e-01 -7.475912e-01  4.287971e-01
   outer loop
     vertex  2.010148e-01  6.642382e-01  1.917806e-01
     vertex  1.483905e-01  6.873196e-01  1.697771e-01
     vertex  1.491241e-01  6.671047e-01  1.354010e-01
   endloop
 endfacet
 facet normal -6.552805e-01 -7.277925e-01  2.023006e-01
   outer loop
     vertex  2.273523e-01  6.605151e-01  2.636973e-01
     vertex  1.913812e-01  6.841257e-01  2.321226e-01
     vertex  2.010148e-01  6.642382e-01  1.917806e-01
   endloop
 endfacet
 facet normal -5.768106e-01 -8.155065e-01  4.731476e-02
   outer loop
     vertex  2.030283e-01  6.802272e-01  3.069190e-01
     vertex  1.913812e-01  6.841257e-01  2.321226e-01
     vertex  2.273523e-01  6.605151e-01  2.636973e-01
   endloop
 endfacet
 facet normal -6.971893e-01 -7.137650e-01 -6.683222e-02
   outer loop
     vertex  2.241268e-01  6.565023e-01  3.402024e-01
     vertex  2.030283e-01  6.802272e-01  3.069190e-01
     vertex  2.273523e-01  6.605151e-01  2.636973e-01
   endloop
 endfacet
 facet normal -5.623232e-01 -7.989936e-01 -2.130769e-01
   outer loop
     vertex  1.810251e-01  6.763963e-01  3.793520e-01
     vertex  2.030283e-01  6.802272e-01  3.069190e-01
     vertex  2.241268e-01  6.565023e-01  3.402024e-01
   endloop
 endfacet
 facet normal -6.250908e-01 -7.081278e-01 -3.283544e-01
   outer loop
     vertex  1.918293e-01  6.528107e-01  4.096486e-01
     vertex  1.810251e-01  6.763963e-01  3.793520e-01
     vertex  2.241268e-01  6.565023e-01  3.402024e-01
   endloop
 endfacet
 facet normal -4.411547e-01 -7.775943e-01 -4.480285e-01
   outer loop
     vertex  1.297294e-01  6.733918e-01  4.350754e-01
     vertex  1.810251e-01  6.763963e-01  3.793520e-01
     vertex  1.918293e-01  6.528107e-01  4.096486e-01
   endloop
 endfacet
 facet normal -4.548797e-01 -7.125319e-01 -5.342124e-01
   outer loop
     vertex  1.353770e-01  6.500022e-01  4.614634e-01
     vertex  1.297294e-01  6.733918e-01  4.350754e-01
     vertex  1.918293e-01  6.528107e-01  4.096486e-01
   endloop
 endfacet
 facet normal -2.285459e-01 -7.523034e-01 -6.179048e-01
   outer loop
     vertex  5.930118e-02  6.718086e-01  4.630523e-01
     vertex  1.297294e-01  6.733918e-01  4.350754e-01
     vertex  1.353770e-01  6.500022e-01  4.614634e-01
   endloop
 endfacet
 facet normal -2.220245e-01 -7.272526e-01 -6.494681e-01
   outer loop
     vertex  6.336416e-02  6.485045e-01  4.877585e-01
     vertex  5.930118e-02  6.718086e-01  4.630523e-01
     vertex  1.353770e-01  6.500022e-01  4.614634e-01
   endloop
 endfacet
 facet normal -3.434805e-01  4.855443e-02 -9.379038e-01
   outer loop
     vertex  1.353770e-01  6.500022e-01  4.614634e-01
     vertex  6.340497e-02  6.240869e-01  4.864795e-01
     vertex  6.336416e-02  6.485045e-01  4.877585e-01
   endloop
 endfacet
 facet normal -3.434805e-01  4.855443e-02 -9.379038e-01
   outer loop
     vertex  1.353770e-01  6.500022e-01  4.614634e-01
     vertex  1.354178e-01  6.255847e-01  4.601844e-01
     vertex  6.340497e-02  6.240869e-01  4.864795e-01
   endloop
 endfacet
 facet normal -6.767349e-01  3.738367e-02 -7.352770e-01
   outer loop
     vertex  1.918293e-01  6.528107e-01  4.096486e-01
     vertex  1.918702e-01  6.283931e-01  4.083696e-01
     vertex  1.354178e-01  6.255847e-01  4.601844e-01
   endloop
 endfacet
 facet normal -6.767349e-01  3.738367e-02 -7.352770e-01
   outer loop
     vertex  1.918293e-01  6.528107e-01  4.096486e-01
     vertex  1.354178e-01  6.255847e-01  4.601844e-01
     vertex  1.353770e-01  6.500022e-01  4.614634e-01
   endloop
 endfacet
 facet normal -9.069626e-01  2.052158e-02 -4.207109e-01
   outer loop
     vertex  2.241268e-01  6.565023e-01  3.402024e-01
     vertex  2.241676e-01  6.320848e-01  3.389233e-01
     vertex  1.918702e-01  6.283931e-01  4.083696e-01
   endloop
 endfacet
 facet normal -9.069626e-01  2.052158e-02 -4.207109e-01
   outer loop
     vertex  2.241268e-01  6.565023e-01  3.402024e-01
     vertex  1.918702e-01  6.283931e-01  4.083696e-01
     vertex  1.918293e-01  6.528107e-01  4.096486e-01
   endloop
 endfacet
 facet normal -9.991135e-01  5.352676e-04 -4.209543e-02
   outer loop
     vertex  2.273523e-01  6.605151e-01  2.636973e-01
     vertex  2.273931e-01  6.360976e-01  2.624183e-01
     vertex  2.241676e-01  6.320848e-01  3.389233e-01
   endloop
 endfacet
 facet normal -9.991135e-01  5.352676e-04 -4.209543e-02
   outer loop
     vertex  2.273523e-01  6.605151e-01  2.636973e-01
     vertex  2.241676e-01  6.320848e-01  3.389233e-01
     vertex  2.241268e-01  6.565023e-01  3.402024e-01
   endloop
 endfacet
 facet normal -9.391583e-01 -1.953253e-02  3.429287e-01
   outer loop
     vertex  2.010148e-01  6.642382e-01  1.917806e-01
     vertex  2.010557e-01  6.398206e-01  1.905016e-01
     vertex  2.273931e-01  6.360976e-01  2.624183e-01
   endloop
 endfacet
 facet normal -9.391583e-01 -1.953253e-02  3.429287e-01
   outer loop
     vertex  2.010148e-01  6.642382e-01  1.917806e-01
     vertex  2.273931e-01  6.360976e-01  2.624183e-01
     vertex  2.273523e-01  6.605151e-01  2.636973e-01
   endloop
 endfacet
 facet normal -7.362249e-01 -3.662668e-02  6.757451e-01
   outer loop
     vertex  1.491241e-01  6.671047e-01  1.354010e-01
     vertex  1.491649e-01  6.426872e-01  1.341220e-01
     vertex  2.010557e-01  6.398206e-01  1.905016e-01
   endloop
 endfacet
 facet normal -7.362249e-01 -3.662668e-02  6.757451e-01
   outer loop
     vertex  1.491241e-01  6.671047e-01  1.354010e-01
     vertex  2.010557e-01  6.398206e-01  1.905016e-01
     vertex  2.010148e-01  6.642382e-01  1.917806e-01
   endloop
 endfacet
 facet normal -4.212078e-01 -4.814475e-02  9.056854e-01
   outer loop
     vertex  7.957995e-02  6.686783e-01  1.031417e-01
     vertex  7.962076e-02  6.442607e-01  1.018627e-01
     vertex  1.491649e-01  6.426872e-01  1.341220e-01
   endloop
 endfacet
 facet normal -4.212078e-01 -4.814475e-02  9.056854e-01
   outer loop
     vertex  7.957995e-02  6.686783e-01  1.031417e-01
     vertex  1.491649e-01  6.426872e-01  1.341220e-01
     vertex  1.491241e-01  6.671047e-01  1.354010e-01
   endloop
 endfacet
 facet normal -4.206574e-02 -5.233322e-02  9.977433e-01
   outer loop
     vertex  2.969840e-03  6.687193e-01  9.991389e-02
     vertex  3.010647e-03  6.443018e-01  9.863487e-02
     vertex  7.962076e-02  6.442607e-01  1.018627e-01
   endloop
 endfacet
 facet normal -4.206574e-02 -5.233322e-02  9.977433e-01
   outer loop
     vertex  2.969840e-03  6.687193e-01  9.991389e-02
     vertex  7.962076e-02  6.442607e-01  1.018627e-01
     vertex  7.957995e-02  6.686783e-01  1.031417e-01
   endloop
 endfacet
 facet normal  3.187431e-02 -9.979818e-01  5.492134e-02
   outer loop
     vertex  6.340497e-02  6.240869e-01  4.864795e-01
     vertex  1.544520e-01  6.323045e-01  5.829618e-01
     vertex  8.150140e-02  6.311058e-01  6.035182e-01
   endloop
 endfacet
 facet normal  5.724468e-02 -9.973132e-01  4.571042e-02
   outer loop
     vertex  1.354178e-01  6.255847e-01  4.601844e-01
     vertex  2.203550e-01  6.343734e-01  5.455680e-01
     vertex  1.544520e-01  6.323045e-01  5.829618e-01
   endloop
 endfacet
 facet normal  3.852368e-02 -9.980725e-01  4.865428e-02
   outer loop
     vertex  1.354178e-01  6.255847e-01  4.601844e-01
     vertex  1.544520e-01  6.323045e-01  5.829618e-01
     vertex  6.340497e-02  6.240869e-01  4.864795e-01
   endloop
 endfacet
 facet normal  7.702618e-02 -9.966511e-01  2.745049e-02
   outer loop
     vertex  1.918702e-01  6.283931e-01  4.083696e-01
     vertex  2.753804e-01  6.371922e-01  4.935100e-01
     vertex  2.203550e-01  6.343734e-01  5.455680e-01
   endloop
 endfacet
 facet normal  7.514798e-02 -9.967835e-01  2.784621e-02
   outer loop
     vertex  1.918702e-01  6.283931e-01  4.083696e-01
     vertex  2.203550e-01  6.343734e-01  5.455680e-01
     vertex  1.354178e-01  6.255847e-01  4.601844e-01
   endloop
 endfacet
 facet normal  1.117196e-01 -9.928369e-01 -4.234994e-02
   outer loop
     vertex  2.241676e-01  6.320848e-01  3.389233e-01
     vertex  3.474408e-01  6.483514e-01  2.827715e-01
     vertex  3.408251e-01  6.443904e-01  3.581792e-01
   endloop
 endfacet
 facet normal  1.129147e-01 -9.911889e-01 -6.924448e-02
   outer loop
     vertex  2.273931e-01  6.360976e-01  2.624183e-01
     vertex  3.357933e-01  6.522500e-01  2.079722e-01
     vertex  3.474408e-01  6.483514e-01  2.827715e-01
   endloop
 endfacet
 facet normal  1.093932e-01 -9.928646e-01 -4.746521e-02
   outer loop
     vertex  2.273931e-01  6.360976e-01  2.624183e-01
     vertex  3.474408e-01  6.483514e-01  2.827715e-01
     vertex  2.241676e-01  6.320848e-01  3.389233e-01
   endloop
 endfacet
 facet normal  1.035940e-01 -9.901172e-01 -9.453156e-02
   outer loop
     vertex  2.010557e-01  6.398206e-01  1.905016e-01
     vertex  3.065593e-01  6.558596e-01  1.381286e-01
     vertex  3.357933e-01  6.522500e-01  2.079722e-01
   endloop
 endfacet
 facet normal  1.029283e-01 -9.907007e-01 -8.898222e-02
   outer loop
     vertex  2.010557e-01  6.398206e-01  1.905016e-01
     vertex  3.357933e-01  6.522500e-01  2.079722e-01
     vertex  2.273931e-01  6.360976e-01  2.624183e-01
   endloop
 endfacet
 facet normal  4.931104e-02 -9.873745e-01 -1.505326e-01
   outer loop
     vertex  1.491649e-01  6.426872e-01  1.341220e-01
     vertex  1.347926e-01  6.630123e-01 -3.902993e-03
     vertex  2.030512e-01  6.614018e-01  2.902053e-02
   endloop
 endfacet
 facet normal  2.491574e-02 -9.864923e-01 -1.619020e-01
   outer loop
     vertex  7.962076e-02  6.442607e-01  1.018627e-01
     vertex  6.062897e-02  6.637084e-01 -1.955750e-02
     vertex  1.347926e-01  6.630123e-01 -3.902993e-03
   endloop
 endfacet
 facet normal  4.739944e-02 -9.874957e-01 -1.503514e-01
   outer loop
     vertex  7.962076e-02  6.442607e-01  1.018627e-01
     vertex  1.347926e-01  6.630123e-01 -3.902993e-03
     vertex  1.491649e-01  6.426872e-01  1.341220e-01
   endloop
 endfacet
 facet normal -2.060441e-03 -9.866234e-01 -1.630033e-01
   outer loop
     vertex  3.010647e-03  6.443018e-01  9.863487e-02
     vertex -1.512952e-02  6.634495e-01 -1.703321e-02
     vertex  6.062897e-02  6.637084e-01 -1.955750e-02
   endloop
 endfacet
 facet normal  6.174037e-03 -9.872446e-01 -1.590910e-01
   outer loop
     vertex  3.010647e-03  6.443018e-01  9.863487e-02
     vertex  6.062897e-02  6.637084e-01 -1.955750e-02
     vertex  7.962076e-02  6.442607e-01  1.018627e-01
   endloop
 endfacet
 facet normal  3.562700e-01 -9.168757e-01  1.800297e-01
   outer loop
     vertex  2.762240e-01  6.233899e-01  4.215465e-01
     vertex  3.163304e-01  6.405972e-01  4.298131e-01
     vertex  2.753804e-01  6.371922e-01  4.935100e-01
   endloop
 endfacet
 facet normal  3.788949e-01 -9.219107e-01  8.074264e-02
   outer loop
     vertex  2.762240e-01  6.233899e-01  4.215465e-01
     vertex  3.408251e-01  6.443904e-01  3.581792e-01
     vertex  3.163304e-01  6.405972e-01  4.298131e-01
   endloop
 endfacet
 facet normal -2.053262e-01 -9.676019e-01 -1.469274e-01
   outer loop
     vertex  2.383536e-01  6.196248e-01  4.011552e-01
     vertex  1.918702e-01  6.283931e-01  4.083696e-01
     vertex  2.241676e-01  6.320848e-01  3.389233e-01
   endloop
 endfacet
 facet normal -3.758673e-03 -9.821007e-01  1.883191e-01
   outer loop
     vertex  2.383536e-01  6.196248e-01  4.011552e-01
     vertex  2.762240e-01  6.233899e-01  4.215465e-01
     vertex  2.753804e-01  6.371922e-01  4.935100e-01
   endloop
 endfacet
 facet normal  1.747174e-01 -9.739352e-01 -1.446515e-01
   outer loop
     vertex  2.383536e-01  6.196248e-01  4.011552e-01
     vertex  3.408251e-01  6.443904e-01  3.581792e-01
     vertex  2.762240e-01  6.233899e-01  4.215465e-01
   endloop
 endfacet
 facet normal -1.437991e-01 -9.599984e-01  2.402599e-01
   outer loop
     vertex  2.383536e-01  6.196248e-01  4.011552e-01
     vertex  2.753804e-01  6.371922e-01  4.935100e-01
     vertex  1.918702e-01  6.283931e-01  4.083696e-01
   endloop
 endfacet
 facet normal  1.388361e-01 -9.644739e-01 -2.247545e-01
   outer loop
     vertex  2.383536e-01  6.196248e-01  4.011552e-01
     vertex  2.241676e-01  6.320848e-01  3.389233e-01
     vertex  3.408251e-01  6.443904e-01  3.581792e-01
   endloop
 endfacet
 facet normal  3.219448e-01 -9.028487e-01 -2.849839e-01
   outer loop
     vertex  2.254603e-01  6.403812e-01  9.554814e-02
     vertex  2.614378e-01  6.589705e-01  7.729968e-02
     vertex  3.065593e-01  6.558596e-01  1.381286e-01
   endloop
 endfacet
 facet normal  2.703582e-01 -8.881198e-01 -3.716848e-01
   outer loop
     vertex  2.254603e-01  6.403812e-01  9.554814e-02
     vertex  2.030512e-01  6.614018e-01  2.902053e-02
     vertex  2.614378e-01  6.589705e-01  7.729968e-02
   endloop
 endfacet
 facet normal -1.663672e-01 -9.806420e-01  1.032624e-01
   outer loop
     vertex  1.955025e-01  6.339676e-01  1.259710e-01
     vertex  2.010557e-01  6.398206e-01  1.905016e-01
     vertex  1.491649e-01  6.426872e-01  1.341220e-01
   endloop
 endfacet
 facet normal -7.621371e-02 -9.578490e-01 -2.769779e-01
   outer loop
     vertex  1.955025e-01  6.339676e-01  1.259710e-01
     vertex  2.030512e-01  6.614018e-01  2.902053e-02
     vertex  2.254603e-01  6.403812e-01  9.554814e-02
   endloop
 endfacet
 facet normal  1.851940e-01 -9.799906e-01  7.295000e-02
   outer loop
     vertex  1.955025e-01  6.339676e-01  1.259710e-01
     vertex  3.065593e-01  6.558596e-01  1.381286e-01
     vertex  2.010557e-01  6.398206e-01  1.905016e-01
   endloop
 endfacet
 facet normal -2.250432e-01 -9.328049e-01 -2.814791e-01
   outer loop
     vertex  1.955025e-01  6.339676e-01  1.259710e-01
     vertex  1.491649e-01  6.426872e-01  1.341220e-01
     vertex  2.030512e-01  6.614018e-01  2.902053e-02
   endloop
 endfacet
 facet normal  1.949394e-01 -9.807038e-01 -1.478815e-02
   outer loop
     vertex  1.955025e-01  6.339676e-01  1.259710e-01
     vertex  2.254603e-01  6.403812e-01  9.554814e-02
     vertex  3.065593e-01  6.558596e-01  1.381286e-01
   endloop
 endfacet
 facet normal  3.434805e-01 -4.855443e-02  9.379038e-01
   outer loop
     vertex -6.904303e-02  6.672216e-01  1.262090e-01
     vertex  3.010647e-03  6.443018e-01  9.863487e-02
     vertex  2.969840e-03  6.687193e-01  9.991389e-02
   endloop
 endfacet
 facet normal  3.434805e-01 -4.855443e-02  9.379038e-01
   outer loop
     vertex -6.904303e-02  6.672216e-01  1.262090e-01
     vertex -6.900222e-02  6.428040e-01  1.249300e-01
     vertex  3.010647e-03  6.443018e-01  9.863487e-02
   endloop
 endfacet
 facet normal  6.767349e-01 -3.738367e-02  7.352770e-01
   outer loop
     vertex -1.254953e-01  6.644131e-01  1.780238e-01
     vertex -1.254545e-01  6.399956e-01  1.767448e-01
     vertex -6.900222e-02  6.428040e-01  1.249300e-01
   endloop
 endfacet
 facet normal  6.767349e-01 -3.738367e-02  7.352770e-01
   outer loop
     vertex -1.254953e-01  6.644131e-01  1.780238e-01
     vertex -6.900222e-02  6.428040e-01  1.249300e-01
     vertex -6.904303e-02  6.672216e-01  1.262090e-01
   endloop
 endfacet
 facet normal  9.069626e-01 -2.052158e-02  4.207109e-01
   outer loop
     vertex -1.577928e-01  6.607215e-01  2.474701e-01
     vertex -1.577519e-01  6.363039e-01  2.461911e-01
     vertex -1.254545e-01  6.399956e-01  1.767448e-01
   endloop
 endfacet
 facet normal  9.069626e-01 -2.052158e-02  4.207109e-01
   outer loop
     vertex -1.577928e-01  6.607215e-01  2.474701e-01
     vertex -1.254545e-01  6.399956e-01  1.767448e-01
     vertex -1.254953e-01  6.644131e-01  1.780238e-01
   endloop
 endfacet
 facet normal  9.991135e-01 -5.352676e-04  4.209543e-02
   outer loop
     vertex -1.610183e-01  6.567087e-01  3.239751e-01
     vertex -1.609775e-01  6.322911e-01  3.226961e-01
     vertex -1.577519e-01  6.363039e-01  2.461911e-01
   endloop
 endfacet
 facet normal  9.991135e-01 -5.352676e-04  4.209543e-02
   outer loop
     vertex -1.610183e-01  6.567087e-01  3.239751e-01
     vertex -1.577519e-01  6.363039e-01  2.461911e-01
     vertex -1.577928e-01  6.607215e-01  2.474701e-01
   endloop
 endfacet
 facet normal  9.391583e-01  1.953253e-02 -3.429287e-01
   outer loop
     vertex -1.346808e-01  6.529856e-01  3.958918e-01
     vertex -1.346400e-01  6.285681e-01  3.946128e-01
     vertex -1.609775e-01  6.322911e-01  3.226961e-01
   endloop
 endfacet
 facet normal  9.391583e-01  1.953253e-02 -3.429287e-01
   outer loop
     vertex -1.346808e-01  6.529856e-01  3.958918e-01
     vertex -1.609775e-01  6.322911e-01  3.226961e-01
     vertex -1.610183e-01  6.567087e-01  3.239751e-01
   endloop
 endfacet
 facet normal  7.362249e-01  3.662668e-02 -6.757451e-01
   outer loop
     vertex -8.279010e-02  6.501191e-01  4.522714e-01
     vertex -8.274930e-02  6.257015e-01  4.509924e-01
     vertex -1.346400e-01  6.285681e-01  3.946128e-01
   endloop
 endfacet
 facet normal  7.362249e-01  3.662668e-02 -6.757451e-01
   outer loop
     vertex -8.279010e-02  6.501191e-01  4.522714e-01
     vertex -1.346400e-01  6.285681e-01  3.946128e-01
     vertex -1.346808e-01  6.529856e-01  3.958918e-01
   endloop
 endfacet
 facet normal  4.212078e-01  4.814475e-02 -9.056854e-01
   outer loop
     vertex -1.324595e-02  6.485455e-01  4.845307e-01
     vertex -1.320514e-02  6.241280e-01  4.832517e-01
     vertex -8.274930e-02  6.257015e-01  4.509924e-01
   endloop
 endfacet
 facet normal  4.212078e-01  4.814475e-02 -9.056854e-01
   outer loop
     vertex -1.324595e-02  6.485455e-01  4.845307e-01
     vertex -8.274930e-02  6.257015e-01  4.509924e-01
     vertex -8.279010e-02  6.501191e-01  4.522714e-01
   endloop
 endfacet
 facet normal  4.206574e-02  5.233322e-02 -9.977433e-01
   outer loop
     vertex  6.336416e-02  6.485045e-01  4.877585e-01
     vertex  6.340497e-02  6.240869e-01  4.864795e-01
     vertex -1.320514e-02  6.241280e-01  4.832517e-01
   endloop
 endfacet
 facet normal  4.206574e-02  5.233322e-02 -9.977433e-01
   outer loop
     vertex  6.336416e-02  6.485045e-01  4.877585e-01
     vertex -1.320514e-02  6.241280e-01  4.832517e-01
     vertex -1.324595e-02  6.485455e-01  4.845307e-01
   endloop
 endfacet
 facet normal  2.861460e-02 -7.247960e-01 -6.883690e-01
   outer loop
     vertex -1.324595e-02  6.485455e-01  4.845307e-01
     vertex  5.930118e-02  6.718086e-01  4.630523e-01
     vertex  6.336416e-02  6.485045e-01  4.877585e-01
   endloop
 endfacet
 facet normal  4.487374e-02 -7.496236e-01 -6.603414e-01
   outer loop
     vertex -1.324595e-02  6.485455e-01  4.845307e-01
     vertex -1.631054e-02  6.719604e-01  4.577418e-01
     vertex  5.930118e-02  6.718086e-01  4.630523e-01
   endloop
 endfacet
 facet normal  2.994122e-01 -7.703360e-01 -5.629697e-01
   outer loop
     vertex -8.279010e-02  6.501191e-01  4.522714e-01
     vertex -8.212989e-02  6.738171e-01  4.201955e-01
     vertex -1.631054e-02  6.719604e-01  4.577418e-01
   endloop
 endfacet
 facet normal  2.851228e-01 -7.052790e-01 -6.490659e-01
   outer loop
     vertex -8.279010e-02  6.501191e-01  4.522714e-01
     vertex -1.631054e-02  6.719604e-01  4.577418e-01
     vertex -1.324595e-02  6.485455e-01  4.845307e-01
   endloop
 endfacet
 facet normal  4.864777e-01 -7.887142e-01 -3.758581e-01
   outer loop
     vertex -1.346808e-01  6.529856e-01  3.958918e-01
     vertex -1.251205e-01  6.770110e-01  3.578500e-01
     vertex -8.212989e-02  6.738171e-01  4.201955e-01
   endloop
 endfacet
 facet normal  5.096030e-01 -6.970065e-01 -5.044668e-01
   outer loop
     vertex -1.346808e-01  6.529856e-01  3.958918e-01
     vertex -8.212989e-02  6.738171e-01  4.201955e-01
     vertex -8.279010e-02  6.501191e-01  4.522714e-01
   endloop
 endfacet
 facet normal  6.576675e-01 -7.004859e-01 -2.771155e-01
   outer loop
     vertex -1.610183e-01  6.567087e-01  3.239751e-01
     vertex -1.251205e-01  6.770110e-01  3.578500e-01
     vertex -1.346808e-01  6.529856e-01  3.958918e-01
   endloop
 endfacet
 facet normal  5.795174e-01 -8.041732e-01 -1.321554e-01
   outer loop
     vertex -1.367677e-01  6.809095e-01  2.830536e-01
     vertex -1.251205e-01  6.770110e-01  3.578500e-01
     vertex -1.610183e-01  6.567087e-01  3.239751e-01
   endloop
 endfacet
 facet normal  6.995763e-01 -7.145133e-01 -7.982604e-03
   outer loop
     vertex -1.577928e-01  6.607215e-01  2.474701e-01
     vertex -1.367677e-01  6.809095e-01  2.830536e-01
     vertex -1.610183e-01  6.567087e-01  3.239751e-01
   endloop
 endfacet
 facet normal  5.650206e-01 -8.150036e-01  1.285339e-01
   outer loop
     vertex -1.147644e-01  6.847404e-01  2.106206e-01
     vertex -1.367677e-01  6.809095e-01  2.830536e-01
     vertex -1.577928e-01  6.607215e-01  2.474701e-01
   endloop
 endfacet
 facet normal  6.275050e-01 -7.364699e-01  2.526847e-01
   outer loop
     vertex -1.254953e-01  6.644131e-01  1.780238e-01
     vertex -1.147644e-01  6.847404e-01  2.106206e-01
     vertex -1.577928e-01  6.607215e-01  2.474701e-01
   endloop
 endfacet
 facet normal  4.438224e-01 -8.186720e-01  3.644143e-01
   outer loop
     vertex -6.346882e-02  6.877449e-01  1.548973e-01
     vertex -1.147644e-01  6.847404e-01  2.106206e-01
     vertex -1.254953e-01  6.644131e-01  1.780238e-01
   endloop
 endfacet
 facet normal  4.573455e-01 -7.629243e-01  4.569263e-01
   outer loop
     vertex -6.904303e-02  6.672216e-01  1.262090e-01
     vertex -6.346882e-02  6.877449e-01  1.548973e-01
     vertex -1.254953e-01  6.644131e-01  1.780238e-01
   endloop
 endfacet
 facet normal  2.311601e-01 -8.119762e-01  5.359660e-01
   outer loop
     vertex  6.959434e-03  6.893281e-01  1.269203e-01
     vertex -6.346882e-02  6.877449e-01  1.548973e-01
     vertex -6.904303e-02  6.672216e-01  1.262090e-01
   endloop
 endfacet
 facet normal  2.245608e-01 -7.903819e-01  5.699727e-01
   outer loop
     vertex  2.969840e-03  6.687193e-01  9.991389e-02
     vertex  6.959434e-03  6.893281e-01  1.269203e-01
     vertex -6.904303e-02  6.672216e-01  1.262090e-01
   endloop
 endfacet
 facet normal  3.696852e-01 -4.798751e-02  9.279170e-01
   outer loop
     vertex -6.387204e-02  9.290185e-01  1.675355e-01
     vertex  6.959434e-03  6.893281e-01  1.269203e-01
     vertex  6.556213e-03  9.306017e-01  1.395585e-01
   endloop
 endfacet
 facet normal  3.696852e-01 -4.798751e-02  9.279170e-01
   outer loop
     vertex -6.387204e-02  9.290185e-01  1.675355e-01
     vertex -6.346882e-02  6.877449e-01  1.548973e-01
     vertex  6.959434e-03  6.893281e-01  1.269203e-01
   endloop
 endfacet
 facet normal  7.362204e-01 -3.417289e-02  6.758785e-01
   outer loop
     vertex -1.151677e-01  9.260139e-01  2.232588e-01
     vertex -1.147644e-01  6.847404e-01  2.106206e-01
     vertex -6.346882e-02  6.877449e-01  1.548973e-01
   endloop
 endfacet
 facet normal  7.362204e-01 -3.417289e-02  6.758785e-01
   outer loop
     vertex -1.151677e-01  9.260139e-01  2.232588e-01
     vertex -6.346882e-02  6.877449e-01  1.548973e-01
     vertex -6.387204e-02  9.290185e-01  1.675355e-01
   endloop
 endfacet
 facet normal  9.569380e-01 -1.358991e-02  2.899740e-01
   outer loop
     vertex -1.371709e-01  9.221830e-01  2.956918e-01
     vertex -1.367677e-01  6.809095e-01  2.830536e-01
     vertex -1.147644e-01  6.847404e-01  2.106206e-01
   endloop
 endfacet
 facet normal  9.569380e-01 -1.358991e-02  2.899740e-01
   outer loop
     vertex -1.371709e-01  9.221830e-01  2.956918e-01
     vertex -1.147644e-01  6.847404e-01  2.106206e-01
     vertex -1.151677e-01  9.260139e-01  2.232588e-01
   endloop
 endfacet
 facet normal  9.881224e-01  9.684722e-03 -1.533635e-01
   outer loop
     vertex -1.255238e-01  9.182846e-01  3.704882e-01
     vertex -1.251205e-01  6.770110e-01  3.578500e-01
     vertex -1.367677e-01  6.809095e-01  2.830536e-01
   endloop
 endfacet
 facet normal  9.881224e-01  9.684722e-03 -1.533635e-01
   outer loop
     vertex -1.255238e-01  9.182846e-01  3.704882e-01
     vertex -1.367677e-01  6.809095e-01  2.830536e-01
     vertex -1.371709e-01  9.221830e-01  2.956918e-01
   endloop
 endfacet
 facet normal  8.235970e-01  3.104117e-02 -5.663254e-01
   outer loop
     vertex -8.253311e-02  9.150907e-01  4.328337e-01
     vertex -8.212989e-02  6.738171e-01  4.201955e-01
     vertex -1.251205e-01  6.770110e-01  3.578500e-01
   endloop
 endfacet
 facet normal  8.235970e-01  3.104117e-02 -5.663254e-01
   outer loop
     vertex -8.253311e-02  9.150907e-01  4.328337e-01
     vertex -1.251205e-01  6.770110e-01  3.578500e-01
     vertex -1.255238e-01  9.182846e-01  3.704882e-01
   endloop
 endfacet
 facet normal  4.959481e-01  4.624954e-02 -8.671196e-01
   outer loop
     vertex -1.671376e-02  9.132340e-01  4.703800e-01
     vertex -1.631054e-02  6.719604e-01  4.577418e-01
     vertex -8.212989e-02  6.738171e-01  4.201955e-01
   endloop
 endfacet
 facet normal  4.959481e-01  4.624954e-02 -8.671196e-01
   outer loop
     vertex -1.671376e-02  9.132340e-01  4.703800e-01
     vertex -8.212989e-02  6.738171e-01  4.201955e-01
     vertex -8.253311e-02  9.150907e-01  4.328337e-01
   endloop
 endfacet
 facet normal  7.007058e-02  5.229762e-02 -9.961702e-01
   outer loop
     vertex  5.889796e-02  9.130822e-01  4.756905e-01
     vertex  5.930118e-02  6.718086e-01  4.630523e-01
     vertex -1.631054e-02  6.719604e-01  4.577418e-01
   endloop
 endfacet
 facet normal  7.007058e-02  5.229762e-02 -9.961702e-01
   outer loop
     vertex  5.889796e-02  9.130822e-01  4.756905e-01
     vertex -1.631054e-02  6.719604e-01  4.577418e-01
     vertex -1.671376e-02  9.132340e-01  4.703800e-01
   endloop
 endfacet
 facet normal  2.440533e-01  6.645903e-01  7.062278e-01
   outer loop
     vertex -6.952667e-02  9.566183e-01  1.413679e-01
     vertex  6.556213e-03  9.306017e-01  1.395585e-01
     vertex  2.486194e-03  9.581160e-01  1.150728e-01
   endloop
 endfacet
 facet normal  2.528533e-01  6.924476e-01  6.757082e-01
   outer loop
     vertex -6.952667e-02  9.566183e-01  1.413679e-01
     vertex -6.387204e-02  9.290185e-01  1.675355e-01
     vertex  6.556213e-03  9.306017e-01  1.395585e-01
   endloop
 endfacet
 facet normal  4.901135e-01  7.208683e-01  4.900385e-01
   outer loop
     vertex -1.259790e-01  9.538098e-01  1.931828e-01
     vertex -1.151677e-01  9.260139e-01  2.232588e-01
     vertex -6.387204e-02  9.290185e-01  1.675355e-01
   endloop
 endfacet
 facet normal  4.969719e-01  6.484984e-01  5.766011e-01
   outer loop
     vertex -1.259790e-01  9.538098e-01  1.931828e-01
     vertex -6.387204e-02  9.290185e-01  1.675355e-01
     vertex -6.952667e-02  9.566183e-01  1.413679e-01
   endloop
 endfacet
 facet normal  6.262989e-01  7.449888e-01  2.296548e-01
   outer loop
     vertex -1.582764e-01  9.501182e-01  2.626290e-01
     vertex -1.371709e-01  9.221830e-01  2.956918e-01
     vertex -1.151677e-01  9.260139e-01  2.232588e-01
   endloop
 endfacet
 facet normal  6.801423e-01  6.438388e-01  3.505397e-01
   outer loop
     vertex -1.582764e-01  9.501182e-01  2.626290e-01
     vertex -1.151677e-01  9.260139e-01  2.232588e-01
     vertex -1.259790e-01  9.538098e-01  1.931828e-01
   endloop
 endfacet
 facet normal  7.570079e-01  6.500626e-01  6.601293e-02
   outer loop
     vertex -1.615019e-01  9.461054e-01  3.391340e-01
     vertex -1.371709e-01  9.221830e-01  2.956918e-01
     vertex -1.582764e-01  9.501182e-01  2.626290e-01
   endloop
 endfacet
 facet normal  6.429725e-01  7.635096e-01 -6.032748e-02
   outer loop
     vertex -1.255238e-01  9.182846e-01  3.704882e-01
     vertex -1.371709e-01  9.221830e-01  2.956918e-01
     vertex -1.615019e-01  9.461054e-01  3.391340e-01
   endloop
 endfacet
 facet normal  7.115158e-01  6.652894e-01 -2.261309e-01
   outer loop
     vertex -1.351645e-01  9.423823e-01  4.110507e-01
     vertex -1.255238e-01  9.182846e-01  3.704882e-01
     vertex -1.615019e-01  9.461054e-01  3.391340e-01
   endloop
 endfacet
 facet normal  5.388540e-01  7.742579e-01 -3.319053e-01
   outer loop
     vertex -8.253311e-02  9.150907e-01  4.328337e-01
     vertex -1.255238e-01  9.182846e-01  3.704882e-01
     vertex -1.351645e-01  9.423823e-01  4.110507e-01
   endloop
 endfacet
 facet normal  5.518965e-01  6.867644e-01 -4.730379e-01
   outer loop
     vertex -8.327375e-02  9.395158e-01  4.674304e-01
     vertex -8.253311e-02  9.150907e-01  4.328337e-01
     vertex -1.351645e-01  9.423823e-01  4.110507e-01
   endloop
 endfacet
 facet normal  3.297548e-01  7.745425e-01 -5.397644e-01
   outer loop
     vertex -1.671376e-02  9.132340e-01  4.703800e-01
     vertex -8.253311e-02  9.150907e-01  4.328337e-01
     vertex -8.327375e-02  9.395158e-01  4.674304e-01
   endloop
 endfacet
 facet normal  3.088946e-01  7.114504e-01 -6.312071e-01
   outer loop
     vertex -1.372959e-02  9.379422e-01  4.996897e-01
     vertex -1.671376e-02  9.132340e-01  4.703800e-01
     vertex -8.327375e-02  9.395158e-01  4.674304e-01
   endloop
 endfacet
 facet normal  4.694355e-02  7.613684e-01 -6.466178e-01
   outer loop
     vertex  5.889796e-02  9.130822e-01  4.756905e-01
     vertex -1.671376e-02  9.132340e-01  4.703800e-01
     vertex -1.372959e-02  9.379422e-01  4.996897e-01
   endloop
 endfacet
 facet normal  2.886349e-02  7.366173e-01 -6.756936e-01
   outer loop
     vertex  6.288052e-02  9.379012e-01  5.029175e-01
     vertex  5.889796e-02  9.130822e-01  4.756905e-01
     vertex -1.372959e-02  9.379422e-01  4.996897e-01
   endloop
 endfacet
 facet normal  3.434805e-01 -4.855443e-02  9.379038e-01
   outer loop
     vertex -6.965380e-02  1.032688e+00  1.453525e-01
     vertex  2.486194e-03  9.581160e-01  1.150728e-01
     vertex  2.359066e-03  1.034185e+00  1.190574e-01
   endloop
 endfacet
 facet normal  3.434805e-01 -4.855443e-02  9.379038e-01
   outer loop
     vertex -6.965380e-02  1.032688e+00  1.453525e-01
     vertex -6.952667e-02  9.566183e-01  1.413679e-01
     vertex  2.486194e-03  9.581160e-01  1.150728e-01
   endloop
 endfacet
 facet normal  6.767349e-01 -3.738367e-02  7.352770e-01
   outer loop
     vertex -1.261061e-01  1.029879e+00  1.971674e-01
     vertex -1.259790e-01  9.538098e-01  1.931828e-01
     vertex -6.952667e-02  9.566183e-01  1.413679e-01
   endloop
 endfacet
 facet normal  6.767349e-01 -3.738367e-02  7.352770e-01
   outer loop
     vertex -1.261061e-01  1.029879e+00  1.971674e-01
     vertex -6.952667e-02  9.566183e-01  1.413679e-01
     vertex -6.965380e-02  1.032688e+00  1.453525e-01
   endloop
 endfacet
 facet normal  9.069626e-01 -2.052158e-02  4.207109e-01
   outer loop
     vertex -1.584035e-01  1.026188e+00  2.666136e-01
     vertex -1.582764e-01  9.501182e-01  2.626290e-01
     vertex -1.259790e-01  9.538098e-01  1.931828e-01
   endloop
 endfacet
 facet normal  9.069626e-01 -2.052158e-02  4.207109e-01
   outer loop
     vertex -1.584035e-01  1.026188e+00  2.666136e-01
     vertex -1.259790e-01  9.538098e-01  1.931828e-01
     vertex -1.261061e-01  1.029879e+00  1.971674e-01
   endloop
 endfacet
 facet normal  9.991135e-01 -5.352676e-04  4.209543e-02
   outer loop
     vertex -1.616290e-01  1.022175e+00  3.431186e-01
     vertex -1.615019e-01  9.461054e-01  3.391340e-01
     vertex -1.582764e-01  9.501182e-01  2.626290e-01
   endloop
 endfacet
 facet normal  9.991135e-01 -5.352676e-04  4.209543e-02
   outer loop
     vertex -1.616290e-01  1.022175e+00  3.431186e-01
     vertex -1.582764e-01  9.501182e-01  2.626290e-01
     vertex -1.584035e-01  1.026188e+00  2.666136e-01
   endloop
 endfacet
 facet normal  9.391583e-01  1.953253e-02 -3.429287e-01
   outer loop
     vertex -1.352916e-01  1.018452e+00  4.150353e-01
     vertex -1.351645e-01  9.423823e-01  4.110507e-01
     vertex -1.615019e-01  9.461054e-01  3.391340e-01
   endloop
 endfacet
 facet normal  9.391583e-01  1.953253e-02 -3.429287e-01
   outer loop
     vertex -1.352916e-01  1.018452e+00  4.150353e-01
     vertex -1.615019e-01  9.461054e-01  3.391340e-01
     vertex -1.616290e-01  1.022175e+00  3.431186e-01
   endloop
 endfacet
 facet normal  7.362249e-01  3.662668e-02 -6.757451e-01
   outer loop
     vertex -8.340088e-02  1.015585e+00  4.714150e-01
     vertex -8.327375e-02  9.395158e-01  4.674304e-01
     vertex -1.351645e-01  9.423823e-01  4.110507e-01
   endloop
 endfacet
 facet normal  7.362249e-01  3.662668e-02 -6.757451e-01
   outer loop
     vertex -8.340088e-02  1.015585e+00  4.714150e-01
     vertex -1.351645e-01  9.423823e-01  4.110507e-01
     vertex -1.352916e-01  1.018452e+00  4.150353e-01
   endloop
 endfacet
 facet normal  4.212078e-01  4.814475e-02 -9.056854e-01
   outer loop
     vertex -1.385672e-02  1.014012e+00  5.036743e-01
     vertex -1.372959e-02  9.379422e-01  4.996897e-01
     vertex -8.327375e-02  9.395158e-01  4.674304e-01
   endloop
 endfacet
 facet normal  4.212078e-01  4.814475e-02 -9.056854e-01
   outer loop
     vertex -1.385672e-02  1.014012e+00  5.036743e-01
     vertex -8.327375e-02  9.395158e-01  4.674304e-01
     vertex -8.340088e-02  1.015585e+00  4.714150e-01
   endloop
 endfacet
 facet normal  4.206574e-02  5.233322e-02 -9.977433e-01
   outer loop
     vertex  6.275339e-02  1.013971e+00  5.069021e-01
     vertex  6.288052e-02  9.379012e-01  5.029175e-01
     vertex -1.372959e-02  9.379422e-01  4.996897e-01
   endloop
 endfacet
 facet normal  4.206574e-02  5.233322e-02 -9.977433e-01
   outer loop
     vertex  6.275339e-02  1.013971e+00  5.069021e-01
     vertex -1.372959e-02  9.379422e-01  4.996897e-01
     vertex -1.385672e-02  1.014012e+00  5.036743e-01
   endloop
 endfacet
 facet normal  5.681554e-02  9.757953e-01  2.111766e-01
   outer loop
     vertex  1.538572e-01  9.881714e-01  6.016026e-01
     vertex  1.347663e-01  1.015468e+00  4.806069e-01
     vertex  6.275339e-02  1.013971e+00  5.069021e-01
   endloop
 endfacet
 facet normal  4.624246e-02  9.741967e-01  2.209127e-01
   outer loop
     vertex  1.538572e-01  9.881714e-01  6.016026e-01
     vertex  6.275339e-02  1.013971e+00  5.069021e-01
     vertex  8.090667e-02  9.869728e-01  6.221589e-01
   endloop
 endfacet
 facet normal  1.148714e-01  9.772803e-01  1.781230e-01
   outer loop
     vertex  2.197603e-01  9.902403e-01  5.642087e-01
     vertex  1.912186e-01  1.018277e+00  4.287921e-01
     vertex  1.347663e-01  1.015468e+00  4.806069e-01
   endloop
 endfacet
 facet normal  8.643065e-02  9.746744e-01  2.062510e-01
   outer loop
     vertex  2.197603e-01  9.902403e-01  5.642087e-01
     vertex  1.347663e-01  1.015468e+00  4.806069e-01
     vertex  1.538572e-01  9.881714e-01  6.016026e-01
   endloop
 endfacet
 facet normal  1.178303e-01  9.770501e-01  1.774517e-01
   outer loop
     vertex  2.747857e-01  9.930591e-01  5.121507e-01
     vertex  1.912186e-01  1.018277e+00  4.287921e-01
     vertex  2.197603e-01  9.902403e-01  5.642087e-01
   endloop
 endfacet
 facet normal  1.691878e-01  9.838321e-01  5.873666e-02
   outer loop
     vertex  3.468461e-01  1.004218e+00  3.014122e-01
     vertex  2.267415e-01  1.025981e+00  2.828408e-01
     vertex  2.235160e-01  1.021968e+00  3.593459e-01
   endloop
 endfacet
 facet normal  1.728013e-01  9.826903e-01  6.677896e-02
   outer loop
     vertex  3.468461e-01  1.004218e+00  3.014122e-01
     vertex  2.235160e-01  1.021968e+00  3.593459e-01
     vertex  3.402303e-01  1.000257e+00  3.768199e-01
   endloop
 endfacet
 facet normal  1.589364e-01  9.872633e-01 -7.096197e-03
   outer loop
     vertex  3.351985e-01  1.008117e+00  2.266130e-01
     vertex  2.004041e-01  1.029704e+00  2.109242e-01
     vertex  2.267415e-01  1.025981e+00  2.828408e-01
   endloop
 endfacet
 facet normal  1.746335e-01  9.843383e-01  2.411103e-02
   outer loop
     vertex  3.351985e-01  1.008117e+00  2.266130e-01
     vertex  2.267415e-01  1.025981e+00  2.828408e-01
     vertex  3.468461e-01  1.004218e+00  3.014122e-01
   endloop
 endfacet
 facet normal  1.599223e-01  9.870011e-01 -1.592789e-02
   outer loop
     vertex  3.059645e-01  1.011727e+00  1.567693e-01
     vertex  2.004041e-01  1.029704e+00  2.109242e-01
     vertex  3.351985e-01  1.008117e+00  2.266130e-01
   endloop
 endfacet
 facet normal  7.087658e-02  9.920060e-01 -1.044063e-01
   outer loop
     vertex  1.341978e-01  1.018879e+00  1.473772e-02
     vertex  7.896917e-02  1.034144e+00  1.222852e-01
     vertex  1.485133e-01  1.032571e+00  1.545445e-01
   endloop
 endfacet
 facet normal  7.389566e-02  9.917556e-01 -1.046909e-01
   outer loop
     vertex  1.341978e-01  1.018879e+00  1.473772e-02
     vertex  1.485133e-01  1.032571e+00  1.545445e-01
     vertex  2.024564e-01  1.017269e+00  4.766124e-02
   endloop
 endfacet
 facet normal  5.514977e-03  9.929663e-01 -1.182690e-01
   outer loop
     vertex  6.003424e-02  1.019575e+00 -9.167910e-04
     vertex  2.359066e-03  1.034185e+00  1.190574e-01
     vertex  7.896917e-02  1.034144e+00  1.222852e-01
   endloop
 endfacet
 facet normal  3.520760e-02  9.918195e-01 -1.226969e-01
   outer loop
     vertex  6.003424e-02  1.019575e+00 -9.167910e-04
     vertex  7.896917e-02  1.034144e+00  1.222852e-01
     vertex  1.341978e-01  1.018879e+00  1.473772e-02
   endloop
 endfacet
 facet normal -7.536609e-03  9.921973e-01 -1.244497e-01
   outer loop
     vertex -1.572425e-02  1.019316e+00  1.607501e-03
     vertex  2.359066e-03  1.034185e+00  1.190574e-01
     vertex  6.003424e-02  1.019575e+00 -9.167910e-04
   endloop
 endfacet
 facet normal -1.649941e-01  9.859947e-01 -2.432007e-02
   outer loop
     vertex  2.363638e-01  1.025657e+00  4.217245e-01
     vertex  2.235160e-01  1.021968e+00  3.593459e-01
     vertex  1.912186e-01  1.018277e+00  4.287921e-01
   endloop
 endfacet
 facet normal -9.268455e-02  9.234783e-01  3.722867e-01
   outer loop
     vertex  2.363638e-01  1.025657e+00  4.217245e-01
     vertex  1.912186e-01  1.018277e+00  4.287921e-01
     vertex  2.747857e-01  9.930591e-01  5.121507e-01
   endloop
 endfacet
 facet normal  1.961762e-01  9.756495e-01 -9.809696e-02
   outer loop
     vertex  2.363638e-01  1.025657e+00  4.217245e-01
     vertex  3.402303e-01  1.000257e+00  3.768199e-01
     vertex  2.235160e-01  1.021968e+00  3.593459e-01
   endloop
 endfacet
 facet normal  3.803963e-01  8.776924e-01  2.914698e-01
   outer loop
     vertex  2.742795e-01  1.016752e+00  4.414650e-01
     vertex  2.747857e-01  9.930591e-01  5.121507e-01
     vertex  3.157357e-01  9.964641e-01  4.484538e-01
   endloop
 endfacet
 facet normal  4.063567e-01  8.945167e-01  1.863175e-01
   outer loop
     vertex  2.742795e-01  1.016752e+00  4.414650e-01
     vertex  3.157357e-01  9.964641e-01  4.484538e-01
     vertex  3.402303e-01  1.000257e+00  3.768199e-01
   endloop
 endfacet
 facet normal  5.733871e-02  9.467176e-01  3.169197e-01
   outer loop
     vertex  2.742795e-01  1.016752e+00  4.414650e-01
     vertex  2.363638e-01  1.025657e+00  4.217245e-01
     vertex  2.747857e-01  9.930591e-01  5.121507e-01
   endloop
 endfacet
 facet normal  2.334962e-01  9.723075e-01 -9.883654e-03
   outer loop
     vertex  2.742795e-01  1.016752e+00  4.414650e-01
     vertex  3.402303e-01  1.000257e+00  3.768199e-01
     vertex  2.363638e-01  1.025657e+00  4.217245e-01
   endloop
 endfacet
 facet normal -1.342426e-01  9.757017e-01  1.731619e-01
   outer loop
     vertex  1.937867e-01  1.039908e+00  1.482994e-01
     vertex  1.485133e-01  1.032571e+00  1.545445e-01
     vertex  2.004041e-01  1.029704e+00  2.109242e-01
   endloop
 endfacet
 facet normal  2.320821e-01  9.636313e-01  1.324866e-01
   outer loop
     vertex  1.937867e-01  1.039908e+00  1.482994e-01
     vertex  2.004041e-01  1.029704e+00  2.109242e-01
     vertex  3.059645e-01  1.011727e+00  1.567693e-01
   endloop
 endfacet
 facet normal -1.866102e-01  9.549165e-01 -2.308920e-01
   outer loop
     vertex  1.937867e-01  1.039908e+00  1.482994e-01
     vertex  2.024564e-01  1.017269e+00  4.766124e-02
     vertex  1.485133e-01  1.032571e+00  1.545445e-01
   endloop
 endfacet
 facet normal  3.448039e-01  9.151192e-01 -2.089668e-01
   outer loop
     vertex  2.237847e-01  1.033654e+00  1.171934e-01
     vertex  3.059645e-01  1.011727e+00  1.567693e-01
     vertex  2.608431e-01  1.014837e+00  9.594039e-02
   endloop
 endfacet
 facet normal  2.879152e-01  9.086471e-01 -3.024322e-01
   outer loop
     vertex  2.237847e-01  1.033654e+00  1.171934e-01
     vertex  2.608431e-01  1.014837e+00  9.594039e-02
     vertex  2.024564e-01  1.017269e+00  4.766124e-02
   endloop
 endfacet
 facet normal  2.408355e-01  9.698509e-01  3.724878e-02
   outer loop
     vertex  2.237847e-01  1.033654e+00  1.171934e-01
     vertex  1.937867e-01  1.039908e+00  1.482994e-01
     vertex  3.059645e-01  1.011727e+00  1.567693e-01
   endloop
 endfacet
 facet normal -2.651364e-02  9.747841e-01 -2.215694e-01
   outer loop
     vertex  2.237847e-01  1.033654e+00  1.171934e-01
     vertex  2.024564e-01  1.017269e+00  4.766124e-02
     vertex  1.937867e-01  1.039908e+00  1.482994e-01
   endloop
 endfacet
 facet normal -1.668930e-03  9.986295e-01  5.230934e-02
   outer loop
     vertex  3.157357e-01  9.964641e-01  4.484538e-01
     vertex  2.768040e-01  9.929751e-01  5.138196e-01
     vertex  3.180952e-01  9.964084e-01  4.495919e-01
   endloop
 endfacet
 facet normal -1.668930e-03  9.986295e-01  5.230934e-02
   outer loop
     vertex  3.157357e-01  9.964641e-01  4.484538e-01
     vertex  2.747857e-01  9.930591e-01  5.121507e-01
     vertex  2.768040e-01  9.929751e-01  5.138196e-01
   endloop
 endfacet
 facet normal -1.668930e-03  9.986295e-01  5.230934e-02
   outer loop
     vertex  2.197603e-01  9.902403e-01  5.642087e-01
     vertex  2.213200e-01  9.901328e-01  5.663114e-01
     vertex  2.768040e-01  9.929751e-01  5.138196e-01
   endloop
 endfacet
 facet normal -1.668930e-03  9.986295e-01  5.230934e-02
   outer loop
     vertex  2.197603e-01  9.902403e-01  5.642087e-01
     vertex  2.768040e-01  9.929751e-01  5.138196e-01
     vertex  2.747857e-01  9.930591e-01  5.121507e-01
   endloop
 endfacet
 facet normal -1.668930e-03  9.986295e-01  5.230934e-02
   outer loop
     vertex  3.402303e-01  1.000257e+00  3.768199e-01
     vertex  3.180952e-01  9.964084e-01  4.495919e-01
     vertex  3.427940e-01  1.000233e+00  3.773611e-01
   endloop
 endfacet
 facet normal -1.668930e-03  9.986295e-01  5.230934e-02
   outer loop
     vertex  3.402303e-01  1.000257e+00  3.768199e-01
     vertex  3.157357e-01  9.964641e-01  4.484538e-01
     vertex  3.180952e-01  9.964084e-01  4.495919e-01
   endloop
 endfacet
 facet normal -1.668930e-03  9.986295e-01  5.230934e-02
   outer loop
     vertex  1.538572e-01  9.881714e-01  6.016026e-01
     vertex  1.548678e-01  9.880467e-01  6.040169e-01
     vertex  2.213200e-01  9.901328e-01  5.663114e-01
   endloop
 endfacet
 facet normal -1.668930e-03  9.986295e-01  5.230934e-02
   outer loop
     vertex  1.538572e-01  9.881714e-01  6.016026e-01
     vertex  2.213200e-01  9.901328e-01  5.663114e-01
     vertex  2.197603e-01  9.902403e-01  5.642087e-01
   endloop
 endfacet
 facet normal -1.668930e-03  9.986295e-01  5.230934e-02
   outer loop
     vertex  3.468461e-01  1.004218e+00  3.014122e-01
     vertex  3.427940e-01  1.000233e+00  3.773611e-01
     vertex  3.494649e-01  1.004227e+00  3.013249e-01
   endloop
 endfacet
 facet normal -1.668930e-03  9.986295e-01  5.230934e-02
   outer loop
     vertex  3.468461e-01  1.004218e+00  3.014122e-01
     vertex  3.402303e-01  1.000257e+00  3.768199e-01
     vertex  3.427940e-01  1.000233e+00  3.773611e-01
   endloop
 endfacet
 facet normal -1.668930e-03  9.986295e-01  5.230934e-02
   outer loop
     vertex  8.090667e-02  9.869728e-01  6.221589e-01
     vertex  8.130930e-02  9.868380e-01  6.247446e-01
     vertex  1.548678e-01  9.880467e-01  6.040169e-01
   endloop
 endfacet
 facet normal -1.668930e-03  9.986295e-01  5.230934e-02
   outer loop
     vertex  8.090667e-02  9.869728e-01  6.221589e-01
     vertex  1.548678e-01  9.880467e-01  6.040169e-01
     vertex  1.538572e-01  9.881714e-01  6.016026e-01
   endloop
 endfacet
 facet normal -1.668930e-03  9.986295e-01  5.230934e-02
   outer loop
     vertex  3.351985e-01  1.008117e+00  2.266130e-01
     vertex  3.494649e-01  1.004227e+00  3.013249e-01
     vertex  3.377203e-01  1.008158e+00  2.259024e-01
   endloop
 endfacet
 facet normal -1.668930e-03  9.986295e-01  5.230934e-02
   outer loop
     vertex  3.351985e-01  1.008117e+00  2.266130e-01
     vertex  3.468461e-01  1.004218e+00  3.014122e-01
     vertex  3.494649e-01  1.004227e+00  3.013249e-01
   endloop
 endfacet
 facet normal -1.668930e-03  9.986295e-01  5.230934e-02
   outer loop
     vertex  5.148186e-03  9.867139e-01  6.246832e-01
     vertex  4.919494e-03  9.865770e-01  6.272899e-01
     vertex  8.130930e-02  9.868380e-01  6.247446e-01
   endloop
 endfacet
 facet normal -1.668930e-03  9.986295e-01  5.230934e-02
   outer loop
     vertex  5.148186e-03  9.867139e-01  6.246832e-01
     vertex  8.130930e-02  9.868380e-01  6.247446e-01
     vertex  8.090667e-02  9.869728e-01  6.221589e-01
   endloop
 endfacet
 facet normal -1.668930e-03  9.986295e-01  5.230934e-02
   outer loop
     vertex  3.059645e-01  1.011727e+00  1.567693e-01
     vertex  3.377203e-01  1.008158e+00  2.259024e-01
     vertex  3.082426e-01  1.011798e+00  1.554767e-01
   endloop
 endfacet
 facet normal -1.668930e-03  9.986295e-01  5.230934e-02
   outer loop
     vertex  3.059645e-01  1.011727e+00  1.567693e-01
     vertex  3.351985e-01  1.008117e+00  2.266130e-01
     vertex  3.377203e-01  1.008158e+00  2.259024e-01
   endloop
 endfacet
 facet normal -1.668930e-03  9.986295e-01  5.230934e-02
   outer loop
     vertex -6.901541e-02  9.874100e-01  6.090287e-01
     vertex -6.986213e-02  9.872789e-01  6.115049e-01
     vertex  4.919494e-03  9.865770e-01  6.272899e-01
   endloop
 endfacet
 facet normal -1.668930e-03  9.986295e-01  5.230934e-02
   outer loop
     vertex -6.901541e-02  9.874100e-01  6.090287e-01
     vertex  4.919494e-03  9.865770e-01  6.272899e-01
     vertex  5.148186e-03  9.867139e-01  6.246832e-01
   endloop
 endfacet
 facet normal -1.668930e-03  9.986295e-01  5.230934e-02
   outer loop
     vertex  2.608431e-01  1.014837e+00  9.594039e-02
     vertex  3.082426e-01  1.011798e+00  1.554767e-01
     vertex  2.627452e-01  1.014935e+00  9.414086e-02
   endloop
 endfacet
 facet normal -1.668930e-03  9.986295e-01  5.230934e-02
   outer loop
     vertex  2.608431e-01  1.014837e+00  9.594039e-02
     vertex  3.059645e-01  1.011727e+00  1.567693e-01
     vertex  3.082426e-01  1.011798e+00  1.554767e-01
   endloop
 endfacet
 facet normal -1.668930e-03  9.986295e-01  5.230934e-02
   outer loop
     vertex -1.372740e-01  9.890205e-01  5.761052e-01
     vertex -1.386895e-01  9.889028e-01  5.783071e-01
     vertex -6.986213e-02  9.872789e-01  6.115049e-01
   endloop
 endfacet
 facet normal -1.668930e-03  9.986295e-01  5.230934e-02
   outer loop
     vertex -1.372740e-01  9.890205e-01  5.761052e-01
     vertex -6.986213e-02  9.872789e-01  6.115049e-01
     vertex -6.901541e-02  9.874100e-01  6.090287e-01
   endloop
 endfacet
 facet normal -1.668930e-03  9.986295e-01  5.230934e-02
   outer loop
     vertex  2.038720e-01  1.017386e+00  4.545939e-02
     vertex  2.608431e-01  1.014837e+00  9.594039e-02
     vertex  2.627452e-01  1.014935e+00  9.414086e-02
   endloop
 endfacet
 facet normal -1.668930e-03  9.986295e-01  5.230934e-02
   outer loop
     vertex  2.038720e-01  1.017386e+00  4.545939e-02
     vertex  2.024564e-01  1.017269e+00  4.766124e-02
     vertex  2.608431e-01  1.014837e+00  9.594039e-02
   endloop
 endfacet
 facet normal -1.668930e-03  9.986295e-01  5.230934e-02
   outer loop
     vertex -1.975627e-01  9.913544e-01  5.296256e-01
     vertex -1.386895e-01  9.889028e-01  5.783071e-01
     vertex -1.372740e-01  9.890205e-01  5.761052e-01
   endloop
 endfacet
 facet normal -1.668930e-03  9.986295e-01  5.230934e-02
   outer loop
     vertex -1.975627e-01  9.913544e-01  5.296256e-01
     vertex -1.372740e-01  9.890205e-01  5.761052e-01
     vertex -1.956606e-01  9.914518e-01  5.278261e-01
   endloop
 endfacet
 facet normal -1.668930e-03  9.986295e-01  5.230934e-02
   outer loop
     vertex  1.341978e-01  1.018879e+00  1.473772e-02
     vertex  2.024564e-01  1.017269e+00  4.766124e-02
     vertex  2.038720e-01  1.017386e+00  4.545939e-02
   endloop
 endfacet
 facet normal -1.668930e-03  9.986295e-01  5.230934e-02
   outer loop
     vertex  1.350446e-01  1.019010e+00  1.226150e-02
     vertex  1.341978e-01  1.018879e+00  1.473772e-02
     vertex  2.038720e-01  1.017386e+00  4.545939e-02
   endloop
 endfacet
 facet normal -1.668930e-03  9.986295e-01  5.230934e-02
   outer loop
     vertex -2.430602e-01  9.944912e-01  4.682897e-01
     vertex -1.975627e-01  9.913544e-01  5.296256e-01
     vertex -1.956606e-01  9.914518e-01  5.278261e-01
   endloop
 endfacet
 facet normal -1.668930e-03  9.986295e-01  5.230934e-02
   outer loop
     vertex -2.430602e-01  9.944912e-01  4.682897e-01
     vertex -1.956606e-01  9.914518e-01  5.278261e-01
     vertex -2.407821e-01  9.945627e-01  4.669971e-01
   endloop
 endfacet
 facet normal -1.668930e-03  9.986295e-01  5.230934e-02
   outer loop
     vertex  6.026293e-02  1.019712e+00 -3.523458e-03
     vertex  1.341978e-01  1.018879e+00  1.473772e-02
     vertex  1.350446e-01  1.019010e+00  1.226150e-02
   endloop
 endfacet
 facet normal -1.668930e-03  9.986295e-01  5.230934e-02
   outer loop
     vertex  6.026293e-02  1.019712e+00 -3.523458e-03
     vertex  6.003424e-02  1.019575e+00 -9.167910e-04
     vertex  1.341978e-01  1.018879e+00  1.473772e-02
   endloop
 endfacet
 facet normal -1.668930e-03  9.986295e-01  5.230934e-02
   outer loop
     vertex -2.725378e-01  9.981309e-01  3.978641e-01
     vertex -2.430602e-01  9.944912e-01  4.682897e-01
     vertex -2.407821e-01  9.945627e-01  4.669971e-01
   endloop
 endfacet
 facet normal -1.668930e-03  9.986295e-01  5.230934e-02
   outer loop
     vertex -2.725378e-01  9.981309e-01  3.978641e-01
     vertex -2.407821e-01  9.945627e-01  4.669971e-01
     vertex -2.700161e-01  9.981723e-01  3.971535e-01
   endloop
 endfacet
 facet normal -1.668930e-03  9.986295e-01  5.230934e-02
   outer loop
     vertex -1.572425e-02  1.019316e+00  1.607501e-03
     vertex  6.003424e-02  1.019575e+00 -9.167910e-04
     vertex  6.026293e-02  1.019712e+00 -3.523458e-03
   endloop
 endfacet
 facet normal -1.668930e-03  9.986295e-01  5.230934e-02
   outer loop
     vertex -1.612688e-02  1.019451e+00 -9.781298e-04
     vertex -1.572425e-02  1.019316e+00  1.607501e-03
     vertex  6.026293e-02  1.019712e+00 -3.523458e-03
   endloop
 endfacet
 facet normal -1.668930e-03  9.986295e-01  5.230934e-02
   outer loop
     vertex -2.842825e-01  1.002062e+00  3.224415e-01
     vertex -2.725378e-01  9.981309e-01  3.978641e-01
     vertex -2.700161e-01  9.981723e-01  3.971535e-01
   endloop
 endfacet
 facet normal -1.668930e-03  9.986295e-01  5.230934e-02
   outer loop
     vertex -2.842825e-01  1.002062e+00  3.224415e-01
     vertex -2.700161e-01  9.981723e-01  3.971535e-01
     vertex -2.816637e-01  1.002071e+00  3.223543e-01
   endloop
 endfacet
 facet normal -1.668930e-03  9.986295e-01  5.230934e-02
   outer loop
     vertex -8.968536e-02  1.018243e+00  1.974956e-02
     vertex -1.572425e-02  1.019316e+00  1.607501e-03
     vertex -1.612688e-02  1.019451e+00 -9.781298e-04
   endloop
 endfacet
 facet normal -1.668930e-03  9.986295e-01  5.230934e-02
   outer loop
     vertex -8.968536e-02  1.018243e+00  1.974956e-02
     vertex -8.867481e-02  1.018118e+00  2.216389e-02
     vertex -1.572425e-02  1.019316e+00  1.607501e-03
   endloop
 endfacet
 facet normal -1.668930e-03  9.986295e-01  5.230934e-02
   outer loop
     vertex -2.776116e-01  1.006056e+00  2.464054e-01
     vertex -2.842825e-01  1.002062e+00  3.224415e-01
     vertex -2.816637e-01  1.002071e+00  3.223543e-01
   endloop
 endfacet
 facet normal -1.668930e-03  9.986295e-01  5.230934e-02
   outer loop
     vertex -2.776116e-01  1.006056e+00  2.464054e-01
     vertex -2.816637e-01  1.002071e+00  3.223543e-01
     vertex -2.750479e-01  1.006032e+00  2.469465e-01
   endloop
 endfacet
 facet normal -1.668930e-03  9.986295e-01  5.230934e-02
   outer loop
     vertex -1.561376e-01  1.016156e+00  5.745500e-02
     vertex -1.545778e-01  1.016049e+00  5.955771e-02
     vertex -8.867481e-02  1.018118e+00  2.216389e-02
   endloop
 endfacet
 facet normal -1.668930e-03  9.986295e-01  5.230934e-02
   outer loop
     vertex -1.561376e-01  1.016156e+00  5.745500e-02
     vertex -8.867481e-02  1.018118e+00  2.216389e-02
     vertex -8.968536e-02  1.018243e+00  1.974956e-02
   endloop
 endfacet
 facet normal -1.668930e-03  9.986295e-01  5.230934e-02
   outer loop
     vertex -2.529128e-01  1.009881e+00  1.741746e-01
     vertex -2.750479e-01  1.006032e+00  2.469465e-01
     vertex -2.505533e-01  1.009825e+00  1.753127e-01
   endloop
 endfacet
 facet normal -1.668930e-03  9.986295e-01  5.230934e-02
   outer loop
     vertex -2.529128e-01  1.009881e+00  1.741746e-01
     vertex -2.776116e-01  1.006056e+00  2.464054e-01
     vertex -2.750479e-01  1.006032e+00  2.469465e-01
   endloop
 endfacet
 facet normal -1.668930e-03  9.986295e-01  5.230934e-02
   outer loop
     vertex -2.116216e-01  1.013314e+00  1.099469e-01
     vertex -2.096033e-01  1.013230e+00  1.116158e-01
     vertex -1.545778e-01  1.016049e+00  5.955771e-02
   endloop
 endfacet
 facet normal -1.668930e-03  9.986295e-01  5.230934e-02
   outer loop
     vertex -2.116216e-01  1.013314e+00  1.099469e-01
     vertex -2.505533e-01  1.009825e+00  1.753127e-01
     vertex -2.096033e-01  1.013230e+00  1.116158e-01
   endloop
 endfacet
 facet normal -1.668930e-03  9.986295e-01  5.230934e-02
   outer loop
     vertex -2.116216e-01  1.013314e+00  1.099469e-01
     vertex -1.545778e-01  1.016049e+00  5.955771e-02
     vertex -1.561376e-01  1.016156e+00  5.745500e-02
   endloop
 endfacet
 facet normal -1.668930e-03  9.986295e-01  5.230934e-02
   outer loop
     vertex -2.116216e-01  1.013314e+00  1.099469e-01
     vertex -2.529128e-01  1.009881e+00  1.741746e-01
     vertex -2.505533e-01  1.009825e+00  1.753127e-01
   endloop
 endfacet
 facet normal  1.668930e-03 -9.986295e-01 -5.230934e-02
   outer loop
     vertex  2.633399e-01  6.590679e-01  7.550015e-02
     vertex  2.030512e-01  6.614018e-01  2.902053e-02
     vertex  2.044667e-01  6.615195e-01  2.681868e-02
   endloop
 endfacet
 facet normal  1.668930e-03 -9.986295e-01 -5.230934e-02
   outer loop
     vertex  2.614378e-01  6.589705e-01  7.729968e-02
     vertex  2.030512e-01  6.614018e-01  2.902053e-02
     vertex  2.633399e-01  6.590679e-01  7.550015e-02
   endloop
 endfacet
 facet normal  1.668930e-03 -9.986295e-01 -5.230934e-02
   outer loop
     vertex  1.347926e-01  6.630123e-01 -3.902993e-03
     vertex  1.356393e-01  6.631434e-01 -6.379205e-03
     vertex  2.044667e-01  6.615195e-01  2.681868e-02
   endloop
 endfacet
 facet normal  1.668930e-03 -9.986295e-01 -5.230934e-02
   outer loop
     vertex  1.347926e-01  6.630123e-01 -3.902993e-03
     vertex  2.044667e-01  6.615195e-01  2.681868e-02
     vertex  2.030512e-01  6.614018e-01  2.902053e-02
   endloop
 endfacet
 facet normal  1.668930e-03 -9.986295e-01 -5.230934e-02
   outer loop
     vertex  3.088374e-01  6.559311e-01  1.368360e-01
     vertex  2.614378e-01  6.589705e-01  7.729968e-02
     vertex  2.633399e-01  6.590679e-01  7.550015e-02
   endloop
 endfacet
 facet normal  1.668930e-03 -9.986295e-01 -5.230934e-02
   outer loop
     vertex  3.065593e-01  6.558596e-01  1.381286e-01
     vertex  2.614378e-01  6.589705e-01  7.729968e-02
     vertex  3.088374e-01  6.559311e-01  1.368360e-01
   endloop
 endfacet
 facet normal  1.668930e-03 -9.986295e-01 -5.230934e-02
   outer loop
     vertex  6.062897e-02  6.637084e-01 -1.955750e-02
     vertex  6.085766e-02  6.638453e-01 -2.216417e-02
     vertex  1.356393e-01  6.631434e-01 -6.379205e-03
   endloop
 endfacet
 facet normal  1.668930e-03 -9.986295e-01 -5.230934e-02
   outer loop
     vertex  6.062897e-02  6.637084e-01 -1.955750e-02
     vertex  1.356393e-01  6.631434e-01 -6.379205e-03
     vertex  1.347926e-01  6.630123e-01 -3.902993e-03
   endloop
 endfacet
 facet normal  1.668930e-03 -9.986295e-01 -5.230934e-02
   outer loop
     vertex  3.383150e-01  6.522914e-01  2.072617e-01
     vertex  3.065593e-01  6.558596e-01  1.381286e-01
     vertex  3.088374e-01  6.559311e-01  1.368360e-01
   endloop
 endfacet
 facet normal  1.668930e-03 -9.986295e-01 -5.230934e-02
   outer loop
     vertex  3.357933e-01  6.522500e-01  2.079722e-01
     vertex  3.065593e-01  6.558596e-01  1.381286e-01
     vertex  3.383150e-01  6.522914e-01  2.072617e-01
   endloop
 endfacet
 facet normal  1.668930e-03 -9.986295e-01 -5.230934e-02
   outer loop
     vertex -1.512952e-02  6.634495e-01 -1.703321e-02
     vertex -1.553214e-02  6.635843e-01 -1.961884e-02
     vertex  6.085766e-02  6.638453e-01 -2.216417e-02
   endloop
 endfacet
 facet normal  1.668930e-03 -9.986295e-01 -5.230934e-02
   outer loop
     vertex -1.512952e-02  6.634495e-01 -1.703321e-02
     vertex  6.085766e-02  6.638453e-01 -2.216417e-02
     vertex  6.062897e-02  6.637084e-01 -1.955750e-02
   endloop
 endfacet
 facet normal  1.668930e-03 -9.986295e-01 -5.230934e-02
   outer loop
     vertex  3.474408e-01  6.483514e-01  2.827715e-01
     vertex  3.383150e-01  6.522914e-01  2.072617e-01
     vertex  3.500596e-01  6.483603e-01  2.826842e-01
   endloop
 endfacet
 facet normal  1.668930e-03 -9.986295e-01 -5.230934e-02
   outer loop
     vertex  3.474408e-01  6.483514e-01  2.827715e-01
     vertex  3.357933e-01  6.522500e-01  2.079722e-01
     vertex  3.383150e-01  6.522914e-01  2.072617e-01
   endloop
 endfacet
 facet normal  1.668930e-03 -9.986295e-01 -5.230934e-02
   outer loop
     vertex -8.808008e-02  6.622509e-01  3.523181e-03
     vertex -8.909063e-02  6.623756e-01  1.108854e-03
     vertex -1.553214e-02  6.635843e-01 -1.961884e-02
   endloop
 endfacet
 facet normal  1.668930e-03 -9.986295e-01 -5.230934e-02
   outer loop
     vertex -8.808008e-02  6.622509e-01  3.523181e-03
     vertex -1.553214e-02  6.635843e-01 -1.961884e-02
     vertex -1.512952e-02  6.634495e-01 -1.703321e-02
   endloop
 endfacet
 facet normal  1.668930e-03 -9.986295e-01 -5.230934e-02
   outer loop
     vertex  3.408251e-01  6.443904e-01  3.581792e-01
     vertex  3.500596e-01  6.483603e-01  2.826842e-01
     vertex  3.433887e-01  6.443663e-01  3.587203e-01
   endloop
 endfacet
 facet normal  1.668930e-03 -9.986295e-01 -5.230934e-02
   outer loop
     vertex  3.408251e-01  6.443904e-01  3.581792e-01
     vertex  3.474408e-01  6.483514e-01  2.827715e-01
     vertex  3.500596e-01  6.483603e-01  2.826842e-01
   endloop
 endfacet
 facet normal  1.668930e-03 -9.986295e-01 -5.230934e-02
   outer loop
     vertex -1.555428e-01  6.602895e-01  3.881429e-02
     vertex -8.909063e-02  6.623756e-01  1.108854e-03
     vertex -8.808008e-02  6.622509e-01  3.523181e-03
   endloop
 endfacet
 facet normal  1.668930e-03 -9.986295e-01 -5.230934e-02
   outer loop
     vertex -1.539831e-01  6.601820e-01  4.091701e-02
     vertex -1.555428e-01  6.602895e-01  3.881429e-02
     vertex -8.808008e-02  6.622509e-01  3.523181e-03
   endloop
 endfacet
 facet normal  1.668930e-03 -9.986295e-01 -5.230934e-02
   outer loop
     vertex  3.163304e-01  6.405972e-01  4.298131e-01
     vertex  3.433887e-01  6.443663e-01  3.587203e-01
     vertex  3.186899e-01  6.405415e-01  4.309512e-01
   endloop
 endfacet
 facet normal  1.668930e-03 -9.986295e-01 -5.230934e-02
   outer loop
     vertex  3.163304e-01  6.405972e-01  4.298131e-01
     vertex  3.408251e-01  6.443904e-01  3.581792e-01
     vertex  3.433887e-01  6.443663e-01  3.587203e-01
   endloop
 endfacet
 facet normal  1.668930e-03 -9.986295e-01 -5.230934e-02
   outer loop
     vertex -2.090085e-01  6.573632e-01  9.297507e-02
     vertex -1.555428e-01  6.602895e-01  3.881429e-02
     vertex -1.539831e-01  6.601820e-01  4.091701e-02
   endloop
 endfacet
 facet normal  1.668930e-03 -9.986295e-01 -5.230934e-02
   outer loop
     vertex -2.090085e-01  6.573632e-01  9.297507e-02
     vertex -2.110268e-01  6.574472e-01  9.130618e-02
     vertex -1.555428e-01  6.602895e-01  3.881429e-02
   endloop
 endfacet
 facet normal  1.668930e-03 -9.986295e-01 -5.230934e-02
   outer loop
     vertex  2.753804e-01  6.371922e-01  4.935100e-01
     vertex  3.163304e-01  6.405972e-01  4.298131e-01
     vertex  3.186899e-01  6.405415e-01  4.309512e-01
   endloop
 endfacet
 facet normal  1.668930e-03 -9.986295e-01 -5.230934e-02
   outer loop
     vertex  2.773987e-01  6.371082e-01  4.951789e-01
     vertex  2.753804e-01  6.371922e-01  4.935100e-01
     vertex  3.186899e-01  6.405415e-01  4.309512e-01
   endloop
 endfacet
 facet normal  1.668930e-03 -9.986295e-01 -5.230934e-02
   outer loop
     vertex -2.523181e-01  6.540139e-01  1.555339e-01
     vertex -2.090085e-01  6.573632e-01  9.297507e-02
     vertex -2.499585e-01  6.539582e-01  1.566720e-01
   endloop
 endfacet
 facet normal  1.668930e-03 -9.986295e-01 -5.230934e-02
   outer loop
     vertex -2.523181e-01  6.540139e-01  1.555339e-01
     vertex -2.110268e-01  6.574472e-01  9.130618e-02
     vertex -2.090085e-01  6.573632e-01  9.297507e-02
   endloop
 endfacet
 facet normal  1.668930e-03 -9.986295e-01 -5.230934e-02
   outer loop
     vertex  2.203550e-01  6.343734e-01  5.455680e-01
     vertex  2.753804e-01  6.371922e-01  4.935100e-01
     vertex  2.773987e-01  6.371082e-01  4.951789e-01
   endloop
 endfacet
 facet normal  1.668930e-03 -9.986295e-01 -5.230934e-02
   outer loop
     vertex  2.219147e-01  6.342659e-01  5.476707e-01
     vertex  2.203550e-01  6.343734e-01  5.455680e-01
     vertex  2.773987e-01  6.371082e-01  4.951789e-01
   endloop
 endfacet
 facet normal  1.668930e-03 -9.986295e-01 -5.230934e-02
   outer loop
     vertex -2.770168e-01  6.501891e-01  2.277647e-01
     vertex -2.523181e-01  6.540139e-01  1.555339e-01
     vertex -2.499585e-01  6.539582e-01  1.566720e-01
   endloop
 endfacet
 facet normal  1.668930e-03 -9.986295e-01 -5.230934e-02
   outer loop
     vertex -2.770168e-01  6.501891e-01  2.277647e-01
     vertex -2.499585e-01  6.539582e-01  1.566720e-01
     vertex -2.744532e-01  6.501650e-01  2.283058e-01
   endloop
 endfacet
 facet normal  1.668930e-03 -9.986295e-01 -5.230934e-02
   outer loop
     vertex  1.544520e-01  6.323045e-01  5.829618e-01
     vertex  2.203550e-01  6.343734e-01  5.455680e-01
     vertex  2.219147e-01  6.342659e-01  5.476707e-01
   endloop
 endfacet
 facet normal  1.668930e-03 -9.986295e-01 -5.230934e-02
   outer loop
     vertex  1.554625e-01  6.321798e-01  5.853762e-01
     vertex  1.544520e-01  6.323045e-01  5.829618e-01
     vertex  2.219147e-01  6.342659e-01  5.476707e-01
   endloop
 endfacet
 facet normal  1.668930e-03 -9.986295e-01 -5.230934e-02
   outer loop
     vertex -2.836877e-01  6.461951e-01  3.038008e-01
     vertex -2.770168e-01  6.501891e-01  2.277647e-01
     vertex -2.744532e-01  6.501650e-01  2.283058e-01
   endloop
 endfacet
 facet normal  1.668930e-03 -9.986295e-01 -5.230934e-02
   outer loop
     vertex -2.836877e-01  6.461951e-01  3.038008e-01
     vertex -2.744532e-01  6.501650e-01  2.283058e-01
     vertex -2.810690e-01  6.462040e-01  3.037136e-01
   endloop
 endfacet
 facet normal  1.668930e-03 -9.986295e-01 -5.230934e-02
   outer loop
     vertex  8.150140e-02  6.311058e-01  6.035182e-01
     vertex  1.544520e-01  6.323045e-01  5.829618e-01
     vertex  1.554625e-01  6.321798e-01  5.853762e-01
   endloop
 endfacet
 facet normal  1.668930e-03 -9.986295e-01 -5.230934e-02
   outer loop
     vertex  8.190403e-02  6.309711e-01  6.061039e-01
     vertex  8.150140e-02  6.311058e-01  6.035182e-01
     vertex  1.554625e-01  6.321798e-01  5.853762e-01
   endloop
 endfacet
 facet normal  1.668930e-03 -9.986295e-01 -5.230934e-02
   outer loop
     vertex -2.719431e-01  6.422640e-01  3.792234e-01
     vertex -2.836877e-01  6.461951e-01  3.038008e-01
     vertex -2.810690e-01  6.462040e-01  3.037136e-01
   endloop
 endfacet
 facet normal  1.668930e-03 -9.986295e-01 -5.230934e-02
   outer loop
     vertex -2.719431e-01  6.422640e-01  3.792234e-01
     vertex -2.810690e-01  6.462040e-01  3.037136e-01
     vertex -2.694214e-01  6.423054e-01  3.785128e-01
   endloop
 endfacet
 facet normal  1.668930e-03 -9.986295e-01 -5.230934e-02
   outer loop
     vertex  5.514226e-03  6.307101e-01  6.086492e-01
     vertex  5.742918e-03  6.308470e-01  6.060425e-01
     vertex  8.150140e-02  6.311058e-01  6.035182e-01
   endloop
 endfacet
 facet normal  1.668930e-03 -9.986295e-01 -5.230934e-02
   outer loop
     vertex  5.514226e-03  6.307101e-01  6.086492e-01
     vertex  8.150140e-02  6.311058e-01  6.035182e-01
     vertex  8.190403e-02  6.309711e-01  6.061039e-01
   endloop
 endfacet
 facet normal  1.668930e-03 -9.986295e-01 -5.230934e-02
   outer loop
     vertex -2.401874e-01  6.386958e-01  4.483564e-01
     vertex -2.719431e-01  6.422640e-01  3.792234e-01
     vertex -2.694214e-01  6.423054e-01  3.785128e-01
   endloop
 endfacet
 facet normal  1.668930e-03 -9.986295e-01 -5.230934e-02
   outer loop
     vertex -2.424655e-01  6.386243e-01  4.496490e-01
     vertex -2.719431e-01  6.422640e-01  3.792234e-01
     vertex -2.401874e-01  6.386958e-01  4.483564e-01
   endloop
 endfacet
 facet normal  1.668930e-03 -9.986295e-01 -5.230934e-02
   outer loop
     vertex -6.926740e-02  6.314119e-01  5.928642e-01
     vertex  5.742918e-03  6.308470e-01  6.060425e-01
     vertex  5.514226e-03  6.307101e-01  6.086492e-01
   endloop
 endfacet
 facet normal  1.668930e-03 -9.986295e-01 -5.230934e-02
   outer loop
     vertex -6.926740e-02  6.314119e-01  5.928642e-01
     vertex -6.842068e-02  6.315431e-01  5.903880e-01
     vertex  5.742918e-03  6.308470e-01  6.060425e-01
   endloop
 endfacet
 facet normal  1.668930e-03 -9.986295e-01 -5.230934e-02
   outer loop
     vertex -1.950659e-01  6.355849e-01  5.091854e-01
     vertex -2.424655e-01  6.386243e-01  4.496490e-01
     vertex -2.401874e-01  6.386958e-01  4.483564e-01
   endloop
 endfacet
 facet normal  1.668930e-03 -9.986295e-01 -5.230934e-02
   outer loop
     vertex -1.969680e-01  6.354875e-01  5.109849e-01
     vertex -2.424655e-01  6.386243e-01  4.496490e-01
     vertex -1.950659e-01  6.355849e-01  5.091854e-01
   endloop
 endfacet
 facet normal  1.668930e-03 -9.986295e-01 -5.230934e-02
   outer loop
     vertex -1.380948e-01  6.330359e-01  5.596663e-01
     vertex -1.969680e-01  6.354875e-01  5.109849e-01
     vertex -1.950659e-01  6.355849e-01  5.091854e-01
   endloop
 endfacet
 facet normal  1.668930e-03 -9.986295e-01 -5.230934e-02
   outer loop
     vertex -1.380948e-01  6.330359e-01  5.596663e-01
     vertex -1.950659e-01  6.355849e-01  5.091854e-01
     vertex -1.366793e-01  6.331536e-01  5.574645e-01
   endloop
 endfacet
 facet normal  1.668930e-03 -9.986295e-01 -5.230934e-02
   outer loop
     vertex -1.380948e-01  6.330359e-01  5.596663e-01
     vertex -1.366793e-01  6.331536e-01  5.574645e-01
     vertex -6.842068e-02  6.315431e-01  5.903880e-01
   endloop
 endfacet
 facet normal  1.668930e-03 -9.986295e-01 -5.230934e-02
   outer loop
     vertex -1.380948e-01  6.330359e-01  5.596663e-01
     vertex -6.842068e-02  6.315431e-01  5.903880e-01
     vertex -6.926740e-02  6.314119e-01  5.928642e-01
   endloop
 endfacet
 facet normal -3.264505e-02 -1.208786e-01 -9.921304e-01
   outer loop
     vertex  6.330460e-02  8.434218e-01 -4.412381e-02
     vertex  6.085766e-02  6.638453e-01 -2.216417e-02
     vertex -1.553214e-02  6.635843e-01 -1.961884e-02
   endloop
 endfacet
 facet normal -3.264505e-02 -1.208786e-01 -9.921304e-01
   outer loop
     vertex  6.330460e-02  8.434218e-01 -4.412381e-02
     vertex -1.553214e-02  6.635843e-01 -1.961884e-02
     vertex -2.066106e-02  8.431349e-01 -4.132606e-02
   endloop
 endfacet
 facet normal  2.039057e-01 -1.215684e-01 -9.714132e-01
   outer loop
     vertex  1.455026e-01  8.426504e-01 -2.677340e-02
     vertex  1.356393e-01  6.631434e-01 -6.379205e-03
     vertex  6.085766e-02  6.638453e-01 -2.216417e-02
   endloop
 endfacet
 facet normal  2.039057e-01 -1.215684e-01 -9.714132e-01
   outer loop
     vertex  1.455026e-01  8.426504e-01 -2.677340e-02
     vertex  6.085766e-02  6.638453e-01 -2.216417e-02
     vertex  6.330460e-02  8.434218e-01 -4.412381e-02
   endloop
 endfacet
 facet normal  4.286228e-01 -1.252078e-01 -8.947656e-01
   outer loop
     vertex  2.211558e-01  8.408654e-01  9.716838e-03
     vertex  2.044667e-01  6.615195e-01  2.681868e-02
     vertex  1.356393e-01  6.631434e-01 -6.379205e-03
   endloop
 endfacet
 facet normal  4.286228e-01 -1.252078e-01 -8.947656e-01
   outer loop
     vertex  2.211558e-01  8.408654e-01  9.716838e-03
     vertex  1.356393e-01  6.631434e-01 -6.379205e-03
     vertex  1.455026e-01  8.426504e-01 -2.677340e-02
   endloop
 endfacet
 facet normal  9.090843e-01 -1.509335e-01 -3.883103e-01
   outer loop
     vertex  3.682784e-01  8.307221e-01  2.080550e-01
     vertex  3.383150e-01  6.522914e-01  2.072617e-01
     vertex  3.088374e-01  6.559311e-01  1.368360e-01
   endloop
 endfacet
 facet normal  9.090843e-01 -1.509335e-01 -3.883103e-01
   outer loop
     vertex  3.682784e-01  8.307221e-01  2.080550e-01
     vertex  3.088374e-01  6.559311e-01  1.368360e-01
     vertex  3.358773e-01  8.347228e-01  1.306450e-01
   endloop
 endfacet
 facet normal  9.735882e-01 -1.627802e-01 -1.600893e-01
   outer loop
     vertex  3.811878e-01  8.264011e-01  2.909574e-01
     vertex  3.500596e-01  6.483603e-01  2.826842e-01
     vertex  3.383150e-01  6.522914e-01  2.072617e-01
   endloop
 endfacet
 facet normal  9.735882e-01 -1.627802e-01 -1.600893e-01
   outer loop
     vertex  3.811878e-01  8.264011e-01  2.909574e-01
     vertex  3.383150e-01  6.522914e-01  2.072617e-01
     vertex  3.682784e-01  8.307221e-01  2.080550e-01
   endloop
 endfacet
 facet normal  9.815275e-01 -1.751812e-01  7.691092e-02
   outer loop
     vertex  3.738553e-01  8.220110e-01  3.745344e-01
     vertex  3.433887e-01  6.443663e-01  3.587203e-01
     vertex  3.500596e-01  6.483603e-01  2.826842e-01
   endloop
 endfacet
 facet normal  9.815275e-01 -1.751812e-01  7.691092e-02
   outer loop
     vertex  3.738553e-01  8.220110e-01  3.745344e-01
     vertex  3.500596e-01  6.483603e-01  2.826842e-01
     vertex  3.811878e-01  8.264011e-01  2.909574e-01
   endloop
 endfacet
 facet normal  6.777482e-01 -2.085934e-01  7.050859e-01
   outer loop
     vertex  2.403343e-01  8.109089e-01  5.822236e-01
     vertex  2.219147e-01  6.342659e-01  5.476707e-01
     vertex  2.773987e-01  6.371082e-01  4.951789e-01
   endloop
 endfacet
 facet normal  6.777482e-01 -2.085934e-01  7.050859e-01
   outer loop
     vertex  2.403343e-01  8.109089e-01  5.822236e-01
     vertex  2.773987e-01  6.371082e-01  4.951789e-01
     vertex  3.013208e-01  8.140331e-01  5.245260e-01
   endloop
 endfacet
 facet normal  4.869444e-01 -2.163054e-01  8.462253e-01
   outer loop
     vertex  1.672918e-01  8.086159e-01  6.236685e-01
     vertex  1.554625e-01  6.321798e-01  5.853762e-01
     vertex  2.219147e-01  6.342659e-01  5.476707e-01
   endloop
 endfacet
 facet normal  4.869444e-01 -2.163054e-01  8.462253e-01
   outer loop
     vertex  1.672918e-01  8.086159e-01  6.236685e-01
     vertex  2.219147e-01  6.342659e-01  5.476707e-01
     vertex  2.403343e-01  8.109089e-01  5.822236e-01
   endloop
 endfacet
 facet normal  2.678578e-01 -2.214610e-01  9.376605e-01
   outer loop
     vertex  8.643821e-02  8.072873e-01  6.464518e-01
     vertex  8.190403e-02  6.309711e-01  6.061039e-01
     vertex  1.554625e-01  6.321798e-01  5.853762e-01
   endloop
 endfacet
 facet normal  2.678578e-01 -2.214610e-01  9.376605e-01
   outer loop
     vertex  8.643821e-02  8.072873e-01  6.464518e-01
     vertex  1.554625e-01  6.321798e-01  5.853762e-01
     vertex  1.672918e-01  8.086159e-01  6.236685e-01
   endloop
 endfacet
 facet normal  6.829265e-01 -5.004063e-01 -5.321701e-01
   outer loop
     vertex  2.654760e-01  6.820932e-01  5.659047e-02
     vertex  3.088374e-01  6.559311e-01  1.368360e-01
     vertex  2.633399e-01  6.590679e-01  7.550015e-02
   endloop
 endfacet
 facet normal  5.072122e-01 -5.745788e-01 -6.423355e-01
   outer loop
     vertex  2.654760e-01  6.820932e-01  5.659047e-02
     vertex  2.633399e-01  6.590679e-01  7.550015e-02
     vertex  2.044667e-01  6.615195e-01  2.681868e-02
   endloop
 endfacet
 facet normal  6.374745e-01  1.062153e-02 -7.703982e-01
   outer loop
     vertex  2.733317e-01  7.410346e-01  5.151395e-02
     vertex  2.211558e-01  8.408654e-01  9.716838e-03
     vertex  2.858677e-01  8.381707e-01  6.322622e-02
   endloop
 endfacet
 facet normal  8.019854e-01 -3.157654e-02 -5.965085e-01
   outer loop
     vertex  2.733317e-01  7.410346e-01  5.151395e-02
     vertex  2.858677e-01  8.381707e-01  6.322622e-02
     vertex  3.358773e-01  8.347228e-01  1.306450e-01
   endloop
 endfacet
 facet normal  4.611808e-01 -1.266597e-01 -8.782196e-01
   outer loop
     vertex  2.733317e-01  7.410346e-01  5.151395e-02
     vertex  2.044667e-01  6.615195e-01  2.681868e-02
     vertex  2.211558e-01  8.408654e-01  9.716838e-03
   endloop
 endfacet
 facet normal  8.530127e-01 -1.463537e-01 -5.009489e-01
   outer loop
     vertex  2.733317e-01  7.410346e-01  5.151395e-02
     vertex  3.358773e-01  8.347228e-01  1.306450e-01
     vertex  3.088374e-01  6.559311e-01  1.368360e-01
   endloop
 endfacet
 facet normal  4.715308e-01 -1.378637e-01 -8.710065e-01
   outer loop
     vertex  2.733317e-01  7.410346e-01  5.151395e-02
     vertex  2.654760e-01  6.820932e-01  5.659047e-02
     vertex  2.044667e-01  6.615195e-01  2.681868e-02
   endloop
 endfacet
 facet normal  8.466541e-01 -1.566435e-01 -5.085662e-01
   outer loop
     vertex  2.733317e-01  7.410346e-01  5.151395e-02
     vertex  3.088374e-01  6.559311e-01  1.368360e-01
     vertex  2.654760e-01  6.820932e-01  5.659047e-02
   endloop
 endfacet
 facet normal  6.689720e-01 -6.287221e-01  3.964656e-01
   outer loop
     vertex  3.268237e-01  6.615593e-01  4.505572e-01
     vertex  2.773987e-01  6.371082e-01  4.951789e-01
     vertex  3.186899e-01  6.405415e-01  4.309512e-01
   endloop
 endfacet
 facet normal  8.041524e-01 -5.409823e-01  2.463273e-01
   outer loop
     vertex  3.268237e-01  6.615593e-01  4.505572e-01
     vertex  3.186899e-01  6.405415e-01  4.309512e-01
     vertex  3.433887e-01  6.443663e-01  3.587203e-01
   endloop
 endfacet
 facet normal  9.445105e-01 -7.928166e-02  3.187699e-01
   outer loop
     vertex  3.367795e-01  7.197977e-01  4.589677e-01
     vertex  3.738553e-01  8.220110e-01  3.745344e-01
     vertex  3.467070e-01  8.178069e-01  4.539286e-01
   endloop
 endfacet
 facet normal  8.411688e-01 -5.755775e-02  5.377008e-01
   outer loop
     vertex  3.367795e-01  7.197977e-01  4.589677e-01
     vertex  3.467070e-01  8.178069e-01  4.539286e-01
     vertex  3.013208e-01  8.140331e-01  5.245260e-01
   endloop
 endfacet
 facet normal  7.112248e-01 -2.180925e-01  6.682776e-01
   outer loop
     vertex  3.367795e-01  7.197977e-01  4.589677e-01
     vertex  2.773987e-01  6.371082e-01  4.951789e-01
     vertex  3.268237e-01  6.615593e-01  4.505572e-01
   endloop
 endfacet
 facet normal  9.584239e-01 -1.940543e-01  2.092048e-01
   outer loop
     vertex  3.367795e-01  7.197977e-01  4.589677e-01
     vertex  3.268237e-01  6.615593e-01  4.505572e-01
     vertex  3.433887e-01  6.443663e-01  3.587203e-01
   endloop
 endfacet
 facet normal  9.623348e-01 -1.829453e-01  2.011036e-01
   outer loop
     vertex  3.367795e-01  7.197977e-01  4.589677e-01
     vertex  3.433887e-01  6.443663e-01  3.587203e-01
     vertex  3.738553e-01  8.220110e-01  3.745344e-01
   endloop
 endfacet
 facet normal  7.037280e-01 -2.078436e-01  6.793879e-01
   outer loop
     vertex  3.367795e-01  7.197977e-01  4.589677e-01
     vertex  3.013208e-01  8.140331e-01  5.245260e-01
     vertex  2.773987e-01  6.371082e-01  4.951789e-01
   endloop
 endfacet
 facet normal -3.322102e-02  2.237607e-01 -9.740778e-01
   outer loop
     vertex  6.026293e-02  1.019712e+00 -3.523458e-03
     vertex  6.330460e-02  8.434218e-01 -4.412381e-02
     vertex -2.066106e-02  8.431349e-01 -4.132606e-02
   endloop
 endfacet
 facet normal  2.033297e-01  2.230708e-01 -9.533606e-01
   outer loop
     vertex  6.026293e-02  1.019712e+00 -3.523458e-03
     vertex  1.455026e-01  8.426504e-01 -2.677340e-02
     vertex  6.330460e-02  8.434218e-01 -4.412381e-02
   endloop
 endfacet
 facet normal -3.322102e-02  2.237607e-01 -9.740778e-01
   outer loop
     vertex  6.026293e-02  1.019712e+00 -3.523458e-03
     vertex -2.066106e-02  8.431349e-01 -4.132606e-02
     vertex -1.612688e-02  1.019451e+00 -9.781298e-04
   endloop
 endfacet
 facet normal  4.280469e-01  2.194315e-01 -8.767130e-01
   outer loop
     vertex  1.350446e-01  1.019010e+00  1.226150e-02
     vertex  2.211558e-01  8.408654e-01  9.716838e-03
     vertex  1.455026e-01  8.426504e-01 -2.677340e-02
   endloop
 endfacet
 facet normal  2.033297e-01  2.230708e-01 -9.533606e-01
   outer loop
     vertex  1.350446e-01  1.019010e+00  1.226150e-02
     vertex  1.455026e-01  8.426504e-01 -2.677340e-02
     vertex  6.026293e-02  1.019712e+00 -3.523458e-03
   endloop
 endfacet
 facet normal  4.280469e-01  2.194315e-01 -8.767130e-01
   outer loop
     vertex  2.038720e-01  1.017386e+00  4.545939e-02
     vertex  2.211558e-01  8.408654e-01  9.716838e-03
     vertex  1.350446e-01  1.019010e+00  1.226150e-02
   endloop
 endfacet
 facet normal  9.085083e-01  1.937057e-01 -3.702577e-01
   outer loop
     vertex  3.377203e-01  1.008158e+00  2.259024e-01
     vertex  3.682784e-01  8.307221e-01  2.080550e-01
     vertex  3.358773e-01  8.347228e-01  1.306450e-01
   endloop
 endfacet
 facet normal  9.085083e-01  1.937057e-01 -3.702577e-01
   outer loop
     vertex  3.377203e-01  1.008158e+00  2.259024e-01
     vertex  3.358773e-01  8.347228e-01  1.306450e-01
     vertex  3.082426e-01  1.011798e+00  1.554767e-01
   endloop
 endfacet
 facet normal  9.730123e-01  1.818591e-01 -1.420367e-01
   outer loop
     vertex  3.494649e-01  1.004227e+00  3.013249e-01
     vertex  3.811878e-01  8.264011e-01  2.909574e-01
     vertex  3.682784e-01  8.307221e-01  2.080550e-01
   endloop
 endfacet
 facet normal  9.730123e-01  1.818591e-01 -1.420367e-01
   outer loop
     vertex  3.494649e-01  1.004227e+00  3.013249e-01
     vertex  3.682784e-01  8.307221e-01  2.080550e-01
     vertex  3.377203e-01  1.008158e+00  2.259024e-01
   endloop
 endfacet
 facet normal  9.809515e-01  1.694580e-01  9.496351e-02
   outer loop
     vertex  3.427940e-01  1.000233e+00  3.773611e-01
     vertex  3.738553e-01  8.220110e-01  3.745344e-01
     vertex  3.811878e-01  8.264011e-01  2.909574e-01
   endloop
 endfacet
 facet normal  9.809515e-01  1.694580e-01  9.496351e-02
   outer loop
     vertex  3.427940e-01  1.000233e+00  3.773611e-01
     vertex  3.811878e-01  8.264011e-01  2.909574e-01
     vertex  3.494649e-01  1.004227e+00  3.013249e-01
   endloop
 endfacet
 facet normal  6.771723e-01  1.360458e-01  7.231385e-01
   outer loop
     vertex  2.768040e-01  9.929751e-01  5.138196e-01
     vertex  2.403343e-01  8.109089e-01  5.822236e-01
     vertex  3.013208e-01  8.140331e-01  5.245260e-01
   endloop
 endfacet
 facet normal  4.863684e-01  1.283339e-01  8.642779e-01
   outer loop
     vertex  2.213200e-01  9.901328e-01  5.663114e-01
     vertex  1.672918e-01  8.086159e-01  6.236685e-01
     vertex  2.403343e-01  8.109089e-01  5.822236e-01
   endloop
 endfacet
 facet normal  6.771723e-01  1.360458e-01  7.231385e-01
   outer loop
     vertex  2.213200e-01  9.901328e-01  5.663114e-01
     vertex  2.403343e-01  8.109089e-01  5.822236e-01
     vertex  2.768040e-01  9.929751e-01  5.138196e-01
   endloop
 endfacet
 facet normal  4.863684e-01  1.283339e-01  8.642779e-01
   outer loop
     vertex  1.548678e-01  9.880467e-01  6.040169e-01
     vertex  1.672918e-01  8.086159e-01  6.236685e-01
     vertex  2.213200e-01  9.901328e-01  5.663114e-01
   endloop
 endfacet
 facet normal  2.672818e-01  1.231783e-01  9.557131e-01
   outer loop
     vertex  8.130930e-02  9.868380e-01  6.247446e-01
     vertex  8.643821e-02  8.072873e-01  6.464518e-01
     vertex  1.672918e-01  8.086159e-01  6.236685e-01
   endloop
 endfacet
 facet normal  2.672818e-01  1.231783e-01  9.557131e-01
   outer loop
     vertex  8.130930e-02  9.868380e-01  6.247446e-01
     vertex  1.672918e-01  8.086159e-01  6.236685e-01
     vertex  1.548678e-01  9.880467e-01  6.040169e-01
   endloop
 endfacet
 facet normal  6.373718e-01  7.204913e-02 -7.671806e-01
   outer loop
     vertex  2.730059e-01  9.359565e-01  6.172417e-02
     vertex  2.858677e-01  8.381707e-01  6.322622e-02
     vertex  2.211558e-01  8.408654e-01  9.716838e-03
   endloop
 endfacet
 facet normal  8.017715e-01  9.639721e-02 -5.898051e-01
   outer loop
     vertex  2.730059e-01  9.359565e-01  6.172417e-02
     vertex  3.358773e-01  8.347228e-01  1.306450e-01
     vertex  2.858677e-01  8.381707e-01  6.322622e-02
   endloop
 endfacet
 facet normal  6.811617e-01  5.555400e-01 -4.768584e-01
   outer loop
     vertex  2.649547e-01  9.940184e-01  7.292946e-02
     vertex  2.627452e-01  1.014935e+00  9.414086e-02
     vertex  3.082426e-01  1.011798e+00  1.554767e-01
   endloop
 endfacet
 facet normal  5.051820e-01  6.402301e-01 -5.787025e-01
   outer loop
     vertex  2.649547e-01  9.940184e-01  7.292946e-02
     vertex  2.038720e-01  1.017386e+00  4.545939e-02
     vertex  2.627452e-01  1.014935e+00  9.414086e-02
   endloop
 endfacet
 facet normal  4.474002e-01  2.288870e-01 -8.645483e-01
   outer loop
     vertex  2.649547e-01  9.940184e-01  7.292946e-02
     vertex  2.730059e-01  9.359565e-01  6.172417e-02
     vertex  2.211558e-01  8.408654e-01  9.716838e-03
   endloop
 endfacet
 facet normal  8.559544e-01  2.098856e-01 -4.725358e-01
   outer loop
     vertex  2.649547e-01  9.940184e-01  7.292946e-02
     vertex  3.358773e-01  8.347228e-01  1.306450e-01
     vertex  2.730059e-01  9.359565e-01  6.172417e-02
   endloop
 endfacet
 facet normal  4.686886e-01  2.191650e-01 -8.557439e-01
   outer loop
     vertex  2.649547e-01  9.940184e-01  7.292946e-02
     vertex  2.211558e-01  8.408654e-01  9.716838e-03
     vertex  2.038720e-01  1.017386e+00  4.545939e-02
   endloop
 endfacet
 facet normal  8.490660e-01  2.010172e-01 -4.885479e-01
   outer loop
     vertex  2.649547e-01  9.940184e-01  7.292946e-02
     vertex  3.082426e-01  1.011798e+00  1.554767e-01
     vertex  3.358773e-01  8.347228e-01  1.306450e-01
   endloop
 endfacet
 facet normal  9.442967e-01  4.869208e-02  3.254734e-01
   outer loop
     vertex  3.364537e-01  9.147196e-01  4.691779e-01
     vertex  3.467070e-01  8.178069e-01  4.539286e-01
     vertex  3.738553e-01  8.220110e-01  3.745344e-01
   endloop
 endfacet
 facet normal  8.410662e-01  3.869845e-03  5.409184e-01
   outer loop
     vertex  3.364537e-01  9.147196e-01  4.691779e-01
     vertex  3.013208e-01  8.140331e-01  5.245260e-01
     vertex  3.467070e-01  8.178069e-01  4.539286e-01
   endloop
 endfacet
 facet normal  6.669418e-01  5.860869e-01  4.600987e-01
   outer loop
     vertex  3.263024e-01  9.734845e-01  4.668962e-01
     vertex  3.180952e-01  9.964084e-01  4.495919e-01
     vertex  2.768040e-01  9.929751e-01  5.138196e-01
   endloop
 endfacet
 facet normal  8.023877e-01  5.149641e-01  3.016390e-01
   outer loop
     vertex  3.263024e-01  9.734845e-01  4.668962e-01
     vertex  3.427940e-01  1.000233e+00  3.773611e-01
     vertex  3.180952e-01  9.964084e-01  4.495919e-01
   endloop
 endfacet
 facet normal  9.603043e-01  1.637842e-01  2.258105e-01
   outer loop
     vertex  3.263024e-01  9.734845e-01  4.668962e-01
     vertex  3.738553e-01  8.220110e-01  3.745344e-01
     vertex  3.427940e-01  1.000233e+00  3.773611e-01
   endloop
 endfacet
 facet normal  7.095315e-01  1.385516e-01  6.909186e-01
   outer loop
     vertex  3.263024e-01  9.734845e-01  4.668962e-01
     vertex  2.768040e-01  9.929751e-01  5.138196e-01
     vertex  3.013208e-01  8.140331e-01  5.245260e-01
   endloop
 endfacet
 facet normal  6.920720e-01  1.469920e-01  7.067034e-01
   outer loop
     vertex  3.263024e-01  9.734845e-01  4.668962e-01
     vertex  3.013208e-01  8.140331e-01  5.245260e-01
     vertex  3.364537e-01  9.147196e-01  4.691779e-01
   endloop
 endfacet
 facet normal  9.621518e-01  1.743399e-01  2.094504e-01
   outer loop
     vertex  3.263024e-01  9.734845e-01  4.668962e-01
     vertex  3.364537e-01  9.147196e-01  4.691779e-01
     vertex  3.738553e-01  8.220110e-01  3.745344e-01
   endloop
 endfacet
endsolid
